state_id,component,mode,atom_index,qualified,reason,failure_owner,branch_sensitive,stationarity,objective,active_amplitudes,rank,condition,minimum_singular,weighted_rank,weighted_condition,weighted_minimum_singular,weight_minimum,weight_mean,weight_underflow_count,effective_n,linear_solves,iterations,seconds
baseline-best-28,0,joint,,False,budget-exhausted,-1,False,7.027547735627415e-06,-286.9215084191765,0,336,18.908392678246397,0.12485612547976926,336,227.64964081610952,0.011918213846046381,0.0,0.8205660092839743,78,30181.605299251158,4001,4000,5762.813107292
baseline-best-28,0,frozen,0,False,reference-unverified,-1,False,8.746514029539742e-09,-79.65892475087392,0,2,2.5589190384676135,0.5147509238979635,2,1.2647269157097103,0.8771365988621501,1.6445119655196838e-13,0.8423143070137595,0,31093.84121690908,233,230,0.547160291
baseline-best-28,0,frozen,1,True,qualified,-1,False,8.380990221741734e-09,-79.75891939254771,0,2,2.2770504343490505,0.5686520335040566,2,2.0217356525710497,0.6269983712562962,1.6445119655196838e-13,0.8421582589324353,0,31086.267923257725,181,178,0.443566167
baseline-best-28,0,frozen,2,True,qualified,-1,False,8.380990221741734e-09,-79.6599499867471,0,2,2.326268451541336,0.558514343470212,2,1.2557579992810055,0.8809755242029619,1.6445119655196838e-13,0.8422827090632095,0,31091.456977419068,181,178,0.410250875
baseline-best-28,0,frozen,3,True,qualified,-1,False,8.380990221741734e-09,-79.68736210997754,0,2,2.5137496807112356,0.5227463147769671,2,1.218224437659062,0.8972903862365357,1.6445119655196838e-13,0.8423021310995404,0,31092.847800864452,181,178,0.431385375
baseline-best-28,0,frozen,4,True,qualified,-1,False,8.380990221741734e-09,-79.72138172899152,0,2,2.4379814739829353,0.5366830076982572,2,2.14843351729618,0.596774797247071,1.6445119655196838e-13,0.8421019326664505,0,31081.99859757169,181,178,0.424396083
baseline-best-28,0,frozen,5,True,qualified,-1,False,8.380990221741734e-09,-79.8046724516799,0,2,2.3930980007226514,0.5452641311467482,2,1.3666651826469889,0.8351078333829064,1.6445119655196838e-13,0.8421913021802876,0,31087.019681327645,181,178,0.449415625
baseline-best-28,0,frozen,6,True,qualified,-1,False,9.618464150625137e-09,-79.87663386317318,0,2,2.712998376118169,0.48910545165588953,2,2.045731526464427,0.6210690472493826,1.6445119655196838e-13,0.8423909505351891,0,31096.992497704647,182,179,0.476580167
baseline-best-28,0,frozen,7,True,qualified,-1,False,8.904512835890408e-09,-81.35433627246888,0,2,2.969934794089408,0.4512819023300589,2,3.8340769693753947,0.35691364323923985,1.6445119655196838e-13,0.8426983179989322,0,31113.910444609028,200,197,0.510834583
baseline-best-28,0,frozen,8,True,qualified,-1,False,8.380990221741734e-09,-80.64511644952537,0,2,2.219077238484396,0.5810270312006455,2,1.4314166990465274,0.8099152536714557,1.6445119655196838e-13,0.8418534210404761,0,31075.576612318673,181,178,0.43592275
baseline-best-28,0,frozen,9,True,qualified,-1,False,8.380990221741734e-09,-79.69402105580134,0,2,2.2033280391438916,0.5844728797279775,2,1.8017832453412217,0.6862832165391591,1.6445119655196838e-13,0.8423391055366034,0,31094.585774383577,181,178,0.427944708
baseline-best-28,0,frozen,10,True,qualified,-1,False,8.380990221741734e-09,-79.66460096142971,0,2,2.2772766667729902,0.5686046742765941,2,3.57043012629326,0.38141317411665,1.6445119655196838e-13,0.8423273807194512,0,31094.90184153774,181,178,0.423974833
baseline-best-28,0,frozen,11,True,qualified,-1,False,8.380990221741734e-09,-79.83204311461611,0,2,2.556069576649481,0.515248624808728,2,2.301870024813716,0.563498533276281,1.6445119655196838e-13,0.8422626421457082,0,31090.522082159772,181,178,0.474576375
baseline-best-28,0,frozen,12,True,qualified,-1,False,8.380990221741734e-09,-79.70342423384503,0,2,2.346346103745173,0.5544724811059433,2,2.4645394010213484,0.5317210675717025,1.6445119655196838e-13,0.8422505695463429,0,31089.719329933152,181,178,0.412285542
baseline-best-28,0,frozen,13,True,qualified,-1,False,8.380990221741734e-09,-79.66797124252452,0,2,2.298646286385507,0.5641631213285341,2,2.176363583074364,0.5904583743611695,1.6445119655196838e-13,0.8423045913489963,0,31093.190700745086,181,178,0.420425291
baseline-best-28,0,frozen,14,True,qualified,-1,False,8.380990221741734e-09,-79.96070258042279,0,2,2.3965772000165018,0.5445900065216217,2,1.9280936287914792,0.6511139050726179,1.6445119655196838e-13,0.8425930388923096,0,31109.108857344112,181,178,0.522452833
baseline-best-28,0,frozen,15,True,qualified,-1,False,8.380990221741734e-09,-79.90839960301594,0,2,2.397775375664602,0.5443582018874803,2,3.4235587200612976,0.3965140361785406,1.6445119655196838e-13,0.8431251703395398,0,31133.297957983195,181,178,0.429522292
baseline-best-28,0,frozen,16,True,qualified,-1,False,8.380990221741734e-09,-79.9555077839641,0,2,2.4300049876710026,0.5381898945507639,2,2.9286816263995634,0.4569790200269857,1.6445119655196838e-13,0.8426204136756978,0,31108.728956102896,181,178,0.419456875
baseline-best-28,0,frozen,17,True,qualified,-1,False,8.380990221741734e-09,-79.79484938103836,0,2,2.4200863528632293,0.5400745197937925,2,2.3285029416382446,0.5580618713892902,1.6445119655196838e-13,0.8422760951469734,0,31091.30257047914,181,178,0.453518
baseline-best-28,0,frozen,18,True,qualified,-1,False,8.380990221741734e-09,-79.75360588328714,0,2,2.4549920098934894,0.5334951318539858,2,2.4435015007104863,0.535644703155664,1.6445119655196838e-13,0.8421131316679548,0,31085.085998720835,181,178,0.463915917
baseline-best-28,0,frozen,19,True,qualified,-1,False,8.380990221741734e-09,-79.72890492484183,0,2,2.2665439263984086,0.5708593300785985,2,2.3379586897772877,0.5561544807146507,1.6445119655196838e-13,0.8422171623105501,0,31089.810571879672,181,178,0.679478375
baseline-best-28,0,frozen,20,True,qualified,-1,False,8.380990221741734e-09,-79.72920342320856,0,2,2.2288262519960615,0.5789122331020486,2,1.5091598041770045,0.7811590217099591,1.6445119655196838e-13,0.8425160399421607,0,31106.105870030464,181,178,0.405028458
baseline-best-28,0,frozen,21,True,qualified,-1,False,8.380990221741734e-09,-79.79155614372121,0,2,2.2848067974496953,0.5670323838713645,2,1.4645410106330907,0.7974673898360102,1.6445119655196838e-13,0.8419917020947519,0,31075.918336980034,181,178,0.401341291
baseline-best-28,0,frozen,22,True,qualified,-1,False,8.380990221741734e-09,-79.65397353164701,0,2,2.5285766721119227,0.5200966850244967,2,1.5624563648026084,0.7623521517352448,1.6445119655196838e-13,0.8422507882429164,0,31090.53807135035,181,178,0.414014083
baseline-best-28,0,frozen,23,True,qualified,-1,False,8.380990221741734e-09,-79.94913995669782,0,2,2.2699888143334297,0.570133895894287,2,1.9834096290840715,0.6366770874584946,1.6445119655196838e-13,0.8426947105719699,0,31112.841974062456,181,178,0.416238125
baseline-best-28,0,frozen,24,True,qualified,-1,False,8.380990221741734e-09,-79.69209931048799,0,2,2.4391736991627333,0.5364584407927605,2,3.75278350245234,0.3641376656343282,1.6445119655196838e-13,0.8422514907514066,0,31089.64654839406,181,178,0.410341625
baseline-best-28,0,frozen,25,True,qualified,-1,False,8.564235115354979e-09,-79.88337725875488,0,2,2.381505511295918,0.5475213051148571,2,1.8368963343318399,0.6761861457108516,1.6445119655196838e-13,0.8424681706504132,0,31099.866208634765,239,236,0.549512333
baseline-best-28,0,frozen,26,True,qualified,-1,False,8.380990221741734e-09,-80.09706830027793,0,2,2.34313852444181,0.5551146310680555,2,2.415471853062277,0.5409554345315482,1.6445119655196838e-13,0.8425546709264651,0,31104.984610256128,181,178,0.407000042
baseline-best-28,0,frozen,27,True,qualified,-1,False,8.380990221741734e-09,-81.44137873637222,0,2,2.3888028662083776,0.5460984537982665,2,4.438647170646801,0.3108230086224704,1.6445119655196838e-13,0.8419872548677274,0,31076.307153939393,181,178,0.407959416
baseline-best-28,0,frozen,28,True,qualified,-1,False,8.380990221741734e-09,-80.35700837871998,0,2,2.5158637542643123,0.5223670043725445,2,2.2984830862661787,0.5641968035074467,1.6445119655196838e-13,0.8424217356724695,0,31098.250227949662,181,178,0.419301042
baseline-best-28,0,frozen,29,True,qualified,-1,False,8.380990221741734e-09,-80.46651709068406,0,2,2.5524974017250655,0.5158738151022494,2,2.5156086961898416,0.5224127403988227,1.6445119655196838e-13,0.8423308471958587,0,31092.614942681055,181,178,0.404297541
baseline-best-28,0,frozen,30,True,qualified,-1,False,8.380990221741734e-09,-79.72101304787608,0,2,2.252992538974458,0.573729254420278,2,1.4097147589806436,0.8182309273117085,1.6445119655196838e-13,0.8422252661245095,0,31088.991012947936,181,178,0.438537041
baseline-best-28,0,frozen,31,True,qualified,-1,False,8.380990221741734e-09,-80.37195128140267,0,2,2.2083644500259796,0.5833669552156961,2,1.22018005080991,0.8964303771767355,1.6445119655196838e-13,0.8420062286124962,0,31079.15292965016,181,178,0.411023375
baseline-best-28,0,frozen,32,True,qualified,-1,False,8.380990221741734e-09,-79.67591699873273,0,2,2.2962441143337835,0.5646592632900748,2,1.2758459938038098,0.8724092234936476,1.6445119655196838e-13,0.8423167160471682,0,31093.62907301386,181,178,0.426040333
baseline-best-28,0,frozen,33,True,qualified,-1,False,8.380990221741734e-09,-79.65300975202433,0,2,2.4311359904992225,0.5379757587530302,2,1.2738682991968655,0.8732474803046586,1.6445119655196838e-13,0.842288456499814,0,31092.25126538718,181,178,0.420118042
baseline-best-28,0,frozen,34,True,qualified,-1,False,8.380990221741734e-09,-79.96240590297865,0,2,2.2988904205577625,0.5641127423112499,2,2.0178490311052952,0.6279681102171591,1.6445119655196838e-13,0.842155104871121,0,31084.79054146338,181,178,0.414109
baseline-best-28,0,frozen,35,True,qualified,-1,False,8.380990221741734e-09,-81.08844433906323,0,2,2.2570753718832486,0.5728618534158811,2,1.601375625663919,0.7490685149619418,1.6445119655196838e-13,0.8422140828552591,0,31088.726236580438,181,178,0.432147958
baseline-best-28,0,frozen,36,True,qualified,-1,False,8.380990221741734e-09,-81.63014440220306,0,2,2.365847832508717,0.5505971877446083,2,2.7169686214348685,0.4884760568884705,1.6445119655196838e-13,0.8423213591140986,0,31095.699310828604,181,178,0.412473833
baseline-best-28,0,frozen,37,True,qualified,-1,False,8.380990221741734e-09,-80.32106347114802,0,2,2.354128360857774,0.5529200926380816,2,1.496232665854409,0.7858303896708484,1.6445119655196838e-13,0.8423062623990304,0,31093.925666228028,181,178,0.427074208
baseline-best-28,0,frozen,38,True,qualified,-1,False,8.380990221741734e-09,-80.64201221441142,0,2,2.4559821168714553,0.5333106490697779,2,3.6575513989231543,0.37296712889226613,1.6445119655196838e-13,0.8422958307345578,0,31093.46511875944,181,178,0.429211708
baseline-best-28,0,frozen,39,True,qualified,-1,False,8.380990221741734e-09,-80.42206594330088,0,2,2.459871660314516,0.532587057019385,2,2.1580964809427456,0.5945759059439198,1.6445119655196838e-13,0.8423511680937781,0,31096.07915044898,181,178,0.4156245
baseline-best-28,0,frozen,40,True,qualified,-1,False,8.380990221741734e-09,-79.65903801132788,0,2,2.2797395333180934,0.5680895615636867,2,1.8954373919443979,0.6599055290454441,1.6445119655196838e-13,0.8423041909894801,0,31092.913011871045,181,178,0.39444775
baseline-best-28,0,frozen,41,True,qualified,-1,False,8.380990221741734e-09,-79.67328838208452,0,2,2.1995583505599496,0.5853031139887892,2,2.1873553873447382,0.588005244399568,1.6445119655196838e-13,0.84237682403156,0,31096.192920895486,181,178,0.403225792
baseline-best-28,0,frozen,42,True,qualified,-1,False,8.380990221741734e-09,-79.6597072472441,0,2,2.2793489843297334,0.5681711892665419,2,1.866036573641292,0.6679971207520523,1.6314085331301838e-13,0.8422741204188828,0,31092.17474947721,181,178,0.418235167
baseline-best-28,0,frozen,43,True,qualified,-1,False,8.380990221741734e-09,-79.6541536518547,0,2,2.374014382354938,0.5489889868100952,2,1.5019283367278444,0.7837668489910286,1.6447043765587728e-13,0.8422871058109157,0,31092.28129646011,181,178,0.414043083
baseline-best-28,0,frozen,44,True,qualified,-1,False,8.380990221741734e-09,-79.74129588421374,0,2,2.3268705618857695,0.5583923538687124,2,3.5001575887586838,0.3884981728168016,1.6445119655196838e-13,0.8425797746250695,0,31107.485069753693,181,178,0.402155667
baseline-best-28,0,frozen,45,True,qualified,-1,False,8.380990221741734e-09,-79.73342877233081,0,2,2.424497256692291,0.5392349216515249,2,2.235596434357528,0.5774517451685933,1.6445119655196838e-13,0.8421315553309828,0,31082.44519381887,181,178,0.391600375
baseline-best-28,0,frozen,46,True,qualified,-1,False,8.380990221741734e-09,-79.75799010340049,0,2,2.5358316276736446,0.5188092041669166,2,1.8311512280528914,0.677820870035777,1.6445119655196838e-13,0.8421410534292887,0,31083.08276591839,181,178,0.481624542
baseline-best-28,0,frozen,47,True,qualified,-1,False,8.380990221741734e-09,-79.75894006623201,0,2,2.576130846216694,0.5117634172421764,2,3.1671504571230233,0.4258049104294596,1.6445119655196838e-13,0.8422361823764384,0,31088.693340245303,181,178,0.413332541
baseline-best-28,0,frozen,48,True,qualified,-1,False,8.380990221741734e-09,-79.6558269822806,0,2,2.203476099837175,0.5844403140345469,2,1.2176013506915673,0.8975646276324359,1.0978251430146207e-13,0.8422818918047931,0,31092.024283754894,181,178,0.395821667
baseline-best-28,0,frozen,49,True,qualified,-1,False,8.380990221741734e-09,-79.80761445869727,0,2,2.1995642644475635,0.5853018098608614,2,1.8611596295959973,0.6693558009490962,1.0214068306320125e-10,0.8426814930258449,0,31109.93244058583,181,178,0.381908292
baseline-best-28,0,frozen,50,True,qualified,-1,False,8.380990221741734e-09,-79.94990816063232,0,2,2.247241754006235,0.5749550366806176,2,2.213402598149947,0.5822644016422922,5.067996010324854e-24,0.8431031728523939,0,31130.997331782248,181,178,0.431101792
baseline-best-28,0,frozen,51,True,qualified,-1,False,8.380990221741734e-09,-79.65795426354886,0,2,2.454599934952379,0.5335682180085326,2,2.147092083461393,0.5970811990861644,4.016319370477842e-14,0.8422345119215816,0,31089.59108016026,181,178,0.407264875
baseline-best-28,0,frozen,52,True,qualified,-1,False,8.380990221741734e-09,-80.17370063253503,0,2,2.3028326005725788,0.5633003688249831,2,3.020239925069022,0.44451361383990956,8.773846197767489e-21,0.8425033203225907,0,31104.516075178264,181,178,0.4081915
baseline-best-28,0,frozen,53,True,qualified,-1,False,8.380990221741734e-09,-79.90922944969364,0,2,2.3937650024735353,0.545134775853653,2,2.441658269707845,0.5359910011641339,1.5749123434694192e-17,0.8423436129181644,0,31094.35828963238,181,178,0.401851291
baseline-best-28,0,frozen,54,True,qualified,-1,False,8.380990221741734e-09,-80.77906268893165,0,2,2.4622837183316637,0.5321392335290422,2,3.7327914802951283,0.3659576396234224,4.632423825436009e-13,0.8426838419711551,0,31112.912369963862,181,178,0.403035417
baseline-best-28,0,frozen,55,True,qualified,-1,False,8.380990221741734e-09,-79.67131248881371,0,2,2.5589185446295035,0.5147510100771965,2,2.2059828895984883,0.5838894437272012,1.4120253400561124e-13,0.842359062559906,0,31095.73418653148,181,178,0.409225208
baseline-best-28,0,frozen,56,True,qualified,-1,False,8.380990221741734e-09,-79.6612114932623,0,2,2.6032993191557936,0.5071124533850017,2,2.549040210730128,0.5164802164563882,1.1976544822483146e-13,0.8422460655305333,0,31090.297836677488,181,178,0.407984708
baseline-best-28,0,frozen,57,True,qualified,-1,False,8.380990221741734e-09,-79.74168211170024,0,2,2.181726541922356,0.5892591955710833,2,1.8023339393536668,0.6861228893449378,1.1099451110528757e-12,0.8424156045932447,0,31097.1748994609,181,178,0.415311416
baseline-best-28,0,frozen,58,True,qualified,-1,False,8.380990221741734e-09,-79.71550875380896,0,2,2.1510737943275426,0.5961725403163409,2,1.7419696573179995,0.7040806080477966,1.6445119655196838e-13,0.8421917949899841,0,31087.681515781038,181,178,0.395447667
baseline-best-28,0,frozen,59,True,qualified,-1,False,8.380990221741734e-09,-80.26181321786396,0,2,2.327868192969124,0.5581903368535153,2,4.037951716966805,0.33996054559101485,1.6445119655196838e-13,0.8420614193597853,0,31084.28492696395,181,178,0.398343
baseline-best-28,0,frozen,60,True,qualified,-1,False,8.380990221741734e-09,-79.83116652269216,0,2,2.356401806733458,0.5524680819252948,2,3.4829866265497134,0.3902679243185002,1.6445119655196838e-13,0.8420225807557351,0,31079.902806995306,181,178,0.40156225
baseline-best-28,0,frozen,61,True,qualified,-1,False,8.380990221741734e-09,-79.67189177959297,0,2,2.3689874489582787,0.5499779031801094,2,1.715840075985357,0.7120994403535318,1.6445119655196838e-13,0.8420895832196603,0,31083.416363015138,181,178,0.40098
baseline-best-28,0,frozen,62,True,qualified,-1,False,8.380990221741734e-09,-79.65340114004708,0,2,2.453173803546221,0.533834216155181,2,2.176378616760783,0.590455006667459,1.6445119655196838e-13,0.8422585411894016,0,31090.37569366589,181,178,0.396379417
baseline-best-28,0,frozen,63,True,qualified,-1,False,8.380990221741734e-09,-79.71420956720252,0,2,2.4448173445593633,0.5353977390147843,2,3.6146573516034652,0.37708007535402627,1.6445119655196838e-13,0.8422222037156287,0,31089.17536824696,181,178,0.503705
baseline-best-28,0,frozen,64,True,qualified,-1,False,8.380990221741734e-09,-79.65974392376687,0,2,2.564645679467447,0.5137533623350587,2,3.5255933053944686,0.385904722636617,1.6445119655196838e-13,0.842260082925607,0,31090.447809241658,181,178,0.422450166
baseline-best-28,0,frozen,65,True,qualified,-1,False,8.380990221741734e-09,-79.65359834936429,0,2,2.7487165008795222,0.483496975722649,2,2.370094455801116,0.5497598502580862,1.6445119655196838e-13,0.8422950853160661,0,31092.669304441653,181,178,0.406283917
baseline-best-28,0,frozen,66,True,qualified,-1,False,8.380990221741734e-09,-79.9253060670515,0,2,2.2057363595570374,0.5839435777110633,2,1.8926951293266354,0.6606531079201167,1.6445119655196838e-13,0.8424713277153283,0,31102.900414709376,181,178,0.395934667
baseline-best-28,0,frozen,67,True,qualified,-1,True,8.380990221741734e-09,-79.6832443593359,0,2,2.1856057457465203,0.5883945040680912,2,1.6153038229316703,0.7444047505592761,1.6445119655196838e-13,0.8433137058718135,0,31140.72207198439,262,259,0.584986083
baseline-best-28,0,frozen,68,True,qualified,-1,False,8.380990221741734e-09,-79.67437616916415,0,2,2.2486795675827382,0.5746481238182117,2,1.8156471942827426,0.682266131154341,1.6445119655196838e-13,0.8421864034293016,0,31086.38524231591,181,178,0.405408583
baseline-best-28,0,frozen,69,True,qualified,-1,False,8.380990221741734e-09,-79.73740052724004,0,2,2.4524864623573004,0.5339625040253632,2,1.6661595433255803,0.7277696931084109,1.6445119655196838e-13,0.8421172436275357,0,31083.218108290857,181,178,0.406327209
baseline-best-28,0,frozen,70,True,qualified,-1,False,8.380990221741734e-09,-79.65905478872112,0,2,2.375752263284809,0.5486478581101063,2,2.262765649753429,0.5716568884521527,1.6445119655196838e-13,0.8423177751905432,0,31094.212136056965,181,178,0.461722125
baseline-best-28,0,frozen,71,True,qualified,-1,False,8.380990221741734e-09,-79.65342974739775,0,2,2.7416370493634954,0.4845990328514212,2,2.6959163259330987,0.4918307606226912,1.6445119655196838e-13,0.8422604507940632,0,31090.64416707663,181,178,0.415960583
baseline-best-28,0,frozen,72,True,qualified,-1,False,8.380990221741734e-09,-79.66922702374046,0,2,2.178502353242983,0.5899796138538614,2,1.4772458108916677,0.792770527860908,1.6445119655196838e-13,0.842375823836473,0,31097.453987309756,181,178,0.401838458
baseline-best-28,0,frozen,73,True,qualified,-1,False,8.380990221741734e-09,-79.7545264160742,0,2,2.147268529568306,0.5970408803604271,2,1.4786269083248287,0.7922625147269431,1.6445119655196838e-13,0.842183665557695,0,31086.89473311323,181,178,0.409227208
baseline-best-28,0,frozen,74,True,qualified,-1,False,8.380990221741734e-09,-79.8030221116445,0,2,2.304227976896562,0.5630133282214035,2,2.0415944234800896,0.6220842648091434,1.6445119655196838e-13,0.842166950911411,0,31086.97440254143,181,178,0.42490175
baseline-best-28,0,frozen,75,True,qualified,-1,False,8.380990221741734e-09,-79.69526084139923,0,2,2.4370240203048072,0.5368634778743573,2,1.6087970010842465,0.7465776682458517,1.6445119655196838e-13,0.842151262750626,0,31085.018622161504,181,178,0.396265583
baseline-best-28,0,frozen,76,True,qualified,-1,False,8.380990221741734e-09,-79.66381075178745,0,2,2.3275874021965386,0.5582471826438998,2,1.8855109941906658,0.6626185274001921,1.6445119655196838e-13,0.8421894557095939,0,31087.45412273494,181,178,0.411720125
baseline-best-28,0,frozen,77,True,qualified,-1,False,8.380990221741734e-09,-79.66183544785801,0,2,2.4929546357053107,0.5265045914218547,2,1.4436773894675796,0.8052735255047451,1.6445119655196838e-13,0.8422930161569366,0,31092.723013958934,181,178,0.402167208
baseline-best-28,0,frozen,78,True,qualified,-1,False,8.380990221741734e-09,-80.06542259264222,0,2,2.546245560680379,0.516971368790248,2,3.8202666077484904,0.3581212967245469,1.6445119655196838e-13,0.8424340487975331,0,31101.695799495188,181,178,0.395784
baseline-best-28,0,frozen,79,True,qualified,-1,False,8.380990221741734e-09,-79.85747268069333,0,2,2.2365763801116745,0.5772408970156303,2,1.887971113511737,0.6619443626923328,1.6445119655196838e-13,0.8427064374839806,0,31116.797369367872,181,178,0.403178292
baseline-best-28,0,frozen,80,True,qualified,-1,False,8.380990221741734e-09,-79.66991421404025,0,2,2.211820231867427,0.5826102850535011,2,1.9900740654003979,0.6349753654186425,1.6445119655196838e-13,0.8423938656365445,0,31098.190587537916,181,178,0.397453792
baseline-best-28,0,frozen,81,True,qualified,-1,False,8.380990221741734e-09,-79.94241590079027,0,2,2.25278496318416,0.5737734173197488,2,3.6633854360450826,0.37241438843809327,1.6445119655196838e-13,0.8419451202704699,0,31072.999685585928,181,178,0.385852125
baseline-best-28,0,frozen,82,True,qualified,-1,False,8.380990221741734e-09,-79.65536927509578,0,2,2.436720738292027,0.536920666599414,2,2.3001899749794434,0.5638447060234254,1.6445119655196838e-13,0.8422412025775999,0,31089.602429001334,181,178,0.420252042
baseline-best-28,0,frozen,83,True,qualified,-1,False,8.380990221741734e-09,-80.73938095934113,0,2,2.306538997050315,0.5625385144751629,2,3.5506023581020787,0.3833869822779154,1.6445119655196838e-13,0.842044454014359,0,31086.405449581613,181,178,0.396962834
baseline-best-28,0,frozen,84,True,qualified,-1,False,8.380990221741734e-09,-79.67820711036993,0,2,2.2520574734806136,0.5739282431766274,2,2.140686312153761,0.5985482401663529,1.6445119655196838e-13,0.8425247972472947,0,31105.965565866634,181,178,0.392821625
baseline-best-28,0,frozen,85,True,qualified,-1,False,8.380990221741734e-09,-79.74310612231635,0,2,2.3805843971571283,0.5477013862986753,2,2.2575803522689677,0.5727547342847383,1.6445119655196838e-13,0.8425711336510798,0,31107.974734105985,181,178,0.395910792
baseline-best-28,0,frozen,86,True,qualified,-1,False,8.380990221741734e-09,-79.73888197451018,0,2,2.416570248627625,0.5407455110127917,2,2.4870892150720607,0.5275736462984041,1.6445119655196838e-13,0.842536651017792,0,31106.788302632955,181,178,0.401171584
baseline-best-28,0,frozen,87,True,qualified,-1,False,8.380990221741734e-09,-79.73293782903991,0,2,2.389411284565285,0.5459801279573862,2,1.7983563507538007,0.6872823369278229,1.6445119655196838e-13,0.8424574938800438,0,31101.580936876457,212,209,0.483650833
baseline-best-28,0,frozen,88,True,qualified,-1,False,8.380990221741734e-09,-79.76319686353798,0,2,2.3320846626438816,0.5573379792985257,2,2.185416129383606,0.5884367175677172,1.6445119655196838e-13,0.8423801064133241,0,31097.368618393226,181,178,0.395524833
baseline-best-28,0,frozen,89,True,qualified,-1,False,8.380990221741734e-09,-79.81996090087031,0,2,2.4003477068677506,0.543861154894451,2,3.9048888362899237,0.3508431056922586,1.6445119655196838e-13,0.8422934137784953,0,31092.99714031336,181,178,0.426133334
baseline-best-28,0,frozen,90,True,qualified,-1,False,8.380990221741734e-09,-79.72608606922522,0,2,2.676481740645387,0.49496597927119285,2,2.2955882236751615,0.5647948675308134,1.6445119655196838e-13,0.842311461662184,0,31093.668477456507,181,178,0.40813775
baseline-best-28,0,frozen,91,True,qualified,-1,False,8.380990221741734e-09,-79.90346881868878,0,2,2.211443738364211,0.5826926356722273,2,2.1457817675234145,0.5973807640999765,1.6445119655196838e-13,0.8422929678045717,0,31092.154674346366,181,178,0.395627792
baseline-best-28,0,frozen,92,True,qualified,-1,False,7.831471513426856e-09,-79.73887314060042,0,2,2.1543028280091074,0.5954374582449247,2,1.645850485534094,0.7343395110680735,1.6445119655196838e-13,0.8418932907460606,0,31074.1887312266,179,176,0.400390291
baseline-best-28,0,frozen,93,True,qualified,-1,False,8.381247377149812e-09,-79.66943447150179,0,2,2.288208671486625,0.5663246486433198,2,2.1667254344798352,0.5926245066157069,1.6445119655196838e-13,0.8422843746690724,0,31092.13068291708,181,178,0.400794542
baseline-best-28,0,frozen,94,True,qualified,-1,False,8.380990221741734e-09,-80.42379592677933,0,2,2.412456996418191,0.541532395414535,2,3.941918486100422,0.34774751303571416,1.6445119655196838e-13,0.8421049405729123,0,31080.914579890774,181,178,0.392128291
baseline-best-28,0,frozen,95,True,qualified,-1,False,8.113177574078499e-09,-79.81699756264982,0,2,2.3321166899042103,0.5573315140466609,2,2.8551795446358335,0.46747221211076795,1.6445119655196838e-13,0.842947111692728,0,31118.717100488495,163,160,0.362154791
baseline-best-28,0,frozen,96,True,qualified,-1,False,9.104854551329887e-09,-79.67540774041242,0,2,2.2599323357476186,0.5722562947125631,2,2.0490205031491873,0.6202640339668163,1.6445119655196838e-13,0.8427639632236499,0,31110.83339725462,192,189,0.422967792
baseline-best-28,0,frozen,97,True,qualified,-1,False,8.263792109415711e-09,-79.65355087276967,0,2,2.334259981387587,0.5568991632579151,2,2.1531785905083565,0.5956932047315866,1.6445119655196838e-13,0.8422837623585873,0,31091.80197069079,187,184,0.42582075
baseline-best-28,0,frozen,98,True,qualified,-1,False,8.113177574078499e-09,-79.78737738855719,0,2,2.1743884199395676,0.5909011293239964,2,1.898173177782397,0.6591611659147352,1.6445119655196838e-13,0.8433756867713563,0,31141.285835376086,166,163,0.374469125
baseline-best-28,0,frozen,99,True,qualified,-1,False,8.113177574078499e-09,-79.65930055163571,0,2,2.353915371619615,0.5529624740288565,2,2.28674565706086,0.5666288222680627,1.6445119655196838e-13,0.8422738586074184,0,31091.86356351854,163,160,0.340295583
baseline-best-28,0,frozen,100,True,qualified,-1,False,8.262712916177896e-09,-79.69256944216245,0,2,2.188707861224748,0.5877046623961627,2,1.7513132510309077,0.701249676179224,1.4592996854674747e-13,0.8420740164547041,0,31080.543782881017,211,208,0.486510333
baseline-best-28,0,frozen,101,True,qualified,-1,False,8.113177574078499e-09,-80.69315333338176,0,2,2.354821728455948,0.5527821647053892,2,3.064556553629029,0.43870818111801285,1.6445119655196838e-13,0.8427727599079101,0,31118.98889805896,163,160,0.371182083
baseline-best-28,0,frozen,102,True,qualified,-1,False,9.272762766439478e-09,-79.70857824892566,0,2,2.382493590713911,0.5473282519794005,2,1.7477034226642343,0.702341125568597,1.6445119655196838e-13,0.8421046201868674,0,31083.481077449673,163,160,0.3778895
baseline-best-28,0,frozen,103,True,qualified,-1,False,8.875081711686015e-09,-80.10751782242684,0,2,2.427825351219298,0.5386030113503093,2,3.7403257040036544,0.3652697055373672,1.6445119655196838e-13,0.8430020666921662,0,31128.89490124462,201,198,0.445878875
baseline-best-28,0,frozen,104,True,qualified,-1,False,9.434001816328995e-09,-79.72385986288556,0,2,2.4028703202062296,0.5433745192484641,2,2.7011125550231574,0.49099875358361594,1.6445119655196838e-13,0.842086902945568,0,31082.330218003728,185,182,0.411073167
baseline-best-28,0,frozen,105,True,qualified,-1,False,8.380990221741734e-09,-79.65982078364566,0,2,2.1827027393699607,0.5890413827734797,2,1.6550380204790185,0.7313554543812784,1.6445119655196838e-13,0.842300350829354,0,31092.999895188943,181,178,0.382187292
baseline-best-28,0,frozen,106,True,qualified,-1,False,8.380990221741734e-09,-80.87329048906818,0,2,2.2036132394686794,0.5844101533136162,2,3.498912744907259,0.38862595679848855,1.6445119655196838e-13,0.8427719864294054,0,31116.44160647424,181,178,0.3815005
baseline-best-28,0,frozen,107,True,qualified,-1,False,8.380990221741734e-09,-79.88364002636364,0,2,2.288199335974954,0.5663265886422744,2,1.8882212217560128,0.6618758897175858,1.6445119655196838e-13,0.8422519640461023,0,31092.322670446236,181,178,0.41802825
baseline-best-28,0,frozen,108,True,qualified,-1,False,8.380990221741734e-09,-79.68740031904089,0,2,2.4811157064178606,0.5286665102822626,2,1.6258944378387339,0.7408898765571947,1.6445119655196838e-13,0.8422091000258284,0,31088.738148606164,181,178,0.407421417
baseline-best-28,0,frozen,109,True,qualified,-1,False,8.380990221741734e-09,-79.81872851328855,0,2,2.2716010705245755,0.5697949540816688,2,2.2646500127810123,0.5712588660488964,1.6445119655196838e-13,0.8421658927440812,0,31087.258563921474,181,178,0.397543916
baseline-best-28,0,frozen,110,True,qualified,-1,False,8.380990221741734e-09,-79.67741194014262,0,2,2.430934380276372,0.538013918731884,2,2.682226026770682,0.49403543694678337,1.6445119655196838e-13,0.8420155380044015,0,31080.067823961326,181,178,0.404624791
baseline-best-28,0,frozen,111,True,qualified,-1,False,8.380990221741734e-09,-79.66110969353088,0,2,2.5995557947043326,0.5077486508150666,2,2.18671582191608,0.5881474812071265,1.6445119655196838e-13,0.8422674495268926,0,31091.49727050229,181,178,0.414771958
baseline-best-28,0,frozen,112,True,qualified,-1,False,8.380990221741734e-09,-79.69715723549487,0,2,2.5741656665952988,0.5121028972280918,2,3.2436142934806655,0.41664797426010575,1.6445119655196838e-13,0.8425335242612777,0,31105.984671997623,181,178,0.393227458
baseline-best-28,0,frozen,113,True,qualified,-1,False,8.380990221741734e-09,-79.73690214742273,0,2,2.1997248769497433,0.585266393654064,2,1.3286445195008054,0.8504409515940163,1.6445119655196838e-13,0.842113764262496,0,31084.231358835557,181,178,0.399902833
baseline-best-28,0,frozen,114,True,qualified,-1,False,8.380990221741734e-09,-79.6630166297076,0,2,2.1865702956383544,0.5881798542782531,2,2.1744443379373095,0.5908885865106555,1.6445119655196838e-13,0.8422167658107905,0,31088.98329659309,181,178,0.398508625
baseline-best-28,0,frozen,115,True,qualified,-1,False,8.380990221741734e-09,-80.00237741599405,0,2,2.303361139372143,0.5631916127807709,2,3.0443070832814745,0.44134293485549014,1.6445119655196838e-13,0.8432122913855276,0,31135.326022966703,181,178,0.418886834
baseline-best-28,0,frozen,116,True,qualified,-1,False,8.380990221741734e-09,-79.76639443067585,0,2,2.4257492920050887,0.5389970366983341,2,2.4822599371342693,0.5284568492384244,1.6445119655196838e-13,0.8422995718527262,0,31091.840653291198,181,178,0.402143458
baseline-best-28,0,frozen,117,True,qualified,-1,False,8.380990221741734e-09,-79.69044775112584,0,2,2.313073492582687,0.5611998798331073,2,1.7546919573679582,0.7002306775305558,1.6445119655196838e-13,0.8421725864729934,0,31086.205392864435,181,178,0.42109725
baseline-best-28,0,frozen,118,True,qualified,-1,False,8.380990221741734e-09,-79.69251893441363,0,2,2.391940777214683,0.5454886908003138,2,3.046947078391004,0.4409977365719394,1.6445119655196838e-13,0.8422092731609613,0,31088.242825757214,181,178,0.466956417
baseline-best-28,0,frozen,119,True,qualified,-1,False,8.380990221741734e-09,-79.65735169133923,0,2,2.4371970757582098,0.5368308504709625,2,2.393383689278149,0.5452087191453457,1.6445119655196838e-13,0.8423316419187417,0,31094.809220432428,181,178,0.399581958
baseline-best-28,0,frozen,120,True,qualified,-1,False,8.380990221741734e-09,-79.67350334474057,0,2,2.6474427142172643,0.49972045570173634,2,2.3465733624607616,0.5544270356722637,1.6445119655196838e-13,0.8423677338404845,0,31097.270570266857,181,178,0.409093542
baseline-best-28,0,frozen,121,True,qualified,-1,False,8.380990221741734e-09,-79.67732271941097,0,2,2.5673402504884795,0.5132852121496833,2,3.4832981786535555,0.39023567603028486,1.6445119655196838e-13,0.8423403645870856,0,31095.556292902733,181,178,0.391442875
baseline-best-28,0,frozen,122,True,qualified,-1,False,8.380990221741734e-09,-79.72308376906618,0,2,2.2283315983644583,0.579019202059633,2,2.1053122350735,0.6067664253340354,1.6445119655196838e-13,0.8422157025060386,0,31089.162706920964,181,178,0.410885167
baseline-best-28,0,frozen,123,True,qualified,-1,False,8.380990221741734e-09,-79.99298224093393,0,2,2.252737007229298,0.5737836210864227,2,2.049592933812717,0.6201241130370393,1.6445119655196838e-13,0.8430004817496508,0,31125.169264493743,181,178,0.419127958
baseline-best-28,0,frozen,124,True,qualified,-1,False,8.380990221741734e-09,-79.76756876908027,0,2,2.307597195960715,0.5623213429086712,2,2.197184252263579,0.5858270703401927,1.6445119655196838e-13,0.8422602705897241,0,31091.056283330563,181,178,0.412086375
baseline-best-28,0,frozen,125,True,qualified,-1,False,8.380990221741734e-09,-79.70178717103761,0,2,2.3970076868479024,0.5445067017944721,2,3.5416395582027334,0.38428566059929653,1.6445119655196838e-13,0.842281047190288,0,31092.082590094644,181,178,0.406122833
baseline-best-28,0,frozen,126,True,qualified,-1,False,8.380990221741734e-09,-80.98771393792497,0,2,2.4247370608797345,0.539189344318672,2,2.0061723041039845,0.6308974162229903,1.1758484766615782e-36,0.8421437987058377,0,31086.58282311138,181,178,0.388811208
baseline-best-28,0,frozen,127,False,budget-exhausted,-1,False,3.951945860424537e-07,-83.9792888100826,0,2,2.9585402721777414,0.4528420671835949,2,5.13800848854241,0.2701758967460213,1.6445119655196838e-13,0.8415328843385098,0,31056.3321204974,4001,4000,31.77816625
baseline-best-28,0,frozen,128,True,qualified,-1,False,8.380990221741734e-09,-79.88669171464359,0,2,2.202571948537385,0.5846392313192768,2,1.7148109390585535,0.7124183762023164,1.6445119655196838e-13,0.8422965463579144,0,31091.509296006745,181,178,0.413940959
baseline-best-28,0,frozen,129,True,qualified,-1,False,8.380990221741734e-09,-79.83103330580205,0,2,2.2567754958965947,0.5729254818107996,2,2.5051369766821137,0.5242968756400632,1.6445119655196838e-13,0.841976914635871,0,31076.996925607156,181,178,0.576897833
baseline-best-28,0,frozen,130,True,qualified,-1,False,8.380990221741734e-09,-79.7030027335928,0,2,2.25573585422705,0.5731461741665571,2,2.25804296785849,0.5726566335063407,1.6445119655196838e-13,0.8424047992842864,0,31099.757593798415,181,178,0.502326791
baseline-best-28,0,frozen,131,True,qualified,-1,False,8.380990221741734e-09,-79.75892612775743,0,2,2.3905021727343763,0.5457680879908785,2,1.285240857972214,0.8684423753475813,1.6445119655196838e-13,0.8422909869228735,0,31094.96705987797,181,178,0.436544042
baseline-best-28,0,frozen,132,True,qualified,-1,False,8.380990221741734e-09,-79.68255978291066,0,2,2.539113604324252,0.5182287064775853,2,1.363771619985805,0.8362605729348579,1.6445119655196838e-13,0.8423945327173189,0,31097.99729290848,181,178,0.451090542
baseline-best-28,0,frozen,133,True,qualified,-1,False,8.380990221741734e-09,-80.67802949546606,0,2,2.233559330458128,0.5778904986013667,2,1.4909983449560462,0.7877342349630942,1.6445119655196838e-13,0.8431539784341704,0,31141.410099698678,181,178,0.415179
baseline-best-28,0,frozen,134,True,qualified,-1,False,8.380990221741734e-09,-79.93576013470215,0,2,2.1680379133263328,0.5923286976916781,2,2.026037223554447,0.6259281601957026,1.6445119655196838e-13,0.8425379840269485,0,31106.380006500156,181,178,0.404082166
baseline-best-28,0,frozen,135,True,qualified,-1,False,8.380990221741734e-09,-79.67789998412486,0,2,2.2481925790793427,0.5747520423566788,2,2.7818648800952306,0.4783984769515401,1.6445119655196838e-13,0.8421882701296548,0,31086.907290610172,181,178,0.399702083
baseline-best-28,0,frozen,136,True,qualified,-1,False,8.380990221741734e-09,-79.98719143865378,0,2,2.467949370889742,0.5310900598982967,2,1.9135352991934627,0.655008125453407,1.6445119655196838e-13,0.842300038301428,0,31092.243554879053,181,178,0.427158208
baseline-best-28,0,frozen,137,True,qualified,-1,False,8.380990221741734e-09,-79.94779495311884,0,2,2.337395981759749,0.556267657289625,2,3.8496555664592016,0.3555607756222338,1.6445119655196838e-13,0.8425127386195285,0,31103.814908326585,181,178,0.442673708
baseline-best-28,0,frozen,138,True,qualified,-1,False,8.380990221741734e-09,-79.72529365912634,0,2,2.610800323520655,0.5058421211738183,2,2.20544055330668,0.58400854383567,1.6445119655196838e-13,0.842191178022589,0,31087.62310765954,181,178,0.435742333
baseline-best-28,0,frozen,139,True,qualified,-1,False,8.380990221741734e-09,-79.86749147202052,0,2,2.551414695385559,0.5160635835102749,2,2.2073814749369314,0.5835825075478239,1.6445119655196838e-13,0.8423882271111764,0,31096.991233478082,181,178,0.405414667
baseline-best-28,0,frozen,140,True,qualified,-1,False,8.380990221741734e-09,-79.72608634438964,0,2,2.1733303043518575,0.5911385621262173,2,1.8098423643581611,0.6839432221771037,1.6445119655196838e-13,0.8425366545516931,0,31103.674353016802,181,178,0.38854825
baseline-best-28,0,frozen,141,True,qualified,-1,False,8.380990221741734e-09,-79.73807908847257,0,2,2.1516520497311267,0.5960407828307217,2,1.3446317594752788,0.8439442777916625,3.347096896335662e-17,0.8421135654937898,0,31081.242814587185,181,178,0.410334083
baseline-best-28,0,frozen,142,True,qualified,-1,False,8.380990221741734e-09,-79.75694038353674,0,2,2.221380654865024,0.580526112412895,2,1.8716713630914763,0.6664331826106713,1.6445119655196838e-13,0.8421417448719976,0,31085.692208570774,181,178,0.421914167
baseline-best-28,0,frozen,143,True,qualified,-1,False,8.380990221741734e-09,-79.76595108355905,0,2,2.5319598276938793,0.5194955702954995,2,4.021131954993788,0.341299888167817,1.6445119655196838e-13,0.8416157368425551,0,31061.91428486846,181,178,0.417179625
baseline-best-28,0,frozen,144,True,qualified,-1,False,8.380990221741734e-09,-79.88877255592072,0,2,2.2579827925785594,0.5726693923683379,2,1.46025479446028,0.7990616133665261,1.6445119655196838e-13,0.8423014630555077,0,31093.822139049968,181,178,0.41023775
baseline-best-28,0,frozen,145,True,qualified,-1,True,8.380990221741734e-09,-79.84874430983758,0,2,2.4857983475575276,0.5278094609066157,2,1.9326537849642285,0.6499023350279978,1.6445119655196838e-13,0.8431921016708013,0,31131.283077413063,186,183,0.456026375
baseline-best-28,0,frozen,146,True,qualified,-1,False,8.380990221741734e-09,-79.72973100943567,0,2,2.5561270768400086,0.5152385727582944,2,2.5470765528532633,0.5168252340801073,1.6445119655196838e-13,0.8420159895559481,0,31081.056876725106,181,178,0.570674625
baseline-best-28,0,frozen,147,True,qualified,-1,False,8.380990221741734e-09,-80.805962330163,0,2,2.67793300609274,0.49473057463584874,2,4.084808870198646,0.3362825399364215,2.6945385066442155e-18,0.8421702986470109,0,31088.786270301684,181,178,0.465956791
baseline-best-28,0,frozen,148,True,qualified,-1,False,8.380990221741734e-09,-79.71206724702508,0,2,2.2186954779075228,0.5811101268553113,2,1.7541707593367624,0.7003877060808049,1.6445119655196838e-13,0.8421367397446559,0,31087.103285162684,181,178,0.667762833
baseline-best-28,0,frozen,149,True,qualified,-1,False,8.380990221741734e-09,-79.6875147248785,0,2,2.157483969374453,0.594714858858856,2,1.7801369490865715,0.6926357554102729,1.6445119655196838e-13,0.8423393107333715,0,31094.569788186414,181,178,0.513718334
baseline-best-28,0,frozen,150,True,qualified,-1,False,8.380990221741734e-09,-80.39479778212598,0,2,2.3320092408475115,0.5573532050199181,2,3.512667820179413,0.38721845173296465,1.6445119655196838e-13,0.8425628597807887,0,31108.153634922754,181,178,0.52245625
baseline-best-28,0,frozen,151,True,qualified,-1,False,8.380990221741734e-09,-79.76851889776802,0,2,2.5197796874018548,0.5216657392695757,2,3.200028065831472,0.4218211701422693,1.6445119655196838e-13,0.8423882420434814,0,31096.677884626875,181,178,0.494631709
baseline-best-28,0,frozen,152,True,qualified,-1,False,8.380990221741734e-09,-79.80288709861804,0,2,2.2659736637365917,0.5709795783826804,2,2.7703805423021923,0.4801534427079707,1.6445119655196838e-13,0.8427292674593764,0,31113.34607007146,181,178,0.482722666
baseline-best-28,0,frozen,153,True,qualified,-1,False,9.882832885257507e-09,-79.67538629896399,0,2,2.4001205560206995,0.5439050134804189,2,3.0032776160155747,0.44677426517950397,1.6445119655196838e-13,0.8421062984451715,0,31082.681428433447,193,190,0.457063167
baseline-best-28,0,frozen,154,True,qualified,-1,False,9.602967421120788e-09,-79.67029419501235,0,2,2.677634509451664,0.4947789757030216,2,2.8994566424801453,0.46109765717454015,1.6445119655196838e-13,0.8421880561379734,0,31088.50999006791,215,212,0.511904875
baseline-best-28,0,frozen,155,True,qualified,-1,False,8.380990221741734e-09,-79.65814938929152,0,2,2.6416234528234934,0.5006834466701621,2,2.48642092358492,0.527695705049353,1.6445119655196838e-13,0.8423131765579132,0,31093.685804675908,181,178,0.456895375
baseline-best-28,0,frozen,156,True,qualified,-1,False,8.380990221741734e-09,-80.19179558910055,0,2,2.2760045298930778,0.5688710745877321,2,2.4784160898567875,0.5291617758336016,1.6445119655196838e-13,0.8430362546717631,0,31132.871969847423,181,178,0.457260375
baseline-best-28,0,frozen,157,True,qualified,-1,False,8.380990221741734e-09,-79.92830088783622,0,2,2.3043544019960045,0.5629873346102094,2,2.215895204699952,0.5817202997183366,1.6445119655196838e-13,0.8418994126359264,0,31073.41026265149,181,178,0.456357917
baseline-best-28,0,frozen,158,True,qualified,-1,False,8.380990221741734e-09,-80.11932998922056,0,2,2.271428919133792,0.569831127812316,2,2.3388999164704174,0.5559652667745788,1.6445119655196838e-13,0.8417401060889894,0,31063.64147064563,181,178,0.475471958
baseline-best-28,0,frozen,159,True,qualified,-1,False,8.380990221741734e-09,-79.89938639211157,0,2,2.418041729679687,0.5404645173946035,2,3.773898558847079,0.36223432229241076,1.6445119655196838e-13,0.8419610670758847,0,31074.353202065256,181,178,0.470086792
baseline-best-28,0,frozen,160,True,qualified,-1,False,8.380990221741734e-09,-79.72255654244884,0,2,2.219254120353011,0.5809885375676332,2,1.6612721481535946,0.7293419158336494,1.6445119655196838e-13,0.842114453918703,0,31081.416273308325,181,178,0.511985542
baseline-best-28,0,frozen,161,True,qualified,-1,False,8.380990221741734e-09,-79.66943116666668,0,2,2.189703102311338,0.5874836497111016,2,2.4303444429154633,0.53812560819283,1.6445119655196838e-13,0.8422242597364303,0,31088.93363033051,181,178,0.424793542
baseline-best-28,0,frozen,162,True,qualified,-1,False,8.380990221741734e-09,-79.65722234061593,0,2,2.3876947351205238,0.5463140845610865,2,2.309627517527095,0.5619050901556728,1.6445119655196838e-13,0.8423241492991418,0,31094.40261966481,181,178,0.443619791
baseline-best-28,0,frozen,163,True,qualified,-1,False,8.380990221741734e-09,-79.68734427083167,0,2,2.475056503775418,0.5297793095294939,2,3.2699905188214298,0.41357571724343156,1.6445119655196838e-13,0.8420000738025455,0,31080.176520469242,181,178,0.449650542
baseline-best-28,0,frozen,164,True,qualified,-1,False,8.380990221741734e-09,-79.66766435768528,0,2,2.3288625697317067,0.5579891108258442,2,2.131173747710162,0.6007386785611118,1.6445119655196838e-13,0.8422451997619651,0,31090.373834557853,181,178,0.490711542
baseline-best-28,0,frozen,165,True,qualified,-1,False,8.380990221741734e-09,-79.65721703816737,0,2,2.403447783423385,0.5432632330729308,2,1.7908449648400075,0.6894809231614505,1.6445119655196838e-13,0.8422510980285529,0,31090.4351534354,181,178,0.484585042
baseline-best-28,0,frozen,166,True,qualified,-1,False,8.380990221741734e-09,-79.66988967684608,0,2,2.3110629579697566,0.5616111356884722,2,2.4077285307513088,0.5424395630550718,1.6445119655196838e-13,0.8421634916378413,0,31085.633145252315,181,178,0.432848292
baseline-best-28,0,frozen,167,True,qualified,-1,False,8.380990221741734e-09,-79.66031635922766,0,2,2.556924209848752,0.5150992571148537,2,3.1937582693706816,0.4225753939942289,1.6445119655196838e-13,0.8422331149353856,0,31088.922237313593,181,178,0.468131291
baseline-recovery-32,0,joint,,False,budget-exhausted,-1,False,7.939367263898323e-06,-287.21411102333997,0,336,18.9083926964835,0.12485612557203327,336,228.25601807016474,0.011886553349155823,0.0,0.8205471717243996,78,30180.757131794104,4001,4000,3548.076341292
baseline-recovery-32,0,frozen,0,False,reference-unverified,-1,False,8.74651708265306e-09,-79.62292632155207,0,2,2.5589190384676135,0.5147509238979635,2,1.2647269158223409,0.8771365988140859,1.6377264942078577e-13,0.8423389714837846,0,31095.062066924642,233,230,0.357316
baseline-recovery-32,0,frozen,1,True,qualified,-1,False,8.375291197156152e-09,-79.72292096344988,0,2,2.2770504343490505,0.5686520335040566,2,2.0217356525299364,0.6269983712665402,1.6377264942078577e-13,0.8421829234023763,0,31087.488737073352,181,178,0.283110834
baseline-recovery-32,0,frozen,2,True,qualified,-1,False,8.375291197156152e-09,-79.62395175671065,0,2,2.326268451541336,0.558514343470212,2,1.2557560710524864,0.8809763520045718,1.6377264942078577e-13,0.8423073731627257,0,31092.67777877008,181,178,0.28125575
baseline-recovery-32,0,frozen,3,True,qualified,-1,False,8.375291197156152e-09,-79.65136472674286,0,2,2.5137496807112356,0.5227463147769671,2,1.218222780833347,0.8972911153135665,1.6377264942078577e-13,0.8423267951593908,0,31094.068620112877,181,178,0.27653075
baseline-recovery-32,0,frozen,4,True,qualified,-1,False,8.375291197156152e-09,-79.68538329975357,0,2,2.4379814739829353,0.5366830076982572,2,2.1484335173603393,0.5967747972324228,1.6377264942078577e-13,0.8421265971362735,0,31083.219367640097,181,178,0.280515
baseline-recovery-32,0,frozen,5,True,qualified,-1,False,8.375291197156152e-09,-79.76867402237013,0,2,2.3930980007226514,0.5452641311467482,2,1.3666651826468792,0.83510783338295,1.6377264942078577e-13,0.8422159666502861,0,31088.24048580045,181,178,0.279923875
baseline-recovery-32,0,frozen,6,True,qualified,-1,False,9.61198580498742e-09,-79.8406354338662,0,2,2.712998376118169,0.48910545165588953,2,2.045731526464427,0.6210690472493826,1.6377264942078577e-13,0.8424156150051869,0,31098.213354145784,182,179,0.277025625
baseline-recovery-32,0,frozen,7,True,qualified,-1,False,8.898511303286192e-09,-81.3183378431619,0,2,2.969934794089408,0.4512819023300589,2,3.8340769693753947,0.35691364323923985,1.6377264942078577e-13,0.8427229824689307,0,31115.131412197938,200,197,0.322974792
baseline-recovery-32,0,frozen,8,True,qualified,-1,False,8.375291197156152e-09,-80.60911562902075,0,2,2.219077238484396,0.5810270312006455,2,1.431417445774168,0.8099149697377623,1.6377264942078577e-13,0.8418780882735497,0,31076.797589314163,181,178,0.279126333
baseline-recovery-32,0,frozen,9,True,qualified,-1,False,8.375291197156152e-09,-79.65802270358132,0,2,2.2033280391438916,0.5844728797279775,2,1.8017877970691163,0.686281891104677,1.6377264942078577e-13,0.8423637674900135,0,31095.806466667997,181,178,0.276658375
baseline-recovery-32,0,frozen,10,True,qualified,-1,False,8.375291197156152e-09,-79.62860217643889,0,2,2.2772766667729902,0.5686046742765941,2,3.570435923068602,0.38141259991630033,1.6377264942078577e-13,0.8423520450934715,0,31096.122715318375,181,178,0.278424166
baseline-recovery-32,0,frozen,11,True,qualified,-1,False,8.375291197156152e-09,-79.79604878040853,0,2,2.556069576649481,0.515248624808728,2,2.3018692472144253,0.5634986934108663,1.6377264942078577e-13,0.8422873067770615,0,31091.74295287231,181,178,0.278203083
baseline-recovery-32,0,frozen,12,True,qualified,-1,False,8.375291197156152e-09,-79.66742541465891,0,2,2.346346103745173,0.5544724811059433,2,2.464536715375501,0.5317215650870576,1.6377264942078577e-13,0.8422752336387604,0,31090.940121907217,181,178,0.281631625
baseline-recovery-32,0,frozen,13,True,qualified,-1,False,8.375291197156152e-09,-79.63197275408919,0,2,2.298646286385507,0.5641631213285341,2,2.176363588481075,0.5904583731500067,1.6377264942078577e-13,0.842329255795823,0,31094.411542957787,181,178,0.275475292
baseline-recovery-32,0,frozen,14,True,qualified,-1,False,8.375291197156152e-09,-79.92470415111582,0,2,2.3965772000165018,0.5445900065216217,2,1.9280936287914328,0.6511139050726302,1.6377264942078577e-13,0.842617703362308,0,31110.32980668974,181,178,0.279247375
baseline-recovery-32,0,frozen,15,True,qualified,-1,False,8.375291197156152e-09,-79.87240117372305,0,2,2.397775375664602,0.5443582018874803,2,3.4235587200664437,0.3965140361779913,1.6377264942078577e-13,0.8431498348095394,0,31134.518997878695,181,178,0.279021708
baseline-recovery-32,0,frozen,16,True,qualified,-1,False,8.375291197156152e-09,-79.91950935465712,0,2,2.4300049876710026,0.5381898945507639,2,2.9286816263995634,0.4569790200269857,1.6377264942078577e-13,0.8426450781456961,0,31109.949877705778,181,178,0.276059
baseline-recovery-32,0,frozen,17,True,qualified,-1,False,8.375291197156152e-09,-79.75885095173139,0,2,2.4200863528632293,0.5400745197937925,2,2.3285029416382446,0.5580618713892902,1.6377264942078577e-13,0.8423007596169717,0,31092.523397972265,181,178,0.27920275
baseline-recovery-32,0,frozen,18,True,qualified,-1,False,8.375291197156152e-09,-79.71760745398015,0,2,2.4549920098934894,0.5334951318539858,2,2.4435015007104863,0.535644703155664,1.6377264942078577e-13,0.8421377961379531,0,31086.306822200193,181,178,0.279621875
baseline-recovery-32,0,frozen,19,True,qualified,-1,False,8.375291197156152e-09,-79.69290695730227,0,2,2.2665439263984086,0.5708593300785985,2,2.3379689416640015,0.5561524191569489,1.6377264942078577e-13,0.8422418221495134,0,31091.03142714796,181,178,0.286079458
baseline-recovery-32,0,frozen,20,True,qualified,-1,False,8.375291197156152e-09,-79.6932080149507,0,2,2.2288262519960615,0.5789122331020486,2,1.5091675451588342,0.7811562373945412,1.6377264942078577e-13,0.8425407169890823,0,31107.327548728652,181,178,0.275770542
baseline-recovery-32,0,frozen,21,True,qualified,-1,False,8.375291197156152e-09,-79.75554150534288,0,2,2.28480681242413,0.5670323807525215,2,1.4645727127893764,0.7974556166440288,1.6377264942078577e-13,0.8420163978310813,0,31077.140741119885,181,178,0.278991708
baseline-recovery-32,0,frozen,22,True,qualified,-1,False,8.375291197156152e-09,-79.61797482398809,0,2,2.5285766512199674,0.5200966887405118,2,1.562469643910208,0.7623475554010217,1.6377264942078577e-13,0.8422754618486131,0,31091.759350918597,181,178,0.278044875
baseline-recovery-32,0,frozen,23,True,qualified,-1,False,8.375291197156152e-09,-79.91314632975181,0,2,2.2699888143334297,0.570133895894287,2,1.9834165421960122,0.6366753181130994,1.6377264942078577e-13,0.8427193694412496,0,31114.062709701382,181,178,0.278540375
baseline-recovery-32,0,frozen,24,True,qualified,-1,False,8.375291197156152e-09,-79.65610081662197,0,2,2.4391736991627333,0.5364584407927605,2,3.752782476590916,0.3641377585757116,1.6377264942078577e-13,0.8422761557299002,0,31090.867381089145,181,178,0.273935125
baseline-recovery-32,0,frozen,25,True,qualified,-1,False,8.564114434112202e-09,-79.84737880718032,0,2,2.381505511295918,0.5475213051148571,2,1.836896315761205,0.6761861509841239,1.6377264942078577e-13,0.8424928359533475,0,31101.08710045264,239,236,0.363920417
baseline-recovery-32,0,frozen,26,True,qualified,-1,False,8.375291197156152e-09,-80.0610698653403,0,2,2.34313852444181,0.5551146310680555,2,2.4154718650670834,0.5409554322363954,1.6377264942078577e-13,0.8425793353526189,0,31106.205503755737,181,178,0.266452375
baseline-recovery-32,0,frozen,27,True,qualified,-1,False,8.375291197156152e-09,-81.40538030705098,0,2,2.3888028662083776,0.5460984537982665,2,4.438647170666323,0.31082300862116935,1.6377264942078577e-13,0.8420119193380159,0,31077.527894887826,181,178,0.263410541
baseline-recovery-32,0,frozen,28,True,qualified,-1,False,8.375291197156152e-09,-80.321009949413,0,2,2.5158637542643123,0.5223670043725445,2,2.2984830862661787,0.5641968035074467,1.6377264942078577e-13,0.8424464001424679,0,31099.471086811693,181,178,0.264563209
baseline-recovery-32,0,frozen,29,True,qualified,-1,False,8.375291197156152e-09,-80.43051866137706,0,2,2.5524974017250655,0.5158738151022494,2,2.5156086961897404,0.5224127403988408,1.6377264942078577e-13,0.8423555116658571,0,31093.83575602509,181,178,0.266338875
baseline-recovery-32,0,frozen,30,True,qualified,-1,False,8.375291197156152e-09,-79.68500589828875,0,2,2.2529924843128604,0.5737292660490291,2,1.4097518862089606,0.8182165917155687,1.6377264942078577e-13,0.8422499520016786,0,31090.212894280212,181,178,0.263328084
baseline-recovery-32,0,frozen,31,True,qualified,-1,False,8.375291197156152e-09,-80.33601924697467,0,2,2.2083644741676434,0.5833669499235303,2,1.2201737366641365,0.8964331521520019,1.6377264942078577e-13,0.8420308911584756,0,31080.373980440956,181,178,0.264799667
baseline-recovery-32,0,frozen,32,True,qualified,-1,False,8.375291197156152e-09,-79.63992608128237,0,2,2.296244019842722,0.5646592828216906,2,1.2758352531570833,0.8724137729657416,1.6377264942078577e-13,0.8423413857586755,0,31094.85006246016,181,178,0.263630875
baseline-recovery-32,0,frozen,33,True,qualified,-1,False,8.375291197156152e-09,-79.6170110689045,0,2,2.4311359939137502,0.5379757581067841,2,1.273854948072617,0.8732531430410374,1.6377264942078577e-13,0.8423131220683098,0,31093.472158849934,181,178,0.270867917
baseline-recovery-32,0,frozen,34,True,qualified,-1,False,8.375291197156152e-09,-79.92636587606313,0,2,2.298890410272157,0.5641127444335943,2,2.0178692624029795,0.6279630555551825,1.6377264942078577e-13,0.8421801142469922,0,31086.029358129268,181,178,0.262095583
baseline-recovery-32,0,frozen,35,True,qualified,-1,False,8.375291197156152e-09,-81.0525345825794,0,2,2.2570753718832486,0.5728618534158811,2,1.601454471850688,0.7490419813631862,1.6377264942078577e-13,0.8422387940817747,0,31089.949502392425,181,178,0.265566625
baseline-recovery-32,0,frozen,36,True,qualified,-1,False,8.375291197156152e-09,-81.5946195395203,0,2,2.365847832508717,0.5505971877446083,2,2.7170874583793028,0.4884572411897089,1.6377264942078577e-13,0.8423461551280473,0,31096.92741559347,181,178,0.259557542
baseline-recovery-32,0,frozen,37,True,qualified,-1,False,8.375291197156152e-09,-80.28513057753729,0,2,2.354128360857774,0.5529200926380816,2,1.4962883807449305,0.7858101632892934,1.6377264942078577e-13,0.8423309660326489,0,31095.148087706657,181,178,0.259861667
baseline-recovery-32,0,frozen,38,True,qualified,-1,False,8.375291197156152e-09,-80.60611331939178,0,2,2.4559821168714553,0.5333106490697779,2,3.6574608921140515,0.37297571631798926,1.6377264942078577e-13,0.8423205424949861,0,31094.688623378042,181,178,0.258802208
baseline-recovery-32,0,frozen,39,True,qualified,-1,False,8.375291197156152e-09,-80.38613635077256,0,2,2.459871660314516,0.532587057019385,2,2.1580803842071945,0.5945795568694067,1.6377264942078577e-13,0.8423758987862119,0,31097.30359818923,181,178,0.26145575
baseline-recovery-32,0,frozen,40,True,qualified,-1,False,8.375291197156152e-09,-79.62304267551679,0,2,2.279739544520495,0.5680895592226041,2,1.895441996617365,0.6599042749724072,1.6377264942078577e-13,0.8423288490473421,0,31094.133525711237,181,178,0.274618083
baseline-recovery-32,0,frozen,41,True,qualified,-1,False,8.375291197156152e-09,-79.63728408958444,0,2,2.199558333852974,0.5853031176730117,2,2.18736502936764,0.5880031005234132,1.6377264942078577e-13,0.8424014626857581,0,31097.412238978883,181,178,0.2685405
baseline-recovery-32,0,frozen,42,True,qualified,-1,False,8.375291197156152e-09,-79.62370837810005,0,2,2.279348854237187,0.5681712164604038,2,1.8660452397149996,0.6679947106525995,1.6246782065449167e-13,0.8422987663788715,0,31093.394526996726,181,178,0.266264708
baseline-recovery-32,0,frozen,43,True,qualified,-1,False,8.375291197156152e-09,-79.61815526090702,0,2,2.3740144154228364,0.5489889803155187,2,1.5019356353877962,0.7837642100974398,1.637918214266508e-13,0.8423117738863448,0,31093.502333072112,181,178,0.258638375
baseline-recovery-32,0,frozen,44,True,qualified,-1,False,8.375291197156152e-09,-79.70529370335836,0,2,2.3268705461879335,0.5583923570485171,2,3.5001035426084903,0.38850371901333347,1.6377264942078577e-13,0.842604470255479,0,31108.70716041868,181,178,0.257593292
baseline-recovery-32,0,frozen,45,True,qualified,-1,False,8.375291197156152e-09,-79.69741932635266,0,2,2.4244972959974898,0.5392349141805768,2,2.2355950000664935,0.5774520538766756,1.6377264942078577e-13,0.8421562039737216,0,31083.66460051746,181,178,0.258622625
baseline-recovery-32,0,frozen,46,True,qualified,-1,False,8.375291197156152e-09,-79.72197721067936,0,2,2.5358316274812633,0.518809204200979,2,1.8311943619569158,0.6778085715656834,1.6377264942078577e-13,0.8421657276483824,0,31084.303668326338,181,178,0.259965167
baseline-recovery-32,0,frozen,47,True,qualified,-1,False,8.375291197156152e-09,-79.72293734613996,0,2,2.5761308630194755,0.5117634143413161,2,3.1671438284030526,0.4258057208326725,1.6377264942078577e-13,0.8422608209456237,0,31089.912657110166,181,178,0.263639167
baseline-recovery-32,0,frozen,48,True,qualified,-1,False,8.375291197156152e-09,-79.61982759756326,0,2,2.203476017043802,0.5844403322438964,2,1.2175981717322861,0.8975660270835316,1.0932489177894912e-13,0.8423065541489019,0,31093.24494183598,181,178,0.25769825
baseline-recovery-32,0,frozen,49,True,qualified,-1,False,8.375291197156152e-09,-79.77160978572013,0,2,2.1995642614697855,0.5853018105175184,2,1.8611425967954711,0.6693605544482613,1.0464251190444464e-10,0.8427061642946714,0,31111.153590651225,181,178,0.260089667
baseline-recovery-32,0,frozen,50,True,qualified,-1,False,8.375291197156152e-09,-79.91393165232263,0,2,2.247241659525269,0.5749550568580448,2,2.213408260307526,0.5822631646349986,5.0279370639196636e-24,0.8431277793693217,0,31132.21555596246,181,178,0.257879083
baseline-recovery-32,0,frozen,51,True,qualified,-1,False,8.375291197156152e-09,-79.6219555283446,0,2,2.4545999493905466,0.5335682153167957,2,2.147076511623573,0.5970847575539896,3.9983027571647577e-14,0.842259167951534,0,31090.811566210385,181,178,0.270703834
baseline-recovery-32,0,frozen,52,True,qualified,-1,False,8.375291197156152e-09,-80.13765932648563,0,2,2.302832596319392,0.5633003697003031,2,3.0201955534554696,0.44451949925779266,8.732988813047478e-21,0.8425279830238105,0,31105.736969978258,181,178,0.25731675
baseline-recovery-32,0,frozen,53,True,qualified,-1,False,8.375291197156152e-09,-79.87320287239083,0,2,2.393765002133693,0.5451347759195462,2,2.441608003896839,0.5360004506262537,1.569964502349603e-17,0.8423682594072811,0,31095.57857210174,181,178,0.260659458
baseline-recovery-32,0,frozen,54,True,qualified,-1,False,8.375291197156152e-09,-80.74310075360515,0,2,2.4622836985083048,0.5321392372066143,2,3.732801240903267,0.36595674678670137,4.615277177344445e-13,0.8427085941604886,0,31114.137946444604,181,178,0.256845166
baseline-recovery-32,0,frozen,55,True,qualified,-1,False,8.375291197156152e-09,-79.6353009021003,0,2,2.5589184979046835,0.514751018231103,2,2.205996062824423,0.5838865513546933,1.406353350087503e-13,0.8423837035124172,0,31096.953851216364,181,178,0.261404292
baseline-recovery-32,0,frozen,56,True,qualified,-1,False,8.375291197156152e-09,-79.62521649606045,0,2,2.603299270523771,0.5071124616402335,2,2.549047152882995,0.5164789974640122,1.1926383620575765e-13,0.8422707253758803,0,31091.518450333904,181,178,0.260028375
baseline-recovery-32,0,frozen,57,True,qualified,-1,False,8.375291197156152e-09,-79.70570184657652,0,2,2.1817265122843352,0.589259202186217,2,1.8022954115741066,0.6861341041305289,1.105587393398793e-12,0.8424402757397701,0,31098.396006524385,181,178,0.258433542
baseline-recovery-32,0,frozen,58,True,qualified,-1,False,8.375291197156152e-09,-79.67950817365201,0,2,2.1510737538142948,0.5961725495492446,2,1.741986688732645,0.7040754304800008,1.6377264942078577e-13,0.842216402241751,0,31088.899289133376,181,178,0.259705458
baseline-recovery-32,0,frozen,59,True,qualified,-1,False,8.375291197156152e-09,-80.22585053743147,0,2,2.32786815216489,0.5581903451135252,2,4.0380262842529815,0.3399546305509387,1.6377264942078577e-13,0.8420860109968854,0,31085.501567453335,181,178,0.259275209
baseline-recovery-32,0,frozen,60,True,qualified,-1,False,8.375291197156152e-09,-79.79524316576583,0,2,2.356401749720194,0.5524680932523454,2,3.4828758785838674,0.39027938890451425,1.6377264942078577e-13,0.8420471794130956,0,31081.12066337746,181,178,0.261189791
baseline-recovery-32,0,frozen,61,True,qualified,-1,False,8.375291197156152e-09,-79.63589582270723,0,2,2.368987437442477,0.5499779054492565,2,1.7158457367502256,0.7120976867033163,1.6377264942078577e-13,0.8421142515577648,0,31084.637143683853,181,178,0.258369083
baseline-recovery-32,0,frozen,62,True,qualified,-1,False,8.375291197156152e-09,-79.61740222536562,0,2,2.4531738437946147,0.5338342086447289,2,2.176315211272935,0.5904692103538796,1.6377264942078577e-13,0.8422832196234588,0,31091.59739850636,181,178,0.260214625
baseline-recovery-32,0,frozen,63,True,qualified,-1,False,8.375291197156152e-09,-79.67820711087073,0,2,2.4448173461363156,0.5353977387189389,2,3.614604203526209,0.3770852256377823,1.6377264942078577e-13,0.8422469056533506,0,31090.397900007723,181,178,0.258872083
baseline-recovery-32,0,frozen,64,True,qualified,-1,False,8.375291197156152e-09,-79.62374627446702,0,2,2.564645668154043,0.5137533643022868,2,3.5255703033308476,0.3859070529365077,1.6377264942078577e-13,0.842284747290515,0,31091.66863646501,181,178,0.2583895
baseline-recovery-32,0,frozen,65,True,qualified,-1,False,8.375291197156152e-09,-79.61759968778638,0,2,2.7487165325554956,0.4834969708021268,2,2.370184825029567,0.5497420567128724,1.6377264942078577e-13,0.8423197488006644,0,31093.890077692864,181,178,0.2600585
baseline-recovery-32,0,frozen,66,True,qualified,-1,False,8.375291197156152e-09,-79.8892955841108,0,2,2.2057363183642305,0.5839435867570855,2,1.8927695874177772,0.6606327903614725,1.6377264942078577e-13,0.8424960029170442,0,31104.121549621235,181,178,0.261139291
baseline-recovery-32,0,frozen,67,True,qualified,-1,True,8.375291197156152e-09,-79.6472397423098,0,2,2.185605606147756,0.5883945351443868,2,1.6153155103330228,0.7444008568120452,1.6377264942078577e-13,0.8433383802502862,0,31141.943740227256,262,259,0.37327675
baseline-recovery-32,0,frozen,68,True,qualified,-1,False,8.375291197156152e-09,-79.6383798377471,0,2,2.248679617403624,0.574648113188659,2,1.8156528529041938,0.6822644997084816,1.6377264942078577e-13,0.8422110365456068,0,31087.604405965532,181,178,0.259414292
baseline-recovery-32,0,frozen,69,True,qualified,-1,False,8.375291197156152e-09,-79.70147073907349,0,2,2.45248645507693,0.5339625053844975,2,1.6658917487333784,0.7278556958637392,1.6377264942078577e-13,0.8421417827346516,0,31084.432538122026,181,178,0.260486917
baseline-recovery-32,0,frozen,70,True,qualified,-1,False,8.375291197156152e-09,-79.62305626585496,0,2,2.3757521943473296,0.5486478716341829,2,2.262784285381409,0.5716529497128483,1.6377264942078577e-13,0.8423424276744371,0,31095.432340476462,181,178,0.2591855
baseline-recovery-32,0,frozen,71,True,qualified,-1,False,8.375291197156152e-09,-79.61743139590223,0,2,2.741637057618619,0.48459903156361295,2,2.695905554528192,0.491832488039922,1.6377264942078577e-13,0.8422851170022401,0,31091.86508261271,181,178,0.258492667
baseline-recovery-32,0,frozen,72,True,qualified,-1,False,8.375291197156152e-09,-79.63322912557342,0,2,2.1785023475251823,0.589979615132854,2,1.4772162912118922,0.79278139165412,1.6377264942078577e-13,0.8424005487797667,0,31098.67817916267,181,178,0.258812041
baseline-recovery-32,0,frozen,73,True,qualified,-1,False,8.375291197156152e-09,-79.71850493476852,0,2,2.1472684639139206,0.5970408953618456,2,1.4786329238114053,0.7922603031311207,1.6377264942078577e-13,0.8422083493523536,0,31088.116308606634,181,178,0.262433875
baseline-recovery-32,0,frozen,74,True,qualified,-1,False,8.375291197156152e-09,-79.7670856849586,0,2,2.304227779249756,0.563013368860244,2,2.0415904547818173,0.6220852401037111,1.6377264942078577e-13,0.8421917147231148,0,31088.20030539878,181,178,0.258599541
baseline-recovery-32,0,frozen,75,True,qualified,-1,False,8.375291197156152e-09,-79.65927734400024,0,2,2.437024079004327,0.5368634668066937,2,1.6087482802061472,0.7465939769328922,1.6377264942078577e-13,0.8421760622184069,0,31086.24487733898,181,178,0.26187775
baseline-recovery-32,0,frozen,76,True,qualified,-1,False,8.375291197156152e-09,-79.62781271402197,0,2,2.3275873157922145,0.55824720013798,2,1.88551509048488,0.662617403881486,1.6377264942078577e-13,0.8422140827969946,0,31088.673136945927,181,178,0.260571584
baseline-recovery-32,0,frozen,77,True,qualified,-1,False,8.375291197156152e-09,-79.62583516625598,0,2,2.4929546412596193,0.5265045904113909,2,1.443670468293675,0.805276134367628,1.6377264942078577e-13,0.8423176839635413,0,31093.94389274935,181,178,0.26006
baseline-recovery-32,0,frozen,78,True,qualified,-1,False,8.375291197156152e-09,-80.02947305365528,0,2,2.54624555940329,0.5169713690148899,2,3.8203035206201896,0.35811805834190974,1.6377264942078577e-13,0.842458814331964,0,31102.9221849799,181,178,0.257746833
baseline-recovery-32,0,frozen,79,True,qualified,-1,False,8.375291197156152e-09,-79.82167020202253,0,2,2.2365765392141257,0.577240862793908,2,1.8883140153107132,0.6618504884117169,1.6377264942078577e-13,0.8427306694067286,0,31117.995060450994,181,178,0.261080291
baseline-recovery-32,0,frozen,80,True,qualified,-1,False,8.375291197156152e-09,-79.63397688343314,0,2,2.211820638782718,0.5826101960600143,2,1.9901648767742843,0.6349522321875815,1.6377264942078577e-13,0.8424185869520115,0,31099.414063231794,181,178,0.260733417
baseline-recovery-32,0,frozen,81,True,qualified,-1,False,8.375291197156152e-09,-79.90643157598603,0,2,2.252785393108799,0.5737733258445658,2,3.663637201107137,0.3723905706901427,1.6377264942078577e-13,0.8419705876229266,0,31074.261458726323,181,178,0.258005375
baseline-recovery-32,0,frozen,82,True,qualified,-1,False,8.375291197156152e-09,-79.61935851434156,0,2,2.436720430618251,0.5369207246219423,2,2.299826455270581,0.5639196596181848,1.6377264942078577e-13,0.8422662618016139,0,31090.849039714907,181,178,0.260605916
baseline-recovery-32,0,frozen,83,True,qualified,-1,False,8.375291197156152e-09,-80.70326927437483,0,2,2.3065390447774416,0.5625385046768143,2,3.5507194716070076,0.383375266304915,1.6377264942078577e-13,0.8420696886918619,0,31087.65330960736,181,178,0.258418333
baseline-recovery-32,0,frozen,84,True,qualified,-1,False,8.375291197156152e-09,-79.6421793975204,0,2,2.2520577337703234,0.5739281877677657,2,2.1407203630556957,0.5985404248946851,1.6377264942078577e-13,0.8425494366053149,0,31107.182994888397,181,178,0.260610167
baseline-recovery-32,0,frozen,85,True,qualified,-1,False,8.375291197156152e-09,-79.70705319215858,0,2,2.3805840926980273,0.5477014458393993,2,2.2580380709219527,0.5726576717762784,1.6377264942078577e-13,0.8425958864048091,0,31109.199482531887,181,178,0.257729375
baseline-recovery-32,0,frozen,86,True,qualified,-1,False,8.375291197156152e-09,-79.70282333405706,0,2,2.416569885863957,0.5407455803189829,2,2.4879136117427136,0.5274231475166543,1.6377264942078577e-13,0.8425614776202086,0,31108.016734525965,181,178,0.256541084
baseline-recovery-32,0,frozen,87,True,qualified,-1,False,8.375291197156152e-09,-79.69694173584388,0,2,2.389411467993962,0.5459800922910392,2,1.7983609389595907,0.687280997579684,1.6377264942078577e-13,0.8424823461158935,0,31102.81189096311,212,209,0.303638875
baseline-recovery-32,0,frozen,88,True,qualified,-1,False,8.375291197156152e-09,-79.72718849489681,0,2,2.332084859765548,0.5573379395057194,2,2.185386325486664,0.5884433531781105,1.6377264942078577e-13,0.8424050993767893,0,31098.607913274787,181,178,0.259593417
baseline-recovery-32,0,frozen,89,True,qualified,-1,False,8.375291197156152e-09,-79.78403374348979,0,2,2.4003474891460685,0.5438611969293485,2,3.9047596976449914,0.3508539946617599,1.6377264942078577e-13,0.8423183901040578,0,31094.23797664699,181,178,0.257684584
baseline-recovery-32,0,frozen,90,True,qualified,-1,False,8.375291197156152e-09,-79.69017313991327,0,2,2.6764817712286386,0.49496597430819606,2,2.295570861656125,0.5647984578986428,1.6377264942078577e-13,0.8423363098383861,0,31094.901099505678,181,178,0.259523542
baseline-recovery-32,0,frozen,91,True,qualified,-1,False,8.375291197156152e-09,-79.86768264633763,0,2,2.211443777779426,0.5826926270498229,2,2.1458747630271913,0.5973594945929248,1.6377264942078577e-13,0.8423175134716373,0,31093.36730385553,181,178,0.260431125
baseline-recovery-32,0,frozen,92,True,qualified,-1,False,7.84166832904095e-09,-79.70305918813654,0,2,2.154302846970128,0.5954374539332404,2,1.6456634410554782,0.734400468317165,1.6377264942078577e-13,0.8419180946831047,0,31075.41485306843,179,176,0.257158708
baseline-recovery-32,0,frozen,93,True,qualified,-1,False,8.375549046453621e-09,-79.63352028949541,0,2,2.288208983785073,0.5663245837452462,2,2.1667181222118583,0.5926261554077558,1.6377264942078577e-13,0.8423090260343674,0,31093.351266632086,181,178,0.259787583
baseline-recovery-32,0,frozen,94,True,qualified,-1,False,8.375291197156152e-09,-80.38772329708338,0,2,2.4124565288971693,0.5415324849724801,2,3.941436112606522,0.3477874984412262,1.6377264942078577e-13,0.8421292873219489,0,31082.11108172252,181,178,0.258578333
baseline-recovery-32,0,frozen,95,True,qualified,-1,False,8.149092900347064e-09,-79.78110860161958,0,2,2.3321167003884766,0.5573315119302545,2,2.85517422176448,0.46747298838912077,1.6377264942078577e-13,0.8429716442223699,0,31119.931777825102,163,160,0.233394666
baseline-recovery-32,0,frozen,96,True,qualified,-1,False,9.04253701131271e-09,-79.63942384962303,0,2,2.2599323357476186,0.5722562947125631,2,2.0490122096238235,0.620266061586666,1.6377264942078577e-13,0.8427887213913433,0,31112.057983669016,192,189,0.274238375
baseline-recovery-32,0,frozen,97,True,qualified,-1,False,8.339275118148102e-09,-79.61755287515814,0,2,2.334259981387587,0.5568991632579151,2,2.1531661535903353,0.5956960350324755,1.6377264942078577e-13,0.8423084461525548,0,31093.02305265708,187,184,0.266166166
baseline-recovery-32,0,frozen,98,True,qualified,-1,False,8.149092900347064e-09,-79.75138579782681,0,2,2.1743884199395676,0.5909011293239964,2,1.8981739341536445,0.659160960318304,1.6377264942078577e-13,0.8434003559013414,0,31142.506716805463,166,163,0.239678625
baseline-recovery-32,0,frozen,99,True,qualified,-1,False,8.149092900347064e-09,-79.6233010144413,0,2,2.353915371619615,0.5529624740288565,2,2.286739015320928,0.5666302038182816,1.6377264942078577e-13,0.8422985157470216,0,31093.084010613657,163,160,0.232907792
baseline-recovery-32,0,frozen,100,True,qualified,-1,False,9.620053822516219e-09,-79.65657055821524,0,2,2.188707861224748,0.5877046623961627,2,1.7513118249649473,0.7012501067967445,1.4509295012683462e-13,0.8420986769594335,0,31081.764275619204,211,208,0.3011
baseline-recovery-32,0,frozen,101,True,qualified,-1,False,8.149092900347064e-09,-80.65714837201747,0,2,2.354821728455948,0.5527821647053892,2,3.0645529364831012,0.43870864910234475,1.6377264942078577e-13,0.8427974380935146,0,31120.210302203774,163,160,0.230927458
baseline-recovery-32,0,frozen,102,True,qualified,-1,False,9.266829762351457e-09,-79.67258001847144,0,2,2.382493590713911,0.5473282519794005,2,1.74770387357008,0.7023409890575386,1.6377264942078577e-13,0.8421292871706801,0,31084.70198627919,163,160,0.233588584
baseline-recovery-32,0,frozen,103,True,qualified,-1,False,9.02957890450292e-09,-80.07151961924798,0,2,2.427825351219298,0.5386030113503093,2,3.740326285762825,0.3652696525144563,1.6377264942078577e-13,0.8430267264453283,0,31130.11575116317,201,198,0.283958084
baseline-recovery-32,0,frozen,104,True,qualified,-1,False,9.36056752989952e-09,-79.68786142911502,0,2,2.4028703202062296,0.5433745192484641,2,2.701112900916072,0.49099869828739195,1.6377264942078577e-13,0.8421115669467277,0,31083.550988387626,185,182,0.263843833
baseline-recovery-32,0,frozen,105,True,qualified,-1,False,8.375291197156152e-09,-79.62382792267321,0,2,2.1827027980295606,0.5890413696894625,2,1.6550572867834397,0.7313492176234033,1.6377264942078577e-13,0.8423250561939527,0,31094.22301223682,181,178,0.259359166
baseline-recovery-32,0,frozen,106,True,qualified,-1,False,8.375291197156152e-09,-80.83760276891933,0,2,2.2036130633193607,0.5844101920518335,2,3.4986224290860566,0.38865576949009367,1.6377264942078577e-13,0.8427970553929769,0,31117.68188368263,181,178,0.257879333
baseline-recovery-32,0,frozen,107,True,qualified,-1,False,8.375291197156152e-09,-79.84771548152557,0,2,2.2881998153294116,0.5663264890280366,2,1.888227697791034,0.6618741169134714,1.6377264942078577e-13,0.8422766554873005,0,31093.549454970613,181,178,0.260953291
baseline-recovery-32,0,frozen,108,True,qualified,-1,False,8.375291197156152e-09,-79.65145246703943,0,2,2.481115644021814,0.528666521719457,2,1.6261269300305625,0.7408130174794157,1.6377264942078577e-13,0.8422338221951302,0,31089.96381271282,181,178,0.259885792
baseline-recovery-32,0,frozen,109,True,qualified,-1,False,8.375291197156152e-09,-79.78285505562074,0,2,2.2716010221794027,0.5697949642397339,2,2.264897601786346,0.5712066065241922,1.6377264942078577e-13,0.8421900709914325,0,31088.454295665288,181,178,0.260111667
baseline-recovery-32,0,frozen,110,True,qualified,-1,False,8.375291197156152e-09,-79.6414446740132,0,2,2.4309343591181323,0.5380139227368912,2,2.6815497857677295,0.49414481511366576,1.6377264942078577e-13,0.8420401370072821,0,31081.28462928528,181,178,0.25655525
baseline-recovery-32,0,frozen,111,True,qualified,-1,False,8.375291197156152e-09,-79.6251228169026,0,2,2.599555824650579,0.5077486457199062,2,2.1864291121454746,0.5882112643242875,1.6377264942078577e-13,0.8422920993479804,0,31092.718499630177,181,178,0.258090083
baseline-recovery-32,0,frozen,112,True,qualified,-1,False,8.375291197156152e-09,-79.66116934972871,0,2,2.574165667788917,0.5121028970217706,2,3.243502590985422,0.4166610776274821,1.6377264942078577e-13,0.8425580511388062,0,31107.198763545828,181,178,0.259493083
baseline-recovery-32,0,frozen,113,True,qualified,-1,False,8.375291197156152e-09,-79.70092403703612,0,2,2.1997245481932706,0.5852664661432954,2,1.328611582693058,0.8504544101272115,1.6377264942078577e-13,0.8421376659861929,0,31085.415756273746,181,178,0.259920875
baseline-recovery-32,0,frozen,114,True,qualified,-1,False,8.375291197156152e-09,-79.62697306637858,0,2,2.186570899438418,0.5881797199532218,2,2.174890105747463,0.5907886145768422,1.6377264942078577e-13,0.8422414358329678,0,31090.200616383205,181,178,0.265620375
baseline-recovery-32,0,frozen,115,True,qualified,-1,False,8.375291197156152e-09,-79.96707568151963,0,2,2.3033601743216425,0.5631918113220221,2,3.046350729199841,0.44107566882620886,1.6377264942078577e-13,0.8432389521800941,0,31136.675293609347,181,178,0.264006667
baseline-recovery-32,0,frozen,116,True,qualified,-1,False,8.375291197156152e-09,-79.7322475846576,0,2,2.42574968585738,0.5389969618971673,2,2.487431153980038,0.5275112136258913,1.6377264942078577e-13,0.8423236050810848,0,31093.03017429114,181,178,0.264690334
baseline-recovery-32,0,frozen,117,True,qualified,-1,False,8.375291197156152e-09,-79.65445994602021,0,2,2.313073197801014,0.5611999400908229,2,1.755002127206823,0.7001372563569773,1.6377264942078577e-13,0.8421967648699883,0,31087.39922539139,181,178,0.265642083
baseline-recovery-32,0,frozen,118,True,qualified,-1,False,8.375291197156152e-09,-79.65651955660327,0,2,2.391940716393694,0.5454887026070855,2,3.0466854369314973,0.4410319252583139,1.6377264942078577e-13,0.8422337620249438,0,31089.45382647136,181,178,0.262855458
baseline-recovery-32,0,frozen,119,True,qualified,-1,False,8.375291197156152e-09,-79.62135345388772,0,2,2.4371972591026747,0.5368308159056229,2,2.39339798759747,0.5452059461209848,1.6377264942078577e-13,0.8423563389213654,0,31096.031808302734,181,178,0.257854042
baseline-recovery-32,0,frozen,120,True,qualified,-1,False,8.375291197156152e-09,-79.63750655142442,0,2,2.6474427033338706,0.49972045749954,2,2.3465177089501985,0.5544381642030064,1.6377264942078577e-13,0.8423924500436663,0,31098.494590867922,181,178,0.258798584
baseline-recovery-32,0,frozen,121,True,qualified,-1,False,8.375291197156152e-09,-79.6413315536813,0,2,2.5673401510428784,0.5132852294126441,2,3.483335886520814,0.3902317732924856,1.6377264942078577e-13,0.8423651073734252,0,31096.781661636443,181,178,0.257061042
baseline-recovery-32,0,frozen,122,True,qualified,-1,False,8.375291197156152e-09,-79.68588848051185,0,2,2.2283310897687763,0.5790193120618569,2,2.107188142141138,0.6063255839011074,1.6377264942078577e-13,0.8422435868749273,0,31090.564930795405,181,178,0.260723875
baseline-recovery-32,0,frozen,123,True,qualified,-1,False,8.375291197156152e-09,-79.94706041043995,0,2,2.2527366148506482,0.5737837045756349,2,2.1324683105976425,0.60043974379656,1.6377264942078577e-13,0.8430610478521064,0,31128.1232634496,181,178,0.258968958
baseline-recovery-32,0,frozen,124,True,qualified,-1,False,8.375291197156152e-09,-79.7313151600326,0,2,2.3075985796905916,0.56232105902865,2,2.1964477690601956,0.585989780903804,1.6377264942078577e-13,0.8422861231931378,0,31092.34829023856,181,178,0.259884291
baseline-recovery-32,0,frozen,125,True,qualified,-1,False,8.375291197156152e-09,-79.66622249862635,0,2,2.397006097449092,0.5445070093207464,2,3.5461413157505173,0.38383377513935374,1.6377264942078577e-13,0.8423063339262176,0,31093.3278283574,181,178,0.259812792
baseline-recovery-32,0,frozen,126,True,qualified,-1,False,8.375291197156152e-09,-80.85820278854699,0,2,2.424737506805874,0.5391892595722395,2,1.9965683147548503,0.6333247311162058,1.7467221295177424e-37,0.842186914491932,0,31088.52969256363,181,178,0.262072
baseline-recovery-32,0,frozen,127,False,budget-exhausted,-1,False,6.909063628205022e-08,-83.99132334057569,0,2,2.9585397728620464,0.45284213577395177,2,5.247931204519484,0.264717141307973,6.040388125766964e-14,0.8414611967408019,0,31052.824463207806,4001,4000,17.582757833
baseline-recovery-32,0,frozen,128,True,qualified,-1,False,8.375291197156152e-09,-79.84978936715446,0,2,2.2025692346652925,0.584639828565958,2,1.714449350975073,0.7125304908657014,1.6377264942078577e-13,0.8423230322102119,0,31092.837806042513,181,178,0.261005292
baseline-recovery-32,0,frozen,129,True,qualified,-1,False,8.375291197156152e-09,-79.79513422143515,0,2,2.256775953107541,0.5729253847889988,2,2.505925339824199,0.524154593260943,1.6377264942078577e-13,0.8420000032006434,0,31078.147194112924,181,178,0.257715458
baseline-recovery-32,0,frozen,130,True,qualified,-1,False,8.375291197156152e-09,-79.66731106829815,0,2,2.255736874972098,0.5731459574103346,2,2.25838655402444,0.5725837933389109,1.6377264942078577e-13,0.8424295189678394,0,31100.982641263516,181,178,0.257526667
baseline-recovery-32,0,frozen,131,True,qualified,-1,False,8.375291197156152e-09,-79.72285121366077,0,2,2.3905022520979666,0.545768072570151,2,1.2852910476631028,0.8684212509320496,1.6377264942078577e-13,0.8423159441830137,0,31096.203766196086,181,178,0.263389334
baseline-recovery-32,0,frozen,132,True,qualified,-1,False,8.375291197156152e-09,-79.64629800801264,0,2,2.5391134593248865,0.5182287320977935,2,1.3641250377217276,0.8361196533544444,1.6377264942078577e-13,0.8424187510552195,0,31099.192437254966,181,178,0.260448917
baseline-recovery-32,0,frozen,133,True,qualified,-1,False,8.375291197156152e-09,-80.64231269145847,0,2,2.233559196747385,0.5778905274198076,2,1.4910161030482076,0.7877277638369313,1.6377264942078577e-13,0.8431777666113744,0,31142.594539808615,181,178,0.258011375
baseline-recovery-32,0,frozen,134,True,qualified,-1,False,8.375291197156152e-09,-79.89972494365232,0,2,2.1680378607084263,0.5923287095455099,2,2.026089790173689,0.6259151017049325,1.6377264942078577e-13,0.842562633528813,0,31107.601047055974,181,178,0.260261916
baseline-recovery-32,0,frozen,135,True,qualified,-1,False,8.375291197156152e-09,-79.64195548147352,0,2,2.248192434250295,0.5747520732668051,2,2.782503139875117,0.4783012939414237,1.6377264942078577e-13,0.8422124583616452,0,31088.1023779821,181,178,0.256795166
baseline-recovery-32,0,frozen,136,True,qualified,-1,False,8.375291197156152e-09,-79.95119320725242,0,2,2.4679493512510375,0.5310900635284386,2,1.9135016919340768,0.6550171616322128,1.6377264942078577e-13,0.8423246414204819,0,31093.46085824011,181,178,0.259909
baseline-recovery-32,0,frozen,137,True,qualified,-1,False,8.375291197156152e-09,-79.91163141111755,0,2,2.3373960243521856,0.5562676487214919,2,3.8495610685122763,0.35556895208449235,1.6377264942078577e-13,0.8425377120044383,0,31105.056293357946,181,178,0.258165
baseline-recovery-32,0,frozen,138,True,qualified,-1,False,8.375291197156152e-09,-79.68928099058346,0,2,2.610800322480376,0.5058421213495858,2,2.205375537643433,0.584022824568289,1.6377264942078577e-13,0.8422158537104782,0,31088.845894674876,181,178,0.262105333
baseline-recovery-32,0,frozen,139,True,qualified,-1,False,8.375291197156152e-09,-79.83146484318338,0,2,2.55141464559314,0.5160635922404696,2,2.2073438385466035,0.5835907635095804,1.6377264942078577e-13,0.8424129679401733,0,31098.215785471737,181,178,0.259136084
baseline-recovery-32,0,frozen,140,True,qualified,-1,False,8.375291197156152e-09,-79.68991167050324,0,2,2.17333043991202,0.5911385316966571,2,1.8102787695079692,0.6838168961631665,1.6377264942078577e-13,0.8425608070256383,0,31104.871948320488,181,178,0.2613315
baseline-recovery-32,0,frozen,141,True,qualified,-1,False,8.375291197156152e-09,-79.7021013005616,0,2,2.1516519594111934,0.5960408034063736,2,1.3445769427221117,0.8439664309801915,3.479614463196992e-17,0.8421385980450916,0,31082.473699888218,181,178,0.262769375
baseline-recovery-32,0,frozen,142,True,qualified,-1,False,8.375291197156152e-09,-79.72099623660885,0,2,2.2213809038571175,0.5805260583070996,2,1.8715456076426755,0.6664680176023238,1.6377264942078577e-13,0.8421663610482423,0,31086.912800965045,181,178,0.2613625
baseline-recovery-32,0,frozen,143,True,qualified,-1,False,8.375291197156152e-09,-79.72992446675319,0,2,2.5319597672131744,0.5194955810301823,2,4.02106707851788,0.34130507402333543,1.6377264942078577e-13,0.8416405097811074,0,31063.139198532943,181,178,0.2630705
baseline-recovery-32,0,frozen,144,True,qualified,-1,False,8.375291197156152e-09,-79.85237442320124,0,2,2.257982841871749,0.5726693819165773,2,1.4603795248587037,0.7990151519521409,1.6377264942078577e-13,0.8423263933397923,0,31095.060631665812,181,178,0.258437709
baseline-recovery-32,0,frozen,145,True,qualified,-1,True,8.375291197156152e-09,-79.81244747117724,0,2,2.4857982488284653,0.5278094789497693,2,1.9326392737917806,0.649906184251148,1.6377264942078577e-13,0.8432166476213286,0,31132.504506727873,186,183,0.265775334
baseline-recovery-32,0,frozen,146,True,qualified,-1,False,8.375291197156152e-09,-79.69387783356491,0,2,2.556127021720461,0.5152385823939933,2,2.5479631873191635,0.516669398413347,1.6377264942078577e-13,0.8420401744929156,0,31082.24860934638,181,178,0.258909
baseline-recovery-32,0,frozen,147,True,qualified,-1,False,8.375291197156152e-09,-80.76712324813437,0,2,2.677932938725801,0.49473058555836735,2,4.084815967324918,0.3362819887017277,2.9122203471820444e-18,0.8421950330386,0,31090.006194677226,181,178,0.259891291
baseline-recovery-32,0,frozen,148,True,qualified,-1,False,8.375291197156152e-09,-79.6760315226396,0,2,2.2186953768464823,0.5811101488555205,2,1.754184670113759,0.7003835142221895,1.6377264942078577e-13,0.8421613533715484,0,31088.318366901352,181,178,0.264725916
baseline-recovery-32,0,frozen,149,True,qualified,-1,False,8.375291197156152e-09,-79.65150385028225,0,2,2.1574839590496784,0.5947148612015983,2,1.780111372786741,0.6926433199036901,1.6377264942078577e-13,0.8423639729768121,0,31095.79011399117,181,178,0.254770583
baseline-recovery-32,0,frozen,150,True,qualified,-1,False,8.375291197156152e-09,-80.35887065920387,0,2,2.3320092408475115,0.5573532050199181,2,3.512673779202742,0.38721784408835375,1.6377264942078577e-13,0.8425875473812641,0,31109.37599401705,181,178,0.252450334
baseline-recovery-32,0,frozen,151,True,qualified,-1,False,8.375291197156152e-09,-79.7325346824448,0,2,2.5197796874018548,0.5216657392695757,2,3.200020685113503,0.4218220564986723,1.6377264942078577e-13,0.842412931771304,0,31097.899734380557,181,178,0.253462666
baseline-recovery-32,0,frozen,152,True,qualified,-1,False,8.375291197156152e-09,-79.76695079169386,0,2,2.2659736912994966,0.5709795725695298,2,2.7706852463918272,0.48010672426593254,1.6377264942078577e-13,0.8427538273673144,0,31114.55799027498,181,178,0.251869167
baseline-recovery-32,0,frozen,153,True,qualified,-1,False,9.713741255670392e-09,-79.63942095988334,0,2,2.4001206385222305,0.5439049975497415,2,3.002993045499529,0.446812376572618,1.6377264942078577e-13,0.8421310127487434,0,31083.905358807875,193,190,0.271053375
baseline-recovery-32,0,frozen,154,True,qualified,-1,False,9.471997019929866e-09,-79.63411747778605,0,2,2.6776345484540296,0.4947789693782339,2,2.900682846449943,0.46092344691340503,1.6377264942078577e-13,0.8422126899778678,0,31089.730540273176,215,212,0.297442333
baseline-recovery-32,0,frozen,155,True,qualified,-1,False,8.375291197156152e-09,-79.62215140749728,0,2,2.6416234641524743,0.5006834447920502,2,2.486464447214407,0.5276877541835282,1.6377264942078577e-13,0.8423378368326346,0,31094.906478030654,181,178,0.254162083
baseline-recovery-32,0,frozen,156,True,qualified,-1,False,8.375291197156152e-09,-80.15582598091899,0,2,2.2760045298930778,0.5688710745877321,2,2.478403926982891,0.5291640091358734,1.6377264942078577e-13,0.8430608844915172,0,31134.091945504922,181,178,0.254641459
baseline-recovery-32,0,frozen,157,True,qualified,-1,False,8.375291197156152e-09,-79.89233548814774,0,2,2.3043544019960045,0.5629873346102094,2,2.2158804544942194,0.5817235168002172,1.6377264942078577e-13,0.8419240182116727,0,31074.62802439826,181,178,0.254772291
baseline-recovery-32,0,frozen,158,True,qualified,-1,False,8.375291197156152e-09,-80.08335732174953,0,2,2.271428919133792,0.569831127812316,2,2.3388926163909702,0.5559667338527386,1.6377264942078577e-13,0.8417647729453028,0,31064.86220189164,181,178,0.255986292
baseline-recovery-32,0,frozen,159,True,qualified,-1,False,8.375291197156152e-09,-79.86340435059267,0,2,2.418041729679687,0.5404645173946035,2,3.7739036290659005,0.36223386756074494,1.6377264942078577e-13,0.8419857058789351,0,31075.572683180068,181,178,0.252674583
baseline-recovery-32,0,frozen,160,True,qualified,-1,False,8.375291197156152e-09,-79.68656119804395,0,2,2.219254120353011,0.5809885375676332,2,1.661267405987772,0.7293434440392614,1.6377264942078577e-13,0.8421391130259059,0,31082.636705965833,181,178,0.254564291
baseline-recovery-32,0,frozen,161,True,qualified,-1,False,8.375291197156152e-09,-79.63343308244454,0,2,2.189703102311338,0.5874836497111016,2,2.4303334474970195,0.5381276902953591,1.6377264942078577e-13,0.8422489232066758,0,31090.154387480903,181,178,0.256007042
baseline-recovery-32,0,frozen,162,True,qualified,-1,False,8.375291197156152e-09,-79.62122401688868,0,2,2.3876947351205238,0.5463140845610865,2,2.3096229978357075,0.5619060161541625,1.6377264942078577e-13,0.8423488144496817,0,31095.62351515896,181,178,0.25951475
baseline-recovery-32,0,frozen,163,True,qualified,-1,False,8.375291197156152e-09,-79.65134563092445,0,2,2.475056503775418,0.5297793095294939,2,3.2699870555093917,0.4135761178090002,1.6377264942078577e-13,0.8420247373172302,0,31081.397283996634,181,178,0.25244525
baseline-recovery-32,0,frozen,164,True,qualified,-1,False,8.375291197156152e-09,-79.63166602595811,0,2,2.3288625697317067,0.5579891108258442,2,2.131173136750135,0.600738819703849,1.6377264942078577e-13,0.8422698647296422,0,31091.594693251056,181,178,0.262947
baseline-recovery-32,0,frozen,165,True,qualified,-1,False,8.375291197156152e-09,-79.62121860438882,0,2,2.403447783423385,0.5432632330729308,2,1.7908449236860138,0.6894809352397765,1.6377264942078577e-13,0.8422757624571815,0,31091.655979618095,181,178,0.263615875
baseline-recovery-32,0,frozen,166,True,qualified,-1,False,8.375291197156152e-09,-79.6338912437098,0,2,2.3110629579697566,0.5616111356884722,2,2.4077215883123135,0.5424408970207136,1.6377264942078577e-13,0.8421881562753887,0,31086.853947288953,181,178,0.25501025
baseline-recovery-32,0,frozen,167,True,qualified,-1,False,8.375291197156152e-09,-79.62431786610685,0,2,2.556924209848752,0.5150992571148537,2,3.193755603633411,0.42257571521403786,1.6377264942078577e-13,0.842257779414218,0,31090.143051151448,181,178,0.25209825
failed-only-best-6,0,joint,,False,budget-exhausted,-1,False,2.9711873961155946e-07,-319.15259348822644,0,336,18.908601553408495,0.124856530939839,336,131.87329085000349,0.020478693611540203,0.0,0.8159378877177923,91,29960.94434864737,4001,4000,5743.102325833
failed-only-best-6,0,frozen,0,True,qualified,-1,False,9.937449760180896e-09,-83.36241578598445,0,2,2.5587439090953494,0.5147814872343651,2,1.3400078867339764,0.8458158907101859,4.9357237191530906e-18,0.8418674760212638,0,31069.849788756623,225,222,0.573961084
failed-only-best-6,0,frozen,1,True,qualified,-1,False,9.937449760180896e-09,-83.45656709398466,0,2,2.277050018862074,0.5686521204881657,2,1.9915323165902559,0.6346040694383575,4.9357237191530906e-18,0.8417628464484469,0,31064.62091249099,225,222,0.62145325
failed-only-best-6,0,frozen,2,True,qualified,-1,False,9.937449760180896e-09,-83.35754921415553,0,2,2.325988191240489,0.5585711416599899,2,1.276486169506617,0.8721381202832,4.9357237191530906e-18,0.841853499450942,0,31068.428149230225,225,222,0.614892375
failed-only-best-6,0,frozen,3,True,qualified,-1,False,9.937449760180896e-09,-83.39316085435973,0,2,2.5138255015149853,0.5227327021187148,2,1.2366464995400408,0.8892324291004718,4.9357237191530906e-18,0.8418533294567768,0,31068.65638797164,225,222,0.552223208
failed-only-best-6,0,frozen,4,True,qualified,-1,False,9.937449760180896e-09,-83.41932865402795,0,2,2.437954440298698,0.5366881017453159,2,2.138624879643009,0.5990217135284214,4.9357237191530906e-18,0.8416931045354342,0,31059.48705617099,225,222,0.533311
failed-only-best-6,0,frozen,5,True,qualified,-1,False,9.937449760180896e-09,-83.48095422236717,0,2,2.393079035602946,0.5452678099752267,2,1.3638869039124564,0.8362146015251627,4.9357237191530906e-18,0.8417449859956173,0,31062.776216913986,225,222,0.540718458
failed-only-best-6,0,frozen,6,True,qualified,-1,False,8.740978671309676e-09,-83.40309663867859,0,2,2.712997480636774,0.4891055937852277,2,2.0608731670465312,0.6173781612197655,4.9357237191530906e-18,0.8418869931563496,0,31070.339793199502,229,226,0.5506925
failed-only-best-6,0,frozen,7,True,qualified,-1,False,9.1916271065448e-09,-84.8321522251952,0,2,2.9699355581052522,0.4512817980592022,2,3.803715522954822,0.35957905072214036,4.9357237191530906e-18,0.8423502309852453,0,31094.61857761722,230,227,0.584863
failed-only-best-6,0,frozen,8,True,qualified,-1,False,9.937449760180896e-09,-84.13439676626474,0,2,2.218878289139218,0.5810703327093787,2,1.466749334079641,0.79664792463602,4.9357237191530906e-18,0.8417938708285849,0,31068.34169009396,225,222,0.555536167
failed-only-best-6,0,frozen,9,True,qualified,-1,False,9.937449760180896e-09,-83.36540389964746,0,2,2.2035734749098634,0.5844188983301105,2,1.8928597686536572,0.660608183830259,4.9357237191530906e-18,0.8418731404675908,0,31069.790653698878,225,222,0.593491583
failed-only-best-6,0,frozen,10,True,qualified,-1,False,9.937449760180896e-09,-83.37644812012164,0,2,2.2772633596282237,0.568607459781202,2,3.2466500922925814,0.41629215733698777,4.9357237191530906e-18,0.8418644359689045,0,31069.672642297664,225,222,0.591205292
failed-only-best-6,0,frozen,11,True,qualified,-1,False,9.937449760180896e-09,-83.57503565088466,0,2,2.556084884668022,0.5152459486609233,2,2.290330369471215,0.5658840533624389,4.9357237191530906e-18,0.8418114838498068,0,31066.380222719505,225,222,0.543172917
failed-only-best-6,0,frozen,12,True,qualified,-1,False,9.937449760180896e-09,-83.44485906548734,0,2,2.3464213370051645,0.5544574357926632,2,2.9208364976370937,0.4580778060630793,4.9357237191530906e-18,0.8418837176698237,0,31070.13082119055,225,222,0.524822375
failed-only-best-6,0,frozen,13,True,qualified,-1,False,9.937449760180896e-09,-83.35733229541168,0,2,2.298647078433714,0.5641629578699495,2,2.148150927305467,0.5968393213518322,4.9357237191530906e-18,0.8418349690088687,0,31067.636868545156,225,222,0.526556209
failed-only-best-6,0,frozen,14,True,qualified,-1,False,9.937449760180896e-09,-83.6157437328819,0,2,2.3965600760213546,0.5445933207157178,2,2.165212138898222,0.5929659038015201,4.9357237191530906e-18,0.8420482145098084,0,31079.675592717627,225,222,0.542797958
failed-only-best-6,0,frozen,15,True,qualified,-1,False,9.937449760180896e-09,-83.79805212396731,0,2,2.397790707141819,0.5443552369560429,2,3.332631498207569,0.4064497883343737,4.9357237191530906e-18,0.842579097917104,0,31103.477652720918,225,222,0.517036875
failed-only-best-6,0,frozen,16,True,qualified,-1,False,9.937449760180896e-09,-83.5728253359028,0,2,2.4299812267939123,0.5381943949348246,2,2.8047897113301166,0.4749309053809217,4.9357237191530906e-18,0.8423375354779132,0,31092.574110074187,225,222,0.513431333
failed-only-best-6,0,frozen,17,True,qualified,-1,False,9.937449760180896e-09,-83.5140807778846,0,2,2.4200399248679303,0.5400833698977537,2,2.3175559262159484,0.5602849589118872,4.9357237191530906e-18,0.8417496799645823,0,31063.641625936565,225,222,0.546268792
failed-only-best-6,0,frozen,18,True,qualified,-1,False,9.937449760180896e-09,-83.42271422172857,0,2,2.4551694551320336,0.5334620605643501,2,2.3858518516624745,0.5466730346759977,4.9357237191530906e-18,0.8415041934292811,0,31053.279304249285,225,222,0.567574958
failed-only-best-6,0,frozen,19,True,qualified,-1,False,9.937449760180896e-09,-83.4788685629677,0,2,2.2664333965049557,0.5708826333669541,2,2.3211326206545597,0.5595568493405021,4.9357237191530906e-18,0.8418255439368858,0,31069.84934779752,225,222,0.764151583
failed-only-best-6,0,frozen,20,True,qualified,-1,False,9.937449760180896e-09,-83.45214394460662,0,2,2.228833016921102,0.57891077043189,2,1.487952364124111,0.788845423698781,4.9357237191530906e-18,0.8421358568192542,0,31085.446656993176,225,222,0.629351708
failed-only-best-6,0,frozen,21,True,qualified,-1,False,9.937449760180896e-09,-83.44106454981625,0,2,2.2848503932735076,0.5670233039586242,2,1.5176924623681507,0.778099338283714,4.9357237191530906e-18,0.8415438810496679,0,31052.220513100183,225,222,0.615666125
failed-only-best-6,0,frozen,22,True,qualified,-1,False,9.937449760180896e-09,-83.35557627599206,0,2,2.5285678959112485,0.5200982460361138,2,1.5774568721811049,0.7571879866712359,4.9357237191530906e-18,0.841907859635027,0,31071.307626123307,225,222,0.646269542
failed-only-best-6,0,frozen,23,True,qualified,-1,False,9.937449760180896e-09,-83.68786350116837,0,2,2.270053424844913,0.5701203059355546,2,2.00177118288301,0.632007731897796,4.9357237191530906e-18,0.8421415343047232,0,31083.80114783691,225,222,0.612449292
failed-only-best-6,0,frozen,24,True,qualified,-1,False,9.937449760180896e-09,-83.3728270431258,0,2,2.4391623772128295,0.5364605725796726,2,3.741955510629645,0.3651212193018897,4.9357237191530906e-18,0.841824849606543,0,31066.862572767262,225,222,0.551347583
failed-only-best-6,0,frozen,25,True,qualified,-1,False,9.711846232602017e-09,-83.61765628819067,0,2,2.381463354110075,0.5475295446410025,2,1.8635630905807423,0.6686856239694846,4.9357237191530906e-18,0.8419822134163512,0,31073.865170689834,279,276,0.697932625
failed-only-best-6,0,frozen,26,True,qualified,-1,False,9.937449760180896e-09,-83.96164346220858,0,2,2.343179042522801,0.5551065110109195,2,2.4655759605866168,0.5315291089031268,4.9357237191530906e-18,0.8421547048737401,0,31082.600079010997,225,222,0.574160167
failed-only-best-6,0,frozen,27,True,qualified,-1,False,9.937449760180896e-09,-85.32957586589198,0,2,2.388786542131406,0.5461016291664896,2,4.336285490870538,0.31779380474669644,4.9357237191530906e-18,0.8416874271788679,0,31060.299559684787,225,222,0.59269325
failed-only-best-6,0,frozen,28,True,qualified,-1,False,9.937449760180896e-09,-83.94201291014271,0,2,2.5158511083614012,0.5223692718131098,2,2.312101329205436,0.5613986681388361,4.9357237191530906e-18,0.8420405356812414,0,31077.16887417773,225,222,0.770955333
failed-only-best-6,0,frozen,29,True,qualified,-1,False,9.937449760180896e-09,-84.02164360641657,0,2,2.5525273226744973,0.5158685726188791,2,2.4612663091750075,0.5323280417651794,4.9357237191530906e-18,0.8419799158709886,0,31073.135064496124,225,222,0.595696167
failed-only-best-6,0,frozen,30,True,qualified,-1,False,9.937449760180896e-09,-83.39879240139756,0,2,2.2529335073651384,0.5737418130985908,2,1.449059985526073,0.8032485000942379,4.9357237191530906e-18,0.8417826105879639,0,31065.102341665443,225,222,0.666276542
failed-only-best-6,0,frozen,31,True,qualified,-1,False,9.937449760180896e-09,-84.43057890726917,0,2,2.2084035323636293,0.5833583879736955,2,1.19505225971456,0.9075639789534315,4.9357237191530906e-18,0.8415777856783854,0,31057.00711607113,225,222,0.644751125
failed-only-best-6,0,frozen,32,True,qualified,-1,False,9.937449760180896e-09,-83.3993896873634,0,2,2.2961638308067007,0.5646758586023654,2,1.2403750632539594,0.887613343328365,4.9357237191530906e-18,0.8418683176586053,0,31069.304118109947,225,222,0.620330833
failed-only-best-6,0,frozen,33,True,qualified,-1,False,9.937449760180896e-09,-83.35882675542874,0,2,2.4311355236361036,0.5379758471132952,2,1.2431926559130453,0.8863924746746787,4.9357237191530906e-18,0.8418323842547637,0,31067.56569595742,225,222,0.540985417
failed-only-best-6,0,frozen,34,True,qualified,-1,False,9.937449760180896e-09,-83.72294050470843,0,2,2.2988800881701863,0.5641148743160537,2,2.043110567220688,0.6217118742774428,4.9357237191530906e-18,0.8417696113882439,0,31064.2094020576,225,222,0.520267542
failed-only-best-6,0,frozen,35,True,qualified,-1,False,9.937449760180896e-09,-84.30570826531367,0,2,2.2570445446997613,0.5728683938126706,2,1.797429668213185,0.6875529363134402,4.9357237191530906e-18,0.8421261741224492,0,31082.70177028315,225,222,0.543570334
failed-only-best-6,0,frozen,36,True,qualified,-1,False,9.937449760180896e-09,-85.48582006172714,0,2,2.365838283366285,0.550599073235785,2,2.9465882491122484,0.4544895315981803,4.9357237191530906e-18,0.8420337500496181,0,31079.739778923184,225,222,0.529268125
failed-only-best-6,0,frozen,37,True,qualified,-1,False,9.937449760180896e-09,-83.79192278833978,0,2,2.3541199872023437,0.5529217587475662,2,1.5982711966970564,0.7501144320779457,4.9357237191530906e-18,0.8421486350523121,0,31084.6516882482,225,222,0.564441333
failed-only-best-6,0,frozen,38,True,qualified,-1,False,9.937449760180896e-09,-83.95369998847373,0,2,2.4560071096201277,0.5333059937821747,2,3.411189404890062,0.39783824114630895,4.9357237191530906e-18,0.8419952265562666,0,31076.539467100116,225,222,0.55825725
failed-only-best-6,0,frozen,39,True,qualified,-1,False,9.937449760180896e-09,-83.7540153104637,0,2,2.4598823218411274,0.5325850760754204,2,2.095884942478076,0.6089904900084104,4.9357237191530906e-18,0.8420158378130257,0,31077.321742504366,225,222,0.56235125
failed-only-best-6,0,frozen,40,True,qualified,-1,False,9.937449760180896e-09,-83.36170629629271,0,2,2.2796612624421546,0.5681059190723409,2,1.9020768134298967,0.6581015509054413,4.9357237191530906e-18,0.8418362706158979,0,31067.876369867612,225,222,0.535298458
failed-only-best-6,0,frozen,41,True,qualified,-1,False,9.937449760180896e-09,-83.38619145909391,0,2,2.1995642925233034,0.5853018036696241,2,2.172873518289776,0.5912411140511407,4.9357237191530906e-18,0.8418878140167617,0,31070.036861105134,225,222,0.558814709
failed-only-best-6,0,frozen,42,True,qualified,-1,False,9.937449760180896e-09,-83.36448377763634,0,2,2.2791431304741687,0.5682142228175084,2,1.8668503683806035,0.6677708633471923,4.662136315719788e-18,0.84176589387077,0,31064.999320271007,225,222,0.545884584
failed-only-best-6,0,frozen,43,True,qualified,-1,False,9.937449760180896e-09,-83.36508404112672,0,2,2.3740318492950543,0.5489855563007642,2,1.426459604911033,0.8118034450515289,4.940335560977508e-18,0.84187018170363,0,31069.59292363455,225,222,0.564267541
failed-only-best-6,0,frozen,44,True,qualified,-1,False,9.937449760180896e-09,-83.42902236128519,0,2,2.32682279667215,0.5584020294969355,2,3.5452269060893586,0.3839254807769609,4.9357237191530906e-18,0.8421072572425726,0,31082.670964523182,225,222,0.582837
failed-only-best-6,0,frozen,45,True,qualified,-1,False,9.937449760180896e-09,-83.42151303727125,0,2,2.424529611977679,0.5392287717744596,2,2.223314050054377,0.5801062601320649,4.9357237191530906e-18,0.8416770134440607,0,31057.807875524628,225,222,0.512964541
failed-only-best-6,0,frozen,46,True,qualified,-1,False,9.937449760180896e-09,-83.4520556497567,0,2,2.535823818908874,0.5188105867678416,2,1.838664107883627,0.675684490292495,4.9357237191530906e-18,0.8417086144291162,0,31059.885960226406,225,222,0.51333875
failed-only-best-6,0,frozen,47,True,qualified,-1,False,9.937449760180896e-09,-83.45875226231041,0,2,2.5761320547464526,0.5117632085996562,2,3.1878265932439898,0.423291308507294,4.9357237191530906e-18,0.8417684599712985,0,31063.376191243067,225,222,0.569079542
failed-only-best-6,0,frozen,48,True,qualified,-1,False,9.937449760180896e-09,-83.35793068576524,0,2,2.2034486066393275,0.5844463608697518,2,1.1995730360365178,0.9055475955045633,3.2094682099406347e-18,0.8418466753547995,0,31068.474156948883,225,222,0.920284458
failed-only-best-6,0,frozen,49,True,qualified,-1,False,9.937449760180896e-09,-83.48784941570419,0,2,2.199545504079972,0.5853059469069277,2,1.8351005294563125,0.6766964058379491,1.328482337405038e-11,0.842323905701866,0,31090.232504220046,225,222,0.502383833
failed-only-best-6,0,frozen,50,True,qualified,-1,False,9.937449760180896e-09,-83.71755716245964,0,2,2.2472203606668653,0.5749596054910434,2,2.031156830678734,0.6246586008052919,2.8358060368985988e-33,0.8426485074044457,0,31106.585954780403,225,222,0.527274708
failed-only-best-6,0,frozen,51,True,qualified,-1,False,9.937449760180896e-09,-83.36188435153656,0,2,2.454600066312911,0.5335681935187202,2,2.0956297251661336,0.6090509011829984,3.71648607901801e-19,0.8417909117347999,0,31065.577630858064,225,222,0.518893
failed-only-best-6,0,frozen,52,True,qualified,-1,False,9.937449760180896e-09,-84.10252660631132,0,2,2.3028245140360015,0.5633020330659084,2,3.2508146895073424,0.41580497813101414,4.9326401265216045e-30,0.842194927138951,0,31087.4047289787,225,222,0.541413125
failed-only-best-6,0,frozen,53,True,qualified,-1,False,9.937449760180896e-09,-83.59574930132631,0,2,2.39379268271,0.5451294088848049,2,2.4726579350773115,0.5302210067264013,1.62662776649894e-21,0.8419480762601613,0,31073.26899297709,225,222,0.504849042
failed-only-best-6,0,frozen,54,True,qualified,-1,False,9.937449760180896e-09,-84.6365675373878,0,2,2.462256839625344,0.5321442200314498,2,3.725046801451296,0.3666673985321323,4.130984455963081e-17,0.8422148075714486,0,31087.35669885622,225,222,0.521172709
failed-only-best-6,0,frozen,55,True,qualified,-1,False,9.937449760180896e-09,-83.38541760537012,0,2,2.558907490133308,0.5147529391940994,2,2.168240119939829,0.5922831474474981,3.4563103404440024e-18,0.8419067195893881,0,31071.251664995405,225,222,0.53002575
failed-only-best-6,0,frozen,56,True,qualified,-1,False,9.937449760180896e-09,-83.36414558590545,0,2,2.603318390267314,0.5071092161041794,2,2.5162866670605153,0.5222911855391417,2.8154960753585212e-18,0.8417891266753545,0,31065.766396201747,225,222,0.513049708
failed-only-best-6,0,frozen,57,True,qualified,-1,False,9.937449760180896e-09,-83.4512572936554,0,2,2.181689185777467,0.5892675334767229,2,1.7837602296907984,0.6915655321540329,4.58453860047659e-17,0.8419289686170338,0,31071.31586469816,225,222,0.533771416
failed-only-best-6,0,frozen,58,True,qualified,-1,False,9.937449760180896e-09,-83.40517516899297,0,2,2.1510606111296133,0.5961755447591689,2,1.7224424482603915,0.7100589539322077,4.9357237191530906e-18,0.841767114710567,0,31064.453831533217,225,222,0.516324291
failed-only-best-6,0,frozen,59,True,qualified,-1,False,9.937449760180896e-09,-83.96437832739471,0,2,2.327850252940757,0.5581939684787286,2,4.0394380605440325,0.3398426792211264,4.9357237191530906e-18,0.8415817935667056,0,31058.200742158875,225,222,0.523298875
failed-only-best-6,0,frozen,60,True,qualified,-1,False,9.937449760180896e-09,-83.54153178192294,0,2,2.356385903508623,0.5524712414982469,2,3.4796630707198153,0.39061225885308465,4.9357237191530906e-18,0.8416194624291031,0,31058.230417651535,225,222,0.511497542
failed-only-best-6,0,frozen,61,True,qualified,-1,False,9.937449760180896e-09,-83.3728516814636,0,2,2.369002724748741,0.549974893155722,2,1.7150944081793622,0.7123305037224161,4.9357237191530906e-18,0.8416561040714657,0,31059.815637871823,225,222,0.51331525
failed-only-best-6,0,frozen,62,True,qualified,-1,False,9.937449760180896e-09,-83.3547954930475,0,2,2.4531886166011594,0.5338314520146838,2,2.119735214265829,0.6033915630932092,4.9357237191530906e-18,0.8418293363994842,0,31067.25456093439,225,222,0.521132042
failed-only-best-6,0,frozen,63,True,qualified,-1,False,9.937449760180896e-09,-83.40813193449179,0,2,2.444824581186651,0.5353963813854374,2,3.5678260420835826,0.38167129010758916,4.9357237191530906e-18,0.8418145535484454,0,31066.944611942854,225,222,0.503146
failed-only-best-6,0,frozen,64,True,qualified,-1,False,9.937449760180896e-09,-83.36168926748503,0,2,2.5646459073985604,0.5137533227013248,2,3.5342599961188075,0.3850286333174568,4.9357237191530906e-18,0.8418226622704069,0,31066.82890736121,225,222,0.520536208
failed-only-best-6,0,frozen,65,True,qualified,-1,False,9.937449760180896e-09,-83.35545849689835,0,2,2.748711864351157,0.48349769595854913,2,2.344778660575319,0.5547861107775715,4.9357237191530906e-18,0.8418555610923544,0,31068.888604089578,225,222,0.488680375
failed-only-best-6,0,frozen,66,True,qualified,-1,False,9.937449760180896e-09,-83.60437763060125,0,2,2.205725032118103,0.5839460652486698,2,1.9239598170973726,0.652215584044235,4.9357237191530906e-18,0.8421006268175233,0,31082.45832043857,225,222,0.489945833
failed-only-best-6,0,frozen,67,True,qualified,-1,True,9.937449760180896e-09,-83.37666899492741,0,2,2.1854967957835276,0.5884187584809393,2,1.629420229792548,0.7397256806531846,4.9357237191530906e-18,0.8428923560324209,0,31117.74185673663,281,278,0.634741416
failed-only-best-6,0,frozen,68,True,qualified,-1,False,9.937449760180896e-09,-83.37625193433895,0,2,2.248706351115402,0.5746424094591706,2,1.860185907426268,0.669627639257589,4.9357237191530906e-18,0.8417481149704947,0,31062.775695590244,225,222,0.512973
failed-only-best-6,0,frozen,69,True,qualified,-1,False,9.937449760180896e-09,-83.44807002016546,0,2,2.4525905925501776,0.5339430651523559,2,1.6649158058904803,0.7281692628736255,4.9357237191530906e-18,0.8416463854330642,0,31058.37238318262,225,222,0.497353
failed-only-best-6,0,frozen,70,True,qualified,-1,False,9.937449760180896e-09,-83.36128875696356,0,2,2.375710494727658,0.5486560523298311,2,2.2751862602912176,0.5690425490117219,4.9357237191530906e-18,0.8418648089302637,0,31069.713155100755,225,222,0.564130833
failed-only-best-6,0,frozen,71,True,qualified,-1,False,9.937449760180896e-09,-83.35528745901559,0,2,2.741644015005698,0.48459794620601715,2,2.683893684260964,0.4937658952270052,4.9357237191530906e-18,0.8418208507888147,0,31066.85241607549,225,222,0.5246895
failed-only-best-6,0,frozen,72,True,qualified,-1,False,9.937449760180896e-09,-83.37487254738942,0,2,2.1784393012363794,0.5899937180147816,2,1.4792099146668012,0.7920482164950654,4.9357237191530906e-18,0.8419298632271704,0,31073.472183360973,225,222,0.497530791
failed-only-best-6,0,frozen,73,True,qualified,-1,False,9.937449760180896e-09,-83.44567006485148,0,2,2.147121810059381,0.5970744060853169,2,1.4955100368766858,0.7860928016004962,4.9357237191530906e-18,0.8417255855208333,0,31062.085700711683,225,222,0.524185667
failed-only-best-6,0,frozen,74,True,qualified,-1,False,9.937449760180896e-09,-83.5422263400518,0,2,2.304184420264889,0.5630222841788833,2,1.8761321800537123,0.6651995272205118,4.9357237191530906e-18,0.8418369033116605,0,31068.184631584467,225,222,0.486531708
failed-only-best-6,0,frozen,75,True,qualified,-1,False,9.937449760180896e-09,-83.42299764267575,0,2,2.4370305759011264,0.5368622418339096,2,1.5552280241906729,0.7648606691453375,4.9357237191530906e-18,0.8416834904012328,0,31059.76797708606,225,222,0.488196583
failed-only-best-6,0,frozen,76,True,qualified,-1,False,9.937449760180896e-09,-83.36359289217792,0,2,2.327519332369435,0.5582609648900473,2,1.8760208391127713,0.6652302712890934,4.9357237191530906e-18,0.8417485851867217,0,31063.71114961149,225,222,0.50219625
failed-only-best-6,0,frozen,77,True,qualified,-1,False,9.937449760180896e-09,-83.36730329949968,0,2,2.492967675615847,0.5265022191542349,2,1.4327062428008317,0.8094251452865442,4.9357237191530906e-18,0.841871744176867,0,31069.913222724226,225,222,0.475998375
failed-only-best-6,0,frozen,78,True,qualified,-1,False,9.937449760180896e-09,-83.86973879082124,0,2,2.546237137449056,0.5169728504539437,2,3.8896939613427954,0.35212883960964664,4.9357237191530906e-18,0.8420562340247999,0,31081.37323747159,225,222,0.519885583
failed-only-best-6,0,frozen,79,True,qualified,-1,False,9.937449760180896e-09,-83.57229715901462,0,2,2.236559797166967,0.5772444639004474,2,1.9264723390667566,0.6515456018227452,4.9357237191530906e-18,0.8422933003969941,0,31094.28182225607,225,222,0.502298417
failed-only-best-6,0,frozen,80,True,qualified,-1,False,9.937449760180896e-09,-83.37672229265307,0,2,2.211804511691188,0.5826137231177123,2,1.9844042339362322,0.6364226159865194,4.9357237191530906e-18,0.8419676241830661,0,31075.054508150355,225,222,0.472321542
failed-only-best-6,0,frozen,81,True,qualified,-1,False,9.937449760180896e-09,-83.61516188246995,0,2,2.2527665616484684,0.5737773326441772,2,3.6456020490746597,0.37410420340691103,4.9357237191530906e-18,0.8415638706648174,0,31052.54312100023,225,222,0.488725041
failed-only-best-6,0,frozen,82,True,qualified,-1,False,9.937449760180896e-09,-83.35638308288605,0,2,2.4367141713611224,0.5369219050237852,2,2.2580183385964667,0.572661855544784,4.9357237191530906e-18,0.8418095558912801,0,31066.20954085923,225,222,0.533933
failed-only-best-6,0,frozen,83,True,qualified,-1,False,9.937449760180896e-09,-84.53192299111576,0,2,2.3065780229309047,0.5625305025903046,2,3.6087463963277258,0.37765370349209826,4.9357237191530906e-18,0.841604025551677,0,31062.842134225873,225,222,0.609870208
failed-only-best-6,0,frozen,84,True,qualified,-1,False,9.937449760180896e-09,-83.3770438914174,0,2,2.252075557080988,0.5739243936747086,2,2.1208969755262896,0.6031211714874628,4.9357237191530906e-18,0.8421629920221836,0,31085.683050916658,225,222,0.526726833
failed-only-best-6,0,frozen,85,True,qualified,-1,False,9.937449760180896e-09,-83.44156663915813,0,2,2.3806138435442197,0.5476956277510732,2,2.250459144158284,0.5742686675594428,4.9357237191530906e-18,0.8421615442190284,0,31085.22673052386,225,222,0.503155125
failed-only-best-6,0,frozen,86,True,qualified,-1,False,9.937449760180896e-09,-83.43591157576105,0,2,2.416606780584387,0.5407385316462573,2,2.5197818956410494,0.5216653443075595,4.9357237191530906e-18,0.8421370908372944,0,31084.7118100388,225,222,0.508940042
failed-only-best-6,0,frozen,87,True,qualified,-1,False,9.937449760180896e-09,-83.42831689915356,0,2,2.389419431708774,0.5459785438098064,2,1.7929655982135504,0.6888590103573536,4.9357237191530906e-18,0.842023241039801,0,31077.658906542223,234,231,0.527560792
failed-only-best-6,0,frozen,88,True,qualified,-1,False,9.937449760180896e-09,-83.46358968243064,0,2,2.332068627602634,0.557341216297822,2,2.1917489255695344,0.5870298021038796,4.9357237191530906e-18,0.841925571419012,0,31072.384371796117,225,222,0.483184042
failed-only-best-6,0,frozen,89,True,qualified,-1,False,9.937449760180896e-09,-83.50691020958631,0,2,2.4003824075286704,0.5438544554136959,2,3.8960705968851195,0.35158816433929846,4.9357237191530906e-18,0.8418161920794628,0,31066.978190383386,225,222,0.531264792
failed-only-best-6,0,frozen,90,True,qualified,-1,False,9.937449760180896e-09,-83.42348586936642,0,2,2.6764941104603825,0.4949639719267347,2,2.2834697120809047,0.5673109928496965,4.9357237191530906e-18,0.8418502305662232,0,31068.670926310173,225,222,0.525666792
failed-only-best-6,0,frozen,91,True,qualified,-1,False,9.937449760180896e-09,-83.6234648462881,0,2,2.211418859326022,0.5826980782133057,2,2.1578185530769294,0.5946389488136821,4.9357237191530906e-18,0.8418582528968709,0,31068.779637019772,225,222,0.493105041
failed-only-best-6,0,frozen,92,True,qualified,-1,False,9.937449760180896e-09,-83.4343677562369,0,2,2.1542608771236926,0.5954469978973578,2,1.6328852832145322,0.7385844308619999,4.9357237191530906e-18,0.8415395372332964,0,31054.183240308215,225,222,0.521971708
failed-only-best-6,0,frozen,93,True,qualified,-1,False,9.937449760180896e-09,-83.37516586954482,0,2,2.28842466590325,0.5662797665178102,2,2.189700710785814,0.5874841806175041,4.9357237191530906e-18,0.8418417201093721,0,31068.163537228942,225,222,0.481923417
failed-only-best-6,0,frozen,94,True,qualified,-1,False,9.937449760180896e-09,-84.17068363450383,0,2,2.412477689289372,0.5415284315321557,2,3.9610874000872243,0.3461657157599272,4.9357237191530906e-18,0.841651987061036,0,31056.59425204041,225,222,0.509924208
failed-only-best-6,0,frozen,95,True,qualified,-1,False,9.937449760180896e-09,-83.49688238766218,0,2,2.332099817105036,0.5573349200936184,2,2.7184798110080295,0.4882368877558144,4.9357237191530906e-18,0.84239377017097,0,31089.32764526281,225,222,0.514825833
failed-only-best-6,0,frozen,96,True,qualified,-1,False,9.937449760180896e-09,-83.3801818160551,0,2,2.260131387094155,0.572214147055311,2,2.1915688210842945,0.5870697314547043,4.9357237191530906e-18,0.841745071033612,0,31063.8106586854,225,222,0.492694292
failed-only-best-6,0,frozen,97,True,qualified,-1,False,9.937449760180896e-09,-83.3551101326688,0,2,2.3342681210516454,0.556897522463218,2,2.10785229670258,0.6061696426460689,4.9357237191530906e-18,0.8418224039248705,0,31067.155516236722,225,222,0.515150041
failed-only-best-6,0,frozen,98,True,qualified,-1,False,9.937449760180896e-09,-83.50310250054147,0,2,2.174386355737793,0.590901592348572,2,1.9094015979176775,0.6561211947479066,4.9357237191530906e-18,0.8427478785026864,0,31107.36848282422,225,222,0.504866666
failed-only-best-6,0,frozen,99,True,qualified,-1,False,9.937449760180896e-09,-83.35701567320392,0,2,2.3539450194365132,0.5529565742418613,2,2.506754315013003,0.5240050579355545,4.9357237191530906e-18,0.841900156887532,0,31070.629068469705,225,222,0.501213459
failed-only-best-6,0,frozen,100,True,qualified,-1,False,8.741586962504868e-09,-83.37687624684224,0,2,2.1890772959801548,0.5876226048270036,2,1.7348184079198432,0.7062602257696508,4.9357237191530906e-18,0.8418322159375767,0,31064.155628987664,314,311,0.708234667
failed-only-best-6,0,frozen,101,True,qualified,-1,False,9.937449760180896e-09,-84.61446821090321,0,2,2.354762258808579,0.5527939922317118,2,3.080401547555604,0.4366671985932917,4.9357237191530906e-18,0.8426445160873105,0,31109.302252591082,225,222,0.513047833
failed-only-best-6,0,frozen,102,True,qualified,-1,False,9.937449760180896e-09,-83.40203797822842,0,2,2.3824692798307474,0.5473330004036666,2,1.6864908518029273,0.7212886654640348,4.9357237191530906e-18,0.8418633415842541,0,31068.165287085474,225,222,0.486002
failed-only-best-6,0,frozen,103,True,qualified,-1,False,9.937449760180896e-09,-83.85428438106021,0,2,2.4277771785726063,0.538612148295681,2,3.7258772155690583,0.366591168463979,4.9357237191530906e-18,0.8425959854825426,0,31106.746800404697,225,222,0.505101583
failed-only-best-6,0,frozen,104,True,qualified,-1,False,9.937449760180896e-09,-83.44017323728966,0,2,2.4029249689215617,0.5433639858039592,2,2.6082236232125244,0.5062778326718333,4.9357237191530906e-18,0.8416892066073186,0,31060.901452904207,225,222,0.48974225
failed-only-best-6,0,frozen,105,True,qualified,-1,False,9.937449760180896e-09,-83.36556363756917,0,2,2.182630582184189,0.5890574778196446,2,1.6586444277651853,0.7301895265057816,4.9357237191530906e-18,0.8418585306048431,0,31069.02453810167,225,222,0.499828083
failed-only-best-6,0,frozen,106,True,qualified,-1,False,9.937449760180896e-09,-84.53447511239051,0,2,2.2035489181524475,0.5844242989661996,2,3.4355747320938987,0.39523571152247716,4.9357237191530906e-18,0.8424415017754472,0,31097.548540520627,225,222,0.496969583
failed-only-best-6,0,frozen,107,True,qualified,-1,False,9.782554746698693e-09,-83.64835667166687,0,2,2.288301905405205,0.5663052744993317,2,1.8986284309610055,0.6590374392092657,4.9357237191530906e-18,0.8417938311591514,0,31066.690133493346,225,222,0.506843208
failed-only-best-6,0,frozen,108,True,qualified,-1,False,8.81956977715508e-09,-83.39932375198849,0,2,2.481057405764625,0.5286771969894123,2,1.717488126484521,0.7115891929550153,4.9357237191530906e-18,0.8417720937270434,0,31065.99618684777,272,269,0.604827708
failed-only-best-6,0,frozen,109,True,qualified,-1,False,9.937449760180896e-09,-83.52909804651838,0,2,2.2715926679108147,0.5697967196050854,2,2.2917107451843703,0.5655977351577531,4.9357237191530906e-18,0.8416793534231244,0,31060.65677881327,225,222,0.491477
failed-only-best-6,0,frozen,110,True,qualified,-1,False,9.937449760180896e-09,-83.3814130898991,0,2,2.430943398559858,0.5380122116812798,2,2.6524043120501704,0.49890210689319203,4.9357237191530906e-18,0.8415248516387259,0,31053.982502447336,225,222,0.47839575
failed-only-best-6,0,frozen,111,True,qualified,-1,False,9.937449760180896e-09,-83.36359164588704,0,2,2.599548893475256,0.5077498250171733,2,2.1438811626817733,0.5978157577002827,4.9357237191530906e-18,0.8418259326431236,0,31067.677396171428,225,222,0.510256916
failed-only-best-6,0,frozen,112,True,qualified,-1,False,9.937449760180896e-09,-83.40208913310946,0,2,2.574143103099813,0.5121067974348896,2,3.229611167515726,0.41829676508468744,4.9357237191530906e-18,0.8420820015157489,0,31081.529079750086,225,222,0.495229
failed-only-best-6,0,frozen,113,True,qualified,-1,False,9.937449760180896e-09,-83.44187016433081,0,2,2.199674937725308,0.5852774051989358,2,1.304199845801003,0.8605136258406836,4.9357237191530906e-18,0.841736594401188,0,31063.147249352176,225,222,0.509038167
failed-only-best-6,0,frozen,114,True,qualified,-1,False,9.937449760180896e-09,-83.36123218101993,0,2,2.1864788832359916,0.5882001910705245,2,2.1401789508681266,0.5986647099088441,4.9357237191530906e-18,0.8418272954410841,0,31067.776709318725,225,222,0.52219325
failed-only-best-6,0,frozen,115,True,qualified,-1,False,9.937449760180896e-09,-83.70984505588113,0,2,2.3034176198835143,0.5631799931833995,2,3.20375042700691,0.42137459983150244,4.9357237191530906e-18,0.8428804635320389,0,31117.4937309231,225,222,0.490198375
failed-only-best-6,0,frozen,116,True,qualified,-1,False,9.937449399358413e-09,-83.41471078720933,0,2,2.4257110235593675,0.5390043048039975,2,2.245301827585938,0.5753695979514325,4.9357237191530906e-18,0.8418803348943473,0,31070.00666296755,225,222,0.480720875
failed-only-best-6,0,frozen,117,True,qualified,-1,False,9.937449760180896e-09,-83.3892682639956,0,2,2.31311829030135,0.5611907226559161,2,1.7550270737784486,0.7001297435162405,4.9357237191530906e-18,0.8417001658157472,0,31060.435328424148,225,222,0.504267792
failed-only-best-6,0,frozen,118,True,qualified,-1,False,9.937449760180896e-09,-83.40082919123388,0,2,2.3920150815539203,0.5454742669443595,2,3.2577466778869053,0.41499647116600724,4.9357237191530906e-18,0.8417553326096304,0,31063.939757502896,225,222,0.496095125
failed-only-best-6,0,frozen,119,True,qualified,-1,False,9.937449760180896e-09,-83.35806376891156,0,2,2.43722123711156,0.536826295444209,2,2.379660919886291,0.5478820379359834,4.9357237191530906e-18,0.8418880138563294,0,31070.731037470072,225,222,0.513934708
failed-only-best-6,0,frozen,120,True,qualified,-1,False,9.937449760180896e-09,-83.37475364294264,0,2,2.647486579125475,0.4997132098518101,2,2.3582276104528037,0.5521055588940553,4.9357237191530906e-18,0.8419477013921252,0,31074.6938150166,225,222,0.48885625
failed-only-best-6,0,frozen,121,True,qualified,-1,False,9.937449760180896e-09,-83.37344774600919,0,2,2.5674113193841817,0.5132728754324141,2,3.4077056054316923,0.3982127306166596,4.9357237191530906e-18,0.8418908739456997,0,31071.2274789421,225,222,0.508376667
failed-only-best-6,0,frozen,122,True,qualified,-1,False,9.937449760180896e-09,-83.40718310755443,0,2,2.2281277916232947,0.5790632856543998,2,2.0033997906646848,0.6315964679146723,4.9357237191530906e-18,0.842012693340618,0,31077.353550497635,225,222,0.500287875
failed-only-best-6,0,frozen,123,True,qualified,-1,False,9.937449760180896e-09,-83.93312076343213,0,2,2.252658024783165,0.5738004271880608,2,2.898449985230983,0.46124076841615896,4.9357237191530906e-18,0.8424879060345326,0,31099.342021820707,225,222,0.476431458
failed-only-best-6,0,frozen,124,True,qualified,-1,False,9.937449760180896e-09,-83.43752400890233,0,2,2.307588165091077,0.562323195649103,2,2.10766250407544,0.6062141980509019,4.9357237191530906e-18,0.841825846713787,0,31067.9596568849,225,222,0.488678708
failed-only-best-6,0,frozen,125,True,qualified,-1,False,9.937449760180896e-09,-83.48854641433071,0,2,2.396910792300832,0.5445254501037123,2,3.8969369846522475,0.3515148271502423,4.9357237191530906e-18,0.8418345020384083,0,31067.03810493306,225,222,0.488619833
failed-only-best-6,0,frozen,126,True,qualified,-1,False,9.937449760180896e-09,-84.18737501911104,0,2,2.4247629163473,0.539184430633442,2,1.8777907296374796,0.6647418479734398,2.954247333709738e-52,0.8414505815314888,0,31049.460561227806,225,222,0.4996435
failed-only-best-6,0,frozen,127,True,qualified,-1,False,9.654906715664537e-09,-86.80669568142012,0,2,2.9585521990129324,0.4528404288153609,2,5.55382875745039,0.2506076226564093,4.240975333248315e-41,0.8405917414317012,0,31006.023895014347,755,752,2.56343275
failed-only-best-6,0,frozen,128,True,qualified,-1,False,9.937449760180896e-09,-83.55262911302624,0,2,2.2022269545184763,0.584715163544366,2,1.7494580326372666,0.7018102558311969,4.9357237191530906e-18,0.8418879947038123,0,31070.53634254471,225,222,0.487692917
failed-only-best-6,0,frozen,129,True,qualified,-1,False,9.937449760180896e-09,-83.55800989429258,0,2,2.2567278059580587,0.572935601949361,2,2.5038445274774515,0.5245302884413635,4.9357237191530906e-18,0.8416106339028775,0,31057.63111407399,225,222,0.49797775
failed-only-best-6,0,frozen,130,True,qualified,-1,False,9.96320515799536e-09,-83.40361800631338,0,2,2.2557437693616786,0.5731444933837461,2,2.2344740433260912,0.5776934126565835,4.9357237191530906e-18,0.8419664724044542,0,31076.31323153016,225,222,0.498496333
failed-only-best-6,0,frozen,131,True,qualified,-1,False,9.937449760180896e-09,-83.4440611673203,0,2,2.390521334407139,0.5457643648087859,2,1.2955357551484221,0.8641243324837735,4.9357237191530906e-18,0.8418748555818949,0,31072.46397314025,225,222,0.4837715
failed-only-best-6,0,frozen,132,True,qualified,-1,False,9.937449760180896e-09,-83.3901557615791,0,2,2.5389991381699915,0.5182489324431305,2,1.3559150974959882,0.8394022104834774,4.9357237191530906e-18,0.841964587430353,0,31074.72253739849,225,222,0.492446416
failed-only-best-6,0,frozen,133,True,qualified,-1,False,8.8415198494586e-09,-84.62787828194044,0,2,2.23350672331764,0.5779018371253403,2,1.509330558233949,0.7810976076266897,4.9357237191530906e-18,0.8427064652635209,0,31116.514242573383,145,142,0.310305042
failed-only-best-6,0,frozen,134,True,qualified,-1,False,8.8415198494586e-09,-83.69202109919372,0,2,2.1680206620495506,0.5923325841050273,2,2.036972957077537,0.623221800544211,4.9357237191530906e-18,0.8421488609585653,0,31085.40176732273,145,142,0.329420042
failed-only-best-6,0,frozen,135,True,qualified,-1,False,9.709181522535572e-09,-83.37886214420875,0,2,2.24827753560558,0.5747339110340882,2,2.8721571529696583,0.46500848425453406,4.9357237191530906e-18,0.8417946866192653,0,31065.43153118559,227,224,0.499220542
failed-only-best-6,0,frozen,136,True,qualified,-1,False,9.937449760180896e-09,-83.70074987598592,0,2,2.4678970828585434,0.5310997253090288,2,1.9179670920017848,0.6538184072003054,4.9357237191530906e-18,0.8418221879459389,0,31066.640109223536,225,222,0.52069875
failed-only-best-6,0,frozen,137,True,qualified,-1,False,8.8415198494586e-09,-83.67347939696093,0,2,2.337424860607029,0.556261847913971,2,3.8365462289376273,0.3566985463566778,4.9357237191530906e-18,0.842185622971723,0,31084.735222787825,145,142,0.317346541
failed-only-best-6,0,frozen,138,True,qualified,-1,False,9.409039333655158e-09,-83.46268285279677,0,2,2.6107768749900013,0.505846083109473,2,2.181570675156467,0.5892939864897484,4.9357237191530906e-18,0.8415207447459121,0,31056.98444863081,171,168,0.434583042
failed-only-best-6,0,frozen,139,True,qualified,-1,False,8.8415198494586e-09,-83.63766142130791,0,2,2.551401142275954,0.5160659598115163,2,2.20860627343752,0.5833139487127943,4.9357237191530906e-18,0.8420570664126839,0,31077.63028381075,145,142,0.314341584
failed-only-best-6,0,frozen,140,True,qualified,-1,False,9.937449760180896e-09,-83.41920327304517,0,2,2.173237159321363,0.591159471307935,2,1.9151372833623084,0.6545776402644582,4.9357237191530906e-18,0.8420734487417685,0,31078.396872054975,225,222,0.504616167
failed-only-best-6,0,frozen,141,True,qualified,-1,False,9.937449760180896e-09,-83.46383086144361,0,2,2.1516359855708203,0.5960444424034551,2,1.3512456202813548,0.8412775770604679,4.9357237191530906e-18,0.8416311811327075,0,31054.33604219616,225,222,0.506595167
failed-only-best-6,0,frozen,142,True,qualified,-1,False,9.937449760180896e-09,-83.46227782687939,0,2,2.2213681975297095,0.5805288193941115,2,1.8849412991895929,0.6627748134524373,4.9357237191530906e-18,0.8416896971984423,0,31061.313919800494,225,222,0.512894458
failed-only-best-6,0,frozen,143,True,qualified,-1,False,9.937449760180896e-09,-83.45492380681915,0,2,2.5319522280238616,0.5194969191594142,2,3.9957473610895002,0.3433407134321203,4.9357237191530906e-18,0.8413087888198487,0,31043.860069720635,225,222,0.500275917
failed-only-best-6,0,frozen,144,True,qualified,-1,False,9.937449760180896e-09,-83.72857994401977,0,2,2.257947263060646,0.5726769258722045,2,1.4729438822712424,0.7943561403705892,4.9357237191530906e-18,0.8417404538909211,0,31064.862379522787,225,222,0.504500292
failed-only-best-6,0,frozen,145,True,qualified,-1,True,9.937449760180896e-09,-83.62442646282832,0,2,2.4857690447355476,0.527814816170893,2,1.9904473676639767,0.634880280055577,4.9357237191530906e-18,0.8426370295797309,0,31102.613489874155,225,222,0.507352709
failed-only-best-6,0,frozen,146,True,qualified,-1,False,9.937449760180896e-09,-83.4335352888196,0,2,2.5561546362469034,0.5152337550148681,2,2.367454121979696,0.5502801909898742,4.9357237191530906e-18,0.8415667160784591,0,31056.067758674926,225,222,0.496754709
failed-only-best-6,0,frozen,147,True,qualified,-1,False,9.937449760180896e-09,-84.46009953517107,0,2,2.6779295346039387,0.4947311374852304,2,4.03836435456142,0.33992781567130087,4.9357237191530906e-18,0.8417196126893008,0,31065.210996985683,227,224,0.465543375
failed-only-best-6,0,frozen,148,True,qualified,-1,False,9.937449760180896e-09,-83.39826481327357,0,2,2.218653063321678,0.5811193603151481,2,1.7461858330637803,0.7028008250410389,4.9357237191530906e-18,0.8417207457374247,0,31063.462459970808,225,222,0.4919585
failed-only-best-6,0,frozen,149,True,qualified,-1,False,9.937449760180896e-09,-83.37703935126265,0,2,2.157543372021798,0.5947013803774231,2,1.7790938788698927,0.6929443686917488,4.9357237191530906e-18,0.8418988919973258,0,31070.7195348819,225,222,0.498520833
failed-only-best-6,0,frozen,150,True,qualified,-1,False,9.937449760180896e-09,-84.07772064378815,0,2,2.3320491061316053,0.557345157149985,2,3.4893096627893234,0.3896144354288389,4.9357237191530906e-18,0.8421978802006097,0,31088.46157887467,225,222,0.497102083
failed-only-best-6,0,frozen,151,True,qualified,-1,False,9.937449760180896e-09,-83.45060147512814,0,2,2.519798035729373,0.5216624575347412,2,3.2053369610098836,0.4211845372021777,4.9357237191530906e-18,0.84194230958485,0,31072.678149987318,225,222,0.533386834
failed-only-best-6,0,frozen,152,True,qualified,-1,False,9.937449760180896e-09,-83.50665206652782,0,2,2.2659639207972733,0.5709816332226151,2,2.8399899283584524,0.4696973302662714,4.9357237191530906e-18,0.842176843698844,0,31084.34235180074,225,222,0.468115583
failed-only-best-6,0,frozen,153,True,qualified,-1,False,9.937449760180896e-09,-83.37967889048701,0,2,2.4001461413130913,0.5439000731155031,2,2.9607149151801218,0.4525435250036894,4.9357237191530906e-18,0.8416679139922271,0,31059.264886251924,225,222,0.481644709
failed-only-best-6,0,frozen,154,True,qualified,-1,False,9.937449760180896e-09,-83.36759572286732,0,2,2.6776580571240713,0.4947751571407285,2,3.097864045589688,0.4344386094578499,4.9357237191530906e-18,0.8417883082521926,0,31065.903571818166,225,222,0.483747375
failed-only-best-6,0,frozen,155,True,qualified,-1,False,9.937449760180896e-09,-83.3609657832821,0,2,2.6416541218527985,0.5006783624242036,2,2.484496875759177,0.5280474089153557,4.9357237191530906e-18,0.8418736076523292,0,31069.940244510875,225,222,0.471467583
failed-only-best-6,0,frozen,156,True,qualified,-1,False,9.937449760180896e-09,-83.89284614498192,0,2,2.2760098419567467,0.5688699617106837,2,2.501969264905701,0.5248692959917217,4.9357237191530906e-18,0.8425794235319671,0,31108.041115167704,225,222,0.455446292
failed-only-best-6,0,frozen,157,True,qualified,-1,False,9.937449760180896e-09,-83.64815885829731,0,2,2.304359436789516,0.5629862994773576,2,2.263088903036127,0.5715885740904962,4.9357237191530906e-18,0.8412496922997822,0,31039.29064937244,225,222,0.485949125
failed-only-best-6,0,frozen,158,True,qualified,-1,False,9.937449760180896e-09,-83.8806043869922,0,2,2.271408380620483,0.5698354437944474,2,2.3450443588060197,0.554732924522906,4.9357237191530906e-18,0.8412341815047231,0,31037.511271704527,225,222,0.504154333
failed-only-best-6,0,frozen,159,True,qualified,-1,False,9.937449760180896e-09,-83.63107625416615,0,2,2.418046144757924,0.5404636746943176,2,3.8326876273085566,0.35703477884774165,4.9357237191530906e-18,0.841481712121127,0,31049.156043526753,225,222,0.474652917
failed-only-best-6,0,frozen,160,True,qualified,-1,False,9.937449760180896e-09,-83.41368027093966,0,2,2.2192667728563933,0.5809857842624985,2,1.6609972484608695,0.729430513392989,4.9357237191530906e-18,0.841675694392172,0,31058.116938292525,225,222,0.474298666
failed-only-best-6,0,frozen,161,True,qualified,-1,False,9.937449760180896e-09,-83.37958899584885,0,2,2.1896864203497275,0.5874873530389445,2,2.4032760457164497,0.5432963252592516,4.9357237191530906e-18,0.8417700470504558,0,31064.423993258944,225,222,0.475435916
failed-only-best-6,0,frozen,162,True,qualified,-1,False,9.937449760180896e-09,-83.35723004570366,0,2,2.3878689997818516,0.5462801641799558,2,2.2172617044835983,0.581422398944243,4.9357237191530906e-18,0.8418825143339677,0,31070.581827523118,225,222,0.507878625
failed-only-best-6,0,frozen,163,True,qualified,-1,False,9.937449760180896e-09,-83.39273964871181,0,2,2.475096205633624,0.5297720041053557,2,3.3482817408381407,0.4047059123854067,4.9357237191530906e-18,0.8415118874487358,0,31054.296664096204,225,222,0.467520291
failed-only-best-6,0,frozen,164,True,qualified,-1,False,9.937449760180896e-09,-83.36826388980151,0,2,2.3288644836081103,0.5579887236532122,2,2.1355297753949185,0.5997338564194964,4.9357237191530906e-18,0.8418317553458569,0,31068.05981866333,225,222,0.476425125
failed-only-best-6,0,frozen,165,True,qualified,-1,False,9.937449760180896e-09,-83.35735649446158,0,2,2.4035153407153413,0.5432502164487937,2,1.7707744950305404,0.6954141332704925,4.9357237191530906e-18,0.8418211885279171,0,31067.14341271003,225,222,0.47068775
failed-only-best-6,0,frozen,166,True,qualified,-1,False,9.937449760180896e-09,-83.36878903208387,0,2,2.3110170228357942,0.5616205381267202,2,2.445709517810658,0.535230410166919,4.9357237191530906e-18,0.8417256158064037,0,31061.71560577678,225,222,0.475007708
failed-only-best-6,0,frozen,167,True,qualified,-1,False,9.937449760180896e-09,-83.36121697577575,0,2,2.55693118344855,0.5150980386396324,2,3.2437440427014597,0.41663275488987966,4.9357237191530906e-18,0.8417868171562826,0,31064.82794407027,225,222,0.470550875
failed-only-recovery-10,0,joint,,False,budget-exhausted,-1,False,2.481782507401202e-06,-305.5905010907278,0,336,18.908571025954352,0.12485671428782422,336,86.52147721355884,0.03090018002520459,0.0,0.8246485073691827,63,30359.96152426925,4001,4000,3545.114460583
failed-only-recovery-10,0,frozen,0,True,qualified,-1,False,8.505134874028506e-09,-84.13681491770092,0,2,2.55875861025731,0.5147789214789756,2,1.335407184118208,0.8476840756759363,2.0624800769419038e-16,0.841137268948218,0,31031.502456851933,155,152,0.250671
failed-only-recovery-10,0,frozen,1,True,qualified,-1,False,8.505134874028506e-09,-84.22848369235692,0,2,2.2770446534054365,0.5686532437733438,2,1.9951344392226422,0.633688531439315,2.0624800769419038e-16,0.8410284422796573,0,31026.05103366819,155,152,0.255129584
failed-only-recovery-10,0,frozen,2,True,qualified,-1,False,8.505134874028506e-09,-84.1317564261052,0,2,2.3260253174645014,0.5585636169725713,2,1.2736893052185543,0.8733234029097153,2.0624800769419038e-16,0.8411203693200906,0,31029.89917375996,155,152,0.248957
failed-only-recovery-10,0,frozen,3,True,qualified,-1,False,8.505134874028506e-09,-84.16745993152247,0,2,2.5138193888879776,0.5227337995387349,2,1.235078766228576,0.8899143871198562,2.0624800769419038e-16,0.8411194292366768,0,31030.074738403706,155,152,0.250313959
failed-only-recovery-10,0,frozen,4,True,qualified,-1,False,8.505134874028506e-09,-84.19405585834731,0,2,2.43795778215232,0.5366874720239224,2,2.1374490658725525,0.599292075370353,2.0624800769419038e-16,0.8409528331465019,0,31020.665763652647,155,152,0.248251833
failed-only-recovery-10,0,frozen,5,True,qualified,-1,False,8.505134874028506e-09,-84.25836540135589,0,2,2.3930829228559167,0.5452670559274188,2,1.3711203653471886,0.8333375208258617,2.0624800769419038e-16,0.841005945065772,0,31023.954554274576,155,152,0.250029708
failed-only-recovery-10,0,frozen,6,True,qualified,-1,False,8.255675365422952e-09,-84.19959241460765,0,2,2.7129976072618303,0.48910557368750174,2,2.05513509907632,0.618772296267704,2.0624800769419038e-16,0.8411694131622056,0,31032.5405262297,159,156,0.253458
failed-only-recovery-10,0,frozen,7,True,qualified,-1,False,9.548427326458018e-09,-85.60692373981003,0,2,2.969935781813853,0.45128176752805405,2,3.808273287195915,0.3591764789273773,2.0624800769419038e-16,0.8415863575492553,0,31054.590894129924,257,254,0.507182334
failed-only-recovery-10,0,frozen,8,True,qualified,-1,False,8.505134874028506e-09,-84.99409484210886,0,2,2.2188993330656017,0.581065752205125,2,1.4540331468887813,0.8013843990696875,2.0624800769419038e-16,0.8410524928183497,0,31030.027181115398,155,152,0.250939917
failed-only-recovery-10,0,frozen,9,True,qualified,-1,False,8.505134874028506e-09,-84.14029056217362,0,2,2.203561725155809,0.584421482379396,2,1.8853381471290145,0.6626659383332113,2.0624800769419038e-16,0.8411552178293481,0,31032.096008530014,155,152,0.245129209
failed-only-recovery-10,0,frozen,10,True,qualified,-1,False,8.505134874028506e-09,-84.153139247454,0,2,2.2772657205789506,0.5686069655757818,2,3.2429089879237534,0.41673072397116284,2.0624800769419038e-16,0.8411328479381408,0,31031.264108334988,155,152,0.248776958
failed-only-recovery-10,0,frozen,11,True,qualified,-1,False,8.505134874028506e-09,-84.34610788321326,0,2,2.5560854852322645,0.5152458436708056,2,2.2882416197358575,0.5663178018121777,2.0624800769419038e-16,0.8410797565026975,0,31027.927906177505,155,152,0.247425792
failed-only-recovery-10,0,frozen,12,True,qualified,-1,False,8.505134874028506e-09,-84.19783568651644,0,2,2.3464149638404224,0.5544587102834265,2,2.8627861703524538,0.46636534265874735,2.0624800769419038e-16,0.841146151184721,0,31031.220121618295,155,152,0.246267084
failed-only-recovery-10,0,frozen,13,True,qualified,-1,False,8.505134874028506e-09,-84.12982842843552,0,2,2.2986819045929554,0.5641557707221384,2,2.1283111205412246,0.6014006451013931,2.0624800769419038e-16,0.8411097540873399,0,31029.65627671271,155,152,0.246422791
failed-only-recovery-10,0,frozen,14,True,qualified,-1,False,8.505134874028506e-09,-84.39575551079358,0,2,2.3965509039575243,0.5445950959007073,2,2.162522406211302,0.5935735714323873,2.0624800769419038e-16,0.8413323734546364,0,31042.187972397925,155,152,0.250478458
failed-only-recovery-10,0,frozen,15,True,qualified,-1,False,8.505134874028506e-09,-84.50531364228843,0,2,2.397764496802636,0.5443603057522034,2,3.31074134487994,0.40891317430550955,2.0624800769419038e-16,0.8418851077453577,0,31066.675024707612,155,152,0.245027334
failed-only-recovery-10,0,frozen,16,True,qualified,-1,False,8.505134874028506e-09,-84.36822873219567,0,2,2.429998220085715,0.5381911763454601,2,2.8848971242474724,0.4631756725011119,2.0624800769419038e-16,0.8416690150950698,0,31056.77978267577,155,152,0.244820125
failed-only-recovery-10,0,frozen,17,True,qualified,-1,False,8.505134874028506e-09,-84.31327772327361,0,2,2.420061134895939,0.5400793268095309,2,2.319761887208072,0.5598356872995334,2.0624800769419038e-16,0.8410058555379932,0,31024.522108253,155,152,0.251495416
failed-only-recovery-10,0,frozen,18,True,qualified,-1,False,8.505134874028506e-09,-84.19133705291654,0,2,2.455119107443065,0.5334714437138723,2,2.4758269357800047,0.5296375776007064,2.0624800769419038e-16,0.8408109831221247,0,31016.6671148547,155,152,0.244516375
failed-only-recovery-10,0,frozen,19,True,qualified,-1,False,8.505134874028506e-09,-84.24100438725652,0,2,2.266456876821062,0.5708776828106962,2,2.3275036375646145,0.5582641427389948,2.0624800769419038e-16,0.8411001031617762,0,31031.349934706457,155,152,0.251193333
failed-only-recovery-10,0,frozen,20,True,qualified,-1,False,8.505134874028506e-09,-84.22408955079189,0,2,2.228812804283037,0.5789151407029419,2,1.49637279282238,0.7857795204031677,2.0624800769419038e-16,0.8413800918341662,0,31045.854617959456,155,152,0.245231459
failed-only-recovery-10,0,frozen,21,True,qualified,-1,False,8.505134874028506e-09,-84.21702954261039,0,2,2.2848389084538505,0.5670256959319613,2,1.5087793618533507,0.7812958802158887,2.0624800769419038e-16,0.8408457985323983,0,31015.160641310216,155,152,0.253261917
failed-only-recovery-10,0,frozen,22,True,qualified,-1,False,8.505134874028506e-09,-84.13626581230066,0,2,2.5285679006355632,0.5200982451958035,2,1.4465784915239759,0.8041811168111901,2.0624800769419038e-16,0.8412293045213013,0,31035.47653963638,155,152,0.240677
failed-only-recovery-10,0,frozen,23,True,qualified,-1,False,8.505134874028506e-09,-84.4510315409217,0,2,2.270054092174381,0.5701201655747603,2,2.007614151122121,0.6305344094331968,2.0624800769419038e-16,0.8414067686112254,0,31045.292127466375,155,152,0.252471625
failed-only-recovery-10,0,frozen,24,True,qualified,-1,False,8.505134874028506e-09,-84.14853500657652,0,2,2.4391656453954895,0.5364599572186155,2,3.7562359561280387,0.36382513793273036,2.0624800769419038e-16,0.8410907618298942,0,31028.29227260681,155,152,0.242226583
failed-only-recovery-10,0,frozen,25,True,qualified,-1,False,9.932312822030997e-09,-84.38568324803306,0,2,2.3814692771877617,0.547528386975279,2,1.8584828059380358,0.6701035559527421,2.0624800769419038e-16,0.8412588900806701,0,31035.881842905223,269,266,0.427513417
failed-only-recovery-10,0,frozen,26,True,qualified,-1,False,8.505134874028506e-09,-84.68385954415767,0,2,2.3431716624758314,0.5551079899988172,2,2.4564269164610972,0.5332278093775501,2.0624800769419038e-16,0.841401938679325,0,31043.36274884752,155,152,0.242362583
failed-only-recovery-10,0,frozen,27,True,qualified,-1,False,8.505134874028506e-09,-86.07011287628345,0,2,2.3887871759202413,0.5461015058809162,2,4.362463763625284,0.3159822634715891,2.0624800769419038e-16,0.8409212255609332,0,31020.006622188444,155,152,0.250011542
failed-only-recovery-10,0,frozen,28,True,qualified,-1,False,8.505134874028506e-09,-84.70474533668315,0,2,2.515849401600448,0.5223695778408097,2,2.3117074560258986,0.561479243805738,2.0624800769419038e-16,0.8413045819503329,0,31038.686912661124,155,152,0.248414792
failed-only-recovery-10,0,frozen,29,True,qualified,-1,False,8.505134874028506e-09,-84.79116772115984,0,2,2.5525184872386415,0.5158701206753465,2,2.459852428029087,0.5325906304705081,2.0624800769419038e-16,0.8412427048276009,0,31034.636719842238,155,152,0.25426625
failed-only-recovery-10,0,frozen,30,True,qualified,-1,False,8.505134874028506e-09,-84.17434674315778,0,2,2.2529531622019925,0.5737376315757539,2,1.4450617712140779,0.8047519557822991,2.0624800769419038e-16,0.8410600370596232,0,31027.022813175616,155,152,0.243098417
failed-only-recovery-10,0,frozen,31,True,qualified,-1,False,8.505134874028506e-09,-85.41071596585361,0,2,2.20839441427795,0.5833603867297038,2,1.2023542912624918,0.9043099863090722,2.0624800769419038e-16,0.84110021874526,0,31032.22916371093,155,152,0.254816542
failed-only-recovery-10,0,frozen,32,True,qualified,-1,False,8.505134874028506e-09,-84.18818665463606,0,2,2.2961982274119666,0.5646687484129378,2,1.2232128864333984,0.895098809047305,2.0624800769419038e-16,0.841136545155255,0,31031.093446693223,155,152,0.2433485
failed-only-recovery-10,0,frozen,33,True,qualified,-1,False,8.505134874028506e-09,-84.130838892333,0,2,2.4311287877490777,0.5379771219754957,2,1.2446329353535208,0.8857692757682032,2.0624800769419038e-16,0.8410905917725019,0,31028.74851395025,155,152,0.247249167
failed-only-recovery-10,0,frozen,34,True,qualified,-1,False,9.413207435748916e-09,-84.58447694837025,0,2,2.2989040908134357,0.5641099215867198,2,2.002719670218173,0.6317681582585165,2.0624800769419038e-16,0.8404843137622079,0,31002.241760721517,159,156,0.248998083
failed-only-recovery-10,0,frozen,35,True,qualified,-1,False,8.891017699852455e-09,-85.04260488465665,0,2,2.2570500141978336,0.5728672333761152,2,1.6935516809885045,0.7190600825776694,2.0624800769419038e-16,0.8413621864345648,0,31042.429021887598,164,161,0.26429375
failed-only-recovery-10,0,frozen,36,True,qualified,-1,False,8.505134874028506e-09,-85.91261338601137,0,2,2.365847113241149,0.5505973297645594,2,2.948684259793329,0.4541998015090785,2.0624800769419038e-16,0.8409449000671431,0,31021.081629177403,155,152,0.250109125
failed-only-recovery-10,0,frozen,37,True,qualified,-1,False,8.505134874028506e-09,-84.9103133964862,0,2,2.3542037961615936,0.5529050836580958,2,1.5734618078086404,0.7585578885895478,2.0624800769419038e-16,0.8414050308358313,0,31044.659093403185,155,152,0.245646083
failed-only-recovery-10,0,frozen,38,True,qualified,-1,False,8.65809413040055e-09,-85.57072145888813,0,2,2.4559237728084464,0.5333215168477573,2,3.9084248148003797,0.3505452058226539,2.0624800769419038e-16,0.8410884734417461,0,31029.66321184834,158,155,0.254886583
failed-only-recovery-10,0,frozen,39,True,qualified,-1,False,8.505134874028506e-09,-84.50461193405711,0,2,2.459898888709096,0.5325819979279536,2,2.1999378381615657,0.5852194401077443,2.0624800769419038e-16,0.8410431435164979,0,31026.252835339277,155,152,0.245818625
failed-only-recovery-10,0,frozen,40,True,qualified,-1,False,8.505134874028506e-09,-84.13442578522483,0,2,2.279675152407617,0.5681030162034136,2,1.9044739015024177,0.6574523317229979,2.0624800769419038e-16,0.8411022135551767,0,31029.31814281053,155,152,0.252051875
failed-only-recovery-10,0,frozen,41,True,qualified,-1,False,8.505134874028506e-09,-84.15817528953376,0,2,2.1995634524626024,0.585301988919124,2,2.1803842475998483,0.5895589287528928,2.0624800769419038e-16,0.8411575748998543,0,31031.65868272229,155,152,0.2440695
failed-only-recovery-10,0,frozen,42,True,qualified,-1,False,8.505134874028506e-09,-84.13740044175964,0,2,2.279195460714549,0.5682032826725231,2,1.8657694851319793,0.668071407353606,1.959317969852625e-16,0.8410458477332938,0,31027.120864183787,155,152,0.255983
failed-only-recovery-10,0,frozen,43,True,qualified,-1,False,8.505134874028506e-09,-84.13755813922955,0,2,2.3740333785499423,0.5489852559567635,2,1.4316728679445498,0.8098178575340091,2.064070718520967e-16,0.8411325556715439,0,31030.825695231182,155,152,0.243528542
failed-only-recovery-10,0,frozen,44,True,qualified,-1,False,8.505134874028506e-09,-84.20663677627635,0,2,2.326833339914104,0.5583998937640049,2,3.5399549192137196,0.3844550270882411,2.0624800769419038e-16,0.8413868293311141,0,31044.687768846023,155,152,0.251527166
failed-only-recovery-10,0,frozen,45,True,qualified,-1,False,8.505134874028506e-09,-84.19513191907656,0,2,2.4245304998689727,0.5392286030118075,2,2.223979925385662,0.5799617863088228,2.0624800769419038e-16,0.8409586145994506,0,31019.996820712804,155,152,0.245905666
failed-only-recovery-10,0,frozen,46,True,qualified,-1,False,8.505134874028506e-09,-84.22362453072782,0,2,2.5358297301923165,0.5188095401297269,2,1.8460739907616912,0.6735886147715976,2.0624800769419038e-16,0.8409856769176809,0,31021.79904887175,155,152,0.251223333
failed-only-recovery-10,0,frozen,47,True,qualified,-1,False,8.505134874028506e-09,-84.23287340059841,0,2,2.57613363387228,0.5117629359770717,2,3.178863708103835,0.42437745571905633,2.0624800769419038e-16,0.8410446757101504,0,31025.36126854049,155,152,0.246399625
failed-only-recovery-10,0,frozen,48,True,qualified,-1,False,8.505134874028506e-09,-84.13664732702257,0,2,2.2034461468492457,0.5844469018797771,2,1.2103804465046726,0.9007508932827981,8.649949573397729e-17,0.8410896826563482,0,31028.705786389673,155,152,0.246176834
failed-only-recovery-10,0,frozen,49,True,qualified,-1,False,8.505134874028506e-09,-84.30359212304433,0,2,2.1995555104011646,0.5853037403012229,2,1.8468621296909855,0.6733663432653013,1.9041502701448947e-11,0.8415010031731213,0,31047.083390952615,172,169,0.277194875
failed-only-recovery-10,0,frozen,50,True,qualified,-1,False,8.505134874028506e-09,-84.46477335734157,0,2,2.247184198365948,0.5749673285433942,2,2.1127155516674287,0.6050299327810783,7.358696778528254e-30,0.8418816160739669,0,31066.328485211234,155,152,0.242908417
failed-only-recovery-10,0,frozen,51,True,qualified,-1,False,8.505134874028506e-09,-84.13614265541284,0,2,2.4546044721488918,0.5335673721309029,2,2.1112759392648695,0.6053669110665445,1.9411434364613098e-17,0.8410543458504072,0,31026.9109831767,155,152,0.249643708
failed-only-recovery-10,0,frozen,52,True,qualified,-1,False,8.505134874028506e-09,-84.59725154299063,0,2,2.3028592728464266,0.5632948796296109,2,3.055601244937901,0.4398697166639677,2.0191809440701362e-23,0.8413056079884315,0,31040.964192107785,155,152,0.244761166
failed-only-recovery-10,0,frozen,53,True,qualified,-1,False,8.505134874028506e-09,-84.34974777499471,0,2,2.3937672279787825,0.5451343443430317,2,2.4180689440277887,0.5404593230653468,4.73328483311813e-21,0.8411653979290582,0,31032.02905015656,155,152,0.248578708
failed-only-recovery-10,0,frozen,54,True,qualified,-1,False,8.505134874028506e-09,-85.26649886529171,0,2,2.462268004427863,0.5321421487414919,2,3.7156945971743465,0.3675280236964433,9.233863333900916e-16,0.8415337498995012,0,31051.93415710805,155,152,0.2463915
failed-only-recovery-10,0,frozen,55,True,qualified,-1,False,8.505134874028506e-09,-84.15983914330887,0,2,2.5589161050791964,0.5147514358012596,2,2.1873555920844265,0.5880051988761397,1.9409099408832063e-16,0.8412007895070198,0,31034.128891723765,155,152,0.253975833
failed-only-recovery-10,0,frozen,56,True,qualified,-1,False,8.505134874028506e-09,-84.13707871218188,0,2,2.603276229286985,0.5071163728926031,2,2.54139205199603,0.5178264116302008,1.4739114970895323e-16,0.8410808148088904,0,31028.354160630028,155,152,0.246722416
failed-only-recovery-10,0,frozen,57,True,qualified,-1,False,8.505134874028506e-09,-84.22506749561833,0,2,2.1816855487589324,0.5892683452719134,2,1.7943851371289805,0.6884432348985314,1.7435265231188446e-15,0.841244963190774,0,31035.097976193236,155,152,0.249941625
failed-only-recovery-10,0,frozen,58,True,qualified,-1,False,8.505134874028506e-09,-84.1843263024262,0,2,2.151054726395243,0.596176885895289,2,1.7328521548336782,0.706861490632628,2.0624800769419038e-16,0.8410325055075144,0,31025.975454765125,155,152,0.249064333
failed-only-recovery-10,0,frozen,59,True,qualified,-1,False,8.505134874028506e-09,-84.74218220935697,0,2,2.32785943409495,0.5581921099193936,2,4.039898888061639,0.3398061518962484,2.0624800769419038e-16,0.8408632980755075,0,31020.506205129815,155,152,0.246634209
failed-only-recovery-10,0,frozen,60,True,qualified,-1,False,8.505134874028506e-09,-84.31566591647635,0,2,2.3563848750308436,0.5524714458321862,2,3.4812108502338543,0.39045182985971527,2.0624800769419038e-16,0.8408869730504251,0,31019.825162556932,155,152,0.246176042
failed-only-recovery-10,0,frozen,61,True,qualified,-1,False,8.505134874028506e-09,-84.14787016428338,0,2,2.3690025263201413,0.5499749322549743,2,1.7148369630264522,0.7124103082927472,2.0624800769419038e-16,0.8409276306723292,0,31021.562768918353,155,152,0.24911075
failed-only-recovery-10,0,frozen,62,True,qualified,-1,False,8.505134874028506e-09,-84.12905795115441,0,2,2.4531918075056836,0.5338308565900695,2,2.126206832310134,0.6018880781887327,2.0624800769419038e-16,0.8410965606719013,0,31028.759452544098,155,152,0.251581167
failed-only-recovery-10,0,frozen,63,True,qualified,-1,False,8.505134874028506e-09,-84.18319410593922,0,2,2.444824962728468,0.5353963098063608,2,3.5645811200350432,0.381993395790398,2.0624800769419038e-16,0.8410817375493526,0,31028.42109234794,155,152,0.247775916
failed-only-recovery-10,0,frozen,64,True,qualified,-1,False,8.505134874028506e-09,-84.13603604641409,0,2,2.5646475047776653,0.5137530449416918,2,3.525699361151054,0.3858939786579099,2.0624800769419038e-16,0.8410897451476134,0,31028.32910556713,155,152,0.244155084
failed-only-recovery-10,0,frozen,65,True,qualified,-1,False,8.505134874028506e-09,-84.12961763226676,0,2,2.748716852454686,0.48349692110922826,2,2.363288770501903,0.5511028990442711,2.0624800769419038e-16,0.8411220380932024,0,31030.345453322017,155,152,0.256862667
failed-only-recovery-10,0,frozen,66,True,qualified,-1,False,8.505134874028506e-09,-84.38367659509282,0,2,2.205719789924449,0.5839472164556494,2,1.9179070134571716,0.6538345103648785,2.0624800769419038e-16,0.8413591203378274,0,31043.563910957626,155,152,0.25151925
failed-only-recovery-10,0,frozen,67,True,qualified,-1,True,8.505134874028506e-09,-84.15168542011023,0,2,2.1855035426228446,0.5884172564492993,2,1.626302608642542,0.7407549488538783,2.0624800769419038e-16,0.8421583899483684,0,31079.207379718784,248,245,0.399853959
failed-only-recovery-10,0,frozen,68,True,qualified,-1,False,8.505134874028506e-09,-84.15059334319798,0,2,2.2486996420163785,0.5746438408589657,2,1.8497286872265217,0.6725589694963322,2.0624800769419038e-16,0.8410136530376705,0,31024.135694565015,155,152,0.25186925
failed-only-recovery-10,0,frozen,69,True,qualified,-1,False,8.505134874028506e-09,-84.2206801071026,0,2,2.4525921787907787,0.5339427690453015,2,1.6669844200653476,0.7275048870283887,2.0624800769419038e-16,0.8409072786365439,0,31019.64681952451,155,152,0.248301333
failed-only-recovery-10,0,frozen,70,True,qualified,-1,False,8.505134874028506e-09,-84.13545251970126,0,2,2.375712935262624,0.5486555735357947,2,2.272869319470242,0.5695285879667478,2.0624800769419038e-16,0.8411323656842195,0,31031.238067085582,155,152,0.247806167
failed-only-recovery-10,0,frozen,71,True,qualified,-1,False,8.505134874028506e-09,-84.12954488764196,0,2,2.7416427722337655,0.4845981400790366,2,2.6758603247015142,0.4950668406826321,2.0624800769419038e-16,0.841087293697371,0,31028.313995955465,155,152,0.250742167
failed-only-recovery-10,0,frozen,72,True,qualified,-1,False,8.505134874028506e-09,-84.14760292016268,0,2,2.178445882945767,0.589992245717999,2,1.4794843355968805,0.7919473773290099,2.0624800769419038e-16,0.8411996833565832,0,31035.031326655117,155,152,0.244625625
failed-only-recovery-10,0,frozen,73,True,qualified,-1,False,8.505134874028506e-09,-84.22365753414753,0,2,2.147134301273572,0.59707155168515,2,1.491543587751687,0.7875355836872092,2.0624800769419038e-16,0.8409924564536256,0,31023.52349519359,155,152,0.252029541
failed-only-recovery-10,0,frozen,74,True,qualified,-1,False,8.505134874028506e-09,-84.31778871920632,0,2,2.3041887682333253,0.5630213901537019,2,1.8549623576286642,0.6710891500374188,2.0624800769419038e-16,0.8410935772612138,0,31029.187494986378,155,152,0.247048334
failed-only-recovery-10,0,frozen,75,True,qualified,-1,False,8.505134874028506e-09,-84.19719068489466,0,2,2.4370190221760266,0.5368644202618978,2,1.5532818365595702,0.7655383119206297,2.0624800769419038e-16,0.8409474962022652,0,31021.23765910881,155,152,0.250695292
failed-only-recovery-10,0,frozen,76,True,qualified,-1,False,8.505134874028506e-09,-84.1371074273498,0,2,2.327524596707932,0.5582598989859272,2,1.8776934375550423,0.6647686809467647,2.0624800769419038e-16,0.8410173912353073,0,31025.291095457098,155,152,0.245284042
failed-only-recovery-10,0,frozen,77,True,qualified,-1,False,8.505134874028506e-09,-84.14176140325156,0,2,2.492965112421727,0.5265026854582143,2,1.4344626284109063,0.80875832884112,2.0624800769419038e-16,0.8411362031489084,0,31031.262155265755,155,152,0.254038
failed-only-recovery-10,0,frozen,78,True,qualified,-1,False,8.505134874028506e-09,-84.6208419158623,0,2,2.546238889342207,0.5169725422916935,2,3.8829236735912414,0.3527046552751456,2.0624800769419038e-16,0.8413203082979835,0,31042.633270876566,155,152,0.243524084
failed-only-recovery-10,0,frozen,79,True,qualified,-1,False,8.505134874028506e-09,-84.34233363927946,0,2,2.236551073143729,0.5772463403976971,2,1.9103017391936143,0.6558785384637007,2.0624800769419038e-16,0.8415658695422571,0,31056.03222495656,155,152,0.256190167
failed-only-recovery-10,0,frozen,80,True,qualified,-1,False,8.505134874028506e-09,-84.14991671871161,0,2,2.2117953267774504,0.5826157319112384,2,1.9820830518380077,0.6370167712471958,2.0624800769419038e-16,0.841235202487502,0,31036.57346391985,155,152,0.2641665
failed-only-recovery-10,0,frozen,81,True,qualified,-1,False,8.505134874028506e-09,-84.3862093644502,0,2,2.2527594827712307,0.5737788388411338,2,3.64780597417069,0.373893981038334,2.0624800769419038e-16,0.8408130030714787,0,31013.118054700994,155,152,0.263658584
failed-only-recovery-10,0,frozen,82,True,qualified,-1,False,8.505134874028506e-09,-84.1308208157447,0,2,2.436720054451844,0.5369207955611403,2,2.2688687130047045,0.5703695872722947,2.0624800769419038e-16,0.841072963197082,0,31027.4607872328,155,152,0.250882459
failed-only-recovery-10,0,frozen,83,True,qualified,-1,False,8.505134874028506e-09,-85.2952247753755,0,2,2.306571548465782,0.5625318317623819,2,3.597788197046461,0.3787215921334115,2.0624800769419038e-16,0.8408748109179962,0,31024.5055113515,155,152,0.246975375
failed-only-recovery-10,0,frozen,84,True,qualified,-1,False,8.505134874028506e-09,-84.1523662374256,0,2,2.252074970941464,0.5739245184469871,2,2.1244385044891945,0.6022982337735323,2.0624800769419038e-16,0.8414266122529923,0,31047.100504134716,155,152,0.248122209
failed-only-recovery-10,0,frozen,85,True,qualified,-1,False,8.505134874028506e-09,-84.21772619768973,0,2,2.3806022074642406,0.5476979032944778,2,2.2555526193016346,0.5731850866799416,2.0624800769419038e-16,0.841431794216521,0,31046.98725866404,155,152,0.24564525
failed-only-recovery-10,0,frozen,86,True,qualified,-1,False,8.505134874028506e-09,-84.21428221865753,0,2,2.4166010978524626,0.5407396173114464,2,2.509504642043741,0.5235095001371616,2.0624800769419038e-16,0.8414013394134738,0,31046.130996519205,155,152,0.250939083
failed-only-recovery-10,0,frozen,87,True,qualified,-1,False,9.250432240255607e-09,-84.2072271926796,0,2,2.3894116068304156,0.5459800652953223,2,1.7976156900067886,0.6874986018790284,2.0624800769419038e-16,0.8412878630282199,0,31039.07837650862,217,214,0.339139125
failed-only-recovery-10,0,frozen,88,True,qualified,-1,False,8.505134874028506e-09,-84.24302206467246,0,2,2.3320773531633354,0.5573394548616448,2,2.190564693531745,0.5872924367976051,2.0624800769419038e-16,0.841189694711628,0,31033.797089265223,155,152,0.251584458
failed-only-recovery-10,0,frozen,89,True,qualified,-1,False,8.505134874028506e-09,-84.28519379286949,0,2,2.4003699597231303,0.5438568586310941,2,3.907990875256274,0.35058173811016813,2.0624800769419038e-16,0.8410800201343357,0,31028.304043079715,155,152,0.248272
failed-only-recovery-10,0,frozen,90,True,qualified,-1,False,8.505134874028506e-09,-84.20201128906858,0,2,2.67649949946717,0.4949630974161354,2,2.2809290125992097,0.5678410819183272,2.0624800769419038e-16,0.8411139832784544,0,31030.015780177648,155,152,0.25335425
failed-only-recovery-10,0,frozen,91,True,qualified,-1,False,8.505134874028506e-09,-84.39916028785244,0,2,2.2114164983469724,0.5826985947060792,2,2.153274752063539,0.5956713218132341,2.0624800769419038e-16,0.8411407282445449,0,31031.030004148826,155,152,0.243843125
failed-only-recovery-10,0,frozen,92,True,qualified,-1,False,8.505134874028506e-09,-84.20036827457693,0,2,2.1542635254226568,0.5954463956647768,2,1.6322173743459385,0.7388041906880425,2.0624800769419038e-16,0.84080641863702,0,31015.723693238495,155,152,0.253026167
failed-only-recovery-10,0,frozen,93,True,qualified,-1,False,8.505134874028506e-09,-84.14674143085409,0,2,2.2883797715586454,0.5662890947181395,2,2.1912200505916712,0.5871470680719028,2.0624800769419038e-16,0.8411113413275648,0,31029.791068373357,155,152,0.241696333
failed-only-recovery-10,0,frozen,94,True,qualified,-1,False,8.505134874028506e-09,-84.91447349158533,0,2,2.412476643924404,0.5415286317787726,2,3.9705234436808508,0.3453921702216373,2.0624800769419038e-16,0.8409310214847416,0,31018.483243578397,155,152,0.248017833
failed-only-recovery-10,0,frozen,95,True,qualified,-1,False,8.505134874028506e-09,-84.27785671733108,0,2,2.332095931753315,0.5573357044199546,2,2.7209595411737904,0.48784490489255944,2.0624800769419038e-16,0.841682380462405,0,31051.465336727604,155,152,0.242323084
failed-only-recovery-10,0,frozen,96,True,qualified,-1,False,9.144800681067232e-09,-84.15202264739197,0,2,2.260124659496275,0.5722155714831851,2,2.190422325349792,0.5873240248736912,2.0624800769419038e-16,0.8410159467064936,0,31025.51993699806,191,188,0.305985167
failed-only-recovery-10,0,frozen,97,True,qualified,-1,False,8.505134874028506e-09,-84.12941207177396,0,2,2.3342738652528343,0.5568963645515691,2,2.096921401667216,0.6087452642030438,2.0624800769419038e-16,0.8410904169179949,0,31028.685427381843,155,152,0.245586083
failed-only-recovery-10,0,frozen,98,True,qualified,-1,False,8.83280106048364e-09,-84.28422527999894,0,2,2.174392410669613,0.5909002341584606,2,1.9148791448869764,0.6546469742047376,2.0624800769419038e-16,0.8420321062992723,0,31069.53563193168,174,171,0.279942542
failed-only-recovery-10,0,frozen,99,True,qualified,-1,False,8.505134874028506e-09,-84.13130291506269,0,2,2.353944361890115,0.5529567050895009,2,2.4817398340802064,0.5285521304348478,2.0624800769419038e-16,0.8411642522977415,0,31031.965665145348,155,152,0.247810042
failed-only-recovery-10,0,frozen,100,True,qualified,-1,False,8.554625127602235e-09,-84.15054320396379,0,2,2.189073748072332,0.5876233927784055,2,1.7265084887942934,0.708807161512025,2.0624800769419038e-16,0.8411091969959781,0,31025.928738404993,366,363,0.578767834
failed-only-recovery-10,0,frozen,101,True,qualified,-1,False,8.505134874028506e-09,-85.41450591994122,0,2,2.354758918470561,0.5527946565831898,2,3.082131314622957,0.43644547713917436,2.0624800769419038e-16,0.8419035230895435,0,31070.60616531666,155,152,0.249068958
failed-only-recovery-10,0,frozen,102,True,qualified,-1,False,8.505134874028506e-09,-84.17593104792263,0,2,2.3824717791931462,0.5473325122224179,2,1.6878963588616278,0.7208441430562622,2.0624800769419038e-16,0.8411274739115021,0,31029.45577112763,155,152,0.248276875
failed-only-recovery-10,0,frozen,103,True,qualified,-1,False,8.505134874028506e-09,-84.64209556574906,0,2,2.4277797682038464,0.5386116571109859,2,3.7380507044634177,0.3654771679782812,2.0624800769419038e-16,0.8418424252708222,0,31067.282952980935,155,152,0.246878041
failed-only-recovery-10,0,frozen,104,True,qualified,-1,False,8.505134874028506e-09,-84.21949118315581,0,2,2.4029108272350235,0.5433667115535837,2,2.617023146772671,0.5047927230873298,2.0624800769419038e-16,0.8409458879071315,0,31021.936220500167,155,152,0.247587583
failed-only-recovery-10,0,frozen,105,True,qualified,-1,False,8.505134874028506e-09,-84.13909097117048,0,2,2.182640237986634,0.5890553239956476,2,1.6503239482489722,0.7328840785363112,2.0624800769419038e-16,0.8411314298447579,0,31030.90272607508,155,152,0.245808875
failed-only-recovery-10,0,frozen,106,True,qualified,-1,False,8.505134874028506e-09,-85.3664487939535,0,2,2.2036036378268045,0.5844122648839227,2,3.4493222242983763,0.393782831896569,2.0624800769419038e-16,0.8416319079204955,0,31055.490497858173,155,152,0.251470334
failed-only-recovery-10,0,frozen,107,True,qualified,-1,False,8.505134874028506e-09,-84.39653749980597,0,2,2.288255080158998,0.5663150047037746,2,1.8873741944958766,0.662107832450366,2.0624800769419038e-16,0.8410466973316757,0,31027.74489583421,155,152,0.244641917
failed-only-recovery-10,0,frozen,108,True,qualified,-1,False,9.655710433867639e-09,-84.16632092119823,0,2,2.4810734179929708,0.5286742618541975,2,1.664541947059973,0.7282894410731403,2.0624800769419038e-16,0.8410446141916593,0,31027.16762642135,171,168,0.277458041
failed-only-recovery-10,0,frozen,109,True,qualified,-1,False,8.505134874028506e-09,-84.30956052455022,0,2,2.271587835656653,0.5697977349433747,2,2.286141951842329,0.5667544240596929,2.0624800769419038e-16,0.8409532784789358,0,31022.602016799392,155,152,0.246603291
failed-only-recovery-10,0,frozen,110,True,qualified,-1,False,8.505134874028506e-09,-84.15777908687213,0,2,2.43093024723623,0.538014701069073,2,2.6353947351077247,0.5017180203306082,2.0624800769419038e-16,0.840793567571419,0,31015.41222954702,155,152,0.252284541
failed-only-recovery-10,0,frozen,111,True,qualified,-1,False,8.505134874028506e-09,-84.13720859352932,0,2,2.5995537493861325,0.5077489988129804,2,2.1500754685047596,0.5964001346114051,2.0624800769419038e-16,0.8410914935679262,0,31029.062036224634,155,152,0.244431292
failed-only-recovery-10,0,frozen,112,True,qualified,-1,False,8.505134874028506e-09,-84.1752262674124,0,2,2.5741433647757135,0.5121067522026592,2,3.2265219593775423,0.4186621763765293,2.0624800769419038e-16,0.8413346901341857,0,31042.317492696333,155,152,0.249906792
failed-only-recovery-10,0,frozen,113,True,qualified,-1,False,8.505134874028506e-09,-84.21854531607256,0,2,2.199655966436467,0.5852815884449479,2,1.318746252406378,0.8544993045509844,2.0624800769419038e-16,0.840969467581148,0,31023.11199554867,155,152,0.245035625
failed-only-recovery-10,0,frozen,114,True,qualified,-1,False,8.505134874028506e-09,-84.1440312786002,0,2,2.186512710631739,0.5881926652412129,2,2.197290138206815,0.5858036837148805,2.0624800769419038e-16,0.8410453152511601,0,31026.904664559344,155,152,0.251168917
failed-only-recovery-10,0,frozen,115,True,qualified,-1,False,8.505134874028506e-09,-84.46216629859141,0,2,2.303385936989731,0.5631865111741163,2,3.0358552288741962,0.4424515215319147,2.0624800769419038e-16,0.842175879375358,0,31080.371869173377,155,152,0.242305458
failed-only-recovery-10,0,frozen,116,True,qualified,-1,False,8.505134874028506e-09,-84.19840837837137,0,2,2.4257376255484027,0.5389992524223082,2,2.463156483725097,0.5319773658187226,2.0624800769419038e-16,0.8411516230386032,0,31031.14475386016,155,152,0.248482334
failed-only-recovery-10,0,frozen,117,True,qualified,-1,False,8.505134874028506e-09,-84.16684650624997,0,2,2.313098105474574,0.5611948486368512,2,1.7649857423713982,0.6971413786367175,2.0624800769419038e-16,0.8410001592384605,0,31023.93593048158,155,152,0.249066917
failed-only-recovery-10,0,frozen,118,True,qualified,-1,False,8.505134874028506e-09,-84.1676104909006,0,2,2.3919689387968974,0.5454832240308539,2,3.090441602324415,0.43538323256904626,2.0624800769419038e-16,0.841015265533803,0,31024.895257581957,155,152,0.251232042
failed-only-recovery-10,0,frozen,119,True,qualified,-1,False,8.505134874028506e-09,-84.13275273257305,0,2,2.437222956528168,0.5368259712933494,2,2.391223243848943,0.5456280132158272,2.0624800769419038e-16,0.8411620000774459,0,31032.599920567805,155,152,0.249900625
failed-only-recovery-10,0,frozen,120,True,qualified,-1,False,8.505134874028506e-09,-84.14883333670039,0,2,2.6474290151974107,0.4997227186221455,2,2.3535455032626085,0.5530360858563229,2.0624800769419038e-16,0.8412054246151285,0,31035.547684993922,155,152,0.243143166
failed-only-recovery-10,0,frozen,121,True,qualified,-1,False,8.505134874028506e-09,-84.15422595411047,0,2,2.567343980188259,0.5132845647044175,2,3.4524091702499287,0.39345799916364743,2.0624800769419038e-16,0.8412002835096556,0,31035.077249693128,155,152,0.250867458
failed-only-recovery-10,0,frozen,122,True,qualified,-1,False,8.505134874028506e-09,-84.19417018441933,0,2,2.2282559167742493,0.5790355713560391,2,2.068241582850005,0.6155960236087056,2.0624800769419038e-16,0.8411432170004068,0,31031.589822650458,155,152,0.245568
failed-only-recovery-10,0,frozen,123,True,qualified,-1,False,8.505134874028506e-09,-84.5405236764263,0,2,2.2527141548306315,0.5737884835912821,2,2.2112717408048432,0.5827302637426692,2.0624800769419038e-16,0.8418959196130144,0,31066.51663247817,155,152,0.252085042
failed-only-recovery-10,0,frozen,124,True,qualified,-1,False,8.505134874028506e-09,-84.27164522954338,0,2,2.307558967130678,0.5623291858723685,2,2.1871115038450424,0.5880594758523342,2.0624800769419038e-16,0.8410642448752257,0,31027.525740120527,155,152,0.24482125
failed-only-recovery-10,0,frozen,125,True,qualified,-1,False,9.572333101051924e-09,-84.19371195391322,0,2,2.3969607765238337,0.5445157784146434,2,3.6268507983093037,0.3759020425301416,2.0624800769419038e-16,0.8411070907589674,0,31029.59562439315,153,150,0.247218958
failed-only-recovery-10,0,frozen,126,True,qualified,-1,False,8.505134874028506e-09,-85.38613679762265,0,2,2.424735165935442,0.5391897044453295,2,2.008089193570596,0.6304148904390646,1.0883461915290369e-35,0.8408759567120163,0,31019.751775977486,155,152,0.246343666
failed-only-recovery-10,0,frozen,127,True,qualified,-1,False,8.386396965634056e-09,-86.59397083390328,0,2,2.9585566170016926,0.4528398219269039,2,4.678960214135358,0.2955743793615191,2.0624800769419038e-16,0.8408205515322821,0,31015.644449425796,187,184,0.332503416
failed-only-recovery-10,0,frozen,128,True,qualified,-1,False,8.505134874028506e-09,-84.4226900425038,0,2,2.2023526163473903,0.5846875036767132,2,1.7079993798169033,0.7145353092029547,2.0624800769419038e-16,0.841080867377141,0,31026.955741283742,155,152,0.245618625
failed-only-recovery-10,0,frozen,129,True,qualified,-1,False,8.505134874028506e-09,-84.32783018172907,0,2,2.2567268181744398,0.5729358115673631,2,2.446287788474924,0.5351220055538146,2.0624800769419038e-16,0.8409025374285213,0,31019.844811443487,155,152,0.251242166
failed-only-recovery-10,0,frozen,130,True,qualified,-1,False,8.504808357436964e-09,-84.1691943790958,0,2,2.2556778335688805,0.5731584951538542,2,2.214510180660636,0.5820225187310862,2.0624800769419038e-16,0.8412174741345558,0,31036.89240244445,155,152,0.248813833
failed-only-recovery-10,0,frozen,131,True,qualified,-1,False,8.862965750069527e-09,-84.21611920786103,0,2,2.3905175977613156,0.5457650908489012,2,1.301760346050057,0.8615281194169331,2.0624800769419038e-16,0.8411170709653136,0,31032.716584402406,165,162,0.266841667
failed-only-recovery-10,0,frozen,132,True,qualified,-1,False,8.505134874028506e-09,-84.17321034118297,0,2,2.539021226670438,0.5182450293310511,2,1.3430717832125505,0.8445750424574096,2.0624800769419038e-16,0.8412335088298644,0,31036.45274827981,155,152,0.24927575
failed-only-recovery-10,0,frozen,133,True,qualified,-1,False,8.505134874028506e-09,-85.36194091619262,0,2,2.233514197574644,0.5779002261591296,2,1.5039665918619265,0.7830304374221754,2.0624800769419038e-16,0.841999909938168,0,31079.148317359708,155,152,0.247620875
failed-only-recovery-10,0,frozen,134,True,qualified,-1,False,8.505134874028506e-09,-84.46095284894437,0,2,2.1680226911637774,0.5923321269784322,2,2.033950458471011,0.6239677443932995,2.0624800769419038e-16,0.8413886406794745,0,31045.718415689626,155,152,0.249665
failed-only-recovery-10,0,frozen,135,True,qualified,-1,False,8.505134874028506e-09,-84.1514693925849,0,2,2.24825614603865,0.5747384758733846,2,2.853438122128517,0.46772630733346615,2.0624800769419038e-16,0.8410665409205232,0,31027.205794940874,155,152,0.248221334
failed-only-recovery-10,0,frozen,136,True,qualified,-1,False,8.505134874028506e-09,-84.46807835823061,0,2,2.4679040310312605,0.531098440924928,2,1.9174298736529602,0.6539624249671183,2.0624800769419038e-16,0.8410973257614702,0,31028.484675651744,155,152,0.248582334
failed-only-recovery-10,0,frozen,137,True,qualified,-1,False,8.505134874028506e-09,-84.44701457706968,0,2,2.337421047419004,0.5562626149826508,2,3.8396024788943963,0.35643266341113694,2.0624800769419038e-16,0.8414039951732527,0,31044.2725249199,155,152,0.245911709
failed-only-recovery-10,0,frozen,138,True,qualified,-1,False,9.110908091739247e-09,-84.23210797804335,0,2,2.6107802292606133,0.5058455163580982,2,2.182890844404523,0.5889994286404421,2.0624800769419038e-16,0.8407885834089674,0,31017.998943974548,237,234,0.37213675
failed-only-recovery-10,0,frozen,139,True,qualified,-1,False,8.505134874028506e-09,-84.40447080946524,0,2,2.551404137356174,0.5160654346747306,2,2.2082461116856615,0.5833928975488903,2.0624800769419038e-16,0.8412724919474641,0,31037.03752178273,155,152,0.237123458
failed-only-recovery-10,0,frozen,140,True,qualified,-1,False,9.51284345740433e-09,-84.20525426001845,0,2,2.173246626630732,0.5911573460274433,2,1.8597219627330712,0.6697572271932858,2.0624800769419038e-16,0.8414210344999563,0,31043.504048445673,166,163,0.25857625
failed-only-recovery-10,0,frozen,141,True,qualified,-1,False,8.505134874028506e-09,-84.23346266396,0,2,2.151629801190822,0.5960458512763528,2,1.3483650889731384,0.8424375000449039,2.0624800769419038e-16,0.8409073807042188,0,31016.669446783042,155,152,0.245000333
failed-only-recovery-10,0,frozen,142,True,qualified,-1,False,9.737104566955999e-09,-84.23931871067744,0,2,2.221361946468063,0.5805301777594862,2,1.8787622482063326,0.6644740069172529,2.0624800769419038e-16,0.84095119380098,0,31022.726201243866,163,160,0.253698625
failed-only-recovery-10,0,frozen,143,True,qualified,-1,False,8.505134874028506e-09,-84.22946498534658,0,2,2.531953215823085,0.519496743834762,2,3.9946728340398177,0.34342762303591484,2.0624800769419038e-16,0.8405625934467846,0,31004.837323335025,155,152,0.23711375
failed-only-recovery-10,0,frozen,144,True,qualified,-1,False,8.505134874028506e-09,-84.50064540821559,0,2,2.2579564863414086,0.5726749701960299,2,1.4753905214890304,0.7934537552472616,2.0624800769419038e-16,0.840993421502578,0,31025.710023738255,155,152,0.24210625
failed-only-recovery-10,0,frozen,145,True,qualified,-1,True,8.505134874028506e-09,-84.4113543010001,0,2,2.4857686867143785,0.5278148816019999,2,1.994119322039664,0.6339463061609174,2.0624800769419038e-16,0.8418829277747966,0,31063.185207355167,162,159,0.250714333
failed-only-recovery-10,0,frozen,146,True,qualified,-1,False,8.505134874028506e-09,-84.2111589190705,0,2,2.5561507696869565,0.5152344309349108,2,2.3843173695285063,0.5469722439332103,2.0624800769419038e-16,0.8408306148186715,0,31017.384949013245,155,152,0.238586541
failed-only-recovery-10,0,frozen,147,True,qualified,-1,False,8.505134874028506e-09,-85.24559103022678,0,2,2.6779304866858746,0.49473098311943187,2,4.057450839985626,0.3384205471551236,2.0624800769419038e-16,0.8409791362719666,0,31026.587279725067,155,152,0.236873833
failed-only-recovery-10,0,frozen,148,True,qualified,-1,False,9.280973933692003e-09,-84.17036968181787,0,2,2.2186567112895004,0.581118566159006,2,1.7462007823739383,0.7027962942288054,2.0624800769419038e-16,0.8409897538318137,0,31025.117601328882,160,157,0.247995166
failed-only-recovery-10,0,frozen,149,True,qualified,-1,False,9.572333101051924e-09,-84.14834991012042,0,2,2.1575410459685487,0.5947019081494592,2,1.7770987001360743,0.6935353278738691,2.0624800769419038e-16,0.8411667176510449,0,31032.179809220663,153,150,0.237907917
failed-only-recovery-10,0,frozen,150,True,qualified,-1,False,8.037873866364585e-09,-84.83063739694508,0,2,2.3320498527705062,0.5573450064230399,2,3.4818599022587793,0.3903845925200979,2.0624800769419038e-16,0.8414593535969297,0,31049.776852526284,165,162,0.252404
failed-only-recovery-10,0,frozen,151,True,qualified,-1,False,9.572333101051924e-09,-84.22127911287865,0,2,2.5197935889192893,0.5216632528763034,2,3.208902022660867,0.4207580466568632,2.0624800769419038e-16,0.8412100851091167,0,31034.14570165166,153,150,0.23609725
failed-only-recovery-10,0,frozen,152,True,qualified,-1,False,9.572333101051924e-09,-84.28067779824676,0,2,2.2659723306679402,0.5709798595334638,2,2.8196181412021786,0.4727129505839359,2.0624800769419038e-16,0.8414869065594003,0,31047.562849546463,153,150,0.236002625
failed-only-recovery-10,0,frozen,153,True,qualified,-1,False,8.46669562224691e-09,-84.15413758006049,0,2,2.400147990942875,0.5438997159663773,2,2.936546420740788,0.4558824517584391,2.0624800769419038e-16,0.8409241938789984,0,31020.221090231127,185,182,0.28415875
failed-only-recovery-10,0,frozen,154,True,qualified,-1,False,9.806063017017273e-09,-84.14664330081587,0,2,2.677656715791176,0.4947753746538843,2,3.0248974365181622,0.44389666318595034,2.0624800769419038e-16,0.841048809164726,0,31027.322692778635,201,198,0.307569667
failed-only-recovery-10,0,frozen,155,True,qualified,-1,False,8.429458464445226e-09,-84.13508945524623,0,2,2.6416539597224804,0.5006783893015684,2,2.4822884133578835,0.5284516333978123,2.0624800769419038e-16,0.8411390694007834,0,31031.34253388098,157,154,0.24275375
failed-only-recovery-10,0,frozen,156,True,qualified,-1,False,9.528218713896884e-09,-84.66173574760307,0,2,2.276011113249502,0.5688696953755041,2,2.5062228584740973,0.5241009160949145,2.0624800769419038e-16,0.841838091302022,0,31069.100218365096,171,168,0.26262125
failed-only-recovery-10,0,frozen,157,True,qualified,-1,False,8.505134874028506e-09,-84.42841181009953,0,2,2.3043613404738825,0.5629859080885746,2,2.2664704100757582,0.5708748295138438,2.0624800769419038e-16,0.8405149763568501,0,31000.632004518015,155,152,0.24465225
failed-only-recovery-10,0,frozen,158,True,qualified,-1,False,8.505134874028506e-09,-84.65468428175716,0,2,2.2714098789924475,0.5698351289231839,2,2.346861295144766,0.5543694668555378,2.0624800769419038e-16,0.8404718840405597,0,30997.52821005098,155,152,0.237162333
failed-only-recovery-10,0,frozen,159,True,qualified,-1,False,8.505134874028506e-09,-84.39809922075895,0,2,2.418052829757715,0.5404623987416084,2,3.844623383061857,0.35599669284447744,2.0624800769419038e-16,0.8407457217619443,0,31010.331022245067,155,152,0.2403365
failed-only-recovery-10,0,frozen,160,True,qualified,-1,False,8.505134874028506e-09,-84.18223192170974,0,2,2.219297571356138,0.5809790823138806,2,1.6824200995163883,0.7225786824272822,2.0624800769419038e-16,0.8409152835357254,0,31018.22931919659,155,152,0.240200625
failed-only-recovery-10,0,frozen,161,True,qualified,-1,False,8.505134874028506e-09,-84.1496759345004,0,2,2.189666888378582,0.5874916891104973,2,2.333590745905315,0.5570340978941377,2.0624800769419038e-16,0.841066131530706,0,31027.284832649035,155,152,0.245183709
failed-only-recovery-10,0,frozen,162,True,qualified,-1,False,8.505134874028506e-09,-84.13159277266843,0,2,2.387845883075232,0.5462846635946279,2,2.232486205099287,0.5781218707259843,2.0624800769419038e-16,0.8411524891912576,0,31032.213826908694,155,152,0.238703583
failed-only-recovery-10,0,frozen,163,True,qualified,-1,False,8.505134874028506e-09,-84.1653172480446,0,2,2.4751035087884534,0.5297706602931004,2,3.385697334126523,0.400594178299152,2.0624800769419038e-16,0.8407463554594284,0,31014.681671631217,155,152,0.2388125
failed-only-recovery-10,0,frozen,164,True,qualified,-1,False,8.505134874028506e-09,-84.14280339607983,0,2,2.328879587832169,0.5579856681218218,2,2.1185668956422052,0.6036636982477356,2.0624800769419038e-16,0.8411035627374613,0,31029.72124113608,155,152,0.23890825
failed-only-recovery-10,0,frozen,165,True,qualified,-1,False,8.505134874028506e-09,-84.13135422803104,0,2,2.4035243460077846,0.5432484813940551,2,1.7782751092705875,0.6931867803978429,2.0624800769419038e-16,0.8410933185137599,0,31028.835746145694,155,152,0.241401583
failed-only-recovery-10,0,frozen,166,True,qualified,-1,False,8.505134874028506e-09,-84.14201865592524,0,2,2.3110150353505,0.5616209449504733,2,2.4442359439978567,0.5355068334376439,2.0624800769419038e-16,0.8410045454549636,0,31023.676805165174,155,152,0.236363458
failed-only-recovery-10,0,frozen,167,True,qualified,-1,False,8.505134874028506e-09,-84.13467623511585,0,2,2.5569222452737628,0.5150996003798411,2,3.1918879414203394,0.4228008816359386,2.0624800769419038e-16,0.8410533919758945,0,31026.3462590616,155,152,0.238584292
failed-only-recovery-11,0,joint,,False,budget-exhausted,-1,False,3.719269919821855e-07,-321.76600312409283,0,336,18.908473440601405,0.12485656218166093,336,115.16283882149568,0.023416167632377315,0.0,0.8210965948727023,59,30194.152248064165,4001,4000,5780.033658292
failed-only-recovery-11,0,frozen,0,False,reference-unverified,-1,False,8.550942584681096e-09,-83.41471674961943,0,2,2.5589082735367916,0.5147528024821466,2,1.2547386563692529,0.8814132832201331,2.9803257976931517e-13,0.8411052996206136,0,31034.712086500553,199,196,0.480806542
failed-only-recovery-11,0,frozen,1,True,qualified,-1,False,8.473937440503086e-09,-83.52777552616253,0,2,2.277073146549643,0.5686472786370115,2,2.01447060450218,0.6288131909481747,2.9803257976931517e-13,0.8409267571530331,0,31025.864554853542,183,180,0.41119375
failed-only-recovery-11,0,frozen,2,True,qualified,-1,False,8.473937440503086e-09,-83.41749975404157,0,2,2.326252658197166,0.5585175439065023,2,1.2565705134051481,0.8806268009087557,2.9803257976931517e-13,0.8410739815916475,0,31032.23850732984,183,180,0.402110625
failed-only-recovery-11,0,frozen,3,True,qualified,-1,False,8.473937440503086e-09,-83.44334653151657,0,2,2.513761816055852,0.5227441359867367,2,1.216220235007467,0.8981728988867911,2.9803257976931517e-13,0.8410957191126054,0,31033.93848344017,183,180,0.404656708
failed-only-recovery-11,0,frozen,4,True,qualified,-1,True,8.473937440503086e-09,-83.52818771954475,0,2,2.4379512074003897,0.536688710937029,2,1.276407125072272,0.8721715878989159,2.9803257976931517e-13,0.8408635226411769,0,31021.566517305688,183,180,0.387612708
failed-only-recovery-11,0,frozen,5,True,qualified,-1,False,8.473937440503086e-09,-83.5204067022318,0,2,2.3930786131453514,0.5452678919235,2,1.3784972810181022,0.8304183248207287,2.9803257976931517e-13,0.8409822987873724,0,31027.827991521423,183,180,0.416841541
failed-only-recovery-11,0,frozen,6,True,qualified,-1,False,9.531334554815494e-09,-83.5264437867009,0,2,2.7129978925916247,0.4891055284004201,2,2.0504967183914107,0.6199033114735321,2.9803257976931517e-13,0.8411409465229666,0,31036.062611936162,187,184,0.423148167
failed-only-recovery-11,0,frozen,7,True,qualified,-1,False,9.703631065207794e-09,-84.9215727800128,0,2,2.96993567533768,0.45128178205963504,2,3.815667814476248,0.3585251938464867,2.9803257976931517e-13,0.8415473464476625,0,31057.62001230802,209,206,0.499834208
failed-only-recovery-11,0,frozen,8,True,qualified,-1,False,8.473937440503086e-09,-84.59445339925372,0,2,2.2190471542111037,0.5810335786984011,2,1.4301927307344962,0.8103808543976297,2.9803257976931517e-13,0.8406548807251394,0,31016.54098326246,183,180,0.43017525
failed-only-recovery-11,0,frozen,9,True,qualified,-1,False,8.473937440503086e-09,-83.4672199033347,0,2,2.203316682444253,0.5844753777488494,2,1.7887395363066474,0.6900993151644335,2.9803257976931517e-13,0.8411573313827728,0,31036.98581328946,183,180,0.48721075
failed-only-recovery-11,0,frozen,10,True,qualified,-1,False,8.473937440503086e-09,-83.42051493502304,0,2,2.277267454875146,0.5686066025451588,2,3.5214982907444408,0.38632000765469493,2.9803257976931517e-13,0.8411192827523454,0,31035.818782602906,183,180,0.419341292
failed-only-recovery-11,0,frozen,11,True,qualified,-1,False,8.473937440503086e-09,-83.61580303471294,0,2,2.556085838452217,0.5152457819212198,2,2.2952697897127465,0.5648607244530153,2.9803257976931517e-13,0.8410483455038197,0,31031.008263867556,183,180,0.402216209
failed-only-recovery-11,0,frozen,12,True,qualified,-1,False,8.473937440503086e-09,-83.4821323450149,0,2,2.3463832926060393,0.5544650439027354,2,2.4787503088606715,0.5291004145414786,2.9803257976931517e-13,0.8410740308093961,0,31032.155044041712,183,180,0.385903083
failed-only-recovery-11,0,frozen,13,True,qualified,-1,False,8.473937440503086e-09,-83.41241909828885,0,2,2.29861715895402,0.5641691325483743,2,2.192944092018535,0.5867649557123519,2.9803257976931517e-13,0.841086832920896,0,31033.507651827967,183,180,0.401598541
failed-only-recovery-11,0,frozen,14,True,qualified,-1,False,8.473937440503086e-09,-83.71063196308087,0,2,2.3965523404509437,0.5445948178773526,2,2.070487213910842,0.6150546966453115,2.9803257976931517e-13,0.8414048330638183,0,31050.561445555173,183,180,0.384791833
failed-only-recovery-11,0,frozen,15,True,qualified,-1,False,8.473937440503086e-09,-83.68503926088437,0,2,2.3977509266269434,0.5443629301112979,2,3.4037131527528572,0.39864272797051664,2.9803257976931517e-13,0.841963053059158,0,31075.915596290135,183,180,0.397174166
failed-only-recovery-11,0,frozen,16,True,qualified,-1,False,8.473937440503086e-09,-83.65201710218953,0,2,2.4299922420923044,0.5381923085944657,2,2.8098832024585922,0.4741668544326982,2.9803257976931517e-13,0.8415834471594056,0,31057.62061777178,183,180,0.415422959
failed-only-recovery-11,0,frozen,17,True,qualified,-1,False,8.473937440503086e-09,-83.55228969960714,0,2,2.4200690801347604,0.5400778122901178,2,2.335304755629967,0.5566886292623658,2.9803257976931517e-13,0.841026715532342,0,31030.718276508953,183,180,0.40501775
failed-only-recovery-11,0,frozen,18,True,qualified,-1,False,8.473937440503086e-09,-83.46537346524057,0,2,2.4550741682311243,0.5334798191572427,2,2.4047930205742096,0.5430041462961929,2.9803257976931517e-13,0.8408084393230796,0,31021.799278420734,183,180,0.410497708
failed-only-recovery-11,0,frozen,19,True,qualified,-1,False,8.473937440503086e-09,-83.52204456022122,0,2,2.266538654243814,0.5708604415808708,2,2.3337465060333686,0.5570026874487897,2.9803257976931517e-13,0.8409793896483914,0,31029.633101427957,183,180,0.4107715
failed-only-recovery-11,0,frozen,20,True,qualified,-1,False,8.473937440503086e-09,-83.50974157288314,0,2,2.228832409404433,0.5789109017851066,2,1.474216590121209,0.7938865350208435,2.9803257976931517e-13,0.8413645240708145,0,31049.971589693145,183,180,0.4259155
failed-only-recovery-11,0,frozen,21,True,qualified,-1,False,8.473937440503086e-09,-83.53841688559088,0,2,2.2848014202522413,0.5670335038244597,2,1.5058776584122424,0.782340957114216,2.9803257976931517e-13,0.840819668723824,0,31018.918836377485,183,180,0.40502375
failed-only-recovery-11,0,frozen,22,True,qualified,-1,False,8.473937440503086e-09,-83.41422021636032,0,2,2.5286283560735394,0.5200874922393984,2,1.482697389753852,0.7907681761782858,2.9803257976931517e-13,0.8411933888047333,0,31038.559093507673,183,180,0.412623292
failed-only-recovery-11,0,frozen,23,True,qualified,-1,False,8.473937440503086e-09,-83.74388753775955,0,2,2.2700316082824763,0.5701248946928588,2,1.9664168912945903,0.6410522868713163,2.9803257976931517e-13,0.8414168817509621,0,31050.306420368524,183,180,0.412232041
failed-only-recovery-11,0,frozen,24,True,qualified,-1,False,8.473937440503086e-09,-83.45085398312452,0,2,2.439173487574694,0.5364584806320997,2,3.738718699658858,0.3654162283985054,2.9803257976931517e-13,0.8410371880807817,0,31030.40575550309,183,180,0.395416625
failed-only-recovery-11,0,frozen,25,True,qualified,-1,False,9.993266619595875e-09,-83.6327385129888,0,2,2.381459386244368,0.5475303201629789,2,1.847985020693004,0.6730498809062982,2.9803257976931517e-13,0.841232313723387,0,31039.647258064855,273,270,0.653481333
failed-only-recovery-11,0,frozen,26,True,qualified,-1,False,8.473937440503086e-09,-83.92198610762973,0,2,2.3431695914734623,0.5551084050364113,2,2.4236423640261053,0.5393974604611473,2.9803257976931517e-13,0.8414393159972352,0,31050.12779244733,183,180,0.481160333
failed-only-recovery-11,0,frozen,27,True,qualified,-1,False,8.473937440503086e-09,-85.29691428275206,0,2,2.3888084185615535,0.546097373759222,2,4.371117528142066,0.31538783620247995,2.9803257976931517e-13,0.8408560761120186,0,31021.440676352875,183,180,0.436812125
failed-only-recovery-11,0,frozen,28,True,qualified,-1,False,8.473937440503086e-09,-84.15954924652821,0,2,2.5158690432868585,0.5223660560435589,2,2.3032098460523938,0.563222740124992,2.9803257976931517e-13,0.8412298697153271,0,31039.588269422202,183,180,0.396874125
failed-only-recovery-11,0,frozen,29,True,qualified,-1,False,8.473937440503086e-09,-84.23343570109175,0,2,2.5525293428084983,0.5158682186724626,2,2.5165086418122917,0.5222513985278684,2.9803257976931517e-13,0.8411514083995181,0,31034.580692814936,183,180,0.397932959
failed-only-recovery-11,0,frozen,30,True,qualified,-1,False,8.473937440503086e-09,-83.4826057042637,0,2,2.2529840410936344,0.5737310622711912,2,1.4300879294133686,0.8104207398933242,2.9803257976931517e-13,0.8409843267720859,0,31028.72301382343,183,180,0.417940917
failed-only-recovery-11,0,frozen,31,True,qualified,-1,False,8.473937440503086e-09,-84.74451705175697,0,2,2.208332361266174,0.5833739895638405,2,1.202862042356923,0.9040842848386728,2.9803257976931517e-13,0.8411892893503174,0,31041.676903913278,183,180,0.384026959
failed-only-recovery-11,0,frozen,32,True,qualified,-1,False,8.473937440503086e-09,-83.49083851425999,0,2,2.2962780874942417,0.5646522410043943,2,1.2058453064426962,0.902759677250242,2.9803257976931517e-13,0.8410816748345925,0,31033.484066978635,183,180,0.427078625
failed-only-recovery-11,0,frozen,33,True,qualified,-1,False,8.473937440503086e-09,-83.4195437892661,0,2,2.4311921222009523,0.5379651352502623,2,1.2383330661354282,0.8884995643200622,2.9803257976931517e-13,0.8410101592821967,0,31030.080154337244,183,180,0.430133
failed-only-recovery-11,0,frozen,34,True,qualified,-1,False,8.473937440503086e-09,-83.8725611804735,0,2,2.2989010217748023,0.5641105548508206,2,1.9971025713553872,0.6331892738925289,2.9803257976931517e-13,0.8405734889277006,0,31011.32248507875,183,180,0.409239167
failed-only-recovery-11,0,frozen,35,True,qualified,-1,False,8.473937440503086e-09,-84.29359277840787,0,2,2.2570524557949208,0.5728667153558163,2,1.7161111918813123,0.7120154593222418,2.9803257976931517e-13,0.8413864238450212,0,31048.152007986122,183,180,0.398944792
failed-only-recovery-11,0,frozen,36,True,qualified,-1,False,8.473937440503086e-09,-85.28513055656029,0,2,2.365845845904417,0.5505975800013637,2,3.017165657020147,0.4449217312044802,2.9803257976931517e-13,0.8409274991433662,0,31025.616614952647,183,180,0.379539875
failed-only-recovery-11,0,frozen,37,True,qualified,-1,False,8.473937440503086e-09,-84.17460850360855,0,2,2.3542062714476266,0.5529045911755439,2,1.5888922434950983,0.7532886089783729,2.9803257976931517e-13,0.8413943591266804,0,31048.66616772906,183,180,0.39565025
failed-only-recovery-11,0,frozen,38,True,qualified,-1,False,9.531334554815494e-09,-84.77678091540986,0,2,2.4559261076791485,0.5333210819224138,2,3.8932821504931394,0.35182439918461217,2.9803257976931517e-13,0.8410417855292127,0,31032.273944419067,185,182,0.400612292
failed-only-recovery-11,0,frozen,39,True,qualified,-1,False,8.473937440503086e-09,-83.76737410386002,0,2,2.459897084799766,0.5325823330952714,2,2.1850922722766297,0.588508829066093,2.9803257976931517e-13,0.8410166433653826,0,31029.710022625066,183,180,0.387131833
failed-only-recovery-11,0,frozen,40,True,qualified,-1,False,8.473937440503086e-09,-83.5011448947838,0,2,2.2799544474998186,0.5680446519099683,2,1.8188000386748941,0.6813581544148328,2.9803257976931517e-13,0.8411110517114481,0,31034.913911155596,183,180,0.437782542
failed-only-recovery-11,0,frozen,41,True,qualified,-1,False,8.473937440503086e-09,-83.53584466209261,0,2,2.199234630058611,0.585374508643402,2,2.184049834276935,0.5887410505289699,2.9803257976931517e-13,0.8410347495038282,0,31030.7585778941,183,180,0.41926325
failed-only-recovery-11,0,frozen,42,True,qualified,-1,False,8.473937440503086e-09,-83.5124019938031,0,2,2.2792385249710425,0.5681942799570295,2,1.8440234901380885,0.6741674854140226,3.4183984521185826e-13,0.8410169335299538,0,31028.86766045346,183,180,0.397472292
failed-only-recovery-11,0,frozen,43,True,qualified,-1,False,8.473937440503086e-09,-83.42871609293015,0,2,2.374070751038785,0.5489779161335937,2,2.0439552659962392,0.6215045721611671,2.976211300926225e-13,0.8409151944833911,0,31025.592710854206,183,180,0.40099675
failed-only-recovery-11,0,frozen,44,True,qualified,-1,False,8.473937440503086e-09,-83.59549765043889,0,2,2.32684695517246,0.5583971357580282,2,3.389778539334327,0.40015050817336073,2.9803257976931517e-13,0.8411345554168944,0,31035.684368412458,183,180,0.401635625
failed-only-recovery-11,0,frozen,45,True,qualified,-1,False,8.473937440503086e-09,-83.53860939325637,0,2,2.4244564572278273,0.5392426767248497,2,2.2717153198761877,0.5697709494478068,2.9803257976931517e-13,0.8408960088157379,0,31022.585641166464,183,180,0.414281334
failed-only-recovery-11,0,frozen,46,True,qualified,-1,False,8.473937440503086e-09,-83.54544294371492,0,2,2.5358171251669956,0.5188117719509314,2,1.832840881160918,0.6773393947823612,2.9803257976931517e-13,0.8409690462643112,0,31026.64085956821,183,180,0.401066792
failed-only-recovery-11,0,frozen,47,True,qualified,-1,False,8.473937440503086e-09,-83.51705439233851,0,2,2.576141767819495,0.511761531724824,2,3.25070820954103,0.4158174207429757,2.9803257976931517e-13,0.8410437392887405,0,31030.701410053854,183,180,0.406420666
failed-only-recovery-11,0,frozen,48,True,qualified,-1,False,8.473937440503086e-09,-83.41120150300355,0,2,2.2033988891416065,0.5844572959873409,2,1.2176321314244156,0.89755107739445,3.194548577941241e-13,0.8410792252904812,0,31033.227232857756,183,180,0.406569459
failed-only-recovery-11,0,frozen,49,True,qualified,-1,False,8.473937440503086e-09,-83.45575280487805,0,2,2.19959505928985,0.5852950190798307,2,1.8236456272682011,0.6799666837966728,2.2335865589675867e-10,0.8415441820489332,0,31053.759308570192,183,180,0.39560875
failed-only-recovery-11,0,frozen,50,True,qualified,-1,False,8.473937440503086e-09,-83.63523218074904,0,2,2.247166088629939,0.5749711962447313,2,2.4203125487784316,0.5400314061252729,8.586050769778635e-20,0.8419533628365274,0,31074.365285856937,183,180,0.384020958
failed-only-recovery-11,0,frozen,51,True,qualified,-1,False,8.473937440503086e-09,-83.41252802732404,0,2,2.454620488249048,0.533564386240478,2,2.1940264275027843,0.586525297129638,1.1323330866962906e-13,0.8410234704353169,0,31030.32038798467,183,180,0.398323
failed-only-recovery-11,0,frozen,52,True,qualified,-1,False,8.473937440503086e-09,-83.94866080233419,0,2,2.3027393592035783,0.563319558804951,2,2.9365837220262834,0.4558772627468229,1.999568966418335e-19,0.8415680283314837,0,31059.097496032453,183,180,0.403069417
failed-only-recovery-11,0,frozen,53,True,qualified,-1,False,8.473937440503086e-09,-83.53935627519647,0,2,2.393761925054827,0.5451353725456387,2,2.402532378670793,0.5434396651762082,3.380747973515162e-15,0.8412213225198041,0,31039.715041601423,183,180,0.417297375
failed-only-recovery-11,0,frozen,54,True,qualified,-1,False,8.473937440503086e-09,-84.47562127259249,0,2,2.462230206733017,0.5321491610153419,2,3.8236561125542368,0.35782416963855307,4.423183254990508e-12,0.8415120588663162,0,31055.787676991393,183,180,0.415693917
failed-only-recovery-11,0,frozen,55,True,qualified,-1,False,8.473937440503086e-09,-83.46447092502865,0,2,2.558897879020796,0.5147546164373906,2,2.197875436134189,0.5856744413821386,1.1444933346288414e-13,0.8412320163269373,0,31040.640995737514,183,180,0.420330125
failed-only-recovery-11,0,frozen,56,True,qualified,-1,False,8.473937440503086e-09,-83.41403994244801,0,2,2.603291095306865,0.5071138493777675,2,2.5541685365504185,0.5155811642990121,3.2311267792507165e-13,0.8411002399112743,0,31034.07393867018,183,180,0.394378167
failed-only-recovery-11,0,frozen,57,True,qualified,-1,False,8.473937440503086e-09,-83.52285281851066,0,2,2.181677979220537,0.5892700348256372,2,1.708904936691757,0.7142532745634042,1.5147378061769678e-12,0.8412407376816825,0,31038.99551745153,183,180,0.38679175
failed-only-recovery-11,0,frozen,58,True,qualified,-1,False,8.473937440503086e-09,-83.49810512771036,0,2,2.151008633751193,0.5961873906354298,2,1.74244790072167,0.7039352457333923,2.9803257976931517e-13,0.8409209259872321,0,31025.691595896795,183,180,0.401513334
failed-only-recovery-11,0,frozen,59,True,qualified,-1,False,8.473937440503086e-09,-84.08030591826416,0,2,2.3278246149832635,0.5581991584810321,2,4.076264354560152,0.3369474674344761,2.9803257976931517e-13,0.840730553636696,0,31018.479354143285,183,180,0.39918625
failed-only-recovery-11,0,frozen,60,True,qualified,-1,False,8.473937440503086e-09,-83.63664990493088,0,2,2.3563839028815474,0.5524716389751294,2,3.464001367845241,0.3922427481790967,2.9803257976931517e-13,0.8407768772640007,0,31019.513409436076,183,180,0.41120025
failed-only-recovery-11,0,frozen,61,True,qualified,-1,False,8.473937440503086e-09,-83.43123306034906,0,2,2.3688700968137435,0.5500010278824193,2,1.7053401935019705,0.7153645771654996,2.9803257976931517e-13,0.8409390228501429,0,31027.082736343935,183,180,0.390100791
failed-only-recovery-11,0,frozen,62,True,qualified,-1,False,8.473937440503086e-09,-83.40850535614344,0,2,2.453192774422584,0.5338306761630618,2,2.1458749230492686,0.5973594579945696,2.9803257976931517e-13,0.8410702057783804,0,31032.56710260117,183,180,0.389024208
failed-only-recovery-11,0,frozen,63,True,qualified,-1,False,8.473937440503086e-09,-83.46454222465483,0,2,2.444819431227707,0.5353973475441788,2,3.5661643007800983,0.3818361768656351,2.9803257976931517e-13,0.8411209005755106,0,31035.501606572754,183,180,0.395694167
failed-only-recovery-11,0,frozen,64,True,qualified,-1,False,8.473937440503086e-09,-83.41594496386763,0,2,2.564639253462688,0.5137544797213142,2,3.5370489044867903,0.38474752265139384,2.9803257976931517e-13,0.841056734510102,0,31031.741904615395,183,180,0.418407459
failed-only-recovery-11,0,frozen,65,True,qualified,-1,False,8.473937440503086e-09,-83.40967219597117,0,2,2.74869614099485,0.48350013843144307,2,2.3045703171617093,0.5629429464361155,2.9803257976931517e-13,0.8410912571733091,0,31033.8844516583,183,180,0.4007725
failed-only-recovery-11,0,frozen,66,True,qualified,-1,False,8.473937440503086e-09,-83.7292726106517,0,2,2.2056518047634945,0.583962146641524,2,1.9368545130780253,0.6487897113905299,2.9803257976931517e-13,0.8412196186208718,0,31041.363096834077,183,180,0.423485209
failed-only-recovery-11,0,frozen,67,True,qualified,-1,True,8.473937440503086e-09,-83.4508688475221,0,2,2.185614240443424,0.5883926130560749,2,1.569537150369433,0.7599075039835397,2.9803257976931517e-13,0.8420810593716356,0,31081.41469561794,276,273,0.602818792
failed-only-recovery-11,0,frozen,68,True,qualified,-1,False,8.473937440503086e-09,-83.43418049968933,0,2,2.248570090070075,0.5746714822878729,2,1.6551774355424265,0.7313103258409557,2.9803257976931517e-13,0.8409770471517275,0,31027.262471170525,183,180,0.4101975
failed-only-recovery-11,0,frozen,69,True,qualified,-1,False,8.473937440503086e-09,-83.48506607390398,0,2,2.451875914094328,0.534076506403508,2,1.5703831305418183,0.7596162638049241,2.9803257976931517e-13,0.8409263696095635,0,31024.84701461852,183,180,0.41897225
failed-only-recovery-11,0,frozen,70,True,qualified,-1,False,8.473937440503086e-09,-83.41348625477768,0,2,2.3757030603412916,0.5486575108425591,2,2.2672784646449116,0.5707045091981937,2.9803257976931517e-13,0.8411083971006206,0,31034.98381188638,183,180,0.431378833
failed-only-recovery-11,0,frozen,71,True,qualified,-1,False,8.473937440503086e-09,-83.40878453394377,0,2,2.7416383093038044,0.4845988362994518,2,2.843263657625684,0.4692160852749165,2.9803257976931517e-13,0.8410571746264512,0,31031.84160184184,183,180,0.406543
failed-only-recovery-11,0,frozen,72,True,qualified,-1,False,8.473937440503086e-09,-83.42595806036778,0,2,2.1785221112490314,0.5899751942915938,2,1.3805193699815832,0.8296207721910358,2.9803257976931517e-13,0.8412063680770551,0,31041.023246556353,183,180,0.405369916
failed-only-recovery-11,0,frozen,73,True,qualified,-1,False,8.473937440503086e-09,-83.52335023184108,0,2,2.147243146297998,0.597046680252425,2,1.4380371887947687,0.8074038044177829,2.9803257976931517e-13,0.841005670036461,0,31029.252128205746,183,180,0.401691583
failed-only-recovery-11,0,frozen,74,True,qualified,-1,False,8.473937440503086e-09,-83.62439176581026,0,2,2.3041901211135007,0.5630211119762771,2,1.8145075551296297,0.6825948372168872,2.9803257976931517e-13,0.8409873446322549,0,31029.42051835874,183,180,0.411324959
failed-only-recovery-11,0,frozen,75,True,qualified,-1,False,8.473937440503086e-09,-83.49278937687791,0,2,2.4370214601935225,0.5368639605780229,2,1.5224793215172254,0.7763910472307483,2.9803257976931517e-13,0.8408702260690643,0,31022.531941649297,183,180,0.4051285
failed-only-recovery-11,0,frozen,76,True,qualified,-1,False,8.473937440503086e-09,-83.41251108403699,0,2,2.327514439468961,0.5582619555900594,2,1.8728532195681684,0.6661059539655846,2.9803257976931517e-13,0.8409907094942545,0,31029.039774736993,183,180,0.414356125
failed-only-recovery-11,0,frozen,77,True,qualified,-1,False,8.473937440503086e-09,-83.42638617453379,0,2,2.4929749432546964,0.5265008970076586,2,1.423783681548347,0.8128254848980716,2.9803257976931517e-13,0.8411119732183449,0,31035.212944577772,183,180,0.4084885
failed-only-recovery-11,0,frozen,78,True,qualified,-1,False,8.473937440503086e-09,-83.93853731992301,0,2,2.546212227427992,0.5169772322236923,2,3.864143204575418,0.35431151257439625,2.9803257976931517e-13,0.8413229842966726,0,31047.51433620623,183,180,0.39093075
failed-only-recovery-11,0,frozen,79,True,qualified,-1,False,8.473937440503086e-09,-83.58524329404648,0,2,2.236537586197675,0.5772492413993351,2,1.8852658773787954,0.6626857632294019,2.9803257976931517e-13,0.8414740047439311,0,31056.1891074804,183,180,0.425116833
failed-only-recovery-11,0,frozen,80,True,qualified,-1,False,8.473937440503086e-09,-83.4097877983504,0,2,2.211904064072448,0.582591951236526,2,1.9975061769782891,0.6330869759599105,2.9803257976931517e-13,0.8410947518477623,0,31033.9398076386,183,180,0.489039916
failed-only-recovery-11,0,frozen,81,True,qualified,-1,False,8.473937440503086e-09,-83.742426761407,0,2,2.252838478298648,0.5737620310962672,2,3.645317322185181,0.3741313788022718,2.9803257976931517e-13,0.8406023603405973,0,31006.06218514126,183,180,0.40182175
failed-only-recovery-11,0,frozen,82,True,qualified,-1,False,8.473937440503086e-09,-83.41969206375963,0,2,2.436713054240324,0.5369221156964817,2,2.3125835682306497,0.5613000437810256,2.9803257976931517e-13,0.8409831890318488,0,31027.340444682297,183,180,0.419627875
failed-only-recovery-11,0,frozen,83,True,qualified,-1,False,8.473937440503086e-09,-84.80869524944866,0,2,2.3066336673070738,0.5625190793405758,2,3.710543203848107,0.36800373943223,2.9803257976931517e-13,0.8409661097061428,0,31032.8436126062,183,180,0.406220708
failed-only-recovery-11,0,frozen,84,True,qualified,-1,False,8.473937440503086e-09,-83.42260857501789,0,2,2.2520769583563776,0.5739240953836023,2,2.1665907141005385,0.5926548850854706,2.9803257976931517e-13,0.8413186747684386,0,31046.36047713352,183,180,0.423358375
failed-only-recovery-11,0,frozen,85,True,qualified,-1,False,8.473937440503086e-09,-83.46545660932263,0,2,2.3806123778072066,0.5476959143885967,2,2.185121404928013,0.5885023416095859,2.9803257976931517e-13,0.8411739207437421,0,31038.00851884467,183,180,0.41522325
failed-only-recovery-11,0,frozen,86,True,qualified,-1,False,8.473937440503086e-09,-83.45180196864287,0,2,2.4166163108695584,0.5407367109290143,2,2.654403609046707,0.49857305311829514,2.9803257976931517e-13,0.8413706900990887,0,31049.239912141435,183,180,0.397384041
failed-only-recovery-11,0,frozen,87,True,qualified,-1,False,9.155335156663114e-09,-83.44628549290525,0,2,2.3897108045492157,0.5459218941803778,2,1.8696288141352406,0.6669993672087096,1.603888772182976e-48,0.8410025940270032,0,31029.74462335985,232,229,0.508971083
failed-only-recovery-11,0,frozen,88,True,qualified,-1,False,8.473937440503086e-09,-83.47925175790677,0,2,2.3320762706180838,0.5573396733954036,2,2.202899388974966,0.5845671789487568,2.9803257976931517e-13,0.8410439028305473,0,31030.474523528224,183,180,0.413085542
failed-only-recovery-11,0,frozen,89,True,qualified,-1,False,8.473937440503086e-09,-83.49106359591073,0,2,2.4003706960614797,0.5438567164704663,2,3.7444104444391217,0.3648977780961908,2.9803257976931517e-13,0.8409574364201706,0,31026.46088988697,183,180,0.380471583
failed-only-recovery-11,0,frozen,90,True,qualified,-1,False,8.473937440503086e-09,-83.44070708778912,0,2,2.676493779238707,0.494964025676411,2,2.314686871400858,0.5608702570879455,2.9803257976931517e-13,0.8409742097422902,0,31027.129820635815,183,180,0.395334875
failed-only-recovery-11,0,frozen,91,True,qualified,-1,False,8.473937440503086e-09,-83.6619138604465,0,2,2.2114671897941434,0.582687505518453,2,2.1288633751988977,0.6012728382728857,2.9803257976931517e-13,0.8410755417354847,0,31032.386783613492,183,180,0.394647042
failed-only-recovery-11,0,frozen,92,True,qualified,-1,False,8.473937440503086e-09,-83.47602778790704,0,2,2.1543994544224336,0.5954154863875073,2,1.6913505416359962,0.7197535996607664,2.9803257976931517e-13,0.8406996428343206,0,31016.126608302548,183,180,0.421043708
failed-only-recovery-11,0,frozen,93,False,reference-unverified,-1,False,9.628795380348378e-09,-83.42353375778168,0,2,2.2880735167627084,0.5663527361206991,2,2.1333410790841416,0.6002383573361267,2.9803257976931517e-13,0.8410814341019834,0,31033.406596284727,342,339,0.762271542
failed-only-recovery-11,0,frozen,94,True,qualified,-1,False,8.473937440503086e-09,-84.25595493701405,0,2,2.4124813217559558,0.5415277357100579,2,3.9281147698173156,0.3488952719819384,2.9803257976931517e-13,0.8408997869192854,0,31021.663494721928,183,180,0.394042375
failed-only-recovery-11,0,frozen,95,True,qualified,-1,False,8.473937440503086e-09,-83.5550373506808,0,2,2.3320751880135533,0.5573398919412843,2,2.88193889002756,0.46360004177579606,2.9803257976931517e-13,0.8417891499102081,0,31060.768978133765,183,180,0.449716709
failed-only-recovery-11,0,frozen,96,True,qualified,-1,False,9.891725203299693e-09,-83.42717921883835,0,2,2.260075967974256,0.5722258810833553,2,2.114789602822839,0.6045450331415911,2.9803257976931517e-13,0.8413238032390153,0,31041.93532272787,503,500,1.077615834
failed-only-recovery-11,0,frozen,97,True,qualified,-1,False,8.473937440503086e-09,-83.4092380561987,0,2,2.3342774559530852,0.5568956407432009,2,2.1097382215253186,0.6057272216998341,2.9803257976931517e-13,0.8410766986787512,0,31032.96126695973,183,180,0.407824667
failed-only-recovery-11,0,frozen,98,True,qualified,-1,False,8.473937440503086e-09,-83.54343828936604,0,2,2.174371885899679,0.5909048381205391,2,1.8716609220208495,0.6664360747292029,2.9803257976931517e-13,0.8421239711756572,0,31078.44392552457,183,180,0.407103541
failed-only-recovery-11,0,frozen,99,True,qualified,-1,False,8.473937440503086e-09,-83.41532808033354,0,2,2.3539172426170234,0.5529621017050997,2,2.3294303829447216,0.5578742649577233,2.9803257976931517e-13,0.8411364907964761,0,31035.640059896043,183,180,0.393523291
failed-only-recovery-11,0,frozen,100,True,qualified,-1,False,9.99729250205388e-09,-83.45052245775214,0,2,2.188861197256654,0.5876706014359496,2,1.7522065397413167,0.7009800240247603,2.9803257976931517e-13,0.8409842039144606,0,31025.534285656337,209,206,0.46285125
failed-only-recovery-11,0,frozen,101,True,qualified,-1,False,8.473937440503086e-09,-84.68770893927447,0,2,2.354726173805799,0.5528011691646361,2,3.1029094382489304,0.43379871883132315,2.9803257976931517e-13,0.8419886940531636,0,31079.42219148247,183,180,0.401259959
failed-only-recovery-11,0,frozen,102,True,qualified,-1,False,8.473937440503086e-09,-83.46565444783113,0,2,2.3824822965545396,0.5473304579557482,2,1.6698838016353625,0.7265753659843567,2.9803257976931517e-13,0.8410193743134634,0,31030.14178443034,183,180,0.406498
failed-only-recovery-11,0,frozen,103,True,qualified,-1,False,8.473937440503086e-09,-83.91939871039422,0,2,2.4277671645070753,0.5386140477073139,2,3.74184942999062,0.36513088041243275,2.9803257976931517e-13,0.8418797379133734,0,31073.04137873042,183,180,0.404008625
failed-only-recovery-11,0,frozen,104,True,qualified,-1,False,8.473937440503086e-09,-83.50608678339418,0,2,2.4029210142154525,0.5433647480541394,2,2.661427420946703,0.49742023145450215,2.9803257976931517e-13,0.840900672036851,0,31024.69916130081,183,180,0.392717375
failed-only-recovery-11,0,frozen,105,True,qualified,-1,False,8.473937440503086e-09,-83.41693257820363,0,2,2.182895205023425,0.5889984561303087,2,1.6691169853354242,0.7268210121983915,2.9803257976931517e-13,0.8410745206465666,0,31032.833241033335,183,180,0.399499042
failed-only-recovery-11,0,frozen,106,True,qualified,-1,False,8.473937440503086e-09,-84.53377168019409,0,2,2.2035152936869324,0.5844316939599833,2,3.535866011921301,0.3848667052912653,2.9803257976931517e-13,0.8415927267275927,0,31059.0807570527,183,180,0.376778167
failed-only-recovery-11,0,frozen,107,True,qualified,-1,False,8.473937440503086e-09,-83.67201046451738,0,2,2.288374563505513,0.5662901768716092,2,1.881589382254334,0.663695638450749,2.9803257976931517e-13,0.8410267823221407,0,31032.82260526166,183,180,0.405791
failed-only-recovery-11,0,frozen,108,True,qualified,-1,False,8.473937440503086e-09,-83.44823350403146,0,2,2.4810970672585864,0.5286699268601038,2,1.5568889871106208,0.7642830910648042,2.9803257976931517e-13,0.8409838853089149,0,31028.733007400184,183,180,0.413903291
failed-only-recovery-11,0,frozen,109,True,qualified,-1,False,8.473937440503086e-09,-83.61351096514754,0,2,2.271687304708736,0.569776835472676,2,2.3132710405268107,0.5611595007614983,2.9803257976931517e-13,0.8409359277385546,0,31027.416955691908,183,180,0.446313
failed-only-recovery-11,0,frozen,110,True,qualified,-1,False,8.473937440503086e-09,-83.43467216666595,0,2,2.4309242367389485,0.5380158387911249,2,2.59161511507031,0.5091030426650007,2.9803257976931517e-13,0.8408642892293087,0,31023.794074234353,183,180,0.411472542
failed-only-recovery-11,0,frozen,111,True,qualified,-1,False,8.473937440503086e-09,-83.41601967222952,0,2,2.5995481129320654,0.507749957822161,2,2.200786547903294,0.5850323842395937,2.9803257976931517e-13,0.8410705878204452,0,31032.888358896224,183,180,0.406125958
failed-only-recovery-11,0,frozen,112,True,qualified,-1,False,8.473937440503086e-09,-83.46389633923485,0,2,2.5741272326360627,0.5121095407524336,2,3.417329079814406,0.3971798978685278,2.9803257976931517e-13,0.8413387022771048,0,31047.37219768387,183,180,0.39482475
failed-only-recovery-11,0,frozen,113,True,qualified,-1,False,8.473937440503086e-09,-83.51233883891014,0,2,2.199715058614846,0.5852685585569273,2,1.3389859254160692,0.8462303604495144,2.9803257976931517e-13,0.8408441110777803,0,31022.49624298373,183,180,0.390864167
failed-only-recovery-11,0,frozen,114,True,qualified,-1,False,8.473937440503086e-09,-83.42350963672544,0,2,2.186576534014448,0.5881784664538475,2,2.139549160136779,0.5988093407080863,2.9803257976931517e-13,0.8409794137431568,0,31028.46546287804,183,180,0.410176209
failed-only-recovery-11,0,frozen,115,True,qualified,-1,False,8.473937440503086e-09,-83.76023599868506,0,2,2.303314722125691,0.5632011624123978,2,3.0078718312454096,0.4461598291275512,2.9803257976931517e-13,0.8418913662998402,0,31071.58531357211,183,180,0.387843583
failed-only-recovery-11,0,frozen,116,True,qualified,-1,False,8.473937440503086e-09,-83.46017860458853,0,2,2.4257852596128493,0.5389902057410859,2,2.673160074649655,0.49550556000171925,2.9803257976931517e-13,0.8411177270952902,0,31034.089417632313,183,180,0.40338725
failed-only-recovery-11,0,frozen,117,True,qualified,-1,False,8.473937440503086e-09,-83.4397360802371,0,2,2.3130287951205193,0.5612090167867089,2,1.73896634921636,0.704994612088442,2.9803257976931517e-13,0.8409679733498869,0,31027.41169187542,183,180,0.412898541
failed-only-recovery-11,0,frozen,118,True,qualified,-1,False,8.473937440503086e-09,-83.44836492767487,0,2,2.3919951437924647,0.5454781371668069,2,3.0974085561965667,0.4344964657625023,2.9803257976931517e-13,0.84099846610037,0,31029.325895780687,183,180,0.399979459
failed-only-recovery-11,0,frozen,119,True,qualified,-1,False,8.473937440503086e-09,-83.41223836852912,0,2,2.4372115361289546,0.5368281243165057,2,2.4050681234708406,0.542951190486406,2.9803257976931517e-13,0.8411489327117984,0,31037.115312502407,183,180,0.40630525
failed-only-recovery-11,0,frozen,120,True,qualified,-1,False,8.473937440503086e-09,-83.4278715638577,0,2,2.6474310457704866,0.49972238319364304,2,2.3546222070523317,0.5528218480219894,2.9803257976931517e-13,0.841183352413903,0,31039.57761138297,183,180,0.391617667
failed-only-recovery-11,0,frozen,121,True,qualified,-1,False,8.473937440503086e-09,-83.43627152933433,0,2,2.5673322794129234,0.5132865958680284,2,3.4654032718589023,0.39209626908272394,2.9803257976931517e-13,0.8411736559454019,0,31038.77102921477,183,180,0.387094291
failed-only-recovery-11,0,frozen,122,True,qualified,-1,False,8.473937440503086e-09,-83.48953929132188,0,2,2.2284186669119457,0.5790003708889525,2,2.0643035761906563,0.6165473450612116,2.9803257976931517e-13,0.8409785582254551,0,31029.009824261793,183,180,0.380729625
failed-only-recovery-11,0,frozen,123,True,qualified,-1,False,9.321926397465319e-09,-83.71247552914221,0,2,2.2526828919107276,0.5737951357966926,2,2.2761855572539385,0.5688331515827163,2.9803257976931517e-13,0.8418828021088816,0,31071.526696231085,237,234,0.494635666
failed-only-recovery-11,0,frozen,124,True,qualified,-1,False,8.473937440503086e-09,-83.45621958299807,0,2,2.307644821168362,0.5623115724769507,2,2.1816535946275124,0.5892754776312712,2.9803257976931517e-13,0.8410207947451186,0,31030.09403980699,183,180,0.402123625
failed-only-recovery-11,0,frozen,125,True,qualified,-1,False,8.536606199574102e-09,-83.4680246830994,0,2,2.3969376432818508,0.5445202545385316,2,3.705879950389947,0.36843540144694786,2.9803257976931517e-13,0.8411021624857163,0,31033.76713120234,176,173,0.383788417
failed-only-recovery-11,0,frozen,126,True,qualified,-1,False,8.473937440503086e-09,-84.65023177234687,0,2,2.4247580362053287,0.5391853580705211,2,2.003786270567235,0.6314989409048146,3.418698170692598e-54,0.8408613164950057,0,31024.551538309875,183,180,0.3922785
failed-only-recovery-11,0,frozen,127,True,qualified,-1,False,9.103720110961298e-09,-85.87599094057563,0,2,2.9585555218673063,0.4528399723627295,2,4.654254561987178,0.29707428511355394,2.9803257976931517e-13,0.8407222527346777,0,31016.392748729802,201,198,0.445333167
failed-only-recovery-11,0,frozen,128,True,qualified,-1,False,8.473937440503086e-09,-83.64538392821943,0,2,2.203185948014628,0.5845041354874339,2,1.766137139708502,0.6967972514516085,2.9803257976931517e-13,0.84105319660682,0,31030.639878794773,183,180,0.397006458
failed-only-recovery-11,0,frozen,129,True,qualified,-1,False,8.473937440503086e-09,-83.60378483033725,0,2,2.2567299071398472,0.572935156057097,2,2.672508844782398,0.4956114759119697,2.9803257976931517e-13,0.8406122709784586,0,31008.60928483096,183,180,0.399396375
failed-only-recovery-11,0,frozen,130,True,qualified,-1,False,8.472744561374277e-09,-83.57760807935958,0,2,2.2557064464542127,0.5731524189997473,2,2.0458982650790447,0.6210281918621713,2.9803257976931517e-13,0.8409678402780288,0,31026.257343414534,183,180,0.477516833
failed-only-recovery-11,0,frozen,131,True,qualified,-1,False,8.785103255839608e-09,-83.50615800429266,0,2,2.3904771960077986,0.5457729411284794,2,1.2742875754881156,0.8730696746085764,2.9803257976931517e-13,0.8409278841402892,0,31027.68985821448,199,196,0.469176334
failed-only-recovery-11,0,frozen,132,True,qualified,-1,False,8.473937440503086e-09,-83.43454618025355,0,2,2.539100331121637,0.5182310517541983,2,1.381549452207445,0.8292149213282207,2.9803257976931517e-13,0.8411628718790486,0,31038.272270159323,183,180,0.405101208
failed-only-recovery-11,0,frozen,133,True,qualified,-1,False,8.473937440503086e-09,-84.55055941322587,0,2,2.233832021140303,0.5778317314394333,2,1.6105022471061425,0.746007221102291,2.9803257976931517e-13,0.8412094385851709,0,31042.937009469068,183,180,0.371141916
failed-only-recovery-11,0,frozen,134,True,qualified,-1,False,8.473937440503086e-09,-83.67786512851055,0,2,2.1682151661929225,0.5922887683358166,2,2.043142388448422,0.6217040626505953,2.9803257976931517e-13,0.8411101900469584,0,31035.92907201903,183,180,0.408534333
failed-only-recovery-11,0,frozen,135,True,qualified,-1,False,8.473937440503086e-09,-83.42750059150771,0,2,2.2482912497888954,0.5747309842657337,2,2.8327877535938097,0.4707593306989426,2.9803257976931517e-13,0.8409930998598103,0,31028.081259606937,183,180,0.379353417
failed-only-recovery-11,0,frozen,136,True,qualified,-1,False,8.473937440503086e-09,-83.69370032099069,0,2,2.467888524315398,0.5311013073812725,2,1.8947883906141456,0.6600823242492059,2.9803257976931517e-13,0.8409027829238093,0,31023.143457768954,183,180,0.394039625
failed-only-recovery-11,0,frozen,137,True,qualified,-1,False,8.473937440503086e-09,-83.66770447789682,0,2,2.3374656996891825,0.5562536327614346,2,3.793177347158494,0.3605131959633788,2.9803257976931517e-13,0.8411399434664236,0,31037.15588755131,183,180,0.409828875
failed-only-recovery-11,0,frozen,138,True,qualified,-1,False,8.473937440503086e-09,-83.47161316009803,0,2,2.610943618955973,0.5058179107871091,2,2.1238002611357776,0.6024463935184144,2.9803257976931517e-13,0.8410427017460753,0,31031.25643850117,183,180,0.378139458
failed-only-recovery-11,0,frozen,139,True,qualified,-1,False,8.473937440503086e-09,-83.64713258029201,0,2,2.551433746873011,0.5160602431985947,2,2.2024605908207757,0.5846637389099364,2.9803257976931517e-13,0.841116574552279,0,31035.358011587065,183,180,0.388247958
failed-only-recovery-11,0,frozen,140,True,qualified,-1,False,8.473937440503086e-09,-83.49295843471974,0,2,2.1734402788032807,0.5911138767812472,2,1.7438605785650216,0.7035061542923388,2.9803257976931517e-13,0.8412883053567607,0,31042.177270856173,183,180,0.400999166
failed-only-recovery-11,0,frozen,141,True,qualified,-1,False,8.473937440503086e-09,-83.5384896040991,0,2,2.1516329941519845,0.5960451238823319,2,1.3291394284495974,0.8502387602390179,2.7241936499736294e-18,0.8410032709692579,0,31026.813959647487,183,180,0.391263833
failed-only-recovery-11,0,frozen,142,True,qualified,-1,False,9.670885425674534e-09,-83.51382963331983,0,2,2.2214834109180877,0.5805037843693412,2,1.9498194915975857,0.6453764931261494,2.9803257976931517e-13,0.8409535479049944,0,31027.63236564992,197,194,0.460256125
failed-only-recovery-11,0,frozen,143,True,qualified,-1,False,8.473937440503086e-09,-83.49675491104637,0,2,2.5319447529447614,0.519498245916012,2,4.075612505721579,0.3369982985184537,2.9803257976931517e-13,0.8404701149303354,0,31004.418634559213,183,180,0.424044375
failed-only-recovery-11,0,frozen,144,True,qualified,-1,False,8.473937440503086e-09,-83.81858129774298,0,2,2.257919094466061,0.5726828987292192,2,1.4521843316558443,0.8020766231499529,2.9803257976931517e-13,0.8409651131296663,0,31028.949945550983,183,180,0.423624084
failed-only-recovery-11,0,frozen,145,True,qualified,-1,True,8.473937440503086e-09,-83.66268670121664,0,2,2.4857801040139984,0.5278127950105178,2,1.9804809345299486,0.6374274318218086,2.9803257976931517e-13,0.8419249455653145,0,31069.55822147498,190,187,0.443585708
failed-only-recovery-11,0,frozen,146,True,qualified,-1,False,8.473937440503086e-09,-83.49505240289629,0,2,2.5561368538466414,0.5152368636006172,2,2.4109340922055376,0.5418242653733565,2.9803257976931517e-13,0.8407402809022896,0,31017.80383510146,183,180,0.433296541
failed-only-recovery-11,0,frozen,147,True,qualified,-1,False,8.473937440503086e-09,-84.4688613036705,0,2,2.677922529441731,0.4947322732699137,2,4.0444033008577405,0.3394495116841781,3.6796065082107e-17,0.8409559773623294,0,31029.729030227103,183,180,0.404062125
failed-only-recovery-11,0,frozen,148,True,qualified,-1,False,8.671808063771956e-09,-83.4850176987285,0,2,2.2187787071709404,0.58109200899446,2,1.7477292449096329,0.7023333079946096,2.9803257976931517e-13,0.8407781524140031,0,31022.005205937796,155,152,0.390229875
failed-only-recovery-11,0,frozen,149,True,qualified,-1,False,8.671808063771956e-09,-83.463443826458,0,2,2.157246711487861,0.5947686981953424,2,1.8027935232063128,0.6859891361665705,2.9803257976931517e-13,0.8410266838785468,0,31031.13625151026,161,158,0.383977958
failed-only-recovery-11,0,frozen,150,True,qualified,-1,False,8.888063840342262e-09,-84.14467607067523,0,2,2.332089920245213,0.5573369179521679,2,3.479599321223859,0.39061886926627876,2.9803257976931517e-13,0.841472287342086,0,31055.543669466842,189,186,0.411377333
failed-only-recovery-11,0,frozen,151,True,qualified,-1,False,9.031112690884989e-09,-83.50419103112222,0,2,2.5197964556205905,0.5216627401474514,2,3.2361860637194293,0.4175210626645406,2.9803257976931517e-13,0.8411392538266222,0,31035.980797929144,169,166,0.368928
failed-only-recovery-11,0,frozen,152,True,qualified,-1,False,8.671808063771956e-09,-83.56313241322867,0,2,2.2659852030787695,0.5709771446886884,2,2.9191682272913613,0.4583121050934028,2.9803257976931517e-13,0.841503084762736,0,31053.72168912593,155,152,0.33932125
failed-only-recovery-11,0,frozen,153,True,qualified,-1,False,8.978270404782627e-09,-83.4308400994851,0,2,2.4001457353044944,0.543900151512663,2,2.9460548350416014,0.4545633206656207,2.9803257976931517e-13,0.8408940969076507,0,31023.509201406527,199,196,0.448447875
failed-only-recovery-11,0,frozen,154,True,qualified,-1,False,9.309937765025332e-09,-83.42717474334404,0,2,2.6776566769610572,0.49477538095065476,2,3.008198589586298,0.4461161888730649,2.9803257976931517e-13,0.8409797611777183,0,31029.131557982168,253,250,0.940403417
failed-only-recovery-11,0,frozen,155,True,qualified,-1,False,8.4701644585762e-09,-83.4108174240744,0,2,2.641622429182562,0.5006836163688153,2,2.5241776413431594,0.52088021928874,2.9803257976931517e-13,0.8411067695858823,0,31034.553232030798,181,178,0.443681833
failed-only-recovery-11,0,frozen,156,True,qualified,-1,False,9.51598788643495e-09,-83.95232048787933,0,2,2.2760124338078733,0.5688694187194422,2,2.590290228270049,0.5093296715444684,2.9803257976931517e-13,0.8418734880065865,0,31076.211615933207,179,176,0.398831834
failed-only-recovery-11,0,frozen,157,True,qualified,-1,False,8.473937440503086e-09,-83.69458797201044,0,2,2.3043729610239994,0.5629835189674056,2,2.3081862088918492,0.562200527040029,2.9803257976931517e-13,0.8404319199942156,0,31001.16283730219,183,180,0.418101833
failed-only-recovery-11,0,frozen,158,True,qualified,-1,False,8.473937440503086e-09,-83.89372459073805,0,2,2.271420860941174,0.5698328211613075,2,2.3468075734720544,0.5543802070590595,2.9803257976931517e-13,0.8404267429555026,0,31000.70982046524,183,180,0.428101584
failed-only-recovery-11,0,frozen,159,True,qualified,-1,False,8.473937440503086e-09,-83.69566217063159,0,2,2.418067845481881,0.5404595327400742,2,3.848450229212628,0.3556650950250339,2.9803257976931517e-13,0.8407218460262541,0,31013.74148664407,183,180,0.397442583
failed-only-recovery-11,0,frozen,160,True,qualified,-1,False,8.473937440503086e-09,-83.47790727845194,0,2,2.219124748656771,0.5810166914254117,2,1.5855313529193464,0.7544313051901904,2.9803257976931517e-13,0.8409492102082385,0,31024.6620597379,183,180,0.450344542
failed-only-recovery-11,0,frozen,161,True,qualified,-1,False,8.473937440503086e-09,-83.446940624479,0,2,2.189645848776321,0.5874963599382887,2,2.3827055151834515,0.5472868618772837,2.9803257976931517e-13,0.8409815322593774,0,31028.082383516914,183,180,0.430935791
failed-only-recovery-11,0,frozen,162,True,qualified,-1,False,8.473937440503086e-09,-83.41455174329269,0,2,2.3879112364749604,0.5462719434432061,2,2.2114569555497816,0.5826897443164114,2.9803257976931517e-13,0.8411454214251963,0,31037.23078933448,183,180,0.483235375
failed-only-recovery-11,0,frozen,163,True,qualified,-1,False,8.473937440503086e-09,-83.44764485151671,0,2,2.4751215433888905,0.5297673418749942,2,3.4781951931404804,0.39076452273919793,2.9803257976931517e-13,0.8406955374985888,0,31017.35855809051,183,180,0.586472083
failed-only-recovery-11,0,frozen,164,True,qualified,-1,False,8.473937440503086e-09,-83.42665423751026,0,2,2.3288811059684678,0.5579853610098694,2,2.149474417022911,0.5965372346586356,2.9803257976931517e-13,0.8410327391631544,0,31030.87038710771,183,180,0.4426705
failed-only-recovery-11,0,frozen,165,True,qualified,-1,False,8.473937440503086e-09,-83.41701163185314,0,2,2.4031562052672846,0.5433194195301152,2,1.8268863634217212,0.6790387584512998,2.9803257976931517e-13,0.8410023942643836,0,31029.18867947353,183,180,0.4269745
failed-only-recovery-11,0,frozen,166,True,qualified,-1,False,8.473937440503086e-09,-83.4316266785401,0,2,2.3110361734094416,0.5616166181712564,2,2.4606101415250294,0.5324498769262808,2.9803257976931517e-13,0.8409132833682899,0,31024.37089898793,183,180,0.43020225
failed-only-recovery-11,0,frozen,167,True,qualified,-1,False,8.473937440503086e-09,-83.41266888811911,0,2,2.5569101046822045,0.5151017216826402,2,3.293435177793013,0.41088096549159797,2.9803257976931517e-13,0.8410290945791333,0,31030.18861295309,183,180,0.398506542
failed-only-recovery-12,0,joint,,False,budget-exhausted,-1,False,1.2268318973001777e-07,-319.30279483713036,0,336,18.908450011751537,0.12485653391816709,336,147.5860611376881,0.018344267892475084,0.0,0.8224497337364838,56,30256.38775954597,4001,4000,3575.130882375
failed-only-recovery-12,0,frozen,0,False,reference-unverified,-1,False,9.58030750824479e-09,-83.22138358213718,0,2,2.558941687349017,0.5147469714912183,2,1.2357856109516037,0.8896068252930083,6.635123603654527e-13,0.8409936299506028,0,31028.555871366767,233,230,0.33189975
failed-only-recovery-12,0,frozen,1,True,qualified,-1,False,8.167415299500512e-09,-83.33857260181055,0,2,2.277078424923695,0.5686461736039246,2,2.0189650835197024,0.6276893781761607,6.635123603654527e-13,0.8408055801621777,0,31019.29789647727,183,180,0.263868208
failed-only-recovery-12,0,frozen,2,True,qualified,-1,False,8.167415299500512e-09,-83.22394621837762,0,2,2.326301951046371,0.5585075550858026,2,1.253559841186998,0.8819198982014019,6.635123603654527e-13,0.8409669057863954,0,31026.3988682082,183,180,0.265740542
failed-only-recovery-12,0,frozen,3,True,qualified,-1,False,8.167415299500512e-09,-83.24796040198623,0,2,2.513748499249586,0.5227465268985031,2,1.2132826047195295,0.899468505948607,6.635123603654527e-13,0.8409904303601079,0,31028.187863681243,183,180,0.279315583
failed-only-recovery-12,0,frozen,4,True,qualified,-1,True,8.167415299500512e-09,-83.33320561796688,0,2,2.437949937651628,0.5366889502026871,2,1.279835770710783,0.8707215264622495,6.635123603654527e-13,0.8407698714202926,0,31016.35015794236,183,180,0.273220292
failed-only-recovery-12,0,frozen,5,True,qualified,-1,False,8.167415299500512e-09,-83.32349704831785,0,2,2.393077660569735,0.5452680767040857,2,1.3808288017209525,0.8294988257514767,6.635123603654527e-13,0.8408775931174535,0,31022.10983592688,183,180,0.268255375
failed-only-recovery-12,0,frozen,6,True,qualified,-1,False,9.182335280890761e-09,-83.34505846148016,0,2,2.712997958577433,0.4891055179272606,2,2.0494337894475,0.6201630075859089,6.635123603654527e-13,0.8410363328854462,0,31030.326598768523,185,182,0.265999959
failed-only-recovery-12,0,frozen,7,True,qualified,-1,False,8.370692028283464e-09,-84.73663944891035,0,2,2.9699356493173754,0.45128178561081644,2,3.8174297222352678,0.3583703472732741,6.635123603654527e-13,0.8414402040380913,0,31051.7687325395,188,185,0.269263917
failed-only-recovery-12,0,frozen,8,True,qualified,-1,False,8.167415299500512e-09,-84.40985202620843,0,2,2.21908108907119,0.5810261931740717,2,1.427267511356491,0.8114952548493516,6.635123603654527e-13,0.8404769640984396,0,31007.375752054642,183,180,0.2601405
failed-only-recovery-12,0,frozen,9,True,qualified,-1,False,8.167415299500512e-09,-83.28612736127708,0,2,2.203260881900092,0.584487651920799,2,1.7734502515125294,0.6946181714125644,6.635123603654527e-13,0.8410524302315511,0,31031.15929481612,183,180,0.263598417
failed-only-recovery-12,0,frozen,10,True,qualified,-1,False,8.167415299500512e-09,-83.2265298984357,0,2,2.2772670438685534,0.5686066885788558,2,3.5665141503741093,0.3818014515660831,6.635123603654527e-13,0.8410133807742034,0,31030.051952573674,183,180,0.267127667
failed-only-recovery-12,0,frozen,11,True,qualified,-1,False,8.167415299500512e-09,-83.41890025445116,0,2,2.556085678471091,0.5152458098889708,2,2.296350925498538,0.564637185850107,6.635123603654527e-13,0.8409450139960459,0,31025.32001344592,183,180,0.262228875
failed-only-recovery-12,0,frozen,12,True,qualified,-1,False,8.167415299500512e-09,-83.28771710441188,0,2,2.3463759370204293,0.554466514892931,2,2.405709573871522,0.5428277514213629,6.635123603654527e-13,0.8409598155903871,0,31025.95301294441,183,180,0.2612245
failed-only-recovery-12,0,frozen,13,True,qualified,-1,False,8.167415299500512e-09,-83.22121284247103,0,2,2.2986026810475755,0.5641721204924153,2,2.2022400386841867,0.5847122834331043,6.635123603654527e-13,0.8409818256521908,0,31027.77182185844,183,180,0.2634205
failed-only-recovery-12,0,frozen,14,True,qualified,-1,False,8.167415299500512e-09,-83.5245874556004,0,2,2.396552762509142,0.5445947361909599,2,2.0451523303937447,0.6212110024472076,6.635123603654527e-13,0.841327163862778,0,31046.11759224416,183,180,0.273941042
failed-only-recovery-12,0,frozen,15,True,qualified,-1,False,8.167415299500512e-09,-83.4784886117418,0,2,2.3977476945124203,0.5443635551787669,2,3.4169434145841815,0.39722119047414867,6.635123603654527e-13,0.8418828699298274,0,31071.504473433728,183,180,0.26131075
failed-only-recovery-12,0,frozen,16,True,qualified,-1,False,8.167415299500512e-09,-83.45938702796059,0,2,2.4299911548686177,0.5381925145182019,2,2.796898338440144,0.47611921706828847,6.635123603654527e-13,0.8414639616774535,0,31051.197881065204,183,180,0.260881041
failed-only-recovery-12,0,frozen,17,True,qualified,-1,False,8.167415299500512e-09,-83.34971466441104,0,2,2.4200709413922104,0.540077457498817,2,2.3383572586289727,0.5560743425014112,6.635123603654527e-13,0.8409320041894071,0,31025.505051937205,183,180,0.263138667
failed-only-recovery-12,0,frozen,18,True,qualified,-1,False,8.167415299500512e-09,-83.27321043484753,0,2,2.455064638443328,0.5334815952807531,2,2.3937082946329764,0.5451457713360149,6.635123603654527e-13,0.8407035755062291,0,31016.166278170476,183,180,0.264252542
failed-only-recovery-12,0,frozen,19,True,qualified,-1,False,8.167415299500512e-09,-83.33571143871303,0,2,2.266557372312702,0.5708564953606917,2,2.330077280545302,0.5577434757779991,6.635123603654527e-13,0.8408527607444559,0,31022.716020107797,183,180,0.264432583
failed-only-recovery-12,0,frozen,20,True,qualified,-1,False,8.167415299500512e-09,-83.31989494461303,0,2,2.228838596423106,0.5789095640715543,2,1.4701893348568942,0.7953739816218736,6.635123603654527e-13,0.8412638368289256,0,31044.490686562156,183,180,0.263942417
failed-only-recovery-12,0,frozen,21,True,qualified,-1,False,8.167415299500512e-09,-83.35324102827856,0,2,2.2847947086312486,0.5670349017145225,2,1.5096191020201621,0.7809938459491645,6.635123603654527e-13,0.8407157867793815,0,31013.24242777278,183,180,0.262595625
failed-only-recovery-12,0,frozen,22,True,qualified,-1,False,8.167415299500512e-09,-83.22047180632133,0,2,2.5286423359582457,0.5200850057540061,2,1.4860695495343021,0.789533498088343,6.635123603654527e-13,0.8410860311071058,0,31032.701101876963,183,180,0.265380375
failed-only-recovery-12,0,frozen,23,True,qualified,-1,False,8.167415299500512e-09,-83.55438196297962,0,2,2.2700267955389157,0.5701259069837797,2,1.9595088775103053,0.6428459273234508,6.635123603654527e-13,0.8413223383778465,0,31044.99957518271,183,180,0.267273583
failed-only-recovery-12,0,frozen,24,True,qualified,-1,False,8.167415299500512e-09,-83.2628990699881,0,2,2.439175141150438,0.5364581692849435,2,3.735679821660645,0.3656936161670303,6.635123603654527e-13,0.8409268733615051,0,31024.354675980045,183,180,0.264495625
failed-only-recovery-12,0,frozen,25,True,qualified,-1,False,8.864460681984543e-09,-83.43390132069837,0,2,2.3814570546672886,0.5475307758721951,2,1.8449233797854838,0.673913335810113,6.635123603654527e-13,0.8411260195128871,0,31033.858994242935,273,270,0.390082708
failed-only-recovery-12,0,frozen,26,True,qualified,-1,False,8.167415299500512e-09,-83.71816410994764,0,2,2.3431693977341705,0.55510844386261,2,2.4147955327753503,0.5410847658737898,6.635123603654527e-13,0.841349850556127,0,31045.15880024145,183,180,0.261028458
failed-only-recovery-12,0,frozen,27,True,qualified,-1,False,8.167415299500512e-09,-85.09245338118262,0,2,2.3888123336364515,0.5460966122045068,2,4.374245578519475,0.31517350592221177,6.635123603654527e-13,0.840742886322922,0,31015.235859834214,183,180,0.262072167
failed-only-recovery-12,0,frozen,28,True,qualified,-1,False,8.167415299500512e-09,-84.00719615732017,0,2,2.5158729510831717,0.5223653553723657,2,2.3010690583138285,0.563663523672484,6.635123603654527e-13,0.8411142507452555,0,31033.245117131184,183,180,0.265168375
failed-only-recovery-12,0,frozen,29,True,qualified,-1,False,8.167415299500512e-09,-84.07808077717874,0,2,2.5525319321504503,0.5158677649961321,2,2.5242758882737495,0.5208626962652714,6.635123603654527e-13,0.8410302815851634,0,31027.951080713807,183,180,0.264400917
failed-only-recovery-12,0,frozen,30,True,qualified,-1,False,8.167415299500512e-09,-83.29459758943106,0,2,2.2529910120823633,0.5737295792526561,2,1.4327707308922166,0.8094006475018063,6.635123603654527e-13,0.8408615793807377,0,31022.23393305926,183,180,0.263464417
failed-only-recovery-12,0,frozen,31,True,qualified,-1,False,8.167415299500512e-09,-84.55944227284122,0,2,2.20832038675438,0.583376614599431,2,1.2036437357379353,0.9037369568447554,6.635123603654527e-13,0.8411181749842821,0,31037.61570563301,183,180,0.262150708
failed-only-recovery-12,0,frozen,32,True,qualified,-1,False,8.167415299500512e-09,-83.29900878357677,0,2,2.2962937270758843,0.5646490083406299,2,1.202161753701742,0.9043955908490515,6.635123603654527e-13,0.8409714672549687,0,31027.52513221171,183,180,0.264634583
failed-only-recovery-12,0,frozen,33,True,qualified,-1,False,8.167415299500512e-09,-83.22777211756207,0,2,2.4312067360730283,0.5379623694874472,2,1.2368559023501378,0.8891413929192278,6.635123603654527e-13,0.8408978220834096,0,31024.074731541787,183,180,0.263199042
failed-only-recovery-12,0,frozen,34,True,qualified,-1,False,8.167415299500512e-09,-83.67370432050377,0,2,2.298901188736508,0.5641105203999817,2,1.9952595637775452,0.6336567705083687,6.635123603654527e-13,0.8404890945193779,0,31006.544871675105,183,180,0.261584042
failed-only-recovery-12,0,frozen,35,True,qualified,-1,False,8.167415299500512e-09,-84.08653696337318,0,2,2.257054238813923,0.5728663370629612,2,1.72321015504882,0.7098223222102535,6.635123603654527e-13,0.8412982975777443,0,31043.16201199971,183,180,0.264415292
failed-only-recovery-12,0,frozen,36,True,qualified,-1,False,8.167415299500512e-09,-85.11576703436519,0,2,2.3658455798571634,0.5505976325326651,2,3.0372108811318896,0.4422733529962904,6.635123603654527e-13,0.8408246472010035,0,31020.12480080423,183,180,0.262655417
failed-only-recovery-12,0,frozen,37,True,qualified,-1,False,8.167415299500512e-09,-83.97566685219302,0,2,2.354207430706519,0.5529043605298365,2,1.5941482609967141,0.7515071311099951,6.635123603654527e-13,0.8412926773569447,0,31042.972429314665,183,180,0.266270084
failed-only-recovery-12,0,frozen,38,True,qualified,-1,False,8.167415299500512e-09,-84.56404309870592,0,2,2.4559267153635065,0.5333209687268184,2,3.8870391974021428,0.35235441154054364,6.635123603654527e-13,0.8409350678314879,0,31026.450133838738,183,180,0.263236041
failed-only-recovery-12,0,frozen,39,True,qualified,-1,False,8.167415299500512e-09,-83.56951792602693,0,2,2.4598966294209283,0.5325824177049637,2,2.1819093692311764,0.5892183914924081,6.635123603654527e-13,0.8409104637225916,0,31023.883055969334,183,180,0.264722042
failed-only-recovery-12,0,frozen,40,True,qualified,-1,False,8.167415299500512e-09,-83.32246913424748,0,2,2.2800177702388638,0.5680314208648689,2,1.8020570408010523,0.6862034967312974,6.635123603654527e-13,0.8410218384477551,0,31030.42462281624,183,180,0.265666042
failed-only-recovery-12,0,frozen,41,True,qualified,-1,False,8.167415299500512e-09,-83.37415417322767,0,2,2.1991565984129884,0.585391720400314,2,2.17922570317734,0.5898178501987617,6.635123603654527e-13,0.8409113369451593,0,31024.39920888094,183,180,0.264606583
failed-only-recovery-12,0,frozen,42,True,qualified,-1,False,8.167415299500512e-09,-83.3424595476987,0,2,2.2792502429382977,0.5681918303244962,2,1.8282284077587732,0.6786551188657934,7.335427139870564e-13,0.8409405502803559,0,31024.19210900618,183,180,0.264625959
failed-only-recovery-12,0,frozen,43,True,qualified,-1,False,8.167415299500512e-09,-83.232608462839,0,2,2.3740788451753736,0.5489763264976738,2,2.1345010592153146,0.5999708844426963,6.626031201763274e-13,0.8408218589101182,0,31020.51397493097,183,180,0.263016834
failed-only-recovery-12,0,frozen,44,True,qualified,-1,False,8.167415299500512e-09,-83.41697839900786,0,2,2.326848937820763,0.5583967341403985,2,3.3448381666063796,0.40508839530135426,6.635123603654527e-13,0.8409814506184623,0,31027.60334170717,183,180,0.263244584
failed-only-recovery-12,0,frozen,45,True,qualified,-1,False,8.167415299500512e-09,-83.35432052570633,0,2,2.4244374884264137,0.5392462823428,2,2.2843072063212237,0.5671364549028576,6.635123603654527e-13,0.8407901500746948,0,31017.122501224076,183,180,0.262578583
failed-only-recovery-12,0,frozen,46,True,qualified,-1,False,8.167415299500512e-09,-83.35627970453885,0,2,2.5358142778398864,0.5188122760955692,2,1.8339712599451186,0.6770176125144163,6.635123603654527e-13,0.8408668645598859,0,31021.261969944055,183,180,0.264496917
failed-only-recovery-12,0,frozen,47,True,qualified,-1,False,8.167415299500512e-09,-83.32279256104123,0,2,2.5761435157122117,0.5117612299679223,2,3.294385007732058,0.41077249698347396,6.635123603654527e-13,0.8409387707492797,0,31025.0551054185,183,180,0.261604083
failed-only-recovery-12,0,frozen,48,True,qualified,-1,False,8.167415299500512e-09,-83.2197012416446,0,2,2.2033878581012147,0.5844597222598411,2,1.2181197458364752,0.8973364568400187,6.121250637987004e-13,0.8409719559914645,0,31027.454275386335,183,180,0.263371791
failed-only-recovery-12,0,frozen,49,True,qualified,-1,False,8.167415299500512e-09,-83.24555066881771,0,2,2.1996049933909387,0.5852928284734812,2,1.8141652490919347,0.6826936209974069,7.633869111262777e-11,0.8414430992422866,0,31048.03752594908,183,180,0.26446525
failed-only-recovery-12,0,frozen,50,True,qualified,-1,False,8.167415299500512e-09,-83.42402758530832,0,2,2.247160749422871,0.5749723365496129,2,2.467204508000249,0.5312277778214866,2.3325271489901316e-18,0.8418667832243324,0,31069.402203085316,183,180,0.263081166
failed-only-recovery-12,0,frozen,51,True,qualified,-1,False,8.167415299500512e-09,-83.21889915271426,0,2,2.4546242512086747,0.5335636847142762,2,2.20697500896573,0.583671681483594,3.022467251129058e-13,0.8409179208577028,0,31024.558057075075,183,180,0.262421
failed-only-recovery-12,0,frozen,52,True,qualified,-1,False,8.167415299500512e-09,-83.7533314542892,0,2,2.30271243010915,0.5633251012947079,2,2.9084505128570184,0.4598227430666999,1.3980249734097936e-18,0.8415339799914878,0,31056.811581316473,183,180,0.261674
failed-only-recovery-12,0,frozen,53,True,qualified,-1,False,8.167415299500512e-09,-83.33656954872197,0,2,2.3937611779631585,0.5451355174021586,2,2.3945248812625652,0.5449874766573221,9.821868776662586e-15,0.8411245126820067,0,31034.368299127138,183,180,0.265500917
failed-only-recovery-12,0,frozen,54,True,qualified,-1,False,8.167415299500512e-09,-84.27580025602083,0,2,2.462220888040856,0.5321508898563858,2,3.8461743425777466,0.35586222958328484,1.092756024088353e-11,0.8414007294913454,0,31049.749380752397,183,180,0.261072833
failed-only-recovery-12,0,frozen,55,True,qualified,-1,False,8.167415299500512e-09,-83.2795223244972,0,2,2.5588937329296746,0.5147553399783403,2,2.198953614682391,0.585436497597029,2.027486880785426e-13,0.8411412621765161,0,31035.63544330256,183,180,0.263254541
failed-only-recovery-12,0,frozen,56,True,qualified,-1,False,8.167415299500512e-09,-83.22289455004685,0,2,2.6032944869533474,0.5071132736472198,2,2.555367081489503,0.515371462639274,7.576786248156408e-13,0.8410062522974594,0,31028.83009218932,183,180,0.264190084
failed-only-recovery-12,0,frozen,57,True,qualified,-1,False,8.167415299500512e-09,-83.3342820484918,0,2,2.1816752783512263,0.589270637673453,2,1.690518141952873,0.7200161531387578,3.0431321581879497e-12,0.8411430262167672,0,31033.47349271927,183,180,0.262609
failed-only-recovery-12,0,frozen,58,True,qualified,-1,False,8.167415299500512e-09,-83.31326081593822,0,2,2.1509975156292,0.59618992455951,2,1.7461649653825255,0.7028071496650802,6.635123603654527e-13,0.8407963553154371,0,31019.04036133531,183,180,0.264005666
failed-only-recovery-12,0,frozen,59,True,qualified,-1,False,8.167415299500512e-09,-83.89930797497821,0,2,2.32781678684009,0.558200743183273,2,4.088723353914896,0.3359787674321164,6.635123603654527e-13,0.8406027899683313,0,31011.48224915375,183,180,0.261052458
failed-only-recovery-12,0,frozen,60,True,qualified,-1,False,8.167415299500512e-09,-83.45206937235591,0,2,2.3563835683465255,0.5524717054393101,2,3.4574107021663463,0.3929327871465775,6.635123603654527e-13,0.8406568485583752,0,31013.035390433346,183,180,0.262540167
failed-only-recovery-12,0,frozen,61,True,qualified,-1,False,8.167415299500512e-09,-83.23885625417148,0,2,2.3688402146795933,0.5500069165576102,2,1.702924678177013,0.716119238749524,6.635123603654527e-13,0.8408411091001101,0,31021.688945296642,183,180,0.263700833
failed-only-recovery-12,0,frozen,62,True,qualified,-1,False,8.167415299500512e-09,-83.21497683632323,0,2,2.453193080397542,0.5338306190680585,2,2.144915517760529,0.5975789536712984,6.635123603654527e-13,0.8409667244436343,0,31026.938327181695,183,180,0.261338958
failed-only-recovery-12,0,frozen,63,True,qualified,-1,False,8.167415299500512e-09,-83.27142834139984,0,2,2.4448179987277725,0.53539761628909,2,3.5668721832917183,0.3817659202896559,6.635123603654527e-13,0.8410189178213561,0,31029.94125376879,183,180,0.259552042
failed-only-recovery-12,0,frozen,64,True,qualified,-1,False,8.167415299500512e-09,-83.22247987045294,0,2,2.564637560264485,0.5137547741439411,2,3.539177544180575,0.3845332294308123,6.635123603654527e-13,0.8409512148002926,0,31025.990331572342,183,180,0.260904084
failed-only-recovery-12,0,frozen,65,True,qualified,-1,False,8.167415299500512e-09,-83.21625329749729,0,2,2.7486915247917825,0.48350085551877775,2,2.2920604175637274,0.5655252475520688,6.635123603654527e-13,0.8409860713794195,0,31028.150964867335,183,180,0.262906292
failed-only-recovery-12,0,frozen,66,True,qualified,-1,False,8.167415299500512e-09,-83.54977795884258,0,2,2.2056367290800916,0.5839654574973142,2,1.940727876063354,0.6477667176362556,6.635123603654527e-13,0.841096247045331,0,31034.613629754767,183,180,0.263014542
failed-only-recovery-12,0,frozen,67,True,qualified,-1,True,8.167415299500512e-09,-83.26069122286191,0,2,2.1856378753445185,0.5883873517270295,2,1.5569920604054477,0.7642472714915033,6.635123603654527e-13,0.8419740817737006,0,31075.87165702829,287,284,0.409381875
failed-only-recovery-12,0,frozen,68,True,qualified,-1,False,8.167415299500512e-09,-83.23975528410872,0,2,2.2485362342283186,0.5746787062241699,2,1.618296809528183,0.7434086889133489,6.635123603654527e-13,0.8408784657738518,0,31021.932562914266,183,180,0.264255708
failed-only-recovery-12,0,frozen,69,True,qualified,-1,False,8.167415299500512e-09,-83.28884344088253,0,2,2.451714441301644,0.5341066642796815,2,1.5623667822749163,0.7623831603347675,6.635123603654527e-13,0.8408430619657628,0,31020.211601057566,183,180,0.262734291
failed-only-recovery-12,0,frozen,70,True,qualified,-1,False,8.167415299500512e-09,-83.21970362419606,0,2,2.3757013731028116,0.5486578418538887,2,2.265949584035893,0.5709846569493744,6.635123603654527e-13,0.8410024239792132,0,31029.181201940228,183,180,0.264833708
failed-only-recovery-12,0,frozen,71,True,qualified,-1,False,8.167415299500512e-09,-83.21520984362344,0,2,2.7416373471788464,0.48459898639191007,2,2.86650994765875,0.4658252741161505,6.635123603654527e-13,0.8409503308103051,0,31026.013187195415,183,180,0.260564417
failed-only-recovery-12,0,frozen,72,True,qualified,-1,False,8.167415299500512e-09,-83.23180333750422,0,2,2.178538367115545,0.5899715581485298,2,1.3643823613700905,0.8360170715792105,6.635123603654527e-13,0.8411003416924991,0,31035.21567398296,183,180,0.261401083
failed-only-recovery-12,0,frozen,73,True,qualified,-1,False,8.167415299500512e-09,-83.33521901049637,0,2,2.1472671116219937,0.5970412043481611,2,1.4314412169759976,0.8099059311190956,6.635123603654527e-13,0.8409068348028655,0,31023.78569092034,183,180,0.263626916
failed-only-recovery-12,0,frozen,74,True,qualified,-1,False,8.167415299500512e-09,-83.43548916991412,0,2,2.3041906645173063,0.5630210002423782,2,1.8057198042351044,0.6851385315876644,6.635123603654527e-13,0.8408738008689002,0,31023.369652117446,183,180,0.262254375
failed-only-recovery-12,0,frozen,75,True,qualified,-1,False,8.167415299500512e-09,-83.30148360232022,0,2,2.4370221280691684,0.5368638346513803,2,1.5178916352285978,0.7780281418949406,6.635123603654527e-13,0.8407620555210314,0,31016.67416875711,183,180,0.267132542
failed-only-recovery-12,0,frozen,76,True,qualified,-1,False,8.167415299500512e-09,-83.21845814757606,0,2,2.3275121845498994,0.5582624121604741,2,1.8719794831935008,0.6663478447416964,6.635123603654527e-13,0.8408877032196067,0,31023.422909399,183,180,0.268627625
failed-only-recovery-12,0,frozen,77,True,qualified,-1,False,8.167415299500512e-09,-83.23423131206543,0,2,2.4929773482891395,0.5265004594792743,2,1.4207745320524723,0.8139771143139944,6.635123603654527e-13,0.8410101108581682,0,31029.660952131602,183,180,0.269923084
failed-only-recovery-12,0,frozen,78,True,qualified,-1,False,8.167415299500512e-09,-83.75487929726589,0,2,2.546206083310443,0.5169783130084444,2,3.8587810174978556,0.35477290154419744,6.635123603654527e-13,0.8412255658840059,0,31042.082325966647,183,180,0.266663542
failed-only-recovery-12,0,frozen,79,True,qualified,-1,False,8.167415299500512e-09,-83.38573886568662,0,2,2.2365350839340645,0.5772497796316173,2,1.881250590410313,0.663788832259393,6.635123603654527e-13,0.841353030526408,0,31049.596048695592,183,180,0.267832459
failed-only-recovery-12,0,frozen,80,True,qualified,-1,False,8.167415299500512e-09,-83.2161041165333,0,2,2.2119276548577202,0.5825867921991197,2,2.0008807383766336,0.632232789556378,6.635123603654527e-13,0.840961729563444,0,31026.73139318142,183,180,0.261453125
failed-only-recovery-12,0,frozen,81,True,qualified,-1,False,8.167415299500512e-09,-83.56334206337462,0,2,2.2528552907114836,0.5737584540621673,2,3.640255469775469,0.3746151358222414,6.635123603654527e-13,0.8404631407095613,0,30998.48901103038,183,180,0.261052708
failed-only-recovery-12,0,frozen,82,True,qualified,-1,False,8.167415299500512e-09,-83.22956968179733,0,2,2.4367113474452857,0.5369224375734357,2,2.3231063177031794,0.559155797420155,6.635123603654527e-13,0.8408639521954359,0,31020.807958127923,183,180,0.26279625
failed-only-recovery-12,0,frozen,83,True,qualified,-1,False,8.167415299500512e-09,-84.65287407960466,0,2,2.306647159861614,0.5625163095135554,2,3.7246522959014587,0.36670362392511024,6.635123603654527e-13,0.8409073865357081,0,31028.847328148586,183,180,0.263690333
failed-only-recovery-12,0,frozen,84,True,qualified,-1,False,8.167415299500512e-09,-83.22766425118648,0,2,2.252078334781111,0.5739238023827562,2,2.177095898021992,0.5902943685261148,6.635123603654527e-13,0.8411920454619229,0,31039.391120939985,183,180,0.264108083
failed-only-recovery-12,0,frozen,85,True,qualified,-1,False,8.167415299500512e-09,-83.2690057359961,0,2,2.3806142379418316,0.5476955506232627,2,2.1668806654756465,0.5925895066006405,6.635123603654527e-13,0.8410230593067539,0,31029.923480362933,183,180,0.26314675
failed-only-recovery-12,0,frozen,86,True,qualified,-1,False,8.167415299500512e-09,-83.25213948905876,0,2,2.4166191410434017,0.5407361702394498,2,2.6850375937272934,0.4935811645584518,6.635123603654527e-13,0.841252073502424,0,31042.48461597259,183,180,0.26422025
failed-only-recovery-12,0,frozen,87,True,qualified,-1,False,9.385641430714742e-09,-83.2546689666665,0,2,2.389778397419793,0.5459087540933948,2,1.9060472030302507,0.6570268240680315,4.22411861837572e-66,0.8408366565944202,0,31021.177179863178,183,180,0.265983917
failed-only-recovery-12,0,frozen,88,True,qualified,-1,False,8.167415299500512e-09,-83.2806416114081,0,2,2.3320765158607712,0.5573396238881697,2,2.205077652922459,0.5840882631537603,6.635123603654527e-13,0.8409091664168342,0,31023.04728414939,183,180,0.2745705
failed-only-recovery-12,0,frozen,89,True,qualified,-1,False,8.167415299500512e-09,-83.2864190590239,0,2,2.4003695834379606,0.5438569312783429,2,3.7110277631270367,0.3679589412744115,1.4205419748896116e-13,0.8408407531432035,0,31020.139807797244,183,180,0.27087075
failed-only-recovery-12,0,frozen,90,True,qualified,-1,False,8.167415299500512e-09,-83.24228098900349,0,2,2.6764927188970162,0.4949641977456058,2,2.321060272400209,0.5595715603007737,6.635123603654527e-13,0.8408465495930314,0,31020.179352914423,183,180,0.265109292
failed-only-recovery-12,0,frozen,91,True,qualified,-1,False,8.167415299500512e-09,-83.46444784489555,0,2,2.2114784794508995,0.5826850358610711,2,2.120380242740291,0.6032414107392896,6.635123603654527e-13,0.8409627002515198,0,31026.248162977987,183,180,0.263078625
failed-only-recovery-12,0,frozen,92,True,qualified,-1,False,8.167415299500512e-09,-83.28248731514225,0,2,2.1544299398016866,0.59540855462453,2,1.7047610344339934,0.7155453995011105,6.635123603654527e-13,0.8405830009286677,0,31009.937179740187,183,180,0.263542625
failed-only-recovery-12,0,frozen,93,True,qualified,-1,False,9.48778181840997e-09,-83.24129664450814,0,2,2.2880027868097126,0.5663674360265336,2,2.210949793528351,0.5828007081833074,6.635123603654527e-13,0.840718766099151,0,31016.038736082854,431,428,0.610957708
failed-only-recovery-12,0,frozen,94,True,qualified,-1,False,8.167415299500512e-09,-84.06228830589377,0,2,2.412486653949828,0.5415267142973388,2,3.937426724002215,0.34812019355713353,6.635123603654527e-13,0.8407950271545914,0,31016.018422705823,183,180,0.264391459
failed-only-recovery-12,0,frozen,95,True,qualified,-1,False,8.167415299500512e-09,-83.36114294217136,0,2,2.3320692857609515,0.557341083434504,2,2.9157569605218945,0.4587919009921174,6.635123603654527e-13,0.8416838291711106,0,31055.380460525343,183,180,0.261321834
failed-only-recovery-12,0,frozen,96,True,qualified,-1,False,9.825745703658094e-09,-83.23341254530742,0,2,2.260064002841521,0.5722284145476424,2,2.094517876317648,0.6093142051550243,6.635123603654527e-13,0.841354046051372,0,31041.465574551672,423,420,0.600228375
failed-only-recovery-12,0,frozen,97,True,qualified,-1,False,8.167415299500512e-09,-83.2158466415542,0,2,2.334278294968526,0.55689547161588,2,2.1141605879671745,0.6046920197671789,6.635123603654527e-13,0.8409664387323735,0,31027.040380979983,183,180,0.2632345
failed-only-recovery-12,0,frozen,98,True,qualified,-1,False,8.167415299500512e-09,-83.34745150461416,0,2,2.1743673057413226,0.5909058655159819,2,1.8624268933335253,0.6690022960712048,6.635123603654527e-13,0.8420079665843122,0,31072.480739861145,183,180,0.2643695
failed-only-recovery-12,0,frozen,99,True,qualified,-1,False,8.167415299500512e-09,-83.22357352868758,0,2,2.3539118702376856,0.5529631707962385,2,2.2957140607829603,0.5647688463599622,6.635123603654527e-13,0.841019057323993,0,31029.48131111467,183,180,0.262839542
failed-only-recovery-12,0,frozen,100,True,qualified,-1,False,8.97181560940833e-09,-83.26263398009061,0,2,2.188813300574556,0.5876812404796992,2,1.7542134294280658,0.7003748480545198,6.635123603654527e-13,0.8408502991555246,0,31018.769685412055,201,198,0.288246625
failed-only-recovery-12,0,frozen,101,True,qualified,-1,False,8.167415299500512e-09,-84.49020564014863,0,2,2.354718569807068,0.5528026815427743,2,3.1054708723549975,0.4334745440142842,6.635123603654527e-13,0.8419020260376411,0,31074.614712311253,183,180,0.260826875
failed-only-recovery-12,0,frozen,102,True,qualified,-1,False,8.167415299500512e-09,-83.27361909986102,0,2,2.382485062998006,0.5473299176122318,2,1.6663453023097783,0.7277100460363362,6.635123603654527e-13,0.840896263097745,0,31023.827844911648,183,180,0.265018292
failed-only-recovery-12,0,frozen,103,True,qualified,-1,False,9.894120370697444e-09,-83.72612951111876,0,2,2.4277645162311283,0.538614550019452,2,3.7439088826782387,0.36494340740545705,6.635123603654527e-13,0.8417892603183196,0,31067.77033898558,196,193,0.281311042
failed-only-recovery-12,0,frozen,104,True,qualified,-1,False,8.167415299500512e-09,-83.31397670245812,0,2,2.4029237373775936,0.5433642231778012,2,2.6735013050197165,0.4954500791632136,6.635123603654527e-13,0.8407918495817184,0,31018.744567556176,183,180,0.275891791
failed-only-recovery-12,0,frozen,105,True,qualified,-1,False,8.167415299500512e-09,-83.2235725923263,0,2,2.182953232126029,0.5889855151342275,2,1.674403775521219,0.7251301781121172,6.635123603654527e-13,0.8409623069896179,0,31026.700630088846,183,180,0.279071042
failed-only-recovery-12,0,frozen,106,True,qualified,-1,False,8.167415299500512e-09,-84.3198644048661,0,2,2.203493031047382,0.5844365902515511,2,3.5532692519356313,0.38312035799410044,6.635123603654527e-13,0.8414814654390342,0,31053.019059119873,183,180,0.283600792
failed-only-recovery-12,0,frozen,107,True,qualified,-1,False,8.167415299500512e-09,-83.47552346799687,0,2,2.2884051133484062,0.5662838291367464,2,1.880319443151118,0.6640450851564883,6.635123603654527e-13,0.8409245878042061,0,31027.291972556166,183,180,0.288920417
failed-only-recovery-12,0,frozen,108,True,qualified,-1,False,8.167415299500512e-09,-83.2551941339225,0,2,2.4811032832561026,0.528668787456598,2,1.5377396845519533,0.7709842045930929,6.635123603654527e-13,0.8408761569294395,0,31022.793772959634,183,180,0.273116625
failed-only-recovery-12,0,frozen,109,True,qualified,-1,False,8.167415299500512e-09,-83.42400857751633,0,2,2.271710217246534,0.5697720215090722,2,2.320319948248722,0.5597221347359829,6.635123603654527e-13,0.8408366539246963,0,31021.965862607707,183,180,0.27490925
failed-only-recovery-12,0,frozen,110,True,qualified,-1,False,8.167415299500512e-09,-83.24031921901587,0,2,2.43092297405602,0.5380160778038904,2,2.57910036879222,0.5112512283718306,6.635123603654527e-13,0.8407898055873152,0,31019.426231921283,183,180,0.266036542
failed-only-recovery-12,0,frozen,111,True,qualified,-1,False,8.167415299500512e-09,-83.2222331681101,0,2,2.5995468461499667,0.5077501733580727,2,2.2078755516532484,0.5834741457481918,6.635123603654527e-13,0.8409680503025935,0,31027.181448099403,183,180,0.26641325
failed-only-recovery-12,0,frozen,112,True,qualified,-1,False,8.167415299500512e-09,-83.27194295279357,0,2,2.574123653364415,0.5121101594576244,2,3.4488581479755993,0.39383171009090634,6.635123603654527e-13,0.8412453366786807,0,31042.0711884603,183,180,0.260849167
failed-only-recovery-12,0,frozen,113,True,qualified,-1,False,8.167415299500512e-09,-83.32002268248755,0,2,2.1997280660757665,0.5852656904678525,2,1.3401612999387016,0.8457536972702729,6.635123603654527e-13,0.8407262344033405,0,31016.234873686244,183,180,0.264080334
failed-only-recovery-12,0,frozen,114,True,qualified,-1,False,8.167415299500512e-09,-83.22790226370418,0,2,2.186592014140503,0.5881750226828406,2,2.107417089797972,0.6062718197210333,6.635123603654527e-13,0.8408767928631483,0,31022.803868183153,183,180,0.262513625
failed-only-recovery-12,0,frozen,115,True,qualified,-1,False,8.167415299500512e-09,-83.57452174350725,0,2,2.3032985762710836,0.5632044842414019,2,3.0226515519270287,0.4441939588718493,6.635123603654527e-13,0.8417435300413709,0,31064.184158855453,183,180,0.262033208
failed-only-recovery-12,0,frozen,116,True,qualified,-1,False,8.167415299500512e-09,-83.26280926764974,0,2,2.4257953365731715,0.5389882919562239,2,2.7504600883273684,0.4832262697497735,6.635123603654527e-13,0.8410090561622348,0,31028.164161204502,183,180,0.263220791
failed-only-recovery-12,0,frozen,117,True,qualified,-1,False,8.167415299500512e-09,-83.24318748456933,0,2,2.313012713858541,0.5612123041476991,2,1.732859441309073,0.7068592609099932,6.635123603654527e-13,0.8408649624922472,0,31021.810026328534,183,180,0.26328125
failed-only-recovery-12,0,frozen,118,True,qualified,-1,False,8.167415299500512e-09,-83.25478452138199,0,2,2.3920006354362378,0.5454770711503053,2,3.1006109887444175,0.4340900018992424,6.635123603654527e-13,0.8408964807096395,0,31023.786466222846,183,180,0.260003041
failed-only-recovery-12,0,frozen,119,True,qualified,-1,False,8.167415299500512e-09,-83.21868748997561,0,2,2.4372087223254613,0.5368286547893639,2,2.4085903022001793,0.5422740231997789,6.635123603654527e-13,0.8410482894296828,0,31031.62851133941,183,180,0.260738625
failed-only-recovery-12,0,frozen,120,True,qualified,-1,False,8.167415299500512e-09,-83.23419069199812,0,2,2.64743161229601,0.49972228960988657,2,2.3550654792865546,0.5527336915201236,6.635123603654527e-13,0.8410801449576764,0,31033.952009836878,183,180,0.263417166
failed-only-recovery-12,0,frozen,121,True,qualified,-1,False,8.167415299500512e-09,-83.2432891105354,0,2,2.567329595439147,0.5132870617870995,2,3.4682302013280544,0.3918012136866936,6.635123603654527e-13,0.8410694637356085,0,31033.076548606405,183,180,0.260102875
failed-only-recovery-12,0,frozen,122,True,qualified,-1,False,8.167415299500512e-09,-83.31029726487012,0,2,2.2284577892211432,0.5789919098812274,2,2.053801367130053,0.6190971384806201,6.635123603654527e-13,0.8408430957519555,0,31021.754501824715,183,180,0.263240958
failed-only-recovery-12,0,frozen,123,True,qualified,-1,False,9.358053776331587e-09,-83.50684460594405,0,2,2.2526758159299556,0.5737966414615828,2,2.251531424571792,0.5740402449186921,6.635123603654527e-13,0.8417525639036928,0,31064.565905169446,281,278,0.398009125
failed-only-recovery-12,0,frozen,124,True,qualified,-1,False,8.167415299500512e-09,-83.25611697402539,0,2,2.3076631395630574,0.5623078144939028,2,2.172594303974739,0.5913038154440481,6.635123603654527e-13,0.8409092311045935,0,31024.121324613363,183,180,0.261689625
failed-only-recovery-12,0,frozen,125,True,qualified,-1,False,8.116933861630891e-09,-83.26996171490318,0,2,2.3969327416446884,0.5445212029803786,2,3.716966805031742,0.3674107215787578,6.635123603654527e-13,0.8409874385833069,0,31027.54096877324,176,173,0.250457542
failed-only-recovery-12,0,frozen,126,True,qualified,-1,False,8.167415299500512e-09,-84.45813971442206,0,2,2.4247628778484316,0.539184437949873,2,2.005182212941569,0.631146898691258,5.404508711158175e-55,0.8407667366050176,0,31019.209146652618,183,180,0.262239
failed-only-recovery-12,0,frozen,127,True,qualified,-1,False,8.399648754189435e-09,-85.73341833206071,0,2,2.958554954104432,0.4528400503549086,2,4.6511491023684535,0.297263873565472,6.635123603654527e-13,0.8406161119358456,0,31010.73528308013,218,215,0.342748542
failed-only-recovery-12,0,frozen,128,True,qualified,-1,False,8.167415299500512e-09,-83.45967594094625,0,2,2.203377941919185,0.584461903335156,2,1.774944975115994,0.6941742002328438,6.635123603654527e-13,0.8409748251550729,0,31026.46315093362,183,180,0.265586041
failed-only-recovery-12,0,frozen,129,True,qualified,-1,False,8.167415299500512e-09,-83.3944545453024,0,2,2.256730299728683,0.5729350727458007,2,2.69396089806461,0.49214453913263967,6.635123603654527e-13,0.8405450983715953,0,31005.158346359913,183,180,0.263540167
failed-only-recovery-12,0,frozen,130,True,qualified,-1,False,8.165730980149853e-09,-83.3890768958771,0,2,2.2557142031208905,0.5731507718352319,2,1.9923773307235753,0.6343890878383898,6.635123603654527e-13,0.8409020255348411,0,31022.946292144163,183,180,0.26152325
failed-only-recovery-12,0,frozen,131,True,qualified,-1,False,9.263996070132528e-09,-83.31497247698155,0,2,2.3904681315286473,0.545774702434188,2,1.2691044037812074,0.8752712619398328,6.635123603654527e-13,0.8408018170419861,0,31020.701377212965,203,200,0.291726
failed-only-recovery-12,0,frozen,132,True,qualified,-1,False,8.167415299500512e-09,-83.23899463969589,0,2,2.539116435121478,0.5182282062992108,2,1.3876612303361675,0.8268129121190774,6.635123603654527e-13,0.8410512131757254,0,31032.20442437276,183,180,0.262770083
failed-only-recovery-12,0,frozen,133,True,qualified,-1,False,8.167415299500512e-09,-84.34965083245713,0,2,2.233905273447532,0.5778159467765324,2,1.650110732089989,0.7329533411202359,6.635123603654527e-13,0.8408706119298454,0,31026.94319035771,183,180,0.262261041
failed-only-recovery-12,0,frozen,134,True,qualified,-1,False,8.167415299500512e-09,-83.47957907823131,0,2,2.1682564282296495,0.5922794740195912,2,2.0455169867476677,0.621121622139273,6.635123603654527e-13,0.8409492099339237,0,31027.28331865886,183,180,0.263761417
failed-only-recovery-12,0,frozen,135,True,qualified,-1,False,8.167415299500512e-09,-83.23140444105258,0,2,2.248298665179709,0.5747294017451244,2,2.8045320155828737,0.4749696224085709,6.635123603654527e-13,0.8409006671758834,0,31023.03869351797,183,180,0.262477708
failed-only-recovery-12,0,frozen,136,True,qualified,-1,False,8.167415299500512e-09,-83.49167950442988,0,2,2.467885013131419,0.5311019564366132,2,1.8897652122470585,0.6614534558021921,6.635123603654527e-13,0.8407788877805058,0,31016.41969211227,183,180,0.262036708
failed-only-recovery-12,0,frozen,137,True,qualified,-1,False,8.167415299500512e-09,-83.46436464880851,0,2,2.337474672279553,0.5562518278728723,2,3.7827426556610275,0.3614427951811121,6.635123603654527e-13,0.8409809364543517,0,31028.562065618236,183,180,0.26256925
failed-only-recovery-12,0,frozen,138,True,qualified,-1,False,8.167415299500512e-09,-83.27338376988253,0,2,2.6109782979320038,0.5058120519461037,2,2.111751626021883,0.6052555274925602,6.635123603654527e-13,0.8409413423035044,0,31025.64732522918,183,180,0.265027834
failed-only-recovery-12,0,frozen,139,True,qualified,-1,False,8.167415299500512e-09,-83.44795030367952,0,2,2.551440217578015,0.5160591086940823,2,2.2038635412557723,0.5843551123672642,6.635123603654527e-13,0.8409841524120746,0,31028.301891599498,183,180,0.265265333
failed-only-recovery-12,0,frozen,140,True,qualified,-1,False,8.167415299500512e-09,-83.3032651180142,0,2,2.173484425764957,0.5911039678802344,2,1.7129419030335808,0.7129982085931983,6.635123603654527e-13,0.841166789521732,0,31035.56242852991,183,180,0.263672208
failed-only-recovery-12,0,frozen,141,True,qualified,-1,False,8.167415299500512e-09,-83.34578343309035,0,2,2.1516344287461,0.5960447970654739,2,1.325230887636421,0.8518374434665493,2.8359365302317727e-19,0.8409204836313248,0,31022.447688252887,183,180,0.264280041
failed-only-recovery-12,0,frozen,142,True,qualified,-1,False,8.209958435181484e-09,-83.31748101207883,0,2,2.221511632637017,0.5804976522925603,2,1.9566780866143,0.6435834558066683,6.635123603654527e-13,0.8408697550964422,0,31022.95807240725,201,198,0.288022875
failed-only-recovery-12,0,frozen,143,True,qualified,-1,False,8.167415299500512e-09,-83.30189200398465,0,2,2.5319423870491904,0.5194986658416405,2,4.092433619225173,0.33569133378624233,6.635123603654527e-13,0.840333167154198,0,30997.564050204102,183,180,0.261962917
failed-only-recovery-12,0,frozen,144,True,qualified,-1,False,8.167415299500512e-09,-83.64061840441776,0,2,2.257911792411786,0.5726844470720942,2,1.4470508968045497,0.8040034463096621,6.635123603654527e-13,0.8408547196503999,0,31022.900653262677,183,180,0.271251709
failed-only-recovery-12,0,frozen,145,True,qualified,-1,True,8.167415299500512e-09,-83.46489016417884,0,2,2.4857827583461476,0.5278123099148967,2,1.977543493382988,0.6381815685404569,6.635123603654527e-13,0.8418298310787694,0,31064.203487741306,192,189,0.278333708
failed-only-recovery-12,0,frozen,146,True,qualified,-1,False,8.167415299500512e-09,-83.30207168805973,0,2,2.5561340134047486,0.5152373601485588,2,2.413428635724774,0.5413463274707478,6.635123603654527e-13,0.8406268952888539,0,31011.619160957616,183,180,0.266023583
failed-only-recovery-12,0,frozen,147,True,qualified,-1,False,8.167415299500512e-09,-84.26404776765014,0,2,2.677920775095111,0.4947325577123411,2,4.041408288758807,0.33968656307899336,7.175127778958584e-18,0.8408497630184822,0,31023.80842834119,183,180,0.271588625
failed-only-recovery-12,0,frozen,148,True,qualified,-1,False,8.116933861630891e-09,-83.29837660178438,0,2,2.218807441581097,0.5810857541460321,2,1.746712354120267,0.7026412773367485,6.635123603654527e-13,0.8406284528628759,0,31014.630563895378,171,168,0.259442584
failed-only-recovery-12,0,frozen,149,True,qualified,-1,False,8.116933861630891e-09,-83.2796630477861,0,2,2.157179691142496,0.5947839082476211,2,1.8078967835507267,0.6845068900805961,6.635123603654527e-13,0.840873566783228,0,31023.416810217986,171,168,0.250972292
failed-only-recovery-12,0,frozen,150,True,qualified,-1,False,9.236568620931827e-09,-83.947564855982,0,2,2.3320978660686857,0.5573353139442474,2,3.473252751912863,0.3912780430334125,6.635123603654527e-13,0.8413680577097602,0,31049.90180198471,185,182,0.265143084
failed-only-recovery-12,0,frozen,151,True,qualified,-1,False,8.116933861630891e-09,-83.31021322073074,0,2,2.519796636418124,0.521662707810625,2,3.242765319814664,0.41674758361658015,6.635123603654527e-13,0.8410175225412121,0,31029.56444029593,171,168,0.245144458
failed-only-recovery-12,0,frozen,152,True,qualified,-1,False,8.116933861630891e-09,-83.36969375805296,0,2,2.2659875383464168,0.5709766521735637,2,2.938526009498706,0.4556072232560933,6.635123603654527e-13,0.841369684381318,0,31046.911823461523,171,168,0.244823666
failed-only-recovery-12,0,frozen,153,True,qualified,-1,False,9.227961061821908e-09,-83.2371970281711,0,2,2.4001454323757456,0.5439002100059044,2,2.9433504477581685,0.45493777587961715,6.635123603654527e-13,0.8407884284370657,0,31017.888947020103,189,186,0.274152
failed-only-recovery-12,0,frozen,154,True,qualified,-1,False,9.872000550228542e-09,-83.2345166423242,0,2,2.677656698651584,0.49477537743327504,2,2.995496288653292,0.447818603740139,6.635123603654527e-13,0.8408780967684497,0,31023.52949158762,265,262,0.376709583
failed-only-recovery-12,0,frozen,155,True,qualified,-1,False,8.116933861630891e-09,-83.21641968588821,0,2,2.641616256545427,0.5006846396676043,2,2.5343315511866282,0.5190749288655824,6.635123603654527e-13,0.8410002521308618,0,31028.697290190787,179,176,0.25752975
failed-only-recovery-12,0,frozen,156,True,qualified,-1,False,8.116933861630891e-09,-83.76064812347356,0,2,2.2760128835371414,0.5688693245015282,2,2.611873494897357,0.5056608563747126,6.635123603654527e-13,0.841778848399739,0,31071.07570577105,176,173,0.251642083
failed-only-recovery-12,0,frozen,157,True,qualified,-1,False,8.167415299500512e-09,-83.49621159777232,0,2,2.304375341471627,0.5629830295627369,2,2.3155473615649482,0.5606945974240028,6.635123603654527e-13,0.8403197026295862,0,30994.972114108023,183,180,0.263300667
failed-only-recovery-12,0,frozen,158,True,qualified,-1,False,8.167415299500512e-09,-83.68900634146705,0,2,2.2714237995721405,0.5698322036361994,2,2.344800628999057,0.5547817128875562,6.635123603654527e-13,0.8403220818022127,0,30995.095237886722,183,180,0.264632625
failed-only-recovery-12,0,frozen,159,True,qualified,-1,False,8.167415299500512e-09,-83.50494260565954,0,2,2.4180712226203025,0.5404588881606788,2,3.854238916776157,0.35516463565543327,6.635123603654527e-13,0.8406165665721383,0,31007.87584261768,183,180,0.264044208
failed-only-recovery-12,0,frozen,160,True,qualified,-1,False,8.167415299500512e-09,-83.28712817915843,0,2,2.219085844740425,0.5810251581719114,2,1.5667691152857837,0.760861682532401,6.635123603654527e-13,0.8408539814634103,0,31019.402417009565,183,180,0.265141
failed-only-recovery-12,0,frozen,161,True,qualified,-1,False,8.167415299500512e-09,-83.2555834679971,0,2,2.189641097275055,0.5874974147889284,2,2.3816182425338863,0.5474992731614101,6.635123603654527e-13,0.8408775915356224,0,31022.37840760155,183,180,0.263016958
failed-only-recovery-12,0,frozen,162,True,qualified,-1,False,8.167415299500512e-09,-83.22197885698426,0,2,2.387924781967337,0.5462693070647465,2,2.210962349217907,0.5827979606192368,6.635123603654527e-13,0.8410450021013703,0,31031.800050046277,183,180,0.26502175
failed-only-recovery-12,0,frozen,163,True,qualified,-1,False,8.167415299500512e-09,-83.25377423033987,0,2,2.4751252326509854,0.5297666630449116,2,3.4891447904310766,0.38963144841975844,6.635123603654527e-13,0.8405816312214056,0,31011.17576538387,183,180,0.261032625
failed-only-recovery-12,0,frozen,164,True,qualified,-1,False,8.167415299500512e-09,-83.23327307589092,0,2,2.328882245158525,0.5579851305571909,2,2.1547962465776695,0.5953252750807285,6.635123603654527e-13,0.8409230919862493,0,31024.7976640185,183,180,0.270691542
failed-only-recovery-12,0,frozen,165,True,qualified,-1,False,8.167415299500512e-09,-83.22471091968877,0,2,2.403072619214892,0.543335528332932,2,1.8290210256700115,0.6784287125750251,6.635123603654527e-13,0.8408871707182591,0,31022.911339823855,183,180,0.264005084
failed-only-recovery-12,0,frozen,166,True,qualified,-1,False,8.167415299500512e-09,-83.23968300735045,0,2,2.3110414531802173,0.5616155374569317,2,2.4580459013482647,0.5329264880516887,6.635123603654527e-13,0.8408033985658007,0,31018.4649588764,183,180,0.263455667
failed-only-recovery-12,0,frozen,167,True,qualified,-1,False,8.167415299500512e-09,-83.218820282302,0,2,2.556907449475113,0.5151021856241473,2,3.308882027148697,0.40912372444648293,6.635123603654527e-13,0.840925791246196,0,31024.55371390069,183,180,0.264115875
failed-only-recovery-13,0,joint,,False,budget-exhausted,-1,False,4.1535672574760246e-07,-320.5710438179086,0,336,18.908438439676864,0.12485652072661593,336,123.21711259441375,0.02197886415267094,0.0,0.8235001391216337,58,30306.334027542365,4001,4000,5661.985134083
failed-only-recovery-13,0,frozen,0,False,reference-unverified,-1,False,8.736199280484857e-09,-83.13112240482299,0,2,2.558957952058675,0.5147441332069023,2,1.226019123650934,0.8938690740024089,9.218405727487231e-13,0.8409199982444545,0,31024.51621988925,249,246,0.663734166
failed-only-recovery-13,0,frozen,1,True,qualified,-1,False,8.838363694170646e-09,-83.25018548995716,0,2,2.277080874461186,0.5686456607920257,2,2.021156789576255,0.6271426349637308,9.218405727487231e-13,0.8407292312532464,0,31015.16364100754,183,180,0.444807792
failed-only-recovery-13,0,frozen,2,True,qualified,-1,False,8.838363694170646e-09,-83.13327750822435,0,2,2.326325767909533,0.5585027288959569,2,1.2522167032937175,0.882497617601315,9.218405727487231e-13,0.8408975585503904,0,31022.633103418517,183,180,0.458443167
failed-only-recovery-13,0,frozen,3,True,qualified,-1,False,8.838363694170646e-09,-83.15651187664959,0,2,2.5137419586046943,0.5227477012193376,2,1.2119333965242602,0.9000643857839828,9.218405727487231e-13,0.8409213780913546,0,31024.426059207242,183,180,0.481541291
failed-only-recovery-13,0,frozen,4,True,qualified,-1,True,8.838363694170646e-09,-83.2420215627673,0,2,2.4379493413668936,0.5366890625639273,2,1.2815679890725222,0.8699902002931372,9.218405727487231e-13,0.8407066066658265,0,31012.85788826863,183,180,0.541998166
failed-only-recovery-13,0,frozen,5,True,qualified,-1,False,8.838363694170646e-09,-83.23145608655919,0,2,2.3930771976468996,0.5452681665018827,2,1.38204760881499,0.829018753484637,9.218405727487231e-13,0.8408089703314922,0,31018.37080577034,183,180,0.46516675
failed-only-recovery-13,0,frozen,6,True,qualified,-1,False,8.584081543279574e-09,-83.2607171315259,0,2,2.7129979910247624,0.489105512777274,2,2.048911918743588,0.6202905818524969,9.218405727487231e-13,0.8409678764925675,0,31026.585195328506,185,182,0.464825833
failed-only-recovery-13,0,frozen,7,True,qualified,-1,False,9.187353364666216e-09,-84.65046256873414,0,2,2.9699356362795393,0.4512817873901854,2,3.8183017204292877,0.35829375883688885,9.218405727487231e-13,0.8413704905755036,0,31047.970437400665,195,192,0.536794041
failed-only-recovery-13,0,frozen,8,True,qualified,-1,False,8.838363694170646e-09,-84.31489191928722,0,2,2.219097710476576,0.5810225757816634,2,1.4266047643809703,0.8117480583917311,9.218405727487231e-13,0.8403806004256473,0,31002.34750273567,186,183,0.515549791
failed-only-recovery-13,0,frozen,9,True,qualified,-1,False,8.838363694170646e-09,-83.2017007027835,0,2,2.203233595782883,0.5844936540824889,2,1.7660253206478342,0.6968306591870607,9.218405727487231e-13,0.8409840310966293,0,31027.390086169093,183,180,0.489052042
failed-only-recovery-13,0,frozen,10,True,qualified,-1,False,8.838363694170646e-09,-83.13616227934324,0,2,2.277266749779234,0.5686067501389326,2,3.5844799579676327,0.3800263268011452,9.218405727487231e-13,0.8409441775089606,0,31026.287450455042,183,180,0.468835917
failed-only-recovery-13,0,frozen,11,True,qualified,-1,False,8.838363694170646e-09,-83.32668810951262,0,2,2.5560855722669626,0.5152458284554787,2,2.2967245620837744,0.5645599689574873,9.218405727487231e-13,0.8408774633965151,0,31021.616876813918,183,180,0.473321625
failed-only-recovery-13,0,frozen,12,True,qualified,-1,False,8.838363694170646e-09,-83.19694623457383,0,2,2.3463723249571493,0.5544672372458559,2,2.3740958784908766,0.5489729812924063,9.218405727487231e-13,0.8408867003839671,0,31021.989532347834,183,180,0.460809459
failed-only-recovery-13,0,frozen,13,True,qualified,-1,False,8.838363694170646e-09,-83.13204120671443,0,2,2.298595631451924,0.5641735753952757,2,2.206073982967545,0.5838694433847708,9.218405727487231e-13,0.8409129725063206,0,31024.021724019,183,180,0.473390958
failed-only-recovery-13,0,frozen,14,True,qualified,-1,False,8.838363694170646e-09,-83.43779249015968,0,2,2.3965529792047517,0.5445946942510591,2,2.03251393891584,0.62432282384077,9.218405727487231e-13,0.8412722555294123,0,31043.02396254424,183,180,0.453322209
failed-only-recovery-13,0,frozen,15,True,qualified,-1,False,8.838363694170646e-09,-83.38268221401037,0,2,2.397746100691987,0.544363863412543,2,3.422750018816954,0.3966003543223221,9.218405727487231e-13,0.8418263143580926,0,31068.40452731366,183,180,0.494830334
failed-only-recovery-13,0,frozen,16,True,qualified,-1,False,8.838363694170646e-09,-83.36939792736038,0,2,2.4299906578820316,0.5381926086491413,2,2.7912674195033342,0.47697054974563363,9.218405727487231e-13,0.8413879356167105,0,31047.10868652575,183,180,0.46265325
failed-only-recovery-13,0,frozen,17,True,qualified,-1,False,8.838363694170646e-09,-83.25481515437393,0,2,2.42007185936677,0.5400772825154495,2,2.339750954807327,0.5557942839957071,9.218405727487231e-13,0.8408681045902928,0,31022.00281392823,183,180,0.451042917
failed-only-recovery-13,0,frozen,18,True,qualified,-1,False,8.838363694170646e-09,-83.18388115852412,0,2,2.45506005960523,0.5334824486700342,2,2.388961481328236,0.5460676016539888,9.218405727487231e-13,0.8406338184343785,0,31012.42039852409,183,180,0.550046958
failed-only-recovery-13,0,frozen,19,True,qualified,-1,False,8.838363694170646e-09,-83.24946375598522,0,2,2.2665665259826198,0.5708545655643258,2,2.3276610721563973,0.5582322672226828,9.218405727487231e-13,0.8407733254458158,0,31018.412379121943,183,180,0.492102208
failed-only-recovery-13,0,frozen,20,True,qualified,-1,False,8.838363694170646e-09,-83.23147692284226,0,2,2.2288418113838446,0.5789088689576073,2,1.468381528832259,0.7960430798735698,9.218405727487231e-13,0.8411969979493525,0,31040.865137701963,183,180,0.490013917
failed-only-recovery-13,0,frozen,21,True,qualified,-1,False,8.838363694170646e-09,-83.26664058843363,0,2,2.2847916273212294,0.5670355434889418,2,1.5118427125954064,0.7801949468894337,9.218405727487231e-13,0.8406470359028015,0,31009.486760988864,183,180,0.484093333
failed-only-recovery-13,0,frozen,22,True,qualified,-1,False,8.838363694170646e-09,-83.12993223060892,0,2,2.528649196053356,0.520083785614171,2,1.4868762957699053,0.7892385590698093,9.218405727487231e-13,0.8410158444366094,0,31028.881743236147,183,180,0.424789875
failed-only-recovery-13,0,frozen,23,True,qualified,-1,False,8.838363694170646e-09,-83.46596747922874,0,2,2.2700244795970095,0.5701263941097823,2,1.9563792464220864,0.643661400891204,9.218405727487231e-13,0.8412587001082769,0,31041.46724545343,183,180,0.469002
failed-only-recovery-13,0,frozen,24,True,qualified,-1,False,8.838363694170646e-09,-83.17519248560254,0,2,2.4391759321971094,0.5364580203410932,2,3.7343269562949026,0.36581723592571397,9.218405727487231e-13,0.8408556207797535,0,31020.4589612559,183,180,0.469492958
failed-only-recovery-13,0,frozen,25,True,qualified,-1,False,8.929630162907376e-09,-83.34115519532641,0,2,2.3814559048066744,0.5475310006139283,2,1.8433232766585659,0.6743653549945058,9.218405727487231e-13,0.841056396835389,0,31030.074065760724,273,270,0.697843125
failed-only-recovery-13,0,frozen,26,True,qualified,-1,False,8.838363694170646e-09,-83.62265271749249,0,2,2.343169338082353,0.5551084558170953,2,2.4102003151569913,0.5419649990079894,9.218405727487231e-13,0.8412887087133766,0,31041.789464228026,183,180,0.459550625
failed-only-recovery-13,0,frozen,27,True,qualified,-1,False,8.838363694170646e-09,-84.9968319836368,0,2,2.3888141441096895,0.5460962600345225,2,4.375901198318274,0.31506017960400584,9.218405727487231e-13,0.8406701969314871,0,31011.265272880297,183,180,0.471666542
failed-only-recovery-13,0,frozen,28,True,qualified,-1,False,8.838363694170646e-09,-83.93706038358698,0,2,2.5158747957715684,0.5223650246187732,2,2.3000020133823282,0.563883459296276,9.218405727487231e-13,0.8410403899142599,0,31029.207763448798,183,180,0.484003375
failed-only-recovery-13,0,frozen,29,True,qualified,-1,False,8.838363694170646e-09,-84.00641179436973,0,2,2.552533215083937,0.5158675402147551,2,2.5276507759503244,0.5202614206203482,9.218405727487231e-13,0.8409536188679448,0,31023.769150632645,183,180,0.444777042
failed-only-recovery-13,0,frozen,30,True,qualified,-1,False,8.838363694170646e-09,-83.20668294022104,0,2,2.252994411625145,0.5737288560313635,2,1.4346803218142539,0.8086757388852149,9.218405727487231e-13,0.8407827440209595,0,31018.04492380464,183,180,0.480169541
failed-only-recovery-13,0,frozen,31,True,qualified,-1,False,8.838363694170646e-09,-84.47252733655088,0,2,2.2083147840798123,0.5833778428171302,2,1.204089597247735,0.9035389265021798,8.112514315714969e-13,0.8410658274266084,0,31034.679432207635,183,180,0.462999667
failed-only-recovery-13,0,frozen,32,True,qualified,-1,False,8.838363694170646e-09,-83.20864126666464,0,2,2.2963010805423862,0.5646474884084387,2,1.200407859279386,0.9051758816920743,9.218405727487231e-13,0.8409007414626023,0,31023.693463103034,183,180,0.472757916
failed-only-recovery-13,0,frozen,33,True,qualified,-1,False,8.838363694170646e-09,-83.13804343843495,0,2,2.431213903394036,0.537961013038535,2,1.2361657148309007,0.8894414938476944,9.218405727487231e-13,0.8408262714476977,0,31020.235968981142,183,180,0.4681125
failed-only-recovery-13,0,frozen,34,True,qualified,-1,False,8.838363694170646e-09,-83.5797533353734,0,2,2.2989013633171127,0.5641104843770647,2,1.9942447739182403,0.6339144394929253,9.218405727487231e-13,0.8404302498293078,0,31003.25744084236,183,180,0.439494292
failed-only-recovery-13,0,frozen,35,True,qualified,-1,False,8.838363694170646e-09,-83.98918929008917,0,2,2.2570552758390394,0.5728661170435323,2,1.7267839905683053,0.7087224769539572,9.218405727487231e-13,0.8412383383222719,0,31039.808060036896,183,180,0.483227958
failed-only-recovery-13,0,frozen,36,True,qualified,-1,False,8.838363694170646e-09,-85.03785720819066,0,2,2.3658454501250548,0.5505976581484056,2,3.0475692129936385,0.4409164623878432,9.218405727487231e-13,0.840756955718019,0,31016.503355321314,183,180,0.477529042
failed-only-recovery-13,0,frozen,37,True,qualified,-1,False,8.838363694170646e-09,-83.88257275904542,0,2,2.3542080627149256,0.5529042347857583,2,1.5968834112344157,0.7505827527757979,9.218405727487231e-13,0.8412256131955967,0,31039.247854685156,183,180,0.449634541
failed-only-recovery-13,0,frozen,38,True,qualified,-1,False,8.838363694170646e-09,-84.46407660329552,0,2,2.4559270186350752,0.5333209122353271,2,3.883697958665273,0.3526387098297331,9.218405727487231e-13,0.8408658451031347,0,31022.680495703025,183,180,0.493800708
failed-only-recovery-13,0,frozen,39,True,qualified,-1,False,8.838363694170646e-09,-83.47692554450705,0,2,2.45989640250837,0.5325824598654783,2,2.180381330797855,0.5895595803694049,9.218405727487231e-13,0.8408410617642815,0,31020.090604680012,183,180,0.434282375
failed-only-recovery-13,0,frozen,40,True,qualified,-1,False,8.838363694170646e-09,-83.23665446015862,0,2,2.280048700554363,0.5680249582957807,2,1.7954871429444097,0.6881207554282196,9.218405727487231e-13,0.840963285799067,0,31027.424087853185,183,180,0.474762208
failed-only-recovery-13,0,frozen,41,True,qualified,-1,False,8.838363694170646e-09,-83.29692803816327,0,2,2.199118079028807,0.5854002171118512,2,2.176391295312945,0.5904521665737074,9.218405727487231e-13,0.8408417886495224,0,31020.764825516308,183,180,0.447169083
failed-only-recovery-13,0,frozen,42,True,qualified,-1,False,8.838363694170646e-09,-83.26123439149599,0,2,2.279256254858554,0.5681905735443475,2,1.821794958295996,0.6804975560778015,9.772430292355067e-13,0.8408794410021027,0,31020.889425886235,183,180,0.464848541
failed-only-recovery-13,0,frozen,43,True,qualified,-1,False,8.838363694170646e-09,-83.1400266801924,0,2,2.374082747547668,0.5489755601000671,2,2.1620371236486853,0.5936833255149433,9.206474204992976e-13,0.8407617924361674,0,31017.245547968305,183,180,0.48774475
failed-only-recovery-13,0,frozen,44,True,qualified,-1,False,8.838363694170646e-09,-83.33156363867863,0,2,2.3268497690730507,0.5583965657568968,2,3.3235497257764144,0.4074683482768784,9.218405727487231e-13,0.840896991499769,0,31023.15269774715,183,180,0.476194791
failed-only-recovery-13,0,frozen,45,True,qualified,-1,False,8.838363694170646e-09,-83.26747257131882,0,2,2.424427970987243,0.539248091448396,2,2.2895606034543756,0.5660438325305729,9.218405727487231e-13,0.8407219738706192,0,31013.53797646697,183,180,0.466371166
failed-only-recovery-13,0,frozen,46,True,qualified,-1,False,8.838363694170646e-09,-83.26751959362984,0,2,2.5358128886529343,0.5188125220638263,2,1.8339696321024257,0.6770180757214208,9.218405727487231e-13,0.8407990233738957,0,31017.641735399287,183,180,0.4514915
failed-only-recovery-13,0,frozen,47,True,qualified,-1,False,8.838363694170646e-09,-83.23188940440284,0,2,2.576144356941906,0.5117610847378066,2,3.3103551403827054,0.4089568912904354,9.218405727487231e-13,0.840869167964687,0,31021.29447961337,183,180,0.523285125
failed-only-recovery-13,0,frozen,48,True,qualified,-1,False,8.838363694170646e-09,-83.13043451637961,0,2,2.203382428609455,0.5844609164808104,2,1.2180811883600058,0.8973534252040359,7.744654942073456e-13,0.8409022260947046,0,31023.695439594117,183,180,0.518225834
failed-only-recovery-13,0,frozen,49,True,qualified,-1,False,8.838363694170646e-09,-83.14864419638437,0,2,2.199609957049581,0.5852917339237762,2,1.8096020473503323,0.6840128035268187,4.5201578598977995e-11,0.8413749193918191,0,31044.24037353524,183,180,0.481894625
failed-only-recovery-13,0,frozen,50,True,qualified,-1,False,8.838363694170646e-09,-83.32602951575886,0,2,2.247158001819284,0.5749729233622654,2,2.4869103912657162,0.5276063021257611,9.41038008161384e-18,0.8418059409169605,0,31065.983518351448,183,180,0.500968458
failed-only-recovery-13,0,frozen,51,True,qualified,-1,False,8.838363694170646e-09,-83.12843395479794,0,2,2.454626104044667,0.5335633392918462,2,2.2128538073757857,0.5823843179487002,4.562657093307055e-13,0.8408490132996626,0,31020.805410257588,183,180,0.489997209
failed-only-recovery-13,0,frozen,52,True,qualified,-1,False,8.838363694170646e-09,-83.66028543893978,0,2,2.302699302700601,0.563327803186227,2,2.8946266778611087,0.461785070234504,3.530782160916456e-18,0.8414997725764984,0,31054.73414905848,183,180,0.462217666
failed-only-recovery-13,0,frozen,53,True,qualified,-1,False,8.838363694170646e-09,-83.2428181619359,0,2,2.393760867279572,0.5451355776418326,2,2.3903724613201978,0.545793292605236,1.4134103138952893e-14,0.8410590700990347,0,31030.78359876768,183,180,0.490026792
failed-only-recovery-13,0,frozen,54,True,qualified,-1,False,8.838363694170646e-09,-84.18331807894923,0,2,2.462216245685698,0.5321517511285301,2,3.857069018280123,0.3549204550537794,1.568908241148098e-11,0.8413277589500627,0,31045.805651293897,183,180,0.450114208
failed-only-recovery-13,0,frozen,55,True,qualified,-1,False,8.838363694170646e-09,-83.1937109500727,0,2,2.558891705760195,0.5147556937435911,2,2.1994003116077026,0.5853379666002647,2.515363990230854e-13,0.8410797188263117,0,31032.26439745704,183,180,0.501008541
failed-only-recovery-13,0,frozen,56,True,qualified,-1,False,8.838363694170646e-09,-83.13403345287885,0,2,2.6032961476139174,0.507112991751236,2,2.5557918971337146,0.5152971731984873,1.0770757366333587e-12,0.8409430589089326,0,31025.334093706348,183,180,0.483690125
failed-only-recovery-13,0,frozen,57,True,qualified,-1,False,8.838363694170646e-09,-83.24629275443888,0,2,2.181673846180125,0.5892709573418009,2,1.6819967232918245,0.7227130680621126,4.046304914621133e-12,0.8410781764808622,0,31029.854892946205,183,180,0.4879265
failed-only-recovery-13,0,frozen,58,True,qualified,-1,False,8.838363694170646e-09,-83.22718539542679,0,2,2.150992005662909,0.5961911803395269,2,1.7482070435723827,0.702188682758221,9.218405727487231e-13,0.8407178506271904,0,31014.83388223933,183,180,0.467275041
failed-only-recovery-13,0,frozen,59,True,qualified,-1,False,8.838363694170646e-09,-83.81480426627535,0,2,2.3278129590606156,0.5582015180686903,2,4.095296728437541,0.3354698551315496,7.988157282077175e-13,0.8405232812411602,0,31007.134462399874,183,180,0.466944333
failed-only-recovery-13,0,frozen,60,True,qualified,-1,False,8.838363694170646e-09,-83.36594921064118,0,2,2.3563833939393244,0.5524717400898931,2,3.453899175553569,0.39330139273927844,9.218405727487231e-13,0.8405808792003234,0,31008.92680145481,183,180,0.49020425
failed-only-recovery-13,0,frozen,61,True,qualified,-1,False,8.838363694170646e-09,-83.14898965404984,0,2,2.3688256305542215,0.5500097905967662,2,1.7016997641823555,0.7165024332951855,9.218405727487231e-13,0.8407755985693098,0,31018.097859162666,183,180,0.484976416
failed-only-recovery-13,0,frozen,62,True,qualified,-1,False,8.838363694170646e-09,-83.12451726185256,0,2,2.453193235561427,0.5338305901144432,2,2.143765576688021,0.597842230211305,9.218405727487231e-13,0.8408988711919553,0,31023.252587559833,183,180,0.460721208
failed-only-recovery-13,0,frozen,63,True,qualified,-1,False,8.838363694170646e-09,-83.18109252422445,0,2,2.4448172776848662,0.535397751560821,2,3.567666836704762,0.3816870813809991,9.218405727487231e-13,0.8409511725578811,0,31026.251236838743,183,180,0.458648583
failed-only-recovery-13,0,frozen,64,True,qualified,-1,False,8.838363694170646e-09,-83.13204539931436,0,2,2.5646367537155115,0.5137549143912274,2,3.5401780019791445,0.38443259105610506,9.218405727487231e-13,0.8408823284208652,0,31022.242296558503,183,180,0.446398833
failed-only-recovery-13,0,frozen,65,True,qualified,-1,False,8.838363694170646e-09,-83.12584279939314,0,2,2.7486892775977094,0.48350120460171525,2,2.2860637925040046,0.5667706889110747,9.218405727487231e-13,0.8409173153404947,0,31024.409894783723,183,180,0.572108084
failed-only-recovery-13,0,frozen,66,True,qualified,-1,False,8.838363694170646e-09,-83.46602801099377,0,2,2.2056294115943746,0.5839670645437323,2,1.9425595077610531,0.6472839392119131,9.218405727487231e-13,0.8410191021201694,0,31030.383937519277,183,180,0.471058084
failed-only-recovery-13,0,frozen,67,True,qualified,-1,True,8.838363694170646e-09,-83.1717077762092,0,2,2.1856492882127228,0.5883848111561224,2,1.5511766625519514,0.7662723844520247,9.218405727487231e-13,0.8419050352439945,0,31072.22254606207,293,290,0.745023666
failed-only-recovery-13,0,frozen,68,True,qualified,-1,False,8.838363694170646e-09,-83.14876846797667,0,2,2.2485191474563058,0.5746823521490676,2,1.6024598628567226,0.7487037762547702,9.218405727487231e-13,0.8408130641518159,0,31018.38580458768,183,180,0.509894584
failed-only-recovery-13,0,frozen,69,True,qualified,-1,False,8.838363694170646e-09,-83.19708141028447,0,2,2.4516356948131977,0.5341213727003106,2,1.5585973084029556,0.7636897666645794,9.218405727487231e-13,0.8407834576113333,0,31016.905615830303,183,180,0.470509708
failed-only-recovery-13,0,frozen,70,True,qualified,-1,False,8.838363694170646e-09,-83.12911967888938,0,2,2.375700615480315,0.5486579904883776,2,2.265262786526596,0.5711295413832639,9.218405727487231e-13,0.8409330721522441,0,31025.3949881713,183,180,0.491409542
failed-only-recovery-13,0,frozen,71,True,qualified,-1,False,8.838363694170646e-09,-83.12472592605783,0,2,2.741636879443103,0.4845990593591866,2,2.875715521221015,0.4644951962346884,9.218405727487231e-13,0.840880583283924,0,31022.21670538371,183,180,0.458049416
failed-only-recovery-13,0,frozen,72,True,qualified,-1,False,8.838363694170646e-09,-83.14106444389282,0,2,2.178546201253978,0.5899698058079005,2,1.3568594645247762,0.839023671160385,9.218405727487231e-13,0.8410304127609532,0,31031.390910148577,183,180,0.478564125
failed-only-recovery-13,0,frozen,73,True,qualified,-1,False,8.838363694170646e-09,-83.24753014841744,0,2,2.147278740822247,0.5970385471917685,2,1.4288317137545294,0.8108990638795678,9.218405727487231e-13,0.8408410561909189,0,31020.16635279998,183,180,0.484429875
failed-only-recovery-13,0,frozen,74,True,qualified,-1,False,8.838363694170646e-09,-83.34711758090143,0,2,2.304190939253359,0.563020943751567,2,1.8012751840068564,0.686431188024731,9.218405727487231e-13,0.8408030892515111,0,31019.55813514872,183,180,0.462435791
failed-only-recovery-13,0,frozen,75,True,qualified,-1,False,8.838363694170646e-09,-83.21199904680131,0,2,2.437022465728005,0.5368637709864897,2,1.5155598627776816,0.778862297649055,9.218405727487231e-13,0.8406924789904183,0,31012.89834256604,183,180,0.492698791
failed-only-recovery-13,0,frozen,76,True,qualified,-1,False,8.838363694170646e-09,-83.12779388117335,0,2,2.32751109763946,0.5582626322356443,2,1.8715849826375375,0.6664571101637389,9.218405727487231e-13,0.8408201793668922,0,31019.746496540964,183,180,0.454230708
failed-only-recovery-13,0,frozen,77,True,qualified,-1,False,8.838363694170646e-09,-83.14448179475279,0,2,2.492978539647472,0.5265002427453762,2,1.4192294605710989,0.8145693818405498,9.218405727487231e-13,0.8409431969853376,0,31026.017370752772,183,180,0.487986292
failed-only-recovery-13,0,frozen,78,True,qualified,-1,False,8.838363694170646e-09,-83.66935571350558,0,2,2.546203061408965,0.5169788445794007,2,3.8559736217866867,0.3550149271493588,9.218405727487231e-13,0.8411605228092316,0,31038.483082372444,183,180,0.534299041
failed-only-recovery-13,0,frozen,79,True,qualified,-1,False,8.838363694170646e-09,-83.29259596098908,0,2,2.236533927208553,0.5772500284414445,2,1.8791882418579258,0.664356621787228,9.218405727487231e-13,0.8412769255412104,0,31045.454403359334,183,180,0.475118458
failed-only-recovery-13,0,frozen,80,True,qualified,-1,False,8.838363694170646e-09,-83.12593767259283,0,2,2.2119390581762715,0.5825842984519858,2,2.002568847865205,0.6318062430862381,9.218405727487231e-13,0.8408786420329883,0,31022.255870559304,183,180,0.479630583
failed-only-recovery-13,0,frozen,81,True,qualified,-1,False,8.838363694170646e-09,-83.47951981340023,0,2,2.2528633920685515,0.573756730419676,2,3.6374366857844804,0.37488504684168517,9.218405727487231e-13,0.8403786882246796,0,30993.938908330136,183,180,0.477961292
failed-only-recovery-13,0,frozen,82,True,qualified,-1,False,8.838363694170646e-09,-83.14089382770206,0,2,2.436710501324912,0.536922597139679,2,2.328212007144893,0.5581207463530784,9.218405727487231e-13,0.8407884693119195,0,31016.697370006477,183,180,0.478827125
failed-only-recovery-13,0,frozen,83,True,qualified,-1,False,8.838363694170646e-09,-84.57805510294403,0,2,2.3066536846705112,0.5625149700731759,2,3.7300511909475,0.36620846963317405,9.218405727487231e-13,0.840863412899087,0,31026.04817785308,183,180,0.462159417
failed-only-recovery-13,0,frozen,84,True,qualified,-1,False,8.838363694170646e-09,-83.1365658986186,0,2,2.2520791170145067,0.5739236358681067,2,2.1821885834853023,0.5891560851759851,9.218405727487231e-13,0.84111199480615,0,31035.007453512753,183,180,0.502141041
failed-only-recovery-13,0,frozen,85,True,qualified,-1,False,8.838363694170646e-09,-83.17739340317787,0,2,2.380615093814608,0.5476953832501239,2,2.158104413600966,0.5945741067401611,9.218405727487231e-13,0.8409341221552354,0,31025.170542805896,183,180,0.47030925
failed-only-recovery-13,0,frozen,86,True,qualified,-1,False,8.838363694170646e-09,-83.15909773227061,0,2,2.4166204428972766,0.5407359215275669,2,2.6993297178642983,0.49128392133199245,9.218405727487231e-13,0.8411760888270088,0,31038.203509832343,183,180,0.486966708
failed-only-recovery-13,0,frozen,87,True,qualified,-1,False,8.838363694170646e-09,-83.16578360474666,0,2,2.3898114023005,0.5459023381382179,2,1.9228149127319834,0.6525212765103803,1.7546998806749029e-75,0.8407409879745802,0,31016.226313154293,183,180,0.458015083
failed-only-recovery-13,0,frozen,88,True,qualified,-1,False,8.838363694170646e-09,-83.18811597707216,0,2,2.3320766842684275,0.5573395898916571,2,2.2060506096046733,0.5838745750928729,9.218405727487231e-13,0.8408266154128695,0,31018.52583988939,183,180,0.467781875
failed-only-recovery-13,0,frozen,89,True,qualified,-1,False,8.838363694170646e-09,-83.19106590100124,0,2,2.4003689053064687,0.5438570622013982,2,3.6952200402455158,0.36942582816165775,4.356146649805764e-14,0.8407681729576166,0,31016.212763966505,183,180,0.500874
failed-only-recovery-13,0,frozen,90,True,qualified,-1,False,8.838363694170646e-09,-83.14979126556148,0,2,2.676492233515925,0.49496427651188796,2,2.3240453088197772,0.5589651790691634,9.218405727487231e-13,0.8407678389146183,0,31015.90950304711,183,180,0.442020875
failed-only-recovery-13,0,frozen,91,True,qualified,-1,False,8.838363694170646e-09,-83.37180832898548,0,2,2.211483969310006,0.5826838349393172,2,2.11577915120231,0.6043139263649867,9.218405727487231e-13,0.8408909211606642,0,31022.357932764346,183,180,0.49657675
failed-only-recovery-13,0,frozen,92,True,qualified,-1,False,9.457225128491196e-09,-83.19207262439514,0,2,2.1544447882070554,0.5954051784475162,2,1.711140263912687,0.71355787394218,9.218405727487231e-13,0.8405090202963769,0,31005.98502701301,181,178,0.47414825
failed-only-recovery-13,0,frozen,93,True,qualified,-1,False,9.836060640858448e-09,-83.15609289621162,0,2,2.2879680805268854,0.5663746493346464,2,2.2160071231290273,0.5816958908796307,9.218405727487231e-13,0.840631269599925,0,31011.556395339387,393,390,1.035776833
failed-only-recovery-13,0,frozen,94,True,qualified,-1,False,8.838363694170646e-09,-83.9719768741212,0,2,2.4124897901611466,0.5415261135394825,2,3.942335241371253,0.3477129740886273,9.218405727487231e-13,0.840727423755339,0,31012.379103508567,183,180,0.464672
failed-only-recovery-13,0,frozen,95,True,qualified,-1,False,8.530159911626221e-09,-83.27063466359897,0,2,2.332066266690016,0.5573416928989486,2,2.9316876716723588,0.45655930872862255,9.218405727487231e-13,0.8416098254890754,0,31051.62584687539,181,178,0.471053084
failed-only-recovery-13,0,frozen,96,True,qualified,-1,False,9.57962474670989e-09,-83.14291296449049,0,2,2.2600580467294122,0.5722296756859783,2,2.085023831250347,0.611570787953038,9.218405727487231e-13,0.8413290481146214,0,31039.53929854064,336,333,0.840696375
failed-only-recovery-13,0,frozen,97,True,qualified,-1,False,8.840883262058306e-09,-83.12544668558762,0,2,2.3342787062741412,0.5568953887056204,2,2.1166043529405276,0.6041213223656559,9.218405727487231e-13,0.8408938817939622,0,31023.154737908873,181,178,0.460172833
failed-only-recovery-13,0,frozen,98,True,qualified,-1,False,8.530159911626221e-09,-83.25599565289158,0,2,2.174365071971744,0.5909063665838087,2,1.8580494033427188,0.6702247588496113,9.218405727487231e-13,0.8419279848626855,0,31068.40641866601,181,178,0.504873042
failed-only-recovery-13,0,frozen,99,True,qualified,-1,False,8.530159911626221e-09,-83.13404531420301,0,2,2.3539093331324352,0.5529636756756589,2,2.279709643232919,0.5680958080692539,9.218405727487231e-13,0.8409418599718868,0,31025.44562702649,181,178,0.449470875
failed-only-recovery-13,0,frozen,100,True,qualified,-1,False,9.883082976529102e-09,-83.17495650500108,0,2,2.1887899483032722,0.5876864277247748,2,1.7548123136774705,0.7001944244998394,9.218405727487231e-13,0.8407647298146869,0,31014.435970458137,197,194,0.466018625
failed-only-recovery-13,0,frozen,101,True,qualified,-1,False,8.530159911626221e-09,-84.39743277134241,0,2,2.3547148398076465,0.5528034234143488,2,3.1063703553392426,0.43336081450645264,9.218405727487231e-13,0.8418408426632443,0,31071.274722194128,181,178,0.455515666
failed-only-recovery-13,0,frozen,102,True,qualified,-1,False,8.530159911626221e-09,-83.1837645690973,0,2,2.3824864592538546,0.5473296448950112,2,1.6646740158277105,0.7282469834024515,9.218405727487231e-13,0.840818166753248,0,31019.78845961924,181,178,0.457146959
failed-only-recovery-13,0,frozen,103,True,qualified,-1,False,8.428758788621558e-09,-83.63588009446791,0,2,2.4277632447930917,0.5386147911799574,2,3.745016286518178,0.3648426766120996,9.218405727487231e-13,0.8417283370538182,0,31064.276820305688,213,210,0.53946125
failed-only-recovery-13,0,frozen,104,True,qualified,-1,False,7.991005843617636e-09,-83.22414311897217,0,2,2.4029251249475267,0.5433639557307608,2,2.679286677321907,0.4945111881047013,9.218405727487231e-13,0.840721587965195,0,31014.904489232096,187,184,0.4728445
failed-only-recovery-13,0,frozen,105,True,qualified,-1,False,8.838363694170646e-09,-83.13318560636282,0,2,2.182981604017522,0.5889791879221266,2,1.676570509519697,0.7244390740872035,9.218405727487231e-13,0.8408905991290689,0,31022.794362692868,183,180,0.473093417
failed-only-recovery-13,0,frozen,106,True,qualified,-1,False,8.838363694170646e-09,-84.2199317024844,0,2,2.2034819056605794,0.584439037120056,2,3.5612364729945734,0.38232594766824324,9.218405727487231e-13,0.8414094356733834,0,31049.09407685434,183,180,0.480997083
failed-only-recovery-13,0,frozen,107,True,qualified,-1,False,8.838363694170646e-09,-83.38336438541467,0,2,2.2884204431328383,0.5662806439182263,2,1.8796411631112162,0.6642318556369902,9.218405727487231e-13,0.8408573171789681,0,31023.63478521055,183,180,0.542771958
failed-only-recovery-13,0,frozen,108,True,qualified,-1,False,8.838363694170646e-09,-83.16495030163631,0,2,2.4811064164378487,0.5286682131404687,2,1.5291513787716644,0.7740197821318396,9.218405727487231e-13,0.8408066983349068,0,31018.982358455392,183,180,0.49912675
failed-only-recovery-13,0,frozen,109,True,qualified,-1,False,8.838363694170646e-09,-83.33543132314655,0,2,2.271721451744548,0.5697696611485561,2,2.3234709692431714,0.5590817579237483,9.218405727487231e-13,0.8407712854170483,0,31018.37030812645,183,180,0.468710584
failed-only-recovery-13,0,frozen,110,True,qualified,-1,False,8.838363694170646e-09,-83.1494340732062,0,2,2.430922424720693,0.5380161817874237,2,2.572903392603936,0.5123211716931273,9.218405727487231e-13,0.8407367435312213,0,31016.368211315003,183,180,0.478018959
failed-only-recovery-13,0,frozen,111,True,qualified,-1,False,8.838363694170646e-09,-83.13163614617402,0,2,2.599546227661915,0.5077502785904281,2,2.2109569926974544,0.5827991327848404,9.218405727487231e-13,0.8409003248933753,0,31023.43415180304,183,180,0.465239042
failed-only-recovery-13,0,frozen,112,True,qualified,-1,False,8.838363694170646e-09,-83.18220067531067,0,2,2.5741219166314577,0.5121104596660423,2,3.463219053313302,0.39232453456129285,9.218405727487231e-13,0.8411828668097253,0,31038.54761391788,183,180,0.446417041
failed-only-recovery-13,0,frozen,113,True,qualified,-1,False,8.838363694170646e-09,-83.22997013221868,0,2,2.199734374161247,0.5852642995712658,2,1.3403853890133814,0.8456628638193311,9.218405727487231e-13,0.8406511845627512,0,31012.235775205572,183,180,0.474992458
failed-only-recovery-13,0,frozen,114,True,qualified,-1,False,8.838363694170646e-09,-83.13634428900791,0,2,2.1865996953066222,0.5881733139131835,2,2.089062725021259,0.6106090014940998,9.218405727487231e-13,0.8408097597551786,0,31019.114253047606,183,180,0.476681709
failed-only-recovery-13,0,frozen,115,True,qualified,-1,False,8.838363694170646e-09,-83.48720014129655,0,2,2.303290687489001,0.5632061072829914,2,3.0332151766024396,0.4427988840805758,9.218405727487231e-13,0.8416568393303023,0,31059.832820022777,183,180,0.522983833
failed-only-recovery-13,0,frozen,116,True,qualified,-1,False,8.838363694170646e-09,-83.17087101016985,0,2,2.425800163284398,0.5389873752866928,2,2.7945499395694005,0.47647392297869434,9.218405727487231e-13,0.8409392705983709,0,31024.383625850995,183,180,0.480215708
failed-only-recovery-13,0,frozen,117,True,qualified,-1,False,8.838363694170646e-09,-83.15108303616162,0,2,2.313004815101533,0.5612139188388411,2,1.7295836563634333,0.7078628618207238,9.218405727487231e-13,0.8407974883836784,0,31018.14316251742,183,180,0.441221125
failed-only-recovery-13,0,frozen,118,True,qualified,-1,False,8.838363694170646e-09,-83.16426857046147,0,2,2.3920032644308615,0.5454765608214538,2,3.102279327175311,0.43387853608178856,9.218405727487231e-13,0.8408292630700395,0,31020.136120976487,183,180,0.480620333
failed-only-recovery-13,0,frozen,119,True,qualified,-1,False,8.838363694170646e-09,-83.12821285793272,0,2,2.437207328092249,0.5368289176378108,2,2.4103507842568073,0.5419361345739667,9.218405727487231e-13,0.8409818310786342,0,31028.01137473066,183,180,0.452085541
failed-only-recovery-13,0,frozen,120,True,qualified,-1,False,8.838363694170646e-09,-83.14364865447396,0,2,2.6474319038812606,0.4997222414432378,2,2.3553068839731024,0.5526856925206227,9.218405727487231e-13,0.8410123672981927,0,31030.26377547232,183,180,0.480535667
failed-only-recovery-13,0,frozen,121,True,qualified,-1,False,8.838363694170646e-09,-83.15309074624905,0,2,2.567328282227493,0.5132872897517403,2,3.4695960227774942,0.3916588111042399,9.218405727487231e-13,0.8410012040533208,0,31029.35523701437,183,180,0.848945625
failed-only-recovery-13,0,frozen,122,True,qualified,-1,False,8.838363694170646e-09,-83.22713339591016,0,2,2.2284771592372894,0.5789877207973149,2,2.0474687863295915,0.6206436046010394,9.218405727487231e-13,0.8407598306028028,0,31017.283690339937,183,180,0.527078916
failed-only-recovery-13,0,frozen,123,True,qualified,-1,False,9.496093689165264e-09,-83.41218826649579,0,2,2.2526723637099946,0.5737973760459254,2,2.2258139080274577,0.5795642045105639,9.218405727487231e-13,0.8416643253069964,0,31059.877581180754,306,303,0.808953209
failed-only-recovery-13,0,frozen,124,True,qualified,-1,False,8.838363694170646e-09,-83.16294915856028,0,2,2.307671957659254,0.5623060054948447,2,2.1672218874720066,0.5925125840788126,9.218405727487231e-13,0.8408389671429426,0,31020.32578393398,183,180,0.445550542
failed-only-recovery-13,0,frozen,125,True,qualified,-1,False,8.838363694170646e-09,-83.17800317272238,0,2,2.3969303979400314,0.5445216564763684,2,3.72720067386414,0.3664697412299247,9.218405727487231e-13,0.8409139299441383,0,31023.577085150806,183,180,0.48412325
failed-only-recovery-13,0,frozen,126,True,qualified,-1,False,8.838363694170646e-09,-84.36904037360269,0,2,2.42476520309706,0.5391839960535405,2,2.0059486502696426,0.6309537572544092,7.205326640704374e-55,0.8407037039768275,0,31015.661709781987,183,180,0.463458166
failed-only-recovery-13,0,frozen,127,True,qualified,-1,False,8.698920459433844e-09,-85.67210033590837,0,2,2.958554649707311,0.45284009216919724,2,4.649390809204707,0.2973713222925647,9.218405727487231e-13,0.8405494480045761,0,31007.13428375209,218,215,0.652431708
failed-only-recovery-13,0,frozen,128,True,qualified,-1,False,8.838363694170646e-09,-83.37273905999267,0,2,2.203472093537051,0.5844411951704808,2,1.7790733810432622,0.6929504357057389,9.218405727487231e-13,0.8409184477374279,0,31023.37027772388,183,180,0.573948125
failed-only-recovery-13,0,frozen,129,True,qualified,-1,False,8.838363694170646e-09,-83.29440990838533,0,2,2.256730447970029,0.5729350412875027,2,2.701186279411813,0.4909869678851802,9.218405727487231e-13,0.8404912011865094,0,31002.197684483126,183,180,0.496726417
failed-only-recovery-13,0,frozen,130,True,qualified,-1,False,8.838363694170646e-09,-83.29712154430838,0,2,2.255718186720994,0.5731499259024013,2,1.9670482614770977,0.6408887884468532,9.218405727487231e-13,0.8408579346542707,0,31020.660088132543,183,180,0.535771625
failed-only-recovery-13,0,frozen,131,True,qualified,-1,False,9.057679661730454e-09,-83.2253590256199,0,2,2.3904637147944987,0.5457755606471101,2,1.2668544958444312,0.8762293106070067,9.218405727487231e-13,0.8407262584023946,0,31016.51758192987,203,200,0.589073666
failed-only-recovery-13,0,frozen,132,True,qualified,-1,False,8.838363694170646e-09,-83.14774440924649,0,2,2.5391240822354084,0.518226855122103,2,1.390090212757893,0.8258611484572197,9.218405727487231e-13,0.840980367508433,0,31028.352088949418,183,180,0.521309917
failed-only-recovery-13,0,frozen,133,True,qualified,-1,False,8.838363694170646e-09,-84.25491649667008,0,2,2.233941197761702,0.5778082059634846,2,1.662682857559029,0.7288875347627537,9.218405727487231e-13,0.8406955067136529,0,31019.07608886392,183,180,0.469622708
failed-only-recovery-13,0,frozen,134,True,qualified,-1,False,8.838363694170646e-09,-83.38708586308178,0,2,2.168276316159855,0.5922749943359504,2,2.0465890129878943,0.6208589906941365,9.218405727487231e-13,0.8408553330234273,0,31022.256807908514,183,180,0.468381834
failed-only-recovery-13,0,frozen,135,True,qualified,-1,False,8.838363694170646e-09,-83.13960939059845,0,2,2.248302223924398,0.5747286422752226,2,2.79039439778591,0.4771027961465129,9.218405727487231e-13,0.8408385187810294,0,31019.65952545602,183,180,0.538511167
failed-only-recovery-13,0,frozen,136,True,qualified,-1,False,8.838363694170646e-09,-83.39722154995296,0,2,2.4678832937679367,0.531102274267841,2,1.8875964172343889,0.6620469673465185,9.218405727487231e-13,0.840702666547157,0,31012.2768955326,183,180,0.496906458
failed-only-recovery-13,0,frozen,137,True,qualified,-1,False,8.838363694170646e-09,-83.36890327996103,0,2,2.337478931495635,0.5562509711105936,2,3.777497526879512,0.3619118192975545,9.218405727487231e-13,0.8408876799055154,0,31023.51399447719,183,180,0.506912083
failed-only-recovery-13,0,frozen,138,True,qualified,-1,False,8.838363694170646e-09,-83.18093998319404,0,2,2.610994959932924,0.505809237028416,2,2.1058401718027118,0.6066423017829587,9.218405727487231e-13,0.8408734629144988,0,31021.92758125814,183,180,0.462121917
failed-only-recovery-13,0,frozen,139,True,qualified,-1,False,8.838363694170646e-09,-83.35443152742704,0,2,2.551443349939274,0.5160585595008683,2,2.204568019757593,0.5842002486318876,9.218405727487231e-13,0.8409029879100026,0,31023.954752224276,183,180,0.470817
failed-only-recovery-13,0,frozen,140,True,qualified,-1,False,8.838363694170646e-09,-83.2147709317803,0,2,2.17350601736286,0.5910991216977802,2,1.6980075742716936,0.717659529902212,9.218405727487231e-13,0.8410900468809233,0,31031.40542965526,183,180,0.507068083
failed-only-recovery-13,0,frozen,141,True,qualified,-1,False,8.838363694170646e-09,-83.25541373682589,0,2,2.1516352133140826,0.596044618332098,2,1.323322568883052,0.8526195531179979,9.481444392507758e-20,0.8408621452773011,0,31019.357529078432,183,180,0.483131709
failed-only-recovery-13,0,frozen,142,True,qualified,-1,False,9.070684592196308e-09,-83.2256064330499,0,2,2.2215255078456964,0.5804946374995787,2,1.9585433238382186,0.6430973254509103,9.218405727487231e-13,0.8408142700105489,0,31019.88058229389,201,198,0.534427917
failed-only-recovery-13,0,frozen,143,True,qualified,-1,False,8.838363694170646e-09,-83.21088009895759,0,2,2.5319411765053608,0.5194988807027516,2,4.094980131145381,0.33549433188535827,9.218405727487231e-13,0.8402575864922651,0,30993.616466087944,183,180,0.484044709
failed-only-recovery-13,0,frozen,144,True,qualified,-1,False,8.838363694170646e-09,-83.55876578669533,0,2,2.257908361923058,0.5726851744827126,2,1.444589921071831,0.8049296689296002,9.218405727487231e-13,0.8407827532172996,0,31018.973831713312,183,180,0.454716834
failed-only-recovery-13,0,frozen,145,True,qualified,-1,True,8.838363694170646e-09,-83.37256886983853,0,2,2.485784061384198,0.5278120717769317,2,1.9761156780474536,0.6385486975321377,9.218405727487231e-13,0.8417654598400404,0,31060.62541137914,193,190,0.497185292
failed-only-recovery-13,0,frozen,146,True,qualified,-1,False,8.838363694170646e-09,-83.2118175184863,0,2,2.5561326650130463,0.5152375958661084,2,2.4142475579257594,0.5411895954502823,9.218405727487231e-13,0.8405548243973336,0,31007.69064964811,183,180,0.45715875
failed-only-recovery-13,0,frozen,147,True,qualified,-1,False,8.838363694170646e-09,-84.168156825287,0,2,2.677919926378766,0.49473269531977054,2,4.039953065449826,0.3398018580453862,3.2251607955948625e-18,0.8407803079686568,0,31019.97040837555,183,180,0.458404792
failed-only-recovery-13,0,frozen,148,True,qualified,-1,False,8.838363694170646e-09,-83.2108768048918,0,2,2.2188216067585054,0.5810826707433129,2,1.7459842932166845,0.7028619121728424,9.218405727487231e-13,0.84053801814699,0,31010.063265934343,183,180,0.48654975
failed-only-recovery-13,0,frozen,149,True,qualified,-1,False,8.838363694170646e-09,-83.19406270779606,0,2,2.1571469297199592,0.5947913435999868,2,1.8101851199693637,0.6838440015228431,9.218405727487231e-13,0.8407788302946395,0,31018.58890754376,183,180,0.467035541
failed-only-recovery-13,0,frozen,150,True,qualified,-1,False,8.838363694170646e-09,-83.85399966928347,0,2,2.3321016196632587,0.5573345562163318,2,3.469206917363741,0.39169936970803143,9.218405727487231e-13,0.8412984773493454,0,31046.159409789027,183,180,0.525872416
failed-only-recovery-13,0,frozen,151,True,qualified,-1,False,8.838363694170646e-09,-83.2193547459994,0,2,2.5197966711991384,0.5216627015898123,2,3.24619571815366,0.41634537633153235,9.218405727487231e-13,0.8409403730385154,0,31025.473506374932,183,180,0.565472708
failed-only-recovery-13,0,frozen,152,True,qualified,-1,False,8.838363694170646e-09,-83.27916069814043,0,2,2.2659886072995965,0.5709764267283084,2,2.947068187819643,0.45442315926076865,9.218405727487231e-13,0.8412830640943042,0,31042.4593807156,183,180,0.483892625
failed-only-recovery-13,0,frozen,153,True,qualified,-1,False,8.838363694170646e-09,-83.14680774475704,0,2,2.4001453079683617,0.5439002340280292,2,2.9410448085065615,0.4552574789516213,9.218405727487231e-13,0.8407190822567197,0,31014.21504503736,183,180,0.647985375
failed-only-recovery-13,0,frozen,154,True,qualified,-1,False,9.60048512897118e-09,-83.14462622811995,0,2,2.6776567125230564,0.4947753751838492,2,2.986631311746577,0.449014011142327,9.218405727487231e-13,0.840814624551758,0,31020.012182733255,267,264,0.671175916
failed-only-recovery-13,0,frozen,155,True,qualified,-1,False,8.838363694170646e-09,-83.12558120924125,0,2,2.641613356357572,0.5006851204616204,2,2.5393324427298927,0.5181900421744108,9.218405727487231e-13,0.8409305686748803,0,31024.88784491287,183,180,0.492732459
failed-only-recovery-13,0,frozen,156,True,qualified,-1,False,8.838363694170646e-09,-83.67094914837209,0,2,2.2760131189719774,0.5688692751781337,2,2.6225956935486745,0.5038564057948685,9.218405727487231e-13,0.8417141255329539,0,31067.57223695629,183,180,0.501372125
failed-only-recovery-13,0,frozen,157,True,qualified,-1,False,8.838363694170646e-09,-83.40314104742778,0,2,2.304376479357678,0.562982795620981,2,2.318997714991348,0.5599912465499051,9.218405727487231e-13,0.8402481034305275,0,30991.037856682866,183,180,0.487939709
failed-only-recovery-13,0,frozen,158,True,qualified,-1,False,8.838363694170646e-09,-83.59302064212541,0,2,2.271425287452915,0.5698318909727884,2,2.343646227613457,0.5550129000199426,9.218405727487231e-13,0.8402541124675725,0,30991.43871193862,183,180,0.4863655
failed-only-recovery-13,0,frozen,159,True,qualified,-1,False,8.838363694170646e-09,-83.41572097775065,0,2,2.418072863321486,0.5404585750078464,2,3.8573254826985846,0.35489834338727766,9.218405727487231e-13,0.8405478172582252,0,31004.078972882224,183,180,0.473733959
failed-only-recovery-13,0,frozen,160,True,qualified,-1,False,8.838363694170646e-09,-83.19788681192833,0,2,2.219066875209096,0.5810292866339336,2,1.558186047023359,0.7638325367562661,9.218405727487231e-13,0.8407894343666755,0,31015.876239161054,183,180,0.50326425
failed-only-recovery-13,0,frozen,161,True,qualified,-1,False,8.838363694170646e-09,-83.16592230494436,0,2,2.1896387713691015,0.5874979311497845,2,2.379690248909438,0.5478762988897808,9.218405727487231e-13,0.8408106532456585,0,31018.713277381135,183,180,0.45922475
failed-only-recovery-13,0,frozen,162,True,qualified,-1,False,8.838363694170646e-09,-83.13200713224322,0,2,2.3879312510315476,0.5462680479897634,2,2.210973731843227,0.5827954697771476,9.218405727487231e-13,0.8409783081655428,0,31028.190887679266,183,180,0.461753916
failed-only-recovery-13,0,frozen,163,True,qualified,-1,False,8.838363694170646e-09,-83.16308359400094,0,2,2.4751269873936788,0.5297663401700309,2,3.494581498577891,0.3890711908388558,9.218405727487231e-13,0.8405079548410933,0,31007.20330209098,183,180,0.463731083
failed-only-recovery-13,0,frozen,164,True,qualified,-1,False,8.838363694170646e-09,-83.1428022717503,0,2,2.3288828873024823,0.5579850006546277,2,2.1571923656921546,0.5947810317460157,9.218405727487231e-13,0.8408529790914699,0,31020.93960723662,183,180,0.455716667
failed-only-recovery-13,0,frozen,165,True,qualified,-1,False,8.838363694170646e-09,-83.13478862607879,0,2,2.4030317779005856,0.5433433996366172,2,1.828999296306773,0.6784349177172532,9.218405727487231e-13,0.8408143313096265,0,31018.94940939962,183,180,0.459827459
failed-only-recovery-13,0,frozen,166,True,qualified,-1,False,8.838363694170646e-09,-83.14981468018975,0,2,2.3110440672680483,0.561615002381657,2,2.4565840622233117,0.533198548116358,9.218405727487231e-13,0.8407338472998397,0,31014.71525780607,183,180,0.434860333
failed-only-recovery-13,0,frozen,167,True,qualified,-1,False,8.838363694170646e-09,-83.12820402967107,0,2,2.5569061634443235,0.5151024103312146,2,3.315547022381541,0.408369933779262,9.218405727487231e-13,0.8408579241672197,0,31020.859480339743,183,180,0.438756459
failed-only-recovery-14,0,joint,,False,budget-exhausted,-1,False,2.2624006202958832e-07,-322.1637609494174,0,336,18.908432686811917,0.1248565143320021,336,123.26680780990888,0.021969855418982304,0.0,0.8229762772126915,58,30280.405477948,4001,4000,3551.305497791
failed-only-recovery-14,0,frozen,0,False,reference-unverified,-1,False,9.986823606805917e-09,-83.08747729840849,0,2,2.558965976779785,0.5147427328580907,2,1.2210655411967364,0.896041330032507,1.0717571008057648e-12,0.840880186999671,0,31022.331222047418,257,254,0.440694375
failed-only-recovery-14,0,frozen,1,True,qualified,-1,False,9.898222866818039e-09,-83.20742535420642,0,2,2.277082054630359,0.5686454137233179,2,2.0222374687448035,0.6268733562180984,1.0717571008057648e-12,0.8406886911116492,0,31012.964810971494,189,186,0.34473125
failed-only-recovery-14,0,frozen,2,True,qualified,-1,False,9.898222866818039e-09,-83.08936310879217,0,2,2.3263374753393147,0.5585003565592905,2,1.2515815511368356,0.8827709930487397,1.0717571008057648e-12,0.8408604764514562,0,31020.617450814334,189,186,0.320977042
failed-only-recovery-14,0,frozen,3,True,qualified,-1,False,9.898222866818039e-09,-83.11223390645111,0,2,2.5137387168296605,0.5227482832560946,2,1.21128249238063,0.9003520448372089,1.0717571008057648e-12,0.8408843176496994,0,31022.404254247773,189,186,0.3295765
failed-only-recovery-14,0,frozen,4,True,qualified,-1,True,9.898222866818039e-09,-83.19788578818705,0,2,2.437949052121872,0.5366891170679868,2,1.2824385188817515,0.8696229933944395,1.0717571008057648e-12,0.8406724379421467,0,31010.97162411398,189,186,0.324301083
failed-only-recovery-14,0,frozen,5,True,qualified,-1,False,9.898222866818039e-09,-83.18692025709262,0,2,2.3930769692016125,0.5452682108157224,2,1.3826701793969127,0.8287736892851929,1.0717571008057648e-12,0.8407721576869546,0,31016.36183753825,189,186,0.324278208
failed-only-recovery-14,0,frozen,6,True,qualified,-1,False,7.819295086893128e-09,-83.22001482973599,0,2,2.712998007134867,0.4891055102203046,2,2.048652827856654,0.6203539352723827,1.0717571008057648e-12,0.8409311765396379,0,31024.57663598658,198,195,0.351581709
failed-only-recovery-14,0,frozen,7,True,qualified,-1,False,9.370622403499916e-09,-84.60882907524653,0,2,2.9699356297505903,0.4512817882812385,2,3.8187354102784794,0.358255679212328,1.0717571008057648e-12,0.8413331613619144,0,31045.93349606574,208,205,0.373352333
failed-only-recovery-14,0,frozen,8,True,qualified,-1,False,9.898222866818039e-09,-84.26685049673024,0,2,2.2191059369952226,0.5810207854217891,2,1.4264974191037691,0.8117890162199859,1.0717571008057648e-12,0.8403323590489508,0,30999.815686424015,194,191,0.338928375
failed-only-recovery-14,0,frozen,9,True,qualified,-1,False,9.898222866818039e-09,-83.16088852501187,0,2,2.2032201025475797,0.5844966222473735,2,1.7623333740773302,0.69793519941521,1.0717571008057648e-12,0.8409474188353304,0,31025.372349393965,189,186,0.337747166
failed-only-recovery-14,0,frozen,10,True,qualified,-1,False,9.898222866818039e-09,-83.09250962337866,0,2,2.2772665818576385,0.5686067852890289,2,3.5924174440728405,0.3792471008173463,1.0717571008057648e-12,0.8409070848558747,0,31024.26573355902,189,186,0.331703792
failed-only-recovery-14,0,frozen,11,True,qualified,-1,False,9.898222866818039e-09,-83.28203306972121,0,2,2.556085513419225,0.5152458387431866,2,2.2968783173791065,0.5645281989644877,1.0717571008057648e-12,0.8408412557340054,0,31019.628865862593,189,186,0.335777541
failed-only-recovery-14,0,frozen,12,True,qualified,-1,False,9.898222866818039e-09,-83.1530532022078,0,2,2.34637053474773,0.5544675952587702,2,2.359459445156334,0.5518612160907583,1.0717571008057648e-12,0.8408476811738296,0,31019.871170320963,189,186,0.328674875
failed-only-recovery-14,0,frozen,13,True,qualified,-1,False,9.898222866818039e-09,-83.08894355509821,0,2,2.298592152529558,0.5641742933813844,2,2.2078050319859654,0.5834896100397657,1.0717571008057648e-12,0.8408760230541399,0,31022.00646087517,189,186,0.334286584
failed-only-recovery-14,0,frozen,14,True,qualified,-1,False,9.898222866818039e-09,-83.39583525645946,0,2,2.3965530886108057,0.5445946730762943,2,2.026229894059104,0.6258802997247741,1.0717571008057648e-12,0.8412423296927927,0,31041.338793142655,189,186,0.331622416
failed-only-recovery-14,0,frozen,15,True,qualified,-1,False,9.898222866818039e-09,-83.33651502775955,0,2,2.397745309723726,0.5443640163804163,2,3.425491278940318,0.3963079067407245,1.0717571008057648e-12,0.8417954707120834,0,31066.71056290302,189,186,0.328718833
failed-only-recovery-14,0,frozen,16,True,qualified,-1,False,9.898222866818039e-09,-83.32586908753726,0,2,2.429990420659753,0.5381926535798534,2,2.788669971277649,0.47736421613336066,1.0717571008057648e-12,0.8413474041742014,0,31044.92438830296,189,186,0.327503
failed-only-recovery-14,0,frozen,17,True,qualified,-1,False,9.898222866818039e-09,-83.20884428793754,0,2,2.420072315708017,0.5400771955281888,2,2.3404140798681294,0.5556611212489725,1.0717571008057648e-12,0.8408335720926148,0,31020.107655949054,189,186,0.327204875
failed-only-recovery-14,0,frozen,18,True,qualified,-1,False,9.898222866818039e-09,-83.14078995314101,0,2,2.4550578150782387,0.5334828669987502,2,2.3867821168398486,0.5464917872561083,1.0717571008057648e-12,0.840596180679438,0,31010.396153408747,189,186,0.33226025
failed-only-recovery-14,0,frozen,19,True,qualified,-1,False,9.898222866818039e-09,-83.20792469472043,0,2,2.2665710507017796,0.5708536116576575,2,2.3263250331007623,0.5585028777946448,1.0717571008057648e-12,0.8407310588247111,0,31016.125940629358,189,186,0.324162667
failed-only-recovery-14,0,frozen,20,True,qualified,-1,False,9.898222866818039e-09,-83.18876705424975,0,2,2.228843446606804,0.5789085154029217,2,1.4675279883401238,0.7963592896030045,1.0717571008057648e-12,0.841160982821624,0,31038.908885119014,189,186,0.333554458
failed-only-recovery-14,0,frozen,21,True,qualified,-1,False,9.898222866818039e-09,-83.224720475429,0,2,2.2847901487829865,0.5670358514389544,2,1.5130231196702006,0.779771368748486,1.0717571008057648e-12,0.8406100039482484,0,31007.458789109416,189,186,0.330703708
failed-only-recovery-14,0,frozen,22,True,qualified,-1,False,9.898222866818039e-09,-83.08612703800365,0,2,2.5286525956033983,0.5200831809705114,2,1.4870601607500586,0.7891713635788494,1.0717571008057648e-12,0.8409781802823636,0,31026.829156728978,189,186,0.32565275
failed-only-recovery-14,0,frozen,23,True,qualified,-1,False,9.898222866818039e-09,-83.42322275902032,0,2,2.2700233441032815,0.5701266329452883,2,1.954889164020358,0.6440502971555908,1.0717571008057648e-12,0.8412243181805411,0,31039.559903222696,189,186,0.326424667
failed-only-recovery-14,0,frozen,24,True,qualified,-1,False,9.898222866818039e-09,-83.13278555792424,0,2,2.439176318888888,0.5364579475320637,2,3.7336911170003257,0.3658753643738998,1.0717571008057648e-12,0.840817535117773,0,31018.373974554062,189,186,0.329783917
failed-only-recovery-14,0,frozen,25,True,qualified,-1,False,8.812940560482207e-09,-83.29632944121339,0,2,2.3814553335297,0.5475311122708086,2,1.8425077334140827,0.6745959399015098,1.0717571008057648e-12,0.8410190360007824,0,31028.039595686394,273,270,0.473049875
failed-only-recovery-14,0,frozen,26,True,qualified,-1,False,9.898222866818039e-09,-83.5763873777664,0,2,2.343169317597113,0.5551084599224271,2,2.407859834587966,0.5424143346058843,1.0717571008057648e-12,0.8412555940686505,0,31039.96362310138,189,186,0.327603084
failed-only-recovery-14,0,frozen,27,True,qualified,-1,False,9.898222866818039e-09,-84.95054979463093,0,2,2.3888150134778656,0.5460960909267424,2,4.376745946482343,0.31500238760367166,1.0717571008057648e-12,0.8406313951869941,0,31009.143440170887,189,186,0.336400084
failed-only-recovery-14,0,frozen,28,True,qualified,-1,False,9.898222866818039e-09,-83.90338080321578,0,2,2.5158756917435765,0.5223648639706636,2,2.2994708985430137,0.5639929887946354,1.0717571008057648e-12,0.8410010163523397,0,31027.05335249484,189,186,0.32890325
failed-only-recovery-14,0,frozen,29,True,qualified,-1,False,9.898222866818039e-09,-83.9719500163074,0,2,2.5525338535925153,0.5158674283424309,2,2.5292268683043853,0.5199810594777329,1.0717571008057648e-12,0.840912836873285,0,31021.542239636914,189,186,0.332754417
failed-only-recovery-14,0,frozen,30,True,qualified,-1,False,9.898222866818039e-09,-83.16413389691961,0,2,2.2529960897331143,0.5737284990300157,2,1.4357520996732747,0.8082693069222957,1.0717571008057648e-12,0.8407405327876952,0,31015.7947625267,189,186,0.333059667
failed-only-recovery-14,0,frozen,31,True,qualified,-1,False,9.898222866818039e-09,-84.43038425250222,0,2,2.2083120758082675,0.583378436525783,2,1.2043232547576677,0.9034351697235915,3.850709232652834e-13,0.8410369353695487,0,31033.06056258817,189,186,0.332434875
failed-only-recovery-14,0,frozen,32,True,qualified,-1,False,9.898222866818039e-09,-83.16472517946147,0,2,2.296304643243257,0.5646467520150446,2,1.1995587369545813,0.9055539640564633,1.0717571008057648e-12,0.8408630412726882,0,31021.64536211756,189,186,0.328617709
failed-only-recovery-14,0,frozen,33,True,qualified,-1,False,9.898222866818039e-09,-83.09459463217385,0,2,2.4312174526244648,0.5379603413324494,2,1.2358342596883578,0.889585662544262,1.0717571008057648e-12,0.8407882181663756,0,31018.187835036355,189,186,0.322129417
failed-only-recovery-14,0,frozen,34,True,qualified,-1,False,9.898222866818039e-09,-83.53403954051984,0,2,2.2989014729107304,0.5641104617635481,2,1.9937107622610197,0.6340501059198239,1.0717571008057648e-12,0.8403982770117178,0,31001.47160833889,189,186,0.330238958
failed-only-recovery-14,0,frozen,35,True,qualified,-1,False,9.898222866818039e-09,-83.94197976071582,0,2,2.257055827574427,0.5728659999851906,2,1.728568816252731,0.7081742597047166,1.0717571008057648e-12,0.8412059454500015,0,31037.996455077096,189,186,0.3228965
failed-only-recovery-14,0,frozen,36,True,qualified,-1,False,9.898222866818039e-09,-85.00051865994305,0,2,2.3658453854174346,0.5505976709249935,2,3.0528369787473943,0.4402294284949977,1.0717571008057648e-12,0.8407206024425141,0,31014.553781399958,189,186,0.332927541
failed-only-recovery-14,0,frozen,37,True,qualified,-1,False,9.898222866818039e-09,-83.83751682755793,0,2,2.3542083901479818,0.552904169639861,2,1.5982742359175797,0.7501134069813835,1.0717571008057648e-12,0.8411895998423228,0,31037.246966173534,189,186,0.321164958
failed-only-recovery-14,0,frozen,38,True,qualified,-1,False,9.898222866818039e-09,-84.41559834741695,0,2,2.4559271694003946,0.5333208841517301,2,3.8819816239645193,0.3527849213009284,1.0717571008057648e-12,0.8408288239694784,0,31020.661249400982,189,186,0.33639725
failed-only-recovery-14,0,frozen,39,True,qualified,-1,False,9.898222866818039e-09,-83.4321008132479,0,2,2.4598962892975766,0.5325824809001262,2,2.1796316414419614,0.5897271044778696,1.0717571008057648e-12,0.8408038558791489,0,31018.055428392432,189,186,0.32458675
failed-only-recovery-14,0,frozen,40,True,qualified,-1,False,9.898222866818039e-09,-83.1946083711293,0,2,2.2800639843451243,0.5680217649550535,2,1.7926555727083415,0.6889498716237297,1.0717571008057648e-12,0.8409319681575127,0,31025.803741540487,189,186,0.335078208
failed-only-recovery-14,0,frozen,41,True,qualified,-1,False,9.898222866818039e-09,-83.25914434665981,0,2,2.1990989422726046,0.5854044384323117,2,2.1748960919986495,0.5907872722516929,1.0717571008057648e-12,0.8408063354920954,0,31018.89898908244,189,186,0.333850166
failed-only-recovery-14,0,frozen,42,True,qualified,-1,False,9.898222866818039e-09,-83.2215043859098,0,2,2.279259304016329,0.56818993612581,2,1.819157292899673,0.6812553993814527,1.1060600205773214e-12,0.8408433564305033,0,31018.987647879912,189,186,0.340943333
failed-only-recovery-14,0,frozen,43,True,qualified,-1,False,9.898222866818039e-09,-83.09515074614374,0,2,2.374084663261636,0.5489751838684559,2,2.1710608754217735,0.5916483798553667,1.0704239532201833e-12,0.8407290152029041,0,31015.455461784844,189,186,0.322438666
failed-only-recovery-14,0,frozen,44,True,qualified,-1,False,9.898222866818039e-09,-83.28983183226266,0,2,2.3268501473545697,0.5583964891299302,2,3.3137708299868014,0.4085705564847878,1.0717571008057648e-12,0.8408540904544151,0,31020.888296455654,189,186,0.329013
failed-only-recovery-14,0,frozen,45,True,qualified,-1,False,9.898222866818039e-09,-83.22531459181938,0,2,2.424423208458675,0.5392489967293869,2,2.2919509328358383,0.5655479420915078,1.0717571008057648e-12,0.8406855790578194,0,31011.609303830992,189,186,0.324235542
failed-only-recovery-14,0,frozen,46,True,qualified,-1,False,9.898222866818039e-09,-83.22450907917917,0,2,2.535812204500995,0.5188126431992645,2,1.8338334762661936,0.6770568211400301,1.0717571008057648e-12,0.8407625396260854,0,31015.684109915375,189,186,0.330813875
failed-only-recovery-14,0,frozen,47,True,qualified,-1,False,9.898222866818039e-09,-83.18788645256342,0,2,2.5761447704272156,0.511761013353622,2,3.317061776591893,0.40819898930089726,1.0717571008057648e-12,0.8408317045841474,0,31019.263864449716,189,186,0.323868167
failed-only-recovery-14,0,frozen,48,True,qualified,-1,False,9.898222866818039e-09,-83.0873056125324,0,2,2.2033797353903446,0.5844615088580893,2,1.2180069554180244,0.8973860948155667,8.568683519154261e-13,0.840864924849476,0,31021.67852223331,189,186,0.324966875
failed-only-recovery-14,0,frozen,49,True,qualified,-1,False,9.898222866818039e-09,-83.10208289242892,0,2,2.1996124353598576,0.5852911874262919,2,1.8073863144665028,0.6846549120200496,3.4901812993076237e-11,0.8413380780313717,0,31042.193987215913,189,186,0.328451292
failed-only-recovery-14,0,frozen,50,True,qualified,-1,False,9.898222866818039e-09,-83.27878042387127,0,2,2.2471566092155544,0.5749732207845808,2,2.4959549923850575,0.5259592733468638,1.7913194725339068e-17,0.841772712599115,0,31064.12135977636,189,186,0.319844333
failed-only-recovery-14,0,frozen,51,True,qualified,-1,False,9.898222866818039e-09,-83.0846674221779,0,2,2.4546270238636234,0.5335631678110362,2,2.215668460524,0.5817697571070317,5.521793942929637e-13,0.8408120924162362,0,31018.791634259982,189,186,0.331698167
failed-only-recovery-14,0,frozen,52,True,qualified,-1,False,9.898222866818039e-09,-83.61486583221154,0,2,2.302692821418355,0.5633291371764886,2,2.887770340408862,0.4627641978873734,5.548089500548629e-18,0.8414798683335878,0,31053.539531259426,189,186,0.323250875
failed-only-recovery-14,0,frozen,53,True,qualified,-1,False,9.898222866818039e-09,-83.19769872311538,0,2,2.3937607260404734,0.5451356050272462,2,2.3882759185927327,0.5462009729440307,1.6403694639759554e-14,0.8410237364747208,0,31028.84789819029,189,186,0.34146075
failed-only-recovery-14,0,frozen,54,True,qualified,-1,False,9.898222866818039e-09,-84.13880225336919,0,2,2.4622139283287074,0.5321521810567453,2,3.862434895059762,0.3544583779846704,1.8454601791856755e-11,0.8412885166930506,0,31043.6833451727,189,186,0.319650417
failed-only-recovery-14,0,frozen,55,True,qualified,-1,False,9.898222866818039e-09,-83.15235021960909,0,2,2.5588907028116425,0.5147558687702413,2,2.19960972967481,0.5852917840627179,2.7653530554758297e-13,0.8410464637076707,0,31030.44189283104,189,186,0.338924709
failed-only-recovery-14,0,frozen,56,True,qualified,-1,False,9.898222866818039e-09,-83.09116064691243,0,2,2.603296969831171,0.507112852180533,2,2.555966914666852,0.5152665728399691,1.265822857221029e-12,0.8409089791751408,0,31023.448198579845,189,186,0.32825125
failed-only-recovery-14,0,frozen,57,True,qualified,-1,False,9.898222866818039e-09,-83.2037445787933,0,2,2.1816731110835073,0.5892711214194681,2,1.6779163860948585,0.7240103367819647,4.611838568025553e-12,0.8410433095144658,0,31027.910997969062,189,186,0.328888459
failed-only-recovery-14,0,frozen,58,True,qualified,-1,False,9.898222866818039e-09,-83.18561519251723,0,2,2.150989260298514,0.5961918060390805,2,1.7492738369702905,0.7018659539989616,1.0717571008057648e-12,0.8406760973168645,0,31012.590161280114,189,186,0.324007958
failed-only-recovery-14,0,frozen,59,True,qualified,-1,False,9.898222866818039e-09,-83.77393554345146,0,2,2.3278110666539593,0.5582019011631428,2,4.098678676850485,0.335208606152143,7.797365278521437e-13,0.8404811801096824,0,31004.828350102896,189,186,0.332584041
failed-only-recovery-14,0,frozen,60,True,qualified,-1,False,9.898222866818039e-09,-83.32431429013711,0,2,2.3563833052018124,0.5524717577199382,2,3.4521038469900427,0.3934901047971398,1.0717571008057648e-12,0.8405404262696508,0,31006.733731397293,189,186,0.322676042
failed-only-recovery-14,0,frozen,61,True,qualified,-1,False,9.898222866818039e-09,-83.10551600085961,0,2,2.3688184227376508,0.5500112110243793,2,1.701081354804228,0.7166960215840324,1.0717571008057648e-12,0.8407402737156571,0,31016.159315558856,189,186,0.328507834
failed-only-recovery-14,0,frozen,62,True,qualified,-1,False,9.898222866818039e-09,-83.08074433297602,0,2,2.4531933110230115,0.533830576033296,2,2.1430392022598603,0.5980086386430682,1.0717571008057648e-12,0.8408624765920613,0,31021.27205639396,189,186,0.327836042
failed-only-recovery-14,0,frozen,63,True,qualified,-1,False,9.898222866818039e-09,-83.13735845172367,0,2,2.4448169156026767,0.535397819489513,2,3.5682244049012537,0.38163178277043264,1.0717571008057648e-12,0.840914787239156,0,31024.266846920927,189,186,0.319152542
failed-only-recovery-14,0,frozen,64,True,qualified,-1,False,9.898222866818039e-09,-83.08828347829598,0,2,2.5646363606517846,0.5137549827393917,2,3.540666164484872,0.38438350401273674,1.0717571008057648e-12,0.840845417023283,0,31020.23059956035,189,186,0.327881875
failed-only-recovery-14,0,frozen,65,True,qualified,-1,False,9.898222866818039e-09,-83.08209303105785,0,2,2.7486881678689965,0.4835013769890289,2,2.283126408458681,0.5673825670949828,1.0717571008057648e-12,0.8408804594804975,0,31022.401144192012,189,186,0.324265208
failed-only-recovery-14,0,frozen,66,True,qualified,-1,False,9.898222866818039e-09,-83.42553550966761,0,2,2.205625808175815,0.583967855919685,2,1.9434441675919674,0.6470509855627118,1.0717571008057648e-12,0.8409781796026881,0,31028.13344349999,189,186,0.333941792
failed-only-recovery-14,0,frozen,67,True,qualified,-1,True,9.898222866818039e-09,-83.12862836887918,0,2,2.185654901088033,0.5883835617046067,2,1.5483839219019842,0.7672479332750155,1.0717571008057648e-12,0.8418681168467743,0,31070.254998398173,300,297,0.530884167
failed-only-recovery-14,0,frozen,68,True,qualified,-1,False,9.898222866818039e-09,-83.10471913011607,0,2,2.248510565281415,0.5746841834039008,2,1.5951394926246611,0.7511719206738967,1.0717571008057648e-12,0.8407778679902737,0,31016.4705496869,189,186,0.342636833
failed-only-recovery-14,0,frozen,69,True,qualified,-1,False,9.898222866818039e-09,-83.15266379217931,0,2,2.4515968062155498,0.5341286366613646,2,1.556786315314898,0.7643187737604896,1.0717571008057648e-12,0.8407506187462392,0,31015.08252382303,189,186,0.329407208
failed-only-recovery-14,0,frozen,70,True,qualified,-1,False,9.898222866818039e-09,-83.08528483781085,0,2,2.375700259047861,0.5486580604152544,2,2.2649108516554524,0.5712038100687057,1.0717571008057648e-12,0.8408958762841662,0,31023.361419468743,189,186,0.337693625
failed-only-recovery-14,0,frozen,71,True,qualified,-1,False,9.898222866818039e-09,-83.08094038291298,0,2,2.741636648342786,0.48459909541109086,2,2.879792285746655,0.46390843766076206,1.0717571008057648e-12,0.840843200315718,0,31020.178739761137,189,186,0.363964834
failed-only-recovery-14,0,frozen,72,True,qualified,-1,False,9.898222866818039e-09,-83.0971610166913,0,2,2.1785500487713994,0.5899689451983463,2,1.353208872346518,0.8404883495430981,1.0717571008057648e-12,0.8409928253732241,0,31029.33154358332,189,186,0.378594167
failed-only-recovery-14,0,frozen,73,True,qualified,-1,False,9.898222866818039e-09,-83.20517061855438,0,2,2.1472844709182275,0.5970372379296824,2,1.4276820636637042,0.8113371850748914,1.0717571008057648e-12,0.8408056710438973,0,31018.217032806453,189,186,0.325619542
failed-only-recovery-14,0,frozen,74,True,qualified,-1,False,9.898222866818039e-09,-83.30433381747002,0,2,2.304191078756362,0.5630209150671743,2,1.7990618101126088,0.6870764573345811,1.0717571008057648e-12,0.8407658343680618,0,31017.535511043323,189,186,0.329602291
failed-only-recovery-14,0,frozen,75,True,qualified,-1,False,9.898222866818039e-09,-83.16868613105378,0,2,2.437022633980838,0.5368637392627638,2,1.5143756629521812,0.7792864629060189,1.0717571008057648e-12,0.8406553440242165,0,31010.877288584266,189,186,0.337156167
failed-only-recovery-14,0,frozen,76,True,qualified,-1,False,9.898222866818039e-09,-83.08393319501351,0,2,2.3275105672724345,0.5582627396232184,2,1.8713951105865387,0.6665097102670627,1.0717571008057648e-12,0.8407839600876074,0,31017.77089048955,189,186,0.332363875
failed-only-recovery-14,0,frozen,77,True,qualified,-1,False,9.898222866818039e-09,-83.10107144775179,0,2,2.4929791319843777,0.5265001349865176,2,1.4184460556199705,0.8148699296774081,1.0717571008057648e-12,0.8409073028836268,0,31024.058771434935,189,186,0.336904208
failed-only-recovery-14,0,frozen,78,True,qualified,-1,False,9.898222866818039e-09,-83.62804512053202,0,2,2.546201558088414,0.5169791090230577,2,3.8545318891811564,0.3551393429892439,1.0717571008057648e-12,0.8411254665558063,0,31036.54229232619,189,186,0.326098917
failed-only-recovery-14,0,frozen,79,True,qualified,-1,False,9.898222866818039e-09,-83.24754797253985,0,2,2.236533370663473,0.5772501481534793,2,1.87813459732255,0.6646470248079058,1.0717571008057648e-12,0.8412365776528148,0,31043.254410107533,189,186,0.327005875
failed-only-recovery-14,0,frozen,80,True,qualified,-1,False,9.898222866818039e-09,-83.08238881241911,0,2,2.2119446673592384,0.5825830718087338,2,2.003412316013886,0.631593306768006,1.0717571008057648e-12,0.8408345777039267,0,31019.883689580372,189,186,0.325916417
failed-only-recovery-14,0,frozen,81,True,qualified,-1,False,9.898222866818039e-09,-83.43893145099335,0,2,2.2528673689800796,0.5737558842964946,2,3.63598182784513,0.37502450239376955,1.0717571008057648e-12,0.8403344887515182,0,30991.55993024851,189,186,0.325793625
failed-only-recovery-14,0,frozen,82,True,qualified,-1,False,9.898222866818039e-09,-83.09802744937593,0,2,2.4367100801319794,0.5369226765706956,2,2.3307219821394667,0.5576131859684745,1.0717571008057648e-12,0.8407483761506024,0,31014.51333491838,189,186,0.325853167
failed-only-recovery-14,0,frozen,83,True,qualified,-1,False,9.898222866818039e-09,-84.54130176462436,0,2,2.3066568938397434,0.5625143112834574,2,3.732389464014691,0.3659944170981484,1.0717571008057648e-12,0.8408391661543921,0,31024.523046568786,189,186,0.327562875
failed-only-recovery-14,0,frozen,84,True,qualified,-1,False,9.898222866818039e-09,-83.09248877835785,0,2,2.2520795276650065,0.573923548452641,2,2.184710295475502,0.5885939021002221,1.0717571008057648e-12,0.8410692536131442,0,31032.668400008806,189,186,0.328382458
failed-only-recovery-14,0,frozen,85,True,qualified,-1,False,9.898222866818039e-09,-83.1331031346503,0,2,2.3806155052111198,0.5476953027980999,2,2.153829971945991,0.5955450017421785,1.0717571008057648e-12,0.8408877976832727,0,31022.694087283075,189,186,0.334363709
failed-only-recovery-14,0,frozen,86,True,qualified,-1,False,9.898222866818039e-09,-83.11414097957365,0,2,2.4166210714556793,0.5407358014450833,2,2.706248131901227,0.49017903060659185,1.0717571008057648e-12,0.8411354072967098,0,31035.91578253535,189,186,0.324452875
failed-only-recovery-14,0,frozen,87,True,qualified,-1,False,8.7313019037083e-09,-83.12292101762321,0,2,2.3898277106086274,0.5458991679495906,2,1.9324067052094682,0.6499678806145954,1.0446343097427603e-80,0.8406902927308608,0,31013.61280539407,189,186,0.334033541
failed-only-recovery-14,0,frozen,88,True,qualified,-1,False,9.898222866818039e-09,-83.14341136932391,0,2,2.332076778864013,0.5573395707956148,2,2.206509769147893,0.5837737797406736,1.0717571008057648e-12,0.8407830618602212,0,31016.141712561905,189,186,0.332353125
failed-only-recovery-14,0,frozen,89,True,qualified,-1,False,9.898222866818039e-09,-83.14499485240881,0,2,2.4003685439113047,0.5438571319739651,2,3.6875290214718346,0.3701436026820094,2.4482594381018076e-14,0.840729817728135,0,31014.133524349018,189,186,0.326819209
failed-only-recovery-14,0,frozen,90,True,qualified,-1,False,9.898222866818039e-09,-83.10509051677587,0,2,2.6764919995022525,0.49496431448697875,2,2.325489830190751,0.5586721665452997,1.0717571008057648e-12,0.8407263141324589,0,31013.65495912052,189,186,0.326891042
failed-only-recovery-14,0,frozen,91,True,qualified,-1,False,9.898222866818039e-09,-83.32688484923744,0,2,2.2114866765083834,0.5826832427338748,2,2.1133954889224897,0.6048708917925837,1.0717571008057648e-12,0.8408527510583701,0,31020.28750369025,189,186,0.326789542
failed-only-recovery-14,0,frozen,92,True,qualified,-1,False,7.999821514033521e-09,-83.148325653296,0,2,2.1544521147519355,0.595403512576677,2,1.7142486646880928,0.7125927286613458,1.0717571008057648e-12,0.8404696445729325,0,31003.873457274512,187,184,0.334882334
failed-only-recovery-14,0,frozen,93,True,qualified,-1,False,9.267624703649104e-09,-83.11497699354322,0,2,2.2879508908830357,0.5663782220691249,2,2.218103909894611,0.5812389322911504,1.0717571008057648e-12,0.8405863691178079,0,31009.231542161408,383,380,0.65394375
failed-only-recovery-14,0,frozen,94,True,qualified,-1,False,9.898222866818039e-09,-83.92832638332459,0,2,2.412491472669372,0.5415257912466402,2,3.9448118450072256,0.34750786036062703,1.0717571008057648e-12,0.8406912557503998,0,31010.428126564468,189,186,0.325642875
failed-only-recovery-14,0,frozen,95,True,qualified,-1,False,9.36737498667086e-09,-83.22686714519686,0,2,2.3320647404432067,0.5573420010051754,2,2.939448483715459,0.4554790756536768,1.0717571008057648e-12,0.8415689666269544,0,31049.559592845857,181,178,0.337815542
failed-only-recovery-14,0,frozen,96,True,qualified,-1,False,9.426141825892707e-09,-83.09913264451778,0,2,2.2600550721750112,0.572230305515589,2,2.0804530123865157,0.6126624811374866,1.0717571008057648e-12,0.8413077752416707,0,31038.21158936313,302,299,0.5202915
failed-only-recovery-14,0,frozen,97,True,qualified,-1,False,9.041190477317294e-09,-83.08170059063852,0,2,2.334278908564265,0.5568953479283429,2,2.1178832111195622,0.6038230493125564,1.0717571008057648e-12,0.8408547917134058,0,31021.06027555097,181,178,0.315402083
failed-only-recovery-14,0,frozen,98,True,qualified,-1,False,9.36737498667086e-09,-83.21177439049062,0,2,2.1743639680683797,0.590906614206075,2,1.8559194320554748,0.6708209597204909,1.0717571008057648e-12,0.8418840132200839,0,31066.174668719003,181,178,0.308532333
failed-only-recovery-14,0,frozen,99,True,qualified,-1,False,9.36737498667086e-09,-83.09074555037778,0,2,2.353908099695426,0.5529639211277271,2,2.27192259798075,0.5697274034476797,1.0717571008057648e-12,0.8409001245642297,0,31023.266082447524,181,178,0.318381833
failed-only-recovery-14,0,frozen,100,True,qualified,-1,False,8.171156265028436e-09,-83.13255861753659,0,2,2.188778414586595,0.5876889897420137,2,1.7550204244697072,0.7001317459905279,1.0717571008057648e-12,0.8407186616533467,0,31012.103944323255,195,192,0.334040083
failed-only-recovery-14,0,frozen,101,True,qualified,-1,False,9.36737498667086e-09,-84.35242840761667,0,2,2.354712991691701,0.5528037909927409,2,3.1067268742072245,0.43331575236244685,1.0717571008057648e-12,0.8418072804087673,0,31069.44830788759,181,178,0.351949625
failed-only-recovery-14,0,frozen,102,True,qualified,-1,False,9.36737498667086e-09,-83.14026140597572,0,2,2.3824871604672877,0.5473295079338316,2,1.6638627461367015,0.7285078557287918,1.0717571008057648e-12,0.8407764691789363,0,31017.625211765568,181,178,0.3664385
failed-only-recovery-14,0,frozen,103,True,qualified,-1,False,9.857375569051606e-09,-83.5922315840769,0,2,2.4277626217787063,0.5386149093505259,2,3.7455868558421233,0.3647907978653754,1.0717571008057648e-12,0.8416956311212668,0,31062.400046661398,223,220,0.458598459
failed-only-recovery-14,0,frozen,104,True,qualified,-1,False,9.253708536023773e-09,-83.1806619184271,0,2,2.4029258238726245,0.5433638210165973,2,2.682089802331715,0.4940574668571241,1.0717571008057648e-12,0.8406840955552686,0,31012.851042996714,193,190,0.360686625
failed-only-recovery-14,0,frozen,105,True,qualified,-1,False,9.898222866818039e-09,-83.08944511465165,0,2,2.1829956321218074,0.5889760595612351,2,1.6775554134171742,0.7241252859020316,1.0717571008057648e-12,0.8408523787911526,0,31020.70976991432,189,186,0.353446
failed-only-recovery-14,0,frozen,106,True,qualified,-1,False,9.898222866818039e-09,-84.1715730104336,0,2,2.203476343360767,0.5844402604746354,2,3.5650539832563974,0.3819464247366831,1.0717571008057648e-12,0.8413708831943497,0,31046.988740250108,189,186,0.336019042
failed-only-recovery-14,0,frozen,107,True,qualified,-1,False,9.898222866818039e-09,-83.33868946989473,0,2,2.2884281181059642,0.5662790492265329,2,1.8792957517376556,0.6643270024149974,1.0717571008057648e-12,0.8408212182604154,0,31021.66461792585,189,186,0.325913625
failed-only-recovery-14,0,frozen,108,True,qualified,-1,False,9.898222866818039e-09,-83.12127720119186,0,2,2.481107988165042,0.528667925041342,2,1.5250909720089425,0.7754615034251954,1.0717571008057648e-12,0.8407696285043369,0,31016.946189807226,189,186,0.334817084
failed-only-recovery-14,0,frozen,109,True,qualified,-1,False,9.898222866818039e-09,-83.29257243392519,0,2,2.271727014513097,0.5697684924211436,2,2.3249374462050945,0.5587841814078727,1.0717571008057648e-12,0.8407362419805015,0,31016.43597279703,189,186,0.327267167
failed-only-recovery-14,0,frozen,110,True,qualified,-1,False,9.898222866818039e-09,-83.10544537929087,0,2,2.4309221716645895,0.5380162296883565,2,2.569837448972976,0.5128520565811975,1.0717571008057648e-12,0.8407077899505445,0,31014.69959373306,189,186,0.331019542
failed-only-recovery-14,0,frozen,111,True,qualified,-1,False,9.898222866818039e-09,-83.08779287507984,0,2,2.5995459226411133,0.5077503304880621,2,2.2123944809809366,0.5824847194867404,1.0717571008057648e-12,0.8408638868531867,0,31021.416731343543,189,186,0.323622458
failed-only-recovery-14,0,frozen,112,True,qualified,-1,False,9.898222866818039e-09,-83.13877044320336,0,2,2.5741210619329054,0.5121106074077587,2,3.4700811723526153,0.3916082525626977,1.0717571008057648e-12,0.8411492333068673,0,31036.647254542728,189,186,0.335035834
failed-only-recovery-14,0,frozen,113,True,qualified,-1,False,9.898222866818039e-09,-83.18635804088503,0,2,2.199737478565111,0.5852636150702356,2,1.340419585661339,0.8456490036074807,1.0717571008057648e-12,0.8406111376316262,0,31010.096887155214,189,186,0.31924675
failed-only-recovery-14,0,frozen,114,True,qualified,-1,False,9.898222866818039e-09,-83.09202515173274,0,2,2.186603519798424,0.5881724631113681,2,2.0793907101215376,0.6129166949985049,1.0717571008057648e-12,0.8407738616731446,0,31017.13401607401,189,186,0.33544525
failed-only-recovery-14,0,frozen,115,True,qualified,-1,False,9.898222866818039e-09,-83.44471724368033,0,2,2.3032867875118366,0.5632069096691849,2,3.039258062900153,0.4420045562815091,1.0717571008057648e-12,0.841611602664914,0,31057.557892331763,189,186,0.32204425
failed-only-recovery-14,0,frozen,116,True,qualified,-1,False,9.898222866818039e-09,-83.12646995021049,0,2,2.425802525660346,0.5389869266348196,2,2.8178408046970724,0.4729777703454772,1.0717571008057648e-12,0.8409021594321611,0,31022.373704212696,189,186,0.327648417
failed-only-recovery-14,0,frozen,117,True,qualified,-1,False,9.898222866818039e-09,-83.1064591044383,0,2,2.313000900279481,0.5612147191233849,2,1.7278790557944783,0.7083860390032105,1.0717571008057648e-12,0.8407613160282531,0,31016.172886847657,189,186,0.377684458
failed-only-recovery-14,0,frozen,118,True,qualified,-1,False,9.898222866818039e-09,-83.12046144604295,0,2,2.392004550770117,0.5454763111232631,2,3.103123418623582,0.4337716199026646,1.0717571008057648e-12,0.8407931601320071,0,31018.171051492824,189,186,0.342142167
failed-only-recovery-14,0,frozen,119,True,qualified,-1,False,9.898222866818039e-09,-83.0844314592703,0,2,2.43720663562014,0.536829048186516,2,2.411231410551097,0.5417672606767159,1.0717571008057648e-12,0.8409461296619255,0,31026.06467145771,189,186,0.325458583
failed-only-recovery-14,0,frozen,120,True,qualified,-1,False,9.898222866818039e-09,-83.09983296937789,0,2,2.6474320529711943,0.4997222168152379,2,2.3554308477836274,0.5526610474839513,1.0717571008057648e-12,0.8409759991312936,0,31028.281247148636,189,186,0.329021917
failed-only-recovery-14,0,frozen,121,True,qualified,-1,False,9.898222866818039e-09,-83.10944550816282,0,2,2.5673276331453065,0.5132874024280769,2,3.4702663917959593,0.39158895372273733,1.0717571008057648e-12,0.8409645960783133,0,31027.356413344623,189,186,0.333617958
failed-only-recovery-14,0,frozen,122,True,qualified,-1,False,9.898222866818039e-09,-83.18693555411699,0,2,2.228486794157253,0.5789856371080363,2,2.044029509164863,0.6214863575598975,1.0717571008057648e-12,0.8407159500286547,0,31014.922568391998,189,186,0.323554875
failed-only-recovery-14,0,frozen,123,True,qualified,-1,False,9.15436432213923e-09,-83.36680096516365,0,2,2.252670657659736,0.5737977390702931,2,2.2088958985874037,0.5832504756804818,1.0717571008057648e-12,0.8416157174539797,0,31057.305557811847,326,323,0.561137541
failed-only-recovery-14,0,frozen,124,True,qualified,-1,False,9.898222866818039e-09,-83.11795098807667,0,2,2.307676284205128,0.5623051179241914,2,2.1643704837877067,0.593155932021066,1.0717571008057648e-12,0.8408015418032493,0,31018.29263394139,189,186,0.33173075
failed-only-recovery-14,0,frozen,125,True,qualified,-1,False,9.898222866818039e-09,-83.13361023831447,0,2,2.3969292521363674,0.5445218781843187,2,3.7331712430556863,0.36592290450215054,1.0717571008057648e-12,0.8408749765695654,0,31021.47237687782,189,186,0.324894375
failed-only-recovery-14,0,frozen,126,True,qualified,-1,False,9.898222866818039e-09,-84.32609362259521,0,2,2.424766342666321,0.5391837794870589,2,2.0063321759486485,0.6308571480254516,1.0741271052721075e-54,0.8406697346268218,0,31013.748907837315,189,186,0.3302105
failed-only-recovery-14,0,frozen,127,True,qualified,-1,False,8.154439693404534e-09,-85.64359926809252,0,2,2.9585544937576373,0.45284011359162574,2,4.6484244855719,0.2974304063340722,1.0717571008057648e-12,0.840514203652613,0,31005.217197295762,206,203,0.368546958
failed-only-recovery-14,0,frozen,128,True,qualified,-1,False,9.898222866818039e-09,-83.33068585265507,0,2,2.2035187198793977,0.5844309404333512,2,1.7810490436805564,0.6923660835835194,1.0717571008057648e-12,0.8408869085707513,0,31021.629097443263,189,186,0.333835167
failed-only-recovery-14,0,frozen,129,True,qualified,-1,False,9.898222866818039e-09,-83.24576212537377,0,2,2.2567305104774964,0.5729350280227932,2,2.7028647836376294,0.4907187820450303,1.0717571008057648e-12,0.8404590173855216,0,31000.401036426876,189,186,0.360172
failed-only-recovery-14,0,frozen,130,True,qualified,-1,False,9.898222866818039e-09,-83.25190092248974,0,2,2.255720205622131,0.5731494971818261,2,1.9548984901898574,0.6440478618505063,1.0717571008057648e-12,0.8408333165436728,0,31019.36137506227,189,186,0.323431333
failed-only-recovery-14,0,frozen,131,True,qualified,-1,False,8.215150726223051e-09,-83.18193675768879,0,2,2.3904615342604902,0.5457759843462533,2,1.265813061372,0.8766732599688264,1.0717571008057648e-12,0.8406867856848287,0,31014.328835643286,201,198,0.363173041
failed-only-recovery-14,0,frozen,132,True,qualified,-1,False,9.898222866818039e-09,-83.10361872027406,0,2,2.539127806275853,0.5182261971195878,2,1.3911731710986572,0.8254373293084863,1.0717571008057648e-12,0.8409427256670298,0,31026.300467178768,189,186,0.336508084
failed-only-recovery-14,0,frozen,133,True,qualified,-1,False,9.898222866818039e-09,-84.20891846178226,0,2,2.233958988101959,0.5778043726483868,2,1.667297512228796,0.7274044179777371,1.0717571008057648e-12,0.840616160757105,0,31015.41432952533,189,186,0.345085375
failed-only-recovery-14,0,frozen,134,True,qualified,-1,False,9.898222866818039e-09,-83.34233359541157,0,2,2.16828607941086,0.5922727952214817,2,2.0470893527335026,0.6207364813838784,1.0717571008057648e-12,0.8408065904432445,0,31019.645474774585,189,186,0.324862042
failed-only-recovery-14,0,frozen,135,True,qualified,-1,False,9.898222866818039e-09,-83.09516799742774,0,2,2.2483039675522156,0.5747282701691531,2,2.7834923752811997,0.4781507434789137,1.0717571008057648e-12,0.8408048862527078,0,31017.827592235946,189,186,0.330189125
failed-only-recovery-14,0,frozen,136,True,qualified,-1,False,9.898222866818039e-09,-83.35149354702742,0,2,2.4678824444544443,0.5311024312669717,2,1.886605002186219,0.6623185826220082,1.0717571008057648e-12,0.8406624194730085,0,31010.082566777757,189,186,0.318055292
failed-only-recovery-14,0,frozen,137,True,qualified,-1,False,9.898222866818039e-09,-83.32258694091622,0,2,2.3374810078657586,0.5562505534393924,2,3.7748855989015735,0.36214581859800277,1.0717571008057648e-12,0.8408392673620535,0,31020.88872596339,189,186,0.331324583
failed-only-recovery-14,0,frozen,138,True,qualified,-1,False,9.898222866818039e-09,-83.13624960542064,0,2,2.611003127066772,0.5058078572641869,2,2.102907547130886,0.6073323635872605,1.0717571008057648e-12,0.8408368910453236,0,31019.924219894623,189,186,0.3260995
failed-only-recovery-14,0,frozen,139,True,qualified,-1,False,9.898222866818039e-09,-83.30904951716448,0,2,2.5514448916580315,0.5160582891935287,2,2.2049113910889013,0.5841247928670767,1.0717571008057648e-12,0.8408602780414219,0,31021.65965745939,189,186,0.332105625
failed-only-recovery-14,0,frozen,140,True,qualified,-1,False,9.898222866818039e-09,-83.17197952983949,0,2,2.1735166949371547,0.5910967251680511,2,1.6907160470467946,0.7199537160767958,1.0717571008057648e-12,0.8410492861925357,0,31029.198065435732,189,186,0.319696458
failed-only-recovery-14,0,frozen,141,True,qualified,-1,False,9.898222866818039e-09,-83.21159978482532,0,2,2.1516356217409514,0.5960445252879194,2,1.3223826365755376,0.8530051543760907,5.548405833260327e-20,0.8408303039344478,0,31017.66491751616,189,186,0.331362
failed-only-recovery-14,0,frozen,142,True,qualified,-1,False,9.982968063184792e-09,-83.18111488955643,0,2,2.221532387826218,0.5804931426339764,2,1.9591593015278177,0.6429369255615787,1.0717571008057648e-12,0.8407845183320334,0,31018.225926834246,199,196,0.34831375
failed-only-recovery-14,0,frozen,143,True,qualified,-1,False,9.898222866818039e-09,-83.166846359606,0,2,2.5319405623323177,0.5194989897132434,2,4.095058026300096,0.3354883093376989,1.0717571008057648e-12,0.8402191817214242,0,30991.574169779138,189,186,0.327468333
failed-only-recovery-14,0,frozen,144,True,qualified,-1,False,9.898222866818039e-09,-83.51950834718674,0,2,2.257906701293584,0.5726855266079235,2,1.4433855488231044,0.8053835428835391,1.0220833669923567e-12,0.840744145254656,0,31016.86534114056,189,186,0.328680334
failed-only-recovery-14,0,frozen,145,True,qualified,-1,True,9.898222866818039e-09,-83.32792999809182,0,2,2.4857847070573458,0.5278119537763913,2,1.9754096215183052,0.6387303794219384,1.0717571008057648e-12,0.8417306516239882,0,31058.692276567002,196,193,0.344542292
failed-only-recovery-14,0,frozen,146,True,qualified,-1,False,9.898222866818039e-09,-83.16813044149242,0,2,2.5561320086160895,0.5152377106134619,2,2.414565559797966,0.5411287560169231,1.0717571008057648e-12,0.8405164995571633,0,31005.597288517383,189,186,0.367013666
failed-only-recovery-14,0,frozen,147,True,qualified,-1,False,9.898222866818039e-09,-84.1217159977297,0,2,2.6779195090768755,0.49473276297943447,2,4.039237327522719,0.33985859263097934,2.173160547810162e-18,0.8407430665203445,0,31017.912775792625,189,186,0.342462583
failed-only-recovery-14,0,frozen,148,True,qualified,-1,False,9.898222866818039e-09,-83.16846717552353,0,2,2.2188286405618864,0.581081139672214,2,1.7455676776879498,0.702988217321625,1.0717571008057648e-12,0.8404905536045186,0,31007.64469830611,189,186,0.328520542
failed-only-recovery-14,0,frozen,149,True,qualified,-1,False,9.898222866818039e-09,-83.15270758656067,0,2,2.157130734534986,0.594795019231426,2,1.8112726335341565,0.6835293503048301,1.0717571008057648e-12,0.8407286693388226,0,31016.020761156775,189,186,0.322481166
failed-only-recovery-14,0,frozen,150,True,qualified,-1,False,9.898222866818039e-09,-83.80837280037038,0,2,2.332103450342055,0.5573341866628668,2,3.466974593797077,0.3919322127859222,1.0717571008057648e-12,0.8412608972537394,0,31044.139048828965,189,186,0.324552083
failed-only-recovery-14,0,frozen,151,True,qualified,-1,False,9.898222866818039e-09,-83.17533980518782,0,2,2.519796674559901,0.521662700988718,2,3.24794533755414,0.4161405216333791,1.0717571008057648e-12,0.8408993680274706,0,31023.29068405778,189,186,0.32457
failed-only-recovery-14,0,frozen,152,True,qualified,-1,False,9.898222866818039e-09,-83.2353116980341,0,2,2.2659891179583775,0.5709763190289809,2,2.9510396194574744,0.45387463696628194,1.0717571008057648e-12,0.841236627592989,0,31040.063130349914,189,186,0.350703667
failed-only-recovery-14,0,frozen,153,True,qualified,-1,False,9.898222866818039e-09,-83.10309427787524,0,2,2.40014525057098,0.5439002451110302,2,2.939771553693383,0.45543421170992604,1.0717571008057648e-12,0.8406818097790373,0,31012.238329599822,189,186,0.326982083
failed-only-recovery-14,0,frozen,154,True,qualified,-1,False,9.430984104643734e-09,-83.10116325395185,0,2,2.6776567199315253,0.4947753739824769,2,2.981835553299328,0.4496632146593337,1.0717571008057648e-12,0.8407812810186934,0,31018.153962544406,267,264,0.465690042
failed-only-recovery-14,0,frozen,155,True,qualified,-1,False,9.898222866818039e-09,-83.08163765865771,0,2,2.641611951715601,0.5006853533238974,2,2.5417940281670193,0.5177554963703712,1.0717571008057648e-12,0.8408932051803946,0,31022.844697022458,189,186,0.327359917
failed-only-recovery-14,0,frozen,156,True,qualified,-1,False,9.898222866818039e-09,-83.62751590477141,0,2,2.27601324294514,0.5688692492058666,2,2.6279317989812956,0.5029628304242098,1.0717571008057648e-12,0.8416789830574101,0,31065.666913343517,189,186,0.331759
failed-only-recovery-14,0,frozen,157,True,qualified,-1,False,9.898222866818039e-09,-83.35802682813461,0,2,2.3043770345725663,0.5629826814725802,2,2.320676290164825,0.5596496492238486,1.0717571008057648e-12,0.8402099706856738,0,30988.94052854656,189,186,0.338387709
failed-only-recovery-14,0,frozen,158,True,qualified,-1,False,9.898222866818039e-09,-83.54651009066183,0,2,2.271426031354484,0.5698317346493568,2,2.343040932358794,0.5551341899707917,1.0717571008057648e-12,0.840217771149441,0,30989.47745613795,189,186,0.357135208
failed-only-recovery-14,0,frozen,159,True,qualified,-1,False,9.898222866818039e-09,-83.37253344663253,0,2,2.4180736722660066,0.5404584206085745,2,3.858893245331919,0.35476323301082935,1.0717571008057648e-12,0.8405109964119293,0,31002.046317175475,189,186,0.335435375
failed-only-recovery-14,0,frozen,160,True,qualified,-1,False,9.898222866818039e-09,-83.15468766907567,0,2,2.2190575083714323,0.5810313252189501,2,1.5540864178010623,0.7652580494902028,1.0717571008057648e-12,0.8407545233085524,0,31013.97074122469,189,186,0.341114083
failed-only-recovery-14,0,frozen,161,True,qualified,-1,False,9.898222866818039e-09,-83.12248619484106,0,2,2.1896376224661354,0.587498186211351,2,2.3784248380779083,0.5481240117186088,1.0717571008057648e-12,0.8407749431779005,0,31016.75496109201,189,186,0.340385542
failed-only-recovery-14,0,frozen,162,True,qualified,-1,False,9.898222866818039e-09,-83.08848028396172,0,2,2.3879344188503993,0.5462674314386142,2,2.211024201688447,0.582784425770141,1.0717571008057648e-12,0.840942398164371,0,31026.242946542046,189,186,0.343721125
failed-only-recovery-14,0,frozen,163,True,qualified,-1,False,9.898222866818039e-09,-83.1191830570557,0,2,2.4751278426064616,0.5297661828099255,2,3.497235798770517,0.3887982238609755,1.0717571008057648e-12,0.8404686147054229,0,31005.08184450582,189,186,0.353812291
failed-only-recovery-14,0,frozen,164,True,qualified,-1,False,9.898222866818039e-09,-83.09900541977338,0,2,2.3288832257689664,0.5579849321845455,2,2.158325405251854,0.5945239875990632,1.0717571008057648e-12,0.8408156522354334,0,31018.88524641192,189,186,0.326627458
failed-only-recovery-14,0,frozen,165,True,qualified,-1,False,9.898222866818039e-09,-83.09126427652048,0,2,2.4030115870998765,0.5433472910654181,2,1.8287510972820427,0.6785058014828427,1.0717571008057648e-12,0.8407756648241888,0,31016.84290803216,189,186,0.329675042
failed-only-recovery-14,0,frozen,166,True,qualified,-1,False,9.898222866818039e-09,-83.10628871936234,0,2,2.311045369057776,0.5616147359198391,2,2.4558125015732366,0.5333422445228669,1.0717571008057648e-12,0.8406969434202223,0,31012.719739553966,189,186,0.335057625
failed-only-recovery-14,0,frozen,167,True,qualified,-1,False,9.898222866818039e-09,-83.08435346654261,0,2,2.5569055311774482,0.5151025208067351,2,3.3186460267667903,0.4080203480970628,1.0717571008057648e-12,0.8408214968533353,0,31018.873352237162,189,186,0.324297958
