state_id,component,mode,atom_index,seed,qualified,selected,minimum,maximum,mean,underflow_count,below_0_1,effective_n,owner,alpha,variance,scale_equation,denominator,denominator_margin,linear_weight_share
baseline-best-28,0,joint,,checkpoint,False,True,1.0,1.0,1.0,0,0,200.0,0,0.0,2.170776530673224e-06,4.459543845314329e-14,200.0,1.0,4.304530642043166e-09
baseline-best-28,0,joint,,checkpoint,False,True,0.5724429601817863,0.9999933798811202,0.9137005622853941,0,0,197.42959975135096,1,0.2,4.892306886040254e-06,-2.4924729768198956e-10,152.3110814845696,0.761555407422848,5.9189273816625225e-09
baseline-best-28,0,joint,,checkpoint,False,True,1.0,1.0,1.0,0,0,200.0,2,0.0,5.8559569422881185e-06,-1.1530248977820178e-12,200.0,1.0,1.5956698769134033e-09
baseline-best-28,0,joint,,checkpoint,False,True,1.0,1.0,1.0,0,0,200.0,3,0.0,6.686883595609026e-07,1.254942816331095e-12,200.0,1.0,1.397388478460577e-08
baseline-best-28,0,joint,,checkpoint,False,True,0.028481337686470494,0.9999981121663761,0.7494474609696941,0,24,164.9731976761266,4,0.4,1.739179505048618e-06,-9.803676412818839e-09,101.59496335230924,0.5079748167615462,5.538101170028264e-08
baseline-best-28,0,joint,,checkpoint,False,True,0.2014635063579418,0.9999991418684753,0.7612373881884631,0,0,184.8465647555017,5,0.7999999999999999,2.4328232187346005e-07,-1.3713047192442652e-11,85.99361163769878,0.4299680581884939,1.1155956616459502e-05
baseline-best-28,0,joint,,checkpoint,False,True,0.7375598114855773,0.99999656042607,0.9164756604083653,0,0,198.51496963034157,6,0.2,1.0491070121679007e-07,-4.339111211917955e-13,152.8661011091639,0.7643305055458195,4.0655878255406425e-07
baseline-best-28,0,joint,,checkpoint,False,True,0.0009807600996338543,0.9999984215381905,0.6722655597430379,0,20,163.68349959724762,7,1.0,1.4979987376798416e-08,2.086331107875594e-12,63.74243382995289,0.3187121691497644,0.002733724056429622
baseline-best-28,0,joint,,checkpoint,False,True,0.5338553580403916,0.9999996808717796,0.9063689993978915,0,0,194.65517098709702,8,0.2,6.041523702077186e-05,-1.8902609913709354e-11,150.84476890706898,0.7542238445353449,3.697839790759241e-10
baseline-best-28,0,joint,,checkpoint,False,True,1.0,1.0,1.0,0,0,200.0,9,0.0,6.193827246607775e-07,-2.0044466086943657e-13,200.0,1.0,1.5086268507777157e-08
baseline-best-28,0,joint,,checkpoint,False,True,1.7600982857259365e-37,0.9999920000354173,0.6456585080892892,0,31,154.07765505146173,10,1.0,4.7872055365671046e-08,5.359348520528329e-10,58.42102349920307,0.29210511749601537,0.0004595796074385387
baseline-best-28,0,joint,,checkpoint,False,True,0.0931012624784952,0.9999504921095189,0.949112498060072,0,1,198.12454901678493,11,0.1,2.1359787418108773e-07,-8.462680591470919e-10,172.4868161711853,0.8624340808559264,8.979776611258635e-08
baseline-best-28,0,joint,,checkpoint,False,True,0.012451544544434017,0.9999999648734182,0.7012308769747733,0,14,172.17317437492227,12,1.0,2.2047275294194174e-07,-3.222261346635946e-11,69.53549727629994,0.3476774863814997,5.05021219460979e-05
baseline-best-28,0,joint,,checkpoint,False,True,0.40850691171660003,0.9999976555366694,0.900896668886693,0,0,192.95026027277436,13,0.2,1.7372180699258477e-06,7.440094940942304e-11,149.75030280482932,0.7487515140241466,1.8228015519965592e-08
baseline-best-28,0,joint,,checkpoint,False,True,0.15317144602657828,0.9997941080970066,0.7767038497640442,0,0,185.38737326132852,14,0.7,2.517876215871284e-07,-1.7909195021008077e-10,92.1789473418489,0.46089473670924447,5.25395005051994e-06
baseline-best-28,0,joint,,checkpoint,False,True,0.030244972546095237,0.9999987734440741,0.7284226950774283,0,3,181.87307899302425,15,1.0,3.32551855923136e-07,4.287847854556048e-12,74.97386089683096,0.3748693044841548,2.831883527619241e-05
baseline-best-28,0,joint,,checkpoint,False,True,0.0005821293842057051,0.9999944854405589,0.737876593676441,0,14,174.35042042919542,16,0.7,4.490638674560311e-08,-6.056229274145453e-10,84.41349612432819,0.42206748062164096,5.116755574162713e-05
baseline-best-28,0,joint,,checkpoint,False,True,0.047140932225516415,0.9999934810926758,0.8327249716096878,0,3,187.87395758825164,17,0.4,1.4530676496287255e-07,-5.9598846738492e-10,118.25046548030798,0.5912523274015399,1.210017275813702e-06
baseline-best-28,0,joint,,checkpoint,False,True,1.0,1.0,1.0,0,0,200.0,18,0.0,1.5931039679494368e-06,-3.4505731605349867e-14,200.0,1.0,5.865388751330784e-09
baseline-best-28,0,joint,,checkpoint,False,True,3.361775361581018e-41,0.999998042972286,0.5639725765409154,0,70,123.69883696818262,19,0.4,2.2024157251833702e-07,7.790584977947293e-10,64.49998646655351,0.3224999323327675,4.975214515524917e-07
baseline-best-28,0,joint,,checkpoint,False,True,5.400441584710774e-22,0.9999959686501838,0.5441262660427381,0,72,121.54693832367207,20,0.6,1.1592335110137816e-07,-4.62860805226186e-09,49.53254708039043,0.24766273540195216,4.86950065670762e-06
baseline-best-28,0,joint,,checkpoint,False,True,0.489866966400137,0.9999953036328149,0.9128284292854464,0,0,197.13101375688865,21,0.2,3.4971474369712635e-07,6.535661374398957e-10,152.13665488458017,0.7606832744229008,1.076980900413981e-07
baseline-best-28,0,joint,,checkpoint,False,True,1.0,1.0,1.0,0,0,200.0,22,0.0,2.5700506634668698e-06,2.786393338283233e-13,200.0,1.0,3.6357937320606047e-09
baseline-best-28,0,joint,,checkpoint,False,True,1.378987123907156e-19,0.999995751972056,0.5447602051936908,0,69,124.90200209573207,23,0.8999999999999999,1.0523946319380162e-07,-4.2922377934836265e-10,40.22271208094756,0.2011135604047378,5.5483001994706237e-05
baseline-best-28,0,joint,,checkpoint,False,True,1.6692310106830839e-09,0.9999761744575629,0.648481946892625,0,29,155.8146283591847,24,1.0,3.7169194822412796e-09,-1.3287104749792888e-10,58.98571125987024,0.2949285562993512,0.0213355647499414
baseline-best-28,0,joint,,checkpoint,False,True,1.1442458116274255e-06,0.9999773157595236,0.5828291484789141,0,57,133.05674704726766,25,0.7999999999999999,1.811541788669529e-08,2.1353883678498804e-10,50.31196369578903,0.25155981847894515,0.00032420151734042943
baseline-best-28,0,joint,,checkpoint,False,True,0.0,0.9999998222782214,0.47665795390955495,20,90,106.1261961424844,26,0.8999999999999999,2.572219634133746e-08,1.140081958079512e-13,26.602261824120443,0.13301130912060222,0.0003744326873625948
baseline-best-28,0,joint,,checkpoint,False,True,0.0,0.9999859632095179,0.6310732091680938,7,36,150.49285655630106,27,1.0,3.861446511472325e-09,4.191369473716122e-12,55.50396371496399,0.27751981857481994,0.019608108040737916
baseline-best-28,0,joint,,checkpoint,False,True,0.7347333711625156,0.9999980320940058,0.9522315016288769,0,0,198.6804537320697,28,0.1,1.6986798377775226e-08,-1.5986576691417054e-11,173.11061688494647,0.8655530844247323,1.2857308041296682e-06
baseline-best-28,0,joint,,checkpoint,False,True,4.0746023629662486e-60,0.9999957022824859,0.5389974230817757,0,70,119.97596785827292,29,0.6,6.553837698541442e-09,-1.246077129059194e-10,48.506778488197995,0.24253389244098997,0.0002019990120917336
baseline-best-28,0,joint,,checkpoint,False,True,2.3921313769956103e-05,0.9999993249083329,0.8969996682948721,0,12,186.55351184900056,30,0.1,1.195517106263488e-06,-8.026186635497012e-09,162.06425021814545,0.8103212510907273,1.3911799537319226e-08
baseline-best-28,0,joint,,checkpoint,False,True,2.836021659185316e-11,0.9999946321540149,0.5559256817934207,0,70,121.82586676067976,31,0.5,1.747700448264798e-05,2.43385939180385e-09,56.75203096350243,0.28376015481751216,4.355321343660464e-09
baseline-best-28,0,joint,,checkpoint,False,True,0.7750631455912613,0.9999999961465572,0.9528504452356537,0,0,198.91019784155742,32,0.1,0.00011609863222004556,2.6269760626719108e-11,173.23440560630186,0.8661720280315093,1.210544881753952e-10
baseline-best-28,0,joint,,checkpoint,False,True,1.0,1.0,1.0,0,0,200.0,33,0.0,5.35571002311483e-06,-2.463244608286175e-12,200.0,1.0,1.7447124756535269e-09
baseline-best-28,0,joint,,checkpoint,False,True,1.4881260423384753e-127,0.9999828045551669,0.8343514612684246,0,16,179.14383041855976,34,0.2,4.5356916519700996e-08,2.026120485395808e-09,136.44126128117557,0.6822063064058779,9.309906872147287e-07
baseline-best-28,0,joint,,checkpoint,False,True,0.06037716565026646,0.9998761372854569,0.7275026774911544,0,3,181.10341643660502,35,1.0,1.0676132065642342e-08,-2.2763202434106233e-10,74.789857379576,0.37394928689788004,0.004916937326615132
baseline-best-28,0,joint,,checkpoint,False,True,0.0009820482231081306,0.9999965943576592,0.6843079827969585,0,18,166.34057935513644,36,1.0,6.803808801710929e-09,-8.42975689252512e-11,66.150918440737,0.330754592203685,0.00909084887081896
baseline-best-28,0,joint,,checkpoint,False,True,0.4718500396425364,0.9999470171413758,0.8545750507178156,0,0,195.0395382335096,37,0.4,2.661565822676632e-08,1.8731668520324496e-11,122.62048130193364,0.6131024065096682,9.519596472965058e-06
baseline-best-28,0,joint,,checkpoint,False,True,0.1916657708609193,0.9999885092492284,0.736384105372214,0,0,179.49988495026005,38,0.8999999999999999,4.6197668649325665e-08,-3.150580967933128e-11,78.54749211665232,0.3927374605832616,0.00024746791593420535
baseline-best-28,0,joint,,checkpoint,False,True,0.7092524638864003,0.9999999208068627,0.9158220458005093,0,0,198.25299393540925,39,0.2,5.192973513010324e-08,1.7802667792452256e-11,152.73537818759257,0.7636768909379629,8.805571665435907e-07
baseline-best-28,0,joint,,checkpoint,False,True,1.0,1.0,1.0,0,0,200.0,40,0.0,3.216751475299308e-06,9.764633546183177e-14,200.0,1.0,2.9048480011784674e-09
baseline-best-28,0,joint,,checkpoint,False,True,1.0,1.0,1.0,0,0,200.0,41,0.0,1.1871267139786433e-06,4.5083936583978355e-14,200.0,1.0,7.871252481543553e-09
baseline-best-28,0,joint,,checkpoint,False,True,0.12095415833941464,0.9999949968297269,0.822569230833928,0,0,184.03319847878396,42,0.4,2.879367186489756e-06,-1.6077887679696066e-10,116.219317325156,0.58109658662578,3.319318925773949e-08
baseline-best-28,0,joint,,checkpoint,False,True,0.05321028729309325,0.9999992760635487,0.8950333630704285,0,2,192.14086914484244,43,0.2,6.030646312855462e-07,-2.2377431284941435e-10,148.57764164157643,0.7428882082078822,5.7988671633691475e-08
baseline-best-28,0,joint,,checkpoint,False,True,0.014769552735070234,0.9999758233795216,0.7072796108635572,0,14,170.2788904027648,44,0.8999999999999999,3.502074578838641e-07,1.256860054406412e-10,72.72659321492087,0.3636329660746043,1.2601809321055675e-05
baseline-best-28,0,joint,,checkpoint,False,True,1.0,1.0,1.0,0,0,200.0,45,0.0,2.8039096555890245e-07,-1.7541523789077474e-15,200.0,1.0,3.332551772731109e-08
baseline-best-28,0,joint,,checkpoint,False,True,0.2191581566353001,0.9999951839539875,0.8449039737081481,0,0,191.43501715943182,46,0.4,1.8922795569457125e-07,1.0532190350257788e-10,120.68626590000011,0.6034313295000006,8.942480028670216e-07
baseline-best-28,0,joint,,checkpoint,False,True,1.4170467551280832e-11,0.9996967710865056,0.7248642565900119,0,16,166.6076324822891,47,0.6,3.839007064201933e-08,-4.5423664698638e-11,85.68014518984529,0.42840072594922646,2.728846103337574e-05
baseline-best-28,0,joint,,checkpoint,False,True,0.48207973774108426,0.9999843858779435,0.9058491475780331,0,0,194.56144394803232,48,0.2,1.6997025463967665e-05,-6.526860429094922e-11,150.7407985430974,0.753703992715487,1.4912478925237985e-09
baseline-best-28,0,joint,,checkpoint,False,True,0.47371362597119054,0.9999999143702948,0.9045842892214598,0,0,194.14342553612414,49,0.2,1.8233984015308367e-05,-2.2169330141366414e-11,150.48782687178303,0.7524391343589152,1.3784261213101822e-09
baseline-best-28,0,joint,,checkpoint,False,True,0.0016145475170839477,0.9999573289237036,0.7169497808508719,0,16,171.35420997453406,50,0.7999999999999999,1.4515947568734758e-05,4.728923754302452e-10,77.13609017018065,0.38568045085090324,3.431205016283435e-08
baseline-best-28,0,joint,,checkpoint,False,True,0.6287277110945275,0.9999999357022402,0.9154681095228007,0,0,198.11853013547906,51,0.2,2.1114501148607914e-06,2.205964495596932e-10,152.66459093205086,0.7633229546602542,1.4945432688512092e-08
baseline-best-28,0,joint,,checkpoint,False,True,1.1266338802143857e-06,0.9999607975049549,0.6488349106523947,0,26,154.5226208621233,52,1.0,2.6464974215327654e-07,2.4800883569042753e-11,59.05630401182421,0.29528152005912106,3.553104486950312e-05
baseline-best-28,0,joint,,checkpoint,False,True,0.006294917018416807,0.9999991624399011,0.6763047024811775,0,20,163.94811774525215,53,1.0,4.461837634816974e-07,-1.5122680885326645e-11,64.55026237758068,0.3227513118879034,1.691814513821091e-05
baseline-best-28,0,joint,,checkpoint,False,True,6.8603378333180876e-77,0.9999830579709459,0.6367204118478551,0,36,152.60949673897355,54,1.0,8.199245163071567e-08,1.51753831723056e-10,56.633404250916286,0.28316702125458143,0.0002021943179451665
baseline-best-28,0,joint,,checkpoint,False,True,0.4783214107209272,0.9999999977325247,0.9023887708526486,0,0,193.28230131620364,55,0.2,1.071114154566445e-05,-2.4009830116014383e-11,150.04872319802047,0.7502436159901024,2.4687580470242333e-09
baseline-best-28,0,joint,,checkpoint,False,True,0.4418327784861251,0.9999999023638969,0.9005464813220395,0,0,192.7101819163461,56,0.2,2.438965774716029e-06,-3.477913223275648e-11,149.6802652918987,0.7484013264594935,1.254538626464443e-08
baseline-best-28,0,joint,,checkpoint,False,True,1.0,1.0,1.0,0,0,200.0,57,0.0,0.0002112391372089173,3.38540306898949e-14,200.0,1.0,4.423505140560009e-11
baseline-best-28,0,joint,,checkpoint,False,True,0.6138780917704004,0.9999997405632941,0.9129198728827231,0,0,197.09078045959313,58,0.2,2.5326271430283727e-05,5.836573010739857e-12,152.15494360403534,0.7607747180201767,9.691889608794168e-10
baseline-best-28,0,joint,,checkpoint,False,True,0.0,0.9999935523802655,0.5515377271561079,14,65,125.94058389652668,59,0.8999999999999999,3.94058414368392e-09,1.3806976612421759e-10,41.57821647343107,0.20789108236715534,0.006578485603717806
baseline-best-28,0,joint,,checkpoint,False,True,5.02659567756129e-11,0.9999987548260518,0.6601707542961586,0,29,157.33006571422158,60,0.8999999999999999,9.400422685616196e-08,-7.700549759474745e-10,63.304821901441116,0.31652410950720555,7.919653099276246e-05
baseline-best-28,0,joint,,checkpoint,False,True,1.0,1.0,1.0,0,0,200.0,61,0.0,6.417360221992651e-05,5.5201399007387406e-14,200.0,1.0,1.4560775412432125e-10
baseline-best-28,0,joint,,checkpoint,False,True,0.6892971328324513,0.9999868782894606,0.9540088421034401,0,0,199.3831164116856,62,0.1,2.529291558137574e-06,-6.311514267655525e-13,173.46608497985892,0.8673304248992946,6.73640475456277e-09
baseline-best-28,0,joint,,checkpoint,False,True,0.14073146091245223,0.9999606984922765,0.8655138245152557,0,0,190.92713372233453,63,0.30000000000000004,3.1009245917387614e-07,1.0209951757823126e-11,132.62316401195747,0.6631158200597873,2.4367805326251616e-07
baseline-best-28,0,joint,,checkpoint,False,True,0.6887194096133504,0.9999997391550448,0.9165854091266806,0,0,198.57693409588038,64,0.2,5.261751558416433e-07,-7.579278752103687e-12,152.88805085282684,0.7644402542641342,6.899756238860751e-08
baseline-best-28,0,joint,,checkpoint,False,True,1.0,1.0,1.0,0,0,200.0,65,0.0,8.831558638654518e-07,-1.9791945859992667e-14,200.0,1.0,1.0580435997348063e-08
baseline-best-28,0,joint,,checkpoint,False,True,0.21108724292301925,0.9999979315480443,0.8131490185544845,0,0,180.46475922512553,66,0.4,2.388063891595722e-05,-5.039198368876538e-10,114.33527486926738,0.5716763743463369,2.591480797194413e-09
baseline-best-28,0,joint,,checkpoint,False,True,1.1336057925594881e-34,0.999999889485224,0.5668142190010843,0,62,129.97344895091925,67,0.7999999999999999,3.393527890234462e-06,9.293875504243767e-10,47.108977800223116,0.2355448890011156,2.0752490483700598e-07
baseline-best-28,0,joint,,checkpoint,False,True,2.5741087065050374e-17,0.9999998665294783,0.7877710458406465,0,14,177.19170095000783,68,0.4,2.026021466686649e-06,1.7734223390615613e-09,109.25968032649982,0.5462984016324991,4.846856330252335e-08
baseline-best-28,0,joint,,checkpoint,False,True,1.0,1.0,1.0,0,0,200.0,69,0.0,9.943669891686182e-07,2.828448586456034e-12,200.0,1.0,9.397108105050485e-09
baseline-best-28,0,joint,,checkpoint,False,True,0.4944606370576734,0.999999667762818,0.9130214931738245,0,0,197.24357963552757,70,0.2,1.2870637146359706e-06,-2.3189401220673728e-10,152.17526766225566,0.7608763383112783,2.5693610156428916e-08
baseline-best-28,0,joint,,checkpoint,False,True,0.8839763505166551,0.9999331409411439,0.9549406130720783,0,0,199.74385947079253,71,0.1,1.2621460850896283e-06,-4.2442969323629606e-11,173.65243917358669,0.8682621958679334,1.399058489972952e-08
baseline-best-28,0,joint,,checkpoint,False,True,0.5155640767352635,0.9999999645900334,0.9058854118985955,0,0,194.48538680900603,72,0.2,7.682786855769253e-05,-9.409675697227567e-12,150.74805140720977,0.7537402570360489,2.837309964643892e-10
baseline-best-28,0,joint,,checkpoint,False,True,0.10462175598947768,0.9999997390640395,0.8381765743824495,0,0,189.551056443776,73,0.4,1.480398790832475e-06,3.5020274133227524e-10,119.34078603486032,0.5967039301743016,7.514741331415528e-08
baseline-best-28,0,joint,,checkpoint,False,True,0.24388063669441082,0.9997831897163295,0.7912874011098517,0,0,184.9205513998262,74,0.6,4.5153731630546315e-07,1.4416918216107825e-09,98.96477409381313,0.4948238704690657,1.2090366129508318e-06
baseline-best-28,0,joint,,checkpoint,False,True,0.3191532956602584,0.9999885974280991,0.8745665926554964,0,0,193.6314827154033,75,0.30000000000000004,1.7937876108517632e-07,-4.526383121665311e-09,134.43371764000563,0.6721685882000281,4.620760977989898e-07
baseline-best-28,0,joint,,checkpoint,False,True,7.39595000841208e-49,0.9999986994786392,0.7218342904410915,0,21,166.83837987658043,76,0.6,2.2538183128633797e-06,1.6046725072924852e-10,85.07415196006107,0.42537075980030536,1.3641115253906337e-07
baseline-best-28,0,joint,,checkpoint,False,True,0.43656306123625277,0.9999994623494958,0.8666504995288407,0,0,190.44001407525394,77,0.30000000000000004,0.000405477674335489,-4.157444403851025e-12,132.8504990146745,0.6642524950733726,6.35973904790806e-11
baseline-best-28,0,joint,,checkpoint,False,True,1.9753761907109888e-05,0.9996445900814388,0.6350743009328517,0,33,150.92697951722553,78,1.0,5.226787205590169e-08,-1.3810730337127097e-11,56.304182067915576,0.2815209103395779,0.00039623541771553603
baseline-best-28,0,joint,,checkpoint,False,True,9.514583542624189e-06,0.9999649356900299,0.6438644444120465,0,40,146.85397689932904,79,0.7,9.743187173130048e-08,-2.3779590339108297e-08,65.6110662714494,0.328055331357247,1.5691877896452138e-05
baseline-best-28,0,joint,,checkpoint,False,True,0.681827182940934,0.9999931215485733,0.9533977791857303,0,0,199.13729091505792,80,0.1,5.938297857055367e-07,-1.3362479530218868e-10,173.3438723963172,0.8667193619815861,3.082859076065384e-08
baseline-best-28,0,joint,,checkpoint,False,True,0.12727238710521482,0.9999309853672654,0.7267430406957984,0,0,180.8412944212262,81,1.0,8.183506921552429e-07,4.464163538830945e-09,74.63793002050494,0.3731896501025247,7.319015776490855e-06
baseline-best-28,0,joint,,checkpoint,False,True,0.4422598525254482,0.999994747478308,0.831479977269475,0,0,194.00202125604028,82,0.5,5.806306764874568e-07,1.3654467001522619e-09,111.86289005871328,0.5593144502935664,4.5926572713404187e-07
baseline-best-28,0,joint,,checkpoint,False,True,0.09089254642666568,0.9999434765765683,0.7385323273569783,0,1,180.9151339020161,83,0.8999999999999999,7.558889697629851e-07,1.207465782308716e-09,78.97713651360509,0.3948856825680254,4.31239943112711e-06
baseline-best-28,0,joint,,checkpoint,False,True,0.0001427007150704427,0.9998172494403014,0.8111664459231142,0,3,187.34409067877385,84,0.5,2.975665559011962e-07,1.6478934328212347e-09,107.80018378944101,0.539000918947205,1.0332776673949703e-06
baseline-best-28,0,joint,,checkpoint,False,True,1.0401218115781131e-06,0.9999784081864889,0.7811560280605075,0,9,179.5247857935139,85,0.5,1.0955801432739039e-07,-2.2451124292999225e-10,101.79810021691969,0.5089905010845984,3.4695233234574507e-06
baseline-best-28,0,joint,,checkpoint,False,True,0.1825071198187325,0.999966534860099,0.7835199298413466,0,0,188.62586536343798,86,0.7,1.6467855212691243e-07,1.2215165678439332e-09,93.54216335730933,0.4677108167865467,9.401928249281272e-06
baseline-best-28,0,joint,,checkpoint,False,True,1.0,1.0,1.0,0,0,200.0,87,0.0,1.0775456268960156e-05,1.332816634835865e-12,200.0,1.0,8.67172012031451e-10
baseline-best-28,0,joint,,checkpoint,False,True,0.47546113129548034,0.9999748043205567,0.9049641212051938,0,0,194.26499885415754,88,0.2,9.031212215163088e-07,1.3800675242672896e-09,150.56379326852965,0.7528189663426482,3.760234151921762e-08
baseline-best-28,0,joint,,checkpoint,False,True,1.2195189991974697e-72,0.9999998133277637,0.7314251469613694,0,13,172.84377408702608,89,0.7,9.541675616582323e-08,-3.655591168242881e-11,83.12320678131405,0.41561603390657026,1.8335953612580733e-05
baseline-best-28,0,joint,,checkpoint,False,True,0.3820211904321998,0.999999984270172,0.8969905804877405,0,0,191.60839637696887,90,0.2,9.157450628148651e-07,2.0115655542080918e-10,148.96908512503887,0.7448454256251944,3.670625002392763e-08
baseline-best-28,0,joint,,checkpoint,False,True,6.590554911194101e-09,0.999999267606683,0.7599061312837236,0,8,176.83034933559082,91,0.6,8.1845041700991e-07,3.326474652597192e-10,92.68852012858753,0.46344260064293763,5.358914220945812e-07
baseline-best-28,0,joint,,checkpoint,False,True,0.001045941167763911,0.9999959913010253,0.8433596876426515,0,8,186.06782912132596,92,0.30000000000000004,8.494971111776458e-07,-8.160458023779959e-09,128.19233663743663,0.6409616831871832,7.451332427265186e-08
baseline-best-28,0,joint,,checkpoint,False,True,1.0,1.0,1.0,0,0,200.0,93,0.0,0.0001281433415597929,-3.4561187245429893e-12,200.0,1.0,7.291970054449541e-11
baseline-best-28,0,joint,,checkpoint,False,True,1.2588764649565458e-56,0.9998698587364662,0.6486645783930147,0,27,156.0605056452099,94,1.0,6.53489085196247e-07,3.5018237087847126e-08,59.022237559948195,0.295111187799741,9.15469033419504e-06
baseline-best-28,0,joint,,checkpoint,False,True,0.1049712842822238,0.9999991400247967,0.7761827196376814,0,0,185.86180247050748,95,0.7,1.0325071732688198e-06,3.0324230481701577e-09,92.07472131657644,0.46037360658288223,7.813312663379085e-07
baseline-best-28,0,joint,,checkpoint,False,True,0.37543770906649865,0.9999954648644847,0.8499540783313969,0,0,193.22117382712932,96,0.4,7.571035279540502e-07,-2.046123618233828e-09,121.69628682464983,0.6084814341232492,1.7038922261423948e-07
baseline-best-28,0,joint,,checkpoint,False,True,0.5055424043870526,0.9999694380348167,0.9124345687068132,0,0,196.98922200842338,97,0.2,4.861004633053198e-07,-7.466950473408643e-10,152.05788276885343,0.7602894138442672,7.493889287767444e-08
baseline-best-28,0,joint,,checkpoint,False,True,0.41274154324574924,0.999991042515012,0.8479720094396255,0,0,192.25886973950537,98,0.4,6.993198265041533e-07,2.6673062322583284e-10,121.29987304629552,0.6064993652314776,1.869835887351291e-07
baseline-best-28,0,joint,,checkpoint,False,True,0.5509317133615905,0.9999618828195974,0.914021514213658,0,0,197.57649113825366,99,0.2,3.844053105261542e-07,3.961909607133693e-10,152.37527187022226,0.7618763593511113,9.718344321954957e-08
baseline-best-28,0,joint,,checkpoint,False,True,1.0,1.0,1.0,0,0,200.0,100,0.0,4.78910646780465e-07,-5.1268966849704615e-12,200.0,1.0,1.951131000350153e-08
baseline-best-28,0,joint,,checkpoint,False,True,2.537406416012938e-08,0.9999981854609601,0.6708858431278037,0,26,160.63337449702476,101,0.8999999999999999,2.318841942530249e-08,5.253007967901577e-11,65.44783966777005,0.3272391983388503,0.000612518267818831
baseline-best-28,0,joint,,checkpoint,False,True,1.0,1.0,1.0,0,0,200.0,102,0.0,2.7720943166767926e-07,-1.542709848756374e-12,200.0,1.0,3.3707994843815266e-08
baseline-best-28,0,joint,,checkpoint,False,True,0.1292718834033763,0.9999951647320643,0.7260245773455138,0,0,175.74036123246856,103,0.8999999999999999,2.2853376774962493e-07,5.056091539375269e-10,76.47558651131224,0.3823779325565612,2.4020766053760713e-05
baseline-best-28,0,joint,,checkpoint,False,True,0.012723700212138665,0.9999934434538936,0.7993995917794757,0,7,184.7812168823331,104,0.5,5.859793708274596e-08,7.968509740940988e-10,105.44681296071349,0.5272340648035674,7.762439467069348e-06
baseline-best-28,0,joint,,checkpoint,False,True,1.749776422178163e-36,0.9999988695206,0.8420431474142924,0,16,181.4042230532255,105,0.2,5.114683940417533e-07,-2.7967789832858326e-09,137.97959851034938,0.6898979925517469,6.539399117491804e-08
baseline-best-28,0,joint,,checkpoint,False,True,1.7591105046554158e-97,0.9999998478888035,0.4959919249552031,0,83,111.18547915975847,106,1.0,6.772899952460698e-09,-5.325192009575375e-09,28.487706872385882,0.1424385343619294,0.006634276963177211
baseline-best-28,0,joint,,checkpoint,False,True,0.4286228902329085,0.9999984614000608,0.9082592918533766,0,0,195.47260357445816,107,0.2,2.260370359078852e-06,-1.9098007128396092e-08,151.222827398166,0.75611413699083,1.3756769673992301e-08
baseline-best-28,0,joint,,checkpoint,False,True,0.4776158380161808,0.9999997295551621,0.9095330595406746,0,0,195.8911968722435,108,0.2,2.7927488956949715e-06,-5.404270872358666e-09,151.47758093562567,0.7573879046781283,1.0916604896061453e-08
baseline-best-28,0,joint,,checkpoint,False,True,0.5905542455914902,0.9999962707343898,0.9123658372811186,0,0,196.9041746147343,109,0.2,6.120723962552514e-07,4.784703107133056e-10,152.04413648371457,0.7602206824185729,5.815541008052795e-08
baseline-best-28,0,joint,,checkpoint,False,True,0.4528099206962382,0.9999999864860687,0.8778396422081483,0,0,194.7210046346739,110,0.30000000000000004,4.1319802432008904e-07,4.413467169355207e-10,135.08832755053623,0.6754416377526812,1.7766034893998212e-07
baseline-best-28,0,joint,,checkpoint,False,True,0.8193419156659751,0.999999500495078,0.9541197094332182,0,0,199.41124276692176,111,0.1,5.602222632033803e-07,-1.5509957103821738e-09,173.4882584458146,0.8674412922290731,3.279813116945684e-08
baseline-best-28,0,joint,,checkpoint,False,True,0.3332388798699391,0.9999447565152247,0.8224963980626109,0,0,190.3128785574224,112,0.5,4.264615781568285e-07,-3.3886488060019815e-10,110.0661742173404,0.550330871086702,6.681459354908678e-07
baseline-best-28,0,joint,,checkpoint,False,True,1.0,1.0,1.0,0,0,200.0,113,0.0,9.714937374907747e-07,6.350059089665905e-11,200.0,1.0,9.618357517615791e-09
baseline-best-28,0,joint,,checkpoint,False,True,0.5543495716589346,0.9999988866809577,0.910327079371236,0,0,196.1680781240639,114,0.2,1.9482603934037444e-06,5.694629232174961e-09,151.63638490173798,0.7581819245086899,1.623640741449255e-08
baseline-best-28,0,joint,,checkpoint,False,True,0.30308619722085933,0.9999953686054074,0.7413745944870914,0,0,186.75081303998803,115,1.0,8.198576916634336e-07,3.757974376128459e-09,77.56424077876352,0.3878212038938176,7.445793185651937e-06
baseline-best-28,0,joint,,checkpoint,False,True,0.37556595454206065,0.9999856461512044,0.7608310512817718,0,0,190.32992754371352,116,0.8999999999999999,1.1762380524808388e-06,7.500073217429772e-09,83.43688129856382,0.41718440649281907,2.339826923086093e-06
baseline-best-28,0,joint,,checkpoint,False,True,0.2985204414156424,0.9999885439451476,0.9082802295231771,0,0,195.6308764368657,117,0.2,1.6814443969147898e-07,5.9008737860030424e-08,151.22701493212614,0.7561350746606307,2.3981330817565543e-07
baseline-best-28,0,joint,,checkpoint,False,True,0.13462367966062802,0.9999369746480438,0.8472239434908146,0,0,192.5793116002102,118,0.4,1.7420321672945972e-07,-6.622666170201438e-10,121.1502598565333,0.6057512992826665,9.90293207065602e-07
baseline-best-28,0,joint,,checkpoint,False,True,0.6211548186472872,0.9999992592470522,0.9147798785976369,0,0,197.8632668645561,119,0.2,3.027033038861762e-07,1.5139815707857026e-09,152.52694474701812,0.7626347237350906,1.2650331508861763e-07
baseline-best-28,0,joint,,checkpoint,False,True,0.6153709625960267,0.9999985773094451,0.9152332255242794,0,0,198.02128497233048,120,0.2,4.86345104500908e-07,1.3640673880128434e-10,152.61761413234674,0.7630880706617337,7.512715707468105e-08
baseline-best-28,0,joint,,checkpoint,False,True,0.3017427547769921,0.9999999261187759,0.8276759689197464,0,0,192.6826437972242,121,0.5,2.546809540324134e-07,4.1720127352817826e-10,111.1020883887675,0.5555104419438375,1.280713460558294e-06
baseline-best-28,0,joint,,checkpoint,False,True,0.17858843962854695,0.9999915130874371,0.8494635477881356,0,0,193.5108963377468,122,0.4,5.055566744969034e-07,-2.4900634263332185e-08,121.59818071599776,0.6079909035799888,2.764737557988498e-07
baseline-best-28,0,joint,,checkpoint,False,True,2.5282705676414865e-18,0.9999899446956998,0.718407148303116,0,10,175.62300112253428,123,0.8999999999999999,1.2355619886928434e-06,-8.328998447100631e-09,74.95210070283265,0.37476050351416323,2.0572195597381984e-06
baseline-best-28,0,joint,,checkpoint,False,True,0.8588427622338065,0.9999975580470569,0.9547931021854238,0,0,199.68378822794062,124,0.1,5.997246212528238e-07,-1.4891831136743851e-09,173.6229369962558,0.868114684981279,3.0555149505864404e-08
baseline-best-28,0,joint,,checkpoint,False,True,0.26729528780321254,0.999321676934064,0.7464358858093462,0,0,183.50529236386652,125,0.8999999999999999,6.339531942285382e-07,1.4587959461459923e-07,80.5578482040787,0.4027892410203935,5.625008202004773e-06
baseline-best-28,0,joint,,checkpoint,False,True,0.4954294568487274,0.9999997979025586,0.903758178767712,0,0,193.74842786496077,126,0.2,1.624931300876541e-05,-7.111313962574187e-09,150.32260478103316,0.7516130239051658,1.5632841191974416e-09
baseline-best-28,0,joint,,checkpoint,False,True,0.03848612160468895,0.9999710959794099,0.716198781069178,0,3,177.12115509521902,127,1.0,2.641011242563363e-08,1.3753155836404574e-09,72.52907809518092,0.3626453904759046,0.0012441111585936029
baseline-best-28,0,joint,,checkpoint,False,True,1.0,1.0,1.0,0,0,200.0,128,0.0,4.10550965726417e-06,-4.863447644609664e-11,200.0,1.0,2.27600830917003e-09
baseline-best-28,0,joint,,checkpoint,False,True,0.0648740339889529,0.99999644334055,0.7567032748031494,0,6,178.8209743851838,129,0.7,3.2377432080432607e-07,-2.4466065760902624e-07,88.17883234966993,0.44089416174834967,3.6452327279908177e-06
baseline-best-28,0,joint,,checkpoint,False,True,0.00013657025292673964,0.9999775420328195,0.6686927718421617,0,40,149.3853146135381,130,0.5,7.963566179376267e-07,-7.027547735627415e-06,79.30544897325055,0.39652724486625274,2.4884524704603277e-07
baseline-best-28,0,joint,,checkpoint,False,True,0.16892740206490758,0.9999999937453383,0.9488218289603801,0,0,197.86588262978594,131,0.1,4.4662679657332573e-07,-2.546144534838567e-09,172.42868235124706,0.8621434117562353,4.137778757592238e-08
baseline-best-28,0,joint,,checkpoint,False,True,2.0350300860377894e-71,0.999999998369331,0.5501204183097769,0,74,120.90252927695258,132,0.4,7.505941807727878e-07,-9.412679666120098e-07,61.729554820325816,0.3086477741016291,1.1143061209813698e-07
baseline-best-28,0,joint,,checkpoint,False,True,1.0,1.0,1.0,0,0,200.0,133,0.0,1.5352683193812163e-05,4.798680897089014e-12,200.0,1.0,6.086345934030045e-10
baseline-best-28,0,joint,,checkpoint,False,True,0.581539638948906,0.9999998960798778,0.9099417452640427,0,0,195.95412854574968,134,0.2,1.3531589319400316e-05,2.2686717977640857e-09,151.55931808029922,0.757796590401496,1.925014834488259e-09
baseline-best-28,0,joint,,checkpoint,False,True,0.0008826621534314715,0.9999926635144317,0.6923137906493253,0,15,165.59477938373928,135,0.8999999999999999,3.161259533617015e-07,1.3297892053569384e-08,69.73342917207451,0.34866714586037256,1.4309331456267702e-05
baseline-best-28,0,joint,,checkpoint,False,True,0.5637158558797459,0.9999945972677666,0.915307329485099,0,0,198.0589465977935,136,0.2,1.3070319825886755e-06,-3.3360007244714024e-10,152.63243492451062,0.7631621746225531,2.532539829896695e-08
baseline-best-28,0,joint,,checkpoint,False,True,4.8338909696821986e-108,0.999993240710663,0.5448899138124677,0,66,125.63727814890741,137,1.0,1.9410972793512428e-09,1.5545009168782542e-09,38.26730464383877,0.19133652321919384,0.04750275526582925
baseline-best-28,0,joint,,checkpoint,False,True,1.0,1.0,1.0,0,0,200.0,138,0.0,3.295610400727612e-06,2.6227520155686077e-13,200.0,1.0,2.8353394233881696e-09
baseline-best-28,0,joint,,checkpoint,False,True,0.5515541336548918,0.999987524068791,0.9140444084037417,0,0,197.5851724544375,139,0.2,2.871984972634208e-07,1.4638865239177947e-11,152.37985070823916,0.7618992535411958,1.3392791175314493e-07
baseline-best-28,0,joint,,checkpoint,False,True,0.6171186536395795,0.9999950129649611,0.9523094393861083,0,0,198.7456513690614,140,0.1,2.2051670484002874e-06,-8.633121197544104e-10,173.12620443639267,0.8656310221819633,7.765852421969693e-09
baseline-best-28,0,joint,,checkpoint,False,True,0.8179136743981045,0.9999984231858318,0.9535900414139591,0,0,199.19674885949442,141,0.1,6.676467141084627e-05,2.0572593177158547e-09,173.38232484196283,0.8669116242098142,2.1657696741197726e-10
baseline-best-28,0,joint,,checkpoint,False,True,1.0,1.0,1.0,0,0,200.0,142,0.0,0.00029493827746487287,1.3424911182724485e-12,200.0,1.0,3.168179516619023e-11
baseline-best-28,0,joint,,checkpoint,False,True,3.8778758459016965e-251,0.9999996525868973,0.7002425747487325,0,31,158.0824863113412,143,0.5,5.378365609963439e-07,-7.82862080717095e-09,85.61540955456482,0.4280770477728241,4.256207806442661e-07
baseline-best-28,0,joint,,checkpoint,False,True,1.0,1.0,1.0,0,0,200.0,144,0.0,5.752599332598208e-05,-4.151046173461737e-12,200.0,1.0,1.624339459965602e-10
baseline-best-28,0,joint,,checkpoint,False,True,1.6211625510728694e-05,0.9999992138782852,0.6160886955749935,0,50,136.14285487945568,145,0.5,2.101053254282721e-06,5.3047654713367365e-08,68.78463371981697,0.34392316859908484,6.818425943671719e-08
baseline-best-28,0,joint,,checkpoint,False,True,1.4734162118926978e-14,0.999929302928119,0.7564463003452414,0,19,173.85298676928883,146,0.5,4.823107205814481e-07,-1.9131710660147405e-09,96.85615467386651,0.48428077336933256,5.268738842105816e-07
baseline-best-28,0,joint,,checkpoint,False,True,0.0,0.9999999255121392,0.5361405112261758,13,68,123.595151081623,147,1.0,2.759011555494421e-10,1.9348228574855852e-10,36.51742412658041,0.18258712063290206,0.8722266013462605
baseline-best-28,0,joint,,checkpoint,False,True,1.0,1.0,1.0,0,0,200.0,148,0.0,2.9255086995046824e-05,-7.56561757686569e-12,200.0,1.0,3.1940339452393867e-10
baseline-best-28,0,joint,,checkpoint,False,True,1.0,1.0,1.0,0,0,200.0,149,0.0,0.0002792867048781923,-2.3052648678856257e-12,200.0,1.0,3.345728217670233e-11
baseline-best-28,0,joint,,checkpoint,False,True,0.0,0.9999446708797851,0.5459894622584802,24,64,125.68293450447764,150,1.0,9.191472924090725e-09,-2.470074256244459e-09,38.48721433304132,0.1924360716652066,0.004619421328752519
baseline-best-28,0,joint,,checkpoint,False,True,2.2965347776002476e-06,0.9999989504618862,0.5714694512431135,0,57,128.9960286794246,151,0.7999999999999999,1.0794844089022611e-07,-4.307904590255562e-08,48.04002424862891,0.24020012124314455,2.6123512744289495e-05
baseline-best-28,0,joint,,checkpoint,False,True,2.4987024154373147e-117,0.9999965292338275,0.6790634637487949,0,34,156.2866204583273,152,0.6,1.135062297649284e-07,6.131646468474508e-09,76.51998662160182,0.3825999331080091,6.245852156095656e-06
baseline-best-28,0,joint,,checkpoint,False,True,3.2506365901272813e-06,0.9999988677137462,0.9041123882473835,0,2,195.55601621584253,153,0.2,1.4629097975613583e-07,-1.6118110132571077e-08,150.39344667696741,0.7519672333848371,2.782193278997207e-07
baseline-best-28,0,joint,,checkpoint,False,True,0.40611781610766096,0.9999937985708274,0.8804182744114227,0,0,195.8106518510903,154,0.30000000000000004,1.1681678807521312e-07,5.3152047285580656e-09,135.60405399119085,0.6780202699559542,7.617549616066653e-07
baseline-best-28,0,joint,,checkpoint,False,True,0.8454878728181376,0.9999986213514664,0.9542262051235053,0,0,199.4513770104638,155,0.1,1.0325334542396766e-07,-1.3662207789156601e-09,173.509557583872,0.86754778791936,1.936763597533184e-07
baseline-best-28,0,joint,,checkpoint,False,True,2.3305136264648537e-43,0.9999998304555824,0.5176784794940467,0,75,117.52817987404168,156,1.0,9.873527703950397e-07,-1.5181707002653866e-09,32.825017780154525,0.16412508890077263,3.933983828777423e-06
baseline-best-28,0,joint,,checkpoint,False,True,1.075411335743355e-08,0.9999978279823564,0.7298480172913139,0,16,172.32226068637783,157,0.7,9.348344314774232e-07,3.407689532723707e-09,82.80778084730287,0.41403890423651435,8.401705928830915e-07
baseline-best-28,0,joint,,checkpoint,False,True,3.243708725890512e-15,0.9999929368327288,0.6299953524164569,0,49,142.01922622841536,158,0.6,7.871319540539106e-07,2.4897533201915104e-08,66.70636435513435,0.33353182177567176,4.6739330035490623e-07
baseline-best-28,0,joint,,checkpoint,False,True,1.1376448052206023e-05,0.999999987868866,0.6683407551762289,0,23,161.2286417493896,159,1.0,1.4767866773877228e-07,2.041953661713336e-09,62.957472916591,0.31478736458295503,8.780156948528359e-05
baseline-best-28,0,joint,,checkpoint,False,True,1.0,1.0,1.0,0,0,200.0,160,0.0,2.8414663900329456e-05,2.368015228348952e-12,200.0,1.0,3.2885041773106143e-10
baseline-best-28,0,joint,,checkpoint,False,True,3.212913313504376e-11,0.9999992757467954,0.7680256039730131,0,10,180.71226263350331,161,0.6,1.9406613148825266e-06,-4.3394959834643666e-10,94.3124146664455,0.47156207333222755,1.7629823670324584e-07
baseline-best-28,0,joint,,checkpoint,False,True,0.06130821239556481,0.9999987360922441,0.8557901524173662,0,3,188.2803573251399,162,0.30000000000000004,1.9804968584874408e-07,3.286319169000685e-09,130.67842959237962,0.653392147961898,4.034914129387923e-07
baseline-best-28,0,joint,,checkpoint,False,True,1.59340078966805e-06,0.9999670442117035,0.7717511808016851,0,20,172.4406884047077,163,0.4,1.992553851066063e-08,7.403853598217229e-08,106.05570731870756,0.5302785365935379,1.2167972089583385e-05
baseline-best-28,0,joint,,checkpoint,False,True,0.5083159412895187,0.9999999785484303,0.8784097339689719,0,0,194.82844566122225,164,0.30000000000000004,6.900660517414028e-07,1.0749946010983898e-09,135.20234590270067,0.6760117295135033,9.85666896627727e-08
baseline-best-28,0,joint,,checkpoint,False,True,1.0,1.0,1.0,0,0,200.0,165,0.0,3.334716839632014e-07,9.73666702819287e-13,200.0,1.0,2.8020892155695636e-08
baseline-best-28,0,joint,,checkpoint,False,True,3.727399465355292e-14,0.9999599575996053,0.785742796060577,0,14,177.1031900978892,166,0.4,5.228419103799578e-07,9.621739095173966e-10,108.85403037048582,0.5442701518524291,2.456229368731255e-07
baseline-best-28,0,joint,,checkpoint,False,True,9.872547979452428e-11,0.9999890675167642,0.8300934494898634,0,6,188.82052054004765,167,0.4,2.5672177477800665e-08,5.790030357470535e-09,117.7241610563432,0.588620805281716,9.65616597980925e-06
baseline-recovery-32,0,joint,,checkpoint,False,True,1.0,1.0,1.0,0,0,200.0,0,0.0,2.170781955193793e-06,-6.305900246417196e-14,200.0,1.0,4.2826823887335005e-09
baseline-recovery-32,0,joint,,checkpoint,False,True,0.5724436065265291,0.9999933796439441,0.9137005403261292,0,0,197.42959083799812,1,0.2,4.892305431720894e-06,-2.2899491457810922e-10,152.31107709271654,0.7615553854635827,5.888901529406168e-09
baseline-recovery-32,0,joint,,checkpoint,False,True,1.0,1.0,1.0,0,0,200.0,2,0.0,5.85612940329381e-06,-2.3798946147124413e-12,200.0,1.0,1.5875280426795167e-09
baseline-recovery-32,0,joint,,checkpoint,False,True,1.0,1.0,1.0,0,0,200.0,3,0.0,6.686558117578776e-07,7.671907553685741e-13,200.0,1.0,1.3903669848988485e-08
baseline-recovery-32,0,joint,,checkpoint,False,True,0.02847956909837623,0.9999981118110143,0.7494458610043131,0,24,164.97284671997897,4,0.4,1.7391453356314235e-06,-1.3888300079896574e-08,101.59464335923309,0.5079732167961655,5.51012366870296e-08
baseline-recovery-32,0,joint,,checkpoint,False,True,0.2014630111681963,0.9999991393288028,0.761237332624235,0,0,184.84654379326153,5,0.7999999999999999,2.432822603342204e-07,-2.0922224891694873e-11,85.99360052485314,0.42996800262426565,1.1099363839289799e-05
baseline-recovery-32,0,joint,,checkpoint,False,True,0.7375598251421206,0.9999965604222175,0.9164756606709665,0,0,198.51496973822697,6,0.2,1.0491070609397661e-07,5.355078683352755e-13,152.86610116168413,0.7643305058084207,4.044962262426568e-07
baseline-recovery-32,0,joint,,checkpoint,False,True,0.0009807600804759183,0.9999984215278489,0.6722655593949096,0,20,163.68349948748175,7,1.0,1.497998735947352e-08,3.4522384950719243e-12,63.74243376032709,0.31871216880163544,0.0027198554537278805
baseline-recovery-32,0,joint,,checkpoint,False,True,0.533855134236249,0.9999996797871925,0.9063689843638666,0,0,194.6551656350485,8,0.2,6.041410442808779e-05,-2.7690885576461552e-11,150.84476590026418,0.7542238295013209,3.6791558847022754e-10
baseline-recovery-32,0,joint,,checkpoint,False,True,1.0,1.0,1.0,0,0,200.0,9,0.0,6.193785834483394e-07,-3.7898184590545725e-13,200.0,1.0,1.5009833884681547e-08
baseline-recovery-32,0,joint,,checkpoint,False,True,1.7653851516543578e-37,0.9999920540398171,0.645661028190282,0,31,154.07814549756685,10,1.0,4.787303502743675e-08,8.110783711323677e-10,58.421527519401735,0.2921076375970087,0.00045723583803968724
baseline-recovery-32,0,joint,,checkpoint,False,True,0.09308551176515248,0.9999504949581559,0.949112033752774,0,1,198.1244425274848,11,0.1,2.1358289826272547e-07,-1.280446571734294e-09,172.4867233097257,0.8624336165486285,8.934874210706101e-08
baseline-recovery-32,0,joint,,checkpoint,False,True,0.012451864662653722,0.9999999712702837,0.7012307097949884,0,14,172.17308807854516,12,1.0,2.204753868012074e-07,-4.8356318949061006e-11,69.53546384034291,0.3476773192017146,5.024500449756227e-05
baseline-recovery-32,0,joint,,checkpoint,False,True,0.40850835049663364,0.9999976610363933,0.9008967427740253,0,0,192.95028229440103,13,0.2,1.7372464156217448e-06,1.1277433721008395e-10,149.7503175822958,0.748751587911479,1.8135217960097982e-08
baseline-recovery-32,0,joint,,checkpoint,False,True,0.15316858006975032,0.9997942389265223,0.7767033800780755,0,0,185.3871955374666,14,0.7,2.517897291936726e-07,-2.693576895376582e-10,92.17885340465523,0.4608942670232761,5.227233716982047e-06
baseline-recovery-32,0,joint,,checkpoint,False,True,0.030244595450566885,0.9999987820412861,0.7284227059838603,0,3,181.87309625160853,15,1.0,3.3255614443465723e-07,6.6495697836899126e-12,74.97386307811723,0.37486931539058616,2.8174624853872042e-05
baseline-recovery-32,0,joint,,checkpoint,False,True,0.0005819119933275234,0.9999945413857929,0.7378745038987583,0,14,174.3498797059487,16,0.7,4.4904885985520634e-08,-9.160039816061117e-10,84.41307816879186,0.4220653908439593,5.091012749998634e-05
baseline-recovery-32,0,joint,,checkpoint,False,True,0.04713739387420027,0.9999934819567807,0.8327240586848988,0,3,187.87368346347898,17,0.4,1.4530538988002498e-07,-9.040444092515895e-10,118.25028289535038,0.5912514144767519,1.2038910220704317e-06
baseline-recovery-32,0,joint,,checkpoint,False,True,1.0,1.0,1.0,0,0,200.0,18,0.0,1.5931142437104092e-06,-1.0332179556371557e-13,200.0,1.0,5.835595084277512e-09
baseline-recovery-32,0,joint,,checkpoint,False,True,3.3775638480190784e-41,0.9999980231017458,0.5639741160271713,0,70,123.69919073899246,19,0.4,2.2025351166988843e-07,1.1784360565965459e-09,64.5002943638047,0.3225014718190235,4.949666009366563e-07
baseline-recovery-32,0,joint,,checkpoint,False,True,5.348396596366194e-22,0.9999962605835294,0.5441155836839183,0,72,121.54440657027793,20,0.6,1.1592031092033111e-07,-6.9992082683901976e-09,49.53041060862658,0.2476520530431329,4.844866989080279e-06
baseline-recovery-32,0,joint,,checkpoint,False,True,0.48977398971556074,0.9999954762318545,0.9128288051176489,0,0,197.13119428811248,21,0.2,3.4964583895861435e-07,9.987862676999556e-10,152.1367300510206,0.760683650255103,1.0717499332662205e-07
baseline-recovery-32,0,joint,,checkpoint,False,True,1.0,1.0,1.0,0,0,200.0,22,0.0,2.570293880713293e-06,5.195704977367654e-13,200.0,1.0,3.617006490599823e-09
baseline-recovery-32,0,joint,,checkpoint,False,True,1.3803324204472907e-19,0.9999957429488866,0.5447581710767304,0,69,124.90129383269392,23,0.8999999999999999,1.0524364860122999e-07,-6.49349030708422e-10,40.22230525755553,0.20111152628777768,5.519813886423784e-05
baseline-recovery-32,0,joint,,checkpoint,False,True,1.668842398995806e-09,0.9999761365204842,0.6484814009334403,0,29,155.81448645490335,24,1.0,3.7168917625208796e-09,-1.995958398559594e-10,58.98560206803333,0.29492801034016664,0.02122754571343935
baseline-recovery-32,0,joint,,checkpoint,False,True,1.1441853383772845e-06,0.999977299944063,0.5828297456551162,0,57,133.05698034772044,25,0.7999999999999999,1.811530917417021e-08,3.225696766970823e-10,50.31208313102944,0.2515604156551472,0.0003225598332696636
baseline-recovery-32,0,joint,,checkpoint,False,True,0.0,0.9999998215809922,0.47665792539148627,20,90,106.12618794984336,26,0.8999999999999999,2.5722164225479234e-08,5.234029361384777e-13,26.60225612050669,0.13301128060253345,0.00037253378443680174
baseline-recovery-32,0,joint,,checkpoint,False,True,0.0,0.9999859675084096,0.6310731622369221,7,36,150.49284893084473,27,1.0,3.8614458040330924e-09,5.073219622175884e-12,55.503954328729634,0.27751977164364816,0.0195086369786803
baseline-recovery-32,0,joint,,checkpoint,False,True,0.7347332859249528,0.9999980327606925,0.9522314994159998,0,0,198.6804528879416,28,0.1,1.6986796034078603e-08,-2.5692021472599902e-11,173.11061644237103,0.8655530822118551,1.279208274749748e-06
baseline-recovery-32,0,joint,,checkpoint,False,True,4.0725147816642984e-60,0.9999956988181617,0.5389972746704537,0,70,119.97592600346833,29,0.6,6.55381591923563e-09,-1.900694045288339e-10,48.506748805933654,0.24253374402966826,0.0002009750526727892
baseline-recovery-32,0,joint,,checkpoint,False,True,2.3759972234768303e-05,0.9999993394064232,0.8969890856340129,0,12,186.5514137751682,30,0.1,1.1949205058313833e-06,-1.2179279546738008e-08,162.06213368597366,0.8103106684298683,1.3848315713939847e-08
baseline-recovery-32,0,joint,,checkpoint,False,True,2.8427891756530922e-11,0.9999949931481179,0.5559297355141838,0,70,121.82668857279947,31,0.5,1.7480612314192892e-05,3.68120789406845e-09,56.752841707655044,0.2837642085382752,4.332139820412265e-09
baseline-recovery-32,0,joint,,checkpoint,False,True,0.775066887099969,0.9999999959985257,0.952850486944455,0,0,198.91021358617087,32,0.1,0.0001161262577352904,3.969201004974206e-11,173.23441394806193,0.8661720697403097,1.204102810403395e-10
baseline-recovery-32,0,joint,,checkpoint,False,True,1.0,1.0,1.0,0,0,200.0,33,0.0,5.357336963467809e-06,-2.4085217154024008e-12,200.0,1.0,1.7353341245257769e-09
baseline-recovery-32,0,joint,,checkpoint,False,True,1.605542485542516e-127,0.9999829707381576,0.8343613451576464,0,16,179.14669309624676,34,0.2,4.537477555905915e-08,3.0810708069398206e-09,136.4432380590201,0.6822161902951005,9.258775767672146e-07
baseline-recovery-32,0,joint,,checkpoint,False,True,0.06035899617057984,0.9998759841096897,0.7275012391772657,0,3,181.10294662643034,35,1.0,1.0675326794454162e-08,-3.441051332764289e-10,74.78956971679835,0.37394784858399177,0.004892536804814669
baseline-recovery-32,0,joint,,checkpoint,False,True,0.000982410477909067,0.999996616019402,0.6843080972957841,0,18,166.34051671204128,36,1.0,6.80408754714273e-09,-1.2574424834710385e-10,66.15094134050204,0.3307547067025102,0.009044175296003156
baseline-recovery-32,0,joint,,checkpoint,False,True,0.47184764920588024,0.9999470122942493,0.8545753868235263,0,0,195.03967704897903,37,0.4,2.6615714601033847e-08,2.850249155986996e-11,122.62054852307574,0.6131027426153787,9.471281735890766e-06
baseline-recovery-32,0,joint,,checkpoint,False,True,0.19165981323936787,0.9999884478613881,0.7363836058953365,0,0,179.49970160681582,38,0.8999999999999999,4.619759103661489e-08,-4.892620813642215e-11,78.54739222127684,0.3927369611063842,0.0002462129056034155
baseline-recovery-32,0,joint,,checkpoint,False,True,0.7092551862061209,0.9999999206607846,0.9158221238843985,0,0,198.25302545679673,39,0.2,5.192932490650034e-08,2.64185813306314e-11,152.73539380437052,0.7636769690218526,8.760976510907646e-07
baseline-recovery-32,0,joint,,checkpoint,False,True,1.0,1.0,1.0,0,0,200.0,40,0.0,3.2168536508189206e-06,-3.1343816431217417e-13,200.0,1.0,2.8900194595182397e-09
baseline-recovery-32,0,joint,,checkpoint,False,True,1.0,1.0,1.0,0,0,200.0,41,0.0,1.1872040093569582e-06,7.431388837630948e-14,200.0,1.0,7.830810522889429e-09
baseline-recovery-32,0,joint,,checkpoint,False,True,0.12098175563133871,0.999994944881232,0.8225782684435518,0,0,184.03589117927083,42,0.4,2.878760067667464e-06,-2.0154299110327377e-10,116.2211248470808,0.581105624235404,3.3033515929484806e-08
baseline-recovery-32,0,joint,,checkpoint,False,True,0.0532420191602037,0.999999209966878,0.8950359837660069,0,2,192.14135229731477,43,0.2,6.029775211743945e-07,-3.199665337047433e-10,148.5781657806922,0.7428908289034609,5.7703823554860286e-08
baseline-recovery-32,0,joint,,checkpoint,False,True,0.014769439777545447,0.999975021504331,0.7072811985922723,0,14,170.27926838597904,44,0.8999999999999999,3.501801678510149e-07,1.9676042956454817e-10,72.72691076066378,0.36363455380331894,1.2539323348967191e-05
baseline-recovery-32,0,joint,,checkpoint,False,True,1.0,1.0,1.0,0,0,200.0,45,0.0,2.8037031489165246e-07,-2.6065816172149425e-14,200.0,1.0,3.315889434614945e-08
baseline-recovery-32,0,joint,,checkpoint,False,True,0.21922860923153506,0.9999951970727636,0.844906211194392,0,0,191.435663226505,46,0.4,1.8923234992814975e-07,1.6843386360502445e-10,120.68671339724881,0.6034335669862441,8.896889078549967e-07
baseline-recovery-32,0,joint,,checkpoint,False,True,1.4277086826499193e-11,0.9996970458766016,0.7248744691488145,0,16,166.61057059530572,47,0.6,3.839860066036295e-08,-7.915146303063302e-11,85.68218770160587,0.42841093850802936,2.714256452625827e-05
baseline-recovery-32,0,joint,,checkpoint,False,True,0.48208740470914646,0.9999844226132066,0.90584968835875,0,0,194.56163386020341,48,0.2,1.699459757373617e-05,-8.355678081966273e-11,150.74090669924075,0.7537045334962038,1.4839166071017769e-09
baseline-recovery-32,0,joint,,checkpoint,False,True,0.4737051892161218,0.9999999183292709,0.904583797219749,0,0,194.1432567613464,49,0.2,1.823368638961171e-05,-3.2108685036049975e-11,150.48772847144056,0.7524386423572028,1.3714570302185746e-09
baseline-recovery-32,0,joint,,checkpoint,False,True,0.0016154857598139323,0.9999568306502805,0.7169593135335346,0,16,171.35780703027265,50,0.7999999999999999,1.4514043195392094e-05,6.013014365922056e-10,77.13799670671311,0.38568998353356554,3.41447048593985e-08
baseline-recovery-32,0,joint,,checkpoint,False,True,0.6289023959763661,0.9999999348499706,0.9154702154430603,0,0,198.11931540249356,51,0.2,2.1126865012354203e-06,2.810234740549619e-10,152.66501211610273,0.7633250605805136,1.4860074461213975e-08
baseline-recovery-32,0,joint,,checkpoint,False,True,1.1252104773172088e-06,0.999961720396049,0.6488358191868552,0,26,154.52305121196812,52,1.0,2.646432769839299e-07,3.1533331501520934e-11,59.05648571871632,0.29528242859358156,3.5352135296028405e-05
baseline-recovery-32,0,joint,,checkpoint,False,True,0.0062936611125594955,0.9999991722279754,0.6763043921976106,0,20,163.94807831992162,53,1.0,4.4617041511019475e-07,-1.9605705947611796e-11,64.55020032086733,0.3227510016043367,1.6833064422578318e-05
baseline-recovery-32,0,joint,,checkpoint,False,True,7.061849392335392e-77,0.999983049491397,0.6367194165301798,0,36,152.609483490544,54,1.0,8.198201992917369e-08,2.0181772919514174e-10,56.63320518738129,0.2831660259369065,0.0002012066376840591
baseline-recovery-32,0,joint,,checkpoint,False,True,0.4783198934296973,0.9999999977760132,0.9023887053772246,0,0,193.28228075026897,55,0.2,1.0708021461072479e-05,-3.1978261586232135e-11,150.04871010293576,0.7502435505146788,2.457020750234233e-09
baseline-recovery-32,0,joint,,checkpoint,False,True,0.4418327681922679,0.9999999031853015,0.9005466015861979,0,0,192.71022693206243,56,0.2,2.438394974893082e-06,-4.725967660850456e-11,149.68028934473048,0.7484014467236524,1.2484957292977879e-08
baseline-recovery-32,0,joint,,checkpoint,False,True,1.0,1.0,1.0,0,0,200.0,57,0.0,0.0002111867564792674,-3.0830893393840597e-15,200.0,1.0,4.4021556106439204e-11
baseline-recovery-32,0,joint,,checkpoint,False,True,0.6139178936895208,0.9999997534093669,0.9129198621886795,0,0,197.09076816588416,58,0.2,2.5323034869876736e-05,7.719650038382202e-12,152.1549414652266,0.7607747073261331,9.644076735316319e-10
baseline-recovery-32,0,joint,,checkpoint,False,True,0.0,0.9999900869137271,0.5515344078995682,14,65,125.94147870425239,59,0.8999999999999999,3.9394748117772476e-09,1.8194905521532642e-10,41.57755262212305,0.20788776311061524,0.006547745131564142
baseline-recovery-32,0,joint,,checkpoint,False,True,5.1751513609993696e-11,0.9999989679005951,0.6601667346462716,0,29,157.32477778198907,60,0.8999999999999999,9.409370132828003e-08,-9.87357651800878e-10,63.30401797146372,0.3165200898573186,7.868565531716513e-05
baseline-recovery-32,0,joint,,checkpoint,False,True,1.0,1.0,1.0,0,0,200.0,61,0.0,6.414961285556626e-05,1.1261436227982813e-13,200.0,1.0,1.4492323858946345e-10
baseline-recovery-32,0,joint,,checkpoint,False,True,0.6893130165360407,0.9999869766603865,0.9540088869920694,0,0,199.3831307917084,62,0.1,2.5283495463618956e-06,-1.2250236004253564e-12,173.46609395758495,0.8673304697879247,6.704852239364805e-09
baseline-recovery-32,0,joint,,checkpoint,False,True,0.14073291731976495,0.9999607272163903,0.8655147711439213,0,0,190.92737405678244,63,0.30000000000000004,3.1000493426875276e-07,1.521927804493183e-11,132.62335333769062,0.6631167666884531,2.425208206155412e-07
baseline-recovery-32,0,joint,,checkpoint,False,True,0.6887247989714593,0.999999743574988,0.916585562814378,0,0,198.57699660246976,64,0.2,5.260299852670893e-07,-8.979936119970784e-12,152.88808159036626,0.7644404079518313,6.866837828010587e-08
baseline-recovery-32,0,joint,,checkpoint,False,True,1.0,1.0,1.0,0,0,200.0,65,0.0,8.82874254531839e-07,8.977818488631328e-14,200.0,1.0,1.0530117512848676e-08
baseline-recovery-32,0,joint,,checkpoint,False,True,0.2110329214676123,0.999998049419874,0.8131327995128754,0,0,180.45984110579738,66,0.4,2.3877978820117456e-05,-6.313665289762935e-10,114.33203106094561,0.571660155304728,2.5786270660978836e-09
baseline-recovery-32,0,joint,,checkpoint,False,True,1.1570406480956353e-34,0.9999999888472632,0.5668285812796564,0,62,129.97660189591585,67,0.7999999999999999,3.3920725828545376e-06,1.143220335236617e-09,47.11185025593747,0.23555925127968735,2.0660136068086967e-07
baseline-recovery-32,0,joint,,checkpoint,False,True,2.5364877594093376e-17,0.9999988959204968,0.7877686438212159,0,14,177.19122885852408,68,0.4,2.025442446412291e-06,2.1568280906532426e-09,109.25919992261365,0.5462959996130682,4.823907085114851e-08
baseline-recovery-32,0,joint,,checkpoint,False,True,1.0,1.0,1.0,0,0,200.0,69,0.0,9.968310939447218e-07,2.4067015047535278e-12,200.0,1.0,9.326323893548755e-09
baseline-recovery-32,0,joint,,checkpoint,False,True,0.4943696765037642,0.9999994807825778,0.9130196324179793,0,0,197.24296439244858,70,0.2,1.2865872945490465e-06,-2.8510344906334223e-10,152.17489551108662,0.7608744775554331,2.5573623175360076e-08
baseline-recovery-32,0,joint,,checkpoint,False,True,0.8840542048270855,0.9999348436887928,0.9549409031748403,0,0,199.74397976624476,71,0.1,1.2618478300842338e-06,-5.3105440229827147e-11,173.6524971941392,0.8682624859706959,1.3923067337845794e-08
baseline-recovery-32,0,joint,,checkpoint,False,True,0.5155688148506393,0.9999999652784787,0.9058855617454583,0,0,194.48543495093045,72,0.2,7.6835585906731e-05,-8.695719025666744e-12,150.74808137658246,0.7537404068829123,2.8226044333859045e-10
baseline-recovery-32,0,joint,,checkpoint,False,True,0.10450387010716265,0.9999996264909072,0.8381696987426526,0,0,189.5496439624837,73,0.4,1.4796188862662168e-06,4.268920351364971e-10,119.33941090690084,0.5966970545345042,7.481285857396593e-08
baseline-recovery-32,0,joint,,checkpoint,False,True,0.24386076525532258,0.9997753810492632,0.7912910631790021,0,0,184.92189560794716,74,0.6,4.5159013670492475e-07,1.741779998141049e-09,98.9655065076434,0.494827532538217,1.2027256447694907e-06
baseline-recovery-32,0,joint,,checkpoint,False,True,0.3193409775563825,0.9999886635999569,0.8745651401417688,0,0,193.63065065288586,75,0.30000000000000004,1.794629798325865e-07,-5.614691703807572e-09,134.43342713726008,0.6721671356863004,4.5948305421073883e-07
baseline-recovery-32,0,joint,,checkpoint,False,True,7.57436286468996e-49,0.9999986096405802,0.7218385680661664,0,21,166.83914518771468,76,0.6,2.2536110510326454e-06,2.0171120342680462e-10,85.07500748507616,0.4253750374253808,1.357361487052589e-07
baseline-recovery-32,0,joint,,checkpoint,False,True,0.4365598151921162,0.9999994584525255,0.8666502136208234,0,0,190.43991599428625,77,0.30000000000000004,0.0004053524281125271,-6.895920516391436e-12,132.8504418330711,0.6642522091653555,6.32972140000069e-11
baseline-recovery-32,0,joint,,checkpoint,False,True,1.9796081135145645e-05,0.9996420213295131,0.6350870227520764,0,33,150.92988052799342,78,1.0,5.2270565818257493e-08,-1.3680001575977485e-11,56.306726431760424,0.2815336321588021,0.00039420267632944874
baseline-recovery-32,0,joint,,checkpoint,False,True,9.688023522139495e-06,0.9999719891388935,0.6439703698756251,0,40,146.8826216471563,79,0.7,9.750346816163804e-08,-3.0002222970500186e-08,65.63225136416506,0.3281612568208253,1.5599362022628368e-05
baseline-recovery-32,0,joint,,checkpoint,False,True,0.6821731842508806,0.9999945077468475,0.9534007175132175,0,0,199.13837898492693,80,0.1,5.9401884943312e-07,-1.8985414980807652e-10,173.3444600618146,0.866722300309073,3.0662036689263656e-08
baseline-recovery-32,0,joint,,checkpoint,False,True,0.12749280419388714,0.9999223274763848,0.7267419765374964,0,0,180.8405475605174,81,1.0,8.176167609513337e-07,5.571380801150383e-09,74.6377171888445,0.37318858594422255,7.291681640824505e-06
baseline-recovery-32,0,joint,,checkpoint,False,True,0.44299540214272026,0.9999904045804162,0.8314918678884393,0,0,194.007372524758,82,0.5,5.80423357401726e-07,1.787125392116451e-09,111.86526818250627,0.5593263409125313,4.5714636117468156e-07
baseline-recovery-32,0,joint,,checkpoint,False,True,0.09120896877167241,0.9999478980436765,0.7385376277833832,0,1,180.91622329504256,83,0.8999999999999999,7.559879198486701e-07,1.5052483031725923e-09,78.97819659888604,0.3948909829944302,4.2897384806032e-06
baseline-recovery-32,0,joint,,checkpoint,False,True,0.00013847080955430415,0.9998179061848705,0.8111333204090937,0,3,187.3342827615914,84,0.5,2.9749714385161674e-07,2.1339659483921025e-09,107.79355868663694,0.5389677934331847,1.0282935309732118e-06
baseline-recovery-32,0,joint,,checkpoint,False,True,1.0364228240044555e-06,0.9999796882830696,0.7812026143964681,0,9,179.54114576387423,85,0.5,1.0989543648910538e-07,-2.1271578942716474e-10,101.80741748411205,0.5090370874205603,3.4388836118001033e-06
baseline-recovery-32,0,joint,,checkpoint,False,True,0.18174365946058516,0.9999718719779427,0.7834670084028478,0,0,188.60628518340877,86,0.7,1.6433800264044329e-07,1.5863795965229299e-09,93.53157906960962,0.4676578953480481,9.379775528504064e-06
baseline-recovery-32,0,joint,,checkpoint,False,True,1.0,1.0,1.0,0,0,200.0,87,0.0,1.0803169431441267e-05,2.255379771831656e-12,200.0,1.0,8.605594597296531e-10
baseline-recovery-32,0,joint,,checkpoint,False,True,0.4752757501470139,0.9999743759800303,0.9049473754308258,0,0,194.2590908946771,88,0.2,9.04496194919517e-07,1.8032475430721037e-09,150.56044411365593,0.7528022205682796,3.734833415508698e-08
baseline-recovery-32,0,joint,,checkpoint,False,True,6.438915453131522e-73,0.999999711871983,0.7313896746418126,0,13,172.83142514805084,89,0.7,9.52817300567926e-08,-4.239809017592485e-13,83.1161123174027,0.41558056158701345,1.827695559205072e-05
baseline-recovery-32,0,joint,,checkpoint,False,True,0.38201770972104526,0.9999999912640853,0.8969895144304221,0,0,191.6080481699428,90,0.2,9.157265203147557e-07,2.598650934518362e-10,148.96887191357519,0.744844359567876,3.6520803564120065e-08
baseline-recovery-32,0,joint,,checkpoint,False,True,6.6623680199327145e-09,0.9999997531321664,0.7599574113754386,0,8,176.84691577482812,91,0.6,8.185593342687987e-07,3.915969216870899e-10,92.69877614693053,0.46349388073465264,5.331165101249462e-07
baseline-recovery-32,0,joint,,checkpoint,False,True,0.0010499012555512197,0.9999954300112219,0.8433714779902388,0,8,186.07135865376384,92,0.30000000000000004,8.496873382396168e-07,-1.0133006259642307e-08,128.19469470695424,0.6409734735347712,7.411725617600833e-08
baseline-recovery-32,0,joint,,checkpoint,False,True,1.0,1.0,1.0,0,0,200.0,93,0.0,0.00012808182176484443,-4.677761511473477e-12,200.0,1.0,7.258461443777389e-11
baseline-recovery-32,0,joint,,checkpoint,False,True,2.26871596062665e-56,0.9998860102906836,0.648893785245937,0,27,156.13687550090677,94,1.0,6.561497200320153e-07,4.276882725751108e-08,59.068078930532636,0.29534039465266315,9.056102404834716e-06
baseline-recovery-32,0,joint,,checkpoint,False,True,0.10511020122048752,0.9999988752398374,0.7761922460542583,0,0,185.86513230981058,95,0.7,1.0323117423241187e-06,3.728548816310534e-09,92.0766265998918,0.460383132999459,7.775756763621147e-07
baseline-recovery-32,0,joint,,checkpoint,False,True,0.37529491478414095,0.999994862887642,0.8499444516317195,0,0,193.2174888436948,96,0.4,7.573818284779327e-07,-2.5131889213340837e-09,121.69436148471448,0.6084718074235724,1.6944814477632088e-07
baseline-recovery-32,0,joint,,checkpoint,False,True,0.5055413637765434,0.9999709343374283,0.9124313450818262,0,0,196.98802118143777,97,0.2,4.858382635805599e-07,-9.381220882262368e-10,152.05723804385593,0.7602861902192797,7.460271593693814e-08
baseline-recovery-32,0,joint,,checkpoint,False,True,0.41267849403161033,0.9999910808429199,0.8479674524451917,0,0,192.25723151819838,98,0.4,6.992430532241508e-07,3.1565865152142457e-10,121.29896164740879,0.6064948082370439,1.860585032028151e-07
baseline-recovery-32,0,joint,,checkpoint,False,True,0.5508368934940437,0.9999610242579684,0.9140200701188586,0,0,197.57596587529136,99,0.2,3.842415355813159e-07,4.689785977421509e-10,152.37498305126252,0.7618749152563126,9.673559817518499e-08
baseline-recovery-32,0,joint,,checkpoint,False,True,1.0,1.0,1.0,0,0,200.0,100,0.0,4.77791822878917e-07,-6.5037863983263834e-12,200.0,1.0,1.9457783084841475e-08
baseline-recovery-32,0,joint,,checkpoint,False,True,2.5422315415467357e-08,0.9999980775967449,0.6708892772544823,0,26,160.6348046486407,101,0.8999999999999999,2.3190603223321198e-08,6.843829886541594e-11,65.44852649310583,0.32724263246552915,0.0006093307778657401
baseline-recovery-32,0,joint,,checkpoint,False,True,1.0,1.0,1.0,0,0,200.0,102,0.0,2.771388118672607e-07,-2.8918906158637013e-12,200.0,1.0,3.3545534768842666e-08
baseline-recovery-32,0,joint,,checkpoint,False,True,0.12927123835442592,0.9999952006773438,0.7260246521658954,0,0,175.7403824920746,103,0.8999999999999999,2.285270069083391e-07,6.168296312099381e-10,76.47560147538856,0.3823780073769428,2.3899932654350755e-05
baseline-recovery-32,0,joint,,checkpoint,False,True,0.012722851267028351,0.9999935231139291,0.7993992849187562,0,7,184.78114537108831,104,0.5,5.8596017045768776e-08,9.61833446222471e-10,105.44675158856955,0.5272337579428478,7.723372774995986e-06
baseline-recovery-32,0,joint,,checkpoint,False,True,1.736306619070221e-36,0.9999988697785835,0.8420491191068455,0,16,181.40629360552637,105,0.2,5.111825150081968e-07,-3.434253195591921e-09,137.98079284885986,0.6899039642442993,6.510272482791604e-08
baseline-recovery-32,0,joint,,checkpoint,False,True,3.2763456450458537e-97,0.999999301458198,0.4960373899306104,0,83,111.19733389414552,106,1.0,6.786647676679812e-09,-6.6378759711049895e-09,28.496799867467328,0.14248399933733663,0.006581177282426811
baseline-recovery-32,0,joint,,checkpoint,False,True,0.42852776035867896,0.9999985531004224,0.9082542920834291,0,0,195.47086072950714,107,0.2,2.256905908890477e-06,-2.352610715394026e-08,151.22182744417645,0.7561091372208822,1.3710016879682719e-08
baseline-recovery-32,0,joint,,checkpoint,False,True,0.4775448633480645,0.9999998075553435,0.9095284087415866,0,0,195.88953665099828,108,0.2,2.7913197917754843e-06,-6.109226716058672e-09,151.47665077580814,0.7573832538790407,1.086728467352722e-08
baseline-recovery-32,0,joint,,checkpoint,False,True,0.5910505998535611,0.9999963335727545,0.912370013493831,0,0,196.90560910190544,109,0.2,6.098015433079874e-07,5.940939602569558e-10,152.0449717262571,0.7602248586312855,5.80977029271779e-08
baseline-recovery-32,0,joint,,checkpoint,False,True,0.4524381376363438,0.9999999115678434,0.8778315927670778,0,0,194.71850040394975,110,0.30000000000000004,4.130960460291437e-07,5.565772920173024e-10,135.08671766232172,0.6754335883116086,1.7680761074097105e-07
baseline-recovery-32,0,joint,,checkpoint,False,True,0.8198142686761983,0.9999999762889716,0.9541232316396937,0,0,199.41260562618058,111,0.1,5.590836505405173e-07,-1.8963976951736674e-09,173.48896288710998,0.8674448144355499,3.270164508155574e-08
baseline-recovery-32,0,joint,,checkpoint,False,True,0.33305945360011036,0.9999428510797027,0.8224993058604545,0,0,190.31459851353213,112,0.5,4.263657575779861e-07,-4.0405734313964103e-10,110.06675577690925,0.5503337788845463,6.649454285944176e-07
baseline-recovery-32,0,joint,,checkpoint,False,True,1.0,1.0,1.0,0,0,200.0,113,0.0,9.705665316390448e-07,8.079088453794014e-11,200.0,1.0,9.578704134366801e-09
baseline-recovery-32,0,joint,,checkpoint,False,True,0.5533157367153819,0.9999994522638119,0.9102627159669701,0,0,196.14430090724167,114,0.2,1.9603414031492557e-06,7.241805757959582e-09,151.62351222088483,0.7581175611044242,1.604342913833503e-08
baseline-recovery-32,0,joint,,checkpoint,False,True,0.3038078052927703,0.9999899208462706,0.7413606079029637,0,0,186.74422302339457,115,1.0,8.165435136443506e-07,4.486093774236366e-09,77.56144346193807,0.38780721730969037,7.453026030906015e-06
baseline-recovery-32,0,joint,,checkpoint,False,True,0.3753187809999463,0.9999920317286273,0.7608277778109402,0,0,190.32887330144396,116,0.8999999999999999,1.1692721562516338e-06,9.025760183083022e-09,83.43622660439748,0.4171811330219874,2.348083080978755e-06
baseline-recovery-32,0,joint,,checkpoint,False,True,0.2989617155272653,0.9999888326276236,0.908247349336419,0,0,195.6198995299972,117,0.2,1.67879626545674e-07,7.269629572493581e-08,151.22043889477465,0.7561021944738733,2.3900207680898266e-07
baseline-recovery-32,0,joint,,checkpoint,False,True,0.13454211251326692,0.9999369855746133,0.8472380800348631,0,0,192.5855383530651,118,0.4,1.7419746797977511e-07,-8.72209790976761e-10,121.15308716534307,0.6057654358267154,9.853247550353205e-07
baseline-recovery-32,0,joint,,checkpoint,False,True,0.6209478317573255,0.9999995544216874,0.9147794545687925,0,0,197.8630649728092,119,0.2,3.027409136807657e-07,1.8050251489124066e-09,152.52685994124928,0.7626342997062464,1.2584428643985797e-07
baseline-recovery-32,0,joint,,checkpoint,False,True,0.6154827701985959,0.9999989827976399,0.915232514410605,0,0,198.02095811489025,120,0.2,4.86609539510406e-07,1.6395059488611724e-10,152.61747190961185,0.7630873595480593,7.470128791822847e-08
baseline-recovery-32,0,joint,,checkpoint,False,True,0.302140339332357,0.9999999459102582,0.8276987966030862,0,0,192.6917388788682,121,0.5,2.54676390340111e-07,4.4462095116770683e-10,111.10665392543544,0.5555332696271772,1.2742798886766537e-06
baseline-recovery-32,0,joint,,checkpoint,False,True,0.17782833703311732,0.9999987244023795,0.8494339382994542,0,0,193.5020104341526,122,0.4,5.047738903567634e-07,-2.9515463781855508e-08,121.59225881826123,0.6079612940913062,2.7557351886727156e-07
baseline-recovery-32,0,joint,,checkpoint,False,True,1.774975433860886e-18,0.9999939925059211,0.718353549495039,0,10,175.60515606540915,123,0.8999999999999999,1.2336837807866664e-06,-1.019584695621397e-08,74.94138094121716,0.3747069047060858,2.0511498172281965e-06
baseline-recovery-32,0,joint,,checkpoint,False,True,0.857898006287581,0.9999960970540746,0.9547875951554183,0,0,199.68156283525582,124,0.1,5.997650421941776e-07,-1.6367017221142523e-09,173.6218355902547,0.8681091779512735,3.03978119233724e-08
baseline-recovery-32,0,joint,,checkpoint,False,True,0.2664218529415223,0.999394767403961,0.7463954774042284,0,0,183.48784850300825,125,0.8999999999999999,6.300485598441599e-07,1.712317701401718e-07,80.5497665230552,0.402748832615276,5.646526831165366e-06
baseline-recovery-32,0,joint,,checkpoint,False,True,0.49527165679386376,0.9999999435058494,0.9037438805981941,0,0,193.7434119080336,126,0.2,1.6361781687011796e-05,-8.454354308176917e-09,150.31974514712965,0.7515987257356482,1.5435725481569445e-09
baseline-recovery-32,0,joint,,checkpoint,False,True,0.035064481878826145,0.9999986096194853,0.7151058175172679,0,3,176.74426335856506,127,1.0,2.5345071207953652e-08,1.5675328257636068e-09,72.31048538479882,0.36155242692399414,0.001314625854976907
baseline-recovery-32,0,joint,,checkpoint,False,True,1.0,1.0,1.0,0,0,200.0,128,0.0,4.078933334454239e-06,6.9929607104946e-11,200.0,1.0,2.2792158848884043e-09
baseline-recovery-32,0,joint,,checkpoint,False,True,0.06526827790248167,0.9999925380618659,0.7565960129309309,0,6,178.77753516311205,129,0.7,3.224608227018768e-07,-3.0127607740576125e-07,88.15737997522629,0.44078689987613145,3.646180745065296e-06
baseline-recovery-32,0,joint,,checkpoint,False,True,0.0001275887396077456,0.9999680141658572,0.6670036327427674,0,40,149.00570468941135,130,0.5,7.888157206511546e-07,-7.939367263898323e-06,78.96762115337174,0.3948381057668587,2.49912002815826e-07
baseline-recovery-32,0,joint,,checkpoint,False,True,0.16960497099206823,0.9999999982672946,0.9488354639983949,0,0,197.86898801770488,131,0.1,4.468260562309086e-07,-2.8934007586146384e-09,172.43140935884983,0.8621570467942492,4.1149186665689447e-08
baseline-recovery-32,0,joint,,checkpoint,False,True,7.178045458964723e-72,0.9999995581621189,0.5498274129069691,0,74,120.83533343710108,132,0.4,7.481725832415529e-07,-1.129843960709838e-06,61.670953739764286,0.30835476869882145,1.112367710575143e-07
baseline-recovery-32,0,joint,,checkpoint,False,True,1.0,1.0,1.0,0,0,200.0,133,0.0,1.5323627549249445e-05,5.483218323831807e-12,200.0,1.0,6.066950935351014e-10
baseline-recovery-32,0,joint,,checkpoint,False,True,0.5814598594672638,0.9999998992767686,0.9099398252214095,0,0,195.95347424917205,134,0.2,1.3527962379246164e-05,2.5892288508880344e-09,151.55893407177277,0.7577946703588638,1.9158097414343667e-09
baseline-recovery-32,0,joint,,checkpoint,False,True,0.0008834923339515807,0.9999930117939339,0.692297812090205,0,15,165.5911583632606,135,0.8999999999999999,3.1612318997636167e-07,1.6417661773908278e-08,69.73023346025037,0.3486511673012519,1.4236589865027915e-05
baseline-recovery-32,0,joint,,checkpoint,False,True,0.5634836488500632,0.9999949221614783,0.9153067201797543,0,0,198.0587429677971,136,0.2,1.306913838254627e-06,-4.293413762210177e-10,152.63231306344156,0.7631615653172078,2.519940743031132e-08
baseline-recovery-32,0,joint,,checkpoint,False,True,3.0014832766181982e-108,0.9999972235580655,0.5448416492902431,0,66,125.62298129573968,137,1.0,1.938401925895572e-09,1.8665571865916775e-09,38.25765173939388,0.1912882586969694,0.04735618209250871
baseline-recovery-32,0,joint,,checkpoint,False,True,1.0,1.0,1.0,0,0,200.0,138,0.0,3.2966748957083104e-06,1.2180423336616286e-13,200.0,1.0,2.8200444215447908e-09
baseline-recovery-32,0,joint,,checkpoint,False,True,0.5517551276707968,0.9999874340575854,0.9140439269694156,0,0,197.58498169913753,139,0.2,2.872955343690544e-07,2.160237833865624e-11,152.37975442137378,0.7618987721068688,1.3319889868009549e-07
baseline-recovery-32,0,joint,,checkpoint,False,True,0.6169996813965118,0.9999950661614448,0.952308362847304,0,0,198.7452561617224,140,0.1,2.207584818202551e-06,-1.2468661832643936e-09,173.12598912863191,0.8656299456431595,7.71756136910356e-09
baseline-recovery-32,0,joint,,checkpoint,False,True,0.8178624940048169,0.9999988146870175,0.9535888789824232,0,0,199.19629055219977,141,0.1,6.693279365632628e-05,2.4816692970984998e-09,173.38209235565577,0.8669104617782789,2.149097109255158e-10
baseline-recovery-32,0,joint,,checkpoint,False,True,1.0,1.0,1.0,0,0,200.0,142,0.0,0.0002946146658896042,1.3410473287400747e-11,200.0,1.0,3.155569197893435e-11
baseline-recovery-32,0,joint,,checkpoint,False,True,6.137885026073079e-251,0.999999488702467,0.7002824229323437,0,31,158.0931503492537,143,0.5,5.376555613374444e-07,-1.1671868804796759e-08,85.62337919128697,0.4281168959564349,4.2366385153597727e-07
baseline-recovery-32,0,joint,,checkpoint,False,True,1.0,1.0,1.0,0,0,200.0,144,0.0,5.7499781262038244e-05,-2.490959660761405e-12,200.0,1.0,1.6168356548908815e-10
baseline-recovery-32,0,joint,,checkpoint,False,True,1.612583734125106e-05,0.9999991354826511,0.6160382850358124,0,50,136.12996197465694,145,0.5,2.0990744426324547e-06,7.050246086937051e-08,68.77455161198073,0.34387275805990364,6.791274180891408e-08
baseline-recovery-32,0,joint,,checkpoint,False,True,1.4222821498577203e-14,0.9999300991922961,0.7564072548305509,0,19,173.84264398557784,146,0.5,4.81529656322975e-07,-2.191361092584998e-09,96.84834557092839,0.4842417278546419,5.252369231214546e-07
baseline-recovery-32,0,joint,,checkpoint,False,True,0.0,0.9999999254724673,0.5361081356003442,13,68,123.58216868129948,147,1.0,2.7485248325452674e-10,2.390234121740775e-10,36.51094900141409,0.18255474500707045,0.8727202074968092
baseline-recovery-32,0,joint,,checkpoint,False,True,1.0,1.0,1.0,0,0,200.0,148,0.0,2.9232287776283123e-05,-9.71256464143977e-12,200.0,1.0,3.180308609588756e-10
baseline-recovery-32,0,joint,,checkpoint,False,True,1.0,1.0,1.0,0,0,200.0,149,0.0,0.00027925408870918306,-4.730788538687136e-12,200.0,1.0,3.329143609772058e-11
baseline-recovery-32,0,joint,,checkpoint,False,True,0.0,0.9999450634609515,0.5459915449295054,24,64,125.68352346321008,150,1.0,9.19145366746036e-09,-3.5560659972233566e-09,38.487630867246324,0.19243815433623163,0.004596018262786236
baseline-recovery-32,0,joint,,checkpoint,False,True,2.302332364565e-06,0.9999989771636263,0.5714827608076086,0,57,128.99965598409116,151,0.7999999999999999,1.0796609550970242e-07,-5.940448140600596e-08,48.04268616152798,0.2402134308076399,2.5985639436300383e-05
baseline-recovery-32,0,joint,,checkpoint,False,True,3.2656545643539776e-117,0.9999991970246138,0.6790317756426424,0,34,156.2743432314977,152,0.6,1.1360560066162357e-07,6.419447751280097e-09,76.51364900037134,0.3825682450018567,6.20681106038139e-06
baseline-recovery-32,0,joint,,checkpoint,False,True,3.3404622202761473e-06,0.9999985636136115,0.9041261832227693,0,2,195.56000093977605,153,0.2,1.4658684857174593e-07,-2.004786296127297e-08,150.39620567204454,0.7519810283602227,2.7619757873393616e-07
baseline-recovery-32,0,joint,,checkpoint,False,True,0.40576323332006253,0.9999945111174611,0.8804147132364056,0,0,195.81018830427172,154,0.30000000000000004,1.1656220766592102e-07,6.938255006068595e-09,135.60334175618755,0.6780167087809378,7.597912805258879e-07
baseline-recovery-32,0,joint,,checkpoint,False,True,0.8463749856055398,0.9999996179564279,0.9542280246235332,0,0,199.45210403217035,155,0.1,1.0364713201025966e-07,-1.399323757607184e-09,173.50992148387763,0.8675496074193881,1.9192554186735996e-07
baseline-recovery-32,0,joint,,checkpoint,False,True,2.361244320481011e-43,0.9999998701207636,0.5176769308193527,0,75,117.52764796109965,156,1.0,9.873657736500632e-07,-1.3413842259168973e-09,32.82470804521576,0.16412354022607878,3.9139370907224145e-06
baseline-recovery-32,0,joint,,checkpoint,False,True,1.0717726083632427e-08,0.9999975811688697,0.7298413707719701,0,16,172.32078848653902,157,0.7,9.347493365375154e-07,5.02854997858489e-09,82.8064515434341,0.41403225771717045,8.360033963845688e-07
baseline-recovery-32,0,joint,,checkpoint,False,True,3.2484251125310664e-15,0.9999927916546879,0.6299829612244492,0,49,142.01650223873796,158,0.6,7.871207113585232e-07,3.161673106668359e-08,66.70388611673273,0.3335194305836637,4.650216298139645e-07
baseline-recovery-32,0,joint,,checkpoint,False,True,1.1372654764291384e-05,0.9999999871274532,0.668342060157501,0,23,161.2289781520919,159,1.0,1.4768446667604808e-07,2.643284868764084e-09,62.95773391284541,0.3147886695642271,8.735116396584193e-05
baseline-recovery-32,0,joint,,checkpoint,False,True,1.0,1.0,1.0,0,0,200.0,160,0.0,2.8413194220183366e-05,2.370215690383759e-12,200.0,1.0,3.2719903215545565e-10
baseline-recovery-32,0,joint,,checkpoint,False,True,3.2171143082157276e-11,0.9999992814597599,0.7680258762761798,0,10,180.71235131165523,161,0.6,1.9406675075366562e-06,-6.467850698156559e-10,94.31246912707886,0.4715623456353943,1.754031829763308e-07
baseline-recovery-32,0,joint,,checkpoint,False,True,0.06132696334740857,0.9999986957495622,0.855790962432375,0,3,188.28047687845816,162,0.30000000000000004,1.9806048405338044e-07,3.729072725040972e-09,130.67859159538128,0.6533929579769064,4.0141964884901024e-07
baseline-recovery-32,0,joint,,checkpoint,False,True,1.592797756198561e-06,0.9999643621154087,0.7717579854777419,0,20,172.44201239175757,163,0.4,1.9926613687348314e-08,1.000210819302723e-07,106.05706825391886,0.5302853412695943,1.2105564963654642e-05
baseline-recovery-32,0,joint,,checkpoint,False,True,0.5083608835590143,0.9999999819751089,0.8784102428618666,0,0,194.82863123710885,164,0.30000000000000004,6.900974031496063e-07,1.43897930458703e-09,135.20244768127958,0.6760122384063979,9.806157890172479e-08
baseline-recovery-32,0,joint,,checkpoint,False,True,1.0,1.0,1.0,0,0,200.0,165,0.0,3.3353736767611677e-07,2.4714841284634305e-12,200.0,1.0,2.7873247648571232e-08
baseline-recovery-32,0,joint,,checkpoint,False,True,3.7497141524539946e-14,0.9999610531183097,0.7857469287388174,0,14,177.10434723332435,166,0.4,5.229134305092556e-07,5.801203818141334e-10,108.8548569061339,0.5442742845306695,2.443380304742838e-07
baseline-recovery-32,0,joint,,checkpoint,False,True,9.888492996421348e-11,0.9999892526354948,0.8300942748022675,0,6,188.82072425533454,167,0.4,2.5671814188760558e-08,7.777320967321124e-09,117.72432611882397,0.5886216305941199,9.607351449465468e-06
failed-only-best-6,0,joint,,checkpoint,False,True,1.0,1.0,1.0,0,0,200.0,0,0.0,1.0655460716870667e-06,2.6277713338629383e-12,200.0,1.0,6.0940778669710924e-09
failed-only-best-6,0,joint,,checkpoint,False,True,0.5640225006518754,0.9999861495275679,0.9124325227556449,0,0,196.93437200117367,1,0.2,3.8530886355093565e-06,-7.938405996324717e-09,152.05747357861966,0.7602873678930984,5.341390725987587e-09
failed-only-best-6,0,joint,,checkpoint,False,True,1.0,1.0,1.0,0,0,200.0,2,0.0,6.781072745594288e-06,-4.218080884577091e-12,200.0,1.0,9.575949079627707e-10
failed-only-best-6,0,joint,,checkpoint,False,True,1.0,1.0,1.0,0,0,200.0,3,0.0,2.496012166620842e-07,3.468798581707233e-12,200.0,1.0,2.6015581248136593e-08
failed-only-best-6,0,joint,,checkpoint,False,True,0.0021164749177393096,0.9999931546173848,0.7027515706232993,0,37,155.069562815283,4,0.4,8.167778063166487e-07,-8.441703137954267e-08,92.25578528303029,0.46127892641515145,8.938186334656129e-08
failed-only-best-6,0,joint,,checkpoint,False,True,0.21752706917558687,0.9999861507461548,0.7611778775735817,0,0,184.8246374249976,5,0.7999999999999999,1.9672060829388736e-07,7.280117048263701e-09,85.98170951472262,0.42990854757361313,1.0437035119100375e-05
failed-only-best-6,0,joint,,checkpoint,False,True,0.7453737341236425,0.9999915273365712,0.9165560992509918,0,0,198.54620531700715,6,0.2,9.52343542708524e-08,-1.3861031647735285e-11,152.8821888776892,0.764410944388446,3.142892574194261e-07
failed-only-best-6,0,joint,,checkpoint,False,True,0.0028746575230133094,0.9998963108287041,0.6787163839034872,0,20,165.7178068070407,7,1.0,1.6384728599629046e-08,-3.4329245002240327e-10,65.03259866204269,0.3251629933102134,0.0016766783163934132
failed-only-best-6,0,joint,,checkpoint,False,True,0.4742873059294387,0.9999981350450574,0.9049310030731712,0,0,194.2248572167205,8,0.2,5.8507893554917056e-06,-1.7169292181237664e-09,150.55716964212525,0.7527858482106262,3.345977754436058e-09
failed-only-best-6,0,joint,,checkpoint,False,True,1.0,1.0,1.0,0,0,200.0,9,0.0,9.644203170469685e-08,6.557837828324864e-11,200.0,1.0,6.73308164181897e-08
failed-only-best-6,0,joint,,checkpoint,False,True,0.0011542920828593896,0.999979180403837,0.6731544785173673,0,21,161.1788772305869,10,1.0,4.5652470886393154e-08,9.464723554897247e-08,63.920217584818744,0.3196010879240937,0.0003575514965576661
failed-only-best-6,0,joint,,checkpoint,False,True,0.2297023289121144,0.9999958999225462,0.9513198327313674,0,0,198.57496648345895,11,0.1,1.6567233049748308e-07,-4.106177404002551e-08,172.92828310544442,0.8646414155272221,8.167290317752377e-08
failed-only-best-6,0,joint,,checkpoint,False,True,0.0010426624978311866,0.9999993546442153,0.6952211942076042,0,13,170.13960572061896,12,1.0,7.310742492220413e-08,9.400575873286243e-10,68.33356072286603,0.34166780361433013,0.00018222210778817517
failed-only-best-6,0,joint,,checkpoint,False,True,0.4042340662295188,0.9999993949708769,0.899991743135352,0,0,192.610694155301,13,0.2,2.403753261330972e-06,2.114065997379797e-09,149.56931765456113,0.7478465882728057,8.853258408842435e-09
failed-only-best-6,0,joint,,checkpoint,False,True,0.024712434591311075,0.9999886460415908,0.7540576284872649,0,3,177.889762913929,14,0.7,2.5911355092983186e-07,-2.7932673383242162e-08,87.64970308649308,0.4382485154324654,3.410036807034294e-06
failed-only-best-6,0,joint,,checkpoint,False,True,0.004959778007782275,0.9999182674734248,0.7189112652876685,0,5,178.32789074753467,15,1.0,3.140767272838191e-07,-1.4174128259991647e-08,73.071574938879,0.36535787469439496,2.1161280630251607e-05
failed-only-best-6,0,joint,,checkpoint,False,True,1.1052029697741057e-08,0.9999879497568943,0.6805522151201047,0,32,159.9470830122951,16,0.7,3.183016771981564e-08,-4.3881369746807935e-08,72.94862041306098,0.3647431020653049,5.219093764525012e-05
failed-only-best-6,0,joint,,checkpoint,False,True,0.021762803837845544,0.9999947605502694,0.8350529870840805,0,5,189.6976172995856,17,0.4,4.377949628427141e-07,1.717302590362028e-08,118.71606857518665,0.5935803428759333,2.2447160657020784e-07
failed-only-best-6,0,joint,,checkpoint,False,True,1.0,1.0,1.0,0,0,200.0,18,0.0,6.549155527552119e-06,-2.6813437581374445e-11,200.0,1.0,9.915050428086701e-10
failed-only-best-6,0,joint,,checkpoint,False,True,1.3731936708072299e-14,0.9999649119743688,0.6025835427055768,0,60,132.14369086298794,19,0.4,3.420157917630944e-07,2.0002191898579728e-07,72.22217969948582,0.3611108984974291,2.1783826481668916e-07
failed-only-best-6,0,joint,,checkpoint,False,True,3.808411972060539e-59,0.9999914600317139,0.49308268547362744,0,87,108.47313049258423,20,0.6,1.2195175907469283e-07,-2.9711873961155946e-07,39.32383096656842,0.19661915483284212,2.8709228132795954e-06
failed-only-best-6,0,joint,,checkpoint,False,True,0.5030018877948854,0.9999982972438921,0.9144944261440646,0,0,197.7541853542355,21,0.2,4.3096446987284607e-07,2.4781134913673127e-08,152.46985425630368,0.7623492712815184,5.9585273862366505e-08
failed-only-best-6,0,joint,,checkpoint,False,True,1.0,1.0,1.0,0,0,200.0,22,0.0,3.0191344575169997e-06,1.5599052050063732e-11,200.0,1.0,2.150788851267857e-09
failed-only-best-6,0,joint,,checkpoint,False,True,3.283314212642086e-55,0.9999680411536539,0.5552739069132386,0,63,127.36859364572673,23,0.8999999999999999,7.5997810874335e-08,3.771027811631668e-09,42.32545242485716,0.21162726212428581,6.300841976675074e-05
failed-only-best-6,0,joint,,checkpoint,False,True,2.2871072564106787e-05,0.9999857788458238,0.6503098735843028,0,29,156.56266496376637,24,1.0,4.615672023306339e-09,-1.9359878034030942e-08,59.35129659820586,0.2967564829910293,0.010744549934613769
failed-only-best-6,0,joint,,checkpoint,False,True,2.0763584874933803e-12,0.9998550876195762,0.6907243883909878,0,21,163.33742433873195,25,0.7999999999999999,6.549052634012662e-09,5.445868598869508e-08,71.89101167820375,0.35945505839101877,0.001109521459861944
failed-only-best-6,0,joint,,checkpoint,False,True,0.0,0.9999495316712914,0.4727791409405622,20,90,104.92816605303013,26,0.8999999999999999,2.1359208913729976e-08,1.9174566817144263e-09,25.826499230321897,0.1291324961516095,0.00033791907803859805
failed-only-best-6,0,joint,,checkpoint,False,True,0.0,0.9999919127682771,0.6635383068932438,3,23,160.29676209138307,27,1.0,5.386827313769449e-09,3.3010933986332702e-09,61.99698325999398,0.30998491629996994,0.008695342897305489
failed-only-best-6,0,joint,,checkpoint,False,True,0.7370668478950252,0.9999994583129327,0.9523487350877679,0,0,198.72612220828574,28,0.1,2.467555718632175e-08,-3.653939099253022e-09,173.13406357672469,0.8656703178836235,6.037812414425961e-07
failed-only-best-6,0,joint,,checkpoint,False,True,9.142183977727492e-19,0.9999995889586758,0.5892283060204252,0,60,133.3117893871926,29,0.6,9.582410177283913e-09,-9.65934393568859e-09,58.55295507592791,0.2927647753796396,9.3651054380741e-05
failed-only-best-6,0,joint,,checkpoint,False,True,8.383112989480077e-10,0.9999989729158665,0.8854635669932766,0,14,183.99506955383146,30,0.1,9.451142937549687e-07,-4.479333494751945e-08,159.7570299578264,0.7987851497891321,1.2214510628070639e-08
failed-only-best-6,0,joint,,checkpoint,False,True,1.1696138950904522e-33,0.9999967033395153,0.49402249479627186,0,85,107.11473714738152,31,0.5,8.34287006298027e-06,-4.0730619932372036e-08,44.37139356407267,0.22185696782036335,6.778426610419214e-09
failed-only-best-6,0,joint,,checkpoint,False,True,0.7681364727002653,0.9999999999797747,0.9537773034960736,0,0,199.27198918771418,32,0.1,5.0884958243520376e-05,-1.900417951523713e-09,173.41977725838578,0.8670988862919289,2.002128801245401e-10
failed-only-best-6,0,joint,,checkpoint,False,True,1.0,1.0,1.0,0,0,200.0,33,0.0,9.432173425053214e-05,-8.544280838407303e-12,200.0,1.0,6.884437381588452e-11
failed-only-best-6,0,joint,,checkpoint,False,True,3.625970706767322e-89,0.9999744598642373,0.833080319754679,0,17,179.01906349034508,34,0.2,1.0466900355744323e-07,-2.5461531298817587e-09,136.18703297842657,0.6809351648921329,2.574722729699264e-07
failed-only-best-6,0,joint,,checkpoint,False,True,0.0022000161635931472,0.9999999915295678,0.681901973684013,0,17,165.93533120581705,35,1.0,3.131666910679508e-09,1.581845265885562e-09,65.66971661814785,0.3283485830907392,0.0201594600145504
failed-only-best-6,0,joint,,checkpoint,False,True,0.0,0.9998704621323676,0.6189667441489247,8,41,147.14021210049805,36,1.0,1.6445063601264702e-09,-3.3326217896423316e-09,53.08267071113018,0.2654133535556509,0.048087729566576365
failed-only-best-6,0,joint,,checkpoint,False,True,3.863206748503204e-07,0.9999997428379994,0.8192133668594244,0,4,184.36445410506775,37,0.4,1.5191160423226972e-08,-1.0091379264735776e-09,115.54814453025534,0.5777407226512767,1.2429686736787326e-05
failed-only-best-6,0,joint,,checkpoint,False,True,3.437029521803001e-197,0.9999993723387486,0.47735575071549957,0,90,105.70291303153468,38,0.8999999999999999,1.2601349111465357e-08,-1.9561309299739141e-10,26.741821185309387,0.13370910592654695,0.0007333146095364108
failed-only-best-6,0,joint,,checkpoint,False,True,0.001229905974378486,0.999998615506855,0.8683504521754755,0,7,186.24014323655467,39,0.2,9.895395085744004e-09,-3.721055277675347e-09,143.24105946258578,0.7162052973129289,3.5938675958641776e-06
failed-only-best-6,0,joint,,checkpoint,False,True,1.0,1.0,1.0,0,0,200.0,40,0.0,4.957843795568573e-06,-2.8838087473559427e-12,200.0,1.0,1.3097469382779237e-09
failed-only-best-6,0,joint,,checkpoint,False,True,1.0,1.0,1.0,0,0,200.0,41,0.0,1.1859012330953192e-06,-1.4392875780089298e-13,200.0,1.0,5.475599949211133e-09
failed-only-best-6,0,joint,,checkpoint,False,True,0.18490599083937662,0.9999999971528657,0.8366077362363842,0,0,188.36513613899223,42,0.4,1.9298604850397683e-06,2.524033338709233e-10,119.02701840564728,0.5951350920282364,3.791954112148904e-08
failed-only-best-6,0,joint,,checkpoint,False,True,0.13459640553283092,0.9999995658914622,0.9013939996383503,0,0,193.67311815496222,43,0.2,4.587608938824435e-07,5.725932146286113e-10,149.84976895516076,0.7492488447758038,5.48293533736016e-08
failed-only-best-6,0,joint,,checkpoint,False,True,0.016425884278056066,0.9999966426775072,0.7051660714791461,0,18,169.83560101990858,44,0.8999999999999999,2.8551772191833726e-07,-2.3030856171764972e-10,72.30388533803871,0.36151942669019355,1.1740223069142704e-05
failed-only-best-6,0,joint,,checkpoint,False,True,1.0,1.0,1.0,0,0,200.0,45,0.0,2.3473440270399406e-07,-1.4413470417196095e-13,200.0,1.0,2.7663268174178254e-08
failed-only-best-6,0,joint,,checkpoint,False,True,0.21184866040422845,0.99999772435523,0.8440097865751772,0,0,191.1408050017009,46,0.4,1.4200976809907818e-07,4.897069346780505e-09,120.50742847340592,0.6025371423670296,8.760681952592538e-07
failed-only-best-6,0,joint,,checkpoint,False,True,7.2496919422803094e-09,0.9999999800878718,0.7391869412460378,0,14,170.84782245661006,47,0.6,4.082343462750199e-08,2.1085344594538293e-10,88.54468212105047,0.44272341060525233,1.785328494355883e-05
failed-only-best-6,0,joint,,checkpoint,False,True,0.5033810259857103,0.9999979150754211,0.9080190038376306,0,0,195.35609760110142,48,0.2,8.655223931798922e-06,1.7044728695931627e-10,151.17476979501689,0.7558738489750845,2.182389628649137e-09
failed-only-best-6,0,joint,,checkpoint,False,True,0.5109614637319222,0.9999382898563717,0.9086484363486507,0,0,195.6083562402241,49,0.2,8.538306149396518e-06,9.005934065970694e-11,151.30065629722094,0.7565032814861047,2.2168202458204167e-09
failed-only-best-6,0,joint,,checkpoint,False,True,0.00019496952737837236,0.9999978594226518,0.583651444160581,0,56,132.016459038706,50,0.7999999999999999,2.0190225843851028e-05,1.0116933419324097e-10,50.47642283212237,0.25238211416061185,1.2230288620204798e-08
failed-only-best-6,0,joint,,checkpoint,False,True,9.59145881726822e-18,0.9999959428030907,0.8431018601867174,0,12,180.92583199437658,51,0.2,4.08482102259241e-07,9.362976239575021e-11,138.19134106483432,0.6909567053241716,5.8268414681894844e-08
failed-only-best-6,0,joint,,checkpoint,False,True,0.08534831663351583,0.999997502719781,0.6957538652051554,0,4,167.68882810794736,52,1.0,3.446378370619709e-07,5.596417773645612e-11,68.44009492237635,0.34220047461188174,1.7816873093777343e-05
failed-only-best-6,0,joint,,checkpoint,False,True,0.0004889262501793301,0.9999767098491366,0.6749173755498126,0,19,162.88030337075529,53,1.0,5.823183544066903e-07,-1.1709022640360445e-11,64.27279699130776,0.3213639849565388,7.869192753593675e-06
failed-only-best-6,0,joint,,checkpoint,False,True,1.5398593549675297e-146,0.9999988085341003,0.5849853580737321,0,50,136.49799170054064,54,1.0,4.756933308818225e-08,4.712313872445861e-11,46.28639349609173,0.23143196748045866,0.0002921290153104509
failed-only-best-6,0,joint,,checkpoint,False,True,0.4939305202408948,0.9999999544957643,0.9033911476671749,0,0,193.62128857393512,55,0.2,1.2105687790837701e-05,4.491010460469783e-12,150.24919856092572,0.7512459928046286,1.5011735549977785e-09
failed-only-best-6,0,joint,,checkpoint,False,True,0.4780559643402289,0.9999999974428538,0.9025054575594653,0,0,193.33323140252628,56,0.2,4.910197424693789e-06,-2.703116423949295e-10,150.07206053938393,0.7503603026969197,4.046545964235677e-09
failed-only-best-6,0,joint,,checkpoint,False,True,1.0,1.0,1.0,0,0,200.0,57,0.0,0.0004067343304716313,-4.12947454009327e-15,200.0,1.0,1.5965017568535646e-11
failed-only-best-6,0,joint,,checkpoint,False,True,0.5179615960076851,0.9999998562386608,0.9123324779267244,0,0,196.90236449869602,58,0.2,3.0251904926724113e-05,3.141016416494037e-13,152.03746461283555,0.7601873230641778,5.535650040961287e-10
failed-only-best-6,0,joint,,checkpoint,False,True,0.0,0.9999696284991192,0.565382246541423,14,59,129.5676153646906,59,0.8999999999999999,3.2965249944655873e-09,-2.1009422494704673e-12,44.34712035049402,0.22173560175247012,0.006070344213112272
failed-only-best-6,0,joint,,checkpoint,False,True,7.116957469802802e-18,0.9999347203098261,0.6643855152954196,0,25,157.24527110179858,60,0.8999999999999999,1.35417998588188e-07,4.259969547816904e-12,64.14777410129331,0.32073887050646654,3.262438100874175e-05
failed-only-best-6,0,joint,,checkpoint,False,True,1.0,1.0,1.0,0,0,200.0,61,0.0,5.851325827620507e-05,2.8838043064638443e-15,200.0,1.0,1.1097520327879014e-10
failed-only-best-6,0,joint,,checkpoint,False,True,0.7153693765033421,0.9999979657262769,0.9541725622789424,0,0,199.44360936865598,62,0.1,2.4931219164536766e-06,4.1517826279242633e-13,173.49882901495977,0.8674941450747988,4.753463405867422e-09
failed-only-best-6,0,joint,,checkpoint,False,True,0.1411451394445625,0.999991064692284,0.8658531042588535,0,0,190.9986288203153,63,0.30000000000000004,3.0744093316783423e-07,1.3191654880222518e-14,132.69101996067715,0.6634550998033858,1.710861599795016e-07
failed-only-best-6,0,joint,,checkpoint,False,True,0.691982829616003,0.9999929585279685,0.9165906505256216,0,0,198.57902526564723,64,0.2,5.232246021283203e-07,-9.92963925241793e-13,152.88909913261506,0.7644454956630753,4.824606988716278e-08
failed-only-best-6,0,joint,,checkpoint,False,True,1.0,1.0,1.0,0,0,200.0,65,0.0,8.762124289325161e-07,-5.428990590417015e-15,200.0,1.0,7.410897765530626e-09
failed-only-best-6,0,joint,,checkpoint,False,True,0.21661250126268566,0.9999994704581306,0.8136023685178444,0,0,180.58808843876278,66,0.4,2.3082373311690873e-05,-3.416512953254601e-11,114.4259448619392,0.572129724309696,1.876929433828192e-09
failed-only-best-6,0,joint,,checkpoint,False,True,3.0001413771659157e-50,0.9999620716678563,0.5589560932042683,0,64,127.95006184020588,67,0.7999999999999999,2.1811826854155804e-06,4.646309465483639e-11,45.53735264085989,0.22768676320429948,2.6405210003582614e-07
failed-only-best-6,0,joint,,checkpoint,False,True,1.7087907105280855e-28,0.9999991437954175,0.7814341562687562,0,15,175.53314551954233,68,0.4,1.0029630395887343e-06,1.9058490423198527e-11,107.99230241212175,0.5399615120606087,7.768242399451558e-08
failed-only-best-6,0,joint,,checkpoint,False,True,1.0,1.0,1.0,0,0,200.0,69,0.0,1.0617748451840588e-06,2.2108592734326749e-13,200.0,1.0,6.115722896581264e-09
failed-only-best-6,0,joint,,checkpoint,False,True,0.430604919593902,0.9999999980922653,0.9112679918754533,0,0,196.6470449652847,70,0.2,8.676404098588423e-07,1.7179222052974e-11,151.8245674025814,0.7591228370129071,2.7498934005348433e-08
failed-only-best-6,0,joint,,checkpoint,False,True,0.8867049063821689,0.9999579628196669,0.9549845148960813,0,0,199.7621780131456,71,0.1,8.046096846965447e-07,4.82513289235942e-13,173.6612195383872,0.868306097691936,1.5598963227206865e-08
failed-only-best-6,0,joint,,checkpoint,False,True,0.5166211335762011,0.9999999993637947,0.9058612064567114,0,0,194.47483007566063,72,0.2,6.334925232401882e-05,-2.650055056221686e-12,150.74321031883318,0.7537160515941659,2.437751931176304e-10
failed-only-best-6,0,joint,,checkpoint,False,True,0.057921886286677125,0.9999809444023284,0.8281016046363179,0,4,186.92663244155244,73,0.4,7.049457958759335e-07,5.7301843352100216e-11,117.32579208563396,0.5866289604281698,1.2568083279759311e-07
failed-only-best-6,0,joint,,checkpoint,False,True,0.007688785393282014,0.9999601542833655,0.7762251242661975,0,4,180.9656012827986,74,0.6,2.951726099801807e-07,3.451684692316181e-13,95.95231872508228,0.4797615936254114,1.4323035787895877e-06
failed-only-best-6,0,joint,,checkpoint,False,True,0.40570840029395855,0.9999999902948202,0.8782839925124993,0,0,194.87097704414498,75,0.30000000000000004,2.6420122586347046e-07,-2.902457563114906e-14,135.1771976114062,0.675885988057031,2.065886788473158e-07
failed-only-best-6,0,joint,,checkpoint,False,True,1.2172561750243714e-16,0.9999983208385381,0.7176030715401024,0,14,164.1094983423241,76,0.6,1.8504058254333634e-06,9.877043640514039e-11,84.2279081798633,0.42113954089931654,1.2178210019427422e-07
failed-only-best-6,0,joint,,checkpoint,False,True,0.42244605379579037,0.9999996813563129,0.865393912178713,0,0,190.01482229628198,77,0.30000000000000004,0.00011192016442932467,2.9044496792530286e-11,132.5991815446489,0.6629959077232445,1.9393931116423446e-10
failed-only-best-6,0,joint,,checkpoint,False,True,2.010148439825157e-05,0.9999914079196729,0.6175798124125262,0,39,144.9584935966791,78,1.0,3.825431688188324e-08,2.745137450688162e-12,52.80528436385046,0.2640264218192523,0.0004276541665059104
failed-only-best-6,0,joint,,checkpoint,False,True,0.07587248327144507,0.9999998335829067,0.7690066604083422,0,2,183.18203972765306,79,0.7,1.2511228984625154e-06,-1.541040889376458e-15,90.6395094707085,0.4531975473535425,4.1508910737138433e-07
failed-only-best-6,0,joint,,checkpoint,False,True,0.7202599097497135,0.9999991350838296,0.9539558205105777,0,0,199.35647974228758,80,0.1,1.7973275881323663e-06,1.8951155524955545e-13,173.45548066128663,0.8672774033064331,6.700906879881091e-09
failed-only-best-6,0,joint,,checkpoint,False,True,0.024174886873792524,0.9999817488012952,0.704064100141091,0,8,172.35921961374115,81,1.0,1.0211093210112519e-06,3.106404022901188e-13,70.10214190956347,0.3505107095478174,3.535282573436768e-06
failed-only-best-6,0,joint,,checkpoint,False,True,0.05271913989429306,0.9999980014113036,0.7986980523435565,0,3,182.89091868657988,82,0.5,3.1840114256542965e-07,-1.7924550732573152e-13,105.30650507352956,0.5265325253676478,6.496671042239508e-07
failed-only-best-6,0,joint,,checkpoint,False,True,1.0782762044655164e-07,0.9999713230253577,0.6859566414442964,0,20,165.73907729413403,83,0.8999999999999999,1.884037785923242e-07,-4.757422748729319e-13,68.46199933106872,0.3423099966553436,2.086746166513128e-05
failed-only-best-6,0,joint,,checkpoint,False,True,0.00039961181016273575,0.9999892623737829,0.7892606476357079,0,2,180.02399081547202,84,0.5,6.038197594673317e-07,1.1193268534270828e-12,103.41902413195982,0.5170951206597991,2.884780819913783e-07
failed-only-best-6,0,joint,,checkpoint,False,True,0.00018810826076745877,0.999903658420916,0.795610609002919,0,8,184.19166267173966,85,0.5,3.616685315582171e-07,-1.4099832412739488e-13,104.68901640540207,0.5234450820270103,5.518724133810351e-07
failed-only-best-6,0,joint,,checkpoint,False,True,0.007310038396267833,0.9999538530803674,0.7560069574066708,0,5,178.8765886641393,86,0.7,2.2199508370525475e-07,1.7137619519599168e-13,88.03956887037427,0.4401978443518713,4.212388899241371e-06
failed-only-best-6,0,joint,,checkpoint,False,True,1.0,1.0,1.0,0,0,200.0,87,0.0,1.8831078244270014e-05,-1.6764367671839864e-16,200.0,1.0,3.448300011010819e-10
failed-only-best-6,0,joint,,checkpoint,False,True,0.40917540111016165,0.9999999952357392,0.9013506211721887,0,0,193.06443834400565,88,0.2,1.4378397218180742e-06,-4.310321813091181e-15,149.84109326192862,0.7492054663096431,1.560471093113732e-08
failed-only-best-6,0,joint,,checkpoint,False,True,2.1078166446406105e-110,0.9999968288092336,0.7332003763230384,0,13,174.14500736819562,89,0.7,9.961913083327035e-08,-1.81008592820033e-13,83.47825265364776,0.4173912632682388,1.2051085507423733e-05
failed-only-best-6,0,joint,,checkpoint,False,True,0.4291642194134037,0.9999999868185214,0.9027173419319634,0,0,193.5387440730487,90,0.2,7.103838794978011e-07,-2.0262390958675976e-13,150.1144374138835,0.7505721870694175,3.3943206714109835e-08
failed-only-best-6,0,joint,,checkpoint,False,True,0.048332703525929284,0.9999731276464,0.783416684675857,0,6,183.57371030013098,91,0.6,1.470463564708896e-06,1.3417058340160712e-13,97.39063080701428,0.4869531540350714,1.7924560747723805e-07
failed-only-best-6,0,joint,,checkpoint,False,True,0.20350313763886985,0.9999965842376864,0.8691996907142163,0,0,192.04437318005472,92,0.30000000000000004,5.118095477551951e-07,-1.2370860043013976e-12,133.36033725174974,0.6668016862587487,9.557438800183566e-08
failed-only-best-6,0,joint,,checkpoint,False,True,1.0,1.0,1.0,0,0,200.0,93,0.0,9.248619727638671e-07,-2.9526381339906037e-15,200.0,1.0,7.021070087140514e-09
failed-only-best-6,0,joint,,checkpoint,False,True,0.12703655096349617,0.9999449562474053,0.7229995789657175,0,0,178.64238192531235,94,1.0,3.0751253973413894e-07,5.806466418789569e-14,73.88923767448884,0.3694461883724442,2.1966663240142534e-05
failed-only-best-6,0,joint,,checkpoint,False,True,0.10170892819788208,0.9999704584244773,0.7693873530446017,0,0,182.68889851438104,95,0.7,1.15963840847884e-06,-4.593415050935598e-13,90.71564799796045,0.45357823998980223,4.601249083623321e-07
failed-only-best-6,0,joint,,checkpoint,False,True,0.3884324509655754,0.9999811138486839,0.854931515793736,0,0,195.18081781633646,96,0.4,2.8480588493788064e-07,3.9125599830237603e-13,122.69177431711773,0.6134588715855886,3.84985940694182e-07
failed-only-best-6,0,joint,,checkpoint,False,True,0.12043305257076199,0.9999718097356549,0.9076385110850864,0,0,195.68251817350927,97,0.2,6.774633994955495e-07,1.6572033440825155e-13,151.09867124450807,0.7554933562225403,3.595687866469672e-08
failed-only-best-6,0,joint,,checkpoint,False,True,0.014043640606331426,0.9999992561970871,0.8147306686099531,0,7,182.85199941065446,98,0.4,9.614254935310514e-07,2.841101880015862e-12,114.65160488036119,0.573258024401806,8.520941769046702e-08
failed-only-best-6,0,joint,,checkpoint,False,True,0.6593671378465127,0.9999909099462813,0.916649035003922,0,0,198.6066762780687,99,0.2,9.692258727196866e-07,-4.5392289121066397e-13,152.90077602827517,0.7645038801413758,2.4489452594334693e-08
failed-only-best-6,0,joint,,checkpoint,False,True,1.0,1.0,1.0,0,0,200.0,100,0.0,2.2554169312415577e-05,8.566480858007707e-15,200.0,1.0,2.8790777624124847e-10
failed-only-best-6,0,joint,,checkpoint,False,True,9.678891576670347e-13,0.9998997991564748,0.6472201257422772,0,32,154.14160562795465,101,0.8999999999999999,9.652251511277549e-09,1.0212880944446203e-13,60.71469619066478,0.3035734809533239,0.0014635022408572074
failed-only-best-6,0,joint,,checkpoint,False,True,1.0,1.0,1.0,0,0,200.0,102,0.0,8.44764349146667e-07,5.448974604860268e-15,200.0,1.0,7.686783584399053e-09
failed-only-best-6,0,joint,,checkpoint,False,True,0.15631578891783998,0.9999908844970122,0.7295377379699436,0,0,176.70472021900758,103,0.8999999999999999,1.8949410703029626e-07,-4.422690506804835e-13,77.17821863619808,0.3858910931809904,2.200831920488117e-05
failed-only-best-6,0,joint,,checkpoint,False,True,0.3188945977609081,0.999966698297953,0.8202441679165369,0,0,189.38746741690284,104,0.5,1.5751601028068814e-07,3.149702720861569e-13,109.61572818812564,0.5480786409406282,1.608102754233888e-06
failed-only-best-6,0,joint,,checkpoint,False,True,0.3152072859108335,0.999997307780992,0.9089424570992688,0,0,195.86414283439208,105,0.2,2.260864648647202e-07,4.322848826207516e-13,151.35946044734445,0.7567973022367223,1.2041424337658854e-07
failed-only-best-6,0,joint,,checkpoint,False,True,1.886548661918035e-37,0.9999967399236633,0.5842599781706327,0,51,136.936565510325,106,1.0,2.9971902118731e-08,-3.6493030819428895e-13,46.14131751547181,0.23070658757735907,0.0005833846161914305
failed-only-best-6,0,joint,,checkpoint,False,True,1.1653315958791458e-38,0.9999954461707237,0.7782618805426148,0,29,166.86612463380203,107,0.2,4.912178476714524e-06,3.351403679660504e-13,125.22334513601372,0.6261167256800686,3.487929499745067e-09
failed-only-best-6,0,joint,,checkpoint,False,True,0.19851408648996197,0.9999998732918992,0.9021224307566496,0,0,193.92493973334967,108,0.2,1.2865976839295105e-06,7.296120070081971e-14,149.99545517882066,0.7499772758941033,1.7649074253631008e-08
failed-only-best-6,0,joint,,checkpoint,False,True,0.6090258142834634,0.9999996416381719,0.9133117210606413,0,0,197.27997561778824,109,0.2,3.343163663395521e-07,5.013407547524363e-13,152.23331323961898,0.7611665661980949,7.868448746389928e-08
failed-only-best-6,0,joint,,checkpoint,False,True,0.4503904775110639,0.9999988887961883,0.8838628104270851,0,0,197.10398683379648,110,0.30000000000000004,1.7965041380246688e-07,3.789546303429803e-13,136.29296119432342,0.6814648059716171,3.239582237991492e-07
failed-only-best-6,0,joint,,checkpoint,False,True,0.7391516436869138,0.9999999752424066,0.9529453624937345,0,0,198.96169912941266,111,0.1,4.517277530139755e-07,2.429649139752433e-14,173.25338905791799,0.8662669452895899,2.8537196918852367e-08
failed-only-best-6,0,joint,,checkpoint,False,True,0.4096929962025653,0.999979823422961,0.8290266526526716,0,0,192.8912460837726,112,0.5,3.0959459707147704e-07,3.347322419244847e-13,111.37222513535264,0.5568611256767632,6.983985037807014e-07
failed-only-best-6,0,joint,,checkpoint,False,True,1.0,1.0,1.0,0,0,200.0,113,0.0,0.002154935612136406,1.854627562636324e-15,200.0,1.0,3.013324711483358e-12
failed-only-best-6,0,joint,,checkpoint,False,True,0.2867623340231207,0.9999906345612696,0.905229643985094,0,0,194.67746413036153,114,0.2,5.6822434141048834e-05,-2.16668230848268e-13,150.61689782450955,0.7530844891225478,2.745556850893607e-10
failed-only-best-6,0,joint,,checkpoint,False,True,1.1202490691890824e-28,0.9999296378292222,0.6374272641257457,0,35,153.47469717529475,115,1.0,1.1342517205156744e-06,-3.305133944309091e-13,56.774774706494355,0.2838738735324718,2.7339260181420186e-06
failed-only-best-6,0,joint,,checkpoint,False,True,1.8087637630207763e-21,0.999988962716781,0.5172847978657539,0,75,116.49507874580112,116,0.8999999999999999,1.9986253578544307e-06,-4.265593948820375e-13,34.72763061536017,0.17363815307680086,5.125332993033419e-07
failed-only-best-6,0,joint,,checkpoint,False,True,0.0,0.999999989134855,0.8297402391396348,1,19,178.16524874068776,117,0.2,2.6199578295513705e-07,3.2201198069985794e-13,135.51901685541785,0.6775950842770893,9.346777655950595e-08
failed-only-best-6,0,joint,,checkpoint,False,True,0.08416531472030363,0.9999937090779812,0.8370599683831227,0,1,189.11151912634622,118,0.4,1.841193313899925e-07,8.184420626025206e-13,119.11746483499502,0.5955873241749751,6.362233428138363e-07
failed-only-best-6,0,joint,,checkpoint,False,True,0.5281271084867039,0.9999995387902937,0.9145097344406011,0,0,197.7851651452788,119,0.2,2.823704257741972e-07,1.1065327238684377e-13,152.47291591561097,0.7623645795780548,9.487039171165562e-08
failed-only-best-6,0,joint,,checkpoint,False,True,0.6302868823747455,0.9999999999121121,0.9155263311104708,0,0,198.14455823357378,120,0.2,5.291041023476111e-07,-3.28430535459577e-14,152.67623524958492,0.7633811762479246,4.7601330122336025e-08
failed-only-best-6,0,joint,,checkpoint,False,True,0.33046719398584024,0.9999804963936277,0.8276824795503244,0,0,192.5184443486624,121,0.5,3.160339767338839e-07,2.6689761511988763e-13,111.1033905148831,0.5555169525744155,6.795525797320384e-07
failed-only-best-6,0,joint,,checkpoint,False,True,1.8266455125702685e-38,0.9999999770135386,0.8097555380796955,0,7,182.11792327729364,122,0.4,3.993670555186057e-07,-1.0690630245386774e-15,113.65657877430962,0.5682828938715481,2.4304099627789393e-07
failed-only-best-6,0,joint,,checkpoint,False,True,3.849083219152118e-64,0.9999979588461794,0.7035812231008536,0,13,170.39748296056953,123,0.8999999999999999,5.392747140321401e-07,4.794992584275439e-14,71.98691566238027,0.35993457831190134,4.658461915600114e-06
failed-only-best-6,0,joint,,checkpoint,False,True,0.746708404221892,0.9999977994454156,0.9543488960780848,0,0,199.50662809177044,124,0.1,5.045699852287141e-07,4.2906604847803516e-14,173.534095774788,0.86767047887394,2.5445067977652937e-08
failed-only-best-6,0,joint,,checkpoint,False,True,0.028061233466432852,0.9999975178187163,0.7093801708660677,0,11,170.6753459565562,125,0.8999999999999999,3.6783560175506663e-07,-1.3623607394255908e-13,73.14670521542295,0.3657335260771148,8.17963609418771e-06
failed-only-best-6,0,joint,,checkpoint,False,True,0.499580908995593,0.9999996995242115,0.9047486037148323,0,0,194.08573138494847,126,0.2,2.6280558629871866e-05,-5.962718401503961e-14,150.52068977045732,0.7526034488522866,6.408750442176968e-10
failed-only-best-6,0,joint,,checkpoint,False,True,0.06291746293154742,0.9994359181090328,0.725549131336502,0,3,180.48099163740423,127,1.0,5.8006354354824666e-08,-1.8984813721090177e-13,74.3991481486456,0.37199574074322794,0.00026907525617354643
failed-only-best-6,0,joint,,checkpoint,False,True,1.0,1.0,1.0,0,0,200.0,128,0.0,5.131704583752866e-07,7.738254481637341e-16,200.0,1.0,1.2653730599116841e-08
failed-only-best-6,0,joint,,checkpoint,False,True,0.07310414396825225,0.999997462712256,0.7649765654309932,0,2,181.39960760711546,129,0.7,5.969809529151417e-07,-1.2860606605772562e-13,89.83349047523876,0.4491674523761938,1.1211602424446234e-06
failed-only-best-6,0,joint,,checkpoint,False,True,0.016839127900126875,0.9999984026918246,0.7585940083144149,0,7,170.24333604164562,130,0.5,5.259809566284927e-06,-3.3306690738754696e-15,97.28569626770121,0.4864284813385061,1.8527780876065933e-08
failed-only-best-6,0,joint,,checkpoint,False,True,0.017505595487111402,0.9999995189989997,0.9413161845507346,0,2,196.1813004335834,131,0.1,6.077241400402456e-07,-7.586605411437517e-13,170.9275534693181,0.8546377673465905,2.0644655343089322e-08
failed-only-best-6,0,joint,,checkpoint,False,True,4.2018806094656565e-42,0.9999957535901117,0.5613133543660126,0,70,123.26954071033127,132,0.4,1.288736181358845e-06,-3.6957022295546865e-14,63.968142031572995,0.31984071015786497,4.1302928200131564e-08
failed-only-best-6,0,joint,,checkpoint,False,True,1.0,1.0,1.0,0,0,200.0,133,0.0,4.554785454960338e-05,2.386424391431774e-15,200.0,1.0,1.4256479906500268e-10
failed-only-best-6,0,joint,,checkpoint,False,True,0.4796510594453842,0.9999990498307886,0.9093946931861322,0,0,195.76692257133396,134,0.2,1.94539381428906e-05,1.851415973578438e-15,151.44990766471722,0.7572495383235861,8.967835277673133e-10
failed-only-best-6,0,joint,,checkpoint,False,True,0.04290283830156952,0.9997957159238535,0.7144321588881108,0,2,171.85881803306995,135,0.8999999999999999,5.384224481345962e-07,2.581706555555278e-13,74.15710281983176,0.37078551409915883,4.741167593533582e-06
failed-only-best-6,0,joint,,checkpoint,False,True,0.5916773159817995,0.9999836555919766,0.9130135077606386,0,0,197.18329994178998,136,0.2,1.5118478377172021e-06,3.521361786356439e-14,152.1736705796184,0.760868352898092,1.4957596108964966e-08
failed-only-best-6,0,joint,,checkpoint,False,True,4.6226907501142805e-144,0.9999974277052407,0.5459334545906624,0,65,126.0187053095613,137,1.0,1.1335752318797648e-09,-3.1979974224327634e-13,38.4760127994777,0.1923800639973885,0.07411130815076596
failed-only-best-6,0,joint,,checkpoint,False,True,1.0,1.0,1.0,0,0,200.0,138,0.0,2.8373997980867316e-06,-1.3877787807814457e-17,200.0,1.0,2.288546272571366e-09
failed-only-best-6,0,joint,,checkpoint,False,True,0.5624712536930185,0.9999999999232797,0.9146668782812384,0,0,197.81474119880164,139,0.2,2.209491881210696e-07,3.304868296554534e-14,152.50434468373848,0.7625217234186924,1.2427529202972632e-07
failed-only-best-6,0,joint,,checkpoint,False,True,0.7640792781928327,0.9999942812640763,0.9539480815042214,0,0,199.3450246339974,140,0.1,1.5267274579348704e-06,2.198900327608613e-13,173.45393286001553,0.8672696643000777,7.953148102550265e-09
failed-only-best-6,0,joint,,checkpoint,False,True,0.7930369188553419,0.9999991999219847,0.9539220361533503,0,0,199.32835944270064,141,0.1,1.115782089384494e-05,1.7840932500330388e-13,173.44872378984098,0.8672436189492049,9.851864940157748e-10
failed-only-best-6,0,joint,,checkpoint,False,True,1.0,1.0,1.0,0,0,200.0,142,0.0,4.078760870004901e-06,1.2039258479035197e-14,200.0,1.0,1.5920327125474193e-09
failed-only-best-6,0,joint,,checkpoint,False,True,0.0,0.9999997373581327,0.5839036896992904,11,64,130.32871879104695,143,0.5,4.5888755439816936e-10,1.4178658247487874e-12,62.34763254467635,0.31173816272338173,0.0016913554762809247
failed-only-best-6,0,joint,,checkpoint,False,True,1.0,1.0,1.0,0,0,200.0,144,0.0,2.6982120912942463e-05,2.3975266216780254e-15,200.0,1.0,2.4066013018981896e-10
failed-only-best-6,0,joint,,checkpoint,False,True,4.953748246577009e-11,0.9999747068511905,0.5784930767248254,0,64,127.24370607705887,145,0.5,6.222161049119666e-07,4.6851411639181606e-14,61.265509949783315,0.30632754974891657,2.0365643134673096e-07
failed-only-best-6,0,joint,,checkpoint,False,True,1.999383480956544e-06,0.9999999944677515,0.7745899643100631,0,14,178.75065096258118,146,0.5,6.165898545251244e-07,-3.7492231541591536e-13,100.48488746683083,0.5024244373341541,2.758054992017722e-07
failed-only-best-6,0,joint,,checkpoint,False,True,0.0,0.999999891788619,0.5403223060621319,13,68,124.94916173124905,147,1.0,2.2644102995370922e-10,-3.0586644328423063e-13,37.35378309377164,0.1867689154688582,0.8215623100683138
failed-only-best-6,0,joint,,checkpoint,False,True,1.0,1.0,1.0,0,0,200.0,148,0.0,3.945276181775218e-06,2.9309887850104134e-16,200.0,1.0,1.6458976336567447e-09
failed-only-best-6,0,joint,,checkpoint,False,True,1.0,1.0,1.0,0,0,200.0,149,0.0,0.0001259693983367853,3.7747582837255325e-17,200.0,1.0,5.154839840026425e-11
failed-only-best-6,0,joint,,checkpoint,False,True,7.285888613030897e-233,0.9999998997852247,0.6174636834928006,0,40,147.19594806858555,150,1.0,9.521258482192556e-08,2.7938762414692064e-13,52.78205857990538,0.2639102928995269,0.00010889054690142262
failed-only-best-6,0,joint,,checkpoint,False,True,3.273399085228101e-05,0.9999564654034522,0.7171136585838574,0,14,171.72352020466,151,0.7999999999999999,8.226739730770654e-08,4.1061770428563184e-14,77.16886571677774,0.38584432858388873,3.33234473051698e-05
failed-only-best-6,0,joint,,checkpoint,False,True,0.0,0.999889755849467,0.6261322797156132,21,48,142.91695250384186,152,0.6,2.079838583360983e-09,1.1513025852928568e-13,65.93374981496552,0.3296687490748276,0.000725059801577739
failed-only-best-6,0,joint,,checkpoint,False,True,4.768722228008273e-13,0.9999999968887409,0.8917337191429653,0,4,191.85729589442525,153,0.2,2.489279119845244e-08,2.4265879001477487e-13,147.91771285608377,0.7395885642804189,1.3378201215841401e-06
failed-only-best-6,0,joint,,checkpoint,False,True,0.5286098460345996,0.9999861427214194,0.880864592493495,0,0,195.8437571853447,154,0.30000000000000004,1.637285555530942e-07,-4.1257887506352504e-13,135.69331760760545,0.6784665880380273,3.592217810663639e-07
failed-only-best-6,0,joint,,checkpoint,False,True,0.721875106138726,0.9999999381726028,0.9514318611450389,0,0,198.37009166201014,155,0.1,6.478399422678171e-07,-2.6759889947425057e-14,172.95068878817892,0.8647534439408946,1.9511942487920178e-08
failed-only-best-6,0,joint,,checkpoint,False,True,1.9889918582277174e-46,0.9999734485516888,0.5186225433801472,0,75,118.06564299523994,156,1.0,7.460031183568755e-07,5.917488721252084e-14,33.0138305573747,0.1650691527868735,4.170236828051576e-06
failed-only-best-6,0,joint,,checkpoint,False,True,1.0833369990176466e-06,0.9999997419372073,0.7305089810560546,0,10,170.7046826088549,157,0.7,1.1048949226646856e-06,7.378759133144042e-14,82.93997360025102,0.41469986800125513,4.663461958265682e-07
failed-only-best-6,0,joint,,checkpoint,False,True,6.6602652589184924e-06,0.999995325299636,0.7070941248719959,0,20,160.30938308137254,158,0.6,1.3089896435524272e-06,-2.2393185319123712e-13,82.12611884624201,0.41063059423121007,1.8819427540339173e-07
failed-only-best-6,0,joint,,checkpoint,False,True,1.5556797327866134e-06,0.9999998498388051,0.657806773235319,0,27,158.020569658169,159,1.0,1.1044482733440062e-07,2.822186928597148e-13,60.850676528409025,0.3042533826420451,9.285398842134946e-05
failed-only-best-6,0,joint,,checkpoint,False,True,1.0,1.0,1.0,0,0,200.0,160,0.0,1.7958040854663805e-05,-8.548717289613706e-16,200.0,1.0,3.6159405050132396e-10
failed-only-best-6,0,joint,,checkpoint,False,True,6.578923928034223e-12,0.9999044353175098,0.7673136931232782,0,10,180.4150988417413,161,0.6,1.1855974028383757e-06,-6.66120727209399e-15,94.17003249649866,0.47085016248249334,2.3227410269315684e-07
failed-only-best-6,0,joint,,checkpoint,False,True,0.4368991698427147,0.9999995417582,0.8763495223778688,0,0,194.10442442717067,162,0.30000000000000004,5.530489357748009e-07,2.44645399938952e-13,134.79030358448026,0.6739515179224013,8.814463072993025e-08
failed-only-best-6,0,joint,,checkpoint,False,True,0.0015657077725960233,0.9999900479365309,0.8267682206017082,0,4,186.8721376745439,163,0.4,4.3096808768658455e-08,-2.630816968360756e-13,117.05911527871206,0.5852955763935603,3.5894006158573643e-06
failed-only-best-6,0,joint,,checkpoint,False,True,0.432020988516163,0.9999999270467462,0.8797572523737606,0,0,195.4762160664539,164,0.30000000000000004,5.389489842909622e-07,1.9304778486949788e-13,135.47184958365858,0.6773592479182929,9.115482312514968e-08
failed-only-best-6,0,joint,,checkpoint,False,True,1.0,1.0,1.0,0,0,200.0,165,0.0,3.0081501167411633e-07,-2.7239321909178216e-15,200.0,1.0,2.158642514403786e-08
failed-only-best-6,0,joint,,checkpoint,False,True,7.590101345798075e-11,0.9999738740973246,0.788571025479364,0,14,177.57681618507,166,0.4,4.399534302380368e-07,2.6214667805624545e-14,109.41967625424329,0.5470983812712165,2.1072936542661217e-07
failed-only-best-6,0,joint,,checkpoint,False,True,0.01917039968751335,0.9999735499540241,0.8402020569859467,0,3,190.73329515826833,167,0.4,6.459068349976073e-08,-9.493841975659566e-14,119.7458825555598,0.598729412777799,2.2446683217160537e-06
failed-only-recovery-10,0,joint,,checkpoint,False,True,1.0,1.0,1.0,0,0,200.0,0,0.0,1.0941253293411668e-06,-6.093675564144973e-13,200.0,1.0,6.84591559414415e-09
failed-only-recovery-10,0,joint,,checkpoint,False,True,0.5712418743469254,0.9999995455496357,0.9129380437388958,0,0,197.13087812331923,1,0.2,3.6716323533066307e-06,-1.6094328528495636e-11,152.15857777526995,0.7607928888763498,6.500669251383739e-09
failed-only-recovery-10,0,joint,,checkpoint,False,True,1.0,1.0,1.0,0,0,200.0,2,0.0,6.871435043004211e-06,-5.216327370050067e-14,200.0,1.0,1.0900619167914044e-09
failed-only-recovery-10,0,joint,,checkpoint,False,True,1.0,1.0,1.0,0,0,200.0,3,0.0,2.966739695465265e-07,9.472866935311686e-14,200.0,1.0,2.52475458683952e-08
failed-only-recovery-10,0,joint,,checkpoint,False,True,0.005208269790114394,0.9999999771773246,0.7169811381976975,0,32,158.16540539220733,4,0.4,9.210765819248795e-07,4.274315576328315e-11,95.10169879790999,0.47550849398955,9.106332766987241e-08
failed-only-recovery-10,0,joint,,checkpoint,False,True,0.15353840348482295,0.9999962611153379,0.7593934827209184,0,0,184.17725680176287,5,0.7999999999999999,2.073627212213263e-07,-1.1187882233973379e-12,85.62483054418995,0.4281241527209497,1.1156888143586986e-05
failed-only-recovery-10,0,joint,,checkpoint,False,True,0.7487891647552923,0.9999903050166573,0.9165803480035549,0,0,198.55575259493295,6,0.2,9.694482633864915e-08,3.3314196652172513e-13,152.88703862820165,0.7644351931410083,3.555128578110547e-07
failed-only-recovery-10,0,joint,,checkpoint,False,True,0.002505545111296089,0.9999870034429782,0.6780160764751345,0,20,165.501827467474,7,1.0,1.642917832363241e-08,-9.381384558082573e-15,64.89253717637209,0.32446268588186045,0.0019242207795217498
failed-only-recovery-10,0,joint,,checkpoint,False,True,0.47091176574944177,0.9999999765861488,0.9049954203028057,0,0,194.2567885630979,8,0.2,6.218236944500396e-06,-2.800851098541398e-12,150.57005308805196,0.7528502654402598,3.609726184346014e-09
failed-only-recovery-10,0,joint,,checkpoint,False,True,1.0,1.0,1.0,0,0,200.0,9,0.0,1.4320840766723833e-07,-8.51985149097345e-15,200.0,1.0,5.230342111958504e-08
failed-only-recovery-10,0,joint,,checkpoint,False,True,0.0004568463483426679,0.9999927095206818,0.6461306880912862,0,30,153.07913860634315,10,1.0,3.598640740441461e-08,-1.802508142745296e-11,58.515459499602485,0.2925772974980124,0.0005656545747944657
failed-only-recovery-10,0,joint,,checkpoint,False,True,0.24178330673202164,0.9999703220268986,0.951922696798178,0,0,198.79771863958302,11,0.1,1.9276238124711132e-07,-6.0659429324862345e-12,173.0488559188067,0.8652442795940335,8.041009761219315e-08
failed-only-recovery-10,0,joint,,checkpoint,False,True,0.0025571799384303856,0.9999971748453675,0.6939030487871269,0,14,169.76812471253314,12,1.0,8.302844973915318e-08,-3.3092972806514354e-12,68.06993163877067,0.3403496581938533,0.0001733393149812448
failed-only-recovery-10,0,joint,,checkpoint,False,True,0.40295369278015475,0.9999987666783641,0.8994550533387404,0,0,192.43563973563062,13,0.2,2.4110899378567026e-06,2.999740536610486e-13,149.46197969523897,0.7473098984761948,1.0172005494326707e-08
failed-only-recovery-10,0,joint,,checkpoint,False,True,0.036738025804848015,0.9999951957079827,0.757926455524466,0,1,179.2510773251943,14,0.7,2.3319913731701676e-07,-4.211229194511814e-12,88.4234684939334,0.442117342469667,4.558062522294653e-06
failed-only-recovery-10,0,joint,,checkpoint,False,True,0.006848441306889095,0.9997681520214488,0.7207804671940917,0,3,179.04267046624184,15,1.0,2.9231479847294295e-07,-5.422939874932808e-12,73.44541532016356,0.3672270766008178,2.7256210818669662e-05
failed-only-recovery-10,0,joint,,checkpoint,False,True,3.0172412353408167e-06,0.9999713333394276,0.6909791831562901,0,29,162.163298361468,16,0.7,4.007029142470694e-08,-3.1447164923464924e-11,75.0340140202982,0.375170070101491,4.479599291914796e-05
failed-only-recovery-10,0,joint,,checkpoint,False,True,0.049208811180852616,0.9999823015965253,0.8385916704443909,0,3,190.30403421075133,17,0.4,4.3792935459630515e-07,3.5249159964581116e-12,119.42380524724851,0.5971190262362426,2.5992996616374344e-07
failed-only-recovery-10,0,joint,,checkpoint,False,True,1.0,1.0,1.0,0,0,200.0,18,0.0,5.2162334067946325e-06,-1.6265322422270855e-14,200.0,1.0,1.435957532944741e-09
failed-only-recovery-10,0,joint,,checkpoint,False,True,3.315600856564274e-24,0.9999994397983093,0.5876631027947397,0,65,129.41189284790514,19,0.4,2.211115372450292e-07,4.21092461717978e-11,69.2380917173184,0.346190458586592,4.1360465077074257e-07
failed-only-recovery-10,0,joint,,checkpoint,False,True,1.959697577291172e-16,0.9999936509628645,0.5548799145643872,0,68,123.96527047739156,20,0.6,2.234788318231574e-07,-1.0383260904646995e-10,51.68327678472038,0.2584163839236019,1.6957285371510607e-06
failed-only-recovery-10,0,joint,,checkpoint,False,True,0.48862979554812846,0.9999551373043256,0.9155831624390547,0,0,198.18705941206522,21,0.2,2.483183931384087e-07,1.648422243955865e-11,152.68760151530162,0.7634380075765081,1.2619724991040184e-07
failed-only-recovery-10,0,joint,,checkpoint,False,True,1.0,1.0,1.0,0,0,200.0,22,0.0,1.6621376265808523e-06,-6.269262886604565e-14,200.0,1.0,4.5064196455818916e-09
failed-only-recovery-10,0,joint,,checkpoint,False,True,4.193869931963422e-18,0.999993026365693,0.5574536040970954,0,62,127.35205628008318,23,0.8999999999999999,9.653504731853153e-08,-2.943601525160961e-12,42.76139186162855,0.21380695930814275,5.158064045504555e-05
failed-only-recovery-10,0,joint,,checkpoint,False,True,2.0249488559686012e-05,0.9999986369342704,0.6501107522783565,0,27,156.3264584955965,24,1.0,4.335306918816417e-09,-4.4009240696141205e-13,59.31147233701654,0.2965573616850827,0.013611194802393364
failed-only-recovery-10,0,joint,,checkpoint,False,True,4.068034048272554e-11,0.9999895818265103,0.6963637138374631,0,20,165.5250690589324,25,0.7999999999999999,7.743252436918081e-09,6.727268913931106e-12,73.01887676749884,0.3650943838374942,0.0010205693420742923
failed-only-recovery-10,0,joint,,checkpoint,False,True,0.0,0.9999988519708621,0.47295631976105673,20,90,105.0286516795731,26,0.8999999999999999,2.233947312444949e-08,1.690197466781277e-13,25.86193499442079,0.12930967497210394,0.000365373093988318
failed-only-recovery-10,0,joint,,checkpoint,False,True,0.0,0.9999972324718224,0.6625255797860974,4,22,159.7266862888813,27,1.0,5.399036650902661e-09,3.1308289294429414e-13,61.79443783856476,0.3089721891928238,0.009980835810405349
failed-only-recovery-10,0,joint,,checkpoint,False,True,0.7401777571682344,0.9999978379751261,0.9524472260308614,0,0,198.76380908080208,28,0.1,2.4578930028694825e-08,-1.2265085237207926e-12,173.1537617653433,0.8657688088267165,6.994104285735116e-07
failed-only-recovery-10,0,joint,,checkpoint,False,True,2.7192030969864256e-18,0.9999838335012522,0.5916600760647418,0,60,134.03556306600723,29,0.6,1.0805181657817306e-08,-3.3886225848852458e-12,59.0393090847913,0.2951965454239565,9.279299774251681e-05
failed-only-recovery-10,0,joint,,checkpoint,False,True,3.2196802777718873e-07,0.9999987358791425,0.8920388977093225,0,12,185.57639606719533,30,0.1,7.619102718750683e-07,-4.015172535188673e-10,161.07209610103558,0.805360480505178,1.779783091336447e-08
failed-only-recovery-10,0,joint,,checkpoint,False,True,3.5260498184472506e-08,0.9999999853299444,0.5754460121555195,0,62,126.23871566430697,31,0.5,2.209084426475791e-05,2.2027446533456896e-10,60.65609703592215,0.30328048517961076,2.6963986229832364e-09
failed-only-recovery-10,0,joint,,checkpoint,False,True,0.7745280481186195,0.9999999961959245,0.9527483039875589,0,0,198.8698030408621,32,0.1,0.00016255250101040834,-1.4848712993388743e-12,173.21397735668293,0.8660698867834147,6.814235675123901e-11
failed-only-recovery-10,0,joint,,checkpoint,False,True,1.0,1.0,1.0,0,0,200.0,33,0.0,8.243310059447468e-06,-7.543193847325825e-13,200.0,1.0,9.086507240499085e-10
failed-only-recovery-10,0,joint,,checkpoint,False,True,3.046882370307771e-305,0.9999999983764176,0.8206655477511827,0,16,175.50008131309886,34,0.2,1.6836235276821456e-08,4.031250251471194e-10,133.70407857772722,0.6685203928886361,2.183527111556984e-06
failed-only-recovery-10,0,joint,,checkpoint,False,True,0.10873616122367828,0.999989084003292,0.7309860642536858,0,0,182.43753376895899,35,1.0,6.478081281305162e-09,-5.173084183240917e-13,75.48653473208239,0.37743267366041194,0.008378729738121723
failed-only-recovery-10,0,joint,,checkpoint,False,True,0.01160952251304012,0.9999987374901655,0.7038746765988697,0,10,172.7435162124879,36,1.0,5.097418229678293e-09,1.7317258738103192e-12,70.06425720111912,0.3503212860055956,0.011558689915956172
failed-only-recovery-10,0,joint,,checkpoint,False,True,0.520881860444215,0.999997907177769,0.8558449041423282,0,0,195.47761964074894,37,0.4,9.736239299246618e-09,8.787271728396666e-13,122.87445198683608,0.6143722599341804,2.5545608739556257e-05
failed-only-recovery-10,0,joint,,checkpoint,False,True,0.026308102049779403,0.9999691668345007,0.7271293553888721,0,5,176.93432927842,38,0.8999999999999999,2.120315098802168e-08,-1.189721059096379e-13,76.69654211998382,0.38348271059991906,0.000605901966664079
failed-only-recovery-10,0,joint,,checkpoint,False,True,0.5504841701928875,0.9999582441305752,0.9086886889635798,0,0,195.53793358710806,39,0.2,5.174672837782611e-08,5.400875383118543e-13,151.3087068202066,0.7565435341010329,7.030817205012855e-07
failed-only-recovery-10,0,joint,,checkpoint,False,True,1.0,1.0,1.0,0,0,200.0,40,0.0,4.403530894823244e-06,-1.3736567439082136e-12,200.0,1.0,1.7009735671186854e-09
failed-only-recovery-10,0,joint,,checkpoint,False,True,1.0,1.0,1.0,0,0,200.0,41,0.0,0.00013755555595912263,1.0247541704089259e-12,200.0,1.0,5.445283254360655e-11
failed-only-recovery-10,0,joint,,checkpoint,False,True,1.7351007246278148e-23,0.9999996920500911,0.7654103446382368,0,17,170.6816063043546,42,0.4,4.974793727101466e-05,5.5314988227231036e-11,104.7875400860178,0.523937700430089,8.105035255648173e-10
failed-only-recovery-10,0,joint,,checkpoint,False,True,1.7368051364903e-05,0.9999997242875984,0.8504294704880894,0,12,182.06675447587912,43,0.2,5.308531340011758e-07,-2.7708708742943312e-09,139.65686312510866,0.6982843156255433,5.0819261439527356e-08
failed-only-recovery-10,0,joint,,checkpoint,False,True,0.02065468263750271,0.9999893097047199,0.7167328474154709,0,10,173.47922717514376,44,0.8999999999999999,3.0327304687624497e-07,6.63620152759132e-11,74.61724052530359,0.3730862026265179,1.2611581477635263e-05
failed-only-recovery-10,0,joint,,checkpoint,False,True,1.0,1.0,1.0,0,0,200.0,45,0.0,2.3598627253825996e-07,1.111955527655084e-12,200.0,1.0,3.174036173172085e-08
failed-only-recovery-10,0,joint,,checkpoint,False,True,0.34708023344871913,0.9999977323930415,0.8479021056633801,0,0,192.35224601700446,46,0.4,1.9407232351438251e-07,9.856825031032936e-11,121.28589229104628,0.6064294614552314,6.97878890124893e-07
failed-only-recovery-10,0,joint,,checkpoint,False,True,1.4499694298322978e-08,0.9999778370829739,0.7359912380537514,0,14,169.5864585357968,47,0.6,4.2258440175479605e-08,2.6425139984945014e-11,87.90554148259324,0.4395277074129662,1.9604229473826413e-05
failed-only-recovery-10,0,joint,,checkpoint,False,True,0.61504266453018,0.9999999788061844,0.9100257226506048,0,0,195.97041124451113,48,0.2,0.010678531633907291,-7.998961412594784e-13,151.57611355761162,0.7578805677880581,1.0035819633911284e-12
failed-only-recovery-10,0,joint,,checkpoint,False,True,0.27976382175077663,0.9999993496088927,0.8982351910934743,0,0,192.32368221899935,49,0.2,0.0002447134059359857,6.280116899928886e-10,149.21800724618564,0.7460900362309282,6.305628780678896e-11
failed-only-recovery-10,0,joint,,checkpoint,False,True,6.334444689058864e-66,0.999995295651929,0.7423282628635097,0,6,179.29571875871247,50,0.7999999999999999,3.908153594899394e-06,-3.6275878395075594e-10,82.21178657270802,0.4110589328635401,1.7878657017048717e-07
failed-only-recovery-10,0,joint,,checkpoint,False,True,0.30513390366626053,0.9999965684478185,0.9112619101512067,0,0,196.76279497022375,51,0.2,8.263759595241201e-07,-8.186463811207715e-10,151.82335105773208,0.7591167552886604,3.346645007291049e-08
failed-only-recovery-10,0,joint,,checkpoint,False,True,3.0270468754146177e-59,0.9999014965639664,0.6214590587711976,0,40,146.96549766150807,52,1.0,1.5649894259753482e-07,7.69913022224955e-11,53.58113363558478,0.2679056681779239,5.999072155791627e-05
failed-only-recovery-10,0,joint,,checkpoint,False,True,0.0010015928928774219,0.9999999980933588,0.6615372889400439,0,26,159.63995781435216,53,1.0,3.7633493805230005e-07,-1.3883116878332658e-11,61.59677966935405,0.30798389834677026,1.71250242231607e-05
failed-only-recovery-10,0,joint,,checkpoint,False,True,9.187281703109752e-78,0.9999172748437172,0.6400372064967104,0,35,153.83603643036196,54,1.0,7.902681345616754e-08,-2.792360787040593e-11,57.29676318068729,0.28648381590343647,0.00017217979609488333
failed-only-recovery-10,0,joint,,checkpoint,False,True,0.47751306452799575,0.9999999339188393,0.9023197541047248,0,0,193.2587562500414,55,0.2,1.0439826686568802e-05,4.977880410736358e-13,150.03491984843583,0.7501745992421792,2.0354466281752724e-09
failed-only-recovery-10,0,joint,,checkpoint,False,True,0.43952581377785893,0.9999999978865735,0.900469106391995,0,0,192.68832184401322,56,0.2,2.0466598717007517e-06,4.965353247740881e-12,149.66479030588968,0.7483239515294484,1.2194961881266697e-08
failed-only-recovery-10,0,joint,,checkpoint,False,True,1.0,1.0,1.0,0,0,200.0,57,0.0,1.6435944041585154e-05,-2.0007672740796068e-11,200.0,1.0,4.5572615939391116e-10
failed-only-recovery-10,0,joint,,checkpoint,False,True,0.46236968921584587,0.9999986544986467,0.9022378026493263,0,0,193.24643278257471,58,0.2,8.942786580267034e-06,-1.02116268100019e-10,150.0185295573559,0.7500926477867794,2.4130300935127243e-09
failed-only-recovery-10,0,joint,,checkpoint,False,True,0.0,0.999959778918844,0.634237951375258,13,38,150.29112731106588,59,0.8999999999999999,1.550755174251855e-08,2.3536726951171215e-10,58.11826131726099,0.29059130658630494,0.000831832341991947
failed-only-recovery-10,0,joint,,checkpoint,False,True,0.0019257685605565385,0.9999966546720694,0.7280348487405471,0,5,177.72107508669822,60,0.8999999999999999,2.5469280388878015e-07,-4.673052062491228e-10,76.87764079031892,0.3843882039515946,1.6500581999498336e-05
failed-only-recovery-10,0,joint,,checkpoint,False,True,1.0,1.0,1.0,0,0,200.0,61,0.0,3.5722628706851746e-07,9.615788054695428e-11,200.0,1.0,2.0967912847489046e-08
failed-only-recovery-10,0,joint,,checkpoint,False,True,0.7227545210521407,0.9999999973664976,0.9520004558374221,0,0,198.5892233414334,62,0.1,8.762349122855579e-07,-1.1888372582600132e-10,173.0644077266555,0.8653220386332775,1.6400907524371875e-08
failed-only-recovery-10,0,joint,,checkpoint,False,True,0.3677380734403664,0.9999943241116,0.8809266462954204,0,0,195.96284562675686,63,0.30000000000000004,1.622176998397773e-08,5.829419524721053e-10,135.70572836799042,0.6785286418399521,5.916185141059179e-06
failed-only-recovery-10,0,joint,,checkpoint,False,True,0.5922283366091464,0.9999979962672946,0.9152776090135123,0,0,198.07085667945165,64,0.2,1.1851816255892406e-08,-2.425132954372769e-10,152.62649083019326,0.7631324541509663,3.5830371326372134e-06
failed-only-recovery-10,0,joint,,checkpoint,False,True,1.0,1.0,1.0,0,0,200.0,65,0.0,2.0405890513405396e-08,2.7937652191667438e-14,200.0,1.0,3.6706507119423067e-07
failed-only-recovery-10,0,joint,,checkpoint,False,True,0.20577032280209936,0.9999999668988625,0.8124012888220875,0,0,180.2031407782882,66,0.4,5.013165422074993e-05,4.439415080810607e-10,114.18572892278786,0.5709286446139393,8.523674086998322e-10
failed-only-recovery-10,0,joint,,checkpoint,False,True,0.1648490456901251,0.9999991347770731,0.7534674425031099,0,0,181.50737370412634,67,0.7999999999999999,7.5742092331706816e-06,9.264357449576546e-10,84.43962250062826,0.4221981125031413,7.186070010102305e-08
failed-only-recovery-10,0,joint,,checkpoint,False,True,2.863955795029256e-10,0.9999997979829148,0.778382606278011,0,16,174.463727698632,68,0.4,2.3636824404752792e-06,2.2756417995246995e-09,107.38199241397257,0.5369099620698629,3.190632924626478e-08
failed-only-recovery-10,0,joint,,checkpoint,False,True,1.0,1.0,1.0,0,0,200.0,69,0.0,1.7378061355467424e-06,6.550717746023338e-12,200.0,1.0,4.310198646944132e-09
failed-only-recovery-10,0,joint,,checkpoint,False,True,0.4682826786108879,0.9999873812260193,0.9097500318232368,0,0,196.122272173332,70,0.2,3.6180588525412646e-06,2.7389524732771097e-09,151.52097539213815,0.7576048769606908,6.583559447527434e-09
failed-only-recovery-10,0,joint,,checkpoint,False,True,0.8036742938727941,0.9999998119929596,0.9542828878280943,0,0,199.47955584481707,71,0.1,8.741580178235493e-07,-2.6802786730737343e-10,173.52089412478998,0.8676044706239499,1.6481244331921767e-08
failed-only-recovery-10,0,joint,,checkpoint,False,True,0.5065450661360409,0.9999999999740325,0.9053977001752114,0,0,194.31417299385157,72,0.2,5.068620896560904e-05,-4.6980011428601484e-11,150.650509062533,0.753252545312665,3.591885367093554e-10
failed-only-recovery-10,0,joint,,checkpoint,False,True,0.05884547614501728,0.9999895517225358,0.8276451858273708,0,2,186.4804492191949,73,0.4,8.358366160625856e-07,-3.3535020641114223e-10,117.23450832384461,0.586172541619223,1.1811068723951431e-07
failed-only-recovery-10,0,joint,,checkpoint,False,True,0.13612752349611273,0.9999512269775752,0.7901373893902504,0,0,185.13097055722457,74,0.6,3.020533468900098e-07,-1.051431941381373e-09,98.73477174989287,0.49367385874946434,1.632144101344812e-06
failed-only-recovery-10,0,joint,,checkpoint,False,True,0.40491093914822174,0.9999999083799491,0.8787655224509675,0,0,195.0972539683178,75,0.30000000000000004,1.6849121391627577e-07,1.78916576774757e-09,135.27350359909988,0.6763675179954994,3.9996698644628586e-07
failed-only-recovery-10,0,joint,,checkpoint,False,True,2.337077641731871e-14,0.9998931700338161,0.7086580052830028,0,18,161.56160356304312,76,0.6,1.901537008612443e-06,-1.4825042858680667e-09,82.43889492844343,0.41219447464221715,1.3389523292801336e-07
failed-only-recovery-10,0,joint,,checkpoint,False,True,0.41594073383145935,0.9999992773646851,0.864788905693006,0,0,189.80881200009603,77,0.30000000000000004,9.786624178861341e-05,-1.5951961197924125e-10,132.47818024750762,0.6623909012375381,2.6085384715987053e-10
failed-only-recovery-10,0,joint,,checkpoint,False,True,6.491854308633054e-05,0.9998971039919402,0.6220738659494923,0,40,146.52467281618306,78,1.0,4.1150658352681225e-08,-2.1118491955185448e-09,53.7040950712437,0.2685204753562185,0.0004453643486615658
failed-only-recovery-10,0,joint,,checkpoint,False,True,0.11771451411414274,0.9999783090346953,0.7656528413655116,0,0,181.6814821139955,79,0.7,2.752724495056598e-07,2.9692012314994244e-09,89.96874566214237,0.44984372831071184,3.6807538024257004e-06
failed-only-recovery-10,0,joint,,checkpoint,False,True,0.689116446512257,0.99999121758429,0.9533596957020223,0,0,199.1313981727583,80,0.1,4.882447616272958e-07,7.791455084825936e-10,173.33625569957547,0.8666812784978773,3.0350763447028916e-08
failed-only-recovery-10,0,joint,,checkpoint,False,True,0.08946869286959391,0.9998299929495722,0.7176431362914468,0,2,177.5149474480015,81,1.0,8.617237321448663e-07,4.388628349616397e-11,72.81794913963466,0.3640897456981733,5.361608868886806e-06
failed-only-recovery-10,0,joint,,checkpoint,False,True,0.13262863394465702,0.9999806371125104,0.8191608319558589,0,0,189.69702676242233,82,0.5,3.591672262797906e-07,5.048443052491081e-09,109.39906099599011,0.5469953049799505,6.611396550480607e-07
failed-only-recovery-10,0,joint,,checkpoint,False,True,0.09411143378181783,0.9999736530063366,0.7395391460220003,0,1,181.14031447969086,83,0.8999999999999999,4.202666429184415e-07,5.641975168870299e-12,79.1785002466096,0.39589250123304803,8.108141231096089e-06
failed-only-recovery-10,0,joint,,checkpoint,False,True,0.0011118300562100512,0.9999952052820749,0.8122011684885875,0,2,187.72301070630343,84,0.5,3.5065401286772917e-07,-6.59502008559798e-10,108.00712830253579,0.5400356415126789,6.75476116365151e-07
failed-only-recovery-10,0,joint,,checkpoint,False,True,5.893546103036745e-06,0.9999999991987758,0.7823002521120244,0,10,180.1001304647582,85,0.5,1.1384016537541398e-07,4.4614539840281964e-10,102.02694502722298,0.5101347251361149,2.654904949556049e-06
failed-only-recovery-10,0,joint,,checkpoint,False,True,0.10762464477428763,0.9999999931891226,0.7736506833556683,0,0,185.004028398008,86,0.7,2.0730962183624204e-07,-8.905793747418345e-10,91.56831406017372,0.4578415703008686,5.453724849207581e-06
failed-only-recovery-10,0,joint,,checkpoint,False,True,1.0,1.0,1.0,0,0,200.0,87,0.0,1.0139990795920611e-05,-1.0066498745686659e-11,200.0,1.0,7.386880131191237e-10
failed-only-recovery-10,0,joint,,checkpoint,False,True,0.47268612134182936,0.999908022020635,0.905116268172195,0,0,194.32324257323702,88,0.2,8.26391940599769e-07,-7.688511298650694e-10,150.59422266192985,0.7529711133096493,3.324004186395987e-08
failed-only-recovery-10,0,joint,,checkpoint,False,True,1.0838378197819165e-57,0.9999999628563407,0.7381637063227262,0,13,175.46441690706035,89,0.7,1.1284409441971676e-07,-4.696228273440129e-10,84.47091865358541,0.42235459326792707,1.1827442353323148e-05
failed-only-recovery-10,0,joint,,checkpoint,False,True,0.3931020612187405,0.9999999764899256,0.8977663124417838,0,0,191.84726053425476,90,0.2,9.449662710128035e-07,5.109831181211193e-11,149.12423151584758,0.745621157579238,2.8449015282284066e-08
failed-only-recovery-10,0,joint,,checkpoint,False,True,0.06451317644730703,0.9999685618503675,0.7774090926395482,0,2,181.13167696584702,91,0.6,8.76159805886884e-07,5.137512638840684e-10,96.18911239975242,0.4809455619987621,4.0221283645051064e-07
failed-only-recovery-10,0,joint,,checkpoint,False,True,0.4533369838336628,0.9999989241285422,0.8800773447733999,0,0,195.54553187712617,92,0.30000000000000004,7.968777803067797e-07,-7.312594341319916e-10,135.53586806358638,0.6776793403179319,6.708653340193003e-08
failed-only-recovery-10,0,joint,,checkpoint,False,True,1.0,1.0,1.0,0,0,200.0,93,0.0,1.0178331699309776e-05,-1.5086770721595144e-12,200.0,1.0,7.359054386675924e-10
failed-only-recovery-10,0,joint,,checkpoint,False,True,6.656257219311148e-10,0.9996137044105965,0.6480653338341097,0,30,156.19744833272478,94,1.0,1.4034695940252376e-07,-1.065127042121361e-09,58.90238864816726,0.2945119432408363,7.366360224880899e-05
failed-only-recovery-10,0,joint,,checkpoint,False,True,0.24585054780613835,0.9997041956270182,0.7787012917511159,0,0,185.97189855392398,95,0.7,1.0864626727737597e-06,-8.398219680376132e-11,92.57843573926334,0.4628921786963167,5.865911163822519e-07
failed-only-recovery-10,0,joint,,checkpoint,False,True,0.46001871770443575,0.999999644428649,0.8535073100905362,0,0,194.58875935853555,96,0.4,2.3185804597072135e-07,-3.7394452859370354e-10,122.40693317647768,0.6120346658823884,5.674548520645699e-07
failed-only-recovery-10,0,joint,,checkpoint,False,True,0.01407144179830211,0.9999976492156368,0.9023227513191155,0,2,194.6496723879555,97,0.2,5.456887619722768e-07,-7.52092868419865e-10,150.03551929131393,0.7501775964565697,5.230994563037478e-08
failed-only-recovery-10,0,joint,,checkpoint,False,True,0.00018085894934153756,0.9999992990175637,0.7997036082177416,0,11,179.43298952360908,98,0.4,7.874972852678999e-07,-2.0961886440669962e-10,111.6461928019188,0.558230964009594,1.2258034846524568e-07
failed-only-recovery-10,0,joint,,checkpoint,False,True,0.7508068090221093,0.9999982377143443,0.9177373983843797,0,0,199.04955072580276,99,0.2,1.2501753559375153e-06,7.239269473575421e-11,153.11844870436673,0.7655922435218336,2.1375302746501722e-08
failed-only-recovery-10,0,joint,,checkpoint,False,True,1.0,1.0,1.0,0,0,200.0,100,0.0,3.449761641394408e-05,-2.3409635341309355e-12,200.0,1.0,2.171248460823272e-10
failed-only-recovery-10,0,joint,,checkpoint,False,True,1.1051817934750568e-16,0.9999997528192327,0.6352155783254235,0,37,150.4025300737632,101,0.8999999999999999,7.676954502462744e-09,-1.7648317312698273e-10,58.3137867072941,0.2915689335364705,0.002309236488588854
failed-only-recovery-10,0,joint,,checkpoint,False,True,1.0,1.0,1.0,0,0,200.0,102,0.0,1.1673662498181736e-06,-2.341269955685732e-12,200.0,1.0,6.4164007270652716e-09
failed-only-recovery-10,0,joint,,checkpoint,False,True,0.1730288355278497,0.9997360693657197,0.7320840001311499,0,0,177.63267266274318,103,0.8999999999999999,1.9722117556421822e-07,4.883187127283814e-11,77.68747106843948,0.38843735534219737,2.4040835148373167e-05
failed-only-recovery-10,0,joint,,checkpoint,False,True,0.32548003227614736,0.999930498812263,0.8217459197321293,0,0,189.99423965110296,104,0.5,1.6322000540682224e-07,-4.584876922564263e-11,109.91607855124417,0.5495803927562208,1.7775250339305637e-06
failed-only-recovery-10,0,joint,,checkpoint,False,True,0.011290447618115085,0.9999999216633422,0.888313182611748,0,6,191.13464068498232,105,0.2,7.918493931667381e-07,4.740101007341765e-10,147.23360554984043,0.7361680277492022,3.4191734436813475e-08
failed-only-recovery-10,0,joint,,checkpoint,False,True,2.020051078913892e-66,0.9999997578952308,0.5042081422665499,0,79,113.14632134941932,106,1.0,1.0295615468364797e-08,9.45500899796059e-11,30.130950334655264,0.15065475167327633,0.002884496777029355
failed-only-recovery-10,0,joint,,checkpoint,False,True,0.3834921314050693,0.9999996843019551,0.9065318481761571,0,0,194.88914332767663,107,0.2,1.620366960020963e-06,1.8781965622852258e-09,150.87733866272234,0.7543866933136116,1.5873409522813442e-08
failed-only-recovery-10,0,joint,,checkpoint,False,True,0.4908189018813891,0.9999999996021052,0.9112657932915851,0,0,196.5166634319017,108,0.2,2.9729480332970947e-06,2.187751249723988e-09,151.82412768580775,0.7591206384290388,8.184664658580095e-09
failed-only-recovery-10,0,joint,,checkpoint,False,True,0.6007474505466528,0.999999808085215,0.913184067623336,0,0,197.22453305392503,109,0.2,9.148760728650145e-07,-1.122174657561173e-10,152.207782552158,0.7610389127607899,2.998621848299455e-08
failed-only-recovery-10,0,joint,,checkpoint,False,True,0.48880711573980173,0.999983177266809,0.8777030783641574,0,0,194.58761978288433,110,0.30000000000000004,4.995053004051443e-07,3.021617066156845e-11,135.06101478173778,0.6753050739086889,1.144831287486877e-07
failed-only-recovery-10,0,joint,,checkpoint,False,True,0.8011947203079497,0.9999941164670977,0.9539844889640505,0,0,199.36077226176727,111,0.1,8.8137407765658e-07,-4.664105952655473e-12,173.4612143519811,0.8673060717599056,1.6334480651656672e-08
failed-only-recovery-10,0,joint,,checkpoint,False,True,0.34285913350006497,0.999999805112862,0.8219034691501457,0,0,190.1358883078975,112,0.5,3.5460042786372026e-07,2.9074465057732368e-11,109.94758843484743,0.5497379421742372,6.740492795888639e-07
failed-only-recovery-10,0,joint,,checkpoint,False,True,1.0,1.0,1.0,0,0,200.0,113,0.0,1.0503815886813457e-06,-2.0720591353828865e-11,200.0,1.0,7.131017655677037e-09
failed-only-recovery-10,0,joint,,checkpoint,False,True,0.6497730398940877,0.999998084446628,0.9147438179580624,0,0,197.8397913963118,114,0.2,1.075131197462002e-06,6.189725307423075e-09,152.51973261910322,0.7625986630955162,2.515091238054613e-08
failed-only-recovery-10,0,joint,,checkpoint,False,True,2.735607884227369e-13,0.9999994550944262,0.6922178218234278,0,16,170.6925075708292,115,1.0,1.1265249369120344e-06,-7.66797292328647e-09,67.7328862460308,0.338664431230154,3.459953289590421e-06
failed-only-recovery-10,0,joint,,checkpoint,False,True,3.6390876455503086e-12,0.9999983411076865,0.5486654142587964,0,68,125.60313347757781,116,0.8999999999999999,1.643210406620741e-06,-1.3632520235502952e-08,41.00375389396869,0.20501876946984346,8.32959242084188e-07
failed-only-recovery-10,0,joint,,checkpoint,False,True,0.49571645867883224,0.9999998213401715,0.9121717139897143,0,0,196.93979209190678,117,0.2,1.2509435233570256e-07,-7.61899863465392e-09,152.00531182543372,0.7600265591271687,2.6728648470351874e-07
failed-only-recovery-10,0,joint,,checkpoint,False,True,0.12877775309261305,0.9999926578624153,0.8468950685654336,0,0,192.52037316343288,118,0.4,1.660832903064466e-07,5.168679192506112e-09,121.08448487145714,0.6054224243572857,8.402899131342722e-07
failed-only-recovery-10,0,joint,,checkpoint,False,True,0.5977656290508675,0.9999999099927944,0.915019124046711,0,0,197.9521745172708,119,0.2,2.8201196239432554e-07,4.976356466981998e-10,152.57479383683307,0.7628739691841653,1.096472538131993e-07
failed-only-recovery-10,0,joint,,checkpoint,False,True,0.5987612049467055,0.9999946624115387,0.9152808267793949,0,0,198.0459593211093,120,0.2,4.4240017601798277e-07,3.343448213924491e-10,152.62713438336968,0.7631356719168484,6.683737984466057e-08
failed-only-recovery-10,0,joint,,checkpoint,False,True,0.3098071559346444,0.999996387407177,0.8278840642868411,0,0,192.76085302559866,121,0.5,2.564995988252117e-07,-3.745692200851636e-09,111.14370746218651,0.5557185373109326,1.0177850439071258e-06
failed-only-recovery-10,0,joint,,checkpoint,False,True,0.32364705928081605,0.9999989823390079,0.8503078931861248,0,0,193.32695435833793,122,0.4,5.36554528515194e-07,3.8997450680629346e-09,121.76704979559543,0.6088352489779771,2.0655240088280945e-07
failed-only-recovery-10,0,joint,,checkpoint,False,True,5.216653238920762e-27,0.9999823726751124,0.7181829218942617,0,11,175.7912169997094,123,0.8999999999999999,7.762978493145421e-07,7.062075251847228e-10,74.90725542106172,0.3745362771053086,3.2341874749793844e-06
failed-only-recovery-10,0,joint,,checkpoint,False,True,0.7227869018614203,0.9999972472760853,0.954186417340684,0,0,199.44659381896133,124,0.1,7.000135511686391e-07,7.504277334906462e-09,173.50160002730794,0.8675080001365397,2.080912239502929e-08
failed-only-recovery-10,0,joint,,checkpoint,False,True,0.013385468883829013,0.9999972925134297,0.7134577689158804,0,10,172.1570351104738,125,0.8999999999999999,4.665461079366318e-07,4.301535743095734e-08,73.96222482538549,0.36981112412692746,6.722679645987444e-06
failed-only-recovery-10,0,joint,,checkpoint,False,True,0.49255296666404735,0.9999999477608643,0.9046578711732763,0,0,194.06295120510924,126,0.2,1.5371246744341192e-05,2.6775111212709678e-09,150.50254326214608,0.7525127163107304,1.33341775740955e-09
failed-only-recovery-10,0,joint,,checkpoint,False,True,0.08678072150307012,0.9998800461975802,0.7257233609767695,0,2,180.29875210625423,127,1.0,7.135040778968737e-08,9.340931361734306e-10,74.43399407669918,0.3721699703834959,0.00022757004101096184
failed-only-recovery-10,0,joint,,checkpoint,False,True,1.0,1.0,1.0,0,0,200.0,128,0.0,3.6303492701812714e-06,-3.3127001142219115e-13,200.0,1.0,2.0632421556812877e-09
failed-only-recovery-10,0,joint,,checkpoint,False,True,0.1252117353591765,0.9999990412100337,0.7710547068303719,0,0,183.18640942957893,129,0.7,8.58386863799688e-07,-2.265942531438897e-09,91.04911875511442,0.4552455937755721,7.983579194133322e-07
failed-only-recovery-10,0,joint,,checkpoint,False,True,3.583822702977565e-05,0.9999987793418845,0.7762055518094932,0,10,177.7829105846989,130,0.5,2.4350301082078e-06,-2.833010013247872e-07,100.80800496671688,0.5040400248335843,5.7265259066409954e-08
failed-only-recovery-10,0,joint,,checkpoint,False,True,0.018087184163661875,0.9999938822824839,0.9419215709992236,0,2,196.36042557094078,131,0.1,6.724588517631643e-07,-1.0284824800495649e-07,171.04863075901588,0.8552431537950794,2.142634268505937e-08
failed-only-recovery-10,0,joint,,checkpoint,False,True,2.3725949303737933e-30,0.999922655074777,0.5752753671476042,0,70,126.56802174068258,132,0.4,1.6815563943533956e-06,-3.910213210214938e-08,66.76054458789127,0.3338027229394564,3.54823788447188e-08
failed-only-recovery-10,0,joint,,checkpoint,False,True,1.0,1.0,1.0,0,0,200.0,133,0.0,5.0637084127383584e-05,-1.494728230078124e-12,200.0,1.0,1.479210302718482e-10
failed-only-recovery-10,0,joint,,checkpoint,False,True,0.45033985107653224,0.999999901104263,0.9090743302466424,0,0,195.66359207099288,134,0.2,1.9870788153734772e-05,1.9912768574129135e-09,151.38583507681923,0.7569291753840962,1.0102402407734327e-09
failed-only-recovery-10,0,joint,,checkpoint,False,True,0.050046688676126945,0.9999960846278135,0.7232275152895741,0,1,174.96531878994494,135,0.8999999999999999,6.042177292295502e-07,-2.0600310247139007e-08,75.91617410012422,0.3795808705006211,4.6839870949565166e-06
failed-only-recovery-10,0,joint,,checkpoint,False,True,0.5904529062284073,0.9999982607434221,0.9129567138542473,0,0,197.16095993581533,136,0.2,1.514825803682159e-06,-2.1100943583976787e-08,152.1623117983402,0.7608115589917009,1.7215240516444593e-08
failed-only-recovery-10,0,joint,,checkpoint,False,True,1.8517991271287681e-134,0.9999987576757994,0.5460424231651902,0,65,126.02244426700874,137,1.0,1.2172074909504956e-09,1.0667533523189832e-10,38.4978065143833,0.1924890325719165,0.07684544582683309
failed-only-recovery-10,0,joint,,checkpoint,False,True,1.0,1.0,1.0,0,0,200.0,138,0.0,2.8619603967084005e-06,1.976752095345091e-15,200.0,1.0,2.617188435835631e-09
failed-only-recovery-10,0,joint,,checkpoint,False,True,0.5704183618981764,0.999997925578377,0.9147472084110996,0,0,197.84246045456507,139,0.2,2.2090027475527677e-07,-5.64504819860174e-12,152.52041070971072,0.7626020535485536,1.4339931699715983e-07
failed-only-recovery-10,0,joint,,checkpoint,False,True,0.7481079789039914,0.9999777688300205,0.9533765047599124,0,0,199.1243591430834,140,0.1,1.3997718310570762e-06,1.0409905212098636e-08,173.3396175111536,0.8666980875557679,1.0043535917943537e-08
failed-only-recovery-10,0,joint,,checkpoint,False,True,0.014165026884843982,0.9999997143196881,0.9174362287455671,0,7,190.6737161183063,141,0.1,5.839670395343585e-07,2.481782507401202e-06,166.15156230828444,0.8307578115414223,2.420195439661987e-08
failed-only-recovery-10,0,joint,,checkpoint,False,True,1.0,1.0,1.0,0,0,200.0,142,0.0,2.941096144665655e-06,1.1728622517637177e-11,200.0,1.0,2.546768036696166e-09
failed-only-recovery-10,0,joint,,checkpoint,False,True,0.0,0.9999821334660556,0.7270977615644619,4,23,164.47109364407805,143,0.5,3.965719591547673e-09,-7.08103043256525e-07,90.9864469177106,0.454932234588553,0.0001639589802454878
failed-only-recovery-10,0,joint,,checkpoint,False,True,1.0,1.0,1.0,0,0,200.0,144,0.0,2.579271959528581e-05,2.371936480560777e-11,200.0,1.0,2.9040325222059184e-10
failed-only-recovery-10,0,joint,,checkpoint,False,True,8.950980417016707e-13,0.9999885345380672,0.5712658069662239,0,66,125.55386326603976,145,0.5,5.194281669873729e-07,4.9243910116292255e-08,59.82005599806303,0.2991002799903152,2.9072090650381366e-07
failed-only-recovery-10,0,joint,,checkpoint,False,True,2.147608983477833e-06,0.9999977682599324,0.7749992420931844,0,14,178.95373415270245,146,0.5,6.084914920862388e-07,4.281763055224985e-09,100.56674302345507,0.5028337151172754,3.236145534831079e-07
failed-only-recovery-10,0,joint,,checkpoint,False,True,0.0,0.9999998851498215,0.5406539538409646,13,68,125.08765014718217,147,1.0,2.403878515369485e-10,4.83635909098723e-10,37.420112649538126,0.18710056324769064,0.8669404828547377
failed-only-recovery-10,0,joint,,checkpoint,False,True,1.0,1.0,1.0,0,0,200.0,148,0.0,4.831253322983787e-06,6.84617595947401e-11,200.0,1.0,1.5503823031698869e-09
failed-only-recovery-10,0,joint,,checkpoint,False,True,1.0,1.0,1.0,0,0,200.0,149,0.0,0.0001604963943831983,-1.0074369116708226e-12,200.0,1.0,4.666951979121201e-11
failed-only-recovery-10,0,joint,,checkpoint,False,True,0.0,0.9999983872715587,0.6040135230079414,5,47,142.68478487573782,150,1.0,6.280549740103132e-08,1.0945722828115123e-08,50.09202648293355,0.25046013241466775,0.00022934477309240794
failed-only-recovery-10,0,joint,,checkpoint,False,True,6.345402105161003e-05,0.9999952734674706,0.7254528793158758,0,11,173.56699046536357,151,0.7999999999999999,9.368881530182455e-08,8.412068762137492e-08,78.83670986318138,0.39418354931590693,3.241496318770901e-05
failed-only-recovery-10,0,joint,,checkpoint,False,True,0.0,0.9999841939090193,0.6754025049769865,4,32,155.34338322765385,152,0.6,1.582962270025872e-08,-6.908391286795336e-08,75.78779486724028,0.3789389743362014,6.447859551613124e-05
failed-only-recovery-10,0,joint,,checkpoint,False,True,2.5432395332514583e-13,0.9999644648982675,0.8939576674376033,0,4,192.61835255003987,153,0.2,3.169414101819691e-08,-2.2409598899585685e-07,148.36250251501147,0.7418125125750573,1.1860471132529931e-06
failed-only-recovery-10,0,joint,,checkpoint,False,True,0.5658903097767769,0.999981216254898,0.8824358470498166,0,0,196.44026762794033,154,0.30000000000000004,1.2236538385736747e-07,-2.630933953253045e-08,136.00756851886968,0.6800378425943484,5.802174193904703e-07
failed-only-recovery-10,0,joint,,checkpoint,False,True,0.6809528680660779,0.9999999706080535,0.9513347993331311,0,0,198.34329914280042,155,0.1,2.61510459580893e-07,-1.8442643457590257e-08,172.93127642579722,0.8646563821289861,5.83380851950878e-08
failed-only-recovery-10,0,joint,,checkpoint,False,True,1.176203695321208e-45,0.9999605267009124,0.5198109191717338,0,74,118.55707136938085,156,1.0,7.19103165730259e-07,1.501687713068023e-08,33.25150571569199,0.16625752857845996,5.094449611071407e-06
failed-only-recovery-10,0,joint,,checkpoint,False,True,6.312974944489657e-07,0.9999996287879042,0.7268547107283143,0,14,170.21969335377761,157,0.7,9.99883486425546e-07,-2.4953284814051274e-08,82.209119534703,0.411045597673515,6.124921189848383e-07
failed-only-recovery-10,0,joint,,checkpoint,False,True,1.94030009449766e-06,0.999999927794918,0.6817973932364848,0,32,153.87950822239503,158,0.6,1.33994137861564e-06,6.113363889005606e-07,77.06677251913976,0.3853338625956988,2.030525428948575e-07
failed-only-recovery-10,0,joint,,checkpoint,False,True,9.340643406609607e-06,0.9999750142957584,0.6655476796833183,0,22,160.15676956775812,159,1.0,1.2990286318354233e-07,3.8169753968642084e-08,62.39885781800896,0.31199428909004484,8.495516005993449e-05
failed-only-recovery-10,0,joint,,checkpoint,False,True,1.0,1.0,1.0,0,0,200.0,160,0.0,1.961053686104047e-05,1.0409034745251233e-12,200.0,1.0,3.819522997845844e-10
failed-only-recovery-10,0,joint,,checkpoint,False,True,1.9267793180324578e-10,0.9999277317512674,0.7676952592669534,0,10,180.4718461669979,161,0.6,1.4664168914508657e-06,3.986729724256713e-09,94.24634572523362,0.47123172862616813,2.0333811930369532e-07
failed-only-recovery-10,0,joint,,checkpoint,False,True,0.45358273899431323,0.9999990839227806,0.8759454742904965,0,0,193.95331280434712,162,0.30000000000000004,5.162974914735158e-07,2.0322846385741223e-08,134.70949396700559,0.6735474698350279,1.0999097211915101e-07
failed-only-recovery-10,0,joint,,checkpoint,False,True,0.014434332991310106,0.9999976969141187,0.8286692387756963,0,4,187.3934765785677,163,0.4,4.012781984819729e-08,9.730436136916189e-09,117.43931891350982,0.5871965945675491,4.521028179243693e-06
failed-only-recovery-10,0,joint,,checkpoint,False,True,0.4715282822310446,0.9999996392073309,0.879996850598235,0,0,195.52534354559464,164,0.30000000000000004,6.81004827251264e-07,-5.685777257917301e-09,135.5197692285533,0.6775988461427664,8.036619067472397e-08
failed-only-recovery-10,0,joint,,checkpoint,False,True,1.0,1.0,1.0,0,0,200.0,165,0.0,3.2165699562985644e-07,1.8596925110969663e-11,200.0,1.0,2.3286574692453324e-08
failed-only-recovery-10,0,joint,,checkpoint,False,True,1.0846153572723972e-11,0.9999999586688193,0.7849506061768142,0,14,176.58773921526955,166,0.4,4.5410496529642054e-07,2.59833998062771e-08,108.69559239373334,0.5434779619686667,2.329407679540406e-07
failed-only-recovery-10,0,joint,,checkpoint,False,True,0.0009974299609653216,0.9999993347684657,0.8338718431419769,0,4,189.25327063788507,167,0.4,5.264846440843208e-08,8.736334854106258e-08,118.47983978676584,0.5923991989338292,3.284181372943345e-06
failed-only-recovery-11,0,joint,,checkpoint,False,True,1.0,1.0,1.0,0,0,200.0,0,0.0,2.0705271472876484e-06,-3.7498393279378204e-13,200.0,1.0,1.7310953327440565e-09
failed-only-recovery-11,0,joint,,checkpoint,False,True,0.5295059077181972,0.9999999189650082,0.9130588999386685,0,0,197.19529766490533,1,0.2,4.731967812655304e-06,-2.5814691931571885e-11,152.18274901522443,0.7609137450761222,2.353520620449106e-09
failed-only-recovery-11,0,joint,,checkpoint,False,True,1.0,1.0,1.0,0,0,200.0,2,0.0,7.257980954558883e-06,2.015493327789386e-13,200.0,1.0,4.938398024781457e-10
failed-only-recovery-11,0,joint,,checkpoint,False,True,1.0,1.0,1.0,0,0,200.0,3,0.0,3.6582231952244995e-07,-8.714007293519899e-13,200.0,1.0,9.797870960056412e-09
failed-only-recovery-11,0,joint,,checkpoint,False,True,0.03845504146675712,0.9999974741259343,0.7638954486342435,0,17,168.1218799982086,4,0.4,2.0855913213478364e-06,1.3914577349929636e-11,104.48456088521908,0.5224228044260955,1.741216788207018e-08
failed-only-recovery-11,0,joint,,checkpoint,False,True,0.159080907285828,0.9999992796442148,0.7613493000970086,0,0,184.956359248033,5,0.7999999999999999,1.8317654794998331e-07,1.8217111685842059e-13,86.01599401940798,0.4300799700970399,6.367494913478787e-06
failed-only-recovery-11,0,joint,,checkpoint,False,True,0.7316791519011483,0.9999850232964679,0.9164129043164339,0,0,198.4895304802553,6,0.2,9.859602902099418e-08,1.8095814542123182e-13,152.85354989077757,0.7642677494538879,1.669594492089792e-07
failed-only-recovery-11,0,joint,,checkpoint,False,True,0.0028856218870500208,0.9999506047496377,0.6780704088681554,0,20,165.5071410191978,7,1.0,1.6467299153124456e-08,-1.7252865802674933e-13,64.90340365497636,0.3245170182748818,0.0009176629660188879
failed-only-recovery-11,0,joint,,checkpoint,False,True,0.502676554559117,0.9999979903258733,0.905504589948587,0,0,194.38789663227362,8,0.2,1.3304389646794107e-05,8.364338191599242e-13,150.6718870172081,0.7533594350860404,7.486199192144088e-10
failed-only-recovery-11,0,joint,,checkpoint,False,True,1.0,1.0,1.0,0,0,200.0,9,0.0,1.8966998373527e-06,-5.0581761001922135e-15,200.0,1.0,1.88974544648679e-09
failed-only-recovery-11,0,joint,,checkpoint,False,True,9.732728519649046e-11,0.9999998976000114,0.6734891391214685,0,19,162.02323010808357,10,1.0,7.05295452454316e-08,-1.4876433418464785e-12,63.98714970563904,0.31993574852819523,0.00010282907925112441
failed-only-recovery-11,0,joint,,checkpoint,False,True,0.09835987647745138,0.999997313477293,0.9479064754032226,0,1,197.60040010202042,11,0.1,1.769115448956761e-07,-2.6961283945502612e-11,172.24561163981562,0.8612280581990781,4.1928286330102294e-08
failed-only-recovery-11,0,joint,,checkpoint,False,True,0.007900066995973117,0.9999999988501026,0.6959554021732302,0,14,170.17519489779608,12,1.0,1.394197467703227e-07,4.0878411766698264e-13,68.48040231599134,0.3424020115799567,3.82328745574231e-05
failed-only-recovery-11,0,joint,,checkpoint,False,True,0.4066269160383716,0.999997061746137,0.9007951612070971,0,0,192.88260304242775,13,0.2,2.0176418486792198e-06,1.1592683175381328e-13,149.7300012689102,0.748650006344551,5.930109782613804e-09
failed-only-recovery-11,0,joint,,checkpoint,False,True,0.136215580730853,0.9999990525892337,0.7763862251031584,0,0,185.34401901839124,14,0.7,2.23842270749618e-07,-5.157408347445178e-13,92.11542240967174,0.46057711204835866,2.3612602954192134e-06
failed-only-recovery-11,0,joint,,checkpoint,False,True,0.03225185280184189,0.9998462234808908,0.7282244226891941,0,3,181.8127978123054,15,1.0,3.3502925091581455e-07,-5.662137425588298e-15,74.93420641918405,0.37467103209592023,1.0739476856263726e-05
failed-only-recovery-11,0,joint,,checkpoint,False,True,4.455065121234614e-05,0.9999815154190237,0.7245654131259164,0,20,171.0644955235657,16,0.7,3.106210989529703e-08,-2.6482572204445183e-12,81.75126001422339,0.40875630007111696,3.1699593730464623e-05
failed-only-recovery-11,0,joint,,checkpoint,False,True,0.0006924402835331414,0.9999963233473741,0.8094716571379547,0,7,181.68228895135263,17,0.4,1.0730823274299835e-07,-1.799796896370986e-12,113.59980258596133,0.5679990129298066,6.491364145810385e-07
failed-only-recovery-11,0,joint,,checkpoint,False,True,1.0,1.0,1.0,0,0,200.0,18,0.0,2.6505296724344194e-06,-8.597067502336131e-14,200.0,1.0,1.3522881551812483e-09
failed-only-recovery-11,0,joint,,checkpoint,False,True,9.368347156294242e-12,0.9999736489063451,0.601813991376371,0,60,131.23868895581572,19,0.4,7.122194478651219e-07,9.042585650967061e-12,72.06826943364469,0.3603413471682234,4.979889002181524e-08
failed-only-recovery-11,0,joint,,checkpoint,False,True,1.4552890480644143e-69,0.9999845078752121,0.4617851806962219,0,94,100.26710851460076,20,0.6,1.6430554915328874e-07,-3.3349433016446194e-12,33.06433001108725,0.16532165005543625,1.007302768795835e-06
failed-only-recovery-11,0,joint,,checkpoint,False,True,0.5360504553288244,0.9999999067016154,0.9127721284796643,0,0,197.07906308234544,21,0.2,5.594410291033478e-07,1.226245134403145e-10,152.12539472342348,0.7606269736171174,2.4637565880888052e-08
failed-only-recovery-11,0,joint,,checkpoint,False,True,1.0,1.0,1.0,0,0,200.0,22,0.0,1.7344328318305766e-06,1.861154008686583e-12,200.0,1.0,2.066542915476603e-09
failed-only-recovery-11,0,joint,,checkpoint,False,True,6.725232419501983e-133,0.999970472991195,0.5381574258679084,0,71,123.14391980586548,23,0.8999999999999999,5.389331127346176e-08,5.025307432755248e-13,38.90215621579112,0.1945107810789556,5.548279786817085e-05
failed-only-recovery-11,0,joint,,checkpoint,False,True,1.0645148987509455e-06,0.9999621091828751,0.6522719402755102,0,28,156.7980710734528,24,1.0,3.499265993509699e-09,-2.3314683517128287e-15,59.7437099364474,0.298718549682237,0.009011669129517383
failed-only-recovery-11,0,joint,,checkpoint,False,True,1.6343355462536688e-14,0.999999999752839,0.6978896136216969,0,18,165.53226953678367,25,0.7999999999999999,4.907755374491349e-09,-2.0133504254890576e-12,73.32405672434565,0.36662028362172827,0.0009267298181737176
failed-only-recovery-11,0,joint,,checkpoint,False,True,0.0,0.9999946841363405,0.4737844946653385,20,90,105.32544182782651,26,0.8999999999999999,1.9182860333390314e-08,-4.935613544181657e-13,26.027569975277142,0.13013784987638571,0.00021843943240866393
failed-only-recovery-11,0,joint,,checkpoint,False,True,0.0,0.9999931563524999,0.6554701329849374,6,26,157.4798870194927,27,1.0,3.741388601425371e-09,-2.2554180745260055e-13,60.38334847833278,0.3019167423916639,0.008191164642043757
failed-only-recovery-11,0,joint,,checkpoint,False,True,0.7941349343240183,0.9999880797129262,0.9536645056422713,0,0,199.23261002033288,28,0.1,7.672502261813955e-09,-5.514235358096584e-13,173.39721768762527,0.8669860884381264,1.1378823180439504e-06
failed-only-recovery-11,0,joint,,checkpoint,False,True,1.4103959907207516e-21,0.9999980934208449,0.5827776317388217,0,60,131.70261392059066,29,0.6,8.184812793042215e-09,5.734315009754629e-14,57.26282021960726,0.28631410109803634,6.2756604156621e-05
failed-only-recovery-11,0,joint,,checkpoint,False,True,1.7714703945779202e-09,0.9999999707167686,0.8872392991831461,0,14,184.50548377711175,30,0.1,7.407407501339328e-07,1.6915247778403151e-09,160.11217639580028,0.8005608819790013,8.725228866078583e-09
failed-only-recovery-11,0,joint,,checkpoint,False,True,1.193632058975485e-06,0.999998785001634,0.5879393019231098,0,60,129.04298636712142,31,0.5,3.597979524016785e-05,-1.334194976720937e-10,63.154754989440214,0.31577377494720105,7.164853908359632e-10
failed-only-recovery-11,0,joint,,checkpoint,False,True,0.7772467310017521,0.9999999695699558,0.9527665001433653,0,0,198.8762930188224,32,0.1,0.000268846709267469,-9.454940348517948e-12,173.21761658784405,0.8660880829392202,1.9226141029633664e-11
failed-only-recovery-11,0,joint,,checkpoint,False,True,1.0,1.0,1.0,0,0,200.0,33,0.0,1.480931827627654e-05,-1.2767803481139595e-12,200.0,1.0,2.4202868856774085e-10
failed-only-recovery-11,0,joint,,checkpoint,False,True,4.3831279865500705e-253,0.999995478154116,0.8287778820426175,0,16,177.7693764822618,34,0.2,2.6615574742218177e-08,6.013693905152026e-10,135.32654543601436,0.6766327271800718,6.376081979837979e-07
failed-only-recovery-11,0,joint,,checkpoint,False,True,0.11758552805026865,0.9999295256614715,0.7313649667818842,0,0,182.50195430623208,35,1.0,6.800168648042405e-09,-7.285283487590277e-13,75.56231523772206,0.3778115761886103,0.003729894980342302
failed-only-recovery-11,0,joint,,checkpoint,False,True,0.010477925225888713,0.999994916327703,0.7006814660647638,0,11,171.72958069920588,36,1.0,5.0539457274333484e-09,-2.71194178225187e-12,69.42561509429811,0.34712807547149055,0.00557720676098266
failed-only-recovery-11,0,joint,,checkpoint,False,True,0.5400310516796025,0.9999304217656619,0.8559167564512336,0,0,195.49348782897724,37,0.4,1.0857757972536779e-08,-9.883348876724592e-13,122.88882244861722,0.6144441122430861,1.0725988258578467e-05
failed-only-recovery-11,0,joint,,checkpoint,False,True,0.033126746650549786,0.9999981569390164,0.7270279609813499,0,4,176.77937069463653,38,0.8999999999999999,2.1887720041956226e-08,1.4420626207775546e-13,76.67626323847954,0.3833813161923977,0.0002768438798316896
failed-only-recovery-11,0,joint,,checkpoint,False,True,0.5586378256014098,0.999998398366279,0.9091684868473078,0,0,195.7129926613772,39,0.2,5.084746688290724e-08,-6.975335783890389e-13,151.40466639695225,0.7570233319847612,3.43173143868913e-07
failed-only-recovery-11,0,joint,,checkpoint,False,True,1.0,1.0,1.0,0,0,200.0,40,0.0,3.51476728797771e-06,-1.6889956100385462e-12,200.0,1.0,1.0197772959961097e-09
failed-only-recovery-11,0,joint,,checkpoint,False,True,1.0,1.0,1.0,0,0,200.0,41,0.0,3.4314825182908364e-06,-2.0188650751151726e-12,200.0,1.0,1.0445280900847377e-09
failed-only-recovery-11,0,joint,,checkpoint,False,True,0.24164590952220802,0.9999988604718807,0.8437407758156397,0,0,190.82891428965613,42,0.4,2.245579477527692e-06,-4.417036084587842e-09,120.45362632149846,0.6022681316074923,1.7599847216120225e-08
failed-only-recovery-11,0,joint,,checkpoint,False,True,0.1706021973405504,0.9999998332950641,0.9000649241374739,0,0,193.148317384984,43,0.2,4.7407255060518037e-07,-1.9178746173328843e-09,149.58395385498554,0.7479197692749276,2.9148064393428988e-08
failed-only-recovery-11,0,joint,,checkpoint,False,True,0.017483737365598603,0.9999593764933048,0.7083838412376727,0,13,170.61033538394267,44,0.8999999999999999,3.225422832785696e-07,-5.24749977411219e-10,72.94743928974388,0.36473719644871944,5.454972550424108e-06
failed-only-recovery-11,0,joint,,checkpoint,False,True,1.0,1.0,1.0,0,0,200.0,45,0.0,2.461814694004835e-07,-2.134958876354176e-12,200.0,1.0,1.4559503157236572e-08
failed-only-recovery-11,0,joint,,checkpoint,False,True,0.3160300619179368,0.999884556505792,0.8463080237588696,0,0,191.73377880278017,46,0.4,1.7171892356129942e-07,-5.691289527724661e-10,120.96707591014442,0.6048353795507221,3.8604741259656523e-07
failed-only-recovery-11,0,joint,,checkpoint,False,True,1.6934861799697327e-07,0.9999999985513716,0.7395600543118417,0,13,170.6426231920161,47,0.6,4.598591322781293e-08,2.804095290608125e-10,88.61930473421131,0.44309652367105656,8.445573039608333e-06
failed-only-recovery-11,0,joint,,checkpoint,False,True,0.5123240394953306,0.9999974414404548,0.9082179818410006,0,0,195.4024481224551,48,0.2,1.261074144574054e-05,2.145810521056177e-09,151.21456539569087,0.7560728269784543,7.964171183098382e-10
failed-only-recovery-11,0,joint,,checkpoint,False,True,0.5468129942958943,0.9999762005426992,0.9106798554329487,0,0,196.32628355118032,49,0.2,1.1880653987279927e-05,-2.1166919688039766e-09,151.7069401140805,0.7585347005704025,8.527201414190975e-10
failed-only-recovery-11,0,joint,,checkpoint,False,True,6.311914856419262e-12,0.9999995718158661,0.6432480801521797,0,38,150.44071276446618,50,0.7999999999999999,1.1223335425396904e-05,-4.576906314885054e-09,62.39575003044216,0.31197875015221077,1.6928179336249642e-08
failed-only-recovery-11,0,joint,,checkpoint,False,True,0.6148870130006787,0.999998655114671,0.9099944467173038,0,0,195.9610335766229,51,0.2,0.00015418798022679122,1.1965674851761337e-10,151.5698583709514,0.757849291854757,5.080990048627229e-11
failed-only-recovery-11,0,joint,,checkpoint,False,True,1.0895623147318441e-12,0.9999956923782782,0.6785620425113978,0,15,162.56461470310492,52,1.0,3.9201720703448935e-07,6.723003154185392e-09,65.00173038362468,0.3250086519181234,7.906310080459002e-06
failed-only-recovery-11,0,joint,,checkpoint,False,True,0.0009986399096760922,0.9998297974034843,0.6779066584337639,0,18,163.53015053165623,53,1.0,5.315729640576203e-07,3.5114824381565768e-09,64.87065356809808,0.3243532678404904,5.002274832361532e-06
failed-only-recovery-11,0,joint,,checkpoint,False,True,2.466757899170886e-154,0.9999896611426543,0.5851854779244836,0,50,136.36205022980891,54,1.0,4.263266834417262e-08,6.672018271203228e-09,46.32641746624198,0.23163208733120988,0.00019011734581610496
failed-only-recovery-11,0,joint,,checkpoint,False,True,0.49184366178842787,0.9999999767882211,0.9032315528137412,0,0,193.56578897656343,55,0.2,1.1365695358400031e-05,1.3621512370562687e-11,150.21727959023914,0.7510863979511957,8.879911998905391e-10
failed-only-recovery-11,0,joint,,checkpoint,False,True,0.47417753445999994,0.9999999062371173,0.9022665649467464,0,0,193.25390059463604,56,0.2,4.069378564963832e-06,1.290773896220074e-09,150.02428201684015,0.7501214100842007,2.745485379918424e-09
failed-only-recovery-11,0,joint,,checkpoint,False,True,1.0,1.0,1.0,0,0,200.0,57,0.0,0.00034158483082290584,-1.5295709143714475e-13,200.0,1.0,1.0493088561206556e-11
failed-only-recovery-11,0,joint,,checkpoint,False,True,0.5680211844727667,0.9999999925442807,0.9124680919564971,0,0,196.9260189800654,58,0.2,3.064296919508845e-05,9.961680658949506e-11,152.06458741879018,0.7603229370939509,3.01313736632159e-10
failed-only-recovery-11,0,joint,,checkpoint,False,True,0.0,0.9999984712292604,0.5661752228481597,14,57,129.5793744599969,59,0.8999999999999999,3.627287299678321e-09,1.1952931916873363e-10,44.50571561184144,0.2225285780592072,0.0029210002842393187
failed-only-recovery-11,0,joint,,checkpoint,False,True,1.3092528122016292e-17,0.9999999582396176,0.660078525775262,0,26,156.91118627154606,60,0.8999999999999999,1.3680499297067237e-07,5.877951896922435e-10,63.286376197261816,0.3164318809863091,1.7628783900629424e-05
failed-only-recovery-11,0,joint,,checkpoint,False,True,1.0,1.0,1.0,0,0,200.0,61,0.0,5.289805028133277e-05,6.09517991634334e-14,200.0,1.0,6.775826069064685e-11
failed-only-recovery-11,0,joint,,checkpoint,False,True,0.6480297903355786,0.9999999867954509,0.9536162958754423,0,0,199.2384925765546,62,0.1,1.4776624277577273e-06,1.4655692974088291e-10,173.38757573425934,0.8669378786712967,4.5415623184166714e-09
failed-only-recovery-11,0,joint,,checkpoint,False,True,0.13358646923258471,0.9999997140991254,0.8634219721843382,0,0,190.23356157038566,63,0.30000000000000004,1.6283865102017974e-07,1.799267201745287e-10,132.20479354577404,0.6610239677288702,1.955781179062721e-07
failed-only-recovery-11,0,joint,,checkpoint,False,True,0.678976255962427,0.9999917959564852,0.9161387701641723,0,0,198.39909067748414,64,0.2,2.9070680806273963e-07,2.257757048791136e-11,152.79872306032524,0.7639936153016262,5.080725285829872e-08
failed-only-recovery-11,0,joint,,checkpoint,False,True,1.0,1.0,1.0,0,0,200.0,65,0.0,5.384351509125249e-07,-2.472733129366134e-12,200.0,1.0,6.656846000702109e-09
failed-only-recovery-11,0,joint,,checkpoint,False,True,0.2863802481123916,0.9999999971610893,0.8270000580307686,0,0,184.7025736237348,66,0.4,2.0064529121726983e-05,-1.5973804271137458e-10,117.10548276452434,0.5855274138226217,1.2459044873901136e-09
failed-only-recovery-11,0,joint,,checkpoint,False,True,3.437321090856203e-94,0.9999651809292944,0.5332433699707618,0,72,121.1183891726693,67,0.7999999999999999,1.7123233998362608e-06,9.574226006619835e-09,40.39480799415864,0.2019740399707932,1.9512271417784996e-07
failed-only-recovery-11,0,joint,,checkpoint,False,True,7.3222551017828415e-34,0.9999998515907924,0.7306858671814961,0,30,163.88353058108464,68,0.4,1.2910447597853715e-06,1.2186550531153987e-07,97.84264459466974,0.4892132229733487,2.961386721640671e-08
failed-only-recovery-11,0,joint,,checkpoint,False,True,1.0,1.0,1.0,0,0,200.0,69,0.0,0.00013356271108764698,4.050035307123778e-12,200.0,1.0,2.683593236316822e-11
failed-only-recovery-11,0,joint,,checkpoint,False,True,0.4959411850456525,0.999998163518239,0.9116449824659247,0,0,196.6925167992759,70,0.2,8.608356306437591e-07,-8.941714856629785e-11,151.89996552067558,0.7594998276033779,1.531717456223496e-08
failed-only-recovery-11,0,joint,,checkpoint,False,True,0.8634389665797483,0.9999883009960627,0.9548576470252723,0,0,199.70957465474535,71,0.1,6.413961625191523e-07,6.776839848612422e-11,173.6358459642255,0.8681792298211275,1.0922990644592182e-08
failed-only-recovery-11,0,joint,,checkpoint,False,True,0.5273635324438206,0.9999999968501323,0.9063269314644468,0,0,194.63793557166923,72,0.2,9.927997242857677e-05,-1.0172599234001182e-09,150.83635532038028,0.7541817766019014,8.213008007776776e-11
failed-only-recovery-11,0,joint,,checkpoint,False,True,0.08826272258716349,0.9999488602985327,0.8386040283812339,0,2,189.85437218973712,73,0.4,9.441946518028012e-07,-2.40814045141132e-09,119.42627683461717,0.5971313841730859,4.947400600386023e-08
failed-only-recovery-11,0,joint,,checkpoint,False,True,0.012222255825395004,0.999990799718425,0.7679053518466809,0,5,178.34985075452954,74,0.6,3.31663323519468e-07,1.0608239120599585e-08,94.2883642411789,0.4714418212058945,6.721542486438195e-07
failed-only-recovery-11,0,joint,,checkpoint,False,True,0.20444625023075072,0.9999894494767281,0.8659839079401747,0,0,191.0338724838118,75,0.30000000000000004,1.9266512622946318e-07,-3.543777416110665e-10,132.71718069694126,0.6635859034847063,1.6166072805644617e-07
failed-only-recovery-11,0,joint,,checkpoint,False,True,1.116432393727997e-55,0.9999702304696914,0.7211514479036526,0,21,166.69424411395505,76,0.6,1.5958393736878962e-06,1.932219385801596e-10,84.93758345257345,0.42468791726286725,8.188577949164975e-08
failed-only-recovery-11,0,joint,,checkpoint,False,True,0.43372078342804776,0.9999998714197705,0.8664448582016897,0,0,190.36952020911826,77,0.30000000000000004,0.0003248474171123854,7.957599244701251e-11,132.8093707492444,0.6640468537462221,3.147225668453791e-11
failed-only-recovery-11,0,joint,,checkpoint,False,True,1.957936192785552e-06,0.9996316340970335,0.6322713414081277,0,34,150.25146608183957,78,1.0,3.3635283108083684e-08,7.675388102867942e-11,55.743590162970804,0.278717950814854,0.00029312498781099264
failed-only-recovery-11,0,joint,,checkpoint,False,True,0.014556412634597362,0.99999717652753,0.7536167440525239,0,10,179.36746207356762,79,0.7,1.3752355643682097e-06,1.4931696096650012e-10,87.56152619954489,0.4378076309977244,1.976192937870743e-07
failed-only-recovery-11,0,joint,,checkpoint,False,True,0.7535960871481591,0.9999998172819611,0.9539283259197627,0,0,199.34059017094697,80,0.1,2.4501355090836593e-06,1.460406443989466e-11,173.44998174312363,0.8672499087156181,2.671478857577744e-09
failed-only-recovery-11,0,joint,,checkpoint,False,True,0.03627872615193046,0.9999215798664453,0.698704920922404,0,10,170.44379440136493,81,1.0,1.4751581175206774e-06,-3.816053029126465e-11,69.03030606582604,0.3451515303291302,1.1152646011256086e-06
failed-only-recovery-11,0,joint,,checkpoint,False,True,0.2447289084877295,0.9999250951163017,0.8138907018567726,0,0,187.37591005133478,82,0.5,8.703193124623013e-07,3.015798721861529e-10,108.34503497617283,0.5417251748808641,1.0397190891002352e-07
failed-only-recovery-11,0,joint,,checkpoint,False,True,7.638550061445672e-115,0.9999993484681794,0.5869589692103167,0,52,135.06035249309556,83,0.8999999999999999,1.8614355936010722e-08,-1.5386693091464613e-10,48.66246488427274,0.2433123244213637,0.0002826849566391511
failed-only-recovery-11,0,joint,,checkpoint,False,True,3.4784623895481417e-15,0.9999999999044109,0.7960104021408398,0,8,183.32424456251752,84,0.5,2.7793868588183886e-07,-3.706263074221283e-11,104.76897503298619,0.523844875164931,4.2357537088335284e-07
failed-only-recovery-11,0,joint,,checkpoint,False,True,0.014385723772254763,0.9999999682302184,0.8094305214942763,0,5,187.28052593163287,85,0.5,1.8890237832309626e-06,5.119382695539798e-11,107.4529989036736,0.5372649945183681,3.924921730931082e-08
failed-only-recovery-11,0,joint,,checkpoint,False,True,0.16088648559061547,0.9999994290458357,0.7731726350054532,0,0,183.61314326040136,86,0.7,1.0119740418714652e-06,1.6086154117244881e-12,91.47270439013073,0.45736352195065366,3.067507996805406e-07
failed-only-recovery-11,0,joint,,checkpoint,False,True,1.0,1.0,1.0,0,0,200.0,87,0.0,4.8940657307456934e-05,2.062194859320243e-12,200.0,1.0,7.323726484652998e-11
failed-only-recovery-11,0,joint,,checkpoint,False,True,0.4768859064670002,0.9999998916498443,0.909802833934676,0,0,196.08057844542515,88,0.2,1.349171669429033e-06,5.7651541992839997e-11,151.53153581442595,0.7576576790721298,9.324778504020109e-09
failed-only-recovery-11,0,joint,,checkpoint,False,True,1.9016811566104972e-87,0.9999957134241116,0.7351905168161385,0,13,174.5943047518089,89,0.7,3.1179140397990793e-07,2.6626880648988846e-11,83.8762807522678,0.41938140376133903,1.4294573190109745e-06
failed-only-recovery-11,0,joint,,checkpoint,False,True,0.5761321128210065,0.9999955565990337,0.914401680657059,0,0,197.7691726129327,90,0.2,8.892652018388449e-07,2.677454658790184e-11,152.45130515890241,0.7622565257945121,1.4824080387852146e-08
failed-only-recovery-11,0,joint,,checkpoint,False,True,0.08347018205037213,0.999991870454153,0.7957271267788208,0,3,187.69070034550208,91,0.6,1.7535955192002534e-06,2.661597610285974e-10,99.85271922760703,0.4992635961380351,7.993258259046281e-08
failed-only-recovery-11,0,joint,,checkpoint,False,True,0.4603967531924969,0.9999850955573767,0.8817610903715314,0,0,196.2613787275535,92,0.30000000000000004,6.315962779755087e-07,4.1411655436629566e-10,135.87261718321258,0.6793630859160629,4.2020742392806507e-08
failed-only-recovery-11,0,joint,,checkpoint,False,True,1.0,1.0,1.0,0,0,200.0,93,0.0,1.064273184367745e-05,6.152467424413999e-12,200.0,1.0,3.367819403547989e-10
failed-only-recovery-11,0,joint,,checkpoint,False,True,5.518188514598609e-07,0.999999918566005,0.7093097200789452,0,8,175.67677763518427,94,1.0,3.3343792447633675e-07,-4.1685160878657257e-10,71.15126589713427,0.3557563294856713,1.0535505940090346e-05
failed-only-recovery-11,0,joint,,checkpoint,False,True,0.1666996985962024,0.9999934789741552,0.7713015747802447,0,0,183.20602932095895,95,0.7,9.357272272011094e-07,-2.613125054810598e-11,91.09849234508911,0.45549246172544555,3.4014225789160055e-07
failed-only-recovery-11,0,joint,,checkpoint,False,True,0.38624490330315103,0.9999509119290314,0.8533675510052646,0,0,194.52951774093384,96,0.4,2.8770480646494044e-07,7.466001380866084e-11,122.37898135942345,0.6118949067971172,2.0955284460378683e-07
failed-only-recovery-11,0,joint,,checkpoint,False,True,0.20683012482096938,0.9999614647961033,0.9104049306714626,0,0,196.47622466115266,97,0.2,1.014195359232707e-06,-1.2923365036712493e-11,151.65195516178338,0.7582597758089169,1.2772208336449082e-08
failed-only-recovery-11,0,joint,,checkpoint,False,True,0.0013010020676987243,0.9999993601710329,0.8051702058748651,0,10,180.93820082019582,98,0.4,7.159712073997633e-07,8.913300179749462e-12,112.7395123333435,0.5636975616667175,6.620747168436523e-08
failed-only-recovery-11,0,joint,,checkpoint,False,True,0.7557385305928708,0.9999825054748879,0.9175585077189274,0,0,198.9720156568641,99,0.2,1.1474201657999887e-06,8.711005331038447e-13,153.08267057127622,0.7654133528563811,1.1238392972673138e-08
failed-only-recovery-11,0,joint,,checkpoint,False,True,1.0,1.0,1.0,0,0,200.0,100,0.0,2.1272973573363836e-05,1.0343670364676427e-12,200.0,1.0,1.6848983846232983e-10
failed-only-recovery-11,0,joint,,checkpoint,False,True,2.3421120720313797e-26,0.999974037369239,0.6177189780024773,0,43,145.2011934379544,101,0.8999999999999999,3.873559117831927e-09,-1.0711887539614413e-11,54.81446664270486,0.2740723332135243,0.002897381919060666
failed-only-recovery-11,0,joint,,checkpoint,False,True,1.0,1.0,1.0,0,0,200.0,102,0.0,9.786837228471245e-07,7.941758362051132e-13,200.0,1.0,3.6623474952278895e-09
failed-only-recovery-11,0,joint,,checkpoint,False,True,0.1799469444428726,0.9999999614361437,0.7334356717441801,0,0,178.03263473211345,103,0.8999999999999999,1.928549391360725e-07,-2.0953356231961103e-12,77.95780539104543,0.3897890269552271,1.190561934440545e-05
failed-only-recovery-11,0,joint,,checkpoint,False,True,0.2996720265701859,0.9999978357144181,0.8112057485311945,0,0,185.97160917745438,104,0.5,2.6801936687608656e-07,1.1526446463960838e-11,107.8080443110571,0.5390402215552855,4.517222730862319e-07
failed-only-recovery-11,0,joint,,checkpoint,False,True,0.04403112488149409,0.999999996673212,0.894075157912361,0,4,192.4042655375422,105,0.2,1.0807355975982837e-06,5.61825760093366e-09,148.38600060996302,0.741930003049815,1.1696281160238615e-08
failed-only-recovery-11,0,joint,,checkpoint,False,True,7.824254120137848e-22,0.9999999941216766,0.5966720266727357,0,46,139.98518904952113,106,1.0,4.7740863775139494e-08,1.0492213209367662e-09,48.62372721589239,0.24311863607946194,0.00016358453542830362
failed-only-recovery-11,0,joint,,checkpoint,False,True,0.4907011664221949,0.9999986540812418,0.9128737781042321,0,0,197.17135030989488,107,0.2,5.853355307080841e-07,-6.41317840380509e-10,152.1457246483372,0.760728623241686,2.34439361616529e-08
failed-only-recovery-11,0,joint,,checkpoint,False,True,0.6880013198594578,0.9999935649184324,0.9152041238044827,0,0,197.99912464314457,108,0.2,1.6122665862958507e-06,6.402884806880423e-10,152.61179378838727,0.7630589689419364,7.710856185923246e-09
failed-only-recovery-11,0,joint,,checkpoint,False,True,0.4816565655833487,0.999999992280804,0.9081951846769789,0,0,195.43707247660646,109,0.2,5.924767367090334e-07,-3.214446197301852e-11,151.21000596288653,0.7560500298144326,2.301473272385496e-08
failed-only-recovery-11,0,joint,,checkpoint,False,True,0.10111733143219545,0.9999999171007558,0.867547597142362,0,0,191.89836840946518,110,0.30000000000000004,7.123670157971249e-08,-2.990285719191015e-10,133.0299185373787,0.6651495926868936,5.085131931719144e-07
failed-only-recovery-11,0,joint,,checkpoint,False,True,0.7483922194031343,0.9999471049901487,0.9532742786298956,0,0,199.0886289578005,111,0.1,3.2885168574697174e-07,8.538421007333692e-11,173.31917228515016,0.8665958614257508,2.1991426694535622e-08
failed-only-recovery-11,0,joint,,checkpoint,False,True,0.30267193640634227,0.9999999843346568,0.8257930410890273,0,0,191.64576469201396,112,0.5,3.175675470515345e-07,-4.909755935145199e-11,110.72550282262355,0.5536275141131177,3.7198401883856287e-07
failed-only-recovery-11,0,joint,,checkpoint,False,True,1.0,1.0,1.0,0,0,200.0,113,0.0,5.393468017559071e-07,1.4365308942387855e-11,200.0,1.0,6.645594020990643e-09
failed-only-recovery-11,0,joint,,checkpoint,False,True,0.5160445692565492,0.9999999811825641,0.9065914433709372,0,0,194.7815348174555,114,0.2,4.6102010772845174e-06,1.6525549551811042e-10,150.8892577016782,0.7544462885083909,2.404833066370546e-09
failed-only-recovery-11,0,joint,,checkpoint,False,True,4.502429787969404e-16,0.999999453913824,0.6857898311533889,0,18,168.37175677273703,115,1.0,8.489958557506205e-07,-1.2318979725201018e-09,66.44728811202299,0.3322364405601149,2.5071173460862023e-06
failed-only-recovery-11,0,joint,,checkpoint,False,True,3.0762174425708717e-09,0.9999982329906415,0.5548898902698693,0,63,127.46183461227444,116,0.8999999999999999,1.9956558398022874e-06,-1.8659614526254846e-09,42.24864909618327,0.21124324548091636,3.0412855496538437e-07
failed-only-recovery-11,0,joint,,checkpoint,False,True,0.010301398159660935,0.9999991673875547,0.8851394951209599,0,5,189.93077014341515,117,0.2,1.1873947807987337e-07,-1.4909814853777873e-09,146.5988680516828,0.732994340258414,1.3143839400864317e-07
failed-only-recovery-11,0,joint,,checkpoint,False,True,0.03989715493431271,0.9999998696875462,0.8366813657847477,0,3,189.39169115349443,118,0.4,1.1426229710732561e-07,1.7103937844638397e-09,119.04174431531999,0.5952087215766,6.22258062259764e-07
failed-only-recovery-11,0,joint,,checkpoint,False,True,0.533414941854363,0.9999999348943296,0.9142543012992475,0,0,197.67020837484776,119,0.2,2.437622238612995e-07,2.6936627107427585e-10,152.42182928734027,0.7621091464367014,6.154165089326277e-08
failed-only-recovery-11,0,joint,,checkpoint,False,True,0.6289548552710073,0.9999966248879785,0.9152439993438337,0,0,198.0275699930655,120,0.2,4.510242159901529e-07,4.059127212936191e-11,152.61976889625757,0.7630988444812878,3.1309938719659746e-08
failed-only-recovery-11,0,joint,,checkpoint,False,True,0.3025164037168948,0.9999927566385827,0.8276254058012554,0,0,192.62149296633544,121,0.5,2.3216263455753022e-07,-7.151612080313896e-10,111.09197576506946,0.5554598788253473,5.514950465047949e-07
failed-only-recovery-11,0,joint,,checkpoint,False,True,0.32688850451953627,0.9999988109761951,0.8466510197730319,0,0,191.8996250713707,122,0.4,4.571338515099885e-07,-3.3789668429111327e-09,121.03567511297686,0.6051783755648843,1.1927415626533606e-07
failed-only-recovery-11,0,joint,,checkpoint,False,True,1.7629473779327254e-46,0.9999999379770046,0.7140654007458944,0,11,174.5496656743833,123,0.8999999999999999,6.675812949962368e-07,1.6842546684588196e-09,74.08375119138837,0.37041875595694185,1.9150562443149296e-06
failed-only-recovery-11,0,joint,,checkpoint,False,True,0.20944605502737315,0.9999974777434741,0.9434487003159765,0,0,196.15536634222747,124,0.1,1.4294252986445678e-06,8.440543122027933e-09,171.35405662236644,0.8567702831118322,4.6524783343575244e-09
failed-only-recovery-11,0,joint,,checkpoint,False,True,0.03507332265206556,0.9999791401242768,0.7163204245460364,0,11,173.46257929676548,125,0.8999999999999999,4.325230511225229e-07,9.683145940024431e-09,74.53475595141676,0.37267377975708377,3.604694675997533e-06
failed-only-recovery-11,0,joint,,checkpoint,False,True,0.495802776936812,0.999999876621183,0.9047366171855863,0,0,194.0860255405093,126,0.2,2.3145725594113967e-05,1.4704675544680884e-10,150.51829246460807,0.7525914623230403,4.067892443207e-10
failed-only-recovery-11,0,joint,,checkpoint,False,True,0.061356322494468436,0.9999915101288654,0.7265173446197057,0,3,180.83931173605762,127,1.0,6.903371345938448e-08,2.2165208557467508e-10,74.59279080528626,0.3729639540264313,0.00011455026799590401
failed-only-recovery-11,0,joint,,checkpoint,False,True,1.0,1.0,1.0,0,0,200.0,128,0.0,0.00011157558926080732,-2.4428759015648894e-12,200.0,1.0,3.21242299031132e-11
failed-only-recovery-11,0,joint,,checkpoint,False,True,5.945632088907667e-06,0.9999830487549882,0.7447902920536152,0,11,176.66951089075874,129,0.7,1.2942265156090232e-06,3.162313146846968e-09,85.79623579976305,0.42898117899881527,2.119863969084108e-07
failed-only-recovery-11,0,joint,,checkpoint,False,True,2.5696642463822275e-35,0.9999865121019194,0.7736724523486777,0,14,179.0255736239612,130,0.5,8.710632025553777e-07,-1.969468532703189e-09,100.30138507455374,0.5015069253727686,9.872866291166467e-08
failed-only-recovery-11,0,joint,,checkpoint,False,True,3.9656747436145575e-07,0.9999998515837201,0.9334771225440026,0,4,194.79373412714205,131,0.1,4.70760365586882e-07,-1.8348355741066946e-08,169.35974106797158,0.8467987053398579,1.4775745394896975e-08
failed-only-recovery-11,0,joint,,checkpoint,False,True,1.2588375489443961e-27,0.9999995283047285,0.5812400852307773,0,67,127.79053910659536,132,0.4,1.3234147977578697e-06,2.1918529903004828e-09,67.95348820452598,0.3397674410226299,2.2867271631699344e-08
failed-only-recovery-11,0,joint,,checkpoint,False,True,1.0,1.0,1.0,0,0,200.0,133,0.0,0.00015080606789102954,-4.3739456501157295e-14,200.0,1.0,2.3767477868194634e-11
failed-only-recovery-11,0,joint,,checkpoint,False,True,6.572599844635129e-17,0.9999999858215475,0.8542793017049166,0,13,183.84649738073475,134,0.2,1.1707284890919374e-06,-1.2090776423694633e-10,140.42682936847407,0.7021341468423704,1.0234420391764184e-08
failed-only-recovery-11,0,joint,,checkpoint,False,True,1.7646180160051328e-92,0.9999986017457517,0.5341879412510189,0,72,121.46997655544905,135,0.8999999999999999,5.831197191347712e-07,-6.280571463508764e-09,38.108259292413194,0.19054129646206597,1.7430905526825585e-06
failed-only-recovery-11,0,joint,,checkpoint,False,True,0.46631239737998026,0.9999990420288215,0.9035575805567478,0,0,193.74468553492775,136,0.2,2.9430321697936078e-06,-2.207659089691643e-08,150.28248513884043,0.7514124256942022,3.9268697578143405e-09
failed-only-recovery-11,0,joint,,checkpoint,False,True,7.937433056297592e-186,0.9999988462287219,0.5404141374301685,0,68,123.71187460582738,137,1.0,1.595556181331863e-09,-1.9413198826256917e-10,37.37214936737898,0.1868607468368949,0.024249373713152417
failed-only-recovery-11,0,joint,,checkpoint,False,True,1.0,1.0,1.0,0,0,200.0,138,0.0,7.726021554749825e-06,1.218488643317528e-12,200.0,1.0,4.6392310137757283e-10
failed-only-recovery-11,0,joint,,checkpoint,False,True,0.01021852395726626,0.999945140103985,0.896090573357535,0,2,192.89541303738858,139,0.2,1.5363792582755572e-08,-1.1860777070798162e-10,148.78908369899762,0.7439454184949881,1.2617368974100188e-06
failed-only-recovery-11,0,joint,,checkpoint,False,True,0.7580256539301885,0.999999998755319,0.9522014112685625,0,0,198.65766188827988,140,0.1,0.00017117547161349126,-4.542633675973673e-12,173.10459881288364,0.8655229940644182,3.086745454725741e-11
failed-only-recovery-11,0,joint,,checkpoint,False,True,0.3075574745030637,0.9999999062400733,0.9401475782573047,0,0,194.7963308467084,141,0.1,4.028085126681443e-06,2.7554308012305207e-08,170.69383221063202,0.8534691610531602,1.5621691817927616e-09
failed-only-recovery-11,0,joint,,checkpoint,False,True,1.0,1.0,1.0,0,0,200.0,142,0.0,2.862407935983748e-06,-4.864624258971162e-12,200.0,1.0,1.2521904498415409e-09
failed-only-recovery-11,0,joint,,checkpoint,False,True,0.0,0.9998126465963332,0.6743012963113593,6,40,152.30965093796323,143,0.5,2.3939550960010735e-09,9.151360835790712e-08,80.4271538670902,0.402135769335451,0.00013674366040660594
failed-only-recovery-11,0,joint,,checkpoint,False,True,1.0,1.0,1.0,0,0,200.0,144,0.0,3.9313156918998325e-05,-9.120670885209847e-13,200.0,1.0,9.117252751730476e-11
failed-only-recovery-11,0,joint,,checkpoint,False,True,4.929736135227131e-09,0.9999972888953993,0.5928016779478341,0,60,131.45209712387802,145,0.5,1.0637874817324674e-06,2.6427347532553824e-09,64.127230194385,0.32063615097192505,5.892356795602578e-08
failed-only-recovery-11,0,joint,,checkpoint,False,True,2.966364418781193e-10,0.9998242852714659,0.7648610768087833,0,14,176.1193460537258,146,0.5,4.67556370910333e-07,-2.364568041368642e-09,98.53910996657504,0.4926955498328752,2.1244097855503058e-07
failed-only-recovery-11,0,joint,,checkpoint,False,True,0.0,0.9999998338411523,0.5314489156646311,13,68,121.43342420108301,147,1.0,1.3781901413111573e-10,5.744782427541395e-11,35.57910501427146,0.1778955250713573,0.9393767194693411
failed-only-recovery-11,0,joint,,checkpoint,False,True,1.0,1.0,1.0,0,0,200.0,148,0.0,1.2342194983492414e-05,-3.5697073075269257e-12,200.0,1.0,2.904086255146219e-10
failed-only-recovery-11,0,joint,,checkpoint,False,True,1.0,1.0,1.0,0,0,200.0,149,0.0,3.7820165582282403e-06,8.595374412223578e-12,200.0,1.0,9.477166019253556e-10
failed-only-recovery-11,0,joint,,checkpoint,False,True,8.649476985287437e-55,0.9997794919167573,0.6796080315412649,0,14,165.6839943797981,150,1.0,1.7618537817817852e-07,-7.142065916454499e-08,65.21092818959829,0.32605464094799147,2.6281229830771027e-05
failed-only-recovery-11,0,joint,,checkpoint,False,True,5.227997137442695e-05,0.9999974255769117,0.7171019331652996,0,15,171.5082577146026,151,0.7999999999999999,7.849232435582416e-08,-1.4458914517328525e-07,77.16652063306616,0.3858326031653308,1.9643790772258535e-05
failed-only-recovery-11,0,joint,,checkpoint,False,True,0.005367635048409278,0.9999965752642387,0.7599255270761024,0,9,176.49025920774514,152,0.6,1.5400897895489105e-08,1.0028892821769318e-07,92.69239928706327,0.4634619964353163,3.597734542665262e-05
failed-only-recovery-11,0,joint,,checkpoint,False,True,0.5395768044012715,0.9999970502890392,0.9117573317154111,0,0,196.71560038476355,153,0.2,3.6128963991012286e-08,1.8163718493288413e-08,151.92243537057308,0.7596121768528654,5.011911330541717e-07
failed-only-recovery-11,0,joint,,checkpoint,False,True,0.5856848881613207,0.9999162769164924,0.8831356060810377,0,0,196.73757326827112,154,0.30000000000000004,1.4117801259527267e-07,-1.0236498515654439e-09,136.1475203251139,0.6807376016255695,2.3572929533799486e-07
failed-only-recovery-11,0,joint,,checkpoint,False,True,0.7008999441771461,0.999999430617553,0.9530236830680431,0,0,198.98908142152482,155,0.1,4.781900962022728e-08,-3.0814190401141407e-09,173.26905317277965,0.8663452658638983,1.664978743714881e-07
failed-only-recovery-11,0,joint,,checkpoint,False,True,4.01075872102141e-34,0.9999993049183683,0.5528671678278017,0,63,128.50693971383112,156,1.0,4.982372712230666e-07,3.719269919821855e-07,39.86275544690557,0.19931377723452784,4.495815264239247e-06
failed-only-recovery-11,0,joint,,checkpoint,False,True,4.290016688570222e-06,0.9999931276147669,0.6070671661157053,0,51,138.2242744775392,157,0.7,7.770254445542984e-07,6.570251671828426e-08,58.251610612181146,0.29125805306090574,3.440622709406641e-07
failed-only-recovery-11,0,joint,,checkpoint,False,True,1.0594268896786642e-21,0.9997724804875981,0.7201817438034256,0,21,166.04489158793064,158,0.6,1.2741254066684638e-06,-1.020185435998264e-09,84.74364263252795,0.42371821316263975,1.0958073677437405e-07
failed-only-recovery-11,0,joint,,checkpoint,False,True,0.007939244804291317,0.9999297599599847,0.6994401847947245,0,10,170.6987945676126,159,1.0,2.1062901726547909e-07,-9.290894381619452e-08,69.17735884029011,0.3458867942014506,2.0692609112048805e-05
failed-only-recovery-11,0,joint,,checkpoint,False,True,1.0,1.0,1.0,0,0,200.0,160,0.0,6.553033086638096e-05,-4.001547426746299e-12,200.0,1.0,5.469650211743926e-11
failed-only-recovery-11,0,joint,,checkpoint,False,True,6.0476203166091415e-22,0.9999984704466057,0.7618188399339998,0,11,178.7624571390301,161,0.6,2.2847200402067177e-06,-7.289048364758208e-09,93.07106185864276,0.46535530929321384,5.425462385587525e-08
failed-only-recovery-11,0,joint,,checkpoint,False,True,0.23831689606515405,0.9999900628298082,0.8647002647376928,0,0,190.36142119892932,162,0.30000000000000004,3.832220086565069e-07,4.0479942960954144e-08,132.46045205644495,0.6623022602822247,7.320080703506631e-08
failed-only-recovery-11,0,joint,,checkpoint,False,True,0.010910559702804782,0.9999989055766179,0.82844932130006,0,4,187.02375133993894,163,0.4,5.485457449179258e-08,-6.970994810609628e-08,117.39533541838253,0.5869766770919127,1.4862932392440607e-06
failed-only-recovery-11,0,joint,,checkpoint,False,True,0.23111276744762504,0.9999998990367384,0.8677649908113506,0,0,191.47996773474694,164,0.30000000000000004,4.868573532921978e-07,-1.0029572702131961e-07,133.07339727117642,0.6653669863558821,5.578384142199135e-08
failed-only-recovery-11,0,joint,,checkpoint,False,True,1.0,1.0,1.0,0,0,200.0,165,0.0,4.0545622706140963e-07,3.3138558563905464e-12,200.0,1.0,8.84011550881085e-09
failed-only-recovery-11,0,joint,,checkpoint,False,True,5.542463156819097e-16,0.9999776252059616,0.7992302033688969,0,13,181.10358753819037,166,0.4,1.1169022043636327e-06,3.426375626233561e-08,111.55151183214991,0.5577575591607495,3.8543192724023783e-08
failed-only-recovery-11,0,joint,,checkpoint,False,True,6.830346045794175e-08,0.9999879760334508,0.8253006514153285,0,6,187.18331349793405,167,0.4,5.5047828994273177e-08,2.098255809332276e-08,116.76560144143608,0.5838280072071804,1.4744088517971574e-06
failed-only-recovery-12,0,joint,,checkpoint,False,True,1.0,1.0,1.0,0,0,200.0,0,0.0,2.3234220676923607e-06,2.4388269181940812e-14,200.0,1.0,4.712970117356329e-09
failed-only-recovery-12,0,joint,,checkpoint,False,True,0.6056912368806923,0.9999881301950002,0.9146716508907421,0,0,197.8068495797899,1,0.2,3.7844109356338e-06,4.0302780676413066e-11,152.50529920563906,0.7625264960281953,9.209862714464987e-09
failed-only-recovery-12,0,joint,,checkpoint,False,True,1.0,1.0,1.0,0,0,200.0,2,0.0,9.124443024984866e-06,7.115363853671397e-14,200.0,1.0,1.2000972273108694e-09
failed-only-recovery-12,0,joint,,checkpoint,False,True,1.0,1.0,1.0,0,0,200.0,3,0.0,3.949538980669828e-07,-4.128253294766182e-14,200.0,1.0,2.77253087730841e-08
failed-only-recovery-12,0,joint,,checkpoint,False,True,0.06902301058550303,0.9999997591605225,0.7775798556439765,0,13,171.56676667628372,4,0.4,1.6929640388316645e-06,2.5995274903358967e-11,107.22144228716573,0.5361072114358286,6.954766913353661e-08
failed-only-recovery-12,0,joint,,checkpoint,False,True,0.1413922300604127,0.9999871338891403,0.759057174256673,0,0,184.0421990322017,5,0.7999999999999999,1.940971187237322e-07,2.760959847417088e-13,85.55756885134089,0.42778784425670446,1.788426593981132e-05
failed-only-recovery-12,0,joint,,checkpoint,False,True,0.726489503195493,0.9999885817088537,0.9163716660926147,0,0,198.47390154560622,6,0.2,9.953795848390674e-08,4.684503976479161e-13,152.84530224601386,0.7642265112300692,5.047427687388428e-07
failed-only-recovery-12,0,joint,,checkpoint,False,True,0.0029553154282017683,0.9998209766744841,0.6784970368001906,0,20,165.63663464923,7,1.0,1.6505268789861827e-08,1.5376588891058418e-13,64.98872924138348,0.3249436462069174,0.00279561209644354
failed-only-recovery-12,0,joint,,checkpoint,False,True,0.5173261886159678,0.9999999940041169,0.9054697525096206,0,0,194.3407984611033,8,0.2,4.1819054988446875e-05,-2.112003824519891e-13,150.66491952941496,0.7533245976470748,6.488560619591619e-10
failed-only-recovery-12,0,joint,,checkpoint,False,True,1.0,1.0,1.0,0,0,200.0,9,0.0,4.98566711180688e-06,-2.493449891005639e-14,200.0,1.0,2.1963397333745753e-09
failed-only-recovery-12,0,joint,,checkpoint,False,True,3.535048262633843e-24,0.9999928472467289,0.6597346606631811,0,22,157.81481916132796,10,1.0,6.464917319981387e-08,1.7713608357894373e-13,61.23625401398155,0.30618127006990775,0.000350661185164312
failed-only-recovery-12,0,joint,,checkpoint,False,True,0.07032310278431758,0.9999999874947202,0.9470603871429389,0,1,197.41537075872475,11,0.1,1.673069852931897e-07,7.471561518280612e-12,172.0763939877588,0.860381969938794,1.3570454150922627e-07
failed-only-recovery-12,0,joint,,checkpoint,False,True,0.011132359875542086,0.9999908548265751,0.6985254475372085,0,12,170.77952242409665,12,1.0,1.5018546589314477e-07,1.7580381594939354e-13,68.994411388787,0.344972056943935,0.00010485840095098665
failed-only-recovery-12,0,joint,,checkpoint,False,True,0.40805096808955815,0.9999999989064771,0.9011703616506727,0,0,193.01262392210066,13,0.2,1.897786651732427e-06,-1.2926592323465254e-13,149.80504135762536,0.7490252067881268,1.9387456158482716e-08
failed-only-recovery-12,0,joint,,checkpoint,False,True,0.13024522903765123,0.9999972261077242,0.7751977230695946,0,0,184.87543545733,14,0.7,2.1999982376596232e-07,-8.742873605472121e-13,91.87772200295893,0.45938861001479464,7.373116608570804e-06
failed-only-recovery-12,0,joint,,checkpoint,False,True,0.03083738729906972,0.9996119027209593,0.7285128442731189,0,3,181.95168143770223,15,1.0,3.3147399760977276e-07,2.344235916496018e-13,74.99189073596906,0.37495945367984534,3.335230638753787e-05
failed-only-recovery-12,0,joint,,checkpoint,False,True,2.7269252309288594e-05,0.9999974780579214,0.7226697005220853,0,20,170.59414805590254,16,0.7,3.0076079212974245e-08,1.1478728565050482e-12,81.37211749345718,0.40686058746728593,0.00010089042765045242
failed-only-recovery-12,0,joint,,checkpoint,False,True,0.0010492855092550104,0.9999521236501968,0.8108499673426104,0,7,182.06207783851988,17,0.4,1.0778060396644334e-07,-3.5472879371309825e-12,113.87546462689261,0.569377323134463,1.9760895709594784e-06
failed-only-recovery-12,0,joint,,checkpoint,False,True,1.0,1.0,1.0,0,0,200.0,18,0.0,2.4984858424011586e-06,2.9058422335026536e-14,200.0,1.0,4.382741974842105e-09
failed-only-recovery-12,0,joint,,checkpoint,False,True,1.8853766925547096e-15,0.9999953689390563,0.5865226449653911,0,61,127.5642767588528,19,0.4,5.720982424201474e-07,-4.488220088558643e-13,69.01000015144864,0.3450500007572432,1.9285677770605564e-07
failed-only-recovery-12,0,joint,,checkpoint,False,True,8.215949571821186e-80,0.9999975706595693,0.4585247881630126,0,94,99.46825325179933,20,0.6,1.4427131183495497e-07,1.5931701712127567e-12,32.41225150444545,0.16206125752222725,3.6184090594738183e-06
failed-only-recovery-12,0,joint,,checkpoint,False,True,0.5585901456863034,0.99999999021013,0.9129410415805356,0,0,197.13471242519714,21,0.2,5.816647589724068e-07,-3.948953097048486e-11,152.1591773435979,0.7607958867179895,7.212548710362948e-08
failed-only-recovery-12,0,joint,,checkpoint,False,True,1.0,1.0,1.0,0,0,200.0,22,0.0,1.635554280855865e-06,2.0476398354674075e-14,200.0,1.0,6.695111805956206e-09
failed-only-recovery-12,0,joint,,checkpoint,False,True,3.1976885820226083e-128,0.9999662312542423,0.5373585587808674,0,71,123.02359003890506,23,0.8999999999999999,5.604006590097948e-08,2.3247463544844655e-14,38.74238279838295,0.19371191399191473,0.0001599324545590447
failed-only-recovery-12,0,joint,,checkpoint,False,True,2.752027532449426e-07,0.9999833850699109,0.6528791090556086,0,27,157.04271655236346,24,1.0,3.3176012378969205e-09,4.64406291200703e-13,59.86514369246703,0.29932571846233513,0.02985103221433044
failed-only-recovery-12,0,joint,,checkpoint,False,True,4.213481046755748e-15,0.9999843680469186,0.69709261948738,0,18,165.22836310337732,25,0.7999999999999999,4.535110508845846e-09,-2.5467015665189828e-12,73.16465789748229,0.36582328948741144,0.003158572243716988
failed-only-recovery-12,0,joint,,checkpoint,False,True,0.0,0.9999996642495859,0.47402606683920423,23,90,105.40439808413991,26,0.8999999999999999,1.8647953059426357e-08,-5.186523947746942e-13,26.075884410050318,0.13037942205025158,0.0006956367028434742
failed-only-recovery-12,0,joint,,checkpoint,False,True,0.0,0.9999711477602795,0.6525684676424341,6,28,156.65174684715518,27,1.0,3.4633152552879164e-09,1.1554091017274004e-12,59.80301540983211,0.2990150770491606,0.027973763790951855
failed-only-recovery-12,0,joint,,checkpoint,False,True,0.8110361259311231,0.9999891723693021,0.9539362751108743,0,0,199.33958380955747,28,0.1,5.884472651798343e-09,1.0777593638887198e-12,173.45157158134603,0.8672578579067302,4.5944436089703874e-06
failed-only-recovery-12,0,joint,,checkpoint,False,True,6.3876017944760656e-24,0.9999316964101939,0.5771228408904429,0,60,130.15657102789527,29,0.6,7.412611756788328e-09,-1.3041233450002831e-12,56.13186204993147,0.28065931024965735,0.00021597050842687903
failed-only-recovery-12,0,joint,,checkpoint,False,True,1.9949938986597497e-08,0.9999999975322461,0.8889435712807858,0,12,184.85724059308777,30,0.1,8.78655638078618e-07,-4.641801422856408e-10,160.45303081532833,0.8022651540766417,2.2323950260127384e-08
failed-only-recovery-12,0,joint,,checkpoint,False,True,2.030250657311801e-06,0.9999999403399463,0.5903933747915374,0,60,129.62215613743,31,0.5,3.916318002846487e-05,2.7052027284923952e-11,63.645569563125726,0.31822784781562863,1.9770293972290665e-09
failed-only-recovery-12,0,joint,,checkpoint,False,True,0.7769036653523074,0.9999999963024151,0.9527582483935572,0,0,198.87308287726282,32,0.1,0.00028827672664289615,2.0532290688999978e-12,173.21596623788247,0.8660798311894123,5.4586989570818176e-11
failed-only-recovery-12,0,joint,,checkpoint,False,True,1.0,1.0,1.0,0,0,200.0,33,0.0,1.6022411808398217e-05,3.3958391654209664e-14,200.0,1.0,6.834313651394647e-10
failed-only-recovery-12,0,joint,,checkpoint,False,True,4.894774824878567e-245,0.9999874803747335,0.8304449293734851,0,16,178.21972068439766,34,0.2,2.870922561778188e-08,6.4186074313995955e-12,135.65995490218776,0.6782997745109388,1.795863264631507e-06
failed-only-recovery-12,0,joint,,checkpoint,False,True,0.12880001401287777,0.999944935653774,0.7318724892901329,0,0,182.67544149834455,35,1.0,7.221256185429675e-09,1.800781745942004e-13,75.66381973937183,0.37831909869685915,0.010420274298417314
failed-only-recovery-12,0,joint,,checkpoint,False,True,0.010145170397092227,0.9999945365197395,0.6998405398770121,0,11,171.4652958008456,36,1.0,5.051548495204771e-09,1.245115122117113e-13,69.25742985674759,0.34628714928373794,0.017030412371579665
failed-only-recovery-12,0,joint,,checkpoint,False,True,0.5489645403849227,0.9998752112717343,0.855974452664925,0,0,195.51334188120092,37,0.4,1.1257303162028703e-08,2.6793797584213677e-13,122.90036169135561,0.614501808456778,3.138010747832781e-05
failed-only-recovery-12,0,joint,,checkpoint,False,True,0.036220622444183934,0.9999995725750624,0.7273345137196309,0,4,176.8614278439153,38,0.8999999999999999,2.2088066697060113e-08,-1.2802098785163203e-12,76.73757378613554,0.3836878689306777,0.0008350278882855115
failed-only-recovery-12,0,joint,,checkpoint,False,True,0.5612123237381489,0.9999999405396166,0.9093250527227777,0,0,195.77058025704002,39,0.2,5.0268091025011854e-08,1.414897168958075e-13,151.43597957204642,0.7571798978602321,1.0618998992966505e-06
failed-only-recovery-12,0,joint,,checkpoint,False,True,1.0,1.0,1.0,0,0,200.0,40,0.0,3.819918579013763e-06,6.766143201275555e-14,200.0,1.0,2.8666105176166984e-09
failed-only-recovery-12,0,joint,,checkpoint,False,True,1.0,1.0,1.0,0,0,200.0,41,0.0,4.414878621154147e-06,-5.25091081726714e-14,200.0,1.0,2.4802989424379002e-09
failed-only-recovery-12,0,joint,,checkpoint,False,True,0.2893977667708046,0.9999958967167741,0.8488578751432396,0,0,192.72060428067266,42,0.4,2.394449885082539e-06,-5.235432967861418e-11,121.47704618701857,0.6073852309350929,5.0084453343287606e-08
failed-only-recovery-12,0,joint,,checkpoint,False,True,0.15566851441502144,0.9999964966333633,0.9014955001986703,0,0,193.51773706923353,43,0.2,5.850898309314933e-07,1.6731593067393663e-10,149.87006906722476,0.7493503453361238,7.076276814256068e-08
failed-only-recovery-12,0,joint,,checkpoint,False,True,0.02105561550734928,0.9999999959480304,0.703611243472284,0,13,169.24910918899465,44,0.8999999999999999,3.24363205283433e-07,1.3746341781931856e-10,71.99291973666625,0.35996459868333125,1.641846044810552e-05
failed-only-recovery-12,0,joint,,checkpoint,False,True,1.0,1.0,1.0,0,0,200.0,45,0.0,2.680449999275457e-07,1.4922396651684266e-13,200.0,1.0,4.0852165785596334e-08
failed-only-recovery-12,0,joint,,checkpoint,False,True,0.2291686692222775,0.9999998788917142,0.843543802844942,0,0,190.86577741916713,46,0.4,1.4714038191018014e-07,1.76606520600622e-10,120.41423172735881,0.6020711586367941,1.414960259729102e-06
failed-only-recovery-12,0,joint,,checkpoint,False,True,1.8456857691487127e-07,0.9999999367223422,0.7425638911485037,0,11,171.74225171976784,47,0.6,4.768884263540558e-08,-1.1070516712465583e-10,89.22007210154362,0.4461003605077181,2.471045985806091e-05
failed-only-recovery-12,0,joint,,checkpoint,False,True,0.5308543043554882,0.999992566862154,0.9097819760406324,0,0,195.99255761094486,48,0.2,1.076377003249644e-05,-1.4642357592269645e-10,151.52736423561728,0.7576368211780864,2.9010988864364655e-09
failed-only-recovery-12,0,joint,,checkpoint,False,True,0.52941645144704,0.9999999489597631,0.9099888600494072,0,0,196.08918930566148,49,0.2,1.0592757713913614e-05,7.794419843693861e-11,151.56874103737218,0.7578437051868608,2.9533314369737196e-09
failed-only-recovery-12,0,joint,,checkpoint,False,True,0.005940072654726681,0.9999999901303468,0.645762724819148,0,37,148.43199253323647,50,0.7999999999999999,2.5658560761855666e-05,1.5839659419145672e-09,62.89867896383585,0.31449339481917926,1.6314400417147757e-08
failed-only-recovery-12,0,joint,,checkpoint,False,True,6.570554397016621e-08,0.9999999803458361,0.8632239456211137,0,10,185.69328668209494,51,0.2,6.429140294718018e-07,5.3474316559301655e-09,142.2157581517134,0.7110787907585671,6.108595123579923e-08
failed-only-recovery-12,0,joint,,checkpoint,False,True,0.06475070641774709,0.9999981864461701,0.6957125992780003,0,7,168.29394257963247,52,1.0,6.049747863221718e-07,-3.8152336845342916e-10,68.43184173694536,0.34215920868472677,1.2917748169204392e-05
failed-only-recovery-12,0,joint,,checkpoint,False,True,0.00043949061074471333,0.9999849326025749,0.6716880151631304,0,20,161.48690404935235,53,1.0,5.247313355287532e-07,3.2736868771365835e-11,63.62692491397132,0.31813462456985664,1.5439205828548533e-05
failed-only-recovery-12,0,joint,,checkpoint,False,True,6.766801533e-314,0.9999872856487032,0.5259974688419561,0,70,119.16270560912884,54,1.0,1.8608521391685062e-08,8.588074695836667e-12,34.48881564973648,0.1724440782486824,0.0018104173907304384
failed-only-recovery-12,0,joint,,checkpoint,False,True,0.49627560618478384,0.9999997830711007,0.9036870969363642,0,0,193.72788497719122,55,0.2,1.0273756999410952e-05,-1.4897332176103194e-12,150.30838841476364,0.7515419420738182,3.033206083574988e-09
failed-only-recovery-12,0,joint,,checkpoint,False,True,0.47401486713939506,0.9999999776612636,0.9023229711105276,0,0,193.27741101708747,56,0.2,4.359284451936146e-06,-3.0007467541251572e-12,150.03556324959624,0.7501778162479812,7.776628266301537e-09
failed-only-recovery-12,0,joint,,checkpoint,False,True,1.0,1.0,1.0,0,0,200.0,57,0.0,0.00017727590177667548,5.6481486154780215e-14,200.0,1.0,6.176935875263466e-11
failed-only-recovery-12,0,joint,,checkpoint,False,True,0.6313129867596684,0.9999978003446955,0.9126204415008072,0,0,196.96988142011205,58,0.2,2.5354142798107694e-05,-7.238016563076128e-11,152.09505732765228,0.7604752866382615,1.1340244604987767e-09
failed-only-recovery-12,0,joint,,checkpoint,False,True,0.0,0.9999376907353619,0.5623361147065772,14,62,128.91075074119362,59,0.8999999999999999,4.04735928264403e-09,9.034372078623628e-11,43.737893983524856,0.21868946991762428,0.007561228849554329
failed-only-recovery-12,0,joint,,checkpoint,False,True,3.5978813708274694e-14,0.999973890166528,0.6649069285587369,0,22,157.73360423563642,60,0.8999999999999999,1.5307949640981708e-07,1.476930677150747e-09,64.25205675395681,0.32126028376978405,4.609211414224343e-05
failed-only-recovery-12,0,joint,,checkpoint,False,True,1.0,1.0,1.0,0,0,200.0,61,0.0,4.727357253354052e-05,4.8567261323739784e-14,200.0,1.0,2.316351015627415e-10
failed-only-recovery-12,0,joint,,checkpoint,False,True,0.5920352508512979,0.9999977414978002,0.9529577383031165,0,0,199.00145122763917,62,0.1,1.0805199451303248e-06,-4.978424513369707e-10,173.2558642197945,0.8662793210989724,1.926041770583286e-08
failed-only-recovery-12,0,joint,,checkpoint,False,True,0.09226688666727295,0.9999973697938368,0.8631615802290113,0,1,190.19458099870613,63,0.30000000000000004,1.2628509322387408e-07,-2.065648685585224e-10,132.1527151547086,0.660763575773543,8.00159133668568e-07
failed-only-recovery-12,0,joint,,checkpoint,False,True,0.6633527218998704,0.9999995347329805,0.9159380506571354,0,0,198.32034639103927,64,0.2,2.2976511389753083e-07,-4.606027491942639e-11,152.7585791589179,0.7637928957945895,2.0102018059199956e-07
failed-only-recovery-12,0,joint,,checkpoint,False,True,1.0,1.0,1.0,0,0,200.0,65,0.0,4.3848642955733447e-07,-1.5606405057155825e-14,200.0,1.0,2.4972765488078724e-08
failed-only-recovery-12,0,joint,,checkpoint,False,True,0.26825035065975344,0.9999991341136022,0.8235886293527126,0,0,183.6294999010606,66,0.4,2.0072700373793012e-05,-5.879663843870373e-10,116.423197028913,0.582115985144565,3.7887699639994656e-09
failed-only-recovery-12,0,joint,,checkpoint,False,True,8.356534407611584e-71,0.9999823815931658,0.5386380219261245,0,73,122.73637167321748,67,0.7999999999999999,2.018711384991693e-06,3.972957557557333e-09,41.47373838523109,0.20736869192615542,4.782075572638958e-07
failed-only-recovery-12,0,joint,,checkpoint,False,True,2.9407040153057057e-33,0.9997958306007951,0.7015850610032095,0,37,157.17712075554155,68,0.4,1.3486921917161279e-06,5.7167127489680814e-08,92.02248335901234,0.4601124167950617,8.243274826021464e-08
failed-only-recovery-12,0,joint,,checkpoint,False,True,1.0,1.0,1.0,0,0,200.0,69,0.0,0.0003026777564627355,3.104988488544791e-12,200.0,1.0,3.617781135624513e-11
failed-only-recovery-12,0,joint,,checkpoint,False,True,0.4498799095408562,0.9999999752923328,0.9117661336047976,0,0,196.7783618799433,70,0.2,8.846915430206455e-07,8.779199507449961e-10,151.92419574845033,0.7596209787422517,4.5414909048712475e-08
failed-only-recovery-12,0,joint,,checkpoint,False,True,0.8829842316278772,0.999956814134534,0.9549280648957328,0,0,199.73873595509826,71,0.1,7.446988553134465e-07,1.3007382319454403e-10,173.6499295383177,0.8682496476915885,2.852971442089222e-08
failed-only-recovery-12,0,joint,,checkpoint,False,True,0.5296983802846313,0.9999999599342019,0.9065376293238654,0,0,194.71560363633688,72,0.2,0.00010244105320142162,-1.885895114953342e-09,150.8784948922638,0.754392474461319,2.42465779434812e-10
failed-only-recovery-12,0,joint,,checkpoint,False,True,0.05834607020654893,0.9999990672098299,0.834551232869756,0,3,188.70924602131663,73,0.4,8.803859780853913e-07,2.4743273952783444e-09,118.61571773232171,0.5930785886616086,1.635912688132407e-07
failed-only-recovery-12,0,joint,,checkpoint,False,True,0.08948242768634446,0.9999991098325981,0.7862849763025039,0,1,183.8995265824936,74,0.6,3.626078829529676e-07,-3.567356388054734e-08,97.96428913234362,0.4898214456617181,1.8724075436800624e-06
failed-only-recovery-12,0,joint,,checkpoint,False,True,0.29007778781381277,0.9999989166599964,0.8688305447413562,0,0,191.69381277379745,75,0.30000000000000004,1.7999949773195717e-07,-4.844053163367956e-08,133.28650805717749,0.6664325402858874,5.358117849565063e-07
failed-only-recovery-12,0,joint,,checkpoint,False,True,5.691426419872808e-51,0.9999951788244813,0.722269507684378,0,20,166.86259456641838,76,0.6,1.728772195171127e-06,-6.379041737970744e-10,85.16119540871844,0.4258059770435922,2.2580263160486566e-07
failed-only-recovery-12,0,joint,,checkpoint,False,True,0.4349483124966881,0.9999999912989848,0.866523790611505,0,0,190.39619493374582,77,0.30000000000000004,0.00032263964545942544,-3.100854907689344e-11,132.82515723120733,0.6641257861560367,9.691572912926657e-11
failed-only-recovery-12,0,joint,,checkpoint,False,True,6.667841124907513e-07,0.9993274407016931,0.6275480118720533,0,35,148.78000600070786,78,1.0,2.9959075562198496e-08,-6.589336909446075e-09,54.79892425575588,0.2739946212787794,0.0010573461859779204
failed-only-recovery-12,0,joint,,checkpoint,False,True,0.01363764026365527,0.9999994575302422,0.7549940711119133,0,11,179.98843918601307,79,0.7,1.0890307189109394e-06,-9.77738932933096e-09,87.83699161142269,0.43918495805711344,8.287969205437209e-07
failed-only-recovery-12,0,joint,,checkpoint,False,True,0.7495307199706603,0.9999989299746853,0.9538202198309866,0,0,199.2983896263738,80,0.1,2.1536926545867927e-06,4.17680269186196e-09,173.42836052536848,0.8671418026268424,9.34394125365346e-09
failed-only-recovery-12,0,joint,,checkpoint,False,True,0.07220663631792856,0.999994926455305,0.7055331219523501,0,9,172.64463235944885,81,1.0,1.497442119265682e-06,-9.164209813228297e-08,70.39594627181526,0.3519797313590763,3.3639938847264414e-06
failed-only-recovery-12,0,joint,,checkpoint,False,True,0.24796077847627507,0.9999994486430994,0.815091893213351,0,0,187.85054011230216,82,0.5,7.897109399041063e-07,-4.084418087080266e-08,108.58527324748846,0.5429263662374423,3.5920342483265644e-07
failed-only-recovery-12,0,joint,,checkpoint,False,True,2.6831068261246092e-93,0.9999933760791943,0.6184219820901653,0,41,144.62717776720507,83,0.8999999999999999,1.8933807143532642e-08,-1.2268318973001777e-07,54.95506746024253,0.2747753373012127,0.000887739099548358
failed-only-recovery-12,0,joint,,checkpoint,False,True,6.698834032993793e-20,0.9999999993672575,0.7945818316923756,0,7,182.85772323876674,84,0.5,2.950535509467466e-07,-1.170189045662795e-08,104.48326094329346,0.5224163047164673,1.198758394681415e-06
failed-only-recovery-12,0,joint,,checkpoint,False,True,0.004485694304798042,0.9999853076318888,0.802470017152587,0,7,185.31728414063488,85,0.5,2.0645159359832924e-06,3.0273930584634456e-09,106.0608980353357,0.5303044901766785,1.0638370304733535e-07
failed-only-recovery-12,0,joint,,checkpoint,False,True,0.1637380285673283,0.9999904869308025,0.7732747639065052,0,0,183.66992149808414,86,0.7,1.0562447053992608e-06,5.613598932312242e-09,91.49313017034106,0.4574656508517053,8.846275588199244e-07
failed-only-recovery-12,0,joint,,checkpoint,False,True,1.0,1.0,1.0,0,0,200.0,87,0.0,6.668526187137642e-05,1.1095124818893965e-13,200.0,1.0,1.6420747955014846e-10
failed-only-recovery-12,0,joint,,checkpoint,False,True,0.4678276522812121,0.9999145259710984,0.9092523169473332,0,0,195.88643450895194,88,0.2,1.4776640421924813e-06,1.3425310327449822e-08,151.4214324169575,0.7571071620847875,2.5759486175817205e-08
failed-only-recovery-12,0,joint,,checkpoint,False,True,4.354569387324454e-124,0.9999998448847852,0.7323922454515263,0,14,173.7328737643999,89,0.7,3.043174501532398e-07,7.500424739019535e-09,83.31662647934536,0.4165831323967268,4.4953265447928115e-06
failed-only-recovery-12,0,joint,,checkpoint,False,True,0.5648199432139088,0.9999792548689554,0.9140909972880832,0,0,197.65589019443792,90,0.2,8.752164019500165e-07,1.2758919884622586e-08,152.38916848510738,0.7619458424255369,4.607321242518409e-08
failed-only-recovery-12,0,joint,,checkpoint,False,True,0.09808290759636243,0.9999997216369464,0.7982691537770787,0,1,188.5720043033401,91,0.6,1.8767457724010966e-06,-1.9816280727316245e-08,100.36112462725873,0.5018056231362936,2.2429060683398994e-07
failed-only-recovery-12,0,joint,,checkpoint,False,True,0.49316603411533017,0.9999754131930552,0.8830757337706236,0,0,196.77324560564927,92,0.30000000000000004,6.605408783088008e-07,8.326161018408663e-09,136.13554586303113,0.6806777293151556,1.221103467399117e-07
failed-only-recovery-12,0,joint,,checkpoint,False,True,1.0,1.0,1.0,0,0,200.0,93,0.0,1.4060877116309397e-05,-1.4240830736866884e-14,200.0,1.0,7.787720982454941e-10
failed-only-recovery-12,0,joint,,checkpoint,False,True,1.479773390963143e-09,0.999994090767672,0.7049184241297597,0,8,174.15170685474837,94,1.0,3.178976380191102e-07,8.284695152127597e-10,70.27300670729713,0.3513650335364856,3.436139346377247e-05
failed-only-recovery-12,0,joint,,checkpoint,False,True,0.1486874791203197,0.9999726904366204,0.7710557134774072,0,0,183.11623443046182,95,0.7,9.094495565993535e-07,3.2910911906311626e-09,91.04932008452164,0.45524660042260817,1.0795515669769397e-06
failed-only-recovery-12,0,joint,,checkpoint,False,True,0.4567916591418761,0.9999976220295363,0.8542563438591668,0,0,194.83795774675923,96,0.4,2.9741542865091894e-07,-2.956174615391303e-10,122.55673993020386,0.6127836996510193,6.158385592786088e-07
failed-only-recovery-12,0,joint,,checkpoint,False,True,0.23195200206265926,0.9999649997841726,0.9111345313569718,0,0,196.7050104397338,97,0.2,9.391600610729363e-07,-6.056600486996883e-11,151.79787529888506,0.7589893764944253,4.2496678246322955e-08
failed-only-recovery-12,0,joint,,checkpoint,False,True,0.0026529668854798506,0.9999999244896652,0.8074087487708027,0,9,181.46215380115717,98,0.4,6.918333942142872e-07,1.0586632911827844e-10,113.18722091253096,0.5659361045626548,2.1135205922230602e-07
failed-only-recovery-12,0,joint,,checkpoint,False,True,0.756988243715795,0.9999886679998514,0.9175344403899584,0,0,198.96154865098015,99,0.2,1.0825575113422904e-06,4.881264016016489e-11,153.07785710548242,0.7653892855274121,3.66026352946573e-08
failed-only-recovery-12,0,joint,,checkpoint,False,True,1.0,1.0,1.0,0,0,200.0,100,0.0,1.7622915573696247e-05,-1.089633938633483e-13,200.0,1.0,6.213624941484961e-10
failed-only-recovery-12,0,joint,,checkpoint,False,True,2.8872643514430537e-29,0.9999827470352295,0.6149768492017159,0,44,144.41237515305295,101,0.8999999999999999,3.296831281472593e-09,9.051008714218506e-10,54.26604088255259,0.27133020441276295,0.011133045295463294
failed-only-recovery-12,0,joint,,checkpoint,False,True,1.0,1.0,1.0,0,0,200.0,102,0.0,8.968478149084221e-07,-1.397815196924057e-13,200.0,1.0,1.220967325003575e-08
failed-only-recovery-12,0,joint,,checkpoint,False,True,0.17709917953663273,0.9999919435435093,0.7332076430084694,0,0,177.94089558480488,103,0.8999999999999999,1.9118763954008808e-07,9.384680749583604e-11,77.91219964390335,0.38956099821951673,3.6821859223827225e-05
failed-only-recovery-12,0,joint,,checkpoint,False,True,0.2826290350897604,0.9999999982787935,0.8086047079880145,0,0,185.0747627414753,104,0.5,2.79662141469341e-07,-2.360182049798709e-10,107.28783620242118,0.5364391810121059,1.3044074033999946e-06
failed-only-recovery-12,0,joint,,checkpoint,False,True,0.03693482092768401,0.9999979976105845,0.8914688996783781,0,5,191.63401017037725,105,0.2,1.367300430495904e-06,1.7496100449107273e-08,147.86474896316648,0.7393237448158324,2.750691632813636e-08
failed-only-recovery-12,0,joint,,checkpoint,False,True,1.0220411092546044e-19,0.9999975923604455,0.5984469478241008,0,46,140.592660954178,106,1.0,5.5345361126444075e-08,3.4054541964145812e-09,48.97871144616539,0.24489355723082695,0.00040157500697104656
failed-only-recovery-12,0,joint,,checkpoint,False,True,0.5231558833018934,0.9999846346438993,0.9136578768576211,0,0,197.450161124378,107,0.2,6.58567285981017e-07,-1.672505503416957e-09,152.30254439901492,0.7615127219950746,6.296649063950045e-08
failed-only-recovery-12,0,joint,,checkpoint,False,True,0.6903523181248797,0.9999998131727892,0.9151347614399842,0,0,197.9676167660913,108,0.2,1.6818656505378008e-06,4.94651755786066e-10,152.59792131548747,0.7629896065774373,2.2485403048846294e-08
failed-only-recovery-12,0,joint,,checkpoint,False,True,0.4777517172174384,0.999996912960234,0.9075868941163978,0,0,195.22676668550034,109,0.2,7.350092622191719e-07,-2.5746245495480903e-09,151.0883478507704,0.7554417392538519,5.543093165924078e-08
failed-only-recovery-12,0,joint,,checkpoint,False,True,0.14564396773225938,0.9999943825604538,0.8685166092286539,0,0,192.02437923307232,110,0.30000000000000004,7.996022876230013e-08,-3.3288829115614144e-09,133.22372095463723,0.6661186047731862,1.3617963447711086e-06
failed-only-recovery-12,0,joint,,checkpoint,False,True,0.7758974486786203,0.9999994627093443,0.9537979922599987,0,0,199.2900159902734,111,0.1,2.8616843034627675e-07,-8.419806415039578e-10,173.42391501117083,0.8671195750558541,7.77875484084607e-08
failed-only-recovery-12,0,joint,,checkpoint,False,True,0.28437640086435617,0.9999996058965895,0.8252085744977736,0,0,191.44755521750585,112,0.5,2.9026000479196614e-07,3.7729175339507037e-10,110.60860950437302,0.5530430475218651,1.2707169481582243e-06
failed-only-recovery-12,0,joint,,checkpoint,False,True,1.0,1.0,1.0,0,0,200.0,113,0.0,2.626011175689508e-06,1.0686895812739295e-13,200.0,1.0,4.169905625845306e-09
failed-only-recovery-12,0,joint,,checkpoint,False,True,0.5672405254435972,0.9999999946161064,0.9078390162330174,0,0,195.17261348637655,114,0.2,5.40200807870758e-05,-3.2967762674556395e-10,151.13877227409438,0.7556938613704719,4.908899563555948e-10
failed-only-recovery-12,0,joint,,checkpoint,False,True,0.00047376084290983784,0.9999423038111601,0.6800608529550942,0,18,164.8334230697426,115,1.0,7.604127191234677e-07,4.272960651974245e-09,65.30149247236406,0.3265074623618203,8.9605893467597e-06
failed-only-recovery-12,0,joint,,checkpoint,False,True,0.0034121533586829616,0.999995313825331,0.6901935722897261,0,19,164.6570361549833,116,0.8999999999999999,1.6161399459641142e-07,5.713556116508513e-09,69.30938550015459,0.3465469275007729,4.422540998916838e-05
failed-only-recovery-12,0,joint,,checkpoint,False,True,1.2159904930509505e-22,0.9999981247420953,0.8413221428949015,0,13,180.6557811566333,117,0.2,1.1631057931806768e-07,-3.740765982965513e-09,137.83539760647105,0.6891769880323553,3.904516242988708e-07
failed-only-recovery-12,0,joint,,checkpoint,False,True,0.010822190088405577,0.9999982257305216,0.8313718963302849,0,4,188.0984415215594,118,0.4,8.602452895627972e-08,2.176182886197289e-09,117.97985042442747,0.5898992521221373,2.6556047312582717e-06
failed-only-recovery-12,0,joint,,checkpoint,False,True,0.4784470789283623,0.999999975421422,0.9132074898560574,0,0,197.29575904287492,119,0.2,2.163622478111467e-07,-1.61141525004396e-10,152.2124669987023,0.7610623349935115,2.1411933546871893e-07
failed-only-recovery-12,0,joint,,checkpoint,False,True,0.6454318739905275,0.9999999767936458,0.915125965432189,0,0,197.97501562234638,120,0.2,4.6058686521594367e-07,-5.393250556456037e-11,152.59616211392856,0.7629808105696427,9.345966706862574e-08
failed-only-recovery-12,0,joint,,checkpoint,False,True,0.3430379879115625,0.9997957218141658,0.8300407725283615,0,0,193.53433516849867,121,0.5,2.2768836210292126e-07,4.093185790310372e-10,111.5750491104906,0.5578752455524529,1.7313803040712897e-06
failed-only-recovery-12,0,joint,,checkpoint,False,True,0.06741712466113256,0.9999999149278548,0.7846248305203132,0,8,173.03529445703057,122,0.4,1.6017794930573832e-06,3.334180330391415e-08,108.63043726243302,0.5431521863121651,7.499868190925406e-08
failed-only-recovery-12,0,joint,,checkpoint,False,True,1.0910130933860778e-50,0.9999976289164164,0.7150924787479676,0,11,175.03196811681272,123,0.8999999999999999,6.234166183127993e-07,5.839067445707963e-10,74.28916679180294,0.3714458339590147,6.470368610396592e-06
failed-only-recovery-12,0,joint,,checkpoint,False,True,0.1416392330605382,0.9999987734913315,0.9391502949227508,0,0,195.0510247192616,124,0.1,1.8486428148684903e-06,-3.617251890426586e-09,170.49437554372122,0.8524718777186061,1.0800551436004933e-08
failed-only-recovery-12,0,joint,,checkpoint,False,True,0.03354351064622351,0.9999944884335696,0.7252597499030076,0,7,176.61598829786473,125,0.8999999999999999,4.4574926926766847e-07,1.2945071009058747e-09,76.3226210228109,0.38161310511405455,1.067351842893494e-05
failed-only-recovery-12,0,joint,,checkpoint,False,True,0.4878276034869319,0.9999997991801569,0.9042462168424334,0,0,193.91620272162103,126,0.2,2.310511266273587e-05,-2.7131800405560097e-10,150.4202123959775,0.7521010619798875,1.244497006059592e-09
failed-only-recovery-12,0,joint,,checkpoint,False,True,0.02433817162268313,0.9980283890134413,0.7215280935732139,0,5,179.30137788545036,127,1.0,6.827106870646961e-08,-5.664657076742685e-10,73.59494059598794,0.36797470297993967,0.0003533955293528309
failed-only-recovery-12,0,joint,,checkpoint,False,True,1.0,1.0,1.0,0,0,200.0,128,0.0,0.00016964786224424064,-2.137734433915739e-14,200.0,1.0,6.454675367070271e-11
failed-only-recovery-12,0,joint,,checkpoint,False,True,2.9590786888231268e-08,0.999996271075809,0.7396388376932518,0,11,175.09242855340014,129,0.7,1.344310057131889e-06,-3.272899041187161e-10,84.76594492769053,0.42382972463845264,6.110182985793473e-07
failed-only-recovery-12,0,joint,,checkpoint,False,True,6.524704912160745e-45,0.9999885100276068,0.7728657081413596,0,15,178.93443576495778,130,0.5,9.306983663097912e-07,-4.662690233914191e-10,100.14003623309014,0.5007001811654507,2.7737156488055704e-07
failed-only-recovery-12,0,joint,,checkpoint,False,True,8.646243461319992e-09,0.9999997507297301,0.9322612562431272,0,4,194.5752858578159,131,0.1,5.195641772827151e-07,-2.8181342333741716e-10,169.11656780779654,0.8455828390389827,4.064648208148528e-08
failed-only-recovery-12,0,joint,,checkpoint,False,True,2.801960705466322e-26,0.9998838872948758,0.5811769265068759,0,65,127.76713651883587,132,0.4,1.4053107837300325e-06,1.7279070530769404e-09,67.94085645974562,0.33970428229872807,6.499745729410918e-08
failed-only-recovery-12,0,joint,,checkpoint,False,True,1.0,1.0,1.0,0,0,200.0,133,0.0,0.0002043085005106248,2.2482571360171732e-14,200.0,1.0,5.3596491324015226e-11
failed-only-recovery-12,0,joint,,checkpoint,False,True,1.3008241451337469e-52,0.9999979985349599,0.8484910042412775,0,14,182.69001305148004,134,0.2,5.013549181965842e-07,-2.046837056223521e-08,139.2691698757462,0.696345849378731,7.893570459548547e-08
failed-only-recovery-12,0,joint,,checkpoint,False,True,0.0009640215314023903,0.9999797367499849,0.6633972716069024,0,29,157.33598693341662,135,0.8999999999999999,3.551535458589676e-07,-1.919960979697564e-09,63.95012536358995,0.31975062681794975,1.3572683204543108e-05
failed-only-recovery-12,0,joint,,checkpoint,False,True,0.5317785017029911,0.9999782462180391,0.9149303777897032,0,0,197.95325077581487,136,0.2,6.768496501340825e-07,-2.600643847375508e-09,152.55704458543156,0.7627852229271578,6.118326837645939e-08
failed-only-recovery-12,0,joint,,checkpoint,False,True,1.6449369354296028e-168,0.9999995493614926,0.5469910251691819,0,63,124.90250340127935,137,1.0,2.456396789293835e-09,-1.125720622274784e-08,38.68752691518149,0.19343763457590746,0.03925502665649148
failed-only-recovery-12,0,joint,,checkpoint,False,True,1.0,1.0,1.0,0,0,200.0,138,0.0,9.648211141157794e-06,3.311739771305611e-14,200.0,1.0,1.1349480867316827e-09
failed-only-recovery-12,0,joint,,checkpoint,False,True,0.002828424573162647,0.9999977598347392,0.8857904871445542,0,5,190.3422580578589,139,0.2,1.0870861663166642e-08,-4.281352065359816e-08,146.72906645640154,0.7336453322820077,5.574766750073405e-06
failed-only-recovery-12,0,joint,,checkpoint,False,True,0.7074371962013944,0.9999997718271428,0.9517319426575068,0,0,198.4951433038687,140,0.1,9.175584032995935e-06,-4.749390564902177e-09,173.0107050906725,0.8650535254533626,2.0354279347792324e-09
failed-only-recovery-12,0,joint,,checkpoint,False,True,0.04703142774826052,0.9999994041263403,0.9236676246197162,0,6,191.75530867487726,141,0.1,1.4026682503374314e-06,-3.9488064904798036e-08,167.3978414831144,0.836989207415572,1.4194480227054636e-08
failed-only-recovery-12,0,joint,,checkpoint,False,True,1.0,1.0,1.0,0,0,200.0,142,0.0,4.826617164034764e-07,-3.6344260934129126e-14,200.0,1.0,2.2687150032605042e-08
failed-only-recovery-12,0,joint,,checkpoint,False,True,0.11079698136327142,0.9999997356175818,0.8162945306512109,0,0,188.5022525307327,143,0.5,1.5101527249145734e-07,-1.2925438497290997e-10,108.82580073506045,0.5441290036753023,2.8447223598432344e-06
failed-only-recovery-12,0,joint,,checkpoint,False,True,1.0,1.0,1.0,0,0,200.0,144,0.0,5.4901404019120834e-05,-3.154476679867457e-14,200.0,1.0,1.9945243606568916e-10
failed-only-recovery-12,0,joint,,checkpoint,False,True,5.736859164274909e-14,0.9999999408436115,0.5667592335561578,0,66,124.70616449322885,145,0.5,7.247517032933493e-07,6.782463202181788e-09,58.91874131604977,0.29459370658024886,2.7805527369172416e-07
failed-only-recovery-12,0,joint,,checkpoint,False,True,1.9572789817881453e-23,0.9999830043062642,0.7455701532832879,0,22,171.1215982302598,146,0.5,2.6266171459992937e-07,7.3385750809507044e-09,94.68092526147586,0.47340462630737934,1.3008033100359862e-06
failed-only-recovery-12,0,joint,,checkpoint,False,True,0.0,0.9999999568924047,0.6260421846530625,13,36,148.90419098360658,147,1.0,3.478579087684242e-10,-4.3361807811059805e-08,54.49775881195775,0.27248879405978876,0.8430699954445171
failed-only-recovery-12,0,joint,,checkpoint,False,True,1.0,1.0,1.0,0,0,200.0,148,0.0,9.401490866407566e-06,-8.861467115650612e-14,200.0,1.0,1.1647321611688725e-09
failed-only-recovery-12,0,joint,,checkpoint,False,True,1.0,1.0,1.0,0,0,200.0,149,0.0,2.4108616636116468e-06,2.1315560427836999e-13,200.0,1.0,4.542035298133247e-09
failed-only-recovery-12,0,joint,,checkpoint,False,True,8.758053118388073e-117,0.9998683510394393,0.6795956027230403,0,16,166.58151878070905,150,1.0,1.5305161655212386e-07,3.971544759728829e-10,65.20844242595322,0.32604221212976614,9.916457070792848e-05
failed-only-recovery-12,0,joint,,checkpoint,False,True,0.0004984246726860108,0.999979968636605,0.7236239381078698,0,12,172.82205180055146,151,0.7999999999999999,7.824561960817391e-08,1.1628466358213355e-09,78.47092162158025,0.39235460810790124,6.0826416518395116e-05
failed-only-recovery-12,0,joint,,checkpoint,False,True,0.021611176178107105,0.9999959793271241,0.7666417294792793,0,9,178.3715137918244,152,0.6,1.5751530334056467e-08,2.1527939987529913e-09,94.0356397676988,0.470178198838494,0.00010768660690873132
failed-only-recovery-12,0,joint,,checkpoint,False,True,0.4516500540757163,0.9999999447028572,0.9095422848468399,0,0,195.90925302298803,153,0.2,3.351934148467343e-08,-1.9578361975274544e-10,151.47942599685868,0.7573971299842934,1.658761412295848e-06
failed-only-recovery-12,0,joint,,checkpoint,False,True,0.5817571844893661,0.9999965421920903,0.8828157022691135,0,0,196.59715350028222,154,0.30000000000000004,1.5483756538888234e-07,5.5057743904463714e-11,136.083539562729,0.6804176978136449,6.473683058050535e-07
failed-only-recovery-12,0,joint,,checkpoint,False,True,0.7083482567271279,0.9999999999431126,0.9528165878436767,0,0,198.9077044507605,155,0.1,6.042844173456701e-08,4.4676696712588987e-10,173.22763412790638,0.8661381706395319,3.97751963361428e-07
failed-only-recovery-12,0,joint,,checkpoint,False,True,1.9546424498386643e-60,0.9999935288867206,0.5268349572520751,0,72,120.8957778390903,156,1.0,4.819130991707146e-07,3.0420815866349926e-10,34.65631333176026,0.1732815666588013,1.3758919976348964e-05
failed-only-recovery-12,0,joint,,checkpoint,False,True,2.016746217107163e-06,0.9999992551826008,0.6286288029535044,0,44,143.16575869872258,157,0.7,8.40799962154507e-07,-8.333250576304779e-09,62.563937979741034,0.3128196898987052,9.785159671951808e-07
failed-only-recovery-12,0,joint,,checkpoint,False,True,1.0807000913921743e-21,0.999999697638302,0.7221874387734291,0,17,165.44201189290618,158,0.6,1.4331587391644909e-06,4.853795156676534e-11,85.1447816265287,0.4257239081326435,2.8810856104832797e-07
failed-only-recovery-12,0,joint,,checkpoint,False,True,0.005400300914395262,0.9999999999906717,0.6865763520729002,0,14,166.23801856780975,159,1.0,1.9581822046497873e-07,3.92067506238547e-09,66.60459229592533,0.3330229614796266,6.922644808085698e-05
failed-only-recovery-12,0,joint,,checkpoint,False,True,1.0,1.0,1.0,0,0,200.0,160,0.0,7.331813184803399e-05,2.1458945731467338e-14,200.0,1.0,1.493521247613994e-10
failed-only-recovery-12,0,joint,,checkpoint,False,True,3.638944179209347e-24,0.9999985699591184,0.760244425502804,0,11,178.1758953561256,161,0.6,2.3163759807781498e-06,2.1859303269464982e-10,92.7561789724036,0.463780894862018,1.6247640221398282e-07
failed-only-recovery-12,0,joint,,checkpoint,False,True,0.24067739920233108,0.9999897313203422,0.8620626562452331,0,0,189.4915590174213,162,0.30000000000000004,4.51574493097118e-07,4.560164545823759e-10,131.93293035795293,0.6596646517897646,1.846031837607325e-07
failed-only-recovery-12,0,joint,,checkpoint,False,True,0.16887772061383102,0.9999944824121418,0.8413567348198369,0,0,190.52210971677056,163,0.4,7.233194328133728e-08,-2.542702868176114e-09,119.97681812233773,0.5998840906116887,3.3090160514656368e-06
failed-only-recovery-12,0,joint,,checkpoint,False,True,0.2863686617743344,0.9997361653486475,0.8728472460945212,0,0,193.13041894364406,164,0.30000000000000004,6.044608930341164e-07,-1.0018226171011328e-09,134.0898483278105,0.6704492416390525,1.3366077483731795e-07
failed-only-recovery-12,0,joint,,checkpoint,False,True,1.0,1.0,1.0,0,0,200.0,165,0.0,4.672041842655855e-07,8.078870905592339e-14,200.0,1.0,2.343775835880703e-08
failed-only-recovery-12,0,joint,,checkpoint,False,True,1.618451584423981e-18,0.9999865014407285,0.796006340399589,0,13,180.0498935338209,166,0.4,1.0734833489240805e-06,1.355366304826724e-09,110.90673923828825,0.5545336961914412,1.2299204149265094e-07
failed-only-recovery-12,0,joint,,checkpoint,False,True,5.153188225596426e-07,0.9999983264714446,0.8244799832527004,0,5,186.779823484829,167,0.4,6.231596015113984e-08,3.07329008990145e-10,116.60146780891057,0.5830073390445528,3.877714452002799e-06
failed-only-recovery-13,0,joint,,checkpoint,False,True,1.0,1.0,1.0,0,0,200.0,0,0.0,2.480594555964315e-06,4.322569524539688e-12,200.0,1.0,4.432311254196276e-09
failed-only-recovery-13,0,joint,,checkpoint,False,True,0.6109522595124495,0.9999987418287154,0.9148174422756086,0,0,197.86356380194857,1,0.2,3.839068366365059e-06,-3.1203714493102394e-11,152.5344574826124,0.762672287413062,9.104063994221562e-09
failed-only-recovery-13,0,joint,,checkpoint,False,True,1.0,1.0,1.0,0,0,200.0,2,0.0,9.219155524587694e-06,-1.3116896457887605e-13,200.0,1.0,1.1926002482738727e-09
failed-only-recovery-13,0,joint,,checkpoint,False,True,1.0,1.0,1.0,0,0,200.0,3,0.0,4.215571293579714e-07,4.0191849848270065e-13,200.0,1.0,2.6081321846563724e-08
failed-only-recovery-13,0,joint,,checkpoint,False,True,0.07466964208376194,0.9999992766993512,0.7802033248215742,0,12,172.1967843702285,4,0.4,1.7393018171355733e-06,-8.052545215484252e-12,107.74613612268533,0.5387306806134267,6.783220812638295e-08
failed-only-recovery-13,0,joint,,checkpoint,False,True,0.14103281505661286,0.9999780480030448,0.7590953176459017,0,0,184.0621261584188,5,0.7999999999999999,1.9303321883968137e-07,-5.745013855748549e-13,85.56519752918639,0.42782598764593194,1.8096643607004315e-05
failed-only-recovery-13,0,joint,,checkpoint,False,True,0.7245548051139626,0.9999942560020615,0.9163490386189866,0,0,198.4650730576289,6,0.2,9.978508362028206e-08,-1.1019878262599835e-12,152.84077675128802,0.7642038837564401,5.054032571692384e-07
failed-only-recovery-13,0,joint,,checkpoint,False,True,0.0029948857510342414,0.9998373977399163,0.6785218570663859,0,20,165.6430737973747,7,1.0,1.6509482926196746e-08,-1.7541523789077473e-14,64.9936932946224,0.324968466473112,0.0028060133520623645
failed-only-recovery-13,0,joint,,checkpoint,False,True,0.5185248843505291,0.9999998842874191,0.9055107217636781,0,0,194.35433668554856,8,0.2,4.498875757506915e-05,1.9000646307192685e-13,150.67311338022637,0.7533655669011319,6.012131808650154e-10
failed-only-recovery-13,0,joint,,checkpoint,False,True,1.0,1.0,1.0,0,0,200.0,9,0.0,5.615431136727152e-06,8.018474773052731e-14,200.0,1.0,1.9579560143812526e-09
failed-only-recovery-13,0,joint,,checkpoint,False,True,4.4250547801724535e-27,0.9999256118801346,0.6578380639287019,0,22,157.25044966182668,10,1.0,6.442540239264666e-08,-5.558331572785846e-13,60.85693466708554,0.3042846733354277,0.00035290628085546107
failed-only-recovery-13,0,joint,,checkpoint,False,True,0.06238646021866835,0.9999999079183826,0.946709269847691,0,1,197.33247621543885,11,0.1,1.711030795980935e-07,-1.0017379332793053e-11,172.0061705287092,0.860030852643546,1.3303491628128795e-07
failed-only-recovery-13,0,joint,,checkpoint,False,True,0.014256118333306748,0.9999913767576419,0.6987949452761599,0,12,170.88029596178413,12,1.0,1.584380290816837e-07,3.5321745528449355e-13,69.04831093657708,0.3452415546828854,9.720457511903214e-05
failed-only-recovery-13,0,joint,,checkpoint,False,True,0.40882885146993686,0.999999467001334,0.9013332605168942,0,0,193.0701560979458,13,0.2,1.8294834674204088e-06,3.063394788698562e-14,149.8376211308696,0.749188105654348,2.0270915132687204e-08
failed-only-recovery-13,0,joint,,checkpoint,False,True,0.1331130326147376,0.9999984988132721,0.7751569303783057,0,0,184.86062422236492,14,0.7,2.2198559910833844e-07,-5.650347370378747e-13,91.86956346470134,0.4593478173235067,7.313464485417575e-06
failed-only-recovery-13,0,joint,,checkpoint,False,True,0.030268780696616353,0.9995675307314122,0.7287477743203747,0,3,182.0549710945898,15,1.0,3.2851679044309483e-07,5.551115123125783e-15,75.0388767454202,0.375194383727101,3.395212670629142e-05
failed-only-recovery-13,0,joint,,checkpoint,False,True,2.3379118409380694e-05,0.9999997015773286,0.7218318523859801,0,20,170.38213540468243,16,0.7,2.9566786722237463e-08,1.758170872944923e-13,81.20454786623608,0.40602273933118044,0.00010354341228464263
failed-only-recovery-13,0,joint,,checkpoint,False,True,0.00126781372876112,0.9999768507618623,0.811605896374532,0,7,182.2739036732102,17,0.4,1.0830856277025765e-07,-1.0129818388191376e-12,114.02665043327696,0.5701332521663848,1.9743672612327878e-06
failed-only-recovery-13,0,joint,,checkpoint,False,True,1.0,1.0,1.0,0,0,200.0,18,0.0,2.4354179728817642e-06,1.171190922022447e-13,200.0,1.0,4.514529863015207e-09
failed-only-recovery-13,0,joint,,checkpoint,False,True,5.843351234046039e-16,0.999987325313366,0.584378807663557,0,61,127.05415600899349,19,0.4,5.838735708052917e-07,2.3411406964515384e-12,68.58123269108188,0.3429061634554094,1.882738381329162e-07
failed-only-recovery-13,0,joint,,checkpoint,False,True,1.6511661839570757e-85,0.9999976571975976,0.4561449556430224,0,96,98.86479730661505,20,0.6,1.3779465158698894e-07,2.1621606492140619e-13,31.936285000447374,0.15968142500223687,3.836656041642798e-06
failed-only-recovery-13,0,joint,,checkpoint,False,True,0.5481385547392309,0.9999999961493049,0.9126035585606175,0,0,197.0058921357772,21,0.2,5.744894963224233e-07,4.959692946033572e-11,152.09168073961433,0.7604584036980717,7.338734093426333e-08
failed-only-recovery-13,0,joint,,checkpoint,False,True,1.0,1.0,1.0,0,0,200.0,22,0.0,1.6078161697003728e-06,2.5492014055217283e-12,200.0,1.0,6.838323543883528e-09
failed-only-recovery-13,0,joint,,checkpoint,False,True,5.62619280169903e-129,0.9999763478850698,0.5370975149488942,0,71,122.99675131951682,23,0.8999999999999999,5.708615110394416e-08,-5.874250682372316e-14,38.69017403198832,0.1934508701599416,0.00015625799020113615
failed-only-recovery-13,0,joint,,checkpoint,False,True,1.1887505314931485e-07,0.9998109085472707,0.6523021668241853,0,28,156.92712833129553,24,1.0,3.2032948528469562e-09,5.128675262255911e-13,59.749755246182275,0.2987487762309114,0.031563092326621245
failed-only-recovery-13,0,joint,,checkpoint,False,True,2.660646027794827e-15,0.9999997563716376,0.6973315217015663,0,18,165.29068521930617,25,0.7999999999999999,4.403418027794315e-09,1.929440113013492e-12,73.2124383403194,0.366062191701597,0.0033061306309039975
failed-only-recovery-13,0,joint,,checkpoint,False,True,0.0,0.9999720306179516,0.47412804377718154,24,90,105.43727733882743,26,0.8999999999999999,1.843923007846217e-08,-3.6815602087376314e-14,26.09627979764569,0.13048139898822844,0.0007101127411591132
failed-only-recovery-13,0,joint,,checkpoint,False,True,0.0,0.9999835880365998,0.6506725483279865,6,28,156.08631053806812,27,1.0,3.328799323838815e-09,3.712030682834211e-13,59.423831546942495,0.2971191577347125,0.029720571816523256
failed-only-recovery-13,0,joint,,checkpoint,False,True,0.8215174862327221,0.9999854318869903,0.9540764788065175,0,0,199.3952457563652,28,0.1,5.136791037248528e-09,6.343224100656244e-13,173.47961232047464,0.8673980616023732,5.321406351985901e-06
failed-only-recovery-13,0,joint,,checkpoint,False,True,3.0320500181237915e-25,0.9999997104983109,0.5741164277590943,0,61,129.3387763717378,29,0.6,7.061258411438883e-09,5.067059193145784e-13,55.53057942366172,0.2776528971183086,0.00022977633412047185
failed-only-recovery-13,0,joint,,checkpoint,False,True,3.694788168489043e-09,0.9999999396820137,0.8878419939062566,0,13,184.64686620455615,30,0.1,8.14883036538681e-07,5.560090824795703e-10,160.2327153404224,0.801163576702112,2.423010914358646e-08
failed-only-recovery-13,0,joint,,checkpoint,False,True,2.691634189266031e-06,0.9999999752473594,0.5917088945198531,0,60,129.91629511569187,31,0.5,4.039291103943691e-05,2.8281266217788925e-11,63.908673508788915,0.3195433675439446,1.9140751507652303e-09
failed-only-recovery-13,0,joint,,checkpoint,False,True,0.7774459725908233,0.9999999993363243,0.9527639693837149,0,0,198.8752249255377,32,0.1,0.0002975256001169871,-5.946413546097529e-12,173.21711043591412,0.8660855521795706,5.3021803622786935e-11
failed-only-recovery-13,0,joint,,checkpoint,False,True,1.0,1.0,1.0,0,0,200.0,33,0.0,1.7043345893133037e-05,-1.909178370951281e-13,200.0,1.0,6.451061450280463e-10
failed-only-recovery-13,0,joint,,checkpoint,False,True,8.910068497093895e-256,0.9999920769360414,0.8303091396233521,0,16,178.24861033927897,34,0.2,2.793991776438057e-08,1.7028500010869168e-10,135.6327969521612,0.678163984760806,1.8575541321665005e-06
failed-only-recovery-13,0,joint,,checkpoint,False,True,0.13543420489329938,0.9999663441705979,0.7321557384464796,0,0,182.77510708820373,35,1.0,7.477270303360137e-09,5.312972284343687e-13,75.72046957064111,0.37860234785320557,0.009933789386557553
failed-only-recovery-13,0,joint,,checkpoint,False,True,0.010040024294836419,0.9999962912272159,0.6994628783026349,0,11,171.34311039880347,36,1.0,5.053666898023034e-09,-5.200284647344233e-13,69.18189754187225,0.34590948770936125,0.017079724050021953
failed-only-recovery-13,0,joint,,checkpoint,False,True,0.5534075591722432,0.9998297366949411,0.8560084921778358,0,0,195.52554254292977,37,0.4,1.1478093129606278e-08,-6.367550113492877e-13,122.90716959393765,0.6145358479696883,3.0783108927163506e-05
failed-only-recovery-13,0,joint,,checkpoint,False,True,0.03809268528973521,0.9999891612662694,0.7275393403827719,0,4,176.9208142523184,38,0.8999999999999999,2.2192961273328344e-08,-1.1136209136713156e-12,76.77853911876379,0.38389269559381894,0.0008329195558417116
failed-only-recovery-13,0,joint,,checkpoint,False,True,0.562580330431775,0.9999999750368138,0.9094091603711607,0,0,195.80160284465128,39,0.2,4.9906655761312416e-08,-6.192350995773498e-13,151.45280110172297,0.7572640055086148,1.074816450539053e-06
failed-only-recovery-13,0,joint,,checkpoint,False,True,1.0,1.0,1.0,0,0,200.0,40,0.0,3.947630758133709e-06,-1.3772023521596566e-11,200.0,1.0,2.7851559178489606e-09
failed-only-recovery-13,0,joint,,checkpoint,False,True,1.0,1.0,1.0,0,0,200.0,41,0.0,4.683592615000546e-06,-2.450978087153999e-11,200.0,1.0,2.347507153437041e-09
failed-only-recovery-13,0,joint,,checkpoint,False,True,0.2963350909630293,0.9999979272359437,0.8485695320534863,0,0,192.60145626859241,42,0.4,2.345470026854905e-06,3.482951379933065e-11,121.41937756906776,0.6070968878453388,5.153350343125829e-08
failed-only-recovery-13,0,joint,,checkpoint,False,True,0.159982172628548,0.9999978442309094,0.9016571031107472,0,0,193.52013504391624,43,0.2,5.985517335252606e-07,1.7775821659877538e-10,149.90238964964027,0.7495119482482013,6.930727794597935e-08
failed-only-recovery-13,0,joint,,checkpoint,False,True,0.016291194843352546,0.9999532808109627,0.7075294069641671,0,12,170.37238501348503,44,0.8999999999999999,3.343309950167606e-07,-1.8063335332648526e-10,72.77655243504286,0.3638827621752143,1.586525522298564e-05
failed-only-recovery-13,0,joint,,checkpoint,False,True,1.0,1.0,1.0,0,0,200.0,45,0.0,2.596385693433291e-07,-4.87510642965816e-12,200.0,1.0,4.234643256318325e-08
failed-only-recovery-13,0,joint,,checkpoint,False,True,0.29272588713051495,0.9999856810948263,0.8453472404260803,0,0,191.3887935993787,46,0.4,1.614368573574564e-07,-1.7445690772706944e-10,120.77491924358645,0.6038745962179323,1.2738256935731528e-06
failed-only-recovery-13,0,joint,,checkpoint,False,True,3.943697311275922e-07,0.9999987160883296,0.7413943026979679,0,11,171.21666706578588,47,0.6,4.7793880715995705e-08,8.425393729125908e-11,88.98615441143642,0.44493077205718207,2.4701158330552505e-05
failed-only-recovery-13,0,joint,,checkpoint,False,True,0.5313234948835851,0.999984169037037,0.909106586442484,0,0,195.7281683281354,48,0.2,1.3122988954912791e-05,-1.2765426413066737e-12,151.39228631598758,0.7569614315799379,2.34060463488402e-09
failed-only-recovery-13,0,joint,,checkpoint,False,True,0.5550094218073898,0.9999999981836295,0.9111748389042392,0,0,196.5108804479076,49,0.2,1.3215658947149038e-05,3.085739176096085e-11,151.80593680833874,0.7590296840416937,2.32784098404755e-09
failed-only-recovery-13,0,joint,,checkpoint,False,True,1.909775606313687e-08,0.9998944760016111,0.6672773583800736,0,31,156.95133482624533,50,0.7999999999999999,1.2845864570793892e-05,2.8943249854083143e-09,67.20160567602089,0.33600802838010446,4.4588648490516293e-08
failed-only-recovery-13,0,joint,,checkpoint,False,True,0.6108307896304245,0.9999982843960732,0.9098532182178545,0,0,195.90912937998743,51,0.2,0.00011879946206623483,2.786596073065243e-12,151.54161267106187,0.7577080633553094,2.075987384852477e-10
failed-only-recovery-13,0,joint,,checkpoint,False,True,4.303456792121843e-09,0.9999999893749947,0.6848904277031638,0,12,165.0460687831709,52,1.0,5.781419734212592e-07,-6.364403448699818e-11,66.26740742197796,0.3313370371098898,1.366770019801123e-05
failed-only-recovery-13,0,joint,,checkpoint,False,True,0.00045114026895003606,0.9999360117386864,0.6707487193757404,0,22,161.2245051137553,53,1.0,5.244655555108099e-07,-1.238709135265026e-10,63.43906575649339,0.317195328782467,1.5492107219629734e-05
failed-only-recovery-13,0,joint,,checkpoint,False,True,7.600920688e-314,0.9999999700843316,0.5255608122913009,0,70,119.04762501114985,54,1.0,1.829709048848976e-08,3.0803026795922506e-11,34.401484339605446,0.17200742169802724,0.001862841994297705
failed-only-recovery-13,0,joint,,checkpoint,False,True,0.49567895762767117,0.9999997077344168,0.9036421850131693,0,0,193.7123154849774,55,0.2,1.0089398202665985e-05,-2.442720906372938e-12,150.29940603012457,0.7514970301506229,3.1066619908228152e-09
failed-only-recovery-13,0,joint,,checkpoint,False,True,0.47340980935366117,0.9999999942321361,0.9022698808904331,0,0,193.2590235105089,56,0.2,4.339810422399997e-06,-3.1013052045805808e-12,150.0249452055773,0.7501247260278865,7.846354431952875e-09
failed-only-recovery-13,0,joint,,checkpoint,False,True,1.0,1.0,1.0,0,0,200.0,57,0.0,0.00018109421429698903,2.426848166869888e-12,200.0,1.0,6.071296761291146e-11
failed-only-recovery-13,0,joint,,checkpoint,False,True,0.6367896232033274,0.9999995312634462,0.9125820277973741,0,0,196.9521175788915,58,0.2,2.6211472813029878e-05,-2.1397340276590155e-10,152.08737458696558,0.7604368729348279,1.0976923581836176e-09
failed-only-recovery-13,0,joint,,checkpoint,False,True,0.0,0.9999929594379838,0.5630449295167983,14,62,129.05302449487098,59,0.8999999999999999,4.028715127328813e-09,2.6271502078829907e-09,43.87965694556908,0.2193982847278454,0.007652621576739546
failed-only-recovery-13,0,joint,,checkpoint,False,True,9.685086934092001e-14,0.9999853359755405,0.6666318301846846,0,22,158.28317848429526,60,0.8999999999999999,1.562925818708156e-07,-3.068053600670382e-09,64.5970370791464,0.322985185395732,4.502296720324439e-05
failed-only-recovery-13,0,joint,,checkpoint,False,True,1.0,1.0,1.0,0,0,200.0,61,0.0,4.76740703570917e-05,-1.2340735100480061e-11,200.0,1.0,2.3062363010216773e-10
failed-only-recovery-13,0,joint,,checkpoint,False,True,0.5804463644965236,0.9999986752332156,0.952809828566853,0,0,198.9493823743981,62,0.1,1.034733275488329e-06,-1.0940670349302896e-09,173.2262822725416,0.866131411362708,2.023513567583828e-08
failed-only-recovery-13,0,joint,,checkpoint,False,True,0.08645863019440922,0.9999983340158178,0.8630755593776587,0,1,190.17549042412202,63,0.30000000000000004,1.2141129687762025e-07,1.4168583749185682e-10,132.1355109844381,0.6606775549221905,8.4053008845426e-07
failed-only-recovery-13,0,joint,,checkpoint,False,True,0.6593572186565559,0.9999999224877999,0.915895194388819,0,0,198.3038104144304,64,0.2,2.2205110676353582e-07,-1.0661833348717648e-10,152.75000790525453,0.7637500395262726,2.095544269869834e-07
failed-only-recovery-13,0,joint,,checkpoint,False,True,1.0,1.0,1.0,0,0,200.0,65,0.0,4.270486627422805e-07,1.106013336471534e-11,200.0,1.0,2.5745935128086132e-08
failed-only-recovery-13,0,joint,,checkpoint,False,True,0.2755428734639849,0.9999997452204461,0.8247746088356464,0,0,184.0006333710574,66,0.4,1.9895028954287632e-05,-1.910814243418066e-09,116.6603929254997,0.5833019646274985,3.850524497099326e-09
failed-only-recovery-13,0,joint,,checkpoint,False,True,6.280035732560266e-76,0.9999775320538137,0.5369775375284789,0,72,122.21093428197774,67,0.7999999999999999,1.942168536721164e-06,2.4655408660865242e-09,41.141641505702,0.20570820752851,5.052903843143998e-07
failed-only-recovery-13,0,joint,,checkpoint,False,True,2.5136644417431517e-34,0.999982336352224,0.7055821639536124,0,35,158.1339328975418,68,0.4,1.3508903756013487e-06,5.50269700591425e-09,92.82190394909284,0.4641095197454642,8.307714508771544e-08
failed-only-recovery-13,0,joint,,checkpoint,False,True,1.0,1.0,1.0,0,0,200.0,69,0.0,0.0002895625109348439,-8.178314137019527e-12,200.0,1.0,3.797027153826764e-11
failed-only-recovery-13,0,joint,,checkpoint,False,True,0.4624895409211885,0.9999966867648398,0.9120541265885536,0,0,196.87238204190908,70,0.2,8.976185331331158e-07,4.723440445522727e-10,151.9817943452014,0.759908971726007,4.489199612665651e-08
failed-only-recovery-13,0,joint,,checkpoint,False,True,0.882315927757617,0.9999211357722756,0.9549376426598165,0,0,199.7426060540104,71,0.1,7.905903760984417e-07,8.293329560196223e-11,173.65184509113428,0.8682592254556714,2.6902685970510394e-08
failed-only-recovery-13,0,joint,,checkpoint,False,True,0.5277286306214075,0.9999999991918674,0.9064561396913772,0,0,194.68634313775328,72,0.2,0.00010522852235048675,-2.7482483776790884e-10,150.86219696576606,0.7543109848288303,2.363465525411737e-10
failed-only-recovery-13,0,joint,,checkpoint,False,True,0.08190710271856211,0.9999972837034995,0.8371752332925203,0,2,189.45543100386084,73,0.4,9.723823469452487e-07,-1.9387603453687027e-08,119.1405178168745,0.5957025890843726,1.4624801887130548e-07
failed-only-recovery-13,0,joint,,checkpoint,False,True,0.06241089071865354,0.9999930153015532,0.7824653299288918,0,3,182.68124095100626,74,0.6,3.6115317938628717e-07,-1.0943929706777176e-08,97.2003598576213,0.4860017992881065,1.8806946424644238e-06
failed-only-recovery-13,0,joint,,checkpoint,False,True,0.36297762477492035,0.9999965836490442,0.8757876479404074,0,0,194.0896122074279,75,0.30000000000000004,2.1165959780111397e-07,-5.502723825824684e-08,134.67792869698783,0.6733896434849391,4.501088613719167e-07
failed-only-recovery-13,0,joint,,checkpoint,False,True,4.9480000122610156e-46,0.9999911202037377,0.7232131689122121,0,20,166.83530927359456,76,0.6,1.9461394576858025e-06,4.297652012172784e-09,85.3499276542853,0.4267496382714265,1.9462213802755597e-07
failed-only-recovery-13,0,joint,,checkpoint,False,True,0.4333447510579578,0.9999996452622598,0.8664132049115537,0,0,190.35816712658388,77,0.30000000000000004,0.0003257427129305265,3.7561690645215926e-10,132.80304009121716,0.6640152004560858,9.623245299412664e-11
failed-only-recovery-13,0,joint,,checkpoint,False,True,7.351199369681964e-07,0.999650359266064,0.6288670200245937,0,34,149.19922883673175,78,1.0,2.9374369244185484e-08,2.946692667649131e-09,55.06272588626403,0.27531362943132015,0.0010958020110235626
failed-only-recovery-13,0,joint,,checkpoint,False,True,0.01513209597427569,0.9999862906593157,0.7547699552029047,0,11,179.6290944732848,79,0.7,1.1518722086808198e-06,-3.542344094503295e-08,87.79216842962114,0.4389608421481057,7.712422326913622e-07
failed-only-recovery-13,0,joint,,checkpoint,False,True,0.7520202713951221,0.9999999865931495,0.953811464214342,0,0,199.29436650581553,80,0.1,2.1875222840936295e-06,-1.1391080475165784e-09,173.4266094020395,0.8671330470101976,9.229584633838279e-09
failed-only-recovery-13,0,joint,,checkpoint,False,True,0.03855345125319247,0.9999693287482966,0.6976006968079518,0,13,170.14877665313753,81,1.0,1.288920887127489e-06,1.065273885769713e-08,68.80946124293561,0.34404730621467805,4.182092282536482e-06
failed-only-recovery-13,0,joint,,checkpoint,False,True,0.11110197812012687,0.9999999915311713,0.817257527212505,0,0,188.5600588950458,82,0.5,9.466167179195859e-07,4.172097461951907e-08,109.01840004731923,0.5450920002365962,2.883191875005794e-07
failed-only-recovery-13,0,joint,,checkpoint,False,True,9.092761798075256e-121,0.9999993973973433,0.6028489456480586,0,45,140.07975958000236,83,0.8999999999999999,1.5372702723990717e-08,-4.1535672574760246e-07,51.84046017182112,0.2592023008591056,0.0011753829073880657
failed-only-recovery-13,0,joint,,checkpoint,False,True,1.8698490703873862e-24,0.9999812261186743,0.793392476449083,0,9,182.53168784497967,84,0.5,2.718657192695391e-07,-8.902102655028443e-08,104.24538989463483,0.5212269494731742,1.3313043329689298e-06
failed-only-recovery-13,0,joint,,checkpoint,False,True,0.0009405521290925732,0.9999996756678788,0.7996621318919978,0,7,184.9513844547522,85,0.5,1.7765290103197575e-06,3.2589919096714937e-08,105.49932098321779,0.527496604916089,1.284320691646537e-07
failed-only-recovery-13,0,joint,,checkpoint,False,True,0.20860906134801968,0.9999840179312327,0.7738593910317039,0,0,183.84056421497465,86,0.7,1.0996241843619072e-06,2.1319924847260254e-09,91.61005559538074,0.45805027797690373,8.418879234134304e-07
failed-only-recovery-13,0,joint,,checkpoint,False,True,1.0,1.0,1.0,0,0,200.0,87,0.0,7.410014014290631e-05,5.490152221732103e-12,200.0,1.0,1.4837714404176105e-10
failed-only-recovery-13,0,joint,,checkpoint,False,True,0.48050505403072963,0.9999988963172991,0.9100085277526619,0,0,196.1550590677304,88,0.2,1.3193513445680194e-06,7.608547957516893e-08,151.57267457802317,0.7578633728901158,2.9322314522166348e-08
failed-only-recovery-13,0,joint,,checkpoint,False,True,1.3662163743242976e-140,0.999997721324349,0.7325469652473646,0,14,173.8105026417709,89,0.7,3.014779642545997e-07,1.3042623716545704e-08,83.34757043851295,0.4167378521925647,4.572065599127245e-06
failed-only-recovery-13,0,joint,,checkpoint,False,True,0.5841554039375205,0.9999956340704202,0.9145697177307054,0,0,197.82839192511048,90,0.2,8.86387399495821e-07,1.8013041938721726e-08,152.48491257363193,0.7624245628681596,4.564363065446923e-08
failed-only-recovery-13,0,joint,,checkpoint,False,True,0.004065155477332861,0.9999962713684581,0.7711300445293823,0,9,180.5600703514455,91,0.6,1.978765553265723e-06,1.5091812299991995e-08,94.93330277771932,0.4746665138885966,2.0307994607747978e-07
failed-only-recovery-13,0,joint,,checkpoint,False,True,0.47973175502427323,0.9999969977363924,0.8705844838275472,0,0,191.8302398782338,92,0.30000000000000004,2.6063802425832612e-05,1.596873391281229e-09,133.63729587441574,0.6681864793720788,1.7651023390127044e-09
failed-only-recovery-13,0,joint,,checkpoint,False,True,1.0,1.0,1.0,0,0,200.0,93,0.0,1.5511511049660365e-05,1.8188568984278675e-11,200.0,1.0,7.088134181317851e-10
failed-only-recovery-13,0,joint,,checkpoint,False,True,1.557359027889657e-10,0.9999340402163072,0.7046792766600686,0,10,174.1324820057225,94,1.0,3.1729868824637676e-07,3.625130196027726e-10,70.22517721335885,0.35112588606679423,3.458718232129574e-05
failed-only-recovery-13,0,joint,,checkpoint,False,True,0.15124077173691583,0.9999636678752212,0.7670428393443744,0,0,181.7218181271723,95,0.7,8.952349727787745e-07,2.847562142966194e-08,90.24674525791505,0.45123372628957525,1.1014800119610052e-06
failed-only-recovery-13,0,joint,,checkpoint,False,True,0.45672891907287216,0.9999984286738167,0.8538736276770051,0,0,194.66835670366416,96,0.4,2.942599142485138e-07,-6.421115264972208e-09,122.48019669377157,0.6124009834688579,6.260288883426396e-07
failed-only-recovery-13,0,joint,,checkpoint,False,True,0.25437609224774715,0.9999334638244857,0.9115385480010625,0,0,196.82278384628495,97,0.2,9.207224551270183e-07,1.9922772793804032e-09,151.87867862770327,0.7593933931385163,4.362975022457231e-08
failed-only-recovery-13,0,joint,,checkpoint,False,True,0.003868322569666186,0.9999999980872665,0.8087394183757479,0,9,181.76143843172068,98,0.4,6.801339065904504e-07,1.6505720354235388e-10,113.45335483352005,0.5672667741676003,2.1695686604821213e-07
failed-only-recovery-13,0,joint,,checkpoint,False,True,0.7576050884267334,0.999997039147233,0.9175253145155228,0,0,198.95756752335066,99,0.2,1.048348911843521e-06,-1.342993298711262e-10,153.0760319305954,0.765380159652977,3.8072458131256165e-08
failed-only-recovery-13,0,joint,,checkpoint,False,True,1.0,1.0,1.0,0,0,200.0,100,0.0,1.5863548934242293e-05,2.7000102154062232e-11,200.0,1.0,6.930836985515819e-10
failed-only-recovery-13,0,joint,,checkpoint,False,True,7.197743120070881e-31,0.9999999998843534,0.6136331686097977,0,44,144.0210437660127,101,0.8999999999999999,3.0378308986761714e-09,-7.367007676632658e-10,53.997304764168916,0.2699865238208446,0.012558862642957557
failed-only-recovery-13,0,joint,,checkpoint,False,True,1.0,1.0,1.0,0,0,200.0,102,0.0,8.542762319814574e-07,3.306918572310025e-11,200.0,1.0,1.2870271647376632e-08
failed-only-recovery-13,0,joint,,checkpoint,False,True,0.17507402175930262,0.9999840638808085,0.7330162854118524,0,0,177.86966629336538,103,0.8999999999999999,1.9033193346545496e-07,-8.166862802291112e-11,77.87392812457996,0.3893696406228998,3.720321006833596e-05
failed-only-recovery-13,0,joint,,checkpoint,False,True,0.274676052798537,0.9999997228399067,0.8072941469616959,0,0,184.6293674670529,104,0.5,2.8451237391707233e-07,2.888101424680656e-10,107.02572399715729,0.5351286199857864,1.2797869680100098e-06
failed-only-recovery-13,0,joint,,checkpoint,False,True,0.05562460322288646,0.9999983497787845,0.8933503259725478,0,3,191.92410775281763,105,0.2,1.6934032826157093e-06,-7.68584155474177e-09,148.24103422200042,0.7412051711100021,2.187432494323569e-08
failed-only-recovery-13,0,joint,,checkpoint,False,True,1.9063240658028335e-22,0.9999865311012524,0.5877705616770347,0,51,137.09921792021277,106,1.0,5.681865698609124e-08,5.838467154184457e-09,46.84343421675216,0.23421717108376078,0.0003807128038252702
failed-only-recovery-13,0,joint,,checkpoint,False,True,6.390308832690041e-06,0.9999853399121036,0.8473342589835292,0,13,181.60028526414277,107,0.2,2.3311486132610344e-06,-4.047612087046673e-09,139.03782082419656,0.6951891041209828,1.4597453643877902e-08
failed-only-recovery-13,0,joint,,checkpoint,False,True,0.6027775817357695,0.9999948922326886,0.9130697213641433,0,0,197.19411692428508,108,0.2,2.5527714717006655e-06,-1.072312830077962e-09,152.18491330031944,0.7609245665015972,1.4234430809656821e-08
failed-only-recovery-13,0,joint,,checkpoint,False,True,0.42582348050805474,0.9999973107615525,0.9049709839914684,0,0,194.33435967669755,109,0.2,6.176687210571329e-07,-4.7465519652431426e-09,150.56516582578442,0.752825829128922,6.719744813881569e-08
failed-only-recovery-13,0,joint,,checkpoint,False,True,0.11116066418489924,0.9999997022407475,0.8645575784844753,0,0,191.14001152874468,110,0.30000000000000004,7.04596623565861e-08,-4.731001610484675e-09,132.4319148058014,0.6621595740290069,1.5742173320064653e-06
failed-only-recovery-13,0,joint,,checkpoint,False,True,0.7622438259675662,0.9999980171926965,0.9534831970420512,0,0,199.16614069756372,111,0.1,4.022981985763917e-07,-1.5134470795109313e-09,173.36095596758136,0.8668047798379068,5.460184029349649e-08
failed-only-recovery-13,0,joint,,checkpoint,False,True,0.376225324245086,0.9999984625780935,0.8245335488295129,0,0,191.0076589141308,112,0.5,2.9345953956475467e-07,1.0499201508196165e-10,110.4736043707208,0.552368021853604,1.2574924033739599e-06
failed-only-recovery-13,0,joint,,checkpoint,False,True,1.0,1.0,1.0,0,0,200.0,113,0.0,0.000135149723917748,9.539720680074026e-12,200.0,1.0,8.135249446894983e-11
failed-only-recovery-13,0,joint,,checkpoint,False,True,0.5752803524997496,0.9999994839507074,0.909648899956818,0,0,195.86710847290493,114,0.2,2.332396219427769e-05,-1.8807808448348308e-09,151.50074901885435,0.7575037450942718,1.2440577270981133e-09
failed-only-recovery-13,0,joint,,checkpoint,False,True,0.07880864290778901,0.9999452104406263,0.7210792702013069,0,2,178.1406003299939,115,1.0,7.485931828922878e-07,-3.2983630271488096e-09,73.50517592160662,0.3675258796080331,9.766530419391822e-06
failed-only-recovery-13,0,joint,,checkpoint,False,True,0.013053338240457561,0.999999217558981,0.7148716506865285,0,8,172.68772258512982,116,0.8999999999999999,2.2342684862118078e-07,-7.619796194620463e-09,74.24500117951497,0.37122500589757484,2.875679622501569e-05
failed-only-recovery-13,0,joint,,checkpoint,False,True,2.564538905084185e-63,0.9999990471244586,0.831072678854837,0,18,179.00972921583306,117,0.2,1.1394827204805487e-07,-1.1237663863231375e-08,135.78550479845816,0.6789275239922908,3.9610450634894194e-07
failed-only-recovery-13,0,joint,,checkpoint,False,True,0.023399620881050888,0.9999950342211867,0.8326293256809878,0,3,188.35053335481996,118,0.4,1.007799062462173e-07,-3.2221296885363767e-09,118.23133629456802,0.5911566814728402,2.208416899344737e-06
failed-only-recovery-13,0,joint,,checkpoint,False,True,0.4904323503069998,0.9999948485691533,0.9134367832633491,0,0,197.37774104432265,119,0.2,2.1328431688143048e-07,-5.837920784487663e-10,152.2583256801606,0.761291628400803,2.1846052743094344e-07
failed-only-recovery-13,0,joint,,checkpoint,False,True,0.6372549695788962,0.9999959988516164,0.9151836984662418,0,0,198.00088994216998,120,0.2,4.377020408982031e-07,6.2274233111623e-11,152.6077087207391,0.7630385436036956,9.925699962097314e-08
failed-only-recovery-13,0,joint,,checkpoint,False,True,0.3213961174909428,0.9999795073101475,0.8285501913027855,0,0,192.92672301454718,121,0.5,2.2264157795597794e-07,-3.7109004757951425e-10,111.27693286537527,0.5563846643268764,1.7846099562563303e-06
failed-only-recovery-13,0,joint,,checkpoint,False,True,0.11621008288117837,0.9999908337990656,0.8305707463420836,0,0,186.69045092236902,122,0.4,8.439761210946047e-07,-2.5219283092876984e-08,117.81962042678722,0.5890981021339361,1.7197231541614494e-07
failed-only-recovery-13,0,joint,,checkpoint,False,True,5.725362299255832e-50,0.99996435773852,0.7143343850603279,0,11,174.6660667699778,123,0.8999999999999999,6.427422585272587e-07,-6.735617181190184e-10,74.13754805427503,0.37068774027137513,6.208787753092723e-06
failed-only-recovery-13,0,joint,,checkpoint,False,True,0.10794675476683625,0.9999776611551852,0.9367027104303725,0,0,194.48216350207,124,0.1,1.7525092233416167e-06,5.308489880266799e-09,170.00485864524552,0.8500242932262276,1.1440056717385336e-08
failed-only-recovery-13,0,joint,,checkpoint,False,True,0.025702309509390075,0.9999827792994065,0.7187152408065373,0,11,174.23289460574048,125,0.8999999999999999,4.2983608753250286e-07,-8.455172790204562e-10,75.01371920351689,0.3750685960175844,1.1195058915385412e-05
failed-only-recovery-13,0,joint,,checkpoint,False,True,0.4859281972157477,0.9999999469281498,0.9042404695983509,0,0,193.91573904795632,126,0.2,2.3270192908801196e-05,-9.719945486183404e-10,150.4190629471609,0.7520953147358046,1.2398046311919186e-09
failed-only-recovery-13,0,joint,,checkpoint,False,True,0.018872937631145677,0.9997627708087523,0.7194490589106592,0,5,178.59055603043876,127,1.0,6.75899991140347e-08,-3.620506783263977e-09,73.17913366347716,0.3658956683173858,0.0003591720108323092
failed-only-recovery-13,0,joint,,checkpoint,False,True,1.0,1.0,1.0,0,0,200.0,128,0.0,0.00018566878663269737,5.7174459611175624e-12,200.0,1.0,5.921710033711435e-11
failed-only-recovery-13,0,joint,,checkpoint,False,True,9.340361797410854e-09,0.9999999998474611,0.7386633575144355,0,11,174.71407210029082,129,0.7,1.3188865297624003e-06,1.1258553111501312e-09,84.5708488919272,0.422854244459636,6.286928568351303e-07
failed-only-recovery-13,0,joint,,checkpoint,False,True,2.9519280253614367e-47,0.9999828526241122,0.7729228387623753,0,15,179.03349088395265,130,0.5,1.0022884726676149e-06,-8.108694271591332e-10,100.15146235729327,0.5007573117864663,2.538794505106402e-07
failed-only-recovery-13,0,joint,,checkpoint,False,True,6.302385469646534e-10,0.9999847459126732,0.9315066599458376,0,5,194.42130609436362,131,0.1,5.25520293890721e-07,-6.172437179886349e-10,168.96564854833875,0.8448282427416938,4.0293660843068986e-08
failed-only-recovery-13,0,joint,,checkpoint,False,True,9.353108710149391e-31,0.9999938296187659,0.5735297461220371,0,71,125.99779461070182,132,0.4,1.2981802950096732e-06,6.7205602883575825e-09,66.4114203827779,0.33205710191388954,7.083241206516257e-08
failed-only-recovery-13,0,joint,,checkpoint,False,True,1.0,1.0,1.0,0,0,200.0,133,0.0,0.00023217251369809055,-1.4011275473180263e-12,200.0,1.0,4.7356024157949696e-11
failed-only-recovery-13,0,joint,,checkpoint,False,True,4.385235457098249e-23,0.9999988557455918,0.8550313125317808,0,13,184.34775516444435,134,0.2,1.333098631934344e-06,1.1518888739800719e-11,140.57723153384694,0.7028861576692347,2.7238475974531627e-08
failed-only-recovery-13,0,joint,,checkpoint,False,True,0.0012969957276083562,0.9999978151783834,0.6797299610301997,0,25,162.80673391799112,135,0.8999999999999999,3.3049218043404516e-07,4.321572427175364e-10,67.21666324824942,0.3360833162412471,1.5499275111263027e-05
failed-only-recovery-13,0,joint,,checkpoint,False,True,0.6151426080446706,0.9999812473692711,0.9154036641529194,0,0,198.12423273713424,136,0.2,6.731336349735257e-07,1.7715844636529726e-10,152.65170185807477,0.7632585092903739,6.183730040389778e-08
failed-only-recovery-13,0,joint,,checkpoint,False,True,7.520740005769613e-102,0.999993689563488,0.5890720828806617,0,50,138.25337311278986,137,1.0,3.8289594764606965e-09,2.2572388402863908e-11,47.103738457477604,0.23551869228738803,0.021810889855355425
failed-only-recovery-13,0,joint,,checkpoint,False,True,1.0,1.0,1.0,0,0,200.0,138,0.0,9.990275491108825e-06,-2.10177431014813e-13,200.0,1.0,1.1005469446046604e-09
failed-only-recovery-13,0,joint,,checkpoint,False,True,0.04853109554960808,0.9999968217856796,0.9028553034349148,0,1,194.399556735455,139,0.2,2.9982898549559144e-08,3.6414900828869195e-10,150.14202971447378,0.7507101485723688,1.8689878269707342e-06
failed-only-recovery-13,0,joint,,checkpoint,False,True,0.7889833093928966,0.9999996511145179,0.9538559678874355,0,0,199.30998554333829,140,0.1,3.1789814805510662e-06,-1.2360685437505947e-11,173.435510136658,0.8671775506832899,6.233760777597062e-09
failed-only-recovery-13,0,joint,,checkpoint,False,True,0.8563215738979825,0.9999625377660677,0.95491269371362,0,0,199.73336008460763,141,0.1,1.827161670478441e-06,5.0813461032107446e-11,173.64685530189504,0.8682342765094753,1.1162656740981926e-08
failed-only-recovery-13,0,joint,,checkpoint,False,True,1.0,1.0,1.0,0,0,200.0,142,0.0,8.094229575925158e-07,-7.80825959445508e-12,200.0,1.0,1.3583463459203972e-08
failed-only-recovery-13,0,joint,,checkpoint,False,True,0.06290878965412608,0.999986319755776,0.7908422503856153,0,1,180.41010204086726,143,0.5,2.109195310312449e-07,2.8446091593359313e-09,103.73534468194131,0.5186767234097066,1.8225363367691485e-06
failed-only-recovery-13,0,joint,,checkpoint,False,True,1.0,1.0,1.0,0,0,200.0,144,0.0,2.0262832333787695e-06,1.938787741462278e-11,200.0,1.0,5.426076170588081e-09
failed-only-recovery-13,0,joint,,checkpoint,False,True,3.226830007881376e-11,0.9999999133709637,0.5688070628036558,0,64,125.07656964236605,145,0.5,1.0312676792689039e-06,-1.7353181669399476e-09,59.32830716554941,0.29664153582774705,1.802947375239345e-07
failed-only-recovery-13,0,joint,,checkpoint,False,True,0.41820107270744916,0.99998605838542,0.8256914794536993,0,0,191.4558293082229,146,0.5,2.6722909721541927e-07,-2.0334950390221707e-10,110.70519049555813,0.5535259524777907,1.4156159629696149e-06
failed-only-recovery-13,0,joint,,checkpoint,False,True,0.0,0.9999200886337917,0.6297643559858436,14,37,150.01466415121973,147,1.0,3.4679157654463e-10,-6.065331570326293e-11,55.24219307851392,0.2762109653925696,0.8554632644061905
failed-only-recovery-13,0,joint,,checkpoint,False,True,1.0,1.0,1.0,0,0,200.0,148,0.0,1.2917779499489713e-05,3.6974969197522964e-11,200.0,1.0,8.51134451391822e-10
failed-only-recovery-13,0,joint,,checkpoint,False,True,1.0,1.0,1.0,0,0,200.0,149,0.0,2.250426439644677e-06,5.8014915094162236e-11,200.0,1.0,4.885637216933266e-09
failed-only-recovery-13,0,joint,,checkpoint,False,True,2.594862636701488e-116,0.9998902662601701,0.6807411102052155,0,15,166.94615495357405,150,1.0,1.5374610886352148e-07,-1.1274209343881125e-10,65.43754392238836,0.32718771961194176,9.906081057700353e-05
failed-only-recovery-13,0,joint,,checkpoint,False,True,0.0007223439104598608,0.9999954637647823,0.7249016558261823,0,12,173.28807702600474,151,0.7999999999999999,7.761715370417071e-08,1.188967093166407e-10,78.72646516524266,0.39363232582621327,6.187637867823517e-05
failed-only-recovery-13,0,joint,,checkpoint,False,True,0.019859910268077863,0.9999993069668661,0.7720640088329448,0,6,179.98600347784574,152,0.6,1.697483546362851e-08,-4.445751543370654e-10,95.12009563843193,0.47560047819215967,9.880026766211176e-05
failed-only-recovery-13,0,joint,,checkpoint,False,True,0.4202748330597142,0.9999863657182633,0.9092626885542393,0,0,195.83774095397666,153,0.2,3.500555463382791e-08,1.4731190446066494e-10,151.42350673833846,0.7571175336916923,1.5874059614935438e-06
failed-only-recovery-13,0,joint,,checkpoint,False,True,0.5884384163941172,0.9999954739289942,0.8829484305216241,0,0,196.64913362299998,154,0.30000000000000004,1.6787835395908757e-07,-1.388360872223094e-11,136.1100852132312,0.680550426066156,5.923710696407254e-07
failed-only-recovery-13,0,joint,,checkpoint,False,True,0.7213318418381135,0.9999983253920169,0.9529209593285537,0,0,198.9472994997735,155,0.1,5.718685568834511e-08,-6.96831082465187e-10,173.24850842488186,0.8662425421244093,4.23219411205684e-07
failed-only-recovery-13,0,joint,,checkpoint,False,True,1.518099094132219e-60,0.9999554307413969,0.5259392455444352,0,72,120.58131345713824,156,1.0,4.82597091751891e-07,8.694739372927529e-11,34.47717099023228,0.1723858549511614,1.3762097386927447e-05
failed-only-recovery-13,0,joint,,checkpoint,False,True,2.723468222739475e-06,0.9999949932626959,0.6272245160857144,0,45,142.91895961498824,157,0.7,8.552984392925141e-07,-4.0644508652735726e-10,62.28308060618287,0.31141540303091436,9.579352662809316e-07
failed-only-recovery-13,0,joint,,checkpoint,False,True,6.14840466038851e-23,0.9999745177721969,0.7268644779795522,0,17,167.12547050533934,158,0.6,1.5128854730613998e-06,5.178746451542162e-12,86.0801894677534,0.430400947338767,2.7136737634056123e-07
failed-only-recovery-13,0,joint,,checkpoint,False,True,0.003413387970885666,0.9999993527972036,0.6879495750149952,0,13,166.52882456606636,159,1.0,2.0685526128206875e-07,1.634316570964245e-10,66.87923688434435,0.33439618442172175,6.414795972330242e-05
failed-only-recovery-13,0,joint,,checkpoint,False,True,1.0,1.0,1.0,0,0,200.0,160,0.0,8.175348871883897e-05,2.80178880096571e-12,200.0,1.0,1.3448682545293113e-10
failed-only-recovery-13,0,joint,,checkpoint,False,True,5.511431660296881e-24,0.9999993973512492,0.7608579866844011,0,11,178.4500965447998,161,0.6,2.5977582075729933e-06,6.992462295721049e-12,92.87889120872327,0.4643944560436164,1.4066217208455955e-07
failed-only-recovery-13,0,joint,,checkpoint,False,True,0.21746230479974635,0.9999311736526727,0.8619137497793626,0,0,189.5024811307651,162,0.30000000000000004,4.6405271263912026e-07,5.714279825586099e-11,131.90314906477892,0.6595157453238946,1.7960309021583162e-07
failed-only-recovery-13,0,joint,,checkpoint,False,True,0.1113507781956913,0.9999946485386983,0.8372276427215837,0,0,189.13997267346232,163,0.4,7.76414673189777e-08,-1.0697552613333248e-10,119.15099970268724,0.5957549985134363,3.0367509542891326e-06
failed-only-recovery-13,0,joint,,checkpoint,False,True,0.251652087726785,0.999965171888952,0.8709415913109269,0,0,192.58127075044362,164,0.30000000000000004,6.286258022817868e-07,-9.475133790193203e-11,133.7087173710918,0.668543586855459,1.2800897088751222e-07
failed-only-recovery-13,0,joint,,checkpoint,False,True,1.0,1.0,1.0,0,0,200.0,165,0.0,5.323267051971797e-07,-1.4450467489268704e-11,200.0,1.0,2.0654171695981627e-08
failed-only-recovery-13,0,joint,,checkpoint,False,True,5.5100098523920934e-18,0.9999999977127402,0.7973247902796154,0,13,180.4818312694854,166,0.4,1.2301334631683931e-06,8.987206764746981e-11,111.17042921429353,0.5558521460714677,1.0504386356489227e-07
failed-only-recovery-13,0,joint,,checkpoint,False,True,2.534235638706728e-08,0.9999790279472422,0.8230798352324359,0,6,186.45522025991698,167,0.4,5.961321885785243e-08,-1.4013554679301643e-11,116.32143820485766,0.5816071910242883,4.099293121896053e-06
failed-only-recovery-14,0,joint,,checkpoint,False,True,1.0,1.0,1.0,0,0,200.0,0,0.0,2.5618780391246354e-06,1.8715529126467344e-13,200.0,1.0,4.129353095950126e-09
failed-only-recovery-14,0,joint,,checkpoint,False,True,0.6137541651275954,0.9999999999486574,0.9148867795882494,0,0,197.8904977189565,1,0.2,3.8696004834504914e-06,8.407905046922952e-12,152.54832494514056,0.7627416247257028,8.68437045095839e-09
failed-only-recovery-14,0,joint,,checkpoint,False,True,1.0,1.0,1.0,0,0,200.0,2,0.0,9.261968569037733e-06,3.5821345889530673e-14,200.0,1.0,1.1421868832151565e-09
failed-only-recovery-14,0,joint,,checkpoint,False,True,1.0,1.0,1.0,0,0,200.0,3,0.0,4.3553408241868666e-07,6.518341422179219e-14,200.0,1.0,2.428948603415208e-08
failed-only-recovery-14,0,joint,,checkpoint,False,True,0.07734706008734474,0.9999996314461763,0.7813899607568683,0,10,172.4833007352647,4,0.4,1.7608154634265148e-06,4.436880944460831e-12,107.98346330974422,0.5399173165487211,6.440858352286048e-08
failed-only-recovery-14,0,joint,,checkpoint,False,True,0.1408695755853701,0.9999838011333614,0.7591158285245898,0,0,184.073122834466,5,0.7999999999999999,1.9250753357362423e-07,3.6236031375508347e-13,85.5692997049242,0.42784649852462103,1.7479228284552787e-05
failed-only-recovery-14,0,joint,,checkpoint,False,True,0.7236063230576408,0.9999963473120619,0.9163376804684862,0,0,198.4606444069717,6,0.2,9.990878357213033e-08,4.1597400255159043e-14,152.838505121188,0.7641925256059401,4.856185160726401e-07
failed-only-recovery-14,0,joint,,checkpoint,False,True,0.0030143634728246075,0.9998446304143892,0.6785324483185728,0,20,165.64574118955318,7,1.0,1.6511351471791268e-08,1.1540768340978502e-13,64.99581154505987,0.32497905772529934,0.0026994620137286525
failed-only-recovery-14,0,joint,,checkpoint,False,True,0.5190789628855553,0.9999999606741843,0.9055293339264863,0,0,194.3604854081378,8,0.2,4.659345062560189e-05,2.766410129611333e-14,150.67683581278806,0.7533841790639403,5.566072923035896e-10
failed-only-recovery-14,0,joint,,checkpoint,False,True,1.0,1.0,1.0,0,0,200.0,9,0.0,5.940042736148887e-06,-4.031996958531181e-14,200.0,1.0,1.7809466164151806e-09
failed-only-recovery-14,0,joint,,checkpoint,False,True,1.454256730979627e-28,0.9999694712504945,0.6568402485951599,0,22,156.96016927358335,10,1.0,6.435695477206994e-08,-8.574807530692397e-13,60.65737160037716,0.3032868580018858,0.0003395838755662043
failed-only-recovery-14,0,joint,,checkpoint,False,True,0.0585644983297548,0.9999999201663217,0.9465223097536832,0,1,197.287959545025,11,0.1,1.730012725798991e-07,-4.95513704077315e-12,171.96877850990768,0.8598438925495384,1.265037079321765e-07
failed-only-recovery-14,0,joint,,checkpoint,False,True,0.015975478053910964,0.9999897891193625,0.6989357265971574,0,12,170.93194807289592,12,1.0,1.6255306847247344e-07,-1.684763439868675e-13,69.07646720077673,0.3453823360038837,9.001709950174077e-05
failed-only-recovery-14,0,joint,,checkpoint,False,True,0.4092469004559126,0.9999989571734381,0.9014182162251353,0,0,193.10019006327798,13,0.2,1.7946673358144117e-06,6.552270643583116e-14,149.85461227251778,0.7492730613625889,1.992267757540746e-08
failed-only-recovery-14,0,joint,,checkpoint,False,True,0.1344805443532315,0.9999957771519709,0.7751520773915337,0,0,184.85909841402835,14,0.7,2.2288676860315716e-07,3.4834574532124163e-13,91.86859286734679,0.45934296433673394,6.9984129564209734e-06
failed-only-recovery-14,0,joint,,checkpoint,False,True,0.029972004487826127,0.999549162131254,0.7288531978017221,0,3,182.1026289033072,15,1.0,3.269194143552815e-07,1.8485213360008856e-14,75.0599614416897,0.37529980720844847,3.291239813709144e-05
failed-only-recovery-14,0,joint,,checkpoint,False,True,2.1955333020040945e-05,0.9999757079050122,0.7214879054144709,0,20,170.29431328224356,16,0.7,2.935542527230716e-08,-3.3732799468725505e-13,81.13575847193428,0.4056787923596714,0.00010054863654783643
failed-only-recovery-14,0,joint,,checkpoint,False,True,0.0013958897301315923,0.9999920013048367,0.8120129697661084,0,7,182.38816916905395,17,0.4,1.0860843411689804e-07,8.12280324815851e-13,114.10806511159228,0.5705403255579614,1.8943457007471478e-06
failed-only-recovery-14,0,joint,,checkpoint,False,True,1.0,1.0,1.0,0,0,200.0,18,0.0,2.4044790885709624e-06,6.921241357815688e-14,200.0,1.0,4.399663553985492e-09
failed-only-recovery-14,0,joint,,checkpoint,False,True,3.245281778408133e-16,0.99999917715503,0.5832625726894708,0,61,126.78740589199793,19,0.4,5.90164756935175e-07,1.2910084930342185e-12,68.35798569626462,0.3417899284813231,1.7849609410467616e-07
failed-only-recovery-14,0,joint,,checkpoint,False,True,2.510844727674057e-88,0.9999999999064249,0.45499230285198705,0,97,98.57201769424553,20,0.6,1.351157877503188e-07,7.894242125353745e-13,31.70575444224028,0.1585287722112014,3.777396871609458e-06
failed-only-recovery-14,0,joint,,checkpoint,False,True,0.5455794178816938,0.999999955150973,0.9125379923808705,0,0,196.9809461201749,21,0.2,5.769506031701301e-07,2.867472105012341e-11,152.07856750366494,0.7603928375183248,7.027521621135888e-08
failed-only-recovery-14,0,joint,,checkpoint,False,True,1.0,1.0,1.0,0,0,200.0,22,0.0,1.5925988795783264e-06,2.7822633086316273e-13,200.0,1.0,6.642538273734631e-09
failed-only-recovery-14,0,joint,,checkpoint,False,True,1.836429022962573e-129,0.9999991477178609,0.5370096257578303,0,71,122.99339237309547,23,0.8999999999999999,5.765184083100327e-08,2.9797215098833964e-13,38.67259619377545,0.19336298096887725,0.00014818904267716805
failed-only-recovery-14,0,joint,,checkpoint,False,True,7.565975521305677e-08,0.9996413607462301,0.6518558132463209,0,28,156.8240498749127,24,1.0,3.1430189463828813e-09,1.0713097076120448e-12,59.66048453060952,0.2983024226530476,0.031225656450845504
failed-only-recovery-14,0,joint,,checkpoint,False,True,2.2218353586822314e-15,0.9999840106689387,0.6975527940938858,0,18,165.35570404555224,25,0.7999999999999999,4.348826436576877e-09,5.303370573808697e-13,73.25669281878326,0.3662834640939163,0.003238151818748527
failed-only-recovery-14,0,joint,,checkpoint,False,True,0.0,0.9999843416605978,0.4741728109627539,24,90,105.45155756917184,26,0.8999999999999999,1.834734185075101e-08,2.1848018242517843e-13,26.105233234760146,0.13052616617380072,0.000688285638395816
failed-only-recovery-14,0,joint,,checkpoint,False,True,0.0,0.999998599634111,0.6496041659071062,6,28,155.76364425553444,27,1.0,3.2622832861508933e-09,-8.100187187665142e-13,59.210155062766546,0.2960507753138327,0.02942705680207513
failed-only-recovery-14,0,joint,,checkpoint,False,True,0.8273617188669201,0.999999855957917,0.9541450127008939,0,0,199.4226162882209,28,0.1,4.795249453759278e-09,-1.4121655690137344e-12,173.49331909934983,0.8674665954967492,5.504105921130557e-06
failed-only-recovery-14,0,joint,,checkpoint,False,True,6.084267947131273e-26,0.9999661081889681,0.5725811137589497,0,63,128.92284933646687,29,0.6,6.8952140869621515e-09,-2.6278965905311763e-13,55.22351662363285,0.27611758311816426,0.00022742145355540973
failed-only-recovery-14,0,joint,,checkpoint,False,True,3.869217593946917e-09,0.9999999893809358,0.8879065060739418,0,13,184.664829072022,30,0.1,8.22485886193982e-07,3.1632687784046804e-10,160.2456177739593,0.8012280888697966,2.3089074464561956e-08
failed-only-recovery-14,0,joint,,checkpoint,False,True,3.0080504376813357e-06,0.9999998752189182,0.5922525377677862,0,60,130.0412471563948,31,0.5,4.099841909296551e-05,2.4234725337635155e-11,64.01740215837546,0.3200870107918773,1.8094009141734386e-09
failed-only-recovery-14,0,joint,,checkpoint,False,True,0.7774828296813736,0.9999999980940827,0.9527634125216556,0,0,198.87499368484248,32,0.1,0.00030159656298666727,-1.9981135258352766e-12,173.21699906350224,0.8660849953175113,5.02934614444877e-11
failed-only-recovery-14,0,joint,,checkpoint,False,True,1.0,1.0,1.0,0,0,200.0,33,0.0,1.7371748278519856e-05,-9.951151014320204e-14,200.0,1.0,6.089714657785304e-10
failed-only-recovery-14,0,joint,,checkpoint,False,True,1.3297862787471876e-255,0.9999956006367612,0.8303863693460847,0,16,178.27185570790775,34,0.2,2.815562524692383e-08,9.844038651702663e-11,135.64824289670776,0.6782412144835388,1.7724020697923233e-06
failed-only-recovery-14,0,joint,,checkpoint,False,True,0.13895815133207914,0.9999742720488752,0.7322979952534939,0,0,182.8253928000178,35,1.0,7.616007292236625e-09,9.9253938401489e-14,75.74892093204394,0.3787446046602197,0.00929988013870027
failed-only-recovery-14,0,joint,,checkpoint,False,True,0.009997569632157758,0.9999970654311586,0.6992774573761926,0,11,171.28267238010824,36,1.0,5.055329807464319e-09,-9.602874051495291e-13,69.14481335658371,0.34572406678291856,0.016421235137824043
failed-only-recovery-14,0,joint,,checkpoint,False,True,0.5511142126481082,0.999803772921829,0.8560245647731202,0,0,195.5312697782795,37,0.4,1.1594008746070169e-08,-6.564337144607686e-13,122.9103841129944,0.614551920564972,2.9264318340326982e-05
failed-only-recovery-14,0,joint,,checkpoint,False,True,0.03911666799870669,0.9999888764402065,0.7276529224037981,0,4,176.95435812337755,38,0.8999999999999999,2.2246225286988618e-08,5.667016340988588e-13,76.80125552296907,0.38400627761484535,0.0007987589353736005
failed-only-recovery-14,0,joint,,checkpoint,False,True,0.5632836350830824,0.9999999971564736,0.9094526168660217,0,0,195.81765327842874,39,0.2,4.97082294763332e-08,2.373852306478054e-13,151.4614924006951,0.7573074620034755,1.0387539384487056e-06
failed-only-recovery-14,0,joint,,checkpoint,False,True,1.0,1.0,1.0,0,0,200.0,40,0.0,4.035045869802817e-06,-2.929567699538893e-13,200.0,1.0,2.6217543377822637e-09
failed-only-recovery-14,0,joint,,checkpoint,False,True,1.0,1.0,1.0,0,0,200.0,41,0.0,4.9025019141481325e-06,-2.083924144358207e-12,200.0,1.0,2.1578571916058338e-09
failed-only-recovery-14,0,joint,,checkpoint,False,True,0.30186699291453406,0.9999963398518977,0.848748807003286,0,0,192.66770738099615,42,0.4,2.3541779102426486e-06,2.5102766613862804e-11,121.45523255902756,0.6072761627951379,4.9374711814955996e-08
failed-only-recovery-14,0,joint,,checkpoint,False,True,0.1608913757466621,0.9999985105133381,0.9017514052678473,0,0,193.54198204349447,43,0.2,6.022738896496994e-07,5.5018481556487744e-11,149.9212500810604,0.749606250405302,6.623951121653229e-08
failed-only-recovery-14,0,joint,,checkpoint,False,True,0.01635214268809663,0.9999452383937529,0.708111941809805,0,12,170.57317104347578,44,0.8999999999999999,3.37486310340037e-07,-1.0258911558743525e-10,72.89305940417047,0.36446529702085234,1.5071053676547968e-05
failed-only-recovery-14,0,joint,,checkpoint,False,True,1.0,1.0,1.0,0,0,200.0,45,0.0,2.613834680708155e-07,-8.985867605559861e-13,200.0,1.0,4.0472716543189414e-08
failed-only-recovery-14,0,joint,,checkpoint,False,True,0.29470902445593067,0.9999883639827197,0.8453242052827283,0,0,191.37447417692144,46,0.4,1.609091232309676e-07,-1.0124499896942728e-10,120.77031221491609,0.6038515610745805,1.2304360194771546e-06
failed-only-recovery-14,0,joint,,checkpoint,False,True,4.883390456721861e-07,0.9999974307993588,0.7416562767028401,0,11,171.2821478605265,47,0.6,4.809434024864607e-08,4.652561682348101e-11,89.03854921241086,0.4451927460620543,2.358234599948766e-05
failed-only-recovery-14,0,joint,,checkpoint,False,True,0.5320862130321529,0.9999890315672075,0.909165139727931,0,0,195.7497276943513,48,0.2,1.3077741895914184e-05,1.1940357155524044e-11,151.40399697307697,0.7570199848653849,2.260791270959924e-09
failed-only-recovery-14,0,joint,,checkpoint,False,True,0.5550720722815948,0.9999999409924728,0.9111905015841429,0,0,196.51668887756003,49,0.2,1.3243953910742515e-05,1.5372112035791632e-11,151.80906934431928,0.7590453467215964,2.2345675496246272e-09
failed-only-recovery-14,0,joint,,checkpoint,False,True,2.3495427244980825e-08,0.999886703404072,0.6690989642137015,0,31,157.43094678272487,50,0.7999999999999999,1.2902606325834527e-05,1.610234928900223e-09,67.56592684274644,0.3378296342137322,4.275461119579672e-08
failed-only-recovery-14,0,joint,,checkpoint,False,True,0.6103816470081695,0.9999980513622785,0.9098408782097377,0,0,195.90455766852176,51,0.2,0.00011778090921022935,6.349079714482445e-12,151.53914466943846,0.7576957233471923,2.016446867723234e-10
failed-only-recovery-14,0,joint,,checkpoint,False,True,4.923132281911978e-09,0.9999869958305599,0.6851137467839351,0,12,165.1284970313932,52,1.0,5.858637476666307e-07,-1.9931833961095435e-11,66.31207123813226,0.3315603561906613,1.2895799625094272e-05
failed-only-recovery-14,0,joint,,checkpoint,False,True,0.0004480701815221734,0.9999445972577027,0.6700154033401456,0,23,161.0067058146286,53,1.0,5.233006610194666e-07,-7.167627602555626e-11,63.29240254937446,0.3164620127468723,1.4939580227752503e-05
failed-only-recovery-14,0,joint,,checkpoint,False,True,5.154275042e-314,0.9999632226592291,0.5253270896955445,0,70,118.9850932649073,54,1.0,1.81329804567579e-08,1.8272883206549295e-11,34.35473982045417,0.17177369910227086,0.0018159610922976273
failed-only-recovery-14,0,joint,,checkpoint,False,True,0.4954115909295789,0.9999996618179539,0.9036220270801104,0,0,193.70533728819183,55,0.2,9.999760455063754e-06,-9.224925187537113e-13,150.29537444351277,0.7514768722175639,3.018575085838617e-09
failed-only-recovery-14,0,joint,,checkpoint,False,True,0.47314621750158564,0.999999997794018,0.9022465332830578,0,0,193.2509111239608,56,0.2,4.332685832655298e-06,-1.790437123830043e-12,150.0202756841023,0.7501013784205115,7.563033665849073e-09
failed-only-recovery-14,0,joint,,checkpoint,False,True,1.0,1.0,1.0,0,0,200.0,57,0.0,0.0001708923874775163,2.3127055825966636e-14,200.0,1.0,6.190386341052063e-11
failed-only-recovery-14,0,joint,,checkpoint,False,True,0.6333780171632639,0.9999997998678849,0.9125454525473233,0,0,196.93848118393294,58,0.2,2.5995251537605243e-05,-1.308663259899559e-10,152.08005953695553,0.7604002976847777,1.065797774856523e-09
failed-only-recovery-14,0,joint,,checkpoint,False,True,0.0,0.9999749227225627,0.5643200290261959,14,61,129.41355969431734,59,0.8999999999999999,4.072318537572698e-09,1.47173072557031e-09,44.13467684744859,0.22067338423724295,0.0072655428982830875
failed-only-recovery-14,0,joint,,checkpoint,False,True,2.2703992004951032e-13,0.9999945463188614,0.6674194958774031,0,21,158.43721626280524,60,0.8999999999999999,1.5847041702817416e-07,-2.4714769237225913e-09,64.75457021768999,0.32377285108844994,4.250961081658646e-05
failed-only-recovery-14,0,joint,,checkpoint,False,True,1.0,1.0,1.0,0,0,200.0,61,0.0,4.771106940979001e-05,-3.959294003763603e-13,200.0,1.0,2.217283985283118e-10
failed-only-recovery-14,0,joint,,checkpoint,False,True,0.575419645805207,0.9999978793772518,0.9527431307706087,0,0,198.92596802878083,62,0.1,1.0103141224924684e-06,-5.581191793902808e-10,173.21294271329285,0.8660647135664642,1.996276729936261e-08
failed-only-recovery-14,0,joint,,checkpoint,False,True,0.08485454697686035,0.9999992723279659,0.8630603389410257,0,1,190.17269532243,63,0.30000000000000004,1.1895348825019744e-07,9.834359103333478e-11,132.1324668971114,0.6606623344855571,8.279693181600642e-07
failed-only-recovery-14,0,joint,,checkpoint,False,True,0.6572335995988627,0.9999999425211751,0.9158725927435293,0,0,198.29511830132728,64,0.2,2.181399169642146e-07,-5.1191198383307166e-11,152.74548757619664,0.7637274378809832,2.0560332594613372e-07
failed-only-recovery-14,0,joint,,checkpoint,False,True,1.0,1.0,1.0,0,0,200.0,65,0.0,4.212655918347833e-07,-4.191813562925972e-14,200.0,1.0,2.5112183898595802e-08
failed-only-recovery-14,0,joint,,checkpoint,False,True,0.27813603377060875,0.9999995902792256,0.8251671056926813,0,0,184.1224322761261,66,0.4,1.9774594117750653e-05,-9.77080541948858e-10,116.73889229690673,0.5836944614845336,3.7337509535159376e-09
failed-only-recovery-14,0,joint,,checkpoint,False,True,5.557279429119699e-77,0.9999766802527448,0.5360252003696034,0,72,121.9476715448555,67,0.7999999999999999,1.938344539239813e-06,9.353469500648085e-10,40.95117407392692,0.2047558703696346,4.866568848157039e-07
failed-only-recovery-14,0,joint,,checkpoint,False,True,1.056765356916625e-34,0.9999995715791172,0.7033822491361402,0,36,157.6450207511612,68,0.4,1.3527538008315681e-06,-2.4894331184536963e-09,92.3819209855985,0.4619096049279925,7.95538902729204e-08
failed-only-recovery-14,0,joint,,checkpoint,False,True,1.0,1.0,1.0,0,0,200.0,69,0.0,0.0003170853754445415,-4.099121042600018e-13,200.0,1.0,3.336293576288321e-11
failed-only-recovery-14,0,joint,,checkpoint,False,True,0.4650579082738967,0.9999988525684493,0.9120931974006956,0,0,196.8839525719478,70,0.2,9.015657860191479e-07,2.0732198469903568e-10,151.98960850762978,0.759948042538149,4.298785575110966e-08
failed-only-recovery-14,0,joint,,checkpoint,False,True,0.8817191623905057,0.9999205971405263,0.9549364053076438,0,0,199.74208701171526,71,0.1,7.931456224215352e-07,5.0453429583009316e-11,173.6515976206998,0.868257988103499,2.5797524600610702e-08
failed-only-recovery-14,0,joint,,checkpoint,False,True,0.5283588567366871,0.999999984757682,0.9064922784258291,0,0,194.69943668268888,72,0.2,0.00010672015695160141,2.1856563900144168e-11,150.86942471265658,0.7543471235632829,2.239219867752288e-10
failed-only-recovery-14,0,joint,,checkpoint,False,True,0.08340673143967217,0.9999921516190022,0.8375952376432296,0,2,189.58193370095566,73,0.4,9.905159705641906e-07,-1.0336025411035586e-08,119.2245186870164,0.596122593435082,1.3769968728710486e-07
failed-only-recovery-14,0,joint,,checkpoint,False,True,0.06684657299406821,0.9999996864055803,0.7830196319062921,0,3,182.84892369015574,74,0.6,3.625254284499668e-07,-3.9258524196185996e-10,97.31122025310123,0.48655610126550614,1.8019350272339107e-06
failed-only-recovery-14,0,joint,,checkpoint,False,True,0.35593246006249923,0.9999999653032173,0.8754125224210481,0,0,193.96832936776477,75,0.30000000000000004,2.060657805929786e-07,-2.1843003148462436e-08,134.6029035931159,0.6730145179655795,4.4643973096371247e-07
failed-only-recovery-14,0,joint,,checkpoint,False,True,1.6436545935843776e-46,0.999999999905479,0.7233130793275646,0,20,166.89255102970316,76,0.6,1.9358370773843195e-06,2.165363666282041e-09,85.36990973735578,0.42684954868677893,1.885833589702852e-07
failed-only-recovery-14,0,joint,,checkpoint,False,True,0.4333120844049218,0.9999999557059315,0.8664118973594844,0,0,190.35767389951053,77,0.30000000000000004,0.00032730269465757876,2.0374502861120258e-10,132.8027785808033,0.6640138929040166,9.208507214557982e-11
failed-only-recovery-14,0,joint,,checkpoint,False,True,6.143768155311726e-07,0.9996357457179162,0.6285136874373326,0,34,149.1183647124857,78,1.0,2.8802359770596083e-08,2.2308027092243776e-09,54.99205936881175,0.27496029684405876,0.001085308405290813
failed-only-recovery-14,0,joint,,checkpoint,False,True,0.015185724596746558,0.9999753948101849,0.7547266442317622,0,11,179.60011925079132,79,0.7,1.1301827349266789e-06,-1.702810635611644e-08,87.78350623539254,0.4389175311769627,7.613168086400458e-07
failed-only-recovery-14,0,joint,,checkpoint,False,True,0.7506514881801657,0.9999994157090881,0.9538204015993932,0,0,199.29780504347687,80,0.1,2.1813595978227327e-06,-1.0417349934522581e-09,173.42839687904976,0.8671419843952488,8.906911603962963e-09
failed-only-recovery-14,0,joint,,checkpoint,False,True,0.039239837169399494,0.9999434699398403,0.6986514906336236,0,12,170.51176449246017,81,1.0,1.2871379871475182e-06,1.1595705617928331e-08,69.01962000806995,0.34509810004034974,4.038345397117298e-06
failed-only-recovery-14,0,joint,,checkpoint,False,True,0.11025120720080853,0.9999998921086714,0.8170868910706273,0,0,188.5135728315242,82,0.5,9.306354309166286e-07,2.1567302999070392e-08,108.98427281894362,0.5449213640947181,2.8332214925519534e-07
failed-only-recovery-14,0,joint,,checkpoint,False,True,1.4885434789474892e-128,0.9999879374851189,0.5987256411882708,0,49,138.96316950853068,83,0.8999999999999999,1.4199207584496986e-08,-2.2624006202958832e-07,51.01579927986364,0.2550789963993182,0.0012602538478546628
failed-only-recovery-14,0,joint,,checkpoint,False,True,5.594596638347147e-26,0.9999490185598452,0.7935210635970199,0,9,182.58383862513165,84,0.5,2.7112856309431844e-07,-3.524315239644693e-08,104.27110732422219,0.5213555366211109,1.2855119912603944e-06
failed-only-recovery-14,0,joint,,checkpoint,False,True,0.0005642172497125118,0.9999992343176405,0.7985174159037706,0,8,184.68928046662566,85,0.5,1.7474067492783103e-06,1.7963963649947345e-08,105.27037778557249,0.5263518889278624,1.2597334021058298e-07
failed-only-recovery-14,0,joint,,checkpoint,False,True,0.22339968229673926,0.9999562773818516,0.7737361577938241,0,0,183.7956920866001,86,0.7,1.120343982959833e-06,6.831949583327612e-10,91.58540894780492,0.4579270447390246,7.897596844454878e-07
failed-only-recovery-14,0,joint,,checkpoint,False,True,1.0,1.0,1.0,0,0,200.0,87,0.0,7.817619560142422e-05,1.954758577227267e-13,200.0,1.0,1.3532123085448825e-10
failed-only-recovery-14,0,joint,,checkpoint,False,True,0.4831821035445649,0.9999827120705607,0.9101627781703993,0,0,196.21020123210437,88,0.2,1.2875717688266373e-06,3.1226169863848585e-08,151.6035246615707,0.7580176233078535,2.8985060475764113e-08
failed-only-recovery-14,0,joint,,checkpoint,False,True,2.860973443062289e-150,0.9999996018941314,0.732403647778952,0,14,173.77184265193102,89,0.7,2.988378074066702e-07,4.18681285413865e-09,83.3189069448305,0.41659453472415253,4.450808990864989e-06
failed-only-recovery-14,0,joint,,checkpoint,False,True,0.588529126240782,0.9999928367083594,0.9146774949475598,0,0,197.8678606016087,90,0.2,8.858126496171079e-07,5.788205601050819e-09,152.50646801700273,0.7625323400850137,4.3953722160737666e-08
failed-only-recovery-14,0,joint,,checkpoint,False,True,0.0041758392089114695,0.999999620442398,0.7717178217511005,0,7,180.75195411110792,91,0.6,1.986655103590068e-06,1.3954534694568956e-08,95.050858222063,0.475254291110315,1.9453860746215954e-07
failed-only-recovery-14,0,joint,,checkpoint,False,True,0.4775631487066069,0.999998862742848,0.8704514835683181,0,0,191.7832476998871,92,0.30000000000000004,2.5990267227062147e-05,7.738280094331535e-10,133.61069582256997,0.6680534791128498,1.7036055906000632e-09
failed-only-recovery-14,0,joint,,checkpoint,False,True,1.0,1.0,1.0,0,0,200.0,93,0.0,1.6447203766303916e-05,-6.725103807170286e-13,200.0,1.0,6.432034990640404e-10
failed-only-recovery-14,0,joint,,checkpoint,False,True,3.04902460614581e-11,0.9999908675809215,0.7041298582394462,0,11,173.98461356872667,94,1.0,3.1489302090811237e-07,5.597025620751594e-10,70.1152935292344,0.350576467646172,3.363479155384739e-05
failed-only-recovery-14,0,joint,,checkpoint,False,True,0.14997636471175207,0.9999590463943036,0.7669806345643155,0,0,181.69470250788189,95,0.7,8.867837156248939e-07,1.5373274777578955e-08,90.23430430190322,0.4511715215095161,1.073388479370065e-06
failed-only-recovery-14,0,joint,,checkpoint,False,True,0.46725094931860506,0.9999997936038331,0.8538372068320844,0,0,194.64376705582833,96,0.4,2.9831058789732853e-07,-3.315084471296323e-09,122.47291252478726,0.6123645626239363,5.925229923530228e-07
failed-only-recovery-14,0,joint,,checkpoint,False,True,0.2649947493257593,0.9999525957750953,0.9117231342604132,0,0,196.8778182386885,97,0.2,9.090507239552837e-07,1.0689373470898574e-09,151.91559587957323,0.7595779793978662,4.258138435839277e-08
failed-only-recovery-14,0,joint,,checkpoint,False,True,0.004654456308408435,0.9999999118368614,0.8094565830551836,0,9,181.9240289111483,98,0.4,6.747897384706626e-07,8.025090267164382e-11,113.59678776940711,0.5679839388470356,2.109229948397584e-07
failed-only-recovery-14,0,joint,,checkpoint,False,True,0.7578058467969466,0.999999758586225,0.9175167404474043,0,0,198.95389321166175,99,0.2,1.0314327473752448e-06,-7.054724292825637e-11,153.07431711697177,0.7653715855848588,3.729346359514729e-08
failed-only-recovery-14,0,joint,,checkpoint,False,True,1.0,1.0,1.0,0,0,200.0,100,0.0,1.5036474772296906e-05,2.4346913374273526e-13,200.0,1.0,7.035491478226261e-10
failed-only-recovery-14,0,joint,,checkpoint,False,True,1.0762454958536702e-31,0.9999958647554648,0.6130456924886178,0,44,143.85356913034852,101,0.8999999999999999,2.9165104814118806e-09,-5.043442447520624e-10,53.879809539932964,0.26939904769966483,0.012807189675626137
failed-only-recovery-14,0,joint,,checkpoint,False,True,1.0,1.0,1.0,0,0,200.0,102,0.0,8.339676830876546e-07,-6.969269605860972e-13,200.0,1.0,1.2685022725507676e-08
failed-only-recovery-14,0,joint,,checkpoint,False,True,0.17403711397227312,0.999985455728167,0.7329122951733191,0,0,177.83122207742508,103,0.8999999999999999,1.8991895629135228e-07,-6.586371508895231e-11,77.85313007687334,0.3892656503843667,3.5903855075969034e-05
failed-only-recovery-14,0,joint,,checkpoint,False,True,0.27077111260440967,0.9999993762455426,0.806625469729347,0,0,184.40371748573963,104,0.5,2.867929548633308e-07,1.6701207083968939e-10,106.89198855068776,0.5344599427534388,1.2181425012235914e-06
failed-only-recovery-14,0,joint,,checkpoint,False,True,0.05255132349395375,0.9999981898139579,0.8926860953507352,0,4,191.74431817807167,105,0.2,1.7667107698247043e-06,-5.788105086771125e-09,148.1081880976377,0.7405409404881885,2.0073379650803467e-08
failed-only-recovery-14,0,joint,,checkpoint,False,True,1.059041346181964e-21,0.9999945994306002,0.5886103914248394,0,52,137.36946561576048,106,1.0,5.928653071502407e-08,3.1146979995178015e-09,47.01140016631305,0.23505700083156525,0.00034417110143394625
failed-only-recovery-14,0,joint,,checkpoint,False,True,1.872157908877906e-05,0.9999997318151217,0.8502651200047515,0,13,182.3462341750324,107,0.2,2.202906295608982e-06,-1.0782223816444272e-08,139.6239930284411,0.6981199651422055,1.4999005612417155e-08
failed-only-recovery-14,0,joint,,checkpoint,False,True,0.6010626237848996,0.9999994001631728,0.9130013050143395,0,0,197.16858445612746,108,0.2,2.5910466755766353e-06,-8.41703548407338e-10,152.17123003035866,0.7608561501517933,1.3472629558903624e-08
failed-only-recovery-14,0,joint,,checkpoint,False,True,0.4253903688325056,0.9999980957415946,0.9047959491304977,0,0,194.27500746162912,109,0.2,6.448124935768864e-07,-2.624867470482897e-09,150.53015885359028,0.7526507942679515,6.165631860156649e-08
failed-only-recovery-14,0,joint,,checkpoint,False,True,0.12435056608328991,0.9999666762609868,0.865148872473004,0,0,191.28207033788078,110,0.30000000000000004,7.380560182776853e-08,-4.555095209927806e-09,132.5501736035071,0.6627508680175355,1.436960945047526e-06
failed-only-recovery-14,0,joint,,checkpoint,False,True,0.7693276438578216,0.9999952982000966,0.9536002070151113,0,0,199.21085307185945,111,0.1,3.8918104934033756e-07,-8.930402424956786e-10,173.3843579621933,0.8669217898109665,5.4404049962672513e-08
failed-only-recovery-14,0,joint,,checkpoint,False,True,0.37274555633545525,0.9999995261754883,0.8242781562630399,0,0,190.91761786128907,112,0.5,2.876154001088956e-07,-4.618522231325528e-11,110.4225258574262,0.552112629287131,1.2403532358395285e-06
failed-only-recovery-14,0,joint,,checkpoint,False,True,1.0,1.0,1.0,0,0,200.0,113,0.0,0.00011569367499937237,-1.4311551943535505e-13,200.0,1.0,9.143887090079319e-11
failed-only-recovery-14,0,joint,,checkpoint,False,True,0.56610078832354,0.9999997560035552,0.9087634299841645,0,0,195.53758858765403,114,0.2,3.355726609662704e-05,7.967800503908081e-10,151.32365502432359,0.756618275121618,8.014738253827919e-10
failed-only-recovery-14,0,joint,,checkpoint,False,True,0.0016627443265518833,0.9999999164450621,0.6982898703566215,0,9,170.58926814678935,115,1.0,7.729370413683103e-07,6.338061742106049e-10,68.94729595266955,0.34473647976334776,8.673614065266265e-06
failed-only-recovery-14,0,joint,,checkpoint,False,True,0.004190045566858357,0.9999997010240895,0.6916329668395947,0,17,165.11058551587232,116,0.8999999999999999,1.563037672658937e-07,4.3033599899695925e-09,69.59726441012837,0.3479863220506419,4.494000549870771e-05
failed-only-recovery-14,0,joint,,checkpoint,False,True,4.655861461561643e-48,0.9999961434918427,0.8292500028854267,0,19,178.49786928781737,117,0.2,1.2913903474539261e-07,-5.617818135564548e-09,135.4209696045763,0.6771048480228815,3.3137971698905964e-07
failed-only-recovery-14,0,joint,,checkpoint,False,True,0.015643879654308197,0.9999856639264707,0.8283071108133823,0,4,187.1285807536695,118,0.4,9.4341310048573e-08,2.9464072704695003e-09,117.3668933210468,0.586834466605234,2.2881349764600295e-06
failed-only-recovery-14,0,joint,,checkpoint,False,True,0.46900580209168946,0.9999857681447614,0.9129806251939216,0,0,197.21662260562837,119,0.2,2.060278340008677e-07,3.833426549607141e-10,152.167094066275,0.7608354703313751,2.1824625760751669e-07
failed-only-recovery-14,0,joint,,checkpoint,False,True,0.6335904966684784,0.999999967488692,0.9151999035798483,0,0,198.00796724951988,120,0.2,4.356898281574096e-07,-2.1458704138879467e-11,152.61094974346034,0.7630547487173017,9.598967767470872e-08
failed-only-recovery-14,0,joint,,checkpoint,False,True,0.3236143877463885,0.9999916089771386,0.8285003970295858,0,0,192.88459428180278,121,0.5,2.1964603261754117e-07,-8.450229405099208e-11,111.26697401073548,0.5563348700536774,1.7463258398884263e-06
failed-only-recovery-14,0,joint,,checkpoint,False,True,0.12395793631248155,0.9999998347337854,0.8084535555337756,0,0,179.56891505181235,122,0.4,1.8831378321512647e-06,-6.203542582879215e-09,113.39618226512562,0.5669809113256281,6.147932330123951e-08
failed-only-recovery-14,0,joint,,checkpoint,False,True,4.426887663187384e-53,0.9999994561935676,0.7143128127571569,0,11,174.78873644318153,123,0.8999999999999999,6.169891667195242e-07,5.686541120804373e-10,74.13323359364081,0.37066616796820406,6.338684570872814e-06
failed-only-recovery-14,0,joint,,checkpoint,False,True,0.09781502497111537,0.9999916120491524,0.935765388248946,0,1,194.26154258764703,124,0.1,1.8011858621374751e-06,3.504195319285942e-09,169.81739420896028,0.8490869710448014,1.0684511842568641e-08
failed-only-recovery-14,0,joint,,checkpoint,False,True,0.020780531974372046,0.9999987532585668,0.7180737763239157,0,12,174.14747344381573,125,0.8999999999999999,4.22264444283264e-07,1.7487738917561298e-09,74.88542630699256,0.37442713153496276,1.1042938476718521e-05
failed-only-recovery-14,0,joint,,checkpoint,False,True,0.4863017804569816,0.9999999420330468,0.9042319724516443,0,0,193.9122543106681,126,0.2,2.379413470125599e-05,-7.815447815503943e-10,150.41736351781972,0.7520868175890986,1.1640367243515024e-09
failed-only-recovery-14,0,joint,,checkpoint,False,True,0.01616398275156247,0.999890914126635,0.7175436534827844,0,5,177.88203948844284,127,1.0,6.628155049679742e-08,-2.6973052680290266e-09,72.7980525779021,0.3639902628895105,0.0003549276810963775
failed-only-recovery-14,0,joint,,checkpoint,False,True,1.0,1.0,1.0,0,0,200.0,128,0.0,0.0001988395808018624,-1.6133039348886768e-13,200.0,1.0,5.32031850481896e-11
failed-only-recovery-14,0,joint,,checkpoint,False,True,2.6761290615728863e-09,0.9999996114974508,0.7373532188086496,0,12,174.27016406582052,129,0.7,1.3144693263574066e-06,1.1644381231886155e-10,84.30882115076997,0.4215441057538499,6.065811406325928e-07
failed-only-recovery-14,0,joint,,checkpoint,False,True,4.437296024321894e-49,0.9999820733144986,0.7731322291848645,0,15,179.16028057303367,130,0.5,1.0377188468762448e-06,-2.7978241945447735e-10,100.19334044179112,0.5009667022089556,2.339596218082707e-07
failed-only-recovery-14,0,joint,,checkpoint,False,True,2.0042914651341191e-10,0.9999993894328131,0.931214998802053,0,5,194.36116606540327,131,0.1,5.36478328843306e-07,-3.0504980837573375e-10,168.90731631958175,0.8445365815979088,3.7926636831085384e-08
failed-only-recovery-14,0,joint,,checkpoint,False,True,1.1257517307219022e-31,0.9999417627825303,0.5718324736861011,0,72,125.60246341423128,132,0.4,1.2917383091176088e-06,1.952886921145627e-09,66.07196589559072,0.3303598294779536,6.835840180654937e-08
failed-only-recovery-14,0,joint,,checkpoint,False,True,1.0,1.0,1.0,0,0,200.0,133,0.0,0.00024912082987460705,3.471611886851633e-14,200.0,1.0,4.2464931646344996e-11
failed-only-recovery-14,0,joint,,checkpoint,False,True,2.153179155812738e-27,0.9999993970706521,0.8546338470241533,0,13,184.3338860236007,134,0.2,1.20010045770797e-06,3.443813857113314e-11,140.4977384323214,0.702488692161607,2.9406575862865002e-08
failed-only-recovery-14,0,joint,,checkpoint,False,True,0.0013967358034219241,0.9999969711304895,0.6790918585276583,0,26,162.64067890383242,135,0.8999999999999999,3.4065846029878527e-07,8.819999114798757e-11,67.08904274774115,0.3354452137387057,1.4258664341444922e-05
failed-only-recovery-14,0,joint,,checkpoint,False,True,0.5983666915482192,0.9999996615713876,0.91543945787775,0,0,198.14201082884108,136,0.2,6.646429930189448e-07,-6.80768301650117e-11,152.65886060304075,0.7632943030152037,6.033732950411553e-08
failed-only-recovery-14,0,joint,,checkpoint,False,True,1.9222831346077875e-107,0.9999999627088976,0.5864500350789412,0,52,137.46095210774394,137,1.0,3.743818362174912e-09,-7.939221502439864e-11,46.579328897133536,0.2328966444856677,0.021609235093910606
failed-only-recovery-14,0,joint,,checkpoint,False,True,1.0,1.0,1.0,0,0,200.0,138,0.0,1.0324357795909943e-05,-3.110067758882451e-14,200.0,1.0,1.0246544357942323e-09
failed-only-recovery-14,0,joint,,checkpoint,False,True,0.04030188217601024,0.999996249103111,0.9019761654796062,0,1,194.21944041714815,139,0.2,2.8608960651408305e-08,2.5771808865566487e-10,149.966202123412,0.7498310106170599,1.8916749098806375e-06
failed-only-recovery-14,0,joint,,checkpoint,False,True,0.7797264863978971,0.9999996970710726,0.9537387025385141,0,0,199.264382871461,140,0.1,3.383703151258429e-06,4.299060755599367e-11,173.41205706687393,0.8670602853343696,5.61683544963506e-09
failed-only-recovery-14,0,joint,,checkpoint,False,True,0.8657965682190657,0.9999999962062011,0.9549271413703758,0,0,199.73906043242334,141,0.1,1.8106499719311401e-06,-1.5500830242477945e-12,173.64974483324616,0.8682487241662308,1.0843467269961409e-08
failed-only-recovery-14,0,joint,,checkpoint,False,True,1.0,1.0,1.0,0,0,200.0,142,0.0,7.391224924511114e-07,-1.0161205210579283e-13,200.0,1.0,1.4312781873575102e-08
failed-only-recovery-14,0,joint,,checkpoint,False,True,0.06923615450193704,0.999999985494562,0.7962034987976029,0,1,182.1123150122893,143,0.5,2.037410011140949e-07,-8.261099027073726e-10,104.80759436433891,0.5240379718216945,1.843583447654623e-06
failed-only-recovery-14,0,joint,,checkpoint,False,True,1.0,1.0,1.0,0,0,200.0,144,0.0,1.9706595251288465e-06,4.581890422628021e-14,200.0,1.0,5.3682023086226395e-09
failed-only-recovery-14,0,joint,,checkpoint,False,True,8.649028538872659e-13,0.9999992380645297,0.5618769698911663,0,69,123.44058656505516,145,0.5,9.046590183267487e-07,9.848074022933417e-10,57.94228858305147,0.28971144291525736,2.0184679076748605e-07
failed-only-recovery-14,0,joint,,checkpoint,False,True,0.4285568870051741,0.9999960814826582,0.8250222997900036,0,0,191.19173070918526,146,0.5,2.4469594357261303e-07,1.212342448653203e-10,110.5713545628191,0.5528567728140955,1.5193890362611935e-06
failed-only-recovery-14,0,joint,,checkpoint,False,True,0.0,0.9994694364153455,0.6304847659542403,14,38,150.20412816706917,147,1.0,3.3757590543798706e-10,-9.040612702904127e-11,55.38627507219336,0.2769313753609668,0.8580211010360249
failed-only-recovery-14,0,joint,,checkpoint,False,True,1.0,1.0,1.0,0,0,200.0,148,0.0,1.291239327806875e-05,-9.376843745911856e-13,200.0,1.0,8.19282590336974e-10
failed-only-recovery-14,0,joint,,checkpoint,False,True,1.0,1.0,1.0,0,0,200.0,149,0.0,2.1082330107968243e-06,-2.289378131514752e-12,200.0,1.0,5.017898381311986e-09
failed-only-recovery-14,0,joint,,checkpoint,False,True,1.0337813117651788e-116,0.999991595226102,0.6792330707685916,0,16,166.41616332073775,150,1.0,1.4947005067045847e-07,5.3010040801382274e-11,65.1359360350636,0.32567968017531795,9.921288600840671e-05
failed-only-recovery-14,0,joint,,checkpoint,False,True,0.0008210371759642216,0.9996224259859395,0.7247258634516993,0,12,173.20446578853796,151,0.7999999999999999,7.894126589041836e-08,-5.716723188742251e-11,78.69130669034617,0.3934565334517308,5.812849361541867e-05
failed-only-recovery-14,0,joint,,checkpoint,False,True,0.023328756941556273,0.9999698148898756,0.7769290805460389,0,6,181.42427902789564,152,0.6,1.783003987876207e-08,-5.74092994055838e-11,96.09310998105059,0.4804655499052529,8.974078455795784e-05
failed-only-recovery-14,0,joint,,checkpoint,False,True,0.42135938886548213,0.9999934988737532,0.9092135226608744,0,0,195.8152905619364,153,0.2,3.5150962742438655e-08,-1.028574328756645e-12,151.41367355966574,0.7570683677983286,1.5203328172609156e-06
failed-only-recovery-14,0,joint,,checkpoint,False,True,0.5883294653218806,0.999999259953905,0.8830064925726117,0,0,196.6741570581963,154,0.30000000000000004,1.6383345725499154e-07,-6.594383942903243e-12,136.12169762342873,0.6806084881171437,5.862161176192239e-07
failed-only-recovery-14,0,joint,,checkpoint,False,True,0.7283719678989022,0.9999991822706794,0.9531216428610532,0,0,199.02539958027162,155,0.1,4.98335855137713e-08,8.175747227436954e-11,173.28864513138157,0.8664432256569079,4.7062419634750383e-07
failed-only-recovery-14,0,joint,,checkpoint,False,True,2.4201092365266468e-59,0.9999993001151518,0.5266618538718641,0,72,120.7969671689248,156,1.0,4.814786275902144e-07,-1.4928835945227092e-11,34.62169265571811,0.17310846327859053,1.330598027868937e-05
failed-only-recovery-14,0,joint,,checkpoint,False,True,3.7473445728622812e-06,0.9999554035090302,0.6265004414208067,0,45,142.74130950132286,157,0.7,8.520168496173371e-07,1.5349661758730645e-10,62.13826567320135,0.31069132836600677,9.254282915841671e-07
failed-only-recovery-14,0,joint,,checkpoint,False,True,2.2611232156825005e-23,0.9999996247139188,0.7277466964359717,0,17,167.4415676159203,158,0.6,1.5399464032874344e-06,-2.126426799322366e-11,86.25663315903722,0.4312831657951861,2.5546384741693346e-07
failed-only-recovery-14,0,joint,,checkpoint,False,True,0.003304917740017275,0.9999997528262939,0.6884611249742395,0,13,166.68924477667417,159,1.0,2.107693061270919e-07,-5.987876861013319e-11,66.98154687619316,0.3349077343809658,6.00549633526728e-05
failed-only-recovery-14,0,joint,,checkpoint,False,True,1.0,1.0,1.0,0,0,200.0,160,0.0,8.483025603775517e-05,5.393513413665119e-13,200.0,1.0,1.2470667314262932e-10
failed-only-recovery-14,0,joint,,checkpoint,False,True,2.6684666807960672e-24,0.9999988184965466,0.7608371945055309,0,11,178.45731953392468,161,0.6,2.660086316327718e-06,-1.1847633854109238e-11,92.87473277294916,0.46437366386474577,1.312301970843231e-07
failed-only-recovery-14,0,joint,,checkpoint,False,True,0.21617971465813524,0.99995486872044,0.8620432791321653,0,0,189.5496313198283,162,0.30000000000000004,4.71224005235831e-07,-3.338267774832749e-11,131.92905493533942,0.6596452746766971,1.6981435362439833e-07
failed-only-recovery-14,0,joint,,checkpoint,False,True,0.10358632939170412,0.9999961098952473,0.8365971648584672,0,0,188.93405691151392,163,0.4,7.904410289827572e-08,9.357516103495579e-11,119.02490413006399,0.59512452065032,2.857627074725057e-06
failed-only-recovery-14,0,joint,,checkpoint,False,True,0.24650251759525107,0.9999865579221444,0.8707545977258849,0,0,192.5402621418576,164,0.30000000000000004,6.381997788384677e-07,4.596857004646248e-11,133.67131865408325,0.6683565932704163,1.210186970793664e-07
failed-only-recovery-14,0,joint,,checkpoint,False,True,1.0,1.0,1.0,0,0,200.0,165,0.0,5.60491861133349e-07,5.336620034768203e-13,200.0,1.0,1.887431334134753e-08
failed-only-recovery-14,0,joint,,checkpoint,False,True,5.669181488222803e-18,0.9999991113624653,0.7975690145852922,0,13,180.5623694466266,166,0.4,1.2764703034522577e-06,-2.136112167857339e-11,111.21927407542898,0.5560963703771449,9.6713688748458e-08
failed-only-recovery-14,0,joint,,checkpoint,False,True,1.5826135926948245e-08,0.999999869235447,0.8228380371885876,0,6,186.39879249346504,167,0.4,5.973749783919288e-08,1.584198003183014e-11,116.27307859608806,0.5813653929804403,3.933240111451329e-06
