case,serial_id,A,B,C,A_error,B_error,C_error
checkpoint-double,1,7.000000000000005,0.5,-0.5920000000000007,5.329070518200751e-15,0.0,-7.771561172376096e-16
checkpoint-double,2,6.000000000000001,0.5,0.24400000000000038,8.881784197001252e-16,0.0,3.885780586188048e-16
checkpoint-double,3,5.999999999999998,0.5,0.5589999999999988,-1.7763568394002505e-15,0.0,-1.2212453270876722e-15
checkpoint-double,4,8.000000000000004,0.5,-0.6649999999999999,3.552713678800501e-15,0.0,1.1102230246251565e-16
checkpoint-double,5,6.0,0.5,-0.2740000000000001,0.0,0.0,-5.551115123125783e-17
checkpoint-double,6,5.999999999999995,0.5,0.0730000000000004,-5.329070518200751e-15,0.0,4.0245584642661925e-16
checkpoint-double,7,15.999999999999996,0.49999999999999994,-0.1409999999999999,-3.552713678800501e-15,-5.551115123125783e-17,8.326672684688674e-17
checkpoint-double,8,6.000000000000003,0.5,-0.07000000000000008,2.6645352591003757e-15,0.0,-6.938893903907228e-17
checkpoint-double,9,6.999999999999993,0.5,-0.5889999999999973,-7.105427357601002e-15,0.0,2.6645352591003757e-15
checkpoint-double,10,5.999999999999988,0.5,0.23499999999999974,-1.2434497875801753e-14,0.0,-2.498001805406602e-16
checkpoint-double,11,5.99999999999999,0.5,0.5590000000000004,-9.769962616701378e-15,0.0,3.3306690738754696e-16
checkpoint-double,12,7.999999999999997,0.5,-0.6559999999999998,-2.6645352591003757e-15,0.0,2.220446049250313e-16
checkpoint-double,13,5.999999999999991,0.5,-0.15599999999999964,-8.881784197001252e-15,0.0,3.608224830031759e-16
checkpoint-double,14,6.0,0.5,0.006999999999999997,0.0,0.0,-3.469446951953614e-18
checkpoint-double,15,6.000000000000001,0.5,-0.20400000000000054,8.881784197001252e-16,0.0,-5.551115123125783e-16
checkpoint-double,16,6.000000000000009,0.5,-0.20499999999999904,8.881784197001252e-15,0.0,9.43689570931383e-16
checkpoint-double,17,6.00000000000001,0.5,-0.1769999999999995,9.769962616701378e-15,0.0,4.996003610813204e-16
checkpoint-double,18,5.999999999999983,0.49999999999999994,-0.17900000000000174,-1.687538997430238e-14,-5.551115123125783e-17,-1.7486012637846216e-15
checkpoint-double,19,6.000000000000005,0.5,-0.18199999999999986,5.329070518200751e-15,0.0,1.3877787807814457e-16
checkpoint-double,20,7.000000000000007,0.5,-0.5900000000000024,7.105427357601002e-15,0.0,-2.4424906541753444e-15
checkpoint-double,21,5.999999999999974,0.5,0.24000000000000238,-2.5757174171303632e-14,0.0,2.3869795029440866e-15
checkpoint-double,22,6.000000000000008,0.5,0.5580000000000003,7.993605777301127e-15,0.0,2.220446049250313e-16
checkpoint-double,23,7.999999999999985,0.5,-0.658,-1.509903313490213e-14,0.0,0.0
checkpoint-double,24,5.999999999999989,0.5,-0.21499999999999922,-1.0658141036401503e-14,0.0,7.771561172376096e-16
checkpoint-double,25,5.9999999999999805,0.5,-0.19000000000000014,-1.9539925233402755e-14,0.0,-1.3877787807814457e-16
checkpoint-double,26,6.000000000000009,0.5,0.11600000000000144,8.881784197001252e-15,0.0,1.429412144204889e-15
checkpoint-double,27,7.000000000000003,0.5,-0.6040000000000005,2.6645352591003757e-15,0.0,-5.551115123125783e-16
checkpoint-double,28,6.0000000000000355,0.5,0.900999999999996,3.552713678800501e-14,0.0,-3.9968028886505635e-15
checkpoint-double,29,7.000000000000012,0.5,-0.9080000000000015,1.2434497875801753e-14,0.0,-1.4432899320127035e-15
checkpoint-double,30,7.000000000000048,0.5,-0.9059999999999986,4.796163466380676e-14,0.0,1.4432899320127035e-15
checkpoint-double,31,6.999999999999987,0.5,-0.5839999999999989,-1.3322676295501878e-14,0.0,1.1102230246251565e-15
checkpoint-double,32,6.000000000000004,0.5,0.23499999999999907,4.440892098500626e-15,0.0,-9.159339953157541e-16
checkpoint-double,33,6.000000000000012,0.5,0.5630000000000002,1.2434497875801753e-14,0.0,2.220446049250313e-16
checkpoint-double,34,7.999999999999997,0.5,-0.6629999999999974,-2.6645352591003757e-15,0.0,2.6645352591003757e-15
checkpoint-double,35,5.999999999999996,0.49999999999999994,-0.1530000000000001,-4.440892098500626e-15,-5.551115123125783e-17,-1.1102230246251565e-16
checkpoint-double,36,6.000000000000017,0.5,0.02199999999999979,1.687538997430238e-14,0.0,-2.0816681711721685e-16
checkpoint-double,37,6.999999999999986,0.5,-0.29599999999999926,-1.4210854715202004e-14,0.0,7.216449660063518e-16
checkpoint-double,38,6.000000000000009,0.5,-0.1820000000000004,8.881784197001252e-15,0.0,-4.163336342344337e-16
checkpoint-double,39,6.000000000000024,0.5,-0.01199999999999985,2.398081733190338e-14,0.0,1.5092094240998222e-16
checkpoint-double,40,6.999999999999991,0.5,-0.22499999999999973,-8.881784197001252e-15,0.0,2.7755575615628914e-16
checkpoint-double,41,7.000000000000022,0.5,-0.5680000000000026,2.220446049250313e-14,0.0,-2.6645352591003757e-15
checkpoint-double,42,5.9999999999999964,0.5,0.2460000000000006,-3.552713678800501e-15,0.0,6.106226635438361e-16
checkpoint-double,43,5.999999999999983,0.5,0.5700000000000007,-1.687538997430238e-14,0.0,7.771561172376096e-16
checkpoint-double,44,8.000000000000025,0.5,-0.6730000000000006,2.4868995751603507e-14,0.0,-5.551115123125783e-16
checkpoint-double,45,6.000000000000013,0.5,-0.27600000000000036,1.3322676295501878e-14,0.0,-3.3306690738754696e-16
checkpoint-double,46,6.000000000000025,0.49999999999999994,0.7039999999999967,2.4868995751603507e-14,-5.551115123125783e-17,-3.219646771412954e-15
checkpoint-double,47,8.000000000000009,0.5,-0.7709999999999989,8.881784197001252e-15,0.0,1.1102230246251565e-15
checkpoint-double,48,7.999999999999997,0.5,-0.7609999999999986,-2.6645352591003757e-15,0.0,1.4432899320127035e-15
checkpoint-double,49,7.000000000000013,0.5,-0.5749999999999995,1.3322676295501878e-14,0.0,4.440892098500626e-16
checkpoint-double,50,5.999999999999981,0.5,0.23400000000000098,-1.865174681370263e-14,0.0,9.71445146547012e-16
checkpoint-double,51,6.000000000000004,0.5,0.5679999999999983,4.440892098500626e-15,0.0,-1.6653345369377348e-15
checkpoint-double,52,8.000000000000014,0.5,-0.6809999999999979,1.4210854715202004e-14,0.0,2.1094237467877974e-15
checkpoint-double,53,5.999999999999992,0.5,-0.20700000000000057,-7.993605777301127e-15,0.0,-5.828670879282072e-16
checkpoint-double,54,5.999999999999967,0.5,-0.22300000000000136,-3.2862601528904634e-14,0.0,-1.3600232051658168e-15
checkpoint-double,55,5.999999999999977,0.49999999999999994,0.693000000000004,-2.3092638912203256e-14,-5.551115123125783e-17,3.9968028886505635e-15
checkpoint-double,56,8.000000000000009,0.5,-0.7720000000000028,8.881784197001252e-15,0.0,-2.7755575615628914e-15
checkpoint-double,57,8.000000000000016,0.5,-0.7640000000000001,1.5987211554602254e-14,0.0,-1.1102230246251565e-16
checkpoint-double,58,7.000000000000003,0.5,-0.5849999999999995,2.6645352591003757e-15,0.0,4.440892098500626e-16
checkpoint-double,59,6.00000000000002,0.5,0.23799999999999574,2.042810365310288e-14,0.0,-4.246603069191224e-15
checkpoint-double,60,6.0,0.5,0.5610000000000053,0.0,0.0,5.218048215738236e-15
checkpoint-double,61,7.999999999999974,0.5,-0.651999999999999,-2.5757174171303632e-14,0.0,9.992007221626409e-16
checkpoint-double,62,6.000000000000003,0.5,-0.2139999999999992,2.6645352591003757e-15,0.0,8.049116928532385e-16
checkpoint-double,63,5.999999999999984,0.5,-0.1639999999999989,-1.5987211554602254e-14,0.0,1.1102230246251565e-15
checkpoint-double,64,6.000000000000016,0.49999999999999994,-0.1910000000000005,1.5987211554602254e-14,-5.551115123125783e-17,-4.996003610813204e-16
checkpoint-double,65,6.000000000000006,0.5,0.03699999999999926,6.217248937900877e-15,0.0,-7.355227538141662e-16
checkpoint-double,66,7.000000000000004,0.5,-0.39799999999999935,4.440892098500626e-15,0.0,6.661338147750939e-16
checkpoint-double,67,7.000000000000035,0.5,-0.5790000000000036,3.4638958368304884e-14,0.0,-3.6637359812630166e-15
checkpoint-double,68,5.999999999999985,0.5,0.19300000000000148,-1.509903313490213e-14,0.0,1.4710455076283324e-15
checkpoint-double,69,6.000000000000017,0.5,0.567000000000001,1.687538997430238e-14,0.0,9.992007221626409e-16
checkpoint-double,70,7.999999999999988,0.5,-0.6710000000000016,-1.2434497875801753e-14,0.0,-1.5543122344752192e-15
checkpoint-double,71,5.999999999999999,0.5,0.07899999999999852,-8.881784197001252e-16,0.0,-1.4849232954361469e-15
checkpoint-double,72,8.000000000000004,0.5,-0.4889999999999995,3.552713678800501e-15,0.0,4.996003610813204e-16
checkpoint-double,73,7.0000000000000195,0.5,-0.5730000000000015,1.9539925233402755e-14,0.0,-1.5543122344752192e-15
checkpoint-double,74,5.999999999999998,0.5,0.1690000000000002,-1.7763568394002505e-15,0.0,1.942890293094024e-16
checkpoint-double,75,6.000000000000003,0.5,0.5649999999999963,2.6645352591003757e-15,0.0,-3.6637359812630166e-15
checkpoint-double,76,7.999999999999977,0.49999999999999994,-0.6589999999999995,-2.3092638912203256e-14,-5.551115123125783e-17,5.551115123125783e-16
checkpoint-double,77,6.000000000000008,0.5,0.2320000000000006,7.993605777301127e-15,0.0,5.828670879282072e-16
checkpoint-double,78,7.999999999999998,0.5,-0.493999999999999,-1.7763568394002505e-15,0.0,9.992007221626409e-16
checkpoint-double,79,5.999999999999975,0.5,-0.41300000000000053,-2.4868995751603507e-14,0.0,-5.551115123125783e-16
checkpoint-double,80,7.00000000000005,0.5,-0.5859999999999987,4.973799150320701e-14,0.0,1.2212453270876722e-15
checkpoint-double,81,6.000000000000009,0.49999999999999994,0.2349999999999946,8.881784197001252e-15,-5.551115123125783e-17,-5.384581669432009e-15
checkpoint-double,82,5.9999999999999405,0.5,0.5610000000000087,-5.950795411990839e-14,0.0,8.659739592076221e-15
checkpoint-double,83,8.000000000000002,0.49999999999999994,-0.6620000000000036,1.7763568394002505e-15,-5.551115123125783e-17,-3.552713678800501e-15
checkpoint-double,84,6.000000000000015,0.5,-0.14800000000000124,1.509903313490213e-14,0.0,-1.2490009027033011e-15
checkpoint-double,85,6.0000000000000195,0.5,-0.04399999999999882,1.9539925233402755e-14,0.0,1.1796119636642288e-15
checkpoint-double,86,5.999999999999998,0.5,-0.18199999999999988,-1.7763568394002505e-15,0.0,1.1102230246251565e-16
checkpoint-double,87,6.000000000000002,0.49999999999999994,-0.18200000000000005,1.7763568394002505e-15,-5.551115123125783e-17,-5.551115123125783e-17
checkpoint-double,88,5.999999999999992,0.5,-0.3340000000000024,-7.993605777301127e-15,0.0,-2.3869795029440866e-15
checkpoint-double,89,5.999999999999996,0.5,-0.34500000000000386,-4.440892098500626e-15,0.0,-3.885780586188048e-15
checkpoint-double,90,6.000000000000004,0.49999999999999994,0.4030000000000065,4.440892098500626e-15,-5.551115123125783e-17,6.494804694057166e-15
checkpoint-double,91,7.999999999999997,0.5,-0.5680000000000006,-2.6645352591003757e-15,0.0,-6.661338147750939e-16
checkpoint-double,92,7.000000000000002,0.5,-0.5890000000000001,1.7763568394002505e-15,0.0,-1.1102230246251565e-16
checkpoint-double,93,6.0,0.49999999999999994,0.2329999999999964,0.0,-5.551115123125783e-17,-3.608224830031759e-15
checkpoint-double,94,5.9999999999999805,0.5,0.5650000000000036,-1.9539925233402755e-14,0.0,3.6637359812630166e-15
checkpoint-double,95,7.999999999999996,0.5,-0.6690000000000002,-4.440892098500626e-15,0.0,-1.1102230246251565e-16
checkpoint-double,96,6.000000000000032,0.49999999999999994,-0.13299999999999995,3.197442310920451e-14,-5.551115123125783e-17,5.551115123125783e-17
checkpoint-double,97,6.000000000000034,0.5,-0.17499999999999907,3.375077994860476e-14,0.0,9.159339953157541e-16
checkpoint-double,98,5.9999999999999805,0.49999999999999994,-0.08300000000000089,-1.9539925233402755e-14,-5.551115123125783e-17,-8.881784197001252e-16
checkpoint-double,99,6.000000000000026,0.5,0.012999999999996764,2.5757174171303632e-14,0.0,-3.2352592826967452e-15
checkpoint-double,100,7.000000000000032,0.5,-0.31000000000000066,3.197442310920451e-14,0.0,-6.661338147750939e-16
checkpoint-double,101,6.000000000000015,0.5,0.19500000000000003,1.509903313490213e-14,0.0,2.7755575615628914e-17
checkpoint-double,102,6.000000000000008,0.5,-0.22999999999999884,7.993605777301127e-15,0.0,1.1657341758564144e-15
checkpoint-double,103,5.999999999999991,0.5,-0.268,-8.881784197001252e-15,0.0,0.0
checkpoint-double,104,6.000000000000002,0.5,-0.21300000000000102,1.7763568394002505e-15,0.0,-1.0269562977782698e-15
checkpoint-double,105,6.0,0.5,-0.18999999999999886,0.0,0.0,1.1379786002407855e-15
checkpoint-double,106,6.99999999999998,0.5,-0.5850000000000004,-2.042810365310288e-14,0.0,-4.440892098500626e-16
checkpoint-double,107,5.999999999999991,0.5,0.24400000000000086,-8.881784197001252e-15,0.0,8.604228440844963e-16
checkpoint-double,108,5.999999999999987,0.49999999999999994,0.5610000000000025,-1.3322676295501878e-14,-5.551115123125783e-17,2.4424906541753444e-15
checkpoint-double,109,8.000000000000021,0.5,-0.664000000000003,2.1316282072803006e-14,0.0,-2.9976021664879227e-15
checkpoint-double,110,6.000000000000014,0.5,-0.2379999999999994,1.4210854715202004e-14,0.0,5.828670879282072e-16
checkpoint-double,111,6.000000000000006,0.49999999999999994,0.6729999999999997,6.217248937900877e-15,-5.551115123125783e-17,-3.3306690738754696e-16
checkpoint-double,112,7.999999999999965,0.49999999999999994,-0.6589999999999994,-3.4638958368304884e-14,-5.551115123125783e-17,6.661338147750939e-16
checkpoint-double,113,6.9999999999999964,0.5,-0.8719999999999987,-3.552713678800501e-15,0.0,1.3322676295501878e-15
checkpoint-double,114,7.0,0.5,-0.5839999999999994,0.0,0.0,5.551115123125783e-16
checkpoint-double,115,6.000000000000006,0.5,0.2340000000000009,6.217248937900877e-15,0.0,8.881784197001252e-16
checkpoint-double,116,6.00000000000003,0.5,0.5620000000000002,3.019806626980426e-14,0.0,1.1102230246251565e-16
checkpoint-double,117,8.000000000000005,0.5,-0.6659999999999986,5.329070518200751e-15,0.0,1.4432899320127035e-15
checkpoint-double,118,6.000000000000032,0.5,-0.21200000000000047,3.197442310920451e-14,0.0,-4.718447854656915e-16
checkpoint-double,119,6.000000000000024,0.49999999999999994,-0.19100000000000175,2.398081733190338e-14,-5.551115123125783e-17,-1.7486012637846216e-15
checkpoint-double,120,6.000000000000008,0.5,0.6669999999999998,7.993605777301127e-15,0.0,-2.220446049250313e-16
checkpoint-double,121,7.999999999999998,0.49999999999999994,-0.6529999999999996,-1.7763568394002505e-15,-5.551115123125783e-17,4.440892098500626e-16
checkpoint-double,122,7.0,0.5,-0.8769999999999999,0.0,0.0,1.1102230246251565e-16
checkpoint-double,123,6.9999999999999964,0.5,-0.5580000000000003,-3.552713678800501e-15,0.0,-2.220446049250313e-16
checkpoint-double,124,5.9999999999999725,0.5,0.18600000000000222,-2.7533531010703882e-14,0.0,2.220446049250313e-15
checkpoint-double,125,5.999999999999985,0.5,0.5739999999999958,-1.509903313490213e-14,0.0,-4.107825191113079e-15
checkpoint-double,126,7.999999999999997,0.5,-0.6939999999999945,-2.6645352591003757e-15,0.0,5.440092820663267e-15
checkpoint-double,127,6.000000000000011,0.5,0.09600000000000225,1.0658141036401503e-14,0.0,2.248201624865942e-15
checkpoint-double,128,15.999999999999899,0.5,-0.2850000000000006,-1.0125233984581428e-13,0.0,-6.106226635438361e-16
checkpoint-double,129,6.999999999999991,0.5,-0.5919999999999981,-8.881784197001252e-15,0.0,1.887379141862766e-15
checkpoint-double,130,6.000000000000004,0.5,0.2670000000000021,4.440892098500626e-15,0.0,2.1094237467877974e-15
checkpoint-double,131,6.000000000000026,0.5,0.5599999999999897,2.5757174171303632e-14,0.0,-1.0325074129013956e-14
checkpoint-double,132,8.000000000000016,0.5,-0.6729999999999897,1.5987211554602254e-14,0.0,1.0325074129013956e-14
checkpoint-double,133,6.000000000000026,0.5,-0.39200000000000274,2.5757174171303632e-14,0.0,-2.7200464103316335e-15
checkpoint-double,134,6.99999999999999,0.5,-0.5879999999999936,-9.769962616701378e-15,0.0,6.328271240363392e-15
checkpoint-double,135,6.000000000000007,0.5,0.21499999999999592,7.105427357601002e-15,0.0,-4.08006961549745e-15
checkpoint-double,136,5.999999999999994,0.5,0.5600000000000108,-6.217248937900877e-15,0.0,1.0769163338864018e-14
checkpoint-double,137,8.000000000000046,0.5,-0.6609999999999997,4.618527782440651e-14,0.0,3.3306690738754696e-16
checkpoint-double,138,6.0,0.5,-0.00499999999999954,0.0,0.0,4.597017211338539e-16
checkpoint-double,139,6.000000000000043,0.5,-0.36200000000000165,4.263256414560601e-14,0.0,-1.6653345369377348e-15
checkpoint-double,140,6.000000000000042,0.5,-0.3600000000000016,4.1744385725905886e-14,0.0,-1.609823385706477e-15
checkpoint-double,141,7.000000000000063,0.49999999999999994,-0.5900000000000137,6.306066779870889e-14,-5.551115123125783e-17,-1.3766765505351941e-14
checkpoint-double,142,6.000000000000042,0.5,0.21399999999999852,4.1744385725905886e-14,0.0,-1.4710455076283324e-15
checkpoint-double,143,6.000000000000069,0.49999999999999994,0.5600000000000093,6.927791673660977e-14,-5.551115123125783e-17,9.2148511043888e-15
checkpoint-double,144,8.000000000000126,0.5,-0.6570000000000074,1.2612133559741778e-13,0.0,-7.327471962526033e-15
checkpoint-double,145,6.0000000000001235,0.49999999999999994,-0.03200000000000288,1.234568003383174e-13,-5.551115123125783e-17,-2.8796409701214998e-15
checkpoint-double,146,6.000000000000009,0.49999999999999994,-0.1539999999999997,8.881784197001252e-15,-5.551115123125783e-17,3.0531133177191805e-16
checkpoint-double,147,6.00000000000009,0.5,-0.36000000000000204,8.970602038971265e-14,0.0,-2.0539125955565396e-15
checkpoint-double,148,6.000000000000052,0.49999999999999994,-0.33200000000000324,5.240252676230739e-14,-5.551115123125783e-17,-3.219646771412954e-15
checkpoint-double,149,7.000000000000107,0.5,-0.5930000000000074,1.0658141036401503e-13,0.0,-7.438494264988549e-15
checkpoint-double,150,6.000000000000099,0.5,0.24199999999999122,9.85878045867139e-14,0.0,-8.770761894538737e-15
checkpoint-double,151,6.000000000000077,0.5,0.5570000000000096,7.72715225139109e-14,0.0,9.547918011776346e-15
checkpoint-double,152,8.000000000000096,0.5,-0.663000000000007,9.592326932761353e-14,0.0,-6.994405055138486e-15
checkpoint-double,153,6.000000000000053,0.5,-0.23499999999999832,5.3290705182007514e-14,0.0,1.6653345369377348e-15
checkpoint-double,154,5.999999999999979,0.5,0.04899999999999992,-2.1316282072803006e-14,0.0,-8.326672684688674e-17
checkpoint-double,155,6.000000000000002,0.5,-0.3590000000000006,1.7763568394002505e-15,0.0,-6.106226635438361e-16
checkpoint-double,156,5.999999999999992,0.5,-0.3609999999999993,-7.993605777301127e-15,0.0,6.661338147750939e-16
checkpoint-double,157,7.0000000000000515,0.5,-0.5660000000000139,5.1514348342607263e-14,0.0,-1.3988810110276972e-14
checkpoint-double,158,6.000000000000065,0.5,0.10800000000000148,6.483702463810914e-14,0.0,1.4849232954361469e-15
checkpoint-double,159,6.000000000000037,0.5,0.5810000000000012,3.730349362740526e-14,0.0,1.2212453270876722e-15
checkpoint-double,160,8.000000000000144,0.5,-0.6680000000000049,1.438849039914203e-13,0.0,-4.884981308350689e-15
checkpoint-double,161,7.000000000000112,0.5,-0.31000000000000166,1.1191048088221578e-13,0.0,-1.6653345369377348e-15
checkpoint-double,162,6.000000000000032,0.5,0.1699999999999878,3.197442310920451e-14,0.0,-1.2212453270876722e-14
checkpoint-double,163,6.00000000000001,0.5,0.5670000000000129,9.769962616701378e-15,0.0,1.2989609388114332e-14
checkpoint-double,164,8.000000000000124,0.5,-0.6700000000000113,1.2434497875801753e-13,0.0,-1.1213252548714081e-14
checkpoint-double,165,6.000000000000015,0.5,-0.1959999999999974,1.509903313490213e-14,0.0,2.609024107869118e-15
checkpoint-double,166,6.000000000000006,0.5,-0.16499999999999912,6.217248937900877e-15,0.0,8.881784197001252e-16
checkpoint-double,167,6.000000000000007,0.49999999999999994,0.02099999999999891,7.105427357601002e-15,-5.551115123125783e-17,-1.0928757898653885e-15
checkpoint-double,168,8.000000000000048,0.5,1.356570461004321e-15,4.796163466380676e-14,0.0,1.356570461004321e-15
narrower-double,1,7.000000000000005,0.5,-0.5920000000000007,5.329070518200751e-15,0.0,-7.771561172376096e-16
narrower-double,2,6.000000000000003,0.5,0.24400000000000047,2.6645352591003757e-15,0.0,4.718447854656915e-16
narrower-double,3,5.999999999999997,0.5,0.5589999999999985,-2.6645352591003757e-15,0.0,-1.5543122344752192e-15
narrower-double,4,7.999999999999992,0.5,-0.6649999999999993,-7.993605777301127e-15,0.0,7.771561172376096e-16
narrower-double,5,6.000000000000002,0.5,-0.2740000000000003,1.7763568394002505e-15,0.0,-2.7755575615628914e-16
narrower-double,6,5.999999999999995,0.5,0.07300000000000041,-5.329070518200751e-15,0.0,4.163336342344337e-16
narrower-double,7,16.0,0.5,-0.14099999999999988,0.0,0.0,1.1102230246251565e-16
narrower-double,8,6.0000000000000036,0.5,-0.07000000000000009,3.552713678800501e-15,0.0,-8.326672684688674e-17
narrower-double,9,6.999999999999997,0.5,-0.5889999999999974,-2.6645352591003757e-15,0.0,2.55351295663786e-15
narrower-double,10,5.999999999999987,0.5,0.2349999999999999,-1.3322676295501878e-14,0.0,-8.326672684688674e-17
narrower-double,11,5.99999999999999,0.5,0.5590000000000009,-9.769962616701378e-15,0.0,8.881784197001252e-16
narrower-double,12,8.000000000000002,0.5,-0.656,1.7763568394002505e-15,0.0,0.0
narrower-double,13,5.999999999999994,0.5,-0.15599999999999925,-6.217248937900877e-15,0.0,7.494005416219807e-16
narrower-double,14,6.000000000000002,0.5,0.006999999999998628,1.7763568394002505e-15,0.0,-1.3721662694976544e-15
narrower-double,15,6.0,0.5,-0.20400000000000001,0.0,0.0,-2.7755575615628914e-17
narrower-double,16,6.000000000000007,0.5,-0.20499999999999913,7.105427357601002e-15,0.0,8.604228440844963e-16
narrower-double,17,6.000000000000008,0.5,-0.1769999999999992,7.993605777301127e-15,0.0,7.771561172376096e-16
narrower-double,18,5.9999999999999885,0.5,-0.1790000000000009,-1.1546319456101628e-14,0.0,-9.159339953157541e-16
narrower-double,19,6.000000000000006,0.5,-0.18200000000000016,6.217248937900877e-15,0.0,-1.6653345369377348e-16
narrower-double,20,7.000000000000007,0.5,-0.5900000000000031,7.105427357601002e-15,0.0,-3.1086244689504383e-15
narrower-double,21,5.9999999999999805,0.5,0.2400000000000025,-1.9539925233402755e-14,0.0,2.4980018054066022e-15
narrower-double,22,6.000000000000007,0.5,0.558,7.105427357601002e-15,0.0,0.0
narrower-double,23,7.999999999999988,0.5,-0.6580000000000001,-1.2434497875801753e-14,0.0,-1.1102230246251565e-16
narrower-double,24,6.000000000000002,0.5,-0.21500000000000016,1.7763568394002505e-15,0.0,-1.6653345369377348e-16
narrower-double,25,5.999999999999981,0.5,-0.18999999999999972,-1.865174681370263e-14,0.0,2.7755575615628914e-16
narrower-double,26,6.000000000000009,0.5,0.11600000000000174,8.881784197001252e-15,0.0,1.734723475976807e-15
narrower-double,27,6.999999999999994,0.5,-0.6040000000000012,-6.217248937900877e-15,0.0,-1.2212453270876722e-15
narrower-double,28,6.00000000000004,0.5,0.9009999999999967,3.9968028886505635e-14,0.0,-3.3306690738754696e-15
narrower-double,29,7.00000000000002,0.5,-0.9080000000000016,2.042810365310288e-14,0.0,-1.5543122344752192e-15
narrower-double,30,7.00000000000003,0.5,-0.905999999999998,3.019806626980426e-14,0.0,1.9984014443252818e-15
narrower-double,31,6.999999999999992,0.5,-0.5839999999999993,-7.993605777301127e-15,0.0,6.661338147750939e-16
narrower-double,32,6.0000000000000036,0.5,0.2349999999999987,3.552713678800501e-15,0.0,-1.27675647831893e-15
narrower-double,33,6.000000000000011,0.5,0.5630000000000005,1.0658141036401503e-14,0.0,5.551115123125783e-16
narrower-double,34,7.999999999999996,0.5,-0.662999999999999,-4.440892098500626e-15,0.0,9.992007221626409e-16
narrower-double,35,6.000000000000001,0.5,-0.1529999999999995,8.881784197001252e-16,0.0,4.996003610813204e-16
narrower-double,36,6.000000000000013,0.5,0.02199999999999945,1.3322676295501878e-14,0.0,-5.48172618408671e-16
narrower-double,37,6.999999999999978,0.5,-0.2959999999999988,-2.220446049250313e-14,0.0,1.1657341758564144e-15
narrower-double,38,6.000000000000007,0.5,-0.1820000000000003,7.105427357601002e-15,0.0,-3.0531133177191805e-16
narrower-double,39,6.0000000000000195,0.5,-0.012000000000000514,1.9539925233402755e-14,0.0,-5.134781488891349e-16
narrower-double,40,6.9999999999999885,0.5,-0.22499999999999956,-1.1546319456101628e-14,0.0,4.440892098500626e-16
narrower-double,41,7.000000000000038,0.5,-0.5680000000000017,3.8191672047105385e-14,0.0,-1.7763568394002505e-15
narrower-double,42,5.999999999999993,0.5,0.24599999999999847,-7.105427357601002e-15,0.0,-1.5265566588595902e-15
narrower-double,43,5.999999999999976,0.5,0.5700000000000035,-2.398081733190338e-14,0.0,3.552713678800501e-15
narrower-double,44,8.000000000000025,0.5,-0.6730000000000016,2.4868995751603507e-14,0.0,-1.5543122344752192e-15
narrower-double,45,6.000000000000001,0.5,-0.276,8.881784197001252e-16,0.0,0.0
narrower-double,46,5.999999999999969,0.5,0.7040000000000026,-3.108624468950438e-14,0.0,2.6645352591003757e-15
narrower-double,47,8.000000000000016,0.5,-0.7710000000000011,1.5987211554602254e-14,0.0,-1.1102230246251565e-15
narrower-double,48,8.000000000000009,0.5,-0.7610000000000017,8.881784197001252e-15,0.0,-1.6653345369377348e-15
narrower-double,49,7.000000000000018,0.5,-0.575000000000002,1.7763568394002505e-14,0.0,-1.9984014443252818e-15
narrower-double,50,6.000000000000023,0.5,0.23400000000000118,2.3092638912203256e-14,0.0,1.1657341758564144e-15
narrower-double,51,6.000000000000017,0.5,0.5679999999999978,1.687538997430238e-14,0.0,-2.1094237467877974e-15
narrower-double,52,7.99999999999997,0.5,-0.6809999999999977,-3.019806626980426e-14,0.0,2.3314683517128287e-15
narrower-double,53,5.99999999999999,0.5,-0.20699999999999943,-9.769962616701378e-15,0.0,5.551115123125783e-16
narrower-double,54,5.999999999999971,0.5,-0.22299999999999953,-2.930988785010413e-14,0.0,4.718447854656915e-16
narrower-double,55,6.000000000000033,0.5,0.6929999999999987,3.2862601528904634e-14,0.0,-1.2212453270876722e-15
narrower-double,56,7.999999999999998,0.5,-0.7720000000000024,-1.7763568394002505e-15,0.0,-2.3314683517128287e-15
narrower-double,57,7.999999999999988,0.5,-0.7639999999999982,-1.2434497875801753e-14,0.0,1.7763568394002505e-15
narrower-double,58,7.00000000000003,0.5,-0.5850000000000016,3.019806626980426e-14,0.0,-1.6653345369377348e-15
narrower-double,59,5.9999999999999964,0.5,0.23799999999999932,-3.552713678800501e-15,0.0,-6.661338147750939e-16
narrower-double,60,6.000000000000025,0.5,0.5609999999999965,2.4868995751603507e-14,0.0,-3.552713678800501e-15
narrower-double,61,7.999999999999997,0.5,-0.6519999999999966,-2.6645352591003757e-15,0.0,3.4416913763379853e-15
narrower-double,62,6.000000000000003,0.5,-0.21399999999999927,2.6645352591003757e-15,0.0,7.216449660063518e-16
narrower-double,63,5.999999999999991,0.5,-0.16399999999999998,-8.881784197001252e-15,0.0,2.7755575615628914e-17
narrower-double,64,6.000000000000019,0.5,-0.19100000000000036,1.865174681370263e-14,0.0,-3.608224830031759e-16
narrower-double,65,6.0000000000000036,0.5,0.03699999999999999,3.552713678800501e-15,0.0,-6.938893903907228e-18
narrower-double,66,7.000000000000002,0.5,-0.3979999999999998,1.7763568394002505e-15,0.0,2.220446049250313e-16
narrower-double,67,7.0000000000000115,0.5,-0.5789999999999986,1.1546319456101628e-14,0.0,1.3322676295501878e-15
narrower-double,68,6.0,0.5,0.19299999999999998,0.0,0.0,-2.7755575615628914e-17
narrower-double,69,5.9999999999999805,0.5,0.567000000000003,-1.9539925233402755e-14,0.0,2.9976021664879227e-15
narrower-double,70,8.000000000000032,0.5,-0.6710000000000047,3.197442310920451e-14,0.0,-4.6629367034256575e-15
narrower-double,71,5.999999999999996,0.5,0.0789999999999993,-4.440892098500626e-15,0.0,-6.938893903907228e-16
narrower-double,72,7.999999999999983,0.5,-0.48899999999999816,-1.687538997430238e-14,0.0,1.8318679906315083e-15
narrower-double,73,7.000000000000022,0.5,-0.5730000000000008,2.220446049250313e-14,0.0,-8.881784197001252e-16
narrower-double,74,5.999999999999986,0.5,0.16899999999999987,-1.4210854715202004e-14,0.0,-1.3877787807814457e-16
narrower-double,75,6.000000000000001,0.5,0.5650000000000005,8.881784197001252e-16,0.0,5.551115123125783e-16
narrower-double,76,8.000000000000021,0.5,-0.6590000000000008,2.1316282072803006e-14,0.0,-7.771561172376096e-16
narrower-double,77,5.999999999999979,0.5,0.23200000000000257,-2.1316282072803006e-14,0.0,2.55351295663786e-15
narrower-double,78,8.000000000000004,0.5,-0.49400000000000027,3.552713678800501e-15,0.0,-2.7755575615628914e-16
narrower-double,79,5.99999999999999,0.5,-0.41300000000000064,-9.769962616701378e-15,0.0,-6.661338147750939e-16
narrower-double,80,6.999999999999968,0.5,-0.5859999999999993,-3.197442310920451e-14,0.0,6.661338147750939e-16
narrower-double,81,6.000000000000012,0.5,0.23500000000000146,1.2434497875801753e-14,0.0,1.4710455076283324e-15
narrower-double,82,6.000000000000002,0.5,0.5609999999999951,1.7763568394002505e-15,0.0,-4.9960036108132044e-15
narrower-double,83,8.000000000000046,0.5,-0.6620000000000004,4.618527782440651e-14,0.0,-3.3306690738754696e-16
narrower-double,84,5.999999999999959,0.5,-0.14799999999999852,-4.085620730620576e-14,0.0,1.4710455076283324e-15
narrower-double,85,6.0,0.5,-0.0439999999999989,0.0,0.0,1.096345236817342e-15
narrower-double,86,6.000000000000016,0.5,-0.18199999999999922,1.5987211554602254e-14,0.0,7.771561172376096e-16
narrower-double,87,6.000000000000025,0.5,-0.18200000000000366,2.4868995751603507e-14,0.0,-3.6637359812630166e-15
narrower-double,88,6.000000000000031,0.5,-0.33399999999999985,3.108624468950438e-14,0.0,1.6653345369377348e-16
narrower-double,89,6.000000000000015,0.5,-0.34499999999999653,1.509903313490213e-14,0.0,3.4416913763379853e-15
narrower-double,90,6.000000000000003,0.5,0.4029999999999955,2.6645352591003757e-15,0.0,-4.551914400963142e-15
narrower-double,91,8.000000000000004,0.5,-0.5679999999999987,3.552713678800501e-15,0.0,1.2212453270876722e-15
narrower-double,92,7.000000000000033,0.5,-0.5889999999999974,3.2862601528904634e-14,0.0,2.55351295663786e-15
narrower-double,93,5.999999999999974,0.5,0.23299999999999801,-2.5757174171303632e-14,0.0,-1.9984014443252818e-15
narrower-double,94,6.0,0.5,0.5650000000000011,0.0,0.0,1.1102230246251565e-15
narrower-double,95,7.999999999999989,0.5,-0.6689999999999986,-1.0658141036401503e-14,0.0,1.4432899320127035e-15
narrower-double,96,5.999999999999992,0.5,-0.13299999999999865,-7.993605777301127e-15,0.0,1.3600232051658168e-15
narrower-double,97,6.000000000000003,0.5,-0.17499999999999985,2.6645352591003757e-15,0.0,1.3877787807814457e-16
narrower-double,98,5.999999999999982,0.5,-0.08299999999999975,-1.7763568394002505e-14,0.0,2.498001805406602e-16
narrower-double,99,5.999999999999977,0.5,0.012999999999999588,-2.3092638912203256e-14,0.0,-4.111294638065033e-16
narrower-double,100,7.00000000000001,0.49999999999999994,-0.31000000000000044,9.769962616701378e-15,-5.551115123125783e-17,-4.440892098500626e-16
narrower-double,101,6.000000000000016,0.5,0.19500000000000153,1.5987211554602254e-14,0.0,1.5265566588595902e-15
narrower-double,102,6.000000000000014,0.5,-0.23000000000000004,1.4210854715202004e-14,0.0,-2.7755575615628914e-17
narrower-double,103,5.999999999999991,0.5,-0.2680000000000013,-8.881784197001252e-15,0.0,-1.27675647831893e-15
narrower-double,104,5.999999999999998,0.5,-0.21300000000000074,-1.7763568394002505e-15,0.0,-7.494005416219807e-16
narrower-double,105,6.0000000000000036,0.5,-0.18999999999999911,3.552713678800501e-15,0.0,8.881784197001252e-16
narrower-double,106,6.999999999999949,0.5,-0.5850000000000004,-5.062616992290714e-14,0.0,-4.440892098500626e-16
narrower-double,107,5.99999999999999,0.5,0.244000000000002,-9.769962616701378e-15,0.0,1.9984014443252818e-15
narrower-double,108,6.000000000000038,0.5,0.5610000000000014,3.8191672047105385e-14,0.0,1.3322676295501878e-15
narrower-double,109,8.000000000000018,0.5,-0.6640000000000055,1.7763568394002505e-14,0.0,-5.440092820663267e-15
narrower-double,110,5.999999999999979,0.5,-0.23800000000000185,-2.1316282072803006e-14,0.0,-1.8596235662471372e-15
narrower-double,111,5.999999999999953,0.49999999999999994,0.673000000000007,-4.707345624410664e-14,-5.551115123125783e-17,6.994405055138486e-15
narrower-double,112,7.99999999999999,0.5,-0.6590000000000023,-9.769962616701378e-15,0.0,-2.220446049250313e-15
narrower-double,113,6.999999999999935,0.5,-0.8719999999999986,-6.483702463810914e-14,0.0,1.4432899320127035e-15
narrower-double,114,6.999999999999986,0.5,-0.5839999999999999,-1.4210854715202004e-14,0.0,1.1102230246251565e-16
narrower-double,115,6.000000000000006,0.5,0.2340000000000014,6.217248937900877e-15,0.0,1.3877787807814457e-15
narrower-double,116,6.000000000000004,0.5,0.5619999999999982,4.440892098500626e-15,0.0,-1.887379141862766e-15
narrower-double,117,7.999999999999975,0.5,-0.6660000000000009,-2.4868995751603507e-14,0.0,-8.881784197001252e-16
narrower-double,118,6.000000000000009,0.5,-0.21200000000000327,8.881784197001252e-15,0.0,-3.2751579226442118e-15
narrower-double,119,6.000000000000035,0.5,-0.19100000000000147,3.4638958368304884e-14,0.0,-1.4710455076283324e-15
narrower-double,120,5.999999999999997,0.5,0.6670000000000086,-2.6645352591003757e-15,0.0,8.548717289613705e-15
narrower-double,121,8.000000000000025,0.5,-0.6530000000000034,2.4868995751603507e-14,0.0,-3.3306690738754696e-15
narrower-double,122,6.999999999999965,0.5,-0.8769999999999999,-3.4638958368304884e-14,0.0,1.1102230246251565e-16
narrower-double,123,7.000000000000019,0.5,-0.5580000000000016,1.865174681370263e-14,0.0,-1.5543122344752192e-15
narrower-double,124,6.000000000000048,0.5,0.18599999999999964,4.796163466380676e-14,0.0,-3.608224830031759e-16
narrower-double,125,5.999999999999993,0.5,0.5740000000000014,-7.105427357601002e-15,0.0,1.4432899320127035e-15
narrower-double,126,8.000000000000034,0.5,-0.694000000000001,3.375077994860476e-14,0.0,-9.992007221626409e-16
narrower-double,127,6.000000000000004,0.5,0.09600000000000364,4.440892098500626e-15,0.0,3.635980405647388e-15
narrower-double,128,15.999999999999925,0.5,-0.2850000000000013,-7.460698725481052e-14,0.0,-1.3322676295501878e-15
narrower-double,129,6.999999999999975,0.5,-0.5920000000000001,-2.4868995751603507e-14,0.0,-1.1102230246251565e-16
narrower-double,130,6.000000000000003,0.5,0.26700000000000107,2.6645352591003757e-15,0.0,1.0547118733938987e-15
narrower-double,131,6.000000000000038,0.5,0.5599999999999997,3.8191672047105385e-14,0.0,-3.3306690738754696e-16
narrower-double,132,8.000000000000044,0.5,-0.6730000000000017,4.440892098500626e-14,0.0,-1.6653345369377348e-15
narrower-double,133,5.999999999999998,0.5,-0.3919999999999997,-1.7763568394002505e-15,0.0,3.3306690738754696e-16
narrower-double,134,7.0000000000000275,0.5,-0.5879999999999993,2.7533531010703882e-14,0.0,6.661338147750939e-16
narrower-double,135,6.000000000000042,0.5,0.21500000000000072,4.1744385725905886e-14,0.0,7.216449660063518e-16
narrower-double,136,6.000000000000057,0.5,0.5599999999999955,5.684341886080802e-14,0.0,-4.551914400963142e-15
narrower-double,137,8.000000000000039,0.5,-0.6609999999999985,3.907985046680551e-14,0.0,1.5543122344752192e-15
narrower-double,138,6.00000000000001,0.5,-0.005000000000000768,9.769962616701378e-15,0.0,-7.676151381197371e-16
narrower-double,139,6.000000000000026,0.5,-0.3620000000000002,2.5757174171303632e-14,0.0,-2.220446049250313e-16
narrower-double,140,6.000000000000014,0.5,-0.360000000000001,1.4210854715202004e-14,0.0,-9.992007221626409e-16
narrower-double,141,7.000000000000073,0.5,-0.5900000000000032,7.283063041541027e-14,0.0,-3.219646771412954e-15
narrower-double,142,5.999999999999993,0.5,0.2140000000000032,-7.105427357601002e-15,0.0,3.191891195797325e-15
narrower-double,143,6.000000000000002,0.5,0.5600000000000056,1.7763568394002505e-15,0.0,5.551115123125783e-15
narrower-double,144,8.000000000000076,0.5,-0.6570000000000076,7.638334409421077e-14,0.0,-7.549516567451064e-15
narrower-double,145,6.00000000000002,0.5,-0.032000000000001146,2.042810365310288e-14,0.0,-1.1449174941446927e-15
narrower-double,146,6.000000000000009,0.5,-0.15400000000000041,8.881784197001252e-15,0.0,-4.163336342344337e-16
narrower-double,147,6.000000000000045,0.5,-0.3600000000000003,4.529709940470639e-14,0.0,-3.3306690738754696e-16
narrower-double,148,6.0,0.5,-0.33199999999999996,0.0,0.0,5.551115123125783e-17
narrower-double,149,7.000000000000013,0.5,-0.5930000000000006,1.3322676295501878e-14,0.0,-6.661338147750939e-16
narrower-double,150,6.000000000000023,0.5,0.2419999999999947,2.3092638912203256e-14,0.0,-5.3013149425851225e-15
narrower-double,151,6.000000000000004,0.5,0.5570000000000073,4.440892098500626e-15,0.0,7.216449660063518e-15
narrower-double,152,8.000000000000107,0.5,-0.6630000000000063,1.0658141036401503e-13,0.0,-6.217248937900877e-15
narrower-double,153,6.0000000000000995,0.5,-0.23500000000000218,9.947598300641403e-14,0.0,-2.192690473634684e-15
narrower-double,154,5.999999999999998,0.49999999999999994,0.0489999999999993,-1.7763568394002505e-15,-5.551115123125783e-17,-7.008282842946301e-16
narrower-double,155,6.0,0.5,-0.35900000000000004,0.0,0.0,-5.551115123125783e-17
narrower-double,156,6.000000000000001,0.49999999999999994,-0.3609999999999993,8.881784197001252e-16,-5.551115123125783e-17,6.661338147750939e-16
narrower-double,157,7.000000000000013,0.5,-0.5660000000000034,1.3322676295501878e-14,0.0,-3.4416913763379853e-15
narrower-double,158,6.000000000000047,0.5,0.10800000000000254,4.707345624410664e-14,0.0,2.5396351688300456e-15
narrower-double,159,6.000000000000084,0.5,0.5810000000000036,8.43769498715119e-14,0.0,3.6637359812630166e-15
narrower-double,160,8.000000000000089,0.5,-0.6680000000000094,8.881784197001252e-14,0.0,-9.325873406851315e-15
narrower-double,161,7.000000000000058,0.5,-0.3100000000000022,5.773159728050814e-14,0.0,-2.220446049250313e-15
narrower-double,162,6.000000000000109,0.5,0.17000000000000198,1.092459456231154e-13,0.0,1.970645868709653e-15
narrower-double,163,6.000000000000016,0.5,0.5670000000000038,1.5987211554602254e-14,0.0,3.885780586188048e-15
narrower-double,164,8.00000000000013,0.5,-0.6700000000000093,1.2967404927621828e-13,0.0,-9.2148511043888e-15
narrower-double,165,6.000000000000077,0.5,-0.19600000000000173,7.72715225139109e-14,0.0,-1.7208456881689926e-15
narrower-double,166,6.000000000000076,0.5,-0.16500000000000273,7.638334409421077e-14,0.0,-2.7200464103316335e-15
narrower-double,167,6.0000000000000915,0.5,0.02099999999999761,9.14823772291129e-14,0.0,-2.39044894989604e-15
narrower-double,168,8.00000000000014,0.5,-2.5098992680020813e-15,1.4033219031261979e-13,0.0,-2.5098992680020813e-15
wider-double,1,7.000000000000005,0.5,-0.592000000000001,5.329070518200751e-15,0.0,-9.992007221626409e-16
wider-double,2,5.999999999999997,0.5,0.244,-2.6645352591003757e-15,0.0,0.0
wider-double,3,6.0,0.5,0.559000000000001,0.0,0.0,9.992007221626409e-16
wider-double,4,7.999999999999982,0.5,-0.6650000000000017,-1.7763568394002505e-14,0.0,-1.6653345369377348e-15
wider-double,5,6.000000000000002,0.5,-0.27399999999999947,1.7763568394002505e-15,0.0,5.551115123125783e-16
wider-double,6,5.999999999999989,0.49999999999999994,0.07300000000000018,-1.0658141036401503e-14,-5.551115123125783e-17,1.8041124150158794e-16
wider-double,7,15.999999999999995,0.49999999999999994,-0.14099999999999982,-5.329070518200751e-15,-5.551115123125783e-17,1.6653345369377348e-16
wider-double,8,5.999999999999999,0.5,-0.06999999999999999,-8.881784197001252e-16,0.0,1.3877787807814457e-17
wider-double,9,6.999999999999992,0.5,-0.5889999999999981,-7.993605777301127e-15,0.0,1.887379141862766e-15
wider-double,10,5.999999999999979,0.5,0.23499999999999907,-2.1316282072803006e-14,0.0,-9.159339953157541e-16
wider-double,11,5.999999999999998,0.5,0.5590000000000027,-1.7763568394002505e-15,0.0,2.6645352591003757e-15
wider-double,12,7.99999999999999,0.5,-0.6559999999999995,-9.769962616701378e-15,0.0,5.551115123125783e-16
wider-double,13,5.999999999999987,0.5,-0.15599999999999908,-1.3322676295501878e-14,0.0,9.159339953157541e-16
wider-double,14,5.999999999999994,0.5,0.006999999999999196,-6.217248937900877e-15,0.0,-8.040443311152501e-16
wider-double,15,5.999999999999996,0.5,-0.20400000000000068,-4.440892098500626e-15,0.0,-6.938893903907228e-16
wider-double,16,6.000000000000004,0.5,-0.20499999999999996,4.440892098500626e-15,0.0,2.7755575615628914e-17
wider-double,17,6.000000000000011,0.5,-0.1769999999999998,1.0658141036401503e-14,0.0,1.942890293094024e-16
wider-double,18,5.999999999999996,0.5,-0.1789999999999995,-4.440892098500626e-15,0.0,4.996003610813204e-16
wider-double,19,5.999999999999972,0.5,-0.18199999999999944,-2.842170943040401e-14,0.0,5.551115123125783e-16
wider-double,20,6.99999999999998,0.49999999999999994,-0.590000000000001,-2.042810365310288e-14,-5.551115123125783e-17,-9.992007221626409e-16
wider-double,21,5.999999999999998,0.5,0.24000000000000046,-1.7763568394002505e-15,0.0,4.718447854656915e-16
wider-double,22,6.000000000000023,0.5,0.5580000000000006,2.3092638912203256e-14,0.0,5.551115123125783e-16
wider-double,23,7.999999999999995,0.5,-0.6580000000000017,-5.329070518200751e-15,0.0,-1.6653345369377348e-15
wider-double,24,6.00000000000002,0.5,-0.21500000000000102,2.042810365310288e-14,0.0,-1.0269562977782698e-15
wider-double,25,6.0000000000000115,0.5,-0.19,1.1546319456101628e-14,0.0,0.0
wider-double,26,6.000000000000019,0.5,0.11599999999999885,1.865174681370263e-14,0.0,-1.1518563880486e-15
wider-double,27,7.000000000000016,0.5,-0.6039999999999983,1.5987211554602254e-14,0.0,1.6653345369377348e-15
wider-double,28,5.999999999999994,0.5,0.9009999999999974,-6.217248937900877e-15,0.0,-2.6645352591003757e-15
wider-double,29,7.00000000000001,0.5,-0.9080000000000008,9.769962616701378e-15,0.0,-7.771561172376096e-16
wider-double,30,7.000000000000021,0.5,-0.9059999999999969,2.1316282072803006e-14,0.0,3.1086244689504383e-15
wider-double,31,6.999999999999994,0.5,-0.5840000000000011,-6.217248937900877e-15,0.0,-1.1102230246251565e-15
wider-double,32,6.000000000000038,0.5,0.2349999999999994,3.8191672047105385e-14,0.0,-5.828670879282072e-16
wider-double,33,6.000000000000014,0.5,0.5629999999999976,1.4210854715202004e-14,0.0,-2.3314683517128287e-15
wider-double,34,8.000000000000007,0.5,-0.6629999999999989,7.105427357601002e-15,0.0,1.1102230246251565e-15
wider-double,35,5.999999999999998,0.5,-0.1530000000000008,-1.7763568394002505e-15,0.0,-8.049116928532385e-16
wider-double,36,6.000000000000002,0.5,0.02200000000000147,1.7763568394002505e-15,0.0,1.4710455076283324e-15
wider-double,37,7.000000000000016,0.5,-0.29600000000000126,1.5987211554602254e-14,0.0,-1.27675647831893e-15
wider-double,38,6.00000000000001,0.5,-0.18200000000000036,9.769962616701378e-15,0.0,-3.608224830031759e-16
wider-double,39,6.000000000000024,0.5,-0.012000000000000278,2.398081733190338e-14,0.0,-2.7755575615628914e-16
wider-double,40,6.999999999999994,0.5,-0.2250000000000002,-6.217248937900877e-15,0.0,-1.942890293094024e-16
wider-double,41,7.000000000000015,0.5,-0.5680000000000008,1.509903313490213e-14,0.0,-8.881784197001252e-16
wider-double,42,6.000000000000019,0.49999999999999994,0.24599999999999675,1.865174681370263e-14,-5.551115123125783e-17,-3.247402347028583e-15
wider-double,43,6.000000000000005,0.5,0.5700000000000004,5.329070518200751e-15,0.0,4.440892098500626e-16
wider-double,44,7.999999999999978,0.4999999999999999,-0.672999999999998,-2.220446049250313e-14,-1.1102230246251565e-16,1.9984014443252818e-15
wider-double,45,5.999999999999983,0.5,-0.27600000000000047,-1.687538997430238e-14,0.0,-4.440892098500626e-16
wider-double,46,5.999999999999991,0.5,0.704000000000004,-8.881784197001252e-15,0.0,3.9968028886505635e-15
wider-double,47,7.999999999999995,0.5,-0.7710000000000002,-5.329070518200751e-15,0.0,-2.220446049250313e-16
wider-double,48,7.999999999999995,0.5,-0.761000000000001,-5.329070518200751e-15,0.0,-9.992007221626409e-16
wider-double,49,7.0,0.5,-0.5750000000000007,0.0,0.0,-7.771561172376096e-16
wider-double,50,5.999999999999999,0.5,0.2339999999999975,-8.881784197001252e-16,0.0,-2.525757381022231e-15
wider-double,51,5.999999999999997,0.49999999999999994,0.5680000000000022,-2.6645352591003757e-15,-5.551115123125783e-17,2.220446049250313e-15
wider-double,52,8.000000000000002,0.49999999999999983,-0.6810000000000005,1.7763568394002505e-15,-1.6653345369377348e-16,-4.440892098500626e-16
wider-double,53,6.000000000000007,0.5,-0.20699999999999974,7.105427357601002e-15,0.0,2.498001805406602e-16
wider-double,54,6.000000000000013,0.5,-0.2230000000000007,1.3322676295501878e-14,0.0,-6.938893903907228e-16
wider-double,55,6.000000000000025,0.5,0.6930000000000024,2.4868995751603507e-14,0.0,2.4424906541753444e-15
wider-double,56,7.999999999999995,0.5,-0.772000000000003,-5.329070518200751e-15,0.0,-2.9976021664879227e-15
wider-double,57,7.999999999999998,0.5,-0.7640000000000009,-1.7763568394002505e-15,0.0,-8.881784197001252e-16
wider-double,58,6.999999999999993,0.49999999999999994,-0.5849999999999992,-7.105427357601002e-15,-5.551115123125783e-17,7.771561172376096e-16
wider-double,59,6.000000000000031,0.5000000000000001,0.23799999999999963,3.108624468950438e-14,1.1102230246251565e-16,-3.608224830031759e-16
wider-double,60,5.999999999999987,0.49999999999999994,0.5609999999999978,-1.3322676295501878e-14,-5.551115123125783e-17,-2.220446049250313e-15
wider-double,61,7.999999999999982,0.49999999999999983,-0.6519999999999971,-1.7763568394002505e-14,-1.6653345369377348e-16,2.886579864025407e-15
wider-double,62,6.00000000000001,0.5,-0.2140000000000012,9.769962616701378e-15,0.0,-1.1934897514720433e-15
wider-double,63,6.000000000000011,0.5,-0.16400000000000012,1.0658141036401503e-14,0.0,-1.1102230246251565e-16
wider-double,64,6.000000000000003,0.49999999999999994,-0.1909999999999994,2.6645352591003757e-15,-5.551115123125783e-17,6.106226635438361e-16
wider-double,65,5.999999999999999,0.5,0.03699999999999983,-8.881784197001252e-16,0.0,-1.6653345369377348e-16
wider-double,66,6.9999999999999964,0.5,-0.3980000000000006,-3.552713678800501e-15,0.0,-5.551115123125783e-16
wider-double,67,7.000000000000004,0.49999999999999994,-0.5789999999999981,4.440892098500626e-15,-5.551115123125783e-17,1.887379141862766e-15
wider-double,68,6.000000000000009,0.5,0.19300000000000017,8.881784197001252e-15,0.0,1.6653345369377348e-16
wider-double,69,5.999999999999993,0.49999999999999994,0.5670000000000003,-7.105427357601002e-15,-5.551115123125783e-17,3.3306690738754696e-16
wider-double,70,7.9999999999999645,0.4999999999999998,-0.6709999999999958,-3.552713678800501e-14,-2.220446049250313e-16,4.218847493575595e-15
wider-double,71,5.999999999999998,0.5,0.07899999999999853,-1.7763568394002505e-15,0.0,-1.4710455076283324e-15
wider-double,72,8.000000000000032,0.5,-0.48899999999999916,3.197442310920451e-14,0.0,8.326672684688674e-16
wider-double,73,7.000000000000052,0.4999999999999999,-0.5730000000000056,5.240252676230739e-14,-1.1102230246251565e-16,-5.662137425588298e-15
wider-double,74,6.000000000000032,0.5,0.16900000000000093,3.197442310920451e-14,0.0,9.159339953157541e-16
wider-double,75,5.999999999999991,0.49999999999999994,0.5649999999999978,-8.881784197001252e-15,-5.551115123125783e-17,-2.1094237467877974e-15
wider-double,76,7.999999999999965,0.49999999999999994,-0.6589999999999968,-3.4638958368304884e-14,-5.551115123125783e-17,3.219646771412954e-15
wider-double,77,5.999999999999988,0.5,0.2320000000000011,-1.2434497875801753e-14,0.0,1.0824674490095276e-15
wider-double,78,7.9999999999999645,0.5,-0.49399999999999966,-3.552713678800501e-14,0.0,3.3306690738754696e-16
wider-double,79,5.999999999999998,0.49999999999999994,-0.41300000000000164,-1.7763568394002505e-15,-5.551115123125783e-17,-1.6653345369377348e-15
wider-double,80,6.999999999999999,0.4999999999999999,-0.5859999999999985,-8.881784197001252e-16,-1.1102230246251565e-16,1.4432899320127035e-15
wider-double,81,6.000000000000014,0.5,0.23500000000000007,1.4210854715202004e-14,0.0,8.326672684688674e-17
wider-double,82,6.0000000000000036,0.49999999999999994,0.5609999999999986,3.552713678800501e-15,-5.551115123125783e-17,-1.4432899320127035e-15
wider-double,83,7.999999999999988,0.49999999999999994,-0.6619999999999971,-1.2434497875801753e-14,-5.551115123125783e-17,2.886579864025407e-15
wider-double,84,6.000000000000001,0.5,-0.14800000000000055,8.881784197001252e-16,0.0,-5.551115123125783e-16
wider-double,85,6.000000000000032,0.5,-0.04400000000000165,3.197442310920451e-14,0.0,-1.6514567491299204e-15
wider-double,86,6.000000000000032,0.5,-0.18199999999999952,3.197442310920451e-14,0.0,4.718447854656915e-16
wider-double,87,6.0,0.5,-0.18199999999999827,0.0,0.0,1.7208456881689926e-15
wider-double,88,6.000000000000036,0.5,-0.33400000000000163,3.6415315207705135e-14,0.0,-1.609823385706477e-15
wider-double,89,6.000000000000021,0.5,-0.3450000000000029,2.1316282072803006e-14,0.0,-2.942091015256665e-15
wider-double,90,5.999999999999978,0.5,0.40300000000000236,-2.220446049250313e-14,0.0,2.3314683517128287e-15
wider-double,91,8.000000000000039,0.5,-0.568000000000001,3.907985046680551e-14,0.0,-9.992007221626409e-16
wider-double,92,7.000000000000019,0.49999999999999994,-0.5890000000000023,1.865174681370263e-14,-5.551115123125783e-17,-2.3314683517128287e-15
wider-double,93,5.999999999999987,0.5000000000000001,0.23299999999999785,-1.3322676295501878e-14,1.1102230246251565e-16,-2.1649348980190553e-15
wider-double,94,5.9999999999999885,0.5,0.5650000000000045,-1.1546319456101628e-14,0.0,4.551914400963142e-15
wider-double,95,8.000000000000007,0.49999999999999994,-0.6690000000000007,7.105427357601002e-15,-5.551115123125783e-17,-6.661338147750939e-16
wider-double,96,5.999999999999999,0.5,-0.13299999999999962,-8.881784197001252e-16,0.0,3.885780586188048e-16
wider-double,97,5.999999999999986,0.5,-0.17499999999999824,-1.4210854715202004e-14,0.0,1.7486012637846216e-15
wider-double,98,5.99999999999998,0.49999999999999994,-0.08300000000000149,-2.042810365310288e-14,-5.551115123125783e-17,-1.4849232954361469e-15
wider-double,99,5.999999999999982,0.5,0.012999999999999548,-1.7763568394002505e-14,0.0,-4.510281037539698e-16
wider-double,100,6.999999999999989,0.5,-0.30999999999999883,-1.0658141036401503e-14,0.0,1.1657341758564144e-15
wider-double,101,5.999999999999991,0.5,0.1950000000000016,-8.881784197001252e-15,0.0,1.582067810090848e-15
wider-double,102,5.999999999999997,0.5000000000000001,-0.23000000000000054,-2.6645352591003757e-15,1.1102230246251565e-16,-5.273559366969494e-16
wider-double,103,6.000000000000002,0.5,-0.26800000000000085,1.7763568394002505e-15,0.0,-8.326672684688674e-16
wider-double,104,6.000000000000008,0.5,-0.2129999999999999,7.993605777301127e-15,0.0,8.326672684688674e-17
wider-double,105,6.0000000000000036,0.5000000000000001,-0.18999999999999995,3.552713678800501e-15,1.1102230246251565e-16,5.551115123125783e-17
wider-double,106,7.00000000000001,0.49999999999999994,-0.5850000000000022,9.769962616701378e-15,-5.551115123125783e-17,-2.220446049250313e-15
wider-double,107,6.000000000000013,0.49999999999999994,0.2440000000000011,1.3322676295501878e-14,-5.551115123125783e-17,1.1102230246251565e-15
wider-double,108,5.999999999999948,0.49999999999999994,0.560999999999999,-5.240252676230739e-14,-5.551115123125783e-17,-9.992007221626409e-16
wider-double,109,7.999999999999963,0.49999999999999983,-0.6639999999999967,-3.730349362740526e-14,-1.6653345369377348e-16,3.3306690738754696e-15
wider-double,110,5.999999999999985,0.49999999999999994,-0.2379999999999993,-1.509903313490213e-14,-5.551115123125783e-17,6.938893903907228e-16
wider-double,111,6.0,0.5,0.6730000000000016,0.0,0.0,1.5543122344752192e-15
wider-double,112,8.000000000000034,0.5,-0.6589999999999999,3.375077994860476e-14,0.0,1.1102230246251565e-16
wider-double,113,7.000000000000047,0.49999999999999994,-0.8720000000000077,4.707345624410664e-14,-5.551115123125783e-17,-7.66053886991358e-15
wider-double,114,7.000000000000027,0.49999999999999994,-0.5840000000000035,2.6645352591003757e-14,-5.551115123125783e-17,-3.552713678800501e-15
wider-double,115,6.000000000000017,0.5,0.2339999999999984,1.687538997430238e-14,0.0,-1.609823385706477e-15
wider-double,116,5.99999999999998,0.5,0.5620000000000027,-2.042810365310288e-14,0.0,2.6645352591003757e-15
wider-double,117,8.000000000000002,0.4999999999999999,-0.6659999999999968,1.7763568394002505e-15,-1.1102230246251565e-16,3.219646771412954e-15
wider-double,118,6.000000000000011,0.5,-0.21199999999999816,1.0658141036401503e-14,0.0,1.8318679906315083e-15
wider-double,119,5.999999999999971,0.5,-0.1910000000000013,-2.930988785010413e-14,0.0,-1.304512053934559e-15
wider-double,120,6.000000000000033,0.5,0.6669999999999979,3.2862601528904634e-14,0.0,-2.1094237467877974e-15
wider-double,121,8.000000000000014,0.5,-0.6529999999999988,1.4210854715202004e-14,0.0,1.2212453270876722e-15
wider-double,122,7.000000000000011,0.5,-0.8770000000000044,1.0658141036401503e-14,0.0,-4.440892098500626e-15
wider-double,123,6.999999999999989,0.49999999999999994,-0.5579999999999969,-1.0658141036401503e-14,-5.551115123125783e-17,3.1086244689504383e-15
wider-double,124,6.000000000000036,0.5,0.18599999999999203,3.6415315207705135e-14,0.0,-7.965850201685498e-15
wider-double,125,6.000000000000025,0.5,0.5739999999999992,2.4868995751603507e-14,0.0,-7.771561172376096e-16
wider-double,126,8.000000000000046,0.49999999999999994,-0.6939999999999995,4.618527782440651e-14,-5.551115123125783e-17,4.440892098500626e-16
wider-double,127,6.0000000000000355,0.49999999999999994,0.09600000000000333,3.552713678800501e-14,-5.551115123125783e-17,3.3306690738754696e-15
wider-double,128,15.999999999999996,0.5,-0.2850000000000018,-3.552713678800501e-15,0.0,-1.8318679906315083e-15
wider-double,129,6.999999999999998,0.49999999999999994,-0.5920000000000039,-1.7763568394002505e-15,-5.551115123125783e-17,-3.885780586188048e-15
wider-double,130,6.000000000000046,0.5,0.2669999999999971,4.618527782440651e-14,0.0,-2.942091015256665e-15
wider-double,131,6.000000000000006,0.49999999999999994,0.560000000000004,6.217248937900877e-15,-5.551115123125783e-17,3.9968028886505635e-15
wider-double,132,7.999999999999995,0.4999999999999999,-0.6729999999999972,-5.329070518200751e-15,-1.1102230246251565e-16,2.886579864025407e-15
wider-double,133,6.000000000000032,0.5,-0.3920000000000001,3.197442310920451e-14,0.0,-1.1102230246251565e-16
wider-double,134,6.999999999999982,0.4999999999999999,-0.588000000000001,-1.7763568394002505e-14,-1.1102230246251565e-16,-9.992007221626409e-16
wider-double,135,6.000000000000049,0.5,0.2149999999999978,4.884981308350689e-14,0.0,-2.192690473634684e-15
wider-double,136,6.000000000000026,0.49999999999999994,0.5599999999999998,2.5757174171303632e-14,-5.551115123125783e-17,-2.220446049250313e-16
wider-double,137,7.999999999999992,0.5,-0.6610000000000004,-7.993605777301127e-15,0.0,-3.3306690738754696e-16
wider-double,138,6.000000000000036,0.5,-0.005000000000003334,3.6415315207705135e-14,0.0,-3.3341385208274232e-15
wider-double,139,6.000000000000034,0.5,-0.36200000000000104,3.375077994860476e-14,0.0,-1.0547118733938987e-15
wider-double,140,6.000000000000041,0.49999999999999994,-0.36000000000000026,4.085620730620576e-14,-5.551115123125783e-17,-2.7755575615628914e-16
wider-double,141,7.000000000000038,0.49999999999999994,-0.59,3.8191672047105385e-14,-5.551115123125783e-17,0.0
wider-double,142,6.000000000000028,0.5,0.21400000000000216,2.842170943040401e-14,0.0,2.1649348980190553e-15
wider-double,143,6.000000000000001,0.5,0.5599999999999978,8.881784197001252e-16,0.0,-2.220446049250313e-15
wider-double,144,8.000000000000046,0.5,-0.6570000000000003,4.618527782440651e-14,0.0,-2.220446049250313e-16
wider-double,145,6.000000000000053,0.5,-0.032000000000005406,5.3290705182007514e-14,0.0,-5.405398351143731e-15
wider-double,146,6.000000000000044,0.5,-0.15399999999999955,4.440892098500626e-14,0.0,4.440892098500626e-16
wider-double,147,6.000000000000066,0.5,-0.3600000000000001,6.572520305780927e-14,0.0,-1.1102230246251565e-16
wider-double,148,6.000000000000011,0.5,-0.3320000000000011,1.0658141036401503e-14,0.0,-1.1102230246251565e-15
wider-double,149,7.000000000000064,0.49999999999999994,-0.5930000000000006,6.394884621840902e-14,-5.551115123125783e-17,-6.661338147750939e-16
wider-double,150,5.999999999999997,0.5,0.24199999999999633,-2.6645352591003757e-15,0.0,-3.6637359812630166e-15
wider-double,151,6.000000000000004,0.49999999999999994,0.5570000000000017,4.440892098500626e-15,-5.551115123125783e-17,1.6653345369377348e-15
wider-double,152,8.000000000000089,0.5,-0.6630000000000045,8.881784197001252e-14,0.0,-4.440892098500626e-15
wider-double,153,6.000000000000016,0.5,-0.23499999999999993,1.5987211554602254e-14,0.0,5.551115123125783e-17
wider-double,154,5.99999999999999,0.5,0.049000000000001535,-9.769962616701378e-15,0.0,1.5334955527634975e-15
wider-double,155,5.999999999999994,0.5,-0.35900000000000065,-6.217248937900877e-15,0.0,-6.661338147750939e-16
wider-double,156,6.000000000000001,0.5,-0.36100000000000043,8.881784197001252e-16,0.0,-4.440892098500626e-16
wider-double,157,6.999999999999996,0.5,-0.5659999999999994,-4.440892098500626e-15,0.0,5.551115123125783e-16
wider-double,158,5.999999999999994,0.49999999999999994,0.10799999999999957,-6.217248937900877e-15,-5.551115123125783e-17,-4.3021142204224816e-16
wider-double,159,5.999999999999971,0.49999999999999994,0.5810000000000013,-2.930988785010413e-14,-5.551115123125783e-17,1.3322676295501878e-15
wider-double,160,7.999999999999989,0.49999999999999994,-0.668,-1.0658141036401503e-14,-5.551115123125783e-17,0.0
wider-double,161,6.9999999999999964,0.5,-0.3099999999999983,-3.552713678800501e-15,0.0,1.7208456881689926e-15
wider-double,162,5.999999999999994,0.49999999999999994,0.1699999999999992,-6.217248937900877e-15,-5.551115123125783e-17,-8.049116928532385e-16
wider-double,163,5.999999999999988,0.49999999999999994,0.566999999999997,-1.2434497875801753e-14,-5.551115123125783e-17,-2.9976021664879227e-15
wider-double,164,8.000000000000004,0.5,-0.6699999999999995,3.552713678800501e-15,0.0,5.551115123125783e-16
wider-double,165,6.000000000000003,0.5,-0.1959999999999999,2.6645352591003757e-15,0.0,1.1102230246251565e-16
wider-double,166,6.0000000000000036,0.5,-0.1650000000000003,3.552713678800501e-15,0.0,-3.0531133177191805e-16
wider-double,167,6.000000000000001,0.5,0.020999999999999585,8.881784197001252e-16,0.0,-4.163336342344337e-16
wider-double,168,8.00000000000008,0.5,-8.717286945988811e-17,7.993605777301127e-14,0.0,-8.717286945988811e-17
mixed-double,1,7.000000000000005,0.5,-0.5920000000000006,5.329070518200751e-15,0.0,-6.661338147750939e-16
mixed-double,2,5.999999999999997,0.5,0.24400000000000052,-2.6645352591003757e-15,0.0,5.273559366969494e-16
mixed-double,3,5.9999999999999964,0.49999999999999994,0.5589999999999999,-3.552713678800501e-15,-5.551115123125783e-17,-1.1102230246251565e-16
mixed-double,4,8.00000000000001,0.5,-0.6650000000000007,1.0658141036401503e-14,0.0,-6.661338147750939e-16
mixed-double,5,6.000000000000003,0.5,-0.27400000000000035,2.6645352591003757e-15,0.0,-3.3306690738754696e-16
mixed-double,6,5.999999999999995,0.5,0.07300000000000043,-5.329070518200751e-15,0.0,4.3021142204224816e-16
mixed-double,7,16.000000000000004,0.5,-0.1409999999999999,3.552713678800501e-15,0.0,8.326672684688674e-17
mixed-double,8,6.000000000000004,0.5,-0.06999999999999994,4.440892098500626e-15,0.0,6.938893903907228e-17
mixed-double,9,6.999999999999997,0.5,-0.5889999999999991,-2.6645352591003757e-15,0.0,8.881784197001252e-16
mixed-double,10,6.000000000000003,0.5,0.2350000000000001,2.6645352591003757e-15,0.0,1.1102230246251565e-16
mixed-double,11,6.000000000000012,0.49999999999999994,0.5589999999999973,1.2434497875801753e-14,-5.551115123125783e-17,-2.7755575615628914e-15
mixed-double,12,7.999999999999995,0.49999999999999994,-0.6559999999999991,-5.329070518200751e-15,-5.551115123125783e-17,8.881784197001252e-16
mixed-double,13,6.000000000000001,0.5,-0.1559999999999999,8.881784197001252e-16,0.0,1.1102230246251565e-16
mixed-double,14,6.000000000000008,0.5,0.0070000000000007,7.993605777301127e-15,0.0,6.999609225566417e-16
mixed-double,15,5.999999999999989,0.5,-0.2040000000000011,-1.0658141036401503e-14,0.0,-1.1102230246251565e-15
mixed-double,16,5.9999999999999885,0.49999999999999994,-0.20500000000000007,-1.1546319456101628e-14,-5.551115123125783e-17,-8.326672684688674e-17
mixed-double,17,6.000000000000014,0.5,-0.1770000000000007,1.4210854715202004e-14,0.0,-7.216449660063518e-16
mixed-double,18,6.000000000000004,0.5,-0.17900000000000074,4.440892098500626e-15,0.0,-7.494005416219807e-16
mixed-double,19,6.000000000000024,0.5,-0.18200000000000024,2.398081733190338e-14,0.0,-2.498001805406602e-16
mixed-double,20,7.000000000000015,0.5,-0.5900000000000007,1.509903313490213e-14,0.0,-7.771561172376096e-16
mixed-double,21,6.000000000000018,0.5,0.24000000000000077,1.7763568394002505e-14,0.0,7.771561172376096e-16
mixed-double,22,6.000000000000003,0.5,0.5579999999999987,2.6645352591003757e-15,0.0,-1.3322676295501878e-15
mixed-double,23,8.0,0.5,-0.6579999999999999,0.0,0.0,1.1102230246251565e-16
mixed-double,24,6.0,0.5,-0.21499999999999947,0.0,0.0,5.273559366969494e-16
mixed-double,25,5.999999999999994,0.5,-0.1899999999999991,-6.217248937900877e-15,0.0,9.159339953157541e-16
mixed-double,26,5.99999999999999,0.5,0.11599999999999888,-9.769962616701378e-15,0.0,-1.124100812432971e-15
mixed-double,27,6.999999999999968,0.5,-0.6039999999999984,-3.197442310920451e-14,0.0,1.5543122344752192e-15
mixed-double,28,6.000000000000035,0.5,0.9010000000000036,3.4638958368304884e-14,0.0,3.552713678800501e-15
mixed-double,29,7.000000000000044,0.5,-0.9080000000000072,4.440892098500626e-14,0.0,-7.216449660063518e-15
mixed-double,30,7.000000000000034,0.5,-0.906000000000001,3.375077994860476e-14,0.0,-9.992007221626409e-16
mixed-double,31,6.999999999999989,0.5,-0.5840000000000001,-1.0658141036401503e-14,0.0,-1.1102230246251565e-16
mixed-double,32,6.000000000000008,0.5,0.23500000000000332,7.993605777301127e-15,0.0,3.3306690738754696e-15
mixed-double,33,5.999999999999983,0.5,0.5630000000000026,-1.687538997430238e-14,0.0,2.6645352591003757e-15
mixed-double,34,7.999999999999988,0.49999999999999994,-0.6630000000000009,-1.2434497875801753e-14,-5.551115123125783e-17,-8.881784197001252e-16
mixed-double,35,5.999999999999986,0.49999999999999994,-0.15300000000000333,-1.4210854715202004e-14,-5.551115123125783e-17,-3.3306690738754696e-15
mixed-double,36,6.000000000000011,0.4999999999999999,0.022000000000002348,1.0658141036401503e-14,-1.1102230246251565e-16,2.348815586472597e-15
mixed-double,37,6.999999999999968,0.5,-0.2960000000000005,-3.197442310920451e-14,0.0,-4.996003610813204e-16
mixed-double,38,5.999999999999997,0.5,-0.18199999999999986,-2.6645352591003757e-15,0.0,1.3877787807814457e-16
mixed-double,39,6.000000000000017,0.5,-0.011999999999998947,1.687538997430238e-14,0.0,1.052977149917922e-15
mixed-double,40,6.999999999999981,0.5,-0.2250000000000002,-1.865174681370263e-14,0.0,-1.942890293094024e-16
mixed-double,41,6.999999999999997,0.5,-0.5680000000000006,-2.6645352591003757e-15,0.0,-6.661338147750939e-16
mixed-double,42,6.000000000000017,0.49999999999999994,0.24599999999999927,1.687538997430238e-14,-5.551115123125783e-17,-7.216449660063518e-16
mixed-double,43,6.000000000000013,0.5,0.5700000000000005,1.3322676295501878e-14,0.0,5.551115123125783e-16
mixed-double,44,7.999999999999968,0.5,-0.6729999999999997,-3.197442310920451e-14,0.0,3.3306690738754696e-16
mixed-double,45,6.000000000000011,0.5,-0.27600000000000036,1.0658141036401503e-14,0.0,-3.3306690738754696e-16
mixed-double,46,6.0000000000000036,0.5,0.7039999999999996,3.552713678800501e-15,0.0,-3.3306690738754696e-16
mixed-double,47,8.000000000000052,0.5,-0.7710000000000035,5.1514348342607263e-14,0.0,-3.4416913763379853e-15
mixed-double,48,8.000000000000007,0.5,-0.7609999999999996,7.105427357601002e-15,0.0,4.440892098500626e-16
mixed-double,49,7.000000000000001,0.5,-0.5749999999999988,8.881784197001252e-16,0.0,1.1102230246251565e-15
mixed-double,50,6.000000000000038,0.5,0.23399999999999915,3.8191672047105385e-14,0.0,-8.604228440844963e-16
mixed-double,51,6.000000000000001,0.49999999999999994,0.5680000000000017,8.881784197001252e-16,-5.551115123125783e-17,1.7763568394002505e-15
mixed-double,52,8.000000000000012,0.5,-0.681000000000005,1.2434497875801753e-14,0.0,-4.9960036108132044e-15
mixed-double,53,6.0000000000000195,0.5,-0.20700000000000013,1.9539925233402755e-14,0.0,-1.3877787807814457e-16
mixed-double,54,6.000000000000008,0.5,-0.22300000000000186,7.993605777301127e-15,0.0,-1.8596235662471372e-15
mixed-double,55,6.000000000000018,0.5,0.6930000000000012,1.7763568394002505e-14,0.0,1.2212453270876722e-15
mixed-double,56,7.999999999999993,0.5,-0.7719999999999967,-7.105427357601002e-15,0.0,3.3306690738754696e-15
mixed-double,57,8.000000000000018,0.5,-0.7640000000000033,1.7763568394002505e-14,0.0,-3.3306690738754696e-15
mixed-double,58,7.000000000000013,0.5,-0.5850000000000007,1.3322676295501878e-14,0.0,-7.771561172376096e-16
mixed-double,59,6.000000000000009,0.49999999999999994,0.23800000000000282,8.881784197001252e-15,-5.551115123125783e-17,2.831068712794149e-15
mixed-double,60,6.000000000000026,0.5,0.5609999999999986,2.5757174171303632e-14,0.0,-1.4432899320127035e-15
mixed-double,61,7.999999999999982,0.5,-0.651999999999998,-1.7763568394002505e-14,0.0,1.9984014443252818e-15
mixed-double,62,5.999999999999999,0.5,-0.21399999999999997,-8.881784197001252e-16,0.0,2.7755575615628914e-17
mixed-double,63,6.000000000000016,0.5,-0.1640000000000007,1.5987211554602254e-14,0.0,-6.938893903907228e-16
mixed-double,64,5.999999999999995,0.49999999999999994,-0.19100000000000045,-5.329070518200751e-15,-5.551115123125783e-17,-4.440892098500626e-16
mixed-double,65,5.999999999999994,0.5,0.037000000000000435,-6.217248937900877e-15,0.0,4.371503159461554e-16
mixed-double,66,7.000000000000003,0.5,-0.39799999999999996,2.6645352591003757e-15,0.0,5.551115123125783e-17
mixed-double,67,7.000000000000007,0.5,-0.5790000000000056,7.105427357601002e-15,0.0,-5.662137425588298e-15
mixed-double,68,5.999999999999988,0.5,0.19300000000000403,-1.2434497875801753e-14,0.0,4.0245584642661925e-15
mixed-double,69,5.999999999999984,0.5,0.5669999999999982,-1.5987211554602254e-14,0.0,-1.7763568394002505e-15
mixed-double,70,8.000000000000004,0.5,-0.6710000000000012,3.552713678800501e-15,0.0,-1.1102230246251565e-15
mixed-double,71,6.000000000000006,0.49999999999999994,0.07899999999999946,6.217248937900877e-15,-5.551115123125783e-17,-5.412337245047638e-16
mixed-double,72,7.99999999999996,0.49999999999999994,-0.4889999999999992,-3.9968028886505635e-14,-5.551115123125783e-17,7.771561172376096e-16
mixed-double,73,6.999999999999978,0.5,-0.572999999999998,-2.220446049250313e-14,0.0,1.9984014443252818e-15
mixed-double,74,5.99999999999999,0.5,0.16900000000000173,-9.769962616701378e-15,0.0,1.7208456881689926e-15
mixed-double,75,6.0000000000000036,0.49999999999999994,0.5649999999999958,3.552713678800501e-15,-5.551115123125783e-17,-4.107825191113079e-15
mixed-double,76,8.0,0.5,-0.6589999999999976,0.0,0.0,2.4424906541753444e-15
mixed-double,77,6.000000000000016,0.5,0.23200000000000043,1.5987211554602254e-14,0.0,4.163336342344337e-16
mixed-double,78,8.00000000000001,0.5,-0.4940000000000026,1.0658141036401503e-14,0.0,-2.609024107869118e-15
mixed-double,79,5.9999999999999805,0.5,-0.4129999999999986,-1.9539925233402755e-14,0.0,1.3877787807814457e-15
mixed-double,80,7.000000000000026,0.5,-0.5860000000000003,2.5757174171303632e-14,0.0,-3.3306690738754696e-16
mixed-double,81,6.000000000000015,0.5,0.23499999999999782,1.509903313490213e-14,0.0,-2.1649348980190553e-15
mixed-double,82,6.000000000000014,0.5,0.5609999999999981,1.4210854715202004e-14,0.0,-1.9984014443252818e-15
mixed-double,83,8.000000000000009,0.5,-0.6619999999999991,8.881784197001252e-15,0.0,8.881784197001252e-16
mixed-double,84,6.00000000000002,0.5,-0.14800000000000055,2.042810365310288e-14,0.0,-5.551115123125783e-16
mixed-double,85,6.000000000000011,0.5,-0.04399999999999891,1.0658141036401503e-14,0.0,1.0894063429134349e-15
mixed-double,86,6.000000000000015,0.5,-0.1820000000000011,1.509903313490213e-14,0.0,-1.1102230246251565e-15
mixed-double,87,5.999999999999994,0.5,-0.1820000000000012,-6.217248937900877e-15,0.0,-1.1934897514720433e-15
mixed-double,88,6.0000000000000036,0.5,-0.3340000000000003,3.552713678800501e-15,0.0,-2.7755575615628914e-16
mixed-double,89,6.000000000000018,0.5,-0.3450000000000002,1.7763568394002505e-14,0.0,-2.220446049250313e-16
mixed-double,90,5.9999999999999725,0.5,0.40299999999999997,-2.7533531010703882e-14,0.0,-5.551115123125783e-17
mixed-double,91,8.000000000000016,0.5,-0.5679999999999986,1.5987211554602254e-14,0.0,1.3322676295501878e-15
mixed-double,92,6.999999999999995,0.5,-0.5889999999999971,-5.329070518200751e-15,0.0,2.886579864025407e-15
mixed-double,93,6.000000000000018,0.49999999999999994,0.23299999999999954,1.7763568394002505e-14,-5.551115123125783e-17,-4.718447854656915e-16
mixed-double,94,6.000000000000017,0.5,0.5649999999999987,1.687538997430238e-14,0.0,-1.2212453270876722e-15
mixed-double,95,7.999999999999995,0.49999999999999994,-0.6689999999999955,-5.329070518200751e-15,-5.551115123125783e-17,4.551914400963142e-15
mixed-double,96,5.999999999999961,0.5,-0.13299999999999923,-3.907985046680551e-14,0.0,7.771561172376096e-16
mixed-double,97,5.999999999999972,0.5,-0.17499999999999785,-2.842170943040401e-14,0.0,2.1371793224034263e-15
mixed-double,98,5.99999999999999,0.49999999999999994,-0.08300000000000193,-9.769962616701378e-15,-5.551115123125783e-17,-1.9290125052862095e-15
mixed-double,99,6.000000000000028,0.5,0.012999999999999927,2.842170943040401e-14,0.0,-7.28583859910259e-17
mixed-double,100,7.000000000000018,0.5,-0.3099999999999986,1.7763568394002505e-14,0.0,1.3877787807814457e-15
mixed-double,101,6.00000000000001,0.5,0.19499999999999884,9.769962616701378e-15,0.0,-1.1657341758564144e-15
mixed-double,102,5.99999999999999,0.5,-0.23000000000000015,-9.769962616701378e-15,0.0,-1.3877787807814457e-16
mixed-double,103,6.000000000000018,0.5,-0.26800000000000124,1.7763568394002505e-14,0.0,-1.2212453270876722e-15
mixed-double,104,6.000000000000007,0.5,-0.21299999999999933,7.105427357601002e-15,0.0,6.661338147750939e-16
mixed-double,105,6.0,0.5,-0.19000000000000022,0.0,0.0,-2.220446049250313e-16
mixed-double,106,6.999999999999991,0.49999999999999994,-0.5850000000000023,-8.881784197001252e-15,-5.551115123125783e-17,-2.3314683517128287e-15
mixed-double,107,6.000000000000011,0.5,0.24400000000000222,1.0658141036401503e-14,0.0,2.220446049250313e-15
mixed-double,108,5.999999999999955,0.5,0.5610000000000034,-4.529709940470639e-14,0.0,3.3306690738754696e-15
mixed-double,109,8.000000000000002,0.5,-0.6639999999999998,1.7763568394002505e-15,0.0,2.220446049250313e-16
mixed-double,110,5.999999999999998,0.5,-0.2380000000000021,-1.7763568394002505e-15,0.0,-2.1094237467877974e-15
mixed-double,111,5.999999999999974,0.49999999999999994,0.6730000000000078,-2.5757174171303632e-14,-5.551115123125783e-17,7.771561172376096e-15
mixed-double,112,8.000000000000023,0.5,-0.6590000000000068,2.3092638912203256e-14,0.0,-6.772360450213455e-15
mixed-double,113,6.999999999999982,0.5,-0.871999999999999,-1.7763568394002505e-14,0.0,9.992007221626409e-16
mixed-double,114,7.000000000000012,0.5,-0.584,1.2434497875801753e-14,0.0,0.0
mixed-double,115,6.000000000000032,0.49999999999999994,0.23399999999999577,3.197442310920451e-14,-5.551115123125783e-17,-4.246603069191224e-15
mixed-double,116,6.000000000000043,0.5,0.5619999999999953,4.263256414560601e-14,0.0,-4.773959005888173e-15
mixed-double,117,8.000000000000036,0.5,-0.6659999999999977,3.552713678800501e-14,0.0,2.3314683517128287e-15
mixed-double,118,5.999999999999996,0.5,-0.21199999999999974,-4.440892098500626e-15,0.0,2.498001805406602e-16
mixed-double,119,6.00000000000001,0.49999999999999994,-0.19100000000000286,9.769962616701378e-15,-5.551115123125783e-17,-2.858824288409778e-15
mixed-double,120,5.999999999999985,0.49999999999999994,0.6670000000000138,-1.509903313490213e-14,-5.551115123125783e-17,1.3766765505351941e-14
mixed-double,121,8.000000000000028,0.5,-0.6530000000000058,2.842170943040401e-14,0.0,-5.773159728050814e-15
mixed-double,122,7.000000000000043,0.5,-0.8770000000000127,4.263256414560601e-14,0.0,-1.2656542480726785e-14
mixed-double,123,7.000000000000022,0.5,-0.5580000000000015,2.220446049250313e-14,0.0,-1.4432899320127035e-15
mixed-double,124,6.000000000000021,0.5,0.18599999999999986,2.1316282072803006e-14,0.0,-1.3877787807814457e-16
mixed-double,125,6.000000000000012,0.5,0.5739999999999988,1.2434497875801753e-14,0.0,-1.1102230246251565e-15
mixed-double,126,7.99999999999998,0.5,-0.6939999999999968,-2.042810365310288e-14,0.0,3.1086244689504383e-15
mixed-double,127,5.999999999999967,0.5,0.09599999999999842,-3.2862601528904634e-14,0.0,-1.582067810090848e-15
mixed-double,128,15.999999999999986,0.5,-0.28499999999999803,-1.4210854715202004e-14,0.0,1.942890293094024e-15
mixed-double,129,7.000000000000001,0.5,-0.5920000000000001,8.881784197001252e-16,0.0,-1.1102230246251565e-16
mixed-double,130,5.999999999999987,0.5,0.26700000000000074,-1.3322676295501878e-14,0.0,7.216449660063518e-16
mixed-double,131,5.999999999999971,0.5,0.5600000000000036,-2.930988785010413e-14,0.0,3.552713678800501e-15
mixed-double,132,8.000000000000027,0.5,-0.6730000000000029,2.6645352591003757e-14,0.0,-2.886579864025407e-15
mixed-double,133,6.000000000000003,0.5,-0.3920000000000006,2.6645352591003757e-15,0.0,-6.106226635438361e-16
mixed-double,134,7.000000000000011,0.5,-0.5880000000000055,1.0658141036401503e-14,0.0,-5.551115123125783e-15
mixed-double,135,5.999999999999996,0.5,0.21500000000000488,-4.440892098500626e-15,0.0,4.884981308350689e-15
mixed-double,136,6.000000000000011,0.5,0.5600000000000036,1.0658141036401503e-14,0.0,3.552713678800501e-15
mixed-double,137,8.000000000000108,0.5,-0.6610000000000077,1.0835776720341528e-13,0.0,-7.66053886991358e-15
mixed-double,138,5.999999999999974,0.5,-0.005000000000002122,-2.5757174171303632e-14,0.0,-2.121566811119635e-15
mixed-double,139,6.000000000000012,0.5,-0.3620000000000007,1.2434497875801753e-14,0.0,-7.216449660063518e-16
mixed-double,140,6.000000000000011,0.5,-0.35999999999999915,1.0658141036401503e-14,0.0,8.326672684688674e-16
mixed-double,141,7.000000000000103,0.5000000000000001,-0.5899999999999971,1.0302869668521453e-13,1.1102230246251565e-16,2.886579864025407e-15
mixed-double,142,5.999999999999993,0.5,0.2139999999999943,-7.105427357601002e-15,0.0,-5.689893001203927e-15
mixed-double,143,6.00000000000001,0.5,0.5600000000000127,9.769962616701378e-15,0.0,1.2656542480726785e-14
mixed-double,144,8.00000000000009,0.49999999999999994,-0.6570000000000132,9.059419880941277e-14,-5.551115123125783e-17,-1.3211653993039363e-14
mixed-double,145,6.000000000000041,0.5,-0.03200000000000063,4.085620730620576e-14,0.0,-6.314393452555578e-16
mixed-double,146,6.0000000000000195,0.49999999999999994,-0.15399999999999847,1.9539925233402755e-14,-5.551115123125783e-17,1.5265566588595902e-15
mixed-double,147,6.0000000000000435,0.5,-0.3599999999999992,4.3520742565306136e-14,0.0,7.771561172376096e-16
mixed-double,148,5.999999999999956,0.49999999999999994,-0.33199999999999946,-4.440892098500626e-14,-5.551115123125783e-17,5.551115123125783e-16
mixed-double,149,7.000000000000114,0.5,-0.5930000000000135,1.1368683772161603e-13,0.0,-1.354472090042691e-14
mixed-double,150,6.000000000000045,0.5,0.24199999999999752,4.529709940470639e-14,0.0,-2.4702462297909733e-15
mixed-double,151,6.0000000000000355,0.5,0.5570000000000174,3.552713678800501e-14,0.0,1.7319479184152442e-14
mixed-double,152,8.000000000000085,0.5,-0.6630000000000089,8.526512829121202e-14,0.0,-8.881784197001252e-15
mixed-double,153,6.0000000000000915,0.5,-0.2350000000000025,9.14823772291129e-14,0.0,-2.525757381022231e-15
mixed-double,154,5.999999999999998,0.5,0.048999999999999315,-1.7763568394002505e-15,0.0,-6.869504964868156e-16
mixed-double,155,5.9999999999999964,0.5,-0.3589999999999997,-3.552713678800501e-15,0.0,2.7755575615628914e-16
mixed-double,156,6.0000000000000036,0.49999999999999994,-0.3609999999999996,3.552713678800501e-15,-5.551115123125783e-17,3.885780586188048e-16
mixed-double,157,7.000000000000028,0.5,-0.5660000000000125,2.842170943040401e-14,0.0,-1.2545520178264269e-14
mixed-double,158,6.0,0.5,0.10800000000000395,0.0,0.0,3.95516952522712e-15
mixed-double,159,5.9999999999999805,0.5,0.5809999999999984,-1.9539925233402755e-14,0.0,-1.5543122344752192e-15
mixed-double,160,7.999999999999982,0.5,-0.667999999999996,-1.7763568394002505e-14,0.0,3.9968028886505635e-15
mixed-double,161,6.999999999999988,0.5,-0.30999999999999983,-1.2434497875801753e-14,0.0,1.6653345369377348e-16
mixed-double,162,5.999999999999993,0.5,0.17000000000000154,-7.105427357601002e-15,0.0,1.5265566588595902e-15
mixed-double,163,5.999999999999991,0.5,0.5669999999999958,-8.881784197001252e-15,0.0,-4.107825191113079e-15
mixed-double,164,7.999999999999997,0.5,-0.6699999999999984,-2.6645352591003757e-15,0.0,1.6653345369377348e-15
mixed-double,165,5.999999999999992,0.5,-0.19599999999999876,-7.993605777301127e-15,0.0,1.2490009027033011e-15
mixed-double,166,5.9999999999999885,0.5,-0.16500000000000042,-1.1546319456101628e-14,0.0,-4.163336342344337e-16
mixed-double,167,6.000000000000012,0.5,0.02099999999999934,1.2434497875801753e-14,0.0,-6.626643678231403e-16
mixed-double,168,8.000000000000101,0.49999999999999994,-6.211954686205151e-17,1.0125233984581428e-13,-5.551115123125783e-17,-6.211954686205151e-17
checkpoint-float32,1,6.999999997131198,0.49999999999123124,-0.5920000003783346,-2.8688020847766893e-09,-8.768763493094411e-12,-3.783345858821008e-10
checkpoint-float32,2,6.000000004185443,0.5000000003137074,0.2439999997302151,4.185443103210673e-09,3.137073933956458e-10,-2.6978488887330343e-10
checkpoint-float32,3,5.999999997327734,0.49999999876814594,0.5590000010917376,-2.6722659640654456e-09,-1.2318540631994779e-09,1.0917375892205428e-09
checkpoint-float32,4,8.000000003956822,0.49999999951396507,-0.6650000006073936,3.956822425266182e-09,-4.860349345214843e-10,-6.073935798767138e-10
checkpoint-float32,5,5.999999947580979,0.49999999736027495,-0.27399999735016967,-5.241902112373964e-08,-2.639725049657926e-09,2.6498303551392155e-09
checkpoint-float32,6,5.999999991642949,0.5000000008092061,0.07299999986979096,-8.357051051177677e-09,8.092061465347911e-10,-1.3020903799620953e-10
checkpoint-float32,7,15.999999994051517,0.4999999999129089,-0.14100000005196428,-5.94848259538594e-09,-8.709111209981302e-11,-5.1964293978912224e-11
checkpoint-float32,8,6.000000011256735,0.5000000014253378,-0.07000000082130595,1.125673509960734e-08,1.4253378477491196e-09,-8.213059399242439e-10
checkpoint-float32,9,6.999999994070486,0.4999999987771798,-0.5889999988915771,-5.929513768876404e-09,-1.222820178448103e-09,1.1084229090130293e-09
checkpoint-float32,10,6.000000000082275,0.5000000007970912,0.2349999983459398,8.22746315520817e-11,7.970911708454764e-10,-1.6540601943670907e-09
checkpoint-float32,11,5.999999995104066,0.49999999903029835,0.559000002710704,-4.895934324622431e-09,-9.697016523091406e-10,2.7107039946017153e-09
checkpoint-float32,12,7.999999989873769,0.4999999998745812,-0.6560000008716556,-1.0126231408946751e-08,-1.2541878646743498e-10,-8.716555255361413e-10
checkpoint-float32,13,6.000000010170449,0.5000000007339351,-0.15600000052256677,1.0170449371571522e-08,7.339351348889522e-10,-5.225667676356238e-10
checkpoint-float32,14,5.9999999738228205,0.4999999991762651,0.00700000003810825,-2.6177179535125106e-08,-8.237349136130945e-10,3.81082500625074e-11
checkpoint-float32,15,6.000000010560059,0.4999999999411117,-0.20399999843749883,1.0560058605335598e-08,-5.888828313871386e-11,1.5625011562381275e-09
checkpoint-float32,16,6.000000036435698,0.500000001651179,-0.20500000035834962,3.643569801425883e-08,1.6511789713291591e-09,-3.5834962774927703e-10
checkpoint-float32,17,5.999999989791815,0.49999999795887096,-0.17700000052512016,-1.0208185408089321e-08,-2.0411290435617957e-09,-5.251201695699592e-10
checkpoint-float32,18,6.000000005693421,0.5000000014865158,-0.1790000014097794,5.693420845886976e-09,1.4865157993426692e-09,-1.4097794043266276e-09
checkpoint-float32,19,6.00000001053008,0.5000000006062865,-0.1819999994207266,1.053007991913546e-08,6.062864654765576e-10,5.79273407019798e-10
checkpoint-float32,20,6.999999985117315,0.4999999980707253,-0.5900000006126889,-1.4882685306361054e-08,-1.9292746844534747e-09,-6.12688899614966e-10
checkpoint-float32,21,5.999999965622986,0.4999999990780432,0.24000000202420857,-3.4377014124231664e-08,-9.219567886908919e-10,2.0242085785326935e-09
checkpoint-float32,22,6.000000009812821,0.5000000000270435,0.5579999990692085,9.812820778165587e-09,2.7043478567634338e-11,-9.307915549428003e-10
checkpoint-float32,23,7.999999985188794,0.5000000005884893,-0.6579999999940984,-1.4811205595322008e-08,5.88489257324909e-10,5.901612531999945e-12
checkpoint-float32,24,5.999999988699641,0.49999999834516845,-0.21500000043458084,-1.1300358870869331e-08,-1.6548315495690247e-09,-4.3458084353353854e-10
checkpoint-float32,25,5.999999983362231,0.5000000007216595,-0.18999999863606046,-1.6637769384431067e-08,7.216595099279743e-10,1.3639395446407576e-09
checkpoint-float32,26,5.999999981481901,0.49999999888266816,0.11599999914819306,-1.8518099054176673e-08,-1.1173318381629826e-09,-8.51806944424105e-10
checkpoint-float32,27,7.000000013808288,0.49999999995453004,-0.6040000000333037,1.3808287846472922e-08,-4.5469961129640524e-11,-3.330369313658821e-11
checkpoint-float32,28,5.999999980571143,0.4999999985996127,0.9010000022462368,-1.9428856745662415e-08,-1.4003873061163574e-09,2.2462367521569604e-09
checkpoint-float32,29,7.000000006035858,0.4999999999815218,-0.9080000004349904,6.0358580356023595e-09,-1.8478218954953718e-11,-4.3499037705174715e-10
checkpoint-float32,30,6.999999999578754,0.4999999997436331,-0.9060000011430128,-4.212461490737951e-10,-2.563669276867131e-10,-1.1430127955236458e-09
checkpoint-float32,31,7.000000020646658,0.5000000009415286,-0.5840000013028874,2.064665771683849e-08,9.415286328362527e-10,-1.302887464582625e-09
checkpoint-float32,32,6.000000017964846,0.5000000003677331,0.2350000009920482,1.7964845611118108e-08,3.6773306621995516e-10,9.920482213487958e-10
checkpoint-float32,33,5.999999995541095,0.49999999982001647,0.5630000002554454,-4.458905245030564e-09,-1.799835280813511e-10,2.554454425762742e-10
checkpoint-float32,34,7.999999966818041,0.4999999994610636,-0.6629999993161949,-3.318195940238411e-08,-5.389363955110582e-10,6.838051236357501e-10
checkpoint-float32,35,5.999999997856981,0.49999999956506064,-0.15300000008667966,-2.1430190955129547e-09,-4.349393623037656e-10,-8.667966344688693e-11
checkpoint-float32,36,5.999999977351394,0.4999999987492494,0.02200000017474728,-2.2648605657593635e-08,-1.2507506141901104e-09,1.7474728261634986e-10
checkpoint-float32,37,7.000000031972908,0.5000000008783007,-0.2959999993690869,3.19729078768205e-08,8.783006544277328e-10,6.309130995418855e-10
checkpoint-float32,38,5.999999973240876,0.49999999976092047,-0.18199999963276728,-2.6759123805675245e-08,-2.390795339479723e-10,3.672327164583322e-10
checkpoint-float32,39,5.999999967058319,0.49999999903245146,-0.01200000054913579,-3.2941681382681054e-08,-9.675485412863338e-10,-5.491357889242376e-10
checkpoint-float32,40,7.000000017892701,0.50000000091872,-0.2249999996617125,1.7892700654442706e-08,9.187199889737485e-10,3.3828750911624184e-10
checkpoint-float32,41,6.999999997044441,0.5000000004226463,-0.5680000000258851,-2.9555593528129975e-09,4.226462513301499e-10,-2.5885182886042912e-11
checkpoint-float32,42,6.000000037004067,0.5000000013287933,0.24599999953740573,3.7004067365842275e-08,1.3287932976169259e-09,-4.6259426844663665e-10
checkpoint-float32,43,5.999999981062205,0.4999999984398622,0.5699999991999473,-1.893779533190809e-08,-1.5601377967300323e-09,-8.00052690763664e-10
checkpoint-float32,44,7.999999996112753,0.49999999973547954,-0.6729999994957805,-3.887246968758973e-09,-2.645204610907115e-10,5.042195549975759e-10
checkpoint-float32,45,5.999999954696428,0.4999999985531344,-0.2759999986112007,-4.530357156085074e-08,-1.4468656273081137e-09,1.3887992977856811e-09
checkpoint-float32,46,6.000000062922414,0.5000000034955046,0.7039999997896932,6.292241394589837e-08,3.4955045524753814e-09,-2.1030677199718184e-10
checkpoint-float32,47,8.000000015238882,0.4999999996816272,-0.7710000018384142,1.5238882156154432e-08,-3.1837277258972563e-10,-1.8384141986516056e-09
checkpoint-float32,48,7.999999964002687,0.49999999886684,-0.7609999993979435,-3.5997312686220084e-08,-1.1331600102693073e-09,6.020565157527358e-10
checkpoint-float32,49,7.000000020047935,0.5000000008234864,-0.5749999990603201,2.0047934867761796e-08,8.234863901890321e-10,9.396798894556468e-10
checkpoint-float32,50,6.000000012074568,0.5000000012494413,0.2339999990718015,1.2074568012110376e-08,1.24944132817717e-09,-9.281985180464858e-10
checkpoint-float32,51,5.9999999811943185,0.4999999973113572,0.5679999992823106,-1.8805681456512957e-08,-2.68864280839054e-09,-7.176893523919148e-10
checkpoint-float32,52,8.000000029533538,0.49999999970585846,-0.6810000003454747,2.9533538281611982e-08,-2.9414154445461804e-10,-3.4547464888845525e-10
checkpoint-float32,53,6.000000010703328,0.5000000011736205,-0.20700000024368775,1.0703328001682166e-08,1.1736205340895367e-09,-2.436877644118596e-10
checkpoint-float32,54,6.000000002006586,0.5000000000092389,-0.22300000072456386,2.0065860084628184e-09,9.238942944023165e-12,-7.245638533603938e-10
checkpoint-float32,55,6.000000008758766,0.5000000009087827,0.6930000007189561,8.758766156802267e-09,9.087827157472361e-10,7.189561168630121e-10
checkpoint-float32,56,7.999999994781421,0.5000000015301098,-0.7720000006077831,-5.2185793464332164e-09,1.5301098166276006e-09,-6.077830461137523e-10
checkpoint-float32,57,8.000000003720096,0.5000000004574034,-0.7640000007532984,3.7200962310635077e-09,4.5740344845057734e-10,-7.532984236391371e-10
checkpoint-float32,58,6.999999988597349,0.499999998852227,-0.5849999977888423,-1.1402651267644615e-08,-1.1477729877640286e-09,2.211157701381694e-09
checkpoint-float32,59,5.999999992399572,0.49999999920748744,0.2379999989006319,-7.600427842646695e-09,-7.92512555580771e-10,-1.0993680965576402e-09
checkpoint-float32,60,5.999999977804767,0.49999999846462534,0.5610000023492798,-2.2195233206900866e-08,-1.5353746607438268e-09,2.3492797707191926e-09
checkpoint-float32,61,8.000000011332862,0.500000000472966,-0.6519999995044143,1.1332861760138258e-08,4.729659996982605e-10,4.955856836019734e-10
checkpoint-float32,62,6.000000025909067,0.5000000013891965,-0.21400000084958887,2.590906689192707e-08,1.389196535583892e-09,-8.495888714765698e-10
checkpoint-float32,63,5.999999993854049,0.50000000023605,-0.16399999955393826,-6.145951303437869e-09,2.360499573583752e-10,4.4606174309791413e-10
checkpoint-float32,64,5.999999991662184,0.49999999885313073,-0.19099999997960151,-8.337815771142232e-09,-1.1468692662219837e-09,2.0398488453921004e-11
checkpoint-float32,65,6.000000020160267,0.5000000016369335,0.03699999916142006,2.016026723339337e-08,1.6369334776555888e-09,-8.385799415977502e-10
checkpoint-float32,66,6.999999992873813,0.5000000003254081,-0.3980000003213909,-7.126186751804653e-09,3.254081448744728e-10,-3.213908583710179e-10
checkpoint-float32,67,6.999999967428758,0.49999999884957386,-0.5789999998414874,-3.2571241703749365e-08,-1.1504261432371266e-09,1.5851253643006658e-10
checkpoint-float32,68,6.000000026224169,0.5000000023772763,0.19299999936388257,2.622416861441934e-08,2.377276264731165e-09,-6.361174365032696e-10
checkpoint-float32,69,5.999999999821258,0.500000001011146,0.5669999981609188,-1.787423542509714e-10,1.0111459447514903e-09,-1.839081109622498e-09
checkpoint-float32,70,7.999999992588489,0.49999999948151563,-0.6709999987551672,-7.411511404598059e-09,-5.184843665517747e-10,1.2448327924019509e-09
checkpoint-float32,71,5.9999999972898,0.49999999806903933,0.07900000009680336,-2.710200064370838e-09,-1.9309606691386705e-09,9.68033569970217e-11
checkpoint-float32,72,8.00000001980238,0.5000000016831566,-0.48900000085310097,1.9802380180067303e-08,1.683156614085135e-09,-8.531009787482446e-10
checkpoint-float32,73,7.000000043068191,0.5000000011297202,-0.5730000013098104,4.306819079147317e-08,1.1297202062721112e-09,-1.30981048229728e-09
checkpoint-float32,74,6.00000001650528,0.49999999972292714,0.1690000001214002,1.65052798095644e-08,-2.770728646517284e-10,1.2140019545192615e-10
checkpoint-float32,75,5.999999991768762,0.4999999998014231,0.5650000009069924,-8.231237913491896e-09,-1.9857687716395844e-10,9.069924811200281e-10
checkpoint-float32,76,7.999999999763719,0.49999999858352207,-0.658999999685286,-2.362812168144046e-10,-1.4164779349457035e-09,3.147140326120734e-10
checkpoint-float32,77,6.0000000152399116,0.5000000006933378,0.2320000001571604,1.5239911554942864e-08,6.933378315920891e-10,1.571603958083756e-10
checkpoint-float32,78,7.999999996127144,0.49999999943892337,-0.4939999992799928,-3.872855813824572e-09,-5.610766296015868e-10,7.20007220511576e-10
checkpoint-float32,79,5.99999996889484,0.4999999980372889,-0.4129999988650888,-3.110516022530874e-08,-1.962711104752657e-09,1.1349111650460486e-09
checkpoint-float32,80,7.00000003724973,0.5000000004703378,-0.5860000009761095,3.724973041130397e-08,4.703377687320653e-10,-9.761095265403696e-10
checkpoint-float32,81,6.00000002023965,0.5000000012002502,0.23499999872243013,2.0239649956010908e-08,1.2002502325358932e-09,-1.277569855462346e-09
checkpoint-float32,82,6.0000000253419685,0.5000000006247308,0.5609999984579748,2.5341968523662217e-08,6.247308226292603e-10,-1.54202528523939e-09
checkpoint-float32,83,7.999999977216858,0.4999999994604011,-0.661999997933783,-2.278314159553929e-08,-5.395989211010033e-10,2.0662170863161577e-09
checkpoint-float32,84,5.999999998580755,0.5000000004788572,-0.14799999946832726,-1.4192451658345817e-09,4.788571761338289e-10,5.316727336168725e-10
checkpoint-float32,85,6.0000000023169395,0.49999999987294674,-0.04400000005096624,2.316939529123374e-09,-1.2705325680428814e-10,-5.096624511313763e-11
checkpoint-float32,86,5.999999992614103,0.5000000002442785,-0.18199999968852823,-7.385897227152327e-09,2.44278486327687e-10,3.1147176504653373e-10
checkpoint-float32,87,5.99999998403002,0.5000000007370893,-0.18200000036695974,-1.5969980005081652e-08,7.370892785019123e-10,-3.669597403721525e-10
checkpoint-float32,88,5.999999979880497,0.49999999912643445,-0.3339999998331178,-2.0119503396642813e-08,-8.735655532277065e-10,1.6688223025695947e-10
checkpoint-float32,89,5.999999991717357,0.49999999991935173,-0.34499999969500456,-8.28264301588888e-09,-8.064826584330831e-11,3.0499541781026096e-10
checkpoint-float32,90,5.99999998993409,0.5000000002302489,0.4030000007532278,-1.0065909883394397e-08,2.302489310324063e-10,7.532277579436197e-10
checkpoint-float32,91,7.999999995246797,0.5000000002325288,-0.5680000006377435,-4.753203164398201e-09,2.3252877401347405e-10,-6.377435246562868e-10
checkpoint-float32,92,7.000000031525199,0.5000000001626792,-0.5889999998964823,3.152519933991016e-08,1.626792034414848e-10,1.0351763890525945e-10
checkpoint-float32,93,5.999999986410167,0.49999999927172756,0.23299999934069135,-1.3589833258720319e-08,-7.282724423518516e-10,-6.593086632200595e-10
checkpoint-float32,94,6.000000025541787,0.4999999997062353,0.565000001693783,2.5541787351812673e-08,-2.9376467924890903e-10,1.6937830027430323e-09
checkpoint-float32,95,8.000000014745755,0.5000000000356876,-0.6690000003770578,1.4745754839395886e-08,3.5687564015063344e-11,-3.770577183814794e-10
checkpoint-float32,96,5.99999998230571,0.49999999856597793,-0.13300000007492901,-1.7694289589087475e-08,-1.4340220677588889e-09,-7.492900744310305e-11
checkpoint-float32,97,6.000000009336368,0.5000000022178551,-0.1749999986052926,9.336368123058492e-09,2.2178551217777454e-09,1.3947073773667995e-09
checkpoint-float32,98,5.999999965821373,0.4999999989096083,-0.08300000104716142,-3.4178627039693765e-08,-1.090391721358941e-09,-1.0471614131368767e-09
checkpoint-float32,99,6.000000017165785,0.49999999981614646,0.012999998330272405,1.7165785237693854e-08,-1.8385354350058947e-10,-1.6697275940363854e-09
checkpoint-float32,100,7.000000020383779,0.5000000012958861,-0.30999999899201935,2.0383779109067746e-08,1.2958860651224313e-09,1.0079806433971328e-09
checkpoint-float32,101,6.000000010542294,0.4999999991706521,0.19499999926727996,1.0542294148763176e-08,-8.293479236698431e-10,-7.327200512996512e-10
checkpoint-float32,102,5.999999998758113,0.4999999994159774,-0.2299999988380166,-1.2418865935615031e-09,-5.84022608052237e-10,1.1619833983900207e-09
checkpoint-float32,103,6.000000021771066,0.5000000022489319,-0.2680000010464274,2.1771065839004677e-08,2.2489319295715404e-09,-1.0464273891841458e-09
checkpoint-float32,104,6.0000000127633175,0.5000000002604972,-0.21300000055181337,1.2763317513986294e-08,2.604971793829236e-10,-5.518133727733243e-10
checkpoint-float32,105,6.000000010192606,0.5000000023463467,-0.19000000036884754,1.0192605870429361e-08,2.3463466725104354e-09,-3.688475358476495e-10
checkpoint-float32,106,6.99999999656012,0.5000000001056042,-0.5850000021339075,-3.4398803805402167e-09,1.0560419205773997e-10,-2.133907495149856e-09
checkpoint-float32,107,5.999999992734166,0.5000000006625365,0.24400000229378596,-7.265834156555684e-09,6.625364701307035e-10,2.2937859667226945e-09
checkpoint-float32,108,5.999999945851294,0.4999999973688281,0.5609999989461689,-5.414870596354149e-08,-2.631171891476214e-09,-1.0538311334684636e-09
checkpoint-float32,109,8.000000023118439,0.49999999894358116,-0.6639999999952085,2.3118438718938705e-08,-1.0564188412942599e-09,4.791500529677251e-12
checkpoint-float32,110,5.999999985155182,0.5000000004904571,-0.23799999969971783,-1.484481781943714e-08,4.9045711936202e-10,3.0028216024824417e-10
checkpoint-float32,111,6.000000001323966,0.4999999988146397,0.6729999984123755,1.3239658258612508e-09,-1.1853603099076793e-09,-1.5876245873513994e-09
checkpoint-float32,112,8.000000028439668,0.5000000012385257,-0.6590000004678935,2.8439668398050344e-08,1.2385257264213578e-09,-4.678935017210506e-10
checkpoint-float32,113,6.999999985972827,0.4999999982629738,-0.8719999979926861,-1.402717320075908e-08,-1.7370261895521821e-09,2.0073138706777627e-09
checkpoint-float32,114,7.000000044254829,0.5000000024242925,-0.584000000101772,4.425482913461565e-08,2.4242925444895036e-09,-1.0177203524364131e-10
checkpoint-float32,115,6.000000006652894,0.4999999994064309,0.23400000021816267,6.65289423551485e-09,-5.935690827740814e-10,2.1816265460827822e-10
checkpoint-float32,116,6.000000018932627,0.4999999994811211,0.5619999981150486,1.8932627021683857e-08,-5.188788843035752e-10,-1.8849514171748183e-09
checkpoint-float32,117,7.999999985994579,0.49999999912058335,-0.6659999979153953,-1.4005420823082204e-08,-8.79416650612086e-10,2.084604711072302e-09
checkpoint-float32,118,6.00000000197853,0.5000000010869184,-0.21200000003471584,1.978530228541331e-09,1.0869184441375523e-09,-3.4715841312760176e-11
checkpoint-float32,119,6.000000015922641,0.49999999970506076,-0.19100000111350504,1.5922640983490055e-08,-2.949392396978112e-10,-1.1135050381749778e-09
checkpoint-float32,120,5.999999973470173,0.499999998411437,0.6670000013366968,-2.6529827223953362e-08,-1.5885630033629639e-09,1.3366967532846274e-09
checkpoint-float32,121,8.000000030202164,0.5000000004629351,-0.6530000007883049,3.0202164325032754e-08,4.629351346707722e-10,-7.883048658285929e-10
checkpoint-float32,122,6.999999970460269,0.49999999939703915,-0.8769999988740207,-2.953973066155413e-08,-6.029608479174442e-10,1.1259793097906368e-09
checkpoint-float32,123,7.000000034742659,0.49999999939958906,-0.5579999995602094,3.474265941605381e-08,-6.004109431856364e-10,4.3979064834331894e-10
checkpoint-float32,124,6.000000044858475,0.5000000017917648,0.18599999613022777,4.485847515667274e-08,1.7917648476029058e-09,-3.8697722248848265e-09
checkpoint-float32,125,6.000000059072559,0.5000000026667258,0.5740000006574406,5.907255928860877e-08,2.6667258401502636e-09,6.574406574699765e-10
checkpoint-float32,126,7.999999999383431,0.49999999978373116,-0.6940000010374121,-6.165690180637284e-10,-2.1626883617287262e-10,-1.0374121561795846e-09
checkpoint-float32,127,5.9999999484749775,0.4999999979163033,0.09600000111215937,-5.152502247085522e-08,-2.0836967151716124e-09,1.1121593646024053e-09
checkpoint-float32,128,15.999999986774291,0.4999999986667055,-0.28499999838686474,-1.3225708528352698e-08,-1.3332944748256637e-09,1.613135236500085e-09
checkpoint-float32,129,6.999999966915559,0.4999999980337972,-0.5919999984670539,-3.3084440964614714e-08,-1.9662028116762542e-09,1.5329461033886105e-09
checkpoint-float32,130,6.000000000756012,0.499999998737309,0.26700000270234936,7.560121417782284e-10,-1.2626910073088027e-09,2.702349344296806e-09
checkpoint-float32,131,6.000000022148484,0.500000001695407,0.5599999978804975,2.214848393577995e-08,1.695407036983454e-09,-2.1195025734499495e-09
checkpoint-float32,132,7.99999999321065,0.5000000017285389,-0.6730000003932954,-6.789350415203899e-09,1.7285388675958302e-09,-3.932953962504371e-10
checkpoint-float32,133,5.9999999849194845,0.5000000001789348,-0.39200000102106736,-1.50805155030298e-08,1.7893475590113894e-10,-1.0210673417887506e-09
checkpoint-float32,134,7.000000017488696,0.5000000006562256,-0.5880000006658052,1.748869582485213e-08,6.562256293918267e-10,-6.658051887598049e-10
checkpoint-float32,135,6.000000047108045,0.5000000019177017,0.21499999958399676,4.710804457630502e-08,1.917701664133631e-09,-4.1600323186230526e-10
checkpoint-float32,136,6.000000000933237,0.49999999932657907,0.5599999985630529,9.332365991099323e-10,-6.734209301306748e-10,-1.4369471168507175e-09
checkpoint-float32,137,8.000000017284036,0.5000000002774933,-0.6609999994679323,1.728403553613589e-08,2.7749325060000274e-10,5.320677232134585e-10
checkpoint-float32,138,6.0000000124850645,0.5000000003967524,-0.005000001530595276,1.248506453777054e-08,3.967524087045149e-10,-1.5305952755229058e-09
checkpoint-float32,139,6.0000000171954735,0.500000001185168,-0.36200000011238365,1.719547348955075e-08,1.185167963768663e-09,-1.1238365793531102e-10
checkpoint-float32,140,5.999999983752229,0.4999999997775742,-0.35999999951589,-1.6247771128519162e-08,-2.2242580000053636e-10,4.841099743302379e-10
checkpoint-float32,141,7.000000023337394,0.5000000030124375,-0.5899999999991119,2.333739423932002e-08,3.0124375216544763e-09,8.880673973976627e-13
checkpoint-float32,142,5.999999963727772,0.5000000003541442,0.2139999991224554,-3.6272227887934605e-08,3.5414415844314817e-10,-8.77544592547963e-10
checkpoint-float32,143,6.000000006665979,0.5000000001078306,0.5600000021293632,6.665978879993872e-09,1.0783063331132325e-10,2.1293631302654603e-09
checkpoint-float32,144,7.99999998479479,0.4999999973798952,-0.656999999102477,-1.520521042408518e-08,-2.6201047997886917e-09,8.975230558760927e-10
checkpoint-float32,145,6.0000000127539055,0.49999999983591004,-0.03200000063326408,1.2753905487272732e-08,-1.6408996383887597e-10,-6.332640800632561e-10
checkpoint-float32,146,5.999999986435086,0.49999999927898037,-0.15399999967306927,-1.3564913636798792e-08,-7.210196328877316e-10,3.2693073248601934e-10
checkpoint-float32,147,5.999999996111408,0.49999999953735963,-0.35999999913630504,-3.888591670886399e-09,-4.626403704577342e-10,8.636949488938228e-10
checkpoint-float32,148,6.00000000122855,0.499999999677743,-0.33199999981551803,1.228549706411286e-09,-3.222569988636792e-10,1.8448198524367854e-10
checkpoint-float32,149,6.999999991094978,0.49999999810885976,-0.5930000007211189,-8.905021608995867e-09,-1.8911402444032888e-09,-7.211189423372844e-10
checkpoint-float32,150,6.0000000073682305,0.5000000019175086,0.24200000072611896,7.368230470206072e-09,1.9175085963496485e-09,7.261189705065618e-10
checkpoint-float32,151,5.999999943428771,0.49999999888365637,0.5570000006850954,-5.6571228590485134e-08,-1.1163436286487638e-09,6.85095313812667e-10
checkpoint-float32,152,8.00000001337304,0.5000000001922748,-0.6630000003661201,1.3373039564612554e-08,1.9227475167582497e-10,-3.6612002318747727e-10
checkpoint-float32,153,6.00000000331378,0.5000000009357446,-0.23499999963276524,3.3137803612248717e-09,9.357445929225605e-10,3.6723474261535216e-10
checkpoint-float32,154,5.999999974106587,0.4999999991722349,0.04900000034564236,-2.5893412747279854e-08,-8.27765078703635e-10,3.456423550152188e-10
checkpoint-float32,155,5.999999996487888,0.49999999906539355,-0.3589999993066959,-3.512112378700749e-09,-9.34606447788866e-10,6.933040808121405e-10
checkpoint-float32,156,5.999999991817222,0.4999999981470895,-0.3609999995886434,-8.182778010734637e-09,-1.8529104917064387e-09,4.1135655992619036e-10
checkpoint-float32,157,6.999999973564643,0.4999999985070738,-0.5659999995662045,-2.6435357014520378e-08,-1.4929262270868549e-09,4.337954440103431e-10
checkpoint-float32,158,5.999999959507338,0.49999999885891183,0.10800000104827427,-4.0492661668167784e-08,-1.1410881683993068e-09,1.0482742729411854e-09
checkpoint-float32,159,5.99999998081739,0.4999999979299657,0.5809999998869071,-1.9182610166978975e-08,-2.070034310630575e-09,-1.1309286840344157e-10
checkpoint-float32,160,7.999999991281839,0.5000000009182388,-0.6680000002371905,-8.718161303988836e-09,9.18238818314876e-10,-2.371904894715726e-10
checkpoint-float32,161,7.000000022575906,0.5000000007878078,-0.30999999864443384,2.257590558940592e-08,7.878078189804683e-10,1.3555661593223078e-09
checkpoint-float32,162,5.999999974236921,0.4999999990043496,0.1700000000793218,-2.5763078781437798e-08,-9.956503954633433e-10,7.932179912906179e-11
checkpoint-float32,163,5.999999936069861,0.49999999840379206,0.5670000012316198,-6.393013940453329e-08,-1.5962079435993815e-09,1.231619806141282e-09
checkpoint-float32,164,8.00000001432458,0.5000000004229599,-0.6700000011829275,1.4324580632774087e-08,4.229598893346065e-10,-1.182927422682667e-09
checkpoint-float32,165,6.0000000073141315,0.5000000011905206,-0.19599999992553607,7.314131522662137e-09,1.1905205710149858e-09,7.446393501808757e-11
checkpoint-float32,166,6.000000010057768,0.5000000004521639,-0.16500000011750657,1.0057767951821006e-08,4.521638619081614e-10,-1.1750656003783888e-10
checkpoint-float32,167,6.000000044061163,0.5000000028849091,0.02099999754514185,4.4061162718378455e-08,2.8849090893956486e-09,-2.45485815009161e-09
checkpoint-float32,168,8.000000031612847,0.5000000020309252,-5.856594065169559e-10,3.161284745090143e-08,2.030925205787071e-09,-5.856594065169559e-10
narrower-float32,1,6.999999997131268,0.4999999999912345,-0.5920000003783381,-2.868731918681533e-09,-8.765488335171767e-12,-3.783381385957796e-10
narrower-float32,2,6.0000000041855595,0.5000000003137111,0.24399999973021802,4.185559454583654e-09,3.1371105713162706e-10,-2.697819745378638e-10
narrower-float32,3,5.999999997327596,0.499999998768142,0.5590000010917249,-2.672403631720499e-09,-1.2318580044912153e-09,1.0917248216557596e-09
narrower-float32,4,8.000000003957167,0.4999999995139763,-0.665000000607397,3.957167038493026e-09,-4.860237212689356e-10,-6.073969105457877e-10
narrower-float32,5,5.9999999475810455,0.4999999973602779,-0.27399999735017394,-5.241895451035816e-08,-2.639722107566911e-09,2.6498260807805707e-09
narrower-float32,6,5.999999991642981,0.5000000008092077,0.07299999986979136,-8.357019076754568e-09,8.092077008470255e-10,-1.302086355403631e-10
narrower-float32,7,15.999999994051514,0.4999999999129087,-0.1410000000519636,-5.948486148099619e-09,-8.709127863326671e-11,-5.196360008952183e-11
narrower-float32,8,6.000000011256745,0.5000000014253384,-0.07000000082130661,1.1256744869569957e-08,1.425338402860632e-09,-8.213066060580587e-10
narrower-float32,9,6.999999994070787,0.4999999987771916,-0.5889999988915796,-5.929212676392126e-09,-1.222808410084042e-09,1.1084203555000727e-09
narrower-float32,10,6.000000000082428,0.5000000007970975,0.23499999834593224,8.242828641868982e-11,7.970974991167168e-10,-1.6540677438836582e-09
narrower-float32,11,5.999999995104127,0.49999999903030073,0.5590000027106984,-4.895873040311471e-09,-9.696992653296377e-10,2.7106983324642897e-09
narrower-float32,12,7.9999999898737855,0.4999999998745821,-0.6560000008716524,-1.0126214533556777e-08,-1.2541789828901528e-10,-8.716524169116724e-10
narrower-float32,13,6.000000010170494,0.5000000007339369,-0.15600000052256824,1.0170493780492507e-08,7.339369112457916e-10,-5.225682386811314e-10
narrower-float32,14,5.999999973822825,0.4999999991762653,0.007000000038106777,-2.6177175094233007e-08,-8.237346915684896e-10,3.8106777282276294e-11
narrower-float32,15,6.000000010560106,0.4999999999411144,-0.20399999843749747,1.0560105678791842e-08,-5.888561860345476e-11,1.5625025162613326e-09
narrower-float32,16,6.0000000364357,0.5000000016511796,-0.2050000003583482,3.643569979061567e-08,1.651179637462974e-09,-3.5834821221492064e-10
narrower-float32,17,5.999999989791784,0.49999999795886996,-0.17700000052512058,-1.020821560615559e-08,-2.041130042762518e-09,-5.251205859035935e-10
narrower-float32,18,6.000000005693406,0.5000000014865157,-0.1790000014097795,5.693405746853841e-09,1.4865156883203667e-09,-1.40977951534893e-09
narrower-float32,19,6.000000010530093,0.5000000006062871,-0.18199999942072673,1.0530093241811755e-08,6.062871316103724e-10,5.792732682419199e-10
narrower-float32,20,6.999999985117463,0.4999999980707304,-0.5900000006126891,-1.4882536980564964e-08,-1.9292695774275614e-09,-6.126891216595709e-10
narrower-float32,21,5.999999965622963,0.49999999907804155,0.24000000202420416,-3.4377037216870576e-08,-9.219584540254289e-10,2.0242041653961707e-09
narrower-float32,22,6.000000009812816,0.5000000000270438,0.5579999990692102,9.812816337273489e-09,2.7043811634541726e-11,-9.307898896082634e-10
narrower-float32,23,7.99999998518881,0.5000000005884896,-0.6579999999941013,-1.4811189608110453e-08,5.884895903918164e-10,5.898725952135919e-12
narrower-float32,24,5.999999988699701,0.49999999834517045,-0.21500000043458167,-1.1300299362915212e-08,-1.6548295511675803e-09,-4.34581676200807e-10
narrower-float32,25,5.999999983362233,0.5000000007216602,-0.18999999863605946,-1.6637766719895808e-08,7.216601760617891e-10,1.3639405438414798e-09
narrower-float32,26,5.999999981481902,0.49999999888266855,0.11599999914819518,-1.8518098165998254e-08,-1.117331449584924e-09,-8.518048211225704e-10
narrower-float32,27,7.00000001380828,0.49999999995453004,-0.6040000000333108,1.3808279852867145e-08,-4.5469961129640524e-11,-3.331079856394581e-11
narrower-float32,28,5.999999980571163,0.4999999985996128,0.9010000022462398,-1.942883720573718e-08,-1.400387195094055e-09,2.246239749759127e-09
narrower-float32,29,7.000000006035908,0.49999999998152184,-0.9080000004349958,6.035907773593863e-09,-1.8478163443802487e-11,-4.349958171445678e-10
narrower-float32,30,6.9999999995787165,0.49999999974363313,-0.9060000011430146,-4.212834525674225e-10,-2.5636687217556187e-10,-1.1430145718804852e-09
narrower-float32,31,7.00000002064664,0.5000000009415292,-0.5840000013028861,2.0646639953270096e-08,9.41529187947765e-10,-1.3028861323149954e-09
narrower-float32,32,6.000000017964865,0.5000000003677335,0.23500000099205173,1.796486515104334e-08,3.67733510309165e-10,9.92051746306899e-10
narrower-float32,33,5.999999995540902,0.49999999982000987,0.5630000002554489,-4.459097979747639e-09,-1.7999013390834762e-10,2.55448995289953e-10
narrower-float32,34,7.999999966818075,0.499999999461062,-0.6629999993161909,-3.318192476342574e-08,-5.389380053344439e-10,6.838091204386387e-10
narrower-float32,35,5.999999997856945,0.4999999995650606,-0.1530000000866822,-2.1430546226497427e-09,-4.3493941781491685e-10,-8.668218920426796e-11
narrower-float32,36,5.999999977351432,0.49999999874925055,0.022000000174745796,-2.2648568354100007e-08,-1.2507494484559345e-09,1.7474579769305443e-10
narrower-float32,37,7.000000031972937,0.5000000008783009,-0.29599999936908666,3.197293718670835e-08,8.783008764723377e-10,6.309133215864904e-10
narrower-float32,38,5.999999973240892,0.4999999997609208,-0.1819999996327676,-2.675910781846369e-08,-2.3907920088106493e-10,3.6723238339142483e-10
narrower-float32,39,5.9999999670583195,0.49999999903245107,-0.0120000005491371,-3.2941680494502634e-08,-9.675489298643924e-10,-5.491371003751855e-10
narrower-float32,40,7.0000000178926784,0.5000000009187199,-0.224999999661711,1.7892678449982213e-08,9.18719877951446e-10,3.382890079173251e-10
narrower-float32,41,6.999999997044488,0.5000000004226488,-0.5680000000258889,-2.9555122793567534e-09,4.226488048431065e-10,-2.5888957644326638e-11
narrower-float32,42,6.0000000370043765,0.5000000013288045,0.24599999953740945,3.700437645193233e-08,1.3288045108694746e-09,-4.6259054919950415e-10
narrower-float32,43,5.999999981061687,0.49999999843984666,0.5699999991999319,-1.8938313139926777e-08,-1.560153339852377e-09,-8.000680118414039e-10
narrower-float32,44,7.999999996113415,0.49999999973550197,-0.6729999994957881,-3.886585275836296e-09,-2.6449803458561405e-10,5.04211894458706e-10
narrower-float32,45,5.999999954696519,0.4999999985531395,-0.2759999986112042,-4.530348096665193e-08,-1.4468605202822005e-09,1.3887958005831536e-09
narrower-float32,46,6.000000062922435,0.500000003495504,0.7039999997896873,6.292243526218044e-08,3.495503997363869e-09,-2.1031265617921235e-10
narrower-float32,47,8.000000015238962,0.4999999996816307,-0.7710000018384131,1.5238962092212205e-08,-3.1836927538719806e-10,-1.838413088428581e-09
narrower-float32,48,7.99999996400272,0.4999999988668408,-0.7609999993979426,-3.5997279823618555e-08,-1.1331591776020389e-09,6.020574039311555e-10
narrower-float32,49,7.000000020048471,0.5000000008235058,-0.5749999990603212,2.0048471327527295e-08,8.235058190919631e-10,9.396787792326222e-10
narrower-float32,50,6.000000012074741,0.5000000012494471,0.23399999907178962,1.2074741206902218e-08,1.249447101336898e-09,-9.282103974328493e-10
narrower-float32,51,5.999999981194586,0.4999999973113702,0.5679999992822894,-1.8805414114808627e-08,-2.688629818781152e-09,-7.177105576516851e-10
narrower-float32,52,8.000000029533886,0.4999999997058728,-0.6810000003454748,2.9533886447552504e-08,-2.941272225776004e-10,-3.454747599107577e-10
narrower-float32,53,6.0000000107034515,0.5000000011736254,-0.20700000024368934,1.0703451458482505e-08,1.173625419070845e-09,-2.4368934647966967e-10
narrower-float32,54,6.000000002006898,0.500000000009251,-0.2230000007245736,2.006897759088133e-09,9.25104437499158e-12,-7.245735955674348e-10
narrower-float32,55,6.000000008758579,0.5000000009087754,0.6930000007189537,8.75857875115571e-09,9.087753882752736e-10,7.189537853946604e-10
narrower-float32,56,7.9999999947814,0.5000000015301098,-0.7720000006077797,-5.2185997745368695e-09,1.5301098166276006e-09,-6.077797154446785e-10
narrower-float32,57,8.000000003720128,0.5000000004574038,-0.7640000007532971,3.720128205486617e-09,4.5740378151748473e-10,-7.532970913715076e-10
narrower-float32,58,6.99999998859776,0.4999999988522446,-0.5849999977888418,-1.1402240041036293e-08,-1.1477553907290883e-09,2.211158145470904e-09
narrower-float32,59,5.999999992399812,0.49999999920749494,0.23799999890062273,-7.600188034473376e-09,-7.925050615753548e-10,-1.0993772558975934e-09
narrower-float32,60,5.999999977805185,0.49999999846464216,0.5610000023492449,-2.2194814874865187e-08,-1.5353578408650037e-09,2.349244798693917e-09
narrower-float32,61,8.000000011333656,0.5000000004729946,-0.6519999995044227,1.133365579164547e-08,4.729946434522958e-10,4.955773569292887e-10
narrower-float32,62,6.000000025909268,0.500000001389207,-0.21400000084958973,2.590926762024992e-08,1.3892069716803235e-09,-8.495897318994139e-10
narrower-float32,63,5.999999993854162,0.5000000002360542,-0.16399999955394365,-6.145837616600147e-09,2.3605417620586877e-10,4.460563585162447e-10
narrower-float32,64,5.9999999916621105,0.4999999988531267,-0.19099999997960018,-8.337889489951067e-09,-1.1468733185360236e-09,2.0399820721550554e-11
narrower-float32,65,6.000000020160266,0.5000000016369337,0.03699999916142148,2.016026634521495e-08,1.6369336997001938e-09,-8.385785191244999e-10
narrower-float32,66,6.999999992873823,0.5000000003254085,-0.39800000032139166,-7.126176981842036e-09,3.2540847794138017e-10,-3.213916355271351e-10
narrower-float32,67,6.999999967429325,0.4999999988496009,-0.5789999998415145,-3.2570675045917596e-08,-1.150399109306477e-09,1.5848544698826572e-10
narrower-float32,68,6.000000026225873,0.5000000023773428,0.1929999993638625,2.6225873028806745e-08,2.37734276709034e-09,-6.361375037844397e-10
narrower-float32,69,5.999999999820064,0.5000000010111043,0.566999998160882,-1.7993606604704837e-10,1.0111043113880669e-09,-1.8391179690269155e-09
narrower-float32,70,7.999999992589589,0.4999999994815507,-0.6709999987551705,-7.4104109515360506e-09,-5.184492835041965e-10,1.2448295727551795e-09
narrower-float32,71,5.999999997290002,0.49999999806904954,0.07900000009679156,-2.7099975596911463e-09,-1.930950455086844e-09,9.679156087738505e-11
narrower-float32,72,8.00000001980244,0.5000000016831575,-0.4890000008531045,1.9802440576199842e-08,1.6831575022635548e-09,-8.531045314619234e-10
narrower-float32,73,7.000000043068708,0.5000000011297344,-0.5730000013097852,4.3068707711313436e-08,1.1297344171268264e-09,-1.309785280234621e-09
narrower-float32,74,6.000000016505456,0.499999999722936,0.16900000012138305,1.65054556688915e-08,-2.770639828675314e-10,1.213830425061957e-10
narrower-float32,75,5.999999991769138,0.49999999980143844,0.5650000009069742,-8.230862214020362e-09,-1.9856155608621862e-10,9.069742734624242e-10
narrower-float32,76,7.999999999763643,0.49999999858352046,-0.6589999996852768,-2.3635671198007913e-10,-1.4164795447690892e-09,3.147232474631778e-10
narrower-float32,77,6.000000015240151,0.500000000693347,0.23200000015714617,1.5240151363116183e-08,6.933470464431934e-10,1.5714615719808478e-10
narrower-float32,78,7.999999996127293,0.4999999994389277,-0.4939999992800014,-3.872706599850062e-09,-5.610722997317907e-10,7.199986162831351e-10
narrower-float32,79,5.99999996889492,0.4999999980372943,-0.4129999988650834,-3.1105080289250964e-08,-1.9627057201709874e-09,1.1349166051388693e-09
narrower-float32,80,7.00000003725,0.5000000004703495,-0.5860000009761086,3.725000041754356e-08,4.703495370961264e-10,-9.7610863836195e-10
narrower-float32,81,6.000000020239445,0.5000000012002437,0.2349999987224257,2.0239444786795957e-08,1.200243682220048e-09,-1.2775742963544445e-09
narrower-float32,82,6.00000002534195,0.5000000006247269,0.5609999984579822,2.5341949871915403e-08,6.247269368486741e-10,-1.542017846745125e-09
narrower-float32,83,7.999999977216835,0.49999999946039814,-0.6619999979337821,-2.2783164688178204e-08,-5.396018631920185e-10,2.0662179744945774e-09
narrower-float32,84,5.9999999985808925,0.5000000004788625,-0.14799999946832842,-1.4191074981795282e-09,4.788625052043471e-10,5.316715678826966e-10
narrower-float32,85,6.000000002316897,0.4999999998729469,-0.044000000050968366,2.3168968965592285e-09,-1.2705309027083445e-10,-5.096836841467223e-11
narrower-float32,86,5.999999992614078,0.5000000002442775,-0.18199999968852132,-7.385922096148079e-09,2.4427748712696484e-10,3.11478676184862e-10
narrower-float32,87,5.999999984029956,0.5000000007370867,-0.1820000003669555,-1.597004395392787e-08,7.370867249889557e-10,-3.669554937690833e-10
narrower-float32,88,5.999999979880521,0.49999999912643517,-0.3339999998331215,-2.011947941582548e-08,-8.735648315827405e-10,1.6687851100982698e-10
narrower-float32,89,5.9999999917174005,0.49999999991935273,-0.34499999969500594,-8.282599495146314e-09,-8.064726664258615e-11,3.049940300314802e-10
narrower-float32,90,5.999999989934163,0.5000000002302485,0.4030000007532222,-1.0065837052763982e-08,2.3024848694319644e-10,7.532221513173454e-10
narrower-float32,91,7.999999995246795,0.500000000232529,-0.5680000006377393,-4.75320494075504e-09,2.3252899605807897e-10,-6.377393058087932e-10
narrower-float32,92,7.000000031525269,0.5000000001626804,-0.5889999998964913,3.1525268617826896e-08,1.6268042468681188e-10,1.0350864609875998e-10
narrower-float32,93,5.999999986410123,0.4999999992717249,0.2329999993406894,-1.3589876779462884e-08,-7.282751068871107e-10,-6.593106061103526e-10
narrower-float32,94,6.000000025541799,0.4999999997062376,0.5650000016937934,2.554179889813213e-08,-2.9376240329170855e-10,1.6937934388394638e-09
narrower-float32,95,8.000000014745776,0.5000000000356879,-0.6690000003770615,1.4745776155677959e-08,3.568789708197073e-11,-3.770614931397631e-10
narrower-float32,96,5.999999982305717,0.4999999985659772,-0.13300000007492419,-1.7694283371838537e-08,-1.4340227894038549e-09,-7.492417797294593e-11
narrower-float32,97,6.0000000093364045,0.5000000022178562,-0.17499999860529597,9.3364045383737e-09,2.21785623200077e-09,1.39470401894215e-09
narrower-float32,98,5.999999965821364,0.4999999989096084,-0.08300000104716422,-3.417863592147796e-08,-1.0903916103366385e-09,-1.0471642164500139e-09
narrower-float32,99,6.000000017165814,0.49999999981614734,0.012999998330272064,1.7165813659403284e-08,-1.8385265532216977e-10,-1.6697279357769101e-09
narrower-float32,100,7.000000020383851,0.5000000012958874,-0.309999998992018,2.038385105151974e-08,1.2958873973900609e-09,1.0079819756647623e-09
narrower-float32,101,6.000000010542292,0.49999999917065174,0.19499999926727798,1.0542292372406337e-08,-8.293482567367505e-10,-7.327220219455199e-10
narrower-float32,102,5.999999998758088,0.4999999994159776,-0.22999999883801622,-1.2419123507356744e-09,-5.840223860076321e-10,1.1619837869680794e-09
narrower-float32,103,6.000000021771054,0.5000000022489315,-0.2680000010464263,2.177105429268522e-08,2.2489314854823306e-09,-1.0464262789611212e-09
narrower-float32,104,6.000000012763331,0.5000000002604973,-0.21300000055181204,1.276333083666259e-08,2.6049729040522607e-10,-5.518120405056948e-10
narrower-float32,105,6.000000010192602,0.5000000023463468,-0.1900000003688483,1.0192602317715682e-08,2.346346783532738e-09,-3.6884828524819113e-10
narrower-float32,106,6.99999999656045,0.5000000001056176,-0.5850000021339254,-3.4395499781680883e-09,1.0561762575633793e-10,-2.133925480762855e-09
narrower-float32,107,5.999999992734234,0.5000000006625388,0.2440000022937867,-7.265765766817367e-09,6.625388015990552e-10,2.293786716123236e-09
narrower-float32,108,5.9999999458511635,0.4999999973688244,0.5609999989461746,-5.4148836525769184e-08,-2.6311756107233464e-09,-1.053825471331038e-09
narrower-float32,109,8.000000023118284,0.49999999894357955,-0.6639999999952025,2.3118284175893677e-08,-1.0564204511176456e-09,4.7974957340102264e-12
narrower-float32,110,5.999999985155446,0.5000000004904691,-0.23799999969972688,-1.4844554030446488e-08,4.904691097706859e-10,3.0027311193059347e-10
narrower-float32,111,6.0000000013239,0.4999999988146383,0.6729999984123645,1.323900100658193e-09,-1.18536169768646e-09,-1.5876355785593432e-09
narrower-float32,112,8.000000028439649,0.5000000012385255,-0.6590000004678834,2.843964885812511e-08,1.238525504376753e-09,-4.678833986915265e-10
narrower-float32,113,6.999999985972991,0.49999999826297975,-0.871999997992692,-1.4027008887751435e-08,-1.7370202498590004e-09,2.007307986495732e-09
narrower-float32,114,7.000000044254912,0.5000000024242958,-0.584000000101779,4.425491173520868e-08,2.424295764136275e-09,-1.0177902964869645e-10
narrower-float32,115,6.00000000665294,0.4999999994064331,0.23400000021815828,6.6529404207926746e-09,-5.935669178391834e-10,2.1815826922733095e-10
narrower-float32,116,6.000000018932517,0.4999999994811166,0.5619999981150502,1.8932516887559814e-08,-5.188833807068249e-10,-1.884949862862584e-09
narrower-float32,117,7.9999999859946795,0.49999999912058435,-0.6659999979154023,-1.4005320458920778e-08,-8.794156514113638e-10,2.084597716667247e-09
narrower-float32,118,6.000000001978554,0.5000000010869194,-0.21200000003471178,1.9785542093586628e-09,1.0869194433382745e-09,-3.4711788998720294e-11
narrower-float32,119,6.000000015922616,0.4999999997050608,-0.19100000111350698,1.5922616114494303e-08,-2.9493918418666e-10,-1.113506981065271e-09
narrower-float32,120,5.9999999734702625,0.4999999984114369,0.667000001336694,-2.6529737517932972e-08,-1.5885631143852663e-09,1.3366939777270659e-09
narrower-float32,121,8.000000030202134,0.5000000004629348,-0.6530000007883022,3.0202134126966484e-08,4.629348016038648e-10,-7.883022012933338e-10
narrower-float32,122,6.999999970460264,0.4999999993970392,-0.8769999988740225,-2.953973599062465e-08,-6.02960792406293e-10,1.1259775334337974e-09
narrower-float32,123,7.000000034742752,0.499999999399591,-0.5579999995602106,3.474275178660946e-08,-6.004090002953433e-10,4.3978942709799185e-10
narrower-float32,124,6.000000044858529,0.5000000017917661,0.18599999613022483,4.485852933555634e-08,1.7917660688482329e-09,-3.869775166975842e-09
narrower-float32,125,6.000000059072445,0.5000000026667216,0.5740000006574423,5.907244471359263e-08,2.66672162130277e-09,6.574423228045134e-10
narrower-float32,126,7.999999999383474,0.49999999978373216,-0.6940000010374024,-6.165263854995828e-10,-2.1626783697215046e-10,-1.0374024972392704e-09
narrower-float32,127,5.999999948474973,0.4999999979163034,0.09600000111215747,-5.152502691174732e-08,-2.08369660414931e-09,1.1121574633454756e-09
narrower-float32,128,15.999999986774263,0.4999999986667055,-0.284999998386863,-1.3225736950062128e-08,-1.3332944748256637e-09,1.6131369573457732e-09
narrower-float32,129,6.999999966915668,0.49999999803379824,-0.591999998467059,-3.308433171866909e-08,-1.966201756964381e-09,1.5329409963626972e-09
narrower-float32,130,6.000000000756084,0.49999999873730916,0.2670000027023532,7.560840842302241e-10,-1.262690840775349e-09,2.702353174566241e-09
narrower-float32,131,6.000000022148466,0.5000000016954087,0.5599999978804966,2.2148466172211556e-08,1.695408702317991e-09,-2.1195034616283692e-09
narrower-float32,132,7.999999993210896,0.5000000017285464,-0.673000000393304,-6.789104389781642e-09,1.7285464171123976e-09,-3.933039449677267e-10
narrower-float32,133,5.999999984919442,0.5000000001789338,-0.392000001021069,-1.5080558135593947e-08,1.7893375670041678e-10,-1.0210690071232875e-09
narrower-float32,134,7.000000017488962,0.5000000006562314,-0.5880000006658204,1.748896227837804e-08,6.562314025515548e-10,-6.658203988152422e-10
narrower-float32,135,6.000000047107917,0.5000000019176956,0.21499999958400032,4.710791667861258e-08,1.9176955579069954e-09,-4.1599967914862646e-10
narrower-float32,136,6.000000000933107,0.49999999932657285,0.5599999985630632,9.33106925060656e-10,-6.734271473796127e-10,-1.436936902798891e-09
narrower-float32,137,8.000000017284039,0.5000000002774937,-0.6609999994679339,1.7284039088849568e-08,2.774936946892126e-10,5.32066168901224e-10
narrower-float32,138,6.0000000124851365,0.5000000003967555,-0.005000001530587984,1.2485136480222536e-08,3.9675551732898384e-10,-1.5305879836127745e-09
narrower-float32,139,6.000000017195531,0.5000000011851705,-0.36200000011238703,1.719553122114803e-08,1.1851705172816196e-09,-1.1238704411553613e-10
narrower-float32,140,5.999999983752279,0.4999999997775742,-0.35999999951590117,-1.624772139052766e-08,-2.2242580000053636e-10,4.840988165888405e-10
narrower-float32,141,7.000000023337354,0.5000000030124343,-0.5899999999991097,2.3337354271291133e-08,3.012434302007705e-09,8.90287843446913e-13
narrower-float32,142,5.99999996372781,0.5000000003541445,0.21399999912245807,-3.627218969626256e-08,3.5414449151005556e-10,-8.775419280127039e-10
narrower-float32,143,6.000000006666003,0.5000000001078303,0.5600000021293616,6.666002860811204e-09,1.0783030024441587e-10,2.129361575953226e-09
narrower-float32,144,7.999999984794737,0.4999999973798931,-0.6569999991024761,-1.5205262826611943e-08,-2.6201069092124385e-09,8.975239440545124e-10
narrower-float32,145,6.000000012753923,0.49999999983591,-0.03200000063327041,1.2753923250841126e-08,-1.640900193500272e-10,-6.332704083344964e-10
narrower-float32,146,5.999999986435146,0.49999999927897987,-0.15399999967306857,-1.3564854128844672e-08,-7.210201324880927e-10,3.2693142637540973e-10
narrower-float32,147,5.999999996111405,0.4999999995373598,-0.35999999913630415,-3.888595223600078e-09,-4.626402039242805e-10,8.636958370722425e-10
narrower-float32,148,6.000000001228525,0.4999999996777427,-0.331999999815518,1.2285248374155344e-09,-3.2225727641943536e-10,1.8448204075482977e-10
narrower-float32,149,6.99999999109503,0.499999998108861,-0.5930000007211214,-8.904970094647524e-09,-1.8911390231579617e-09,-7.211213848279385e-10
narrower-float32,150,6.00000000736828,0.5000000019175105,0.24200000072612882,7.368280208197575e-09,1.9175104837287904e-09,7.261288237359054e-10
narrower-float32,151,5.999999943428791,0.499999998883656,0.5570000006850909,-5.65712090505599e-08,-1.1163440172268224e-09,6.850908729205685e-10
narrower-float32,152,8.000000013373207,0.5000000001922759,-0.6630000003661266,1.3373206542155458e-08,1.922758618988496e-10,-3.6612657350332256e-10
narrower-float32,153,6.000000003313813,0.5000000009357459,-0.23499999963277077,3.3138132238264006e-09,9.3574592519019e-10,3.6722921925580465e-10
narrower-float32,154,5.999999974106602,0.49999999917223503,0.049000000345639665,-2.589339764824672e-08,-8.277649676813326e-10,3.4563966272438407e-10
narrower-float32,155,5.999999996487918,0.49999999906539433,-0.358999999306696,-3.5120821806344793e-09,-9.346056706327488e-10,6.93303969789838e-10
narrower-float32,156,5.9999999918172335,0.49999999814708995,-0.36099999958864226,-8.182766464415181e-09,-1.8529100476172289e-09,4.113577256603662e-10
narrower-float32,157,6.9999999735647815,0.4999999985070806,-0.5659999995662192,-2.6435218458686904e-08,-1.4929193992152534e-09,4.3378078906641804e-10
narrower-float32,158,5.999999959507394,0.4999999988589142,0.10800000104828529,-4.049260571292734e-08,-1.1410857814198039e-09,1.0482852919047048e-09
narrower-float32,159,5.9999999808173925,0.499999997929966,0.5809999998869058,-1.9182607502443716e-08,-2.070033977563668e-09,-1.1309420067107112e-10
narrower-float32,160,7.999999991281913,0.500000000918239,-0.6680000002371933,-8.718086697001581e-09,9.182390403594809e-10,-2.371932650291342e-10
narrower-float32,161,7.000000022575968,0.5000000007878092,-0.30999999864444133,2.25759677618953e-08,7.878091512480978e-10,1.3555586653168916e-09
narrower-float32,162,5.999999974236895,0.49999999900434955,0.1700000000793293,-2.576310542679039e-08,-9.956504509744946e-10,7.932929313447801e-11
narrower-float32,163,5.999999936069835,0.4999999984037933,0.5670000012316277,-6.393016516170746e-08,-1.5962067223540544e-09,1.2316277997470593e-09
narrower-float32,164,8.000000014324595,0.5000000004229601,-0.6700000011829326,1.4324594843628802e-08,4.229601113792114e-10,-1.1829325297085802e-09
narrower-float32,165,6.000000007314161,0.5000000011905209,-0.19599999992553874,7.314160832549987e-09,1.1905209040818931e-09,7.446127048282847e-11
narrower-float32,166,6.000000010057787,0.5000000004521634,-0.16500000011750704,1.005778660356782e-08,4.5216341781895153e-10,-1.1750703188262435e-10
narrower-float32,167,6.000000044061224,0.5000000028849083,0.020999997545139988,4.4061224002689414e-08,2.8849083122395314e-09,-2.4548600131846232e-09
narrower-float32,168,8.000000031612819,0.5000000020309251,-5.856589747288229e-10,3.1612819029191996e-08,2.0309250947647683e-09,-5.856589747288229e-10
wider-float32,1,6.999999997131268,0.4999999999912345,-0.592000000378338,-2.868731918681533e-09,-8.765488335171767e-12,-3.783380275734771e-10
wider-float32,2,6.000000004185562,0.5000000003137111,0.24399999973021835,4.185562119118913e-09,3.1371105713162706e-10,-2.697816414709564e-10
wider-float32,3,5.999999997327599,0.499999998768142,0.5590000010917239,-2.67240096718524e-09,-1.2318580044912153e-09,1.0917238224550374e-09
wider-float32,4,8.00000000395716,0.4999999995139763,-0.665000000607396,3.957159933065668e-09,-4.860237212689356e-10,-6.073959113450655e-10
wider-float32,5,5.9999999475810455,0.4999999973602779,-0.27399999735017416,-5.241895451035816e-08,-2.639722107566911e-09,2.6498258587359658e-09
wider-float32,6,5.999999991642979,0.5000000008092077,0.07299999986979158,-8.357020853111408e-09,8.092077008470255e-10,-1.3020841349575818e-10
wider-float32,7,15.999999994051514,0.4999999999129087,-0.14100000005196348,-5.948486148099619e-09,-8.709127863326671e-11,-5.196348906721937e-11
wider-float32,8,6.000000011256746,0.5000000014253384,-0.0700000008213067,1.1256745757748376e-08,1.425338402860632e-09,-8.213066893247856e-10
wider-float32,9,6.999999994070786,0.49999999877719165,-0.5889999988915803,-5.929213564570546e-09,-1.2228083545728907e-09,1.108419689366258e-09
wider-float32,10,6.000000000082421,0.5000000007970974,0.23499999834593438,8.242118099133222e-11,7.970973880944143e-10,-1.6540656067043358e-09
wider-float32,11,5.999999995104123,0.49999999903030073,0.5590000027106967,-4.89587659302515e-09,-9.696992653296377e-10,2.7106966671297528e-09
wider-float32,12,7.999999989873784,0.49999999987458205,-0.6560000008716522,-1.0126216309913616e-08,-1.2541795380016652e-10,-8.716521948670675e-10
wider-float32,13,6.000000010170492,0.5000000007339368,-0.15600000052256904,1.0170492004135667e-08,7.339368002234892e-10,-5.225690435928243e-10
wider-float32,14,5.999999973822829,0.4999999991762653,0.0070000000381078495,-2.617717065334091e-08,-8.237346915684896e-10,3.810784934138445e-11
wider-float32,15,6.000000010560111,0.4999999999411144,-0.20399999843749844,1.056011100786236e-08,-5.888561860345476e-11,1.562501544816186e-09
wider-float32,16,6.000000036435698,0.5000000016511795,-0.2050000003583484,3.643569801425883e-08,1.6511795264406715e-09,-3.5834840650394995e-10
wider-float32,17,5.999999989791796,0.49999999795886996,-0.17700000052512094,-1.0208204059836135e-08,-2.041130042762518e-09,-5.251209467260765e-10
wider-float32,18,6.000000005693406,0.5000000014865158,-0.17900000140978045,5.693405746853841e-09,1.4865157993426692e-09,-1.409780459038501e-09
wider-float32,19,6.000000010530113,0.5000000006062871,-0.18199999942072648,1.0530112781736989e-08,6.062871316103724e-10,5.792735180421005e-10
wider-float32,20,6.999999985117455,0.49999999807073037,-0.5900000006126873,-1.4882544974170742e-08,-1.9292696329387127e-09,-6.126873453027315e-10
wider-float32,21,5.9999999656229575,0.49999999907804155,0.240000002024203,-3.4377042545941094e-08,-9.219584540254289e-10,2.024202999661995e-09
wider-float32,22,6.000000009812806,0.5000000000270438,0.5579999990692109,9.812805679132452e-09,2.7043811634541726e-11,-9.307891124521461e-10
wider-float32,23,7.999999985188826,0.5000000005884897,-0.6579999999941014,-1.4811173620898899e-08,5.884897014141188e-10,5.898614929833457e-12
wider-float32,24,5.999999988699697,0.49999999834517045,-0.21500000043458073,-1.130030291562889e-08,-1.6548295511675803e-09,-4.345807325112361e-10
wider-float32,25,5.999999983362185,0.5000000007216601,-0.18999999863606024,-1.6637814681530472e-08,7.216600650394867e-10,1.3639397666853625e-09
wider-float32,26,5.99999998148189,0.49999999888266855,0.11599999914819577,-1.851810971231771e-08,-1.117331449584924e-09,-8.518042382554825e-10
wider-float32,27,7.000000013808293,0.4999999999545301,-0.6040000000333076,1.380829317554344e-08,-4.546990561848929e-11,-3.3307578917174396e-11
wider-float32,28,5.999999980571127,0.4999999985996128,0.9010000022462368,-1.942887273287397e-08,-1.400387195094055e-09,2.2462367521569604e-09
wider-float32,29,7.000000006035883,0.49999999998152184,-0.9080000004349905,6.035882904598111e-09,-1.8478163443802487e-11,-4.349904880740496e-10
wider-float32,30,6.999999999578756,0.49999999974363313,-0.9060000011430132,-4.212443727169557e-10,-2.5636687217556187e-10,-1.1430131285905532e-09
wider-float32,31,7.000000020646628,0.5000000009415293,-0.5840000013028852,2.064662840695064e-08,9.415292989700674e-10,-1.3028852441365757e-09
wider-float32,32,6.000000017964857,0.5000000003677335,0.23500000099204882,1.7964857157437564e-08,3.67733510309165e-10,9.920488319714593e-10
wider-float32,33,5.999999995540901,0.49999999982000987,0.56300000025545,-4.459098867926059e-09,-1.7999013390834762e-10,2.5545010551297764e-10
wider-float32,34,7.999999966818058,0.499999999461062,-0.6629999993161904,-3.3181941638815715e-08,-5.389380053344439e-10,6.83809675550151e-10
wider-float32,35,5.999999997856965,0.4999999995650606,-0.15300000008668008,-2.1430350827245093e-09,-4.3493941781491685e-10,-8.668007978052117e-11
wider-float32,36,5.999999977351424,0.49999999874925055,0.022000000174744783,-2.2648576347705784e-08,-1.2507494484559345e-09,1.7474478461454446e-10
wider-float32,37,7.000000031972925,0.5000000008783009,-0.29599999936908633,3.1972924752210474e-08,8.783008764723377e-10,6.309136546533978e-10
wider-float32,38,5.999999973240883,0.4999999997609208,-0.18199999963276725,-2.6759116700247887e-08,-2.3907920088106493e-10,3.6723274421390784e-10
wider-float32,39,5.999999967058317,0.4999999990324511,-0.012000000549136521,-3.2941683159037893e-08,-9.675488743532412e-10,-5.491365209775445e-10
wider-float32,40,7.000000017892676,0.5000000009187199,-0.22499999966171094,1.7892675785446954e-08,9.18719877951446e-10,3.382890634284763e-10
wider-float32,41,6.999999997044513,0.5000000004226488,-0.5680000000258905,-2.955487410361002e-09,4.226488048431065e-10,-2.5890511956561113e-11
wider-float32,42,6.000000037004427,0.5000000013288045,0.2459999995374049,3.700442707810225e-08,1.3288045108694746e-09,-4.625951011139051e-10
wider-float32,43,5.999999981061724,0.49999999843984666,0.5699999991999295,-1.893827583643315e-08,-1.560153339852377e-09,-8.00070454332058e-10
wider-float32,44,7.999999996113403,0.49999999973550197,-0.6729999994957863,-3.886596822155752e-09,-2.6449803458561405e-10,5.042137818378478e-10
wider-float32,45,5.999999954696543,0.4999999985531395,-0.27599999861120506,-4.53034569858346e-08,-1.4468605202822005e-09,1.388794967915885e-09
wider-float32,46,6.000000062922396,0.500000003495504,0.7039999997896926,6.292239618232998e-08,3.495503997363869e-09,-2.1030732710869415e-10
wider-float32,47,8.000000015238983,0.4999999996816307,-0.7710000018384172,1.5238983408494278e-08,-3.1836927538719806e-10,-1.838417196253772e-09
wider-float32,48,7.999999964002712,0.4999999988668408,-0.7609999993979434,-3.599728781722433e-08,-1.1331591776020389e-09,6.020566267750382e-10
wider-float32,49,7.0000000200484465,0.5000000008235058,-0.5749999990603153,2.0048446458531544e-08,8.235058190919631e-10,9.396846634146527e-10
wider-float32,50,6.000000012074731,0.5000000012494471,0.23399999907178717,1.20747314369396e-08,1.249447101336898e-09,-9.282128399235035e-10
wider-float32,51,5.999999981194628,0.49999999731137024,0.5679999992822907,-1.88053723704229e-08,-2.6886297632700007e-09,-7.177092253840556e-10
wider-float32,52,8.000000029533936,0.4999999997058728,-0.6810000003454804,2.9533936185544007e-08,-2.941272225776004e-10,-3.4548031102588084e-10
wider-float32,53,6.000000010703454,0.5000000011736254,-0.20700000024368873,1.0703454123017764e-08,1.173625419070845e-09,-2.436887358570061e-10
wider-float32,54,6.0000000020068525,0.5000000000092509,-0.22300000072457268,2.0068524619887285e-09,9.250933352689117e-12,-7.245726796334395e-10
wider-float32,55,6.000000008758611,0.5000000009087754,0.6930000007189522,8.75861072557882e-09,9.087753882752736e-10,7.189522310824259e-10
wider-float32,56,7.999999994781431,0.5000000015301098,-0.7720000006077762,-5.21856868829218e-09,1.5301098166276006e-09,-6.077761627309997e-10
wider-float32,57,8.000000003720118,0.5000000004574038,-0.7640000007532923,3.7201175473455805e-09,4.5740378151748473e-10,-7.532923174125017e-10
wider-float32,58,6.9999999885978,0.4999999988522446,-0.5849999977888474,-1.1402200073007407e-08,-1.1477553907290883e-09,2.211152594355781e-09
wider-float32,59,5.9999999923997756,0.49999999920749494,0.23799999890062834,-7.600224449788584e-09,-7.925050615753548e-10,-1.099371649271319e-09
wider-float32,60,5.999999977805194,0.49999999846464216,0.5610000023492437,-2.219480599308099e-08,-1.5353578408650037e-09,2.3492436884708923e-09
wider-float32,61,8.00000001133366,0.5000000004729946,-0.651999999504425,1.1333659344359148e-08,4.729946434522958e-10,4.95575025460937e-10
wider-float32,62,6.000000025909261,0.500000001389207,-0.21400000084959048,2.5909261403000983e-08,1.3892069716803235e-09,-8.495904812999555e-10
wider-float32,63,5.999999993854118,0.5000000002360542,-0.16399999955394312,-6.145882025521132e-09,2.3605417620586877e-10,4.460568858721814e-10
wider-float32,64,5.999999991662104,0.4999999988531267,-0.19099999997959924,-8.337895707200005e-09,-1.1468733185360236e-09,2.0400764411121486e-11
wider-float32,65,6.000000020160268,0.5000000016369337,0.03699999916142208,2.016026812157179e-08,1.6369336997001938e-09,-8.385779154407302e-10
wider-float32,66,6.999999992873824,0.5000000003254085,-0.3980000003213923,-7.1261760936636165e-09,3.2540847794138017e-10,-3.213923016609499e-10
wider-float32,67,6.9999999674293525,0.4999999988496009,-0.5789999998415123,-3.2570647512386586e-08,-1.150399109306477e-09,1.5848766743431497e-10
wider-float32,68,6.000000026225861,0.5000000023773428,0.19299999936386167,2.622586059430887e-08,2.37734276709034e-09,-6.361383364517081e-10
wider-float32,69,5.999999999820054,0.5000000010111043,0.566999998160879,-1.7994583600966507e-10,1.0111043113880669e-09,-1.839120966629082e-09
wider-float32,70,7.999999992589585,0.49999999948155066,-0.6709999987551656,-7.410415392428149e-09,-5.184493390153477e-10,1.2448344577364878e-09
wider-float32,71,5.999999997290016,0.49999999806904954,0.07900000009679321,-2.709984237014851e-09,-1.930950455086844e-09,9.679321233413418e-11
wider-float32,72,8.000000019802428,0.5000000016831575,-0.4890000008531068,1.9802428141701967e-08,1.6831575022635548e-09,-8.531068074191239e-10
wider-float32,73,7.000000043068708,0.5000000011297344,-0.5730000013097868,4.3068707711313436e-08,1.1297344171268264e-09,-1.3097868345468555e-09
wider-float32,74,6.00000001650543,0.499999999722936,0.16900000012138752,1.650542991171733e-08,-2.770639828675314e-10,1.213875111538698e-10
wider-float32,75,5.9999999917691245,0.4999999998014385,0.5650000009069714,-8.230875536696658e-09,-1.9856150057506738e-10,9.069714979048626e-10
wider-float32,76,7.999999999763643,0.49999999858352046,-0.6589999996852749,-2.3635671198007913e-10,-1.4164795447690892e-09,3.147251348423197e-10
wider-float32,77,6.00000001524011,0.500000000693347,0.23200000015714453,1.5240109618730457e-08,6.933470464431934e-10,1.5714451961912346e-10
wider-float32,78,7.999999996127281,0.4999999994389277,-0.493999999280001,-3.872719034347938e-09,-5.610722997317907e-10,7.199990048611937e-10
wider-float32,79,5.999999968894926,0.49999999803729434,-0.41299999886508393,-3.1105074072002026e-08,-1.962705664659836e-09,1.134916050027357e-09
wider-float32,80,7.0000000372499755,0.5000000004703495,-0.5860000009761104,3.724997554854781e-08,4.703495370961264e-10,-9.761104147187893e-10
wider-float32,81,6.000000020239461,0.5000000012002436,0.23499999872242633,2.023946077400751e-08,1.2002435711977455e-09,-1.2775736579762054e-09
wider-float32,82,6.000000025341857,0.5000000006247269,0.5609999984579815,2.5341856613181335e-08,6.247269368486741e-10,-1.5420185128789399e-09
wider-float32,83,7.999999977216783,0.49999999946039814,-0.6619999979337801,-2.2783217090704966e-08,-5.396018631920185e-10,2.0662199728960218e-09
wider-float32,84,5.999999998580886,0.5000000004788625,-0.14799999946833023,-1.419113715428466e-09,4.788625052043471e-10,5.316697637702816e-10
wider-float32,85,6.000000002316916,0.49999999987294697,-0.044000000050962766,2.316916436484462e-09,-1.2705303475968321e-10,-5.0962768727291774e-11
wider-float32,86,5.999999992614088,0.5000000002442775,-0.18199999968852879,-7.385912326185462e-09,2.4427748712696484e-10,3.114712099350214e-10
wider-float32,87,5.999999984029932,0.5000000007370867,-0.1820000003669595,-1.5970067934745202e-08,7.370867249889557e-10,-3.669595183275476e-10
wider-float32,88,5.999999979880526,0.49999999912643517,-0.3339999998331155,-2.0119474086754963e-08,-8.735648315827405e-10,1.6688450621415996e-10
wider-float32,89,5.999999991717379,0.49999999991935273,-0.34499999969500367,-8.282620811428387e-09,-8.064726664258615e-11,3.0499630598868066e-10
wider-float32,90,5.999999989934091,0.5000000002302485,0.40300000075322556,-1.0065908995215977e-08,2.3024848694319644e-10,7.532255374975705e-10
wider-float32,91,7.999999995246727,0.500000000232529,-0.5680000006377441,-4.753273330493357e-09,2.3252899605807897e-10,-6.377441907901016e-10
wider-float32,92,7.000000031525249,0.5000000001626804,-0.588999999896488,3.152524907790166e-08,1.6268042468681188e-10,1.0351197676783386e-10
wider-float32,93,5.999999986410153,0.4999999992717249,0.23299999934068924,-1.3589846581396614e-08,-7.282751068871107e-10,-6.593107726438063e-10
wider-float32,94,6.000000025541807,0.4999999997062376,0.5650000016937876,2.5541806891737906e-08,-2.9376240329170855e-10,1.6937876656797357e-09
wider-float32,95,8.000000014745744,0.5000000000356878,-0.6690000003770574,1.474574418125485e-08,3.568778605966827e-11,-3.77057385314572e-10
wider-float32,96,5.99999998230567,0.4999999985659772,-0.13300000007492438,-1.7694329557116362e-08,-1.4340227894038549e-09,-7.492437226197524e-11
wider-float32,97,6.0000000093364045,0.5000000022178562,-0.17499999860529172,9.3364045383737e-09,2.21785623200077e-09,1.3947082655452192e-09
wider-float32,98,5.999999965821361,0.4999999989096084,-0.08300000104716537,-3.417863858601322e-08,-1.0903916103366385e-09,-1.047165368306402e-09
wider-float32,99,6.000000017165773,0.49999999981614734,0.0129999983302676,1.7165772803195978e-08,-1.8385265532216977e-10,-1.6697323992204138e-09
wider-float32,100,7.000000020383829,0.5000000012958875,-0.30999999899202024,2.038382884705925e-08,1.2958875084123633e-09,1.007979755218713e-09
wider-float32,101,6.000000010542288,0.49999999917065174,0.1949999992672855,1.0542287931514238e-08,-8.293482567367505e-10,-7.327145001845281e-10
wider-float32,102,5.999999998758084,0.4999999994159776,-0.22999999883801497,-1.2419159034493532e-09,-5.840223860076321e-10,1.161985035968982e-09
wider-float32,103,6.000000021771044,0.5000000022489315,-0.26800000104642896,2.1771043634544185e-08,2.2489314854823306e-09,-1.0464289434963803e-09
wider-float32,104,6.000000012763321,0.5000000002604973,-0.21300000055181165,1.2763321066699973e-08,2.6049729040522607e-10,-5.518116519276361e-10
wider-float32,105,6.000000010192606,0.5000000023463469,-0.1900000003688481,1.0192605870429361e-08,2.3463468945550403e-09,-3.688480909591618e-10
wider-float32,106,6.999999996560435,0.5000000001056176,-0.5850000021339292,-3.439565077201223e-09,1.0561762575633793e-10,-2.1339292555211387e-09
wider-float32,107,5.99999999273421,0.5000000006625388,0.24400000229378205,-7.265789747634699e-09,6.625388015990552e-10,2.2937820531865327e-09
wider-float32,108,5.999999945851112,0.49999999736882433,0.5609999989461865,-5.4148888040117527e-08,-2.6311756662344976e-09,-1.0538135919446745e-09
wider-float32,109,8.000000023118352,0.4999999989435795,-0.6639999999952113,2.3118351677453575e-08,-1.0564205066287968e-09,4.788724972115688e-12
wider-float32,110,5.999999985155435,0.5000000004904692,-0.2379999996997279,-1.4844564688587525e-08,4.904692207929884e-10,3.002720849742957e-10
wider-float32,111,6.000000001323906,0.49999999881463825,0.672999998412373,1.3239063179071309e-09,-1.1853617531976113e-09,-1.5876270298420536e-09
wider-float32,112,8.000000028439661,0.5000000012385255,-0.6590000004678932,2.8439661292622986e-08,1.238525504376753e-09,-4.678931686541432e-10
wider-float32,113,6.999999985972958,0.49999999826297975,-0.871999997992688,-1.4027041750352964e-08,-1.7370202498590004e-09,2.007311983298621e-09
wider-float32,114,7.000000044254895,0.5000000024242958,-0.5840000001017749,4.4254894859818705e-08,2.424295764136275e-09,-1.0177492182350534e-10
wider-float32,115,6.00000000665288,0.4999999994064331,0.23400000021816073,6.652880024660135e-09,-5.935669178391834e-10,2.1816071171798512e-10
wider-float32,116,6.000000018932556,0.4999999994811167,0.5619999981150453,1.893255596741028e-08,-5.188833251956737e-10,-1.884954747843892e-09
wider-float32,117,7.9999999859946485,0.4999999991205843,-0.6659999979153937,-1.4005351545165468e-08,-8.79415706922515e-10,2.084606376406839e-09
wider-float32,118,6.00000000197858,0.5000000010869194,-0.2120000000347186,1.978579966532834e-09,1.0869194433382745e-09,-3.471861687032174e-11
wider-float32,119,6.000000015922609,0.4999999997050608,-0.19100000111350393,1.5922609009066946e-08,-2.9493918418666e-10,-1.1135039279519532e-09
wider-float32,120,5.999999973470259,0.4999999984114369,0.6670000013366972,-2.652974107064665e-08,-1.5885631143852663e-09,1.3366971973738373e-09
wider-float32,121,8.00000003020207,0.5000000004629349,-0.6530000007882981,3.0202070178120266e-08,4.6293491262616726e-10,-7.882980934681427e-10
wider-float32,122,6.999999970460232,0.4999999993970392,-0.8769999988740275,-2.953976796504776e-08,-6.02960792406293e-10,1.1259725374301865e-09
wider-float32,123,7.000000034742746,0.49999999939959106,-0.5579999995602106,3.474274556936052e-08,-6.00408944784192e-10,4.3978942709799185e-10
wider-float32,124,6.0000000448585045,0.5000000017917661,0.1859999961302306,4.485850446656059e-08,1.7917660688482329e-09,-3.869769393816114e-09
wider-float32,125,6.000000059072437,0.5000000026667216,0.5740000006574422,5.9072436719986854e-08,2.66672162130277e-09,6.57442211782211e-10
wider-float32,126,7.999999999383449,0.49999999978373216,-0.6940000010374014,-6.165512544953344e-10,-2.1626783697215046e-10,-1.0374014980385482e-09
wider-float32,127,5.999999948474981,0.4999999979163034,0.09600000111215869,-5.152501891814154e-08,-2.08369660414931e-09,1.1121586845908027e-09
wider-float32,128,15.999999986774169,0.4999999986667055,-0.28499999838686574,-1.3225831096974616e-08,-1.3332944748256637e-09,1.6131342372993629e-09
wider-float32,129,6.999999966915661,0.49999999803379824,-0.5919999984670614,-3.308433882409645e-08,-1.966201756964381e-09,1.532938553872043e-09
wider-float32,130,6.000000000756089,0.49999999873730916,0.26700000270234975,7.560894133007423e-10,-1.262690840775349e-09,2.7023497328748647e-09
wider-float32,131,6.000000022148461,0.5000000016954087,0.5599999978804907,2.2148460843141038e-08,1.695408702317991e-09,-2.1195093458103997e-09
wider-float32,132,7.999999993210846,0.5000000017285464,-0.6730000003933022,-6.789154127773145e-09,1.7285464171123976e-09,-3.933021686108873e-10
wider-float32,133,5.999999984919448,0.5000000001789336,-0.39200000102106625,-1.508055191834501e-08,1.7893364567811432e-10,-1.021066231565726e-09
wider-float32,134,7.000000017488822,0.5000000006562314,-0.5880000006658053,1.7488821946187727e-08,6.562314025515548e-10,-6.658052997821073e-10
wider-float32,135,6.000000047107867,0.5000000019176956,0.21499999958399987,4.710786694062108e-08,1.9176955579069954e-09,-4.160001232378363e-10
wider-float32,136,6.000000000933059,0.4999999993265729,0.5599999985630557,9.330589634259923e-10,-6.734270918684615e-10,-1.436944341293156e-09
wider-float32,137,8.000000017283996,0.5000000002774937,-0.6609999994679275,1.7283996456285422e-08,2.774936946892126e-10,5.320724971724644e-10
wider-float32,138,6.00000001248514,0.5000000003967555,-0.005000001530594152,1.2485140032936215e-08,3.9675551732898384e-10,-1.530594152289455e-09
wider-float32,139,6.000000017195543,0.5000000011851705,-0.36200000011238703,1.7195542767467487e-08,1.1851705172816196e-09,-1.1238704411553613e-10
wider-float32,140,5.999999983752242,0.4999999997775742,-0.35999999951588973,-1.6247757805842866e-08,-2.2242580000053636e-10,4.841102518859941e-10
wider-float32,141,7.000000023337294,0.5000000030124343,-0.5899999999991075,2.3337293875158593e-08,3.012434302007705e-09,8.925082894961633e-13
wider-float32,142,5.999999963727749,0.5000000003541445,0.21399999912245998,-3.627225098057352e-08,3.5414449151005556e-10,-8.775400128779864e-10
wider-float32,143,6.000000006665994,0.5000000001078303,0.5600000021293579,6.665993979027007e-09,1.0783030024441587e-10,2.129357801194942e-09
wider-float32,144,7.999999984794618,0.4999999973798931,-0.6569999991024652,-1.5205381842520183e-08,-2.6201069092124385e-09,8.975348242401537e-10
wider-float32,145,6.000000012753903,0.4999999998359099,-0.032000000633269306,1.2753902822737473e-08,-1.6409007486117844e-10,-6.332693050503657e-10
wider-float32,146,5.9999999864351485,0.49999999927897987,-0.15399999967306974,-1.3564851464309413e-08,-7.210201324880927e-10,3.2693026064123387e-10
wider-float32,147,5.999999996111402,0.4999999995373598,-0.3599999991363045,-3.888597888135337e-09,-4.626402039242805e-10,8.636955040053351e-10
wider-float32,148,6.000000001228532,0.49999999967774267,-0.331999999815519,1.228531942842892e-09,-3.222573319305866e-10,1.844810415541076e-10
wider-float32,149,6.999999991095025,0.499999998108861,-0.5930000007211225,-8.904975423718042e-09,-1.8911390231579617e-09,-7.211224950509632e-10
wider-float32,150,6.000000007368329,0.5000000019175105,0.24200000072612385,7.368329058010659e-09,1.9175104837287904e-09,7.261238554878702e-10
wider-float32,151,5.999999943428816,0.499999998883656,0.5570000006850976,-5.657118418156415e-08,-1.1163440172268224e-09,6.850975342587162e-10
wider-float32,152,8.000000013373182,0.5000000001922759,-0.6630000003661295,1.3373181673159706e-08,1.922758618988496e-10,-3.661294600831866e-10
wider-float32,153,6.000000003313822,0.5000000009357459,-0.23499999963276844,3.3138221056105976e-09,9.3574592519019e-10,3.6723155072415636e-10
wider-float32,154,5.999999974106624,0.49999999917223503,0.04900000034564009,-2.5893376331964646e-08,-8.277649676813326e-10,3.456400859969122e-10
wider-float32,155,5.999999996487923,0.49999999906539433,-0.3589999993066974,-3.512076851563961e-09,-9.346056706327488e-10,6.933025820110572e-10
wider-float32,156,5.999999991817228,0.49999999814708995,-0.3609999995886434,-8.182771793485699e-09,-1.8529100476172289e-09,4.1135655992619036e-10
wider-float32,157,6.999999973564795,0.4999999985070806,-0.565999999566216,-2.643520513601061e-08,-1.4929193992152534e-09,4.33783897690887e-10
wider-float32,158,5.999999959507372,0.4999999988589142,0.10800000104828399,-4.0492627917387836e-08,-1.1410857814198039e-09,1.0482839873926508e-09
wider-float32,159,5.999999980817354,0.499999997929966,0.5809999998869035,-1.9182645694115763e-08,-2.070033977563668e-09,-1.1309642111712037e-10
wider-float32,160,7.999999991281771,0.5000000009182392,-0.6680000002371902,-8.718228805548733e-09,9.182391513817834e-10,-2.3719015640466523e-10
wider-float32,161,7.000000022575964,0.5000000007878092,-0.3099999986444415,2.257596420918162e-08,7.878091512480978e-10,1.355558498783438e-09
wider-float32,162,5.9999999742369585,0.49999999900434955,0.1700000000793237,-2.576304147794417e-08,-9.956504509744946e-10,7.932368650820365e-11
wider-float32,163,5.999999936069932,0.4999999984037933,0.5670000012316239,-6.393006835025972e-08,-1.5962067223540544e-09,1.231623913966473e-09
wider-float32,164,8.000000014324705,0.5000000004229601,-0.6700000011829363,1.4324704977752845e-08,4.229601113792114e-10,-1.182936304466864e-09
wider-float32,165,6.000000007314153,0.5000000011905208,-0.19599999992553882,7.31415283894421e-09,1.1905207930595907e-09,7.446118721610162e-11
wider-float32,166,6.000000010057812,0.5000000004521635,-0.16500000011750793,1.0057812360741991e-08,4.52163528841254e-10,-1.1750792006104405e-10
wider-float32,167,6.000000044061193,0.5000000028849083,0.02099999754514305,4.4061192916444725e-08,2.8849083122395314e-09,-2.4548569496629646e-09
wider-float32,168,8.00000003161286,0.5000000020309251,-5.85658481159639e-10,3.16128598853993e-08,2.0309250947647683e-09,-5.85658481159639e-10
mixed-float32,1,6.999999997131268,0.4999999999912345,-0.5920000003783382,-2.868731918681533e-09,-8.765488335171767e-12,-3.7833824961808205e-10
mixed-float32,2,6.000000004185564,0.5000000003137112,0.24399999973021833,4.185563895475752e-09,3.137111681539295e-10,-2.69781669226532e-10
mixed-float32,3,5.999999997327597,0.499999998768142,0.5590000010917248,-2.6724027435420794e-09,-1.2318580044912153e-09,1.0917247106334571e-09
mixed-float32,4,8.000000003957169,0.4999999995139762,-0.6650000006073975,3.957168814849865e-09,-4.860237767800868e-10,-6.073974656573e-10
mixed-float32,5,5.999999947581043,0.4999999973602779,-0.27399999735017383,-5.241895717489342e-08,-2.639722107566911e-09,2.649826191802873e-09
mixed-float32,6,5.999999991642978,0.5000000008092077,0.07299999986979155,-8.357021741289827e-09,8.092077008470255e-10,-1.302084412513338e-10
mixed-float32,7,15.999999994051514,0.4999999999129087,-0.1410000000519635,-5.948486148099619e-09,-8.709127863326671e-11,-5.1963516822794986e-11
mixed-float32,8,6.000000011256749,0.5000000014253385,-0.07000000082130678,1.1256749310462055e-08,1.4253385138829344e-09,-8.213067725915124e-10
mixed-float32,9,6.999999994070787,0.49999999877719165,-0.5889999988915802,-5.929212676392126e-09,-1.2228083545728907e-09,1.1084198003885604e-09
mixed-float32,10,6.000000000082418,0.5000000007970975,0.23499999834593346,8.241762827765342e-11,7.970974991167168e-10,-1.654066522638331e-09
mixed-float32,11,5.999999995104125,0.4999999990303008,0.5590000027106984,-4.895874816668311e-09,-9.696992098184865e-10,2.7106983324642897e-09
mixed-float32,12,7.999999989873788,0.4999999998745821,-0.6560000008716536,-1.0126211869021517e-08,-1.2541789828901528e-10,-8.71653527134697e-10
mixed-float32,13,6.000000010170488,0.5000000007339368,-0.15600000052256868,1.0170487563243569e-08,7.339368002234892e-10,-5.225686827703413e-10
mixed-float32,14,5.999999973822831,0.4999999991762653,0.007000000038107545,-2.617716887698407e-08,-8.237346915684896e-10,3.8107544897414414e-11
mixed-float32,15,6.0000000105601154,0.4999999999411144,-0.2039999984374986,1.0560115448754459e-08,-5.888561860345476e-11,1.5625013782827324e-09
mixed-float32,16,6.0000000364357,0.5000000016511796,-0.20500000035834878,3.643569979061567e-08,1.651179637462974e-09,-3.5834879508200856e-10
mixed-float32,17,5.999999989791801,0.49999999795886996,-0.17700000052512127,-1.0208198730765616e-08,-2.041130042762518e-09,-5.251212797929838e-10
mixed-float32,18,6.000000005693406,0.5000000014865158,-0.17900000140978017,5.693405746853841e-09,1.4865157993426692e-09,-1.4097801814827449e-09
mixed-float32,19,6.000000010530103,0.5000000006062871,-0.18199999942072662,1.0530103011774372e-08,6.062871316103724e-10,5.792733792642224e-10
mixed-float32,20,6.999999985117445,0.4999999980707304,-0.5900000006126876,-1.4882554744133358e-08,-1.9292695774275614e-09,-6.126876783696389e-10
mixed-float32,21,5.999999965622947,0.4999999990780416,0.24000000202420582,-3.437705320408213e-08,-9.219583985142776e-10,2.0242058307307076e-09
mixed-float32,22,6.000000009812849,0.5000000000270438,0.5579999990692054,9.812849199875018e-09,2.7043811634541726e-11,-9.307946635672693e-10
mixed-float32,23,7.999999985188817,0.5000000005884897,-0.657999999994098,-1.4811183390861515e-08,5.884897014141188e-10,5.902056621209795e-12
mixed-float32,24,5.999999988699693,0.49999999834517045,-0.21500000043458103,-1.1300307356520989e-08,-1.6548295511675803e-09,-4.3458103782256785e-10
mixed-float32,25,5.999999983362222,0.5000000007216601,-0.18999999863606123,-1.6637778266215264e-08,7.216600650394867e-10,1.3639387674846404e-09
mixed-float32,26,5.9999999814818965,0.49999999888266855,0.11599999914819513,-1.8518103495068772e-08,-1.117331449584924e-09,-8.518048766337216e-10
mixed-float32,27,7.000000013808235,0.4999999999545301,-0.6040000000333015,1.380823544394616e-08,-4.546990561848929e-11,-3.330147269053896e-11
mixed-float32,28,5.999999980571162,0.4999999985996128,0.9010000022462307,-1.94288380939156e-08,-1.400387195094055e-09,2.246230645930325e-09
mixed-float32,29,7.000000006035863,0.49999999998152184,-0.9080000004349905,6.035863364672878e-09,-1.8478163443802487e-11,-4.349904880740496e-10
mixed-float32,30,6.999999999578766,0.49999999974363313,-0.9060000011430108,-4.212337145759193e-10,-2.5636687217556187e-10,-1.1430107971222014e-09
mixed-float32,31,7.000000020646666,0.5000000009415293,-0.5840000013028862,2.0646665710444267e-08,9.415292989700674e-10,-1.3028862433372979e-09
mixed-float32,32,6.000000017964849,0.5000000003677335,0.23500000099204843,1.7964849163831786e-08,3.67733510309165e-10,9.920484433934007e-10
mixed-float32,33,5.999999995540909,0.49999999982000987,0.5630000002554513,-4.459090874320282e-09,-1.7999013390834762e-10,2.5545132675830473e-10
mixed-float32,34,7.999999966818006,0.499999999461062,-0.6629999993161886,-3.318199404134248e-08,-5.389380053344439e-10,6.838114519069904e-10
mixed-float32,35,5.999999997856966,0.4999999995650606,-0.15300000008668002,-2.1430341945460896e-09,-4.3493941781491685e-10,-8.668002426936994e-11
mixed-float32,36,5.999999977351437,0.49999999874925055,0.022000000174743677,-2.264856302502949e-08,-1.2507494484559345e-09,1.7474367786096678e-10
mixed-float32,37,7.0000000319729265,0.5000000008783009,-0.29599999936908605,3.1972926528567314e-08,8.783008764723377e-10,6.309139322091539e-10
mixed-float32,38,5.999999973240892,0.4999999997609208,-0.18199999963276753,-2.675910781846369e-08,-2.3907920088106493e-10,3.672324666581517e-10
mixed-float32,39,5.999999967058315,0.49999999903245107,-0.012000000549136507,-3.294168493539473e-08,-9.675489298643924e-10,-5.491365070997567e-10
mixed-float32,40,7.0000000178926784,0.5000000009187199,-0.2249999996617109,1.7892678449982213e-08,9.18719877951446e-10,3.3828911893962754e-10
mixed-float32,41,6.999999997044512,0.5000000004226489,-0.5680000000258894,-2.9554882985394215e-09,4.22648915865409e-10,-2.5889401733536488e-11
mixed-float32,42,6.000000037004447,0.5000000013288045,0.24599999953740037,3.700444661802749e-08,1.3288045108694746e-09,-4.6259962527273046e-10
mixed-float32,43,5.999999981061705,0.49999999843984666,0.5699999991999353,-1.8938295376358383e-08,-1.560153339852377e-09,-8.0006468117233e-10
mixed-float32,44,7.99999999611337,0.49999999973550197,-0.6729999994957861,-3.886629684757281e-09,-2.6449803458561405e-10,5.042138928601503e-10
mixed-float32,45,5.9999999546965554,0.4999999985531395,-0.2759999986112035,-4.5303444551336725e-08,-1.4468605202822005e-09,1.3887965222281196e-09
mixed-float32,46,6.000000062922425,0.500000003495504,0.7039999997896872,6.29224246040394e-08,3.495503997363869e-09,-2.1031276720151482e-10
mixed-float32,47,8.000000015238992,0.4999999996816307,-0.7710000018384108,1.5238992290278475e-08,-3.1836927538719806e-10,-1.8384107569602293e-09
mixed-float32,48,7.999999964002698,0.4999999988668408,-0.7609999993979424,-3.599730202807905e-08,-1.1331591776020389e-09,6.020576259757604e-10
mixed-float32,49,7.000000020048426,0.5000000008235058,-0.5749999990603197,2.004842603042789e-08,8.235058190919631e-10,9.396802225225542e-10
mixed-float32,50,6.000000012074745,0.5000000012494471,0.2339999990717867,1.2074744759615896e-08,1.249447101336898e-09,-9.282133117682889e-10
mixed-float32,51,5.9999999811946205,0.49999999731137024,0.5679999992822897,-1.880537947585026e-08,-2.6886297632700007e-09,-7.177102245847777e-10
mixed-float32,52,8.000000029533897,0.4999999997058728,-0.681000000345477,2.953389710569354e-08,-2.941272225776004e-10,-3.4547698035680696e-10
mixed-float32,53,6.000000010703443,0.5000000011736255,-0.20700000024368806,1.0703442576698308e-08,1.1736255300931475e-09,-2.4368806972319135e-10
mixed-float32,54,6.000000002006865,0.500000000009251,-0.22300000072457407,2.0068648964866043e-09,9.25104437499158e-12,-7.245740674122203e-10
mixed-float32,55,6.000000008758595,0.5000000009087754,0.6930000007189534,8.758594738367265e-09,9.087753882752736e-10,7.18953452327753e-10
mixed-float32,56,7.999999994781351,0.5000000015301097,-0.7720000006077771,-5.218648624349953e-09,1.5301097056052981e-09,-6.077770509094194e-10
mixed-float32,57,8.00000000372011,0.5000000004574039,-0.7640000007532965,3.720110441918223e-09,4.574038925397872e-10,-7.532965362599953e-10
mixed-float32,58,6.999999988597736,0.4999999988522446,-0.5849999977888413,-1.1402264021853625e-08,-1.1477553907290883e-09,2.2111587005824163e-09
mixed-float32,59,5.999999992399794,0.49999999920749494,0.23799999890062226,-7.60020579804177e-09,-7.925050615753548e-10,-1.0993777277423789e-09
mixed-float32,60,5.999999977805221,0.49999999846464216,0.5610000023492482,-2.21947793477284e-08,-1.5353578408650037e-09,2.3492481293629908e-09
mixed-float32,61,8.000000011333652,0.5000000004729946,-0.6519999995044247,1.133365223893179e-08,4.729946434522958e-10,4.955753585278444e-10
mixed-float32,62,6.000000025909283,0.500000001389207,-0.21400000084958867,2.5909282719283055e-08,1.3892069716803235e-09,-8.495886771875405e-10
mixed-float32,63,5.999999993854131,0.5000000002360542,-0.1639999995539452,-6.145868702844837e-09,2.3605417620586877e-10,4.460548042040102e-10
mixed-float32,64,5.9999999916620945,0.4999999988531267,-0.19099999997959854,-8.337905477162622e-09,-1.1468733185360236e-09,2.0401458300511877e-11
mixed-float32,65,6.000000020160269,0.5000000016369337,0.03699999916142266,2.016026900975021e-08,1.6369336997001938e-09,-8.385773395125362e-10
mixed-float32,66,6.999999992873824,0.5000000003254085,-0.39800000032139277,-7.1261760936636165e-09,3.2540847794138017e-10,-3.2139274575015975e-10
mixed-float32,67,6.9999999674294004,0.4999999988496009,-0.5789999998415195,-3.257059955075192e-08,-1.150399109306477e-09,1.584804509846549e-10
mixed-float32,68,6.0000000262259165,0.5000000023773428,0.1929999993638608,2.622591654954931e-08,2.37734276709034e-09,-6.361391968745522e-10
mixed-float32,69,5.999999999820087,0.5000000010111043,0.5669999981608783,-1.7991297340813617e-10,1.0111043113880669e-09,-1.8391216327628968e-09
mixed-float32,70,7.999999992589592,0.49999999948155066,-0.6709999987551674,-7.4104082870007915e-09,-5.184493390153477e-10,1.2448326813796484e-09
mixed-float32,71,5.999999997289984,0.49999999806904954,0.07900000009679461,-2.71001621143796e-09,-1.930950455086844e-09,9.679461399070277e-11
mixed-float32,72,8.000000019802487,0.5000000016831575,-0.4890000008531073,1.9802486761477667e-08,1.6831575022635548e-09,-8.53107307019485e-10
mixed-float32,73,7.000000043068693,0.5000000011297344,-0.573000001309785,4.30686926122803e-08,1.1297344171268264e-09,-1.3097850581900161e-09
mixed-float32,74,6.000000016505418,0.499999999722936,0.16900000012138264,1.6505418365397873e-08,-2.770639828675314e-10,1.2138262617256146e-10
mixed-float32,75,5.999999991769122,0.49999999980143844,0.5650000009069827,-8.230878201231917e-09,-1.9856155608621862e-10,9.069827111574114e-10
mixed-float32,76,7.999999999763649,0.49999999858352046,-0.6589999996852813,-2.363513829095609e-10,-1.4164795447690892e-09,3.1471869554877685e-10
mixed-float32,77,6.000000015240126,0.500000000693347,0.23200000015714659,1.5240125605942012e-08,6.933470464431934e-10,1.5714657353171901e-10
mixed-float32,78,7.999999996127341,0.4999999994389277,-0.493999999280001,-3.872658638215398e-09,-5.610722997317907e-10,7.199990048611937e-10
mixed-float32,79,5.999999968894933,0.49999999803729434,-0.41299999886508465,-3.110506696657467e-08,-1.962705664659836e-09,1.134915328382391e-09
mixed-float32,80,7.000000037249983,0.5000000004703495,-0.5860000009761164,3.7249982653975167e-08,4.703495370961264e-10,-9.761164099231223e-10
mixed-float32,81,6.00000002023946,0.5000000012002437,0.2349999987224301,2.0239459885829092e-08,1.200243682220048e-09,-1.2775698832179216e-09
mixed-float32,82,6.000000025341894,0.5000000006247269,0.5609999984579811,2.5341893916674962e-08,6.247269368486741e-10,-1.5420189569681497e-09
mixed-float32,83,7.999999977216838,0.49999999946039814,-0.6619999979337802,-2.2783162023642944e-08,-5.396018631920185e-10,2.0662198618737193e-09
mixed-float32,84,5.999999998580857,0.5000000004788625,-0.1479999994683283,-1.4191430253163162e-09,4.788625052043471e-10,5.316716789049991e-10
mixed-float32,85,6.000000002316909,0.49999999987294697,-0.044000000050965486,2.3169093310571043e-09,-1.2705303475968321e-10,-5.0965488773702106e-11
mixed-float32,86,5.999999992614078,0.5000000002442775,-0.18199999968852204,-7.385922096148079e-09,2.4427748712696484e-10,3.11477954539896e-10
mixed-float32,87,5.999999984029951,0.5000000007370867,-0.18200000036695763,-1.597004928299839e-08,7.370867249889557e-10,-3.669576309484057e-10
mixed-float32,88,5.999999979880531,0.49999999912643517,-0.33399999983312245,-2.0119468757684444e-08,-8.735648315827405e-10,1.6687756732025605e-10
mixed-float32,89,5.9999999917173845,0.49999999991935273,-0.3449999996950037,-8.282615482357869e-09,-8.064726664258615e-11,3.0499625047752943e-10
mixed-float32,90,5.999999989934123,0.5000000002302485,0.4030000007532233,-1.0065877020792868e-08,2.3024848694319644e-10,7.5322326154037e-10
mixed-float32,91,7.999999995246832,0.500000000232529,-0.5680000006377423,-4.753167637261413e-09,2.3252899605807897e-10,-6.377423034109597e-10
mixed-float32,92,7.000000031525254,0.5000000001626804,-0.5889999998964895,3.152525440697218e-08,1.6268042468681188e-10,1.0351042245559938e-10
mixed-float32,93,5.999999986410091,0.4999999992717249,0.2329999993406928,-1.3589908753885993e-08,-7.282751068871107e-10,-6.593072199301275e-10
mixed-float32,94,6.000000025541806,0.4999999997062376,0.5650000016937922,2.5541806003559486e-08,-2.9376240329170855e-10,1.6937922175941367e-09
mixed-float32,95,8.000000014745774,0.5000000000356878,-0.6690000003770614,1.474577437932112e-08,3.568778605966827e-11,-3.7706138211746065e-10
mixed-float32,96,5.999999982305682,0.4999999985659772,-0.1330000000749264,-1.7694318010796906e-08,-1.4340227894038549e-09,-7.492639841899518e-11
mixed-float32,97,6.000000009336384,0.5000000022178562,-0.17499999860529067,9.336384110270046e-09,2.21785623200077e-09,1.3947093202570926e-09
mixed-float32,98,5.999999965821378,0.4999999989096084,-0.08300000104716485,-3.417862171062325e-08,-1.0903916103366385e-09,-1.0471648409504652e-09
mixed-float32,99,6.000000017165837,0.49999999981614734,0.012999998330269017,1.7165836752042196e-08,-1.8385265532216977e-10,-1.669730981951334e-09
mixed-float32,100,7.000000020383834,0.5000000012958875,-0.3099999989920199,2.0383834176129767e-08,1.2958875084123633e-09,1.0079800882856205e-09
mixed-float32,101,6.000000010542295,0.49999999917065174,0.19499999926727954,1.0542295036941596e-08,-8.293482567367505e-10,-7.327204676332855e-10
mixed-float32,102,5.999999998758109,0.49999999941597756,-0.22999999883801664,-1.2418910344536016e-09,-5.840224415187834e-10,1.1619833706344451e-09
mixed-float32,103,6.000000021771048,0.5000000022489315,-0.268000001046426,2.1771048075436283e-08,2.2489314854823306e-09,-1.046426001405365e-09
mixed-float32,104,6.000000012763324,0.5000000002604973,-0.2130000005518119,1.2763323731235232e-08,2.6049729040522607e-10,-5.518119017278167e-10
mixed-float32,105,6.000000010192603,0.5000000023463468,-0.1900000003688483,1.0192603205894102e-08,2.346346783532738e-09,-3.6884828524819113e-10
mixed-float32,106,6.9999999965603745,0.5000000001056176,-0.5850000021339274,-3.4396254733337628e-09,1.0561762575633793e-10,-2.1339274791642993e-09
mixed-float32,107,5.999999992734213,0.5000000006625388,0.24400000229378146,-7.26578708309944e-09,6.625388015990552e-10,2.2937814703194448e-09
mixed-float32,108,5.9999999458511795,0.49999999736882433,0.5609999989461856,-5.414882053855763e-08,-2.6311756662344976e-09,-1.0538144801230942e-09
mixed-float32,109,8.000000023118352,0.4999999989435795,-0.663999999995212,2.3118351677453575e-08,-1.0564205066287968e-09,4.788058838300913e-12
mixed-float32,110,5.999999985155381,0.5000000004904691,-0.23799999969972185,-1.4844618867471127e-08,4.904691097706859e-10,3.002781356897799e-10
mixed-float32,111,6.000000001323892,0.49999999881463825,0.6729999984123753,1.3238921070524157e-09,-1.1853617531976113e-09,-1.587624698373702e-09
mixed-float32,112,8.00000002843962,0.5000000012385256,-0.6590000004678925,2.843962043641568e-08,1.2385256153990554e-09,-4.678925025203284e-10
mixed-float32,113,6.999999985973004,0.4999999982629797,-0.871999997992696,-1.402699556507514e-08,-1.7370203053701516e-09,2.0073039896928435e-09
mixed-float32,114,7.00000004425484,0.5000000024242958,-0.5840000001017814,4.4254839792756684e-08,2.424295764136275e-09,-1.0178147213935063e-10
mixed-float32,115,6.000000006652956,0.4999999994064331,0.2340000002181669,6.652956408004229e-09,-5.935669178391834e-10,2.181668734557718e-10
mixed-float32,116,6.000000018932518,0.4999999994811166,0.5619999981150442,1.8932517775738233e-08,-5.188833807068249e-10,-1.8849558580669168e-09
mixed-float32,117,7.999999985994679,0.49999999912058435,-0.6659999979153939,-1.4005321347099198e-08,-8.794156514113638e-10,2.084606154362234e-09
mixed-float32,118,6.000000001978534,0.5000000010869194,-0.21200000003471522,1.9785337812550097e-09,1.0869194433382745e-09,-3.471523069009663e-11
mixed-float32,119,6.000000015922686,0.4999999997050608,-0.19100000111350998,1.592268628058946e-08,-2.9493918418666e-10,-1.1135099786674374e-09
mixed-float32,120,5.999999973470275,0.4999999984114369,0.6670000013366991,-2.6529725083435096e-08,-1.5885631143852663e-09,1.3366990847529792e-09
mixed-float32,121,8.000000030202063,0.5000000004629348,-0.6530000007883038,3.020206307269291e-08,4.629348016038648e-10,-7.883037556055683e-10
mixed-float32,122,6.999999970460185,0.4999999993970392,-0.8769999988740175,-2.9539815038504003e-08,-6.02960792406293e-10,1.1259825294374082e-09
mixed-float32,123,7.000000034742733,0.49999999939959106,-0.5579999995602122,3.474273313486265e-08,-6.00408944784192e-10,4.3978787278575737e-10
mixed-float32,124,6.000000044858466,0.5000000017917661,0.18599999613023038,4.485846627488854e-08,1.7917660688482329e-09,-3.869769615860719e-09
mixed-float32,125,6.000000059072486,0.5000000026667216,0.5740000006574426,5.907248556979994e-08,2.66672162130277e-09,6.574426558714208e-10
mixed-float32,126,7.999999999383459,0.49999999978373216,-0.6940000010374094,-6.16540596354298e-10,-2.1626783697215046e-10,-1.0374094916443255e-09
mixed-float32,127,5.999999948474958,0.4999999979163034,0.09600000111215898,-5.152504201078045e-08,-2.08369660414931e-09,1.1121589760243467e-09
mixed-float32,128,15.999999986774249,0.4999999986667055,-0.28499999838686285,-1.3225751160916843e-08,-1.3332944748256637e-09,1.613137123879227e-09
mixed-float32,129,6.999999966915598,0.4999999980337982,-0.5919999984670522,-3.308440188476425e-08,-1.966201812475532e-09,1.5329477687231474e-09
mixed-float32,130,6.00000000075609,0.49999999873730916,0.26700000270234886,7.56090301479162e-10,-1.262690840775349e-09,2.702348844696445e-09
mixed-float32,131,6.000000022148501,0.5000000016954087,0.5599999978804858,2.2148500811169924e-08,1.695408702317991e-09,-2.119514230791708e-09
mixed-float32,132,7.999999993210885,0.5000000017285464,-0.6730000003932978,-6.789115047922678e-09,1.7285464171123976e-09,-3.932977277187888e-10
mixed-float32,133,5.999999984919429,0.5000000001789336,-0.39200000102106347,-1.5080570570091822e-08,1.7893364567811432e-10,-1.0210634560081644e-09
mixed-float32,134,7.00000001748891,0.5000000006562314,-0.5880000006658103,1.7488909875851277e-08,6.562314025515548e-10,-6.658102957857182e-10
mixed-float32,135,6.000000047107861,0.5000000019176957,0.21499999958400112,4.710786072337214e-08,1.917695668929298e-09,-4.159988742369336e-10
mixed-float32,136,6.000000000933119,0.4999999993265729,0.5599999985630604,9.331193595585319e-10,-6.734270918684615e-10,-1.4369396783564525e-09
mixed-float32,137,8.00000001728401,0.5000000002774937,-0.660999999467929,1.7284010667140137e-08,2.774936946892126e-10,5.320710538825324e-10
mixed-float32,138,6.0000000124851445,0.5000000003967555,-0.005000001530591551,1.2485144473828313e-08,3.9675551732898384e-10,-1.5305915510716028e-09
mixed-float32,139,6.0000000171954975,0.5000000011851705,-0.3620000001123849,1.7195497470368082e-08,1.1851705172816196e-09,-1.1238493469178934e-10
mixed-float32,140,5.999999983752198,0.4999999997775742,-0.3599999995158929,-1.624780221476385e-08,-2.2242580000053636e-10,4.841070877503739e-10
mixed-float32,141,7.000000023337333,0.5000000030124342,-0.5899999999991153,2.333733295500906e-08,3.0124341909854024e-09,8.846257060213247e-13
mixed-float32,142,5.999999963727818,0.5000000003541445,0.2139999991224642,-3.627218170265678e-08,3.5414449151005556e-10,-8.775357940304929e-10
mixed-float32,143,6.000000006665989,0.5000000001078303,0.5600000021293594,6.665988649956489e-09,1.0783030024441587e-10,2.1293593555071766e-09
mixed-float32,144,7.999999984794757,0.4999999973798931,-0.6569999991024791,-1.520524328668671e-08,-2.6201069092124385e-09,8.975209464523459e-10
mixed-float32,145,6.0000000127539215,0.4999999998359099,-0.032000000633268307,1.2753921474484287e-08,-1.6409007486117844e-10,-6.332683058496436e-10
mixed-float32,146,5.999999986435127,0.49999999927897987,-0.15399999967307065,-1.3564872780591486e-08,-7.210201324880927e-10,3.2692934470723856e-10
mixed-float32,147,5.999999996111515,0.49999999953735985,-0.3599999991363116,-3.888485089476035e-09,-4.626401484131293e-10,8.636883985779775e-10
mixed-float32,148,6.000000001228523,0.4999999996777427,-0.3319999998155168,1.228523061058695e-09,-3.2225727641943536e-10,1.8448320648900562e-10
mixed-float32,149,6.999999991094973,0.499999998108861,-0.5930000007211139,-8.905026938066385e-09,-1.8911390231579617e-09,-7.211139463336735e-10
mixed-float32,150,6.0000000073682305,0.5000000019175105,0.24200000072612055,7.368230470206072e-09,1.9175104837287904e-09,7.261205525743719e-10
mixed-float32,151,5.999999943428786,0.499999998883656,0.5570000006850941,-5.657121437963042e-08,-1.1163440172268224e-09,6.850940925673399e-10
mixed-float32,152,8.000000013373224,0.500000000192276,-0.6630000003661278,1.3373224305723852e-08,1.9227597292115206e-10,-3.6612779474864965e-10
mixed-float32,153,6.000000003313793,0.5000000009357459,-0.2349999996327647,3.3137927957227475e-09,9.3574592519019e-10,3.6723529772686447e-10
mixed-float32,154,5.999999974106597,0.49999999917223503,0.04900000034563942,-2.5893402977317237e-08,-8.277649676813326e-10,3.4563941986309743e-10
mixed-float32,155,5.999999996487916,0.49999999906539433,-0.3589999993066965,-3.5120839569913187e-09,-9.346056706327488e-10,6.933034701894769e-10
mixed-float32,156,5.999999991817227,0.49999999814708995,-0.36099999958864254,-8.182772681664119e-09,-1.8529100476172289e-09,4.1135744810461006e-10
mixed-float32,157,6.999999973564752,0.4999999985070806,-0.5659999995662175,-2.6435247768574754e-08,-1.4929193992152534e-09,4.33782454400955e-10
mixed-float32,158,5.999999959507397,0.4999999988589143,0.10800000104828535,-4.0492603048392084e-08,-1.1410857259086526e-09,1.048285347415856e-09
mixed-float32,159,5.999999980817336,0.499999997929966,0.5809999998869155,-1.9182664345862577e-08,-2.070033977563668e-09,-1.1308443070845442e-10
mixed-float32,160,7.999999991281894,0.500000000918239,-0.6680000002371981,-8.718106236926815e-09,9.182390403594809e-10,-2.3719803898814007e-10
mixed-float32,161,7.000000022575962,0.5000000007878092,-0.3099999986444423,2.257596243282478e-08,7.878091512480978e-10,1.3555577216273207e-09
mixed-float32,162,5.999999974236947,0.49999999900434955,0.17000000007932908,-2.5763053024263627e-08,-9.956504509744946e-10,7.932907108987308e-11
mixed-float32,163,5.999999936069872,0.4999999984037933,0.5670000012316255,-6.393012785821384e-08,-1.5962067223540544e-09,1.23162557930101e-09
mixed-float32,164,8.000000014324588,0.5000000004229601,-0.6700000011829305,1.4324587738201444e-08,4.229601113792114e-10,-1.1829304202848334e-09
mixed-float32,165,6.000000007314199,0.5000000011905208,-0.19599999992554176,7.3141990242220345e-09,1.1905207930595907e-09,7.445824512508636e-11
mixed-float32,166,6.000000010057818,0.5000000004521635,-0.16500000011750493,1.005781768981251e-08,4.52163528841254e-10,-1.1750492245887756e-10
mixed-float32,167,6.0000000440612276,0.5000000028849083,0.020999997545137847,4.406122755540309e-08,2.8849083122395314e-09,-2.4548621538333926e-09
mixed-float32,168,8.000000031612855,0.5000000020309251,-5.856590120640069e-10,3.1612854556328784e-08,2.0309250947647683e-09,-5.856590120640069e-10
