effect,serial_id,parameter,delta,qr_svd_resolution,resolved
oracle_error,1,A,5.329070518200751e-15,,
oracle_error,1,C,-7.771561172376096e-16,,
oracle_error,2,A,0.0,,
oracle_error,2,C,5.273559366969494e-16,,
oracle_error,3,A,-2.6645352591003757e-15,,
oracle_error,3,C,-1.4432899320127035e-15,,
oracle_error,4,A,-7.993605777301127e-15,,
oracle_error,4,C,7.771561172376096e-16,,
oracle_error,5,A,1.7763568394002505e-15,,
oracle_error,5,C,-2.7755575615628914e-16,,
oracle_error,6,A,-5.329070518200751e-15,,
oracle_error,6,C,4.163336342344337e-16,,
oracle_error,7,A,0.0,,
oracle_error,7,C,1.1102230246251565e-16,,
oracle_error,8,A,3.552713678800501e-15,,
oracle_error,8,C,-9.71445146547012e-17,,
oracle_error,9,A,-2.6645352591003757e-15,,
oracle_error,9,C,2.220446049250313e-15,,
oracle_error,10,A,-1.4210854715202004e-14,,
oracle_error,10,C,1.3877787807814457e-16,,
oracle_error,11,A,-9.769962616701378e-15,,
oracle_error,11,C,8.881784197001252e-16,,
oracle_error,12,A,1.7763568394002505e-15,,
oracle_error,12,C,1.1102230246251565e-16,,
oracle_error,13,A,-6.217248937900877e-15,,
oracle_error,13,C,6.38378239159465e-16,,
oracle_error,14,A,2.6645352591003757e-15,,
oracle_error,14,C,-1.2776238400569184e-15,,
oracle_error,15,A,0.0,,
oracle_error,15,C,-2.7755575615628914e-17,,
oracle_error,16,A,6.217248937900877e-15,,
oracle_error,16,C,8.604228440844963e-16,,
oracle_error,17,A,7.993605777301127e-15,,
oracle_error,17,C,7.216449660063518e-16,,
oracle_error,18,A,-1.1546319456101628e-14,,
oracle_error,18,C,-9.159339953157541e-16,,
oracle_error,19,A,6.217248937900877e-15,,
oracle_error,19,C,-1.6653345369377348e-16,,
oracle_error,20,A,7.105427357601002e-15,,
oracle_error,20,C,-3.1086244689504383e-15,,
oracle_error,21,A,-1.865174681370263e-14,,
oracle_error,21,C,2.3869795029440866e-15,,
oracle_error,22,A,4.440892098500626e-15,,
oracle_error,22,C,2.220446049250313e-16,,
oracle_error,23,A,-1.2434497875801753e-14,,
oracle_error,23,C,-2.220446049250313e-16,,
oracle_error,24,A,1.7763568394002505e-15,,
oracle_error,24,C,-1.3877787807814457e-16,,
oracle_error,25,A,-1.865174681370263e-14,,
oracle_error,25,C,2.220446049250313e-16,,
oracle_error,26,A,8.881784197001252e-15,,
oracle_error,26,C,1.734723475976807e-15,,
oracle_error,27,A,-6.217248937900877e-15,,
oracle_error,27,C,-1.2212453270876722e-15,,
oracle_error,28,A,3.9968028886505635e-14,,
oracle_error,28,C,-3.3306690738754696e-15,,
oracle_error,29,A,2.042810365310288e-14,,
oracle_error,29,C,-1.5543122344752192e-15,,
oracle_error,30,A,3.019806626980426e-14,,
oracle_error,30,C,1.9984014443252818e-15,,
oracle_error,31,A,-7.993605777301127e-15,,
oracle_error,31,C,6.661338147750939e-16,,
oracle_error,32,A,1.7763568394002505e-15,,
oracle_error,32,C,-1.304512053934559e-15,,
oracle_error,33,A,1.1546319456101628e-14,,
oracle_error,33,C,7.771561172376096e-16,,
oracle_error,34,A,-4.440892098500626e-15,,
oracle_error,34,C,7.771561172376096e-16,,
oracle_error,35,A,8.881784197001252e-16,,
oracle_error,35,C,5.551115123125783e-16,,
oracle_error,36,A,1.3322676295501878e-14,,
oracle_error,36,C,-5.447031714567174e-16,,
oracle_error,37,A,-2.1316282072803006e-14,,
oracle_error,37,C,1.1102230246251565e-15,,
oracle_error,38,A,7.105427357601002e-15,,
oracle_error,38,C,-2.220446049250313e-16,,
oracle_error,39,A,2.1316282072803006e-14,,
oracle_error,39,C,-5.134781488891349e-16,,
oracle_error,40,A,-1.1546319456101628e-14,,
oracle_error,40,C,3.885780586188048e-16,,
oracle_error,41,A,3.8191672047105385e-14,,
oracle_error,41,C,-1.7763568394002505e-15,,
oracle_error,42,A,-6.217248937900877e-15,,
oracle_error,42,C,-1.887379141862766e-15,,
oracle_error,43,A,-2.5757174171303632e-14,,
oracle_error,43,C,3.885780586188048e-15,,
oracle_error,44,A,2.6645352591003757e-14,,
oracle_error,44,C,-2.220446049250313e-15,,
oracle_error,45,A,4.440892098500626e-15,,
oracle_error,45,C,1.1102230246251565e-16,,
oracle_error,46,A,-3.197442310920451e-14,,
oracle_error,46,C,2.55351295663786e-15,,
oracle_error,47,A,1.5987211554602254e-14,,
oracle_error,47,C,-1.1102230246251565e-15,,
oracle_error,48,A,8.881784197001252e-15,,
oracle_error,48,C,-1.6653345369377348e-15,,
oracle_error,49,A,1.509903313490213e-14,,
oracle_error,49,C,-1.887379141862766e-15,,
oracle_error,50,A,1.865174681370263e-14,,
oracle_error,50,C,1.3600232051658168e-15,,
oracle_error,51,A,1.4210854715202004e-14,,
oracle_error,51,C,-2.4424906541753444e-15,,
oracle_error,52,A,-3.2862601528904634e-14,,
oracle_error,52,C,2.9976021664879227e-15,,
oracle_error,53,A,-7.993605777301127e-15,,
oracle_error,53,C,6.38378239159465e-16,,
oracle_error,54,A,-2.930988785010413e-14,,
oracle_error,54,C,1.6653345369377348e-16,,
oracle_error,55,A,3.2862601528904634e-14,,
oracle_error,55,C,-8.881784197001252e-16,,
oracle_error,56,A,1.7763568394002505e-15,,
oracle_error,56,C,-2.55351295663786e-15,,
oracle_error,57,A,-1.2434497875801753e-14,,
oracle_error,57,C,1.7763568394002505e-15,,
oracle_error,58,A,3.019806626980426e-14,,
oracle_error,58,C,-1.4432899320127035e-15,,
oracle_error,59,A,-2.6645352591003757e-15,,
oracle_error,59,C,-1.2490009027033011e-15,,
oracle_error,60,A,2.220446049250313e-14,,
oracle_error,60,C,-3.6637359812630166e-15,,
oracle_error,61,A,-4.440892098500626e-15,,
oracle_error,61,C,3.885780586188048e-15,,
oracle_error,62,A,7.105427357601002e-15,,
oracle_error,62,C,7.216449660063518e-16,,
oracle_error,63,A,-8.881784197001252e-15,,
oracle_error,63,C,5.551115123125783e-17,,
oracle_error,64,A,1.7763568394002505e-14,,
oracle_error,64,C,-3.608224830031759e-16,,
oracle_error,65,A,5.329070518200751e-15,,
oracle_error,65,C,5.551115123125783e-17,,
oracle_error,66,A,1.7763568394002505e-15,,
oracle_error,66,C,2.220446049250313e-16,,
oracle_error,67,A,1.1546319456101628e-14,,
oracle_error,67,C,2.55351295663786e-15,,
oracle_error,68,A,2.6645352591003757e-15,,
oracle_error,68,C,-2.9698465908722937e-15,,
oracle_error,69,A,-1.865174681370263e-14,,
oracle_error,69,C,3.774758283725532e-15,,
oracle_error,70,A,3.375077994860476e-14,,
oracle_error,70,C,-6.439293542825908e-15,,
oracle_error,71,A,-6.217248937900877e-15,,
oracle_error,71,C,7.216449660063518e-16,,
oracle_error,72,A,-1.687538997430238e-14,,
oracle_error,72,C,1.7208456881689926e-15,,
oracle_error,73,A,2.042810365310288e-14,,
oracle_error,73,C,-2.220446049250313e-16,,
oracle_error,74,A,-3.108624468950438e-14,,
oracle_error,74,C,1.887379141862766e-15,,
oracle_error,75,A,2.6645352591003757e-15,,
oracle_error,75,C,3.3306690738754696e-16,,
oracle_error,76,A,2.1316282072803006e-14,,
oracle_error,76,C,-1.5543122344752192e-15,,
oracle_error,77,A,-2.1316282072803006e-14,,
oracle_error,77,C,2.248201624865942e-15,,
oracle_error,78,A,3.552713678800501e-15,,
oracle_error,78,C,-4.996003610813204e-16,,
oracle_error,79,A,-1.0658141036401503e-14,,
oracle_error,79,C,-4.996003610813204e-16,,
oracle_error,80,A,-3.019806626980426e-14,,
oracle_error,80,C,-1.2212453270876722e-15,,
oracle_error,81,A,4.440892098500626e-15,,
oracle_error,81,C,3.913536161803677e-15,,
oracle_error,82,A,-2.220446049250313e-14,,
oracle_error,82,C,-4.107825191113079e-15,,
oracle_error,83,A,4.618527782440651e-14,,
oracle_error,83,C,-1.1102230246251565e-16,,
oracle_error,84,A,-3.8191672047105385e-14,,
oracle_error,84,C,1.1379786002407855e-15,,
oracle_error,85,A,3.552713678800501e-15,,
oracle_error,85,C,1.033895191682177e-15,,
oracle_error,86,A,1.7763568394002505e-14,,
oracle_error,86,C,8.326672684688674e-17,,
oracle_error,87,A,1.7763568394002505e-14,,
oracle_error,87,C,-3.3584246494910985e-15,,
oracle_error,88,A,3.2862601528904634e-14,,
oracle_error,88,C,5.551115123125783e-16,,
oracle_error,89,A,1.2434497875801753e-14,,
oracle_error,89,C,3.497202527569243e-15,,
oracle_error,90,A,1.2434497875801753e-14,,
oracle_error,90,C,-5.495603971894525e-15,,
oracle_error,91,A,7.105427357601002e-15,,
oracle_error,91,C,1.6653345369377348e-15,,
oracle_error,92,A,3.4638958368304884e-14,,
oracle_error,92,C,2.55351295663786e-15,,
oracle_error,93,A,-1.9539925233402755e-14,,
oracle_error,93,C,-2.4147350785597155e-15,,
oracle_error,94,A,-1.4210854715202004e-14,,
oracle_error,94,C,9.992007221626409e-16,,
oracle_error,95,A,-1.4210854715202004e-14,,
oracle_error,95,C,1.7763568394002505e-15,,
oracle_error,96,A,-8.881784197001252e-15,,
oracle_error,96,C,2.3314683517128287e-15,,
oracle_error,97,A,6.217248937900877e-15,,
oracle_error,97,C,-9.159339953157541e-16,,
oracle_error,98,A,-1.687538997430238e-14,,
oracle_error,98,C,4.163336342344337e-17,,
oracle_error,99,A,-2.3092638912203256e-14,,
oracle_error,99,C,-1.0408340855860843e-17,,
oracle_error,100,A,1.4210854715202004e-14,,
oracle_error,100,C,1.1102230246251565e-16,,
oracle_error,101,A,1.5987211554602254e-14,,
oracle_error,101,C,8.326672684688674e-16,,
oracle_error,102,A,1.509903313490213e-14,,
oracle_error,102,C,-3.0531133177191805e-16,,
oracle_error,103,A,-8.881784197001252e-15,,
oracle_error,103,C,-9.992007221626409e-16,,
oracle_error,104,A,-2.6645352591003757e-15,,
oracle_error,104,C,-6.661338147750939e-16,,
oracle_error,105,A,3.552713678800501e-15,,
oracle_error,105,C,8.881784197001252e-16,,
oracle_error,106,A,-4.3520742565306136e-14,,
oracle_error,106,C,-6.661338147750939e-16,,
oracle_error,107,A,-6.217248937900877e-15,,
oracle_error,107,C,2.3314683517128287e-15,,
oracle_error,108,A,3.197442310920451e-14,,
oracle_error,108,C,1.7763568394002505e-15,,
oracle_error,109,A,2.6645352591003757e-14,,
oracle_error,109,C,-6.106226635438361e-15,,
oracle_error,110,A,-1.9539925233402755e-14,,
oracle_error,110,C,-2.1649348980190553e-15,,
oracle_error,111,A,-4.085620730620576e-14,,
oracle_error,111,C,5.995204332975845e-15,,
oracle_error,112,A,-1.687538997430238e-14,,
oracle_error,112,C,-1.887379141862766e-15,,
oracle_error,113,A,-7.105427357601002e-14,,
oracle_error,113,C,2.9976021664879227e-15,,
oracle_error,114,A,-7.993605777301127e-15,,
oracle_error,114,C,-2.220446049250313e-16,,
oracle_error,115,A,3.552713678800501e-15,,
oracle_error,115,C,1.8041124150158794e-15,,
oracle_error,116,A,7.105427357601002e-15,,
oracle_error,116,C,-1.2212453270876722e-15,,
oracle_error,117,A,-3.019806626980426e-14,,
oracle_error,117,C,-8.881784197001252e-16,,
oracle_error,118,A,7.105427357601002e-15,,
oracle_error,118,C,-3.219646771412954e-15,,
oracle_error,119,A,3.375077994860476e-14,,
oracle_error,119,C,-9.71445146547012e-16,,
oracle_error,120,A,-7.993605777301127e-15,,
oracle_error,120,C,8.326672684688674e-15,,
oracle_error,121,A,3.907985046680551e-14,,
oracle_error,121,C,-4.107825191113079e-15,,
oracle_error,122,A,-3.019806626980426e-14,,
oracle_error,122,C,-4.440892098500626e-16,,
oracle_error,123,A,9.769962616701378e-15,,
oracle_error,123,C,-6.661338147750939e-16,,
oracle_error,124,A,5.5067062021407764e-14,,
oracle_error,124,C,-4.746203430272544e-15,,
oracle_error,125,A,1.0658141036401503e-14,,
oracle_error,125,C,5.662137425588298e-15,,
oracle_error,126,A,3.019806626980426e-14,,
oracle_error,126,C,-1.1102230246251565e-16,,
oracle_error,127,A,4.440892098500626e-15,,
oracle_error,127,C,3.677613769070831e-15,,
oracle_error,128,A,-6.394884621840902e-14,,
oracle_error,128,C,-1.4432899320127035e-15,,
oracle_error,129,A,-2.1316282072803006e-14,,
oracle_error,129,C,-1.6653345369377348e-15,,
oracle_error,130,A,-1.7763568394002505e-15,,
oracle_error,130,C,4.440892098500626e-16,,
oracle_error,131,A,3.4638958368304884e-14,,
oracle_error,131,C,-6.661338147750939e-16,,
oracle_error,132,A,3.907985046680551e-14,,
oracle_error,132,C,-1.887379141862766e-15,,
oracle_error,133,A,-4.440892098500626e-15,,
oracle_error,133,C,4.996003610813204e-16,,
oracle_error,134,A,3.019806626980426e-14,,
oracle_error,134,C,2.220446049250313e-15,,
oracle_error,135,A,2.930988785010413e-14,,
oracle_error,135,C,7.216449660063518e-16,,
oracle_error,136,A,5.5067062021407764e-14,,
oracle_error,136,C,-3.6637359812630166e-15,,
oracle_error,137,A,3.730349362740526e-14,,
oracle_error,137,C,1.9984014443252818e-15,,
oracle_error,138,A,7.993605777301127e-15,,
oracle_error,138,C,-9.063930161978817e-16,,
oracle_error,139,A,2.398081733190338e-14,,
oracle_error,139,C,-5.551115123125783e-17,,
oracle_error,140,A,1.0658141036401503e-14,,
oracle_error,140,C,-5.551115123125783e-16,,
oracle_error,141,A,8.526512829121202e-14,,
oracle_error,141,C,-6.661338147750939e-15,,
oracle_error,142,A,-7.105427357601002e-15,,
oracle_error,142,C,4.052314039881821e-15,,
oracle_error,143,A,-4.440892098500626e-15,,
oracle_error,143,C,4.3298697960381105e-15,,
oracle_error,144,A,8.526512829121202e-14,,
oracle_error,144,C,-7.549516567451064e-15,,
oracle_error,145,A,1.9539925233402755e-14,,
oracle_error,145,C,-9.71445146547012e-16,,
oracle_error,146,A,9.769962616701378e-15,,
oracle_error,146,C,-4.996003610813204e-16,,
oracle_error,147,A,4.529709940470639e-14,,
oracle_error,147,C,-2.220446049250313e-16,,
oracle_error,148,A,-1.7763568394002505e-15,,
oracle_error,148,C,2.220446049250313e-16,,
oracle_error,149,A,1.9539925233402755e-14,,
oracle_error,149,C,6.661338147750939e-16,,
oracle_error,150,A,2.4868995751603507e-14,,
oracle_error,150,C,-7.466249840604178e-15,,
oracle_error,151,A,-1.509903313490213e-14,,
oracle_error,151,C,7.327471962526033e-15,,
oracle_error,152,A,1.0835776720341528e-13,,
oracle_error,152,C,-6.217248937900877e-15,,
oracle_error,153,A,9.85878045867139e-14,,
oracle_error,153,C,-1.7208456881689926e-15,,
oracle_error,154,A,-1.7763568394002505e-15,,
oracle_error,154,C,-4.649058915617843e-16,,
oracle_error,155,A,1.7763568394002505e-15,,
oracle_error,155,C,-4.440892098500626e-16,,
oracle_error,156,A,8.881784197001252e-16,,
oracle_error,156,C,7.216449660063518e-16,,
oracle_error,157,A,8.881784197001252e-15,,
oracle_error,157,C,-2.220446049250313e-15,,
oracle_error,158,A,4.440892098500626e-14,,
oracle_error,158,C,2.5673907444456745e-15,,
oracle_error,159,A,8.171241461241152e-14,,
oracle_error,159,C,5.440092820663267e-15,,
oracle_error,160,A,9.237055564881302e-14,,
oracle_error,160,C,-1.099120794378905e-14,,
oracle_error,161,A,4.707345624410664e-14,,
oracle_error,161,C,-2.3869795029440866e-15,,
oracle_error,162,A,1.1191048088221578e-13,,
oracle_error,162,C,2.3869795029440866e-15,,
oracle_error,163,A,1.5987211554602254e-14,,
oracle_error,163,C,3.885780586188048e-15,,
oracle_error,164,A,1.3145040611561853e-13,,
oracle_error,164,C,-9.769962616701378e-15,,
oracle_error,165,A,7.72715225139109e-14,,
oracle_error,165,C,-2.4702462297909733e-15,,
oracle_error,166,A,7.904787935331115e-14,,
oracle_error,166,C,-2.4702462297909733e-15,,
oracle_error,167,A,9.681144774731365e-14,,
oracle_error,167,C,-2.4702462297909733e-15,,
oracle_error,168,A,1.3677947663381929e-13,,
oracle_error,168,C,-2.1144110901274115e-15,,
quantization_true_b,1,A,8.310818699897027e-10,1.199040866595169e-13,True
quantization_true_b,1,C,4.070188630578286e-12,7.771561172376096e-16,True
quantization_true_b,2,A,-3.178048046947879e-09,1.6697754290362354e-13,True
quantization_true_b,2,C,-1.0337824207784507e-09,1.3988810110276972e-14,True
quantization_true_b,3,A,2.7599769580888278e-08,1.5987211554602254e-13,True
quantization_true_b,3,C,3.271185544662103e-10,4.884981308350689e-15,True
quantization_true_b,4,A,1.528068249712078e-08,4.796163466380676e-14,True
quantization_true_b,4,C,-9.313282367529041e-10,5.10702591327572e-15,True
quantization_true_b,5,A,5.225688326504496e-09,1.6342482922482304e-13,True
quantization_true_b,5,C,1.247223879730086e-09,2.3092638912203256e-14,True
quantization_true_b,6,A,-2.859191905457692e-08,7.105427357601002e-15,True
quantization_true_b,6,C,8.975846454983838e-11,9.769962616701378e-15,True
quantization_true_b,7,A,-1.3374901186580246e-09,8.881784197001252e-15,True
quantization_true_b,7,C,1.3403195220362818e-11,3.219646771412954e-15,True
quantization_true_b,8,A,-2.150953104518294e-08,5.240252676230739e-14,True
quantization_true_b,8,C,3.0685604057723026e-10,9.58955137519979e-15,True
quantization_true_b,9,A,2.124491960131536e-08,1.865174681370263e-14,True
quantization_true_b,9,C,5.960247850822498e-10,6.8833827526759706e-15,True
quantization_true_b,10,A,-1.7129549334526928e-08,1.1546319456101628e-13,True
quantization_true_b,10,C,-1.816508221619273e-09,1.8179902028236938e-14,True
quantization_true_b,11,A,1.8860651707086618e-08,6.483702463810914e-14,True
quantization_true_b,11,C,2.297148915531011e-09,1.7319479184152442e-14,True
quantization_true_b,12,A,-7.946422186932978e-09,3.730349362740526e-14,True
quantization_true_b,12,C,-7.350555719654039e-10,9.992007221626409e-15,True
quantization_true_b,13,A,-6.83948897517439e-09,6.483702463810914e-14,True
quantization_true_b,13,C,1.2370465762856497e-10,1.7208456881689926e-14,True
quantization_true_b,14,A,-6.344367697863618e-09,3.375077994860476e-14,True
quantization_true_b,14,C,7.85181021763226e-10,2.8390484407836425e-14,True
quantization_true_b,15,A,5.61109914087865e-09,1.234568003383174e-13,True
quantization_true_b,15,C,4.906717532282556e-10,4.0245584642661925e-15,True
quantization_true_b,16,A,6.799893981224159e-10,2.7533531010703882e-14,True
quantization_true_b,16,C,-7.443137772789044e-11,1.0325074129013956e-14,True
quantization_true_b,17,A,3.4490830636002556e-08,2.042810365310288e-14,True
quantization_true_b,17,C,-1.4038040174746413e-09,1.607047828144914e-14,True
quantization_true_b,18,A,-2.1951628070837614e-08,1.412203687323199e-13,True
quantization_true_b,18,C,4.809375953040984e-10,1.5265566588595902e-15,True
quantization_true_b,19,A,-4.301786482585612e-09,1.6786572132332367e-13,True
quantization_true_b,19,C,3.8259587165079267e-10,3.2751579226442118e-15,True
quantization_true_b,20,A,2.990838599004064e-08,1.0658141036401503e-14,True
quantization_true_b,20,C,-2.336412285863787e-09,2.8310687127941492e-14,True
quantization_true_b,21,A,-1.3745689031452457e-08,9.592326932761353e-14,True
quantization_true_b,21,C,1.6937076741108115e-10,1.0574874309554616e-14,True
quantization_true_b,22,A,1.3981475532887089e-08,8.43769498715119e-14,True
quantization_true_b,22,C,-3.0317937049773036e-10,5.773159728050814e-15,True
quantization_true_b,23,A,-3.1887683604736594e-08,2.6645352591003757e-14,True
quantization_true_b,23,C,4.5381398638966175e-10,1.2101430968414206e-14,True
quantization_true_b,24,A,2.6944035447229453e-08,4.1744385725905886e-14,True
quantization_true_b,24,C,-1.3269405296778558e-09,4.551914400963142e-15,True
quantization_true_b,25,A,-3.470163978391838e-08,1.829647544582258e-13,True
quantization_true_b,25,C,1.853322217915121e-09,6.300515664747763e-15,True
quantization_true_b,26,A,8.123085315503431e-09,6.750155989720952e-14,True
quantization_true_b,26,C,-9.736884770683574e-10,7.53563877964325e-15,True
quantization_true_b,27,A,1.125001425350547e-08,3.6415315207705135e-14,True
quantization_true_b,27,C,-7.085039221976785e-10,5.662137425588298e-15,True
quantization_true_b,28,A,2.126745446417999e-08,1.5010215292932116e-13,True
quantization_true_b,28,C,1.6557467619193744e-09,8.104628079763643e-15,True
quantization_true_b,29,A,4.83418283181436e-09,1.163513729807164e-13,True
quantization_true_b,29,C,-6.438983790602038e-10,1.3766765505351941e-14,True
quantization_true_b,30,A,1.8612169583320792e-09,7.283063041541027e-14,True
quantization_true_b,30,C,-1.3182299696268274e-09,1.3655743202889425e-14,True
quantization_true_b,31,A,-2.8635716020630753e-09,2.398081733190338e-14,True
quantization_true_b,31,C,1.8886003871898538e-12,5.10702591327572e-15,True
quantization_true_b,32,A,9.891280683405057e-09,1.9451107391432743e-13,True
quantization_true_b,32,C,1.0447748222119912e-09,7.882583474838611e-15,True
quantization_true_b,33,A,-1.1359251317344388e-09,1.412203687323199e-13,True
quantization_true_b,33,C,3.6014580206966684e-10,1.7763568394002505e-15,True
quantization_true_b,34,A,-2.0026918789994852e-08,1.1723955140041653e-13,True
quantization_true_b,34,C,1.831697016285716e-10,7.66053886991358e-15,True
quantization_true_b,35,A,6.206768432548415e-09,1.0125233984581428e-13,True
quantization_true_b,35,C,-7.739641427750854e-10,9.076073226310655e-15,True
quantization_true_b,36,A,6.736521562800135e-09,9.059419880941277e-14,True
quantization_true_b,36,C,-1.499419512163147e-10,1.1782241848834474e-14,True
quantization_true_b,37,A,6.3969762820192955e-09,2.1316282072803006e-14,True
quantization_true_b,37,C,6.79738099140792e-10,4.773959005888173e-15,True
quantization_true_b,38,A,-2.2171600555509485e-08,1.0302869668521453e-13,True
quantization_true_b,38,C,2.658377129538536e-10,4.6351811278100286e-15,True
quantization_true_b,39,A,-6.644692795987339e-09,1.163513729807164e-13,True
quantization_true_b,39,C,-5.464510476060891e-10,1.8558071745999882e-14,True
quantization_true_b,40,A,-7.194480566852235e-09,1.509903313490213e-14,True
quantization_true_b,40,C,6.612490277557725e-10,7.605027718682322e-15,True
quantization_true_b,41,A,-8.74530847738697e-09,4.1744385725905886e-14,True
quantization_true_b,41,C,5.144451531435834e-11,1.0769163338864018e-14,True
quantization_true_b,42,A,6.430882493191348e-10,1.1546319456101628e-13,True
quantization_true_b,42,C,-2.5058344288453327e-10,1.684763439868675e-14,True
quantization_true_b,43,A,2.3832650519750587e-08,9.325873406851315e-14,True
quantization_true_b,43,C,-7.576468341596865e-10,2.55351295663786e-15,True
quantization_true_b,44,A,-9.331451167327032e-10,1.3589129821411916e-13,True
quantization_true_b,44,C,-6.468364732725718e-10,1.1213252548714081e-14,True
quantization_true_b,45,A,-8.870669532257125e-09,7.016609515630989e-14,True
quantization_true_b,45,C,1.6093729127142353e-09,4.385380947269368e-15,True
quantization_true_b,46,A,-3.803267478730277e-08,3.108624468950438e-14,True
quantization_true_b,46,C,2.440847524098899e-11,1.887379141862766e-15,True
quantization_true_b,47,A,3.480030130731393e-08,9.237055564881302e-14,True
quantization_true_b,47,C,-1.2825375206304557e-09,9.2148511043888e-15,True
quantization_true_b,48,A,4.269299580528241e-09,3.019806626980426e-14,True
quantization_true_b,48,C,1.423725581872759e-10,3.3306690738754696e-15,True
quantization_true_b,49,A,-1.6970496119483869e-09,4.973799150320701e-14,True
quantization_true_b,49,C,1.480903621953189e-09,4.440892098500626e-15,True
quantization_true_b,50,A,-1.725583320677515e-08,1.1812772982011666e-13,True
quantization_true_b,50,C,9.598827288570533e-11,5.9674487573602164e-15,True
quantization_true_b,51,A,5.064769759144383e-08,1.3589129821411916e-13,True
quantization_true_b,51,C,-1.8402240842263495e-09,8.548717289613705e-15,True
quantization_true_b,52,A,3.333197629018514e-08,2.6645352591003757e-14,True
quantization_true_b,52,C,-1.065582400094911e-09,4.551914400963142e-15,True
quantization_true_b,53,A,-1.5004080644587248e-08,4.1744385725905886e-14,True
quantization_true_b,53,C,5.917076273398436e-10,1.5543122344752192e-15,True
quantization_true_b,54,A,-1.5382246587591908e-09,8.260059303211165e-14,True
quantization_true_b,54,C,-4.338414905102894e-10,2.831068712794149e-15,True
quantization_true_b,55,A,-1.1491234630511826e-08,1.545430450278218e-13,True
quantization_true_b,55,C,1.5981748147098074e-09,1.8207657603852567e-14,True
quantization_true_b,56,A,-4.3821578366021186e-08,7.72715225139109e-14,True
quantization_true_b,56,C,7.695736270463271e-10,1.27675647831893e-14,True
quantization_true_b,57,A,-7.921913791619772e-09,3.4638958368304884e-14,True
quantization_true_b,57,C,-6.299633037443186e-10,5.329070518200751e-15,True
quantization_true_b,58,A,1.1562237389739494e-08,5.062616992290714e-14,True
quantization_true_b,58,C,1.6629830845715787e-10,8.104628079763643e-15,True
quantization_true_b,59,A,1.3522457820158706e-08,7.638334409421077e-14,True
quantization_true_b,59,C,-1.4276295978721265e-09,5.329070518200751e-15,True
quantization_true_b,60,A,1.598470600328028e-08,9.325873406851315e-14,True
quantization_true_b,60,C,1.1787765208381984e-09,2.1538326677728037e-14,True
quantization_true_b,61,A,-7.251177436273792e-10,1.2079226507921703e-13,True
quantization_true_b,61,C,2.9838420623207185e-10,1.0769163338864018e-14,True
quantization_true_b,62,A,-3.0372770964959273e-09,4.440892098500626e-14,True
quantization_true_b,62,C,5.405970948668681e-10,1.0019762797242038e-14,True
quantization_true_b,63,A,-1.2888166978086701e-08,3.4638958368304884e-14,True
quantization_true_b,63,C,5.943778524919452e-10,7.355227538141662e-15,True
quantization_true_b,64,A,1.6583604711684075e-08,4.973799150320701e-14,True
quantization_true_b,64,C,-8.029039377799307e-10,3.3861802251067274e-15,True
quantization_true_b,65,A,-1.759007606239038e-08,1.1457501614131615e-13,True
quantization_true_b,65,C,1.644513900056488e-10,5.134781488891349e-15,True
quantization_true_b,66,A,-1.3386934227810343e-08,5.062616992290714e-14,True
quantization_true_b,66,C,1.6329571028705914e-10,9.43689570931383e-16,True
quantization_true_b,67,A,-5.972252026253955e-09,1.1812772982011666e-13,True
quantization_true_b,67,C,-1.8157075842850645e-10,2.042810365310288e-14,True
quantization_true_b,68,A,-3.437812967632681e-08,1.234568003383174e-13,True
quantization_true_b,68,C,1.2741835364593612e-10,1.73749903353837e-14,True
quantization_true_b,69,A,-2.330315318488374e-08,4.263256414560601e-14,True
quantization_true_b,69,C,-7.953269154370446e-10,7.327471962526033e-15,True
quantization_true_b,70,A,3.1097844299665667e-09,1.0658141036401503e-14,True
quantization_true_b,70,C,8.078413493706194e-10,3.219646771412954e-15,True
quantization_true_b,71,A,4.546429455132284e-08,1.0391687510491465e-13,True
quantization_true_b,71,C,-5.670526687096e-10,8.743006318923108e-16,True
quantization_true_b,72,A,-3.039500118262595e-08,1.1812772982011666e-13,True
quantization_true_b,72,C,5.80506975822459e-10,4.274358644806853e-15,True
quantization_true_b,73,A,1.2808701654876131e-08,7.37188088351104e-14,True
quantization_true_b,73,C,4.086034843808761e-10,6.8833827526759706e-15,True
quantization_true_b,74,A,2.7437442540190204e-08,1.900701818158268e-13,True
quantization_true_b,74,C,3.5528568975706776e-10,3.1363800445660672e-15,True
quantization_true_b,75,A,-6.202631297469452e-09,1.0125233984581428e-13,True
quantization_true_b,75,C,-9.765065422939756e-10,1.7430501486614958e-14,True
quantization_true_b,76,A,3.732878717244148e-08,2.0250467969162855e-13,True
quantization_true_b,76,C,-5.354865439954892e-10,4.6629367034256575e-15,True
quantization_true_b,77,A,-4.135543463235081e-09,2.220446049250313e-14,True
quantization_true_b,77,C,5.373396172458911e-12,2.525757381022231e-15,True
quantization_true_b,78,A,1.3483980154660458e-08,9.947598300641403e-14,True
quantization_true_b,78,C,5.20213205845721e-10,4.9404924595819466e-15,True
quantization_true_b,79,A,9.877783035960874e-09,4.1744385725905886e-14,True
quantization_true_b,79,C,-2.626371342628886e-11,8.548717289613705e-15,True
quantization_true_b,80,A,2.62308077481066e-08,1.8918200339612667e-13,True
quantization_true_b,80,C,5.787839096882408e-10,1.787459069646502e-14,True
quantization_true_b,81,A,-8.071576296231342e-09,9.059419880941277e-14,True
quantization_true_b,81,C,-4.4588521763699873e-10,1.7985612998927536e-14,True
quantization_true_b,82,A,7.61125473758284e-09,2.4513724383723456e-13,True
quantization_true_b,82,C,-1.0051320886717008e-09,1.6653345369377348e-15,True
quantization_true_b,83,A,-7.871299168016321e-09,7.549516567451064e-14,True
quantization_true_b,83,C,1.5015511056759578e-09,1.3322676295501878e-14,True
quantization_true_b,84,A,-1.4573200424194965e-08,9.769962616701378e-14,True
quantization_true_b,84,C,8.148103580740695e-10,2.192690473634684e-15,True
quantization_true_b,85,A,6.915291450582117e-09,4.618527782440651e-14,True
quantization_true_b,85,C,4.6083696580989653e-10,2.2849777625566503e-14,True
quantization_true_b,86,A,-1.4189329711200571e-08,1.1546319456101628e-13,True
quantization_true_b,86,C,-1.9612902968368928e-10,9.992007221626409e-16,True
quantization_true_b,87,A,-3.249958258066954e-08,1.9184653865522705e-13,True
quantization_true_b,87,C,-2.8913527128082706e-10,5.467848396278896e-15,True
quantization_true_b,88,A,-1.303839702870846e-09,5.861977570020827e-14,True
quantization_true_b,88,C,3.260164360696649e-11,6.328271240363392e-15,True
quantization_true_b,89,A,-4.920453378076672e-09,9.14823772291129e-14,True
quantization_true_b,89,C,7.003240765079966e-10,6.161737786669619e-15,True
quantization_true_b,90,A,-1.7139835328805475e-08,1.2612133559741778e-13,True
quantization_true_b,90,C,3.5988956259558336e-10,1.4710455076283324e-14,True
quantization_true_b,91,A,-9.437332693096323e-09,3.9968028886505635e-14,True
quantization_true_b,91,C,-3.217563993018757e-10,5.218048215738236e-15,True
quantization_true_b,92,A,2.8672725527201237e-08,4.618527782440651e-14,True
quantization_true_b,92,C,2.4954593946802106e-10,4.440892098500626e-15,True
quantization_true_b,93,A,2.3231461199202386e-09,1.4210854715202004e-13,True
quantization_true_b,93,C,-1.4182852670074908e-09,7.799316747991725e-15,True
quantization_true_b,94,A,3.4236706802914796e-08,4.707345624410664e-14,True
quantization_true_b,94,C,8.191796130319062e-10,1.5543122344752192e-15,True
quantization_true_b,95,A,1.5062312286318047e-08,2.4868995751603507e-14,True
quantization_true_b,95,C,-2.910103269471165e-10,1.9872992140790302e-14,True
quantization_true_b,96,A,1.70580163327827e-08,8.348877145181177e-14,True
quantization_true_b,96,C,-2.9492458475388617e-10,1.9012569296705806e-14,True
quantization_true_b,97,A,-4.041462631221293e-08,3.108624468950438e-14,True
quantization_true_b,97,C,9.79076042462168e-10,3.191891195797325e-15,True
quantization_true_b,98,A,-3.913062762705977e-09,9.769962616701378e-15,True
quantization_true_b,98,C,2.7805285851556505e-11,3.969047313034935e-15,True
quantization_true_b,99,A,1.9602682144181927e-08,1.687538997430238e-14,True
quantization_true_b,99,C,-1.3836135778766412e-09,3.4243441415782172e-15,True
quantization_true_b,100,A,-1.747246436423211e-08,1.056932319443149e-13,True
quantization_true_b,100,C,5.063556240969547e-10,1.199040866595169e-14,True
quantization_true_b,101,A,3.089026101577019e-08,2.398081733190338e-14,True
quantization_true_b,101,C,2.3161472739730016e-10,2.914335439641036e-15,True
quantization_true_b,102,A,8.226784586895519e-09,5.062616992290714e-14,True
quantization_true_b,102,C,6.313381484268632e-10,1.149080830487037e-14,True
quantization_true_b,103,A,-2.5705088724237157e-08,1.5987211554602254e-14,True
quantization_true_b,103,C,-7.172368254870776e-11,5.662137425588298e-15,True
quantization_true_b,104,A,8.945964857787203e-09,5.861977570020827e-14,True
quantization_true_b,104,C,-7.032241733373468e-10,5.995204332975845e-15,True
quantization_true_b,105,A,-3.588441099822148e-08,6.483702463810914e-14,True
quantization_true_b,105,C,1.6240210565232616e-09,2.6922908347160046e-15,True
quantization_true_b,106,A,-6.4000209576420275e-09,2.531308496145357e-13,True
quantization_true_b,106,C,-1.0984367859734334e-09,1.4210854715202004e-14,True
quantization_true_b,107,A,-2.7287150317079067e-08,9.50350909079134e-14,True
quantization_true_b,107,C,2.0067758566000293e-09,6.328271240363392e-15,True
quantization_true_b,108,A,1.6452925244436756e-08,5.3290705182007514e-14,True
quantization_true_b,108,C,-5.202483999156016e-10,1.4432899320127035e-14,True
quantization_true_b,109,A,4.412837206757558e-08,2.1316282072803006e-14,True
quantization_true_b,109,C,-2.429740630915944e-09,1.1435297153639112e-14,True
quantization_true_b,110,A,-2.5312720808301492e-08,7.815970093361102e-14,True
quantization_true_b,110,C,5.480218778775026e-10,2.0261570199409107e-15,True
quantization_true_b,111,A,3.285734528901685e-08,1.6076029396572267e-13,True
quantization_true_b,111,C,-1.7246699623996165e-09,2.0317081350640365e-14,True
quantization_true_b,112,A,-6.671958985293713e-09,9.414691248821327e-14,True
quantization_true_b,112,C,7.667596557681122e-10,2.220446049250313e-15,True
quantization_true_b,113,A,1.9419528207720305e-08,9.85878045867139e-14,True
quantization_true_b,113,C,-2.9720892413820366e-11,1.2878587085651816e-14,True
quantization_true_b,114,A,-1.721653219988184e-08,2.0161650127192843e-13,True
quantization_true_b,114,C,2.612162708359733e-10,8.881784197001252e-15,True
quantization_true_b,115,A,2.5903266198668007e-08,9.769962616701378e-14,True
quantization_true_b,115,C,1.8781870780859578e-09,7.216449660063518e-16,True
quantization_true_b,116,A,2.5447159046620982e-08,7.549516567451064e-14,True
quantization_true_b,116,C,-4.340555026516313e-09,8.326672684688674e-15,True
quantization_true_b,117,A,1.0702054353828316e-08,1.3500311979441904e-13,True
quantization_true_b,117,C,1.4758461119868116e-09,2.886579864025407e-15,True
quantization_true_b,118,A,-2.5283866555980694e-08,8.08242361927114e-14,True
quantization_true_b,118,C,9.103992004710904e-10,1.609823385706477e-15,True
quantization_true_b,119,A,2.2152860879032232e-08,1.1546319456101628e-14,True
quantization_true_b,119,C,-1.8306207660856444e-09,3.774758283725532e-15,True
quantization_true_b,120,A,1.6319564366540362e-08,1.8385293287792592e-13,True
quantization_true_b,120,C,5.982995210374042e-10,1.587618925213974e-14,True
quantization_true_b,121,A,1.5476141257408926e-08,2.3092638912203256e-14,True
quantization_true_b,121,C,-4.663189834275272e-10,2.886579864025407e-15,True
quantization_true_b,122,A,-1.9846710053172956e-08,2.922107000813412e-13,True
quantization_true_b,122,C,4.690335897450382e-10,9.325873406851315e-15,True
quantization_true_b,123,A,4.871356118485437e-08,6.039613253960852e-14,True
quantization_true_b,123,C,1.1305529845628826e-09,1.4432899320127035e-15,True
quantization_true_b,124,A,3.898830591708702e-09,5.595524044110789e-14,True
quantization_true_b,124,C,-2.103743207415576e-09,8.798517470154366e-15,True
quantization_true_b,125,A,-1.3235303519820718e-08,1.0658141036401503e-14,True
quantization_true_b,125,C,2.018314959606471e-09,1.4765966227514582e-14,True
quantization_true_b,126,A,1.3550664590411543e-08,1.971756091734278e-13,True
quantization_true_b,126,C,-1.3274024102116755e-09,8.881784197001252e-15,True
quantization_true_b,127,A,-1.4574945694789676e-09,3.4638958368304884e-14,True
quantization_true_b,127,C,-6.864207258150401e-10,2.0816681711721685e-15,True
quantization_true_b,128,A,6.813868935751088e-08,2.8066438062523957e-13,True
quantization_true_b,128,C,-1.4491245425851673e-09,9.492406860545088e-15,True
quantization_true_b,129,A,1.3565575329721469e-08,1.865174681370263e-14,True
quantization_true_b,129,C,5.202603903242675e-10,3.6637359812630166e-15,True
quantization_true_b,130,A,2.8071812430141563e-08,8.260059303211165e-14,True
quantization_true_b,130,C,8.439473564436639e-10,1.4432899320127035e-15,True
quantization_true_b,131,A,-1.8515136090968554e-08,7.72715225139109e-14,True
quantization_true_b,131,C,-1.1815282086047318e-09,1.1546319456101628e-14,True
quantization_true_b,132,A,-5.018977500270694e-08,1.1457501614131615e-13,True
quantization_true_b,132,C,1.7729343548822385e-09,2.0761170560490427e-14,True
quantization_true_b,133,A,-1.7357081105728867e-08,5.417888360170764e-14,True
quantization_true_b,133,C,-7.506967825143818e-10,6.439293542825908e-15,True
quantization_true_b,134,A,2.9877664786681635e-09,4.618527782440651e-14,True
quantization_true_b,134,C,1.198270815905289e-09,2.0650148258027912e-14,True
quantization_true_b,135,A,-5.695018678864017e-09,4.529709940470639e-14,True
quantization_true_b,135,C,-7.566116067003748e-10,1.0130785099704553e-14,True
quantization_true_b,136,A,2.2774570673789185e-08,9.50350909079134e-14,True
quantization_true_b,136,C,7.068383656161359e-10,2.5424107263916085e-14,True
quantization_true_b,137,A,1.1443503922237142e-09,3.268496584496461e-13,True
quantization_true_b,137,C,7.285350100971755e-11,1.1102230246251565e-15,True
quantization_true_b,138,A,4.33031477342638e-09,9.85878045867139e-14,True
quantization_true_b,138,C,-6.356638618254529e-10,1.9225940284250953e-14,True
quantization_true_b,139,A,-6.914683048364623e-09,1.1546319456101628e-14,True
quantization_true_b,139,C,4.265700015437801e-10,1.5543122344752192e-15,True
quantization_true_b,140,A,-1.4845836560084535e-08,1.4210854715202004e-13,True
quantization_true_b,140,C,5.238658951078889e-10,5.773159728050814e-15,True
quantization_true_b,141,A,-4.9281450920091174e-08,1.1013412404281553e-13,True
quantization_true_b,141,C,6.778894112713374e-10,3.885780586188048e-15,True
quantization_true_b,142,A,-3.6708744488578304e-08,2.042810365310288e-14,True
quantization_true_b,142,C,1.5420572319069237e-09,8.992806499463768e-15,True
quantization_true_b,143,A,-8.09832911841113e-09,3.907985046680551e-14,True
quantization_true_b,143,C,-4.394400399121423e-10,1.7208456881689926e-14,True
quantization_true_b,144,A,5.958389870386327e-08,4.583000645652646e-13,True
quantization_true_b,144,C,-1.0774877656771764e-09,4.263256414560601e-14,True
quantization_true_b,145,A,1.0925389481997172e-08,9.14823772291129e-14,True
quantization_true_b,145,C,-5.024600249758926e-10,5.821731985378165e-15,True
quantization_true_b,146,A,1.6333956409653183e-09,1.1812772982011666e-13,True
quantization_true_b,146,C,-7.641760280119314e-10,5.800915303666443e-15,True
quantization_true_b,147,A,4.723678337370529e-09,1.971756091734278e-13,True
quantization_true_b,147,C,5.89453263977191e-10,9.547918011776346e-15,True
quantization_true_b,148,A,7.656907996533846e-09,1.6697754290362354e-13,True
quantization_true_b,148,C,2.0589646654300964e-10,1.3600232051658168e-14,True
quantization_true_b,149,A,4.247390261724604e-08,8.526512829121202e-14,True
quantization_true_b,149,C,-1.443834940495492e-09,9.103828801926284e-15,True
quantization_true_b,150,A,-4.0407472923220666e-08,7.105427357601002e-14,True
quantization_true_b,150,C,1.7004753161131703e-09,1.0130785099704553e-14,True
quantization_true_b,151,A,-2.7752942166614503e-08,9.769962616701378e-14,True
quantization_true_b,151,C,9.196247097165156e-10,1.63202784619898e-14,True
quantization_true_b,152,A,3.7046152812081345e-09,2.8954616482224083e-13,True
quantization_true_b,152,C,-7.340794638821535e-12,1.432187701766452e-14,True
quantization_true_b,153,A,-1.216074352328178e-08,1.0036416142611415e-13,True
quantization_true_b,153,C,1.2526626125275442e-09,8.520961713998076e-15,True
quantization_true_b,154,A,-8.726121158986189e-09,8.881784197001252e-14,True
quantization_true_b,154,C,-4.016489987823668e-10,2.7478019859472624e-15,True
quantization_true_b,155,A,1.6218763221331756e-08,5.062616992290714e-14,True
quantization_true_b,155,C,-8.890665981198254e-13,1.5543122344752192e-15,True
quantization_true_b,156,A,3.0299784903320415e-08,3.375077994860476e-14,True
quantization_true_b,156,C,-1.1031759394874996e-09,3.608224830031759e-15,True
quantization_true_b,157,A,5.422469584459577e-09,1.509903313490213e-14,True
quantization_true_b,157,C,-1.4963202898954364e-09,9.992007221626409e-15,True
quantization_true_b,158,A,-1.5448846646393122e-08,3.375077994860476e-14,True
quantization_true_b,158,C,-6.633638499620176e-10,1.0644263248593688e-14,True
quantization_true_b,159,A,4.030353029094158e-08,1.509903313490213e-13,True
quantization_true_b,159,C,-6.147569120429353e-10,1.6653345369377348e-14,True
quantization_true_b,160,A,-3.597481512684908e-08,1.865174681370263e-13,True
quantization_true_b,160,C,3.024921424454874e-10,1.3211653993039363e-14,True
quantization_true_b,161,A,1.084661249706187e-10,9.059419880941277e-14,True
quantization_true_b,161,C,1.5652117379971742e-09,7.16093850883226e-15,True
quantization_true_b,162,A,-5.494352528501167e-09,2.566835632933362e-13,True
quantization_true_b,162,C,-9.659593125377341e-10,7.105427357601002e-15,True
quantization_true_b,163,A,-1.615800027110481e-08,1.7408297026122455e-13,True
quantization_true_b,163,C,1.2428686968490865e-09,1.3322676295501878e-15,True
quantization_true_b,164,A,-2.0222570285000074e-09,2.851052727237402e-13,True
quantization_true_b,164,C,-1.5176936374317052e-09,3.241851231905457e-14,True
quantization_true_b,165,A,-1.971478091888912e-08,2.3803181647963356e-13,True
quantization_true_b,165,C,5.708343520094417e-10,2.7755575615628914e-15,True
quantization_true_b,166,A,9.841905068697088e-10,1.4832579608992091e-13,True
quantization_true_b,166,C,7.562346582279389e-10,7.66053886991358e-15,True
quantization_true_b,167,A,-2.0985411630647377e-08,1.5720758028692217e-13,True
quantization_true_b,167,C,6.584940578924225e-11,8.243405957841787e-15,True
quantization_true_b,168,A,-3.489265054668067e-08,3.588240815588506e-13,True
quantization_true_b,168,C,1.0855614517949641e-09,4.544892539800352e-15,True
width_double,1,A,0.017107613898033946,,
width_double,1,C,-0.0003405270840938224,,
width_double,2,A,-0.0068212482617102665,,
width_double,2,C,-0.0005283542263990471,,
width_double,3,A,0.028336784661362024,,
width_double,3,C,-0.00023909480838157915,,
width_double,4,A,-0.0063116972253780546,,
width_double,4,C,8.888940747586727e-05,,
width_double,5,A,0.01099165717082684,,
width_double,5,C,-3.2461020682661434e-05,,
width_double,6,A,0.006571811344310063,,
width_double,6,C,-0.0003078857708305044,,
width_double,7,A,0.004183849074063772,,
width_double,7,C,-0.00018132920233113192,,
width_double,8,A,0.002360623211060897,,
width_double,8,C,-3.32600782889797e-05,,
width_double,9,A,0.008609470068006608,,
width_double,9,C,-0.0005430786124621667,,
width_double,10,A,-0.006249595010261011,,
width_double,10,C,0.00019309230440922587,,
width_double,11,A,0.004952156942349184,,
width_double,11,C,-0.00017329651641906363,,
width_double,12,A,0.0017152597539809022,,
width_double,12,C,-1.3959247330497249e-05,,
width_double,13,A,-0.00559950704904022,,
width_double,13,C,0.00041331777066486164,,
width_double,14,A,0.007129577752694516,,
width_double,14,C,-0.0003324190288187352,,
width_double,15,A,0.004462876729544263,,
width_double,15,C,-0.00010281746779422507,,
width_double,16,A,0.006733055990825854,,
width_double,16,C,-0.00029250168661562603,,
width_double,17,A,0.002482408995009955,,
width_double,17,C,-0.00014281044389632958,,
width_double,18,A,0.0006864808833508818,,
width_double,18,C,-2.14978263249066e-05,,
width_double,19,A,0.00344386306675748,,
width_double,19,C,-5.4062159001277976e-05,,
width_double,20,A,0.010064528970740838,,
width_double,20,C,-0.000453342790032063,,
width_double,21,A,0.0074103348886085385,,
width_double,21,C,-0.0002822439985091796,,
width_double,22,A,-0.003852612101490571,,
width_double,22,C,-3.552789099603437e-05,,
width_double,23,A,-0.006259185858191074,,
width_double,23,C,0.0004028648147531566,,
width_double,24,A,-0.00539414517213288,,
width_double,24,C,0.00019139580394550437,,
width_double,25,A,-0.0011086977656624697,,
width_double,25,C,8.970006298231192e-05,,
width_double,26,A,0.0013508385011578028,,
width_double,26,C,3.508050856218525e-05,,
width_double,27,A,-0.006061498424384304,,
width_double,27,C,5.581381253116913e-05,,
width_double,28,A,-0.000518335963691996,,
width_double,28,C,0.0002599739059320205,,
width_double,29,A,-0.000865962133028475,,
width_double,29,C,-7.544853552288178e-05,,
width_double,30,A,-0.0021748996693089495,,
width_double,30,C,1.219269391672384e-05,,
width_double,31,A,0.006630282687948075,,
width_double,31,C,8.421110014533717e-05,,
width_double,32,A,-0.01774287379534023,,
width_double,32,C,-0.0001005183491562256,,
width_double,33,A,0.013570857213153431,,
width_double,33,C,0.0001640775964195651,,
width_double,34,A,-0.00344510818249244,,
width_double,34,C,-3.0976391917514334e-05,,
width_double,35,A,0.0007065032498907442,,
width_double,35,C,0.0001826562084947525,,
width_double,36,A,0.0010709181137507073,,
width_double,36,C,3.931176278905088e-05,,
width_double,37,A,6.966911618100369e-05,,
width_double,37,C,-1.6287080945254218e-05,,
width_double,38,A,-0.0007950705953048143,,
width_double,38,C,-8.676108408253724e-05,,
width_double,39,A,0.0025647375739126232,,
width_double,39,C,-0.00011186840909170083,,
width_double,40,A,0.00010665739878579217,,
width_double,40,C,5.4322722575606e-05,,
width_double,41,A,-0.0003340447289241766,,
width_double,41,C,3.383405790935434e-05,,
width_double,42,A,-0.012867207694648108,,
width_double,42,C,-0.00012288045009140047,,
width_double,43,A,0.022028847209916158,,
width_double,43,C,5.2402268022611054e-05,,
width_double,44,A,-0.010264571782756526,,
width_double,44,C,0.00047641188500469056,,
width_double,45,A,0.012485489152993523,,
width_double,45,C,-0.00017221896349606247,,
width_double,46,A,-0.0020693499811059723,,
width_double,46,C,-0.0002084138726455853,,
width_double,47,A,0.0033034681712447167,,
width_double,47,C,1.1939615969902562e-05,,
width_double,48,A,0.0036397458589370046,,
width_double,48,C,-4.605786832989622e-05,,
width_double,49,A,0.00980035408305202,,
width_double,49,C,-0.0009237117089703206,,
width_double,50,A,0.029736594264588412,,
width_double,50,C,-0.0008278629664189296,,
width_double,51,A,0.01608947922188264,,
width_double,51,C,-0.0011221955397764383,,
width_double,52,A,-0.00041377203241843574,,
width_double,52,C,0.0003664453901032205,,
width_double,53,A,-0.008126133204320318,,
width_double,53,C,0.0003616735670998461,,
width_double,54,A,0.00886337855483621,,
width_double,54,C,0.0001288231787076044,,
width_double,55,A,0.0016977751437528,,
width_double,55,C,-0.0006023010437785636,,
width_double,56,A,0.010680086420620682,,
width_double,56,C,-0.00023342530687364693,,
width_double,57,A,0.007820881717691464,,
width_double,57,C,-0.00015284556694428186,,
width_double,58,A,0.014060902020730737,,
width_double,58,C,-0.00014404184289340538,,
width_double,59,A,-0.014939106860031082,,
width_double,59,C,0.00020227821273469115,,
width_double,60,A,0.006296191883385482,,
width_double,60,C,0.0004883643756025124,,
width_double,61,A,-0.005108855862100192,,
width_double,61,C,1.4563257325850287e-05,,
width_double,62,A,-0.001799938057302164,,
width_double,62,C,0.00011506714290149267,,
width_double,63,A,0.0013651148708486716,,
width_double,63,C,-1.2792333907774012e-05,,
width_double,64,A,0.0006657538721199785,,
width_double,64,C,-0.00010385386091135707,,
width_double,65,A,0.001346696827502214,,
width_double,65,C,-7.944501758963551e-06,,
width_double,66,A,-0.0019086483318719871,,
width_double,66,C,7.208621127463566e-05,,
width_double,67,A,0.005102361464516925,,
width_double,67,C,-0.000675630425222451,,
width_double,68,A,0.043487765247149035,,
width_double,68,C,-0.00113353296346963,,
width_double,69,A,0.0015423500640476817,,
width_double,69,C,-0.0008486509718768076,,
width_double,70,A,-0.0038552868842307575,,
width_double,70,C,0.0007073403471601347,,
width_double,71,A,0.007728030948280562,,
width_double,71,C,-0.00031647402279993964,,
width_double,72,A,-0.002377603900198366,,
width_double,72,C,0.00021671704590364715,,
width_double,73,A,0.015104931753673334,,
width_double,73,C,-0.00012533418472826519,,
width_double,74,A,0.009219026031066058,,
width_double,74,C,-0.00048268026392794816,,
width_double,75,A,-0.0055914688165819015,,
width_double,75,C,9.156533990617444e-05,,
width_double,76,A,-0.0026240569458515495,,
width_double,76,C,0.00021455862557639982,,
width_double,77,A,0.009269129169705792,,
width_double,77,C,-0.000351744670238463,,
width_double,78,A,-0.008291939893709355,,
width_double,78,C,0.00031063301213168915,,
width_double,79,A,0.004511305599481652,,
width_double,79,C,-0.00011219271116463814,,
width_double,80,A,0.0004328495111689534,,
width_double,80,C,-4.482752558987446e-05,,
width_double,81,A,0.0036415585092948177,,
width_double,81,C,0.00020883696273560348,,
width_double,82,A,-0.015480875956316531,,
width_double,82,C,-0.00030889153522339896,,
width_double,83,A,2.7243382834996055e-05,,
width_double,83,C,0.0004804545780578984,,
width_double,84,A,-0.008503876907330898,,
width_double,84,C,0.0001404889881330973,,
width_double,85,A,0.005229439276764225,,
width_double,85,C,8.888408055168079e-05,,
width_double,86,A,-0.0037590441827122234,,
width_double,86,C,-0.00014309277122256936,,
width_double,87,A,0.003868983772834511,,
width_double,87,C,-0.00027234364784223253,,
width_double,88,A,0.01016307685315887,,
width_double,88,C,-9.198083858258377e-05,,
width_double,89,A,0.004286560063736289,,
width_double,89,C,1.258593326486368e-05,,
width_double,90,A,0.0032891147416593824,,
width_double,90,C,-0.0004500635348930748,,
width_double,91,A,0.005523336353789432,,
width_double,91,C,-8.310094032581983e-05,,
width_double,92,A,0.01398857695001432,,
width_double,92,C,-9.744105536002579e-06,,
width_double,93,A,-0.005625612974587746,,
width_double,93,C,-0.00036362893719615874,,
width_double,94,A,-0.007681289257284618,,
width_double,94,C,0.0004172428421314045,,
width_double,95,A,-0.009594117950133985,,
width_double,95,C,0.000649000967839819,,
width_double,96,A,0.013793413262349397,,
width_double,96,C,-0.0002993142087232836,,
width_double,97,A,-0.008141662275067851,,
width_double,97,C,-4.040618547374031e-05,,
width_double,98,A,-0.0008410903254949531,,
width_double,98,C,0.0001720378741324191,,
width_double,99,A,0.0038572641352034864,,
width_double,99,C,0.0003094783849380018,,
width_double,100,A,-0.0002720636014172939,,
width_double,100,C,3.689643455262459e-05,,
width_double,101,A,-0.005862775401160647,,
width_double,101,C,-3.640454673919935e-05,,
width_double,102,A,0.0007882404996628622,,
width_double,102,C,-0.0002126309732841669,,
width_double,103,A,-0.0007703233097657858,,
width_double,103,C,0.00012725986421119329,,
width_double,104,A,0.005930863604852732,,
width_double,104,C,-0.00017463234427197993,,
width_double,105,A,-0.0003843886502421512,,
width_double,105,C,-5.344685846567221e-05,,
width_double,106,A,-0.0009052043282800071,,
width_double,106,C,-0.00021998179711779642,,
width_double,107,A,-0.0031811542324735598,,
width_double,107,C,0.00032192449227419484,,
width_double,108,A,-0.014646247987510463,,
width_double,108,C,-0.00013472138008119305,,
width_double,109,A,0.013357808048171549,,
width_double,109,C,-0.00015632368799112228,,
width_double,110,A,0.0038736172249862477,,
width_double,110,C,7.604173378789048e-05,,
width_double,111,A,-0.0026979243400200303,,
width_double,111,C,-0.000497210797302805,,
width_double,112,A,0.008502192240142925,,
width_double,112,C,-6.021163376312977e-05,,
width_double,113,A,0.00811042856432831,,
width_double,113,C,-0.00016279880537950486,,
width_double,114,A,0.01027034721155573,,
width_double,114,C,-0.0001118746632053913,,
width_double,115,A,0.005778564883748061,,
width_double,115,C,-0.0006602200803248748,,
width_double,116,A,0.015966193691084207,,
width_double,116,C,0.00022646918455060394,,
width_double,117,A,-0.007527499536487348,,
width_double,117,C,0.00017219105630117415,,
width_double,118,A,0.0042279942506802115,,
width_double,118,C,-0.00013684443643685595,,
width_double,119,A,-0.004031959393341111,,
width_double,119,C,0.0003776775859346826,,
width_double,120,A,-0.001632760607026995,,
width_double,120,C,-0.00023091620137793978,,
width_double,121,A,0.007695195270596145,,
width_double,121,C,-0.00016616449539264,,
width_double,122,A,0.006693496629790019,,
width_double,122,C,-0.00019746460220526618,,
width_double,123,A,-0.0020217230018397814,,
width_double,123,C,-0.0004084454815724836,,
width_double,124,A,0.015353233483260453,,
width_double,124,C,-0.00030771873630208724,,
width_double,125,A,0.0024428571359687012,,
width_double,125,C,-0.0005582259444241178,,
width_double,126,A,0.010552946918970463,,
width_double,126,C,-7.52168685561605e-05,,
width_double,127,A,0.013043403168692791,,
width_double,127,C,-0.0004491140814292388,,
width_double,128,A,0.00275591499796235,,
width_double,128,C,-7.182139808042942e-05,,
width_double,129,A,0.013069947447123198,,
width_double,129,C,4.872153425261594e-06,,
width_double,130,A,-0.0011199999966908791,,
width_double,130,C,-0.0006399725585201632,,
width_double,131,A,0.015119126088890766,,
width_double,131,C,-1.688987034431655e-05,,
width_double,132,A,-0.008962424960010651,,
width_double,132,C,0.00039838793486290935,,
width_double,133,A,0.029668942660496356,,
width_double,133,C,-0.000993434251744807,,
width_double,134,A,5.606526471524376e-05,,
width_double,134,C,-0.0002273851656365844,,
width_double,135,A,-0.004209736879787762,,
width_double,135,C,0.0004712298029997952,,
width_double,136,A,-0.014061879382231801,,
width_double,136,C,-0.0005053564692377721,,
width_double,137,A,0.013330942159202053,,
width_double,137,C,-8.62791644555827e-05,,
width_double,138,A,-0.002593515996266227,,
width_double,138,C,0.00018852034612942218,,
width_double,139,A,0.005608176576024526,,
width_double,139,C,-0.0002106263057388147,,
width_double,140,A,-0.000625646139791769,,
width_double,140,C,-8.584839665931598e-05,,
width_double,141,A,0.01529652016582883,,
width_double,141,C,2.2087250249436252e-05,,
width_double,142,A,-0.00693595686696824,,
width_double,142,C,-6.561005674157738e-05,,
width_double,143,A,-0.004923796837319472,,
width_double,143,C,0.0003615741537388306,,
width_double,144,A,1.362016084627271e-05,,
width_double,144,C,6.089404746578708e-05,,
width_double,145,A,0.0024594503125889844,,
width_double,145,C,-0.00011090144386809858,,
width_double,146,A,0.0068118787189792585,,
width_double,146,C,-0.00026116619796129337,,
width_double,147,A,0.0035473998784025795,,
width_double,147,C,-7.467775679398381e-05,,
width_double,148,A,0.0005312867590223647,,
width_double,148,C,-1.1318894754697162e-05,,
width_double,149,A,0.005062461170762589,,
width_double,149,C,-0.0003729117115566227,,
width_double,150,A,0.012645554067762355,,
width_double,150,C,-0.0005170810156754357,,
width_double,151,A,0.004912412861791893,,
width_double,151,C,-7.582915208026453e-05,,
width_double,152,A,0.0009036987058159696,,
width_double,152,C,-7.645571666003992e-05,,
width_double,153,A,0.001176102269840662,,
width_double,153,C,-0.00011666810616622891,,
width_double,154,A,0.0006666287181893438,,
width_double,154,C,0.00014824393032266542,,
width_double,155,A,-0.004828743392910617,,
width_double,155,C,0.00016157482699230563,,
width_double,156,A,0.0015827718197325424,,
width_double,156,C,-0.00010242688985284687,,
width_double,157,A,-0.011623500292968991,,
width_double,157,C,0.0005852021656287398,,
width_double,158,A,-0.011745217888506687,,
width_double,158,C,0.00020343321142915483,,
width_double,159,A,0.004694875183099967,,
width_double,159,C,0.0002946384187426654,,
width_double,160,A,0.00428574380526392,,
width_double,160,C,-0.00048675892828831113,,
width_double,161,A,-0.010496969917325849,,
width_double,161,C,7.392206254042133e-05,,
width_double,162,A,-0.011263183974893565,,
width_double,162,C,0.00035991865760814923,,
width_double,163,A,0.0017555427056183959,,
width_double,163,C,0.00026768497081919307,,
width_double,164,A,-0.001994333712220353,,
width_double,164,C,-4.056346819203416e-05,,
width_double,165,A,0.005547060291588579,,
width_double,165,C,-9.39994812536038e-05,,
width_double,166,A,-0.0034949800961321387,,
width_double,166,C,-6.207752803061295e-05,,
width_double,167,A,0.009888342290810037,,
width_double,167,C,-0.00014804157811641044,,
width_double,168,A,-0.002944757671099474,,
width_double,168,C,-8.432213183291416e-05,,
quantization_checkpoint_b,1,A,8.394032136038732e-10,1.7763568394002505e-14,True
quantization_checkpoint_b,1,C,3.937739023740505e-12,2.7755575615628914e-15,True
quantization_checkpoint_b,2,A,-3.1844766823496684e-09,9.325873406851315e-14,True
quantization_checkpoint_b,2,C,-1.0350940660153185e-09,8.770761894538737e-15,True
quantization_checkpoint_b,3,A,2.766747275728676e-08,1.3145040611561853e-13,True
quantization_checkpoint_b,3,C,3.280509197622905e-10,1.5543122344752192e-15,True
quantization_checkpoint_b,4,A,1.5268351027941662e-08,1.9539925233402755e-14,True
quantization_checkpoint_b,4,C,-9.324589989034848e-10,9.2148511043888e-15,True
quantization_checkpoint_b,5,A,5.197548169633137e-09,3.552713678800501e-15,True
quantization_checkpoint_b,5,C,1.2498368451296926e-09,1.609823385706477e-15,True
quantization_checkpoint_b,6,A,-2.861717796065477e-08,1.723066134218243e-13,True
quantization_checkpoint_b,6,C,9.00895330557816e-11,1.457167719820518e-15,True
quantization_checkpoint_b,7,A,-1.3367369433581189e-09,8.881784197001252e-14,True
quantization_checkpoint_b,7,C,1.3126555398201845e-11,3.497202527569243e-15,True
quantization_checkpoint_b,8,A,-2.151305356079547e-08,9.769962616701378e-15,True
quantization_checkpoint_b,8,C,3.0707815457109433e-10,2.400857290751901e-15,True
quantization_checkpoint_b,9,A,2.1254911608536986e-08,3.6415315207705135e-14,True
quantization_checkpoint_b,9,C,5.941276359777703e-10,1.887379141862766e-15,True
quantization_checkpoint_b,10,A,-1.7119536899201648e-08,4.263256414560601e-14,True
quantization_checkpoint_b,10,C,-1.8158069214901928e-09,2.6922908347160046e-15,True
quantization_checkpoint_b,11,A,1.886802003525645e-08,3.552713678800501e-14,True
quantization_checkpoint_b,11,C,2.2955599643381674e-09,1.3322676295501878e-14,True
quantization_checkpoint_b,12,A,-7.95014543086836e-09,1.3322676295501878e-13,True
quantization_checkpoint_b,12,C,-7.345799524216545e-10,1.099120794378905e-14,True
quantization_checkpoint_b,13,A,-6.840253696793752e-09,5.3290705182007514e-14,True
quantization_checkpoint_b,13,C,1.241348412950316e-10,4.801714581503802e-15,True
quantization_checkpoint_b,14,A,-6.360522775139543e-09,1.0658141036401503e-14,True
quantization_checkpoint_b,14,C,7.8564329868136e-10,3.168472428871638e-15,True
quantization_checkpoint_b,15,A,5.613861375763918e-09,3.197442310920451e-14,True
quantization_checkpoint_b,15,C,4.907113326790835e-10,8.049116928532385e-16,True
quantization_checkpoint_b,16,A,6.990985568222641e-10,2.6645352591003757e-15,True
quantization_checkpoint_b,16,C,-7.544351254828996e-11,5.134781488891349e-15,True
quantization_checkpoint_b,17,A,3.4495806211509716e-08,2.930988785010413e-14,True
quantization_checkpoint_b,17,C,-1.403757610152212e-09,2.192690473634684e-15,True
quantization_checkpoint_b,18,A,-2.195222847944933e-08,2.220446049250313e-14,True
quantization_checkpoint_b,18,C,4.810992992876351e-10,5.800915303666443e-15,True
quantization_checkpoint_b,19,A,-4.301559997088589e-09,6.483702463810914e-14,True
quantization_checkpoint_b,19,C,3.824149885645056e-10,4.468647674116255e-15,True
quantization_checkpoint_b,20,A,2.991642755745261e-08,1.2434497875801753e-14,True
quantization_checkpoint_b,20,C,-2.3355318790052593e-09,1.1879386363489175e-14,True
quantization_checkpoint_b,21,A,-1.3773335361122463e-08,4.707345624410664e-14,True
quantization_checkpoint_b,21,C,1.7074744396161634e-10,1.7208456881689926e-15,True
quantization_checkpoint_b,22,A,1.397104565370455e-08,8.881784197001252e-14,True
quantization_checkpoint_b,22,C,-3.0361246849963663e-10,5.551115123125783e-16,True
quantization_checkpoint_b,23,A,-3.1865551974874506e-08,1.8207657603852567e-13,True
quantization_checkpoint_b,23,C,4.5353354405364144e-10,4.3298697960381105e-15,True
quantization_checkpoint_b,24,A,2.693317124879968e-08,7.194245199571014e-14,True
quantization_checkpoint_b,24,C,-1.32692651311217e-09,2.9976021664879227e-15,True
quantization_checkpoint_b,25,A,-3.469618814477826e-08,1.3322676295501878e-14,True
quantization_checkpoint_b,25,C,1.8530842693653682e-09,6.5780714209040525e-15,True
quantization_checkpoint_b,26,A,8.123572037277427e-09,7.549516567451064e-14,True
quantization_checkpoint_b,26,C,-9.738146677928938e-10,1.1796119636642288e-14,True
quantization_checkpoint_b,27,A,1.1241958475238789e-08,5.240252676230739e-14,True
quantization_checkpoint_b,27,C,-7.081641939521433e-10,1.709743457922741e-14,True
quantization_checkpoint_b,28,A,2.1266118643836762e-08,6.661338147750939e-14,True
quantization_checkpoint_b,28,C,1.655899084518353e-09,3.275157922644212e-14,True
quantization_checkpoint_b,29,A,4.8336712410446125e-09,6.306066779870889e-14,True
quantization_checkpoint_b,29,C,-6.439345723308065e-10,1.887379141862766e-14,True
quantization_checkpoint_b,30,A,1.8622907660414967e-09,1.0125233984581428e-13,True
quantization_checkpoint_b,30,C,-1.318343656464549e-09,9.2148511043888e-15,True
quantization_checkpoint_b,31,A,-2.8556010889246863e-09,1.3855583347321954e-13,True
quantization_checkpoint_b,31,C,1.4512835377900046e-12,3.6637359812630166e-15,True
quantization_checkpoint_b,32,A,9.850475102268774e-09,1.5720758028692217e-13,True
quantization_checkpoint_b,32,C,1.0459396959650036e-09,4.579669976578771e-15,True
quantization_checkpoint_b,33,A,-1.1416121381557787e-09,6.838973831690964e-14,True
quantization_checkpoint_b,33,C,3.6105629597216193e-10,3.4416913763379853e-15,True
quantization_checkpoint_b,34,A,-2.0023553481962608e-08,7.194245199571014e-14,True
quantization_checkpoint_b,34,C,1.823478035234416e-10,6.5503158452884236e-15,True
quantization_checkpoint_b,35,A,6.205636893241717e-09,1.865174681370263e-14,True
quantization_checkpoint_b,35,C,-7.735108109585553e-10,6.161737786669619e-15,True
quantization_checkpoint_b,36,A,6.733702484496007e-09,1.376676550535194e-13,True
quantization_checkpoint_b,36,C,-1.500890522976306e-10,5.700301342059788e-15,True
quantization_checkpoint_b,37,A,6.39933173118834e-09,6.128431095930864e-14,True
quantization_checkpoint_b,37,C,6.79571288131342e-10,5.551115123125783e-16,True
quantization_checkpoint_b,38,A,-2.2167246704896115e-08,1.7674750552032492e-13,True
quantization_checkpoint_b,38,C,2.656684316981739e-10,6.661338147750939e-16,True
quantization_checkpoint_b,39,A,-6.651427852943925e-09,5.417888360170764e-14,True
quantization_checkpoint_b,39,C,-5.461037837217741e-10,3.858025010572419e-15,True
quantization_checkpoint_b,40,A,-7.1944521451428045e-09,6.039613253960852e-14,True
quantization_checkpoint_b,40,C,6.612883574064199e-10,8.493206138382448e-15,True
quantization_checkpoint_b,41,A,-8.747902846550915e-09,2.7533531010703882e-14,True
quantization_checkpoint_b,41,C,5.1517456967076214e-11,5.551115123125783e-15,True
quantization_checkpoint_b,42,A,6.199973867637709e-10,5.3290705182007514e-14,True
quantization_checkpoint_b,42,C,-2.501647500263715e-10,2.6645352591003757e-15,True
quantization_checkpoint_b,43,A,2.3864167530973646e-08,6.927791673660977e-14,True
quantization_checkpoint_b,43,C,-7.573590643517036e-10,1.1546319456101628e-14,True
quantization_checkpoint_b,44,A,-9.305347603572045e-10,4.440892098500626e-14,True
quantization_checkpoint_b,44,C,-6.475822100782125e-10,7.549516567451064e-15,True
quantization_checkpoint_b,45,A,-8.903422887840406e-09,6.128431095930864e-14,True
quantization_checkpoint_b,45,C,1.6110758283005566e-09,3.4416913763379853e-15,True
quantization_checkpoint_b,46,A,-3.803429837745398e-08,1.3322676295501878e-14,True
quantization_checkpoint_b,46,C,2.4893309635842797e-11,1.3322676295501878e-14,True
quantization_checkpoint_b,47,A,3.481096300106401e-08,1.6697754290362354e-13,True
quantization_checkpoint_b,47,C,-1.2833250018218223e-09,9.103828801926284e-15,True
quantization_checkpoint_b,48,A,4.265537256742391e-09,3.907985046680551e-14,True
quantization_checkpoint_b,48,C,1.4225221001140653e-10,5.773159728050814e-15,True
quantization_checkpoint_b,49,A,-1.673665650514522e-09,8.704148513061227e-14,True
quantization_checkpoint_b,49,C,1.4798648972913497e-09,2.9976021664879227e-15,True
quantization_checkpoint_b,50,A,-1.7280619601933722e-08,7.016609515630989e-14,True
quantization_checkpoint_b,50,C,9.348921636842533e-11,2.070565940925917e-14,True
quantization_checkpoint_b,51,A,5.0713053312279044e-08,7.993605777301127e-15,True
quantization_checkpoint_b,51,C,-1.8389441081012592e-09,4.773959005888173e-15,True
quantization_checkpoint_b,52,A,3.331672093764837e-08,1.6076029396572267e-13,True
quantization_checkpoint_b,52,C,-1.0659845228744302e-09,9.880984919163893e-15,True
quantization_checkpoint_b,53,A,-1.499290913642426e-08,3.730349362740526e-14,True
quantization_checkpoint_b,53,C,5.928275370603586e-10,4.440892098500626e-16,True
quantization_checkpoint_b,54,A,-1.5461578684039523e-09,7.016609515630989e-14,True
quantization_checkpoint_b,54,C,-4.341087489478923e-10,6.328271240363392e-15,True
quantization_checkpoint_b,55,A,-1.1487798268206006e-08,3.375077994860476e-14,True
quantization_checkpoint_b,55,C,1.599206655988894e-09,2.3425705819590803e-14,True
quantization_checkpoint_b,56,A,-4.385585405941583e-08,2.149391775674303e-13,True
quantization_checkpoint_b,56,C,7.697490422842179e-10,3.774758283725532e-15,True
quantization_checkpoint_b,57,A,-7.926134415470187e-09,3.197442310920451e-14,True
quantization_checkpoint_b,57,C,-6.303919608541264e-10,1.609823385706477e-14,True
quantization_checkpoint_b,58,A,1.1553054513058214e-08,1.4566126083082054e-13,True
quantization_checkpoint_b,58,C,1.6607215602704173e-10,1.609823385706477e-14,True
quantization_checkpoint_b,59,A,1.351033329655138e-08,5.773159728050814e-14,True
quantization_checkpoint_b,59,C,-1.4288204785994907e-09,1.6375789613221059e-15,True
quantization_checkpoint_b,60,A,1.5985173185129042e-08,1.2967404927621828e-13,True
quantization_checkpoint_b,60,C,1.1785799003405373e-09,2.3647750424515834e-14,True
quantization_checkpoint_b,61,A,-7.389839851157376e-10,8.79296635503124e-14,True
quantization_checkpoint_b,61,C,3.003118864697285e-10,1.7208456881689926e-14,True
quantization_checkpoint_b,62,A,-3.0391804628493446e-09,1.0125233984581428e-13,True
quantization_checkpoint_b,62,C,5.413312853530527e-10,7.244205235679146e-15,True
quantization_checkpoint_b,63,A,-1.2893106138278654e-08,1.0658141036401503e-14,True
quantization_checkpoint_b,63,C,5.947685677298864e-10,3.885780586188048e-16,True
quantization_checkpoint_b,64,A,1.6584877471359505e-08,3.730349362740526e-14,True
quantization_checkpoint_b,64,C,-8.032244036559888e-10,5.051514762044462e-15,True
quantization_checkpoint_b,65,A,-1.7590367384912042e-08,5.950795411990839e-14,True
quantization_checkpoint_b,65,C,1.644194502770091e-10,6.543376951384516e-15,True
quantization_checkpoint_b,66,A,-1.3384237718128134e-08,5.329070518200751e-15,True
quantization_checkpoint_b,66,C,1.6330015117915764e-10,2.4980018054066022e-15,True
quantization_checkpoint_b,67,A,-5.975699046700811e-09,1.3322676295501878e-14,True
quantization_checkpoint_b,67,C,-1.7887313852327225e-10,4.6629367034256575e-15,True
quantization_checkpoint_b,68,A,-3.4470012622023205e-08,3.8191672047105385e-14,True
quantization_checkpoint_b,68,C,1.2430181883793523e-10,5.218048215738236e-15,True
quantization_checkpoint_b,69,A,-2.3291501172195694e-08,1.7763568394002505e-14,True
quantization_checkpoint_b,69,C,-7.928001588553002e-10,9.769962616701378e-15,True
quantization_checkpoint_b,70,A,3.1147822099342193e-09,5.773159728050814e-14,True
quantization_checkpoint_b,70,C,8.071274759657854e-10,1.2545520178264269e-14,True
quantization_checkpoint_b,71,A,4.55106174968023e-08,6.394884621840902e-14,True
quantization_checkpoint_b,71,C,-5.658214036197151e-10,2.4702462297909733e-15,True
quantization_checkpoint_b,72,A,-3.0396818395672653e-08,6.306066779870889e-14,True
quantization_checkpoint_b,72,C,5.800978586378847e-10,1.609823385706477e-15,True
quantization_checkpoint_b,73,A,1.286340811645914e-08,9.769962616701378e-14,True
quantization_checkpoint_b,73,C,4.055449309703363e-10,4.6629367034256575e-15,True
quantization_checkpoint_b,74,A,2.748523364459743e-08,1.438849039914203e-13,True
quantization_checkpoint_b,74,C,3.529988801265205e-10,1.459943277382081e-14,True
quantization_checkpoint_b,75,A,-6.187505618981959e-09,6.306066779870889e-14,True
quantization_checkpoint_b,75,C,-9.772720410694546e-10,1.3322676295501878e-15,True
quantization_checkpoint_b,76,A,3.731708453358351e-08,6.217248937900877e-14,True
quantization_checkpoint_b,76,C,-5.345198728079481e-10,3.552713678800501e-15,True
quantization_checkpoint_b,77,A,-4.133677400375291e-09,2.6645352591003757e-15,True
quantization_checkpoint_b,77,C,5.651312751098203e-12,8.68749516769185e-15,True
quantization_checkpoint_b,78,A,1.3474221738363212e-08,1.2079226507921703e-13,True
quantization_checkpoint_b,78,C,5.20962384342738e-10,1.4432899320127035e-15,True
quantization_checkpoint_b,79,A,9.871550687989838e-09,2.1316282072803006e-14,True
quantization_checkpoint_b,79,C,-2.5841495610023912e-11,5.995204332975845e-15,True
quantization_checkpoint_b,80,A,2.6234111771827884e-08,5.1514348342607263e-14,True
quantization_checkpoint_b,80,C,5.789153600943564e-10,6.217248937900877e-15,True
quantization_checkpoint_b,81,A,-8.068226087232233e-09,3.552713678800501e-15,True
quantization_checkpoint_b,81,C,-4.457539615199124e-10,7.521760991835436e-15,True
quantization_checkpoint_b,82,A,7.583666139510115e-09,8.171241461241152e-14,True
quantization_checkpoint_b,82,C,-1.0048609722090873e-09,2.8754776337791554e-14,True
quantization_checkpoint_b,83,A,-7.864805695589894e-09,1.616484723854228e-13,True
quantization_checkpoint_b,83,C,1.5020950039357217e-09,4.440892098500626e-15,True
quantization_checkpoint_b,84,A,-1.4558362515515455e-08,1.2434497875801753e-14,True
quantization_checkpoint_b,84,C,8.141851637333275e-10,4.829470157119431e-15,True
quantization_checkpoint_b,85,A,6.921378137292322e-09,7.016609515630989e-14,True
quantization_checkpoint_b,85,C,4.606186751465735e-10,2.213507155346406e-15,True
quantization_checkpoint_b,86,A,-1.4182560903464037e-08,4.973799150320701e-14,True
quantization_checkpoint_b,86,C,-1.964234885853955e-10,1.2823075934420558e-14,True
quantization_checkpoint_b,87,A,-3.252051250512977e-08,6.306066779870889e-14,True
quantization_checkpoint_b,87,C,-2.8868737955711765e-10,1.63202784619898e-14,True
quantization_checkpoint_b,88,A,-1.319546250044823e-09,4.618527782440651e-14,True
quantization_checkpoint_b,88,C,3.34448579941693e-11,3.0531133177191805e-15,True
quantization_checkpoint_b,89,A,-4.921934859680732e-09,5.684341886080802e-14,True
quantization_checkpoint_b,89,C,7.006586422164673e-10,6.5503158452884236e-15,True
quantization_checkpoint_b,90,A,-1.7149466735588703e-08,9.769962616701378e-15,True
quantization_checkpoint_b,90,C,3.6014563553621315e-10,4.052314039881821e-15,True
quantization_checkpoint_b,91,A,-9.44148759174368e-09,1.2434497875801753e-13,True
quantization_checkpoint_b,91,C,-3.2179392484010805e-10,1.687538997430238e-14,True
quantization_checkpoint_b,92,A,2.873936111313924e-08,3.197442310920451e-14,True
quantization_checkpoint_b,92,C,2.4737500936566903e-10,2.7755575615628914e-15,True
quantization_checkpoint_b,93,A,2.3274342453305508e-09,6.394884621840902e-14,True
quantization_checkpoint_b,93,C,-1.4194691255742242e-09,1.5959455978986625e-14,True
quantization_checkpoint_b,94,A,3.419513738833757e-08,1.509903313490213e-14,True
quantization_checkpoint_b,94,C,8.21487544655497e-10,2.964295475749168e-14,True
quantization_checkpoint_b,95,A,1.5043960743810203e-08,1.6431300764452317e-13,True
quantization_checkpoint_b,95,C,-2.9043256688510155e-10,1.2101430968414206e-14,True
quantization_checkpoint_b,96,A,1.706912478027789e-08,1.127986593019159e-13,True
quantization_checkpoint_b,96,C,-2.9523872235870385e-10,2.7755575615628914e-15,True
quantization_checkpoint_b,97,A,-4.039270873334999e-08,8.881784197001252e-15,True
quantization_checkpoint_b,97,C,9.79595460304239e-10,1.3239409568654992e-14,True
quantization_checkpoint_b,98,A,-3.912898449698332e-09,1.1546319456101628e-13,True
quantization_checkpoint_b,98,C,2.650760166922339e-11,8.604228440844963e-15,True
quantization_checkpoint_b,99,A,1.9609236012740894e-08,1.6608936448392342e-13,True
quantization_checkpoint_b,99,C,-1.3836946553824614e-09,1.4521370217401852e-14,True
quantization_checkpoint_b,100,A,-1.7469717228379977e-08,1.199040866595169e-13,True
quantization_checkpoint_b,100,C,5.070922570737935e-10,1.4988010832439613e-15,True
quantization_checkpoint_b,101,A,3.086977518051981e-08,9.769962616701378e-14,True
quantization_checkpoint_b,101,C,2.3140711569169525e-10,1.0963452368173421e-14,True
quantization_checkpoint_b,102,A,8.226875181094329e-09,7.993605777301127e-15,True
quantization_checkpoint_b,102,C,6.309265332404834e-10,3.774758283725532e-15,True
quantization_checkpoint_b,103,A,-2.570123047718198e-08,1.0835776720341528e-13,True
quantization_checkpoint_b,103,C,-7.119788092424528e-11,1.27675647831893e-14,True
quantization_checkpoint_b,104,A,8.955693076018179e-09,1.4210854715202004e-14,True
quantization_checkpoint_b,104,C,-7.031600579576747e-10,2.7478019859472624e-15,True
quantization_checkpoint_b,105,A,-3.588548658228774e-08,1.163513729807164e-13,True
quantization_checkpoint_b,105,C,1.623639972470059e-09,1.5015766408055242e-14,True
quantization_checkpoint_b,106,A,-6.3981611120311754e-09,3.6415315207705135e-14,True
quantization_checkpoint_b,106,C,-1.0983809417552948e-09,4.107825191113079e-15,True
quantization_checkpoint_b,107,A,-2.7268386659784483e-08,4.263256414560601e-14,True
quantization_checkpoint_b,107,C,2.0068598449718422e-09,5.384581669432009e-15,True
quantization_checkpoint_b,108,A,1.646425484835845e-08,2.220446049250313e-14,True
quantization_checkpoint_b,108,C,-5.235410993620349e-10,6.661338147750939e-15,True
quantization_checkpoint_b,109,A,4.418130927774655e-08,9.947598300641403e-14,True
quantization_checkpoint_b,109,C,-2.4306897605796962e-09,9.658940314238862e-15,True
quantization_checkpoint_b,110,A,-2.5324438546192596e-08,4.263256414560601e-14,True
quantization_checkpoint_b,110,C,5.489514953715968e-10,1.074140776324839e-14,True
quantization_checkpoint_b,111,A,3.28510898484069e-08,7.815970093361102e-14,True
quantization_checkpoint_b,111,C,-1.7250180173178364e-09,1.5987211554602254e-14,True
quantization_checkpoint_b,112,A,-6.661995399781517e-09,2.4868995751603507e-14,True
quantization_checkpoint_b,112,C,7.664394674478103e-10,3.885780586188048e-15,True
quantization_checkpoint_b,113,A,1.9420560271043996e-08,5.1514348342607263e-14,True
quantization_checkpoint_b,113,C,-2.926470177300189e-11,9.547918011776346e-15,True
quantization_checkpoint_b,114,A,-1.720110365255323e-08,2.6645352591003757e-14,True
quantization_checkpoint_b,114,C,2.6105828609956916e-10,5.551115123125783e-16,True
quantization_checkpoint_b,115,A,2.5933194258698222e-08,5.773159728050814e-14,True
quantization_checkpoint_b,115,C,1.877397570737571e-09,6.2450045135165055e-15,True
quantization_checkpoint_b,116,A,2.54700855961687e-08,1.545430450278218e-13,True
quantization_checkpoint_b,116,C,-4.340735881847024e-09,3.6637359812630166e-15,True
quantization_checkpoint_b,117,A,1.0691397100970335e-08,1.6786572132332367e-13,True
quantization_checkpoint_b,117,C,1.4763684719198977e-09,3.219646771412954e-15,True
quantization_checkpoint_b,118,A,-2.5290958660662e-08,1.7763568394002505e-15,True
quantization_checkpoint_b,118,C,9.101639442121723e-10,2.3314683517128287e-15,True
quantization_checkpoint_b,119,A,2.2141358080318696e-08,2.220446049250313e-14,True
quantization_checkpoint_b,119,C,-1.8299787518660793e-09,1.3877787807814457e-14,True
quantization_checkpoint_b,120,A,1.63187410251453e-08,1.2967404927621828e-13,True
quantization_checkpoint_b,120,C,5.9870464141909e-10,1.6653345369377348e-15,True
quantization_checkpoint_b,121,A,1.549603467765337e-08,6.394884621840902e-14,True
quantization_checkpoint_b,121,C,-4.673700315649398e-10,6.772360450213455e-15,True
quantization_checkpoint_b,122,A,-1.9875740164820854e-08,1.0480505352461478e-13,True
quantization_checkpoint_b,122,C,4.700126954304551e-10,1.8540724511240114e-14,True
quantization_checkpoint_b,123,A,4.869621239578237e-08,1.270095140171179e-13,True
quantization_checkpoint_b,123,C,1.1301877211877809e-09,2.7755575615628914e-15,True
quantization_checkpoint_b,124,A,3.944294668656312e-09,1.3589129821411916e-13,True
quantization_checkpoint_b,124,C,-2.1054821497390463e-09,2.7144952952085077e-14,True
quantization_checkpoint_b,125,A,-1.3225144535056188e-08,9.592326932761353e-14,True
quantization_checkpoint_b,125,C,2.0159134361819042e-09,9.2148511043888e-15,True
quantization_checkpoint_b,126,A,1.3566467060854848e-08,3.552713678800501e-14,True
quantization_checkpoint_b,126,C,-1.3274299437426862e-09,1.0436096431476471e-14,True
quantization_checkpoint_b,127,A,-1.5063275071725002e-09,1.0302869668521453e-13,True
quantization_checkpoint_b,127,C,-6.841066463314505e-10,6.702971511174383e-15,True
quantization_checkpoint_b,128,A,6.813825237372839e-08,1.1723955140041653e-13,True
quantization_checkpoint_b,128,C,-1.4489924815563882e-09,1.0769163338864018e-14,True
quantization_checkpoint_b,129,A,1.3553898448037671e-08,1.438849039914203e-13,True
quantization_checkpoint_b,129,C,5.219716880944247e-10,1.2212453270876722e-15,True
quantization_checkpoint_b,130,A,2.8072509650201027e-08,3.019806626980426e-14,True
quantization_checkpoint_b,130,C,8.453149291653972e-10,3.885780586188048e-15,True
quantization_checkpoint_b,131,A,-1.853647457750185e-08,8.79296635503124e-14,True
quantization_checkpoint_b,131,C,-1.1836894797667696e-09,2.220446049250313e-15,True
quantization_checkpoint_b,132,A,-5.016544957214819e-08,9.681144774731365e-14,True
quantization_checkpoint_b,132,C,1.7737320501254317e-09,1.2545520178264269e-14,True
quantization_checkpoint_b,133,A,-1.7441586841471235e-08,7.194245199571014e-14,True
quantization_checkpoint_b,133,C,-7.488017983448003e-10,9.769962616701378e-15,True
quantization_checkpoint_b,134,A,2.9914337673631053e-09,4.1744385725905886e-14,True
quantization_checkpoint_b,134,C,1.1991134751809795e-09,2.7755575615628914e-15,True
quantization_checkpoint_b,135,A,-5.699529737057674e-09,1.270095140171179e-13,True
quantization_checkpoint_b,135,C,-7.566610116249706e-10,1.990074771640593e-14,True
quantization_checkpoint_b,136,A,2.2746872829770837e-08,2.3092638912203256e-14,True
quantization_checkpoint_b,136,C,7.092183507140248e-10,1.9539925233402755e-14,True
quantization_checkpoint_b,137,A,1.1449632353333072e-09,1.616484723854228e-13,True
quantization_checkpoint_b,137,C,7.261802270619455e-11,2.4646951146678475e-14,True
quantization_checkpoint_b,138,A,4.325130475990591e-09,3.019806626980426e-14,True
quantization_checkpoint_b,138,C,-6.351582098815256e-10,9.775166787129308e-15,True
quantization_checkpoint_b,139,A,-6.90894452759494e-09,9.769962616701378e-15,True
quantization_checkpoint_b,139,C,4.259663177741402e-10,1.1102230246251565e-14,True
quantization_checkpoint_b,140,A,-1.4841975648494099e-08,1.0658141036401503e-14,True
quantization_checkpoint_b,140,C,5.235398781167078e-10,8.881784197001252e-15,True
quantization_checkpoint_b,141,A,-4.9321612571873175e-08,3.108624468950438e-14,True
quantization_checkpoint_b,141,C,6.766229798671475e-10,7.327471962526033e-15,True
quantization_checkpoint_b,142,A,-3.6675002590413897e-08,8.526512829121202e-14,True
quantization_checkpoint_b,142,C,1.542370897666956e-09,1.8013368574543165e-14,True
quantization_checkpoint_b,143,A,-8.094277248460457e-09,1.305622276959184e-13,True
quantization_checkpoint_b,143,C,-4.417470833573134e-10,4.9960036108132044e-15,True
quantization_checkpoint_b,144,A,5.958434101671628e-08,1.0835776720341528e-13,True
quantization_checkpoint_b,144,C,-1.0768959057827487e-09,1.7208456881689926e-14,True
quantization_checkpoint_b,145,A,1.0925202964529035e-08,1.9628743075372768e-13,True
quantization_checkpoint_b,145,C,-5.028804248019547e-10,1.942890293094024e-15,True
quantization_checkpoint_b,146,A,1.6229764199238161e-09,7.105427357601002e-15,True
quantization_checkpoint_b,146,C,-7.631931753238064e-10,1.9984014443252818e-15,True
quantization_checkpoint_b,147,A,4.725734470412135e-09,6.750155989720952e-14,True
quantization_checkpoint_b,147,C,5.894218446655941e-10,6.8833827526759706e-15,True
quantization_checkpoint_b,148,A,7.656764111629855e-09,1.056932319443149e-13,True
quantization_checkpoint_b,148,C,2.0564644431786405e-10,7.216449660063518e-16,True
quantization_checkpoint_b,149,A,4.249223728436391e-08,8.171241461241152e-14,True
quantization_checkpoint_b,149,C,-1.4417048666004462e-09,8.326672684688674e-15,True
quantization_checkpoint_b,150,A,-4.0447138971444474e-08,9.85878045867139e-14,True
quantization_checkpoint_b,150,C,1.6995790885765416e-09,3.608224830031759e-15,True
quantization_checkpoint_b,151,A,-2.776754737254805e-08,4.529709940470639e-14,True
quantization_checkpoint_b,151,C,9.22265264158284e-10,3.6193270602780103e-14,True
quantization_checkpoint_b,152,A,3.7079352921409736e-09,1.8118839761882555e-13,True
quantization_checkpoint_b,152,C,-7.502332088904495e-12,2.55351295663786e-14,True
quantization_checkpoint_b,153,A,-1.2157525652867207e-08,1.5365486660812167e-13,True
quantization_checkpoint_b,153,C,1.2531992665820724e-09,4.829470157119431e-15,True
quantization_checkpoint_b,154,A,-8.728496148080467e-09,3.730349362740526e-14,True
quantization_checkpoint_b,154,C,-4.016995902578202e-10,3.8719027983802334e-15,True
quantization_checkpoint_b,155,A,1.621282663677448e-08,2.4868995751603507e-14,True
quantization_checkpoint_b,155,C,-8.718581412381354e-13,2.7200464103316335e-15,True
quantization_checkpoint_b,156,A,3.030312178964323e-08,7.460698725481052e-14,True
quantization_checkpoint_b,156,C,-1.1031465740884983e-09,1.1102230246251565e-15,True
quantization_checkpoint_b,157,A,5.455856211256105e-09,6.128431095930864e-14,True
quantization_checkpoint_b,157,C,-1.4997169062169746e-09,2.8754776337791554e-14,True
quantization_checkpoint_b,158,A,-1.5390930308001316e-08,1.2434497875801753e-14,True
quantization_checkpoint_b,158,C,-6.652592504652333e-10,9.33975119465913e-15,True
quantization_checkpoint_b,159,A,4.032335354509087e-08,2.6645352591003757e-15,True
quantization_checkpoint_b,159,C,-6.143890951548769e-10,3.6193270602780103e-14,True
quantization_checkpoint_b,160,A,-3.599241793494912e-08,1.474376176702208e-13,True
quantization_checkpoint_b,160,C,3.028579609321014e-10,9.43689570931383e-15,True
quantization_checkpoint_b,161,A,9.423395397334389e-11,5.417888360170764e-14,True
quantization_checkpoint_b,161,C,1.5652221740936056e-09,1.2212453270876722e-14,True
quantization_checkpoint_b,162,A,-5.457457596946824e-09,2.3803181647963356e-13,True
quantization_checkpoint_b,162,C,-9.669608169726729e-10,1.5126788710517758e-14,True
quantization_checkpoint_b,163,A,-1.6165271787826896e-08,8.43769498715119e-14,True
quantization_checkpoint_b,163,C,1.242556280089957e-09,3.341771304121721e-14,True
quantization_checkpoint_b,164,A,-2.020786205036984e-09,3.490541189421492e-13,True
quantization_checkpoint_b,164,C,-1.517318160004777e-09,2.4424906541753444e-14,True
quantization_checkpoint_b,165,A,-1.972034890940222e-08,9.325873406851315e-14,True
quantization_checkpoint_b,165,C,5.706921879511384e-10,5.3013149425851225e-15,True
quantization_checkpoint_b,166,A,9.860459115884623e-10,7.460698725481052e-14,True
quantization_checkpoint_b,166,C,7.566626769595075e-10,4.385380947269368e-15,True
quantization_checkpoint_b,167,A,-2.097050888494323e-08,1.056932319443149e-13,True
quantization_checkpoint_b,167,C,6.471111840822275e-11,1.037711583329326e-14,True
quantization_checkpoint_b,168,A,-3.488796629369517e-08,2.1671553440683056e-13,True
quantization_checkpoint_b,168,C,1.0857444909638395e-09,6.68632900782673e-15,True
interaction,1,A,8.321343614170473e-12,1.376676550535194e-13,True
interaction,1,C,-1.3244960683778118e-13,3.552713678800501e-15,True
interaction,2,A,-6.4286354017895064e-12,2.602362769721367e-13,True
interaction,2,C,-1.3116452368677756e-12,2.275957200481571e-14,True
interaction,3,A,6.770317639848145e-11,2.913225216616411e-13,True
interaction,3,C,9.323652960802065e-13,6.439293542825908e-15,True
interaction,4,A,-1.2331469179116539e-11,6.750155989720952e-14,True
interaction,4,C,-1.130762150580722e-12,1.432187701766452e-14,True
interaction,5,A,-2.8140156871359068e-11,1.6697754290362354e-13,True
interaction,5,C,2.612965399606537e-12,2.4702462297909733e-14,True
interaction,6,A,-2.525890607785186e-11,1.794120407794253e-13,True
interaction,6,C,3.310685059432217e-13,1.1227130336521896e-14,True
interaction,7,A,7.531752999057062e-13,9.769962616701378e-14,True
interaction,7,C,-2.766398221609734e-13,6.716849298982197e-15,True
interaction,8,A,-3.5225156125306967e-12,6.217248937900877e-14,True
interaction,8,C,2.2211399386407038e-13,1.199040866595169e-14,True
interaction,9,A,9.992007221626409e-12,5.5067062021407764e-14,True
interaction,9,C,-1.8971491044794675e-12,8.770761894538737e-15,True
interaction,10,A,1.0012435325279512e-11,1.580957587066223e-13,True
interaction,10,C,7.013001290800958e-13,2.0872192862952943e-14,True
interaction,11,A,7.368328169832239e-12,1.0036416142611415e-13,True
interaction,11,C,-1.588951192843524e-12,3.064215547965432e-14,True
interaction,12,A,-3.723243935382925e-12,1.7053025658242404e-13,True
interaction,12,C,4.756195437494171e-13,2.098321516541546e-14,True
interaction,13,A,-7.647216193618078e-13,1.1812772982011666e-13,True
interaction,13,C,4.3018366646663253e-13,2.2010171463193728e-14,True
interaction,14,A,-1.6155077275925578e-11,4.440892098500626e-14,True
interaction,14,C,4.622769181339415e-13,3.155895683670806e-14,True
interaction,15,A,2.7622348852673895e-12,1.5543122344752192e-13,True
interaction,15,C,3.957945082788683e-14,4.829470157119431e-15,True
interaction,16,A,1.9109158699848194e-11,3.019806626980426e-14,True
interaction,16,C,-1.012134820399524e-12,1.5459855617905305e-14,True
interaction,17,A,4.9755755071601016e-12,4.973799150320701e-14,True
interaction,17,C,4.6407322429331543e-14,1.8263168755083825e-14,True
interaction,18,A,-6.004086117172847e-13,1.6342482922482304e-13,True
interaction,18,C,1.6170398353665405e-13,7.327471962526033e-15,True
interaction,19,A,2.2648549702353193e-13,2.327027459614328e-13,False
interaction,19,C,-1.8088308628705363e-13,7.743805596760467e-15,True
interaction,20,A,8.041567411964934e-12,2.3092638912203256e-14,True
interaction,20,C,8.804068585277491e-13,4.0190073491430667e-14,True
interaction,21,A,-2.7646329670005798e-11,1.4299672557172016e-13,True
interaction,21,C,1.3766765505351941e-12,1.2295719997723609e-14,True
interaction,22,A,-1.042987918253857e-11,1.7319479184152442e-13,True
interaction,22,C,-4.3309800190627357e-13,6.328271240363392e-15,True
interaction,23,A,2.213162986208772e-11,2.0872192862952943e-13,True
interaction,23,C,-2.8044233602031454e-13,1.6431300764452317e-14,True
interaction,24,A,-1.0864198429771932e-11,1.1368683772161603e-13,True
interaction,24,C,1.4016565685892601e-14,7.549516567451064e-15,True
interaction,25,A,5.451639140119369e-12,1.9628743075372768e-13,True
interaction,25,C,-2.379485497527867e-13,1.2878587085651816e-14,True
interaction,26,A,4.867217739956686e-13,1.4299672557172016e-13,True
interaction,26,C,-1.2619072453645686e-13,1.9331758416285538e-14,True
interaction,27,A,-8.055778266680136e-12,8.881784197001252e-14,True
interaction,27,C,3.397282455352979e-13,2.275957200481571e-14,True
interaction,28,A,-1.3358203432289883e-12,2.1671553440683056e-13,True
interaction,28,C,1.5232259897857148e-13,4.085620730620576e-14,True
interaction,29,A,-5.115907697472721e-13,1.794120407794253e-13,True
interaction,29,C,-3.6193270602780103e-14,3.26405569239796e-14,True
interaction,30,A,1.0738077094174514e-12,1.7408297026122455e-13,True
interaction,30,C,-1.1368683772161603e-13,2.2870594307278225e-14,True
interaction,31,A,7.970513138388924e-12,1.6253665080512292e-13,True
interaction,31,C,-4.3731684939984916e-13,8.770761894538737e-15,True
interaction,32,A,-4.0805581136282854e-11,3.517186542012496e-13,True
interaction,32,C,1.1648737530123299e-12,1.2462253451417382e-14,True
interaction,33,A,-5.687006421339902e-12,2.0961010704922955e-13,True
interaction,33,C,9.104939024950909e-13,5.218048215738236e-15,True
interaction,34,A,3.3653080322437745e-12,1.8918200339612667e-13,True
interaction,34,C,-8.218981051300034e-13,1.4210854715202004e-14,True
interaction,35,A,-1.1315393066979595e-12,1.199040866595169e-13,True
interaction,35,C,4.5333181653006704e-13,1.5237811012980274e-14,True
interaction,36,A,-2.8190783041281975e-12,2.282618538629322e-13,True
interaction,36,C,-1.471010813158813e-13,1.7482543190894262e-14,True
interaction,37,A,2.355449169044732e-12,8.260059303211165e-14,True
interaction,37,C,-1.6681100944992977e-13,5.329070518200751e-15,True
interaction,38,A,4.353850613370014e-12,2.7977620220553945e-13,True
interaction,38,C,-1.6928125567972074e-13,5.3013149425851225e-15,True
interaction,39,A,-6.73505695658605e-12,1.7053025658242404e-13,True
interaction,39,C,3.4726388431494115e-13,2.24160967565723e-14,True
interaction,40,A,2.842170943040401e-14,7.549516567451064e-14,False
interaction,40,C,3.932965064734617e-14,1.609823385706477e-14,True
interaction,41,A,-2.594369163944066e-12,6.927791673660977e-14,True
interaction,41,C,7.294165271787278e-14,1.63202784619898e-14,True
interaction,42,A,-2.3090862555363856e-11,1.687538997430238e-13,True
interaction,42,C,4.1869285816176216e-13,1.9512169657787126e-14,True
interaction,43,A,3.1517011223058944e-11,1.6253665080512292e-13,True
interaction,43,C,2.877698079828406e-13,1.4099832412739488e-14,True
interaction,44,A,2.610356375498668e-12,1.8030021919912542e-13,True
interaction,44,C,-7.457368056407176e-13,1.8762769116165146e-14,True
interaction,45,A,-3.275335558328152e-11,1.3145040611561853e-13,True
interaction,45,C,1.7029155863212964e-12,7.827072323607354e-15,True
interaction,46,A,-1.623590151211829e-12,4.440892098500626e-14,True
interaction,46,C,4.848343948538059e-13,1.5210055437364645e-14,True
interaction,47,A,1.0661693750080303e-11,2.5934809855243657e-13,True
interaction,47,C,-7.874811913666235e-13,1.8318679906315083e-14,True
interaction,48,A,-3.7623237858497305e-12,6.927791673660977e-14,True
interaction,48,C,-1.2034817586936697e-13,9.103828801926284e-15,True
interaction,49,A,2.3383961433864897e-11,1.3677947663381929e-13,True
interaction,49,C,-1.0387246618392965e-12,7.438494264988549e-15,True
interaction,50,A,-2.4786395158571395e-11,1.8829382497642655e-13,True
interaction,50,C,-2.499056517279996e-12,2.6673108166619386e-14,True
interaction,51,A,6.535572083521402e-11,1.438849039914203e-13,True
interaction,51,C,1.279976125090343e-12,1.3322676295501878e-14,True
interaction,52,A,-1.525535253676935e-11,1.8740564655672642e-13,True
interaction,52,C,-4.021227795192317e-13,1.4432899320127035e-14,True
interaction,53,A,1.1171508162988175e-11,7.904787935331115e-14,True
interaction,53,C,1.119909720515011e-12,1.9984014443252818e-15,True
interaction,54,A,-7.933209644761519e-12,1.5276668818842154e-13,True
interaction,54,C,-2.672584376028908e-13,9.159339953157541e-15,True
interaction,55,A,3.4363623058197845e-12,1.8829382497642655e-13,True
interaction,55,C,1.0318412790866205e-12,4.163336342344337e-14,True
interaction,56,A,-3.427569339464753e-11,2.922107000813412e-13,True
interaction,56,C,1.7541523789077473e-13,1.6542323066914832e-14,True
interaction,57,A,-4.220623850414995e-12,6.661338147750939e-14,True
interaction,57,C,-4.2865710980777294e-13,2.142730437526552e-14,True
interaction,58,A,-9.182876681279595e-12,1.9628743075372768e-13,True
interaction,58,C,-2.2615243011614439e-13,2.4202861936828413e-14,True
interaction,59,A,-1.212452360732641e-11,1.341149413747189e-13,True
interaction,59,C,-1.1908807273641742e-12,6.966649479522857e-15,True
interaction,60,A,4.671818487622659e-13,2.2293278334473143e-13,True
interaction,60,C,-1.9662049766111522e-13,4.518607710224387e-14,True
interaction,61,A,-1.3866241488358355e-11,2.0872192862952943e-13,True
interaction,61,C,1.9276802376566593e-12,2.7977620220553945e-14,True
interaction,62,A,-1.9033663534173684e-12,1.4566126083082054e-13,True
interaction,62,C,7.34190486184616e-13,1.7263968032921184e-14,True
interaction,63,A,-4.9391601919523964e-12,4.529709940470639e-14,True
interaction,63,C,3.907152379412082e-13,7.743805596760467e-15,True
interaction,64,A,1.2727596754302795e-12,8.704148513061227e-14,True
interaction,64,C,-3.2046587605805144e-13,8.43769498715119e-15,True
interaction,65,A,-2.913225216616411e-13,1.7408297026122455e-13,True
interaction,65,C,-3.193972863968497e-14,1.1678158440275865e-14,True
interaction,66,A,2.6965096822095802e-12,5.595524044110789e-14,True
interaction,66,C,4.440892098500626e-15,3.4416913763379853e-15,True
interaction,67,A,-3.447020446856186e-12,1.3145040611561853e-13,True
interaction,67,C,2.6976199052342054e-12,2.5091040356528538e-14,True
interaction,68,A,-9.188294569639766e-11,1.616484723854228e-13,True
interaction,68,C,-3.1165348080008926e-12,2.2593038551121936e-14,True
interaction,69,A,1.1652012688045943e-11,6.039613253960852e-14,True
interaction,69,C,2.5267565817443938e-12,1.709743457922741e-14,True
interaction,70,A,4.997779967652605e-12,6.838973831690964e-14,True
interaction,70,C,-7.138734048339757e-13,1.5765166949677223e-14,True
interaction,71,A,4.632294547946003e-11,1.6786572132332367e-13,True
interaction,71,C,1.2312650898849142e-12,3.344546861683284e-15,True
interaction,72,A,-1.8172130467064562e-12,1.8118839761882555e-13,True
interaction,72,C,-4.091171845743702e-13,5.88418203051333e-15,True
interaction,73,A,5.4706461583009514e-11,1.7141843500212417e-13,True
interaction,73,C,-3.0585534105398438e-12,1.1546319456101628e-14,True
interaction,74,A,4.779110440722434e-11,3.339550858072471e-13,True
interaction,74,C,-2.286809630547282e-12,1.7735812818386876e-14,True
interaction,75,A,1.5125678487493133e-11,1.6431300764452317e-13,True
interaction,75,C,-7.654987754790454e-13,1.8762769116165146e-14,True
interaction,76,A,-1.170263885796885e-11,2.646771690706373e-13,True
interaction,76,C,9.666711875411238e-13,8.215650382226158e-15,True
interaction,77,A,1.866062859789963e-12,2.4868995751603507e-14,True
interaction,77,C,2.779165786392923e-13,1.1213252548714081e-14,True
interaction,78,A,-9.758416297245276e-12,2.2026824808563106e-13,True
interaction,78,C,7.491784970170556e-13,6.38378239159465e-15,True
interaction,79,A,-6.232347971035779e-12,6.306066779870889e-14,True
interaction,79,C,4.2221781626494703e-13,1.454392162258955e-14,True
interaction,80,A,3.304023721284466e-12,2.4069635173873394e-13,True
interaction,80,C,1.3145040611561853e-13,2.4091839634365897e-14,True
interaction,81,A,3.3502089991088724e-12,9.414691248821327e-14,True
interaction,81,C,1.3125611708630913e-13,2.550737399076297e-14,True
interaction,82,A,-2.758859807272529e-11,3.268496584496461e-13,True
interaction,82,C,2.7111646261346323e-13,3.042011087472929e-14,True
interaction,83,A,6.4934724264276156e-12,2.3714363805993344e-13,True
interaction,83,C,5.438982597638642e-13,1.7763568394002505e-14,True
interaction,84,A,1.4837908679510292e-11,1.1013412404281553e-13,True
interaction,84,C,-6.251943407420413e-13,7.022160630754115e-15,True
interaction,85,A,6.086686710204958e-12,1.163513729807164e-13,True
interaction,85,C,-2.182906633230175e-13,2.506328478091291e-14,True
interaction,86,A,6.768807736534654e-12,1.652011860642233e-13,True
interaction,86,C,-2.9445890170620714e-13,1.3822276656583199e-14,True
interaction,87,A,-2.092992446023345e-11,2.5490720645393594e-13,True
interaction,87,C,4.478917237094038e-13,2.1788126858268697e-14,True
interaction,88,A,-1.5706547173977015e-11,1.0480505352461478e-13,True
interaction,88,C,8.432143872028064e-13,9.381384558082573e-15,True
interaction,89,A,-1.4814816040598089e-12,1.4832579608992091e-13,True
interaction,89,C,3.345657084707909e-13,1.2712053631958042e-14,True
interaction,90,A,-9.631406783228158e-12,1.3589129821411916e-13,True
interaction,90,C,2.5607294062979236e-13,1.8762769116165146e-14,True
interaction,91,A,-4.154898647357186e-12,1.6431300764452317e-13,True
interaction,91,C,-3.752553823233029e-14,2.2093438190040615e-14,True
interaction,92,A,6.66355859380019e-11,7.815970093361102e-14,True
interaction,92,C,-2.170930102352031e-12,7.216449660063518e-15,True
interaction,93,A,4.288125410312205e-12,2.0605739337042905e-13,True
interaction,93,C,-1.18385856673342e-12,2.375877272697835e-14,True
interaction,94,A,-4.156941457722496e-11,6.217248937900877e-14,True
interaction,94,C,2.3079316235907754e-12,3.11972669919669e-14,True
interaction,95,A,-1.8351542507843988e-11,1.8918200339612667e-13,True
interaction,95,C,5.777600620149315e-13,3.197442310920451e-14,True
interaction,96,A,1.1108447495189466e-11,1.9628743075372768e-13,True
interaction,96,C,-3.1413760481768804e-13,2.1788126858268697e-14,True
interaction,97,A,2.191757886293999e-11,3.9968028886505635e-14,True
interaction,97,C,5.194178420708795e-13,1.6431300764452317e-14,True
interaction,98,A,1.6431300764452317e-13,1.2523315717771766e-13,True
interaction,98,C,-1.2976841823331142e-12,1.2573275753879898e-14,True
interaction,99,A,6.553868558967224e-12,1.829647544582258e-13,True
interaction,99,C,-8.107750582020401e-14,1.794571435898007e-14,True
interaction,100,A,2.7471358521324873e-12,2.255973186038318e-13,True
interaction,100,C,7.366329768387914e-13,1.3489209749195652e-14,True
interaction,101,A,-2.048583525038339e-11,1.2168044349891716e-13,True
interaction,101,C,-2.0761170560490427e-13,1.3877787807814457e-14,True
interaction,102,A,9.059419880941277e-14,5.861977570020827e-14,True
interaction,102,C,-4.116151863797768e-13,1.5265566588595902e-14,True
interaction,103,A,3.858247055177344e-12,1.2434497875801753e-13,True
interaction,103,C,5.258016244624741e-13,1.84297022087776e-14,True
interaction,104,A,9.728218230975472e-12,7.283063041541027e-14,True
interaction,104,C,6.411537967210279e-14,8.743006318923108e-15,True
interaction,105,A,-1.0755840662568517e-12,1.8118839761882555e-13,True
interaction,105,C,-3.81084053202585e-13,1.7708057242771247e-14,True
interaction,106,A,1.8598456108520622e-12,2.8954616482224083e-13,True
interaction,106,C,5.5844218138645374e-14,1.8318679906315083e-14,True
interaction,107,A,1.8763657294584846e-11,1.376676550535194e-13,True
interaction,107,C,8.398837181289309e-14,1.1712852909795402e-14,True
interaction,108,A,1.1329603921694797e-11,7.549516567451064e-14,True
interaction,108,C,-3.2926994464332893e-12,2.1094237467877974e-14,True
interaction,109,A,5.2937210170966864e-11,1.2079226507921703e-13,True
interaction,109,C,-9.491296637520463e-13,2.1094237467877974e-14,True
interaction,110,A,-1.1717737891103752e-11,1.2079226507921703e-13,True
interaction,110,C,9.296174940942592e-13,1.27675647831893e-14,True
interaction,111,A,-6.255440609947982e-12,2.389199948993337e-13,True
interaction,111,C,-3.480549182199866e-13,3.630429290524262e-14,True
interaction,112,A,9.963585512196005e-12,1.1901590823981678e-13,True
interaction,112,C,-3.2018832030189515e-13,6.106226635438361e-15,True
interaction,113,A,1.0320633236915455e-12,1.5010215292932116e-13,True
interaction,113,C,4.561906408184768e-13,2.2426505097428162e-14,True
interaction,114,A,1.5428547328610875e-11,2.282618538629322e-13,True
interaction,114,C,-1.5798473640415978e-13,9.43689570931383e-15,True
interaction,115,A,2.992806003021542e-11,1.5543122344752192e-13,True
interaction,115,C,-7.895073483865644e-13,6.966649479522857e-15,True
interaction,116,A,2.2926549547719333e-11,2.3003821070233244e-13,True
interaction,116,C,-1.80855330711438e-13,1.199040866595169e-14,True
interaction,117,A,-1.0657252857981803e-11,3.028688411177427e-13,True
interaction,117,C,5.223599330861362e-13,6.106226635438361e-15,True
interaction,118,A,-7.0921046813055e-12,8.260059303211165e-14,True
interaction,118,C,-2.3525625891807067e-13,3.941291737419306e-15,True
interaction,119,A,-1.1502798713536322e-11,3.375077994860476e-14,True
interaction,119,C,6.420142195651124e-13,1.765254609153999e-14,True
interaction,120,A,-8.233413950620161e-13,3.135269821541442e-13,True
interaction,120,C,4.051203816857196e-13,1.7541523789077473e-14,True
interaction,121,A,1.9893420244443405e-11,8.704148513061227e-14,True
interaction,121,C,-1.0510481374126357e-12,9.658940314238862e-15,True
interaction,122,A,-2.9030111647898593e-11,3.97015753605956e-13,True
interaction,122,C,9.791056854169256e-13,2.786659791809143e-14,True
interaction,123,A,-1.7348789072002546e-11,1.8740564655672642e-13,True
interaction,123,C,-3.652633751016765e-13,4.218847493575595e-15,True
interaction,124,A,4.546407694761001e-11,1.9184653865522705e-13,True
interaction,124,C,-1.7389423234703827e-12,3.594347042223944e-14,True
interaction,125,A,1.0158984764530032e-11,1.0658141036401503e-13,True
interaction,125,C,-2.401523424566676e-12,2.398081733190338e-14,True
interaction,126,A,1.5802470443304628e-11,2.327027459614328e-13,True
interaction,126,C,-2.7533531010703882e-14,1.9317880628477724e-14,True
interaction,127,A,-4.8832937693532585e-11,1.376676550535194e-13,True
interaction,127,C,2.3140794835896372e-12,8.784639682346551e-15,True
interaction,128,A,-4.369837824924616e-13,3.979039320256561e-13,True
interaction,128,C,1.3206102877916237e-13,2.0261570199409107e-14,True
interaction,129,A,-1.1676881683797546e-11,1.6253665080512292e-13,True
interaction,129,C,1.7112977701572163e-12,4.884981308350689e-15,True
interaction,130,A,6.972200594645983e-13,1.127986593019159e-13,True
interaction,130,C,1.3675727217332678e-12,5.329070518200751e-15,True
interaction,131,A,-2.133848653329551e-11,1.652011860642233e-13,True
interaction,131,C,-2.1612711620377922e-12,1.3766765505351941e-14,True
interaction,132,A,2.432543055874703e-11,2.113864638886298e-13,True
interaction,132,C,7.97695243193175e-13,3.3306690738754696e-14,True
interaction,133,A,-8.450573574236842e-11,1.2612133559741778e-13,True
interaction,133,C,1.8949841695814484e-12,1.6209256159527285e-14,True
interaction,134,A,3.667288694941817e-12,8.79296635503124e-14,True
interaction,134,C,8.426592756904938e-13,2.3425705819590803e-14,True
interaction,135,A,-4.511058193656936e-12,1.723066134218243e-13,True
interaction,135,C,-4.9404924595819466e-14,3.0031532816110484e-14,True
interaction,136,A,-2.7697844018348405e-11,1.1812772982011666e-13,True
interaction,136,C,2.379985097888948e-12,4.496403249731884e-14,True
interaction,137,A,6.128431095930864e-13,4.884981308350689e-13,True
interaction,137,C,-2.354783035229957e-13,2.5757174171303632e-14,True
interaction,138,A,-5.184297435789631e-12,1.2878587085651816e-13,True
interaction,138,C,5.056519439272655e-13,2.900110707138026e-14,True
interaction,139,A,5.738520769682509e-12,2.1316282072803006e-14,True
interaction,139,C,-6.036837696399289e-13,1.2656542480726785e-14,True
interaction,140,A,3.860911590436444e-12,1.5276668818842154e-13,True
interaction,140,C,-3.260169911811772e-13,1.4654943925052066e-14,True
interaction,141,A,-4.016165178200026e-11,1.412203687323199e-13,True
interaction,141,C,-1.266431404189916e-12,1.1213252548714081e-14,True
interaction,142,A,3.374189816440776e-11,1.056932319443149e-13,True
interaction,142,C,3.1366576003222235e-13,2.7006175074006933e-14,True
interaction,143,A,4.051869950671971e-12,1.6964207816272392e-13,True
interaction,143,C,-2.3070434451710753e-12,2.220446049250313e-14,True
interaction,144,A,4.4231285301066237e-13,5.666578317686799e-13,False
interaction,144,C,5.91859894427671e-13,5.984102102729594e-14,True
interaction,145,A,-1.865174681370263e-13,2.877698079828406e-13,False
interaction,145,C,-4.2039982606212334e-13,7.764622278472189e-15,True
interaction,146,A,-1.0419221041502169e-11,1.2523315717771766e-13,True
interaction,146,C,9.828526881250355e-13,7.799316747991725e-15,True
interaction,147,A,2.05613304160579e-12,2.646771690706373e-13,True
interaction,147,C,-3.141931159689193e-14,1.6431300764452317e-14,True
interaction,148,A,-1.438849039914203e-13,2.7267077484793845e-13,False
interaction,148,C,-2.5002222514558525e-13,1.432187701766452e-14,True
interaction,149,A,1.8334667117869685e-11,1.6697754290362354e-13,True
interaction,149,C,2.1300738950458253e-12,1.7430501486614958e-14,True
interaction,150,A,-3.966604822380759e-11,1.6964207816272392e-13,True
interaction,150,C,-8.962275366286576e-13,1.3739009929736312e-14,True
interaction,151,A,-1.460520593354886e-11,1.4299672557172016e-13,True
interaction,151,C,2.6405544417684723e-12,5.2513549064769904e-14,True
interaction,152,A,3.320010932839068e-12,4.707345624410664e-13,True
interaction,152,C,-1.6153745008296028e-13,3.985700658404312e-14,True
interaction,153,A,3.2178704145735537e-12,2.540190280342358e-13,True
interaction,153,C,5.36654054528185e-13,1.3350431871117507e-14,True
interaction,154,A,-2.374989094278135e-12,1.2612133559741778e-13,True
interaction,154,C,-5.05914754533876e-14,6.619704784327496e-15,True
interaction,155,A,-5.936584557275637e-12,7.549516567451064e-14,True
interaction,155,C,1.7208456881689926e-14,4.274358644806853e-15,True
interaction,156,A,3.3368863228133705e-12,1.0835776720341528e-13,True
interaction,156,C,2.936539900133539e-14,4.718447854656915e-15,True
interaction,157,A,3.338662679652771e-11,7.638334409421077e-14,True
interaction,157,C,-3.396616321538204e-12,3.8746783559417963e-14,True
interaction,158,A,5.7916338391805766e-11,4.618527782440651e-14,True
interaction,158,C,-1.895400503215683e-12,1.9984014443252818e-14,True
interaction,159,A,1.9823254149287095e-11,1.5365486660812167e-13,True
interaction,159,C,3.6781688805831436e-13,5.284661597215745e-14,True
interaction,160,A,-1.7602808100036782e-11,3.339550858072471e-13,True
interaction,160,C,3.658184866139891e-13,2.2648549702353193e-14,True
interaction,161,A,-1.4232170997274807e-11,1.4477308241112041e-13,True
interaction,161,C,1.0436096431476471e-14,1.9373391779708982e-14,False
interaction,162,A,3.68949315543432e-11,4.947153797729698e-13,True
interaction,162,C,-1.001504434938738e-12,2.223221606811876e-14,True
interaction,163,A,-7.271516722084925e-12,2.5845992013273644e-13,True
interaction,163,C,-3.1241675912951905e-13,3.47499806707674e-14,True
interaction,164,A,1.4708234630234074e-12,6.341593916658894e-13,True
interaction,164,C,3.7547742692822794e-13,5.684341886080802e-14,True
interaction,165,A,-5.567990513100085e-12,3.312905505481467e-13,True
interaction,165,C,-1.421640583032513e-13,8.076872504148014e-15,True
interaction,166,A,1.8554047187535616e-12,2.2293278334473143e-13,True
interaction,166,C,4.280187315686135e-13,1.2045919817182948e-14,True
interaction,167,A,1.49027457041484e-11,2.6290081223123707e-13,True
interaction,167,C,-1.1382873810195093e-12,1.8620521791135047e-14,True
interaction,168,A,4.6842529854984605e-12,5.755396159656812e-13,True
interaction,168,C,1.830391688753806e-13,1.1231221547627082e-14,True
