state_id,serial_id,prediction,metric,n,bias,rmse,p99,max
baseline-best-28,1,analytic,estimation,200,0.000404015143031502,0.0007497051728652768,0.0023642198443805107,0.002833381984637562
baseline-best-28,1,analytic,operator,200,0.0011938920533125998,0.04054855842624704,0.1546079111814862,0.16623020724380383
baseline-best-28,1,analytic,total,200,0.0015979071963441015,0.04065815519672645,0.1562477850013707,0.16693947366928202
baseline-best-28,1,matched,estimation,200,0.00039564614034799444,0.0007356753202911,0.002418223499426997,0.00290941096588071
baseline-best-28,1,matched,operator,200,0.0,0.0,0.0,0.0
baseline-best-28,1,matched,total,200,0.00039564614034799444,0.0007356753202911,0.002418223499426997,0.00290941096588071
baseline-best-28,2,analytic,estimation,200,-0.00043015262966801526,0.0009773787123591104,0.0022069184580224555,0.0022272036007356943
baseline-best-28,2,analytic,operator,200,-0.0009420663585866498,0.038858782116441656,0.15908289871988718,0.20009574390311458
baseline-best-28,2,analytic,total,200,-0.001372218988254665,0.03898972534055896,0.1591462106756072,0.2002952453576501
baseline-best-28,2,matched,estimation,200,-0.0004301024301420008,0.0009808748349986861,0.0021905783494244324,0.002227946853222862
baseline-best-28,2,matched,operator,200,0.0,0.0,0.0,0.0
baseline-best-28,2,matched,total,200,-0.0004301024301420008,0.0009808748349986861,0.0021905783494244324,0.002227946853222862
baseline-best-28,3,analytic,estimation,200,-0.0028099415821442107,0.003010274953895902,0.004529555913252381,0.004593865735861902
baseline-best-28,3,analytic,operator,200,0.0013613293627027373,0.0407409185887607,0.17244946079318207,0.19062384276882627
baseline-best-28,3,analytic,total,200,-0.0014486122194414738,0.04076298438608224,0.17595976384574924,0.18820458890538616
baseline-best-28,3,matched,estimation,200,-0.002816882683530319,0.0030177349391476006,0.004507484882024404,0.0045852962832549915
baseline-best-28,3,matched,operator,200,0.0,0.0,0.0,0.0
baseline-best-28,3,matched,total,200,-0.002816882683530319,0.0030177349391476006,0.004507484882024404,0.0045852962832549915
baseline-best-28,4,analytic,estimation,200,0.001618073373242276,0.0019636557454792663,0.004476008351176564,0.004617669434437532
baseline-best-28,4,analytic,operator,200,0.0012320588220468048,0.03619367412027493,0.1408577342265363,0.16602969739583812
baseline-best-28,4,analytic,total,200,0.0028501321952890805,0.0364359720514952,0.1427140949478729,0.16619851518817996
baseline-best-28,4,matched,estimation,200,0.0016104919110102877,0.00195325430806178,0.004472938761253875,0.004616649083195146
baseline-best-28,4,matched,operator,200,0.0,0.0,0.0,0.0
baseline-best-28,4,matched,total,200,0.0016104919110102877,0.00195325430806178,0.004472938761253875,0.004616649083195146
baseline-best-28,5,analytic,estimation,200,0.0005474311158155785,0.0009119947893094977,0.0025257277865027294,0.00299163076539144
baseline-best-28,5,analytic,operator,200,0.003433265182555945,0.0385688316879302,0.1371760109839927,0.2703432082905851
baseline-best-28,5,analytic,total,200,0.003980696298371524,0.038702101195661684,0.13772514173426068,0.27176097430247925
baseline-best-28,5,matched,estimation,200,0.0005411052950469674,0.0009065099340112519,0.0025839947910890615,0.0030291180275763274
baseline-best-28,5,matched,operator,200,0.0,0.0,0.0,0.0
baseline-best-28,5,matched,total,200,0.0005411052950469674,0.0009065099340112519,0.0025839947910890615,0.0030291180275763274
baseline-best-28,6,analytic,estimation,200,-0.00047796380962307814,0.0008094872997665524,0.0015530036532393487,0.0017367979700613212
baseline-best-28,6,analytic,operator,200,0.0012495408183007218,0.02659329205467769,0.12938369269981623,0.14288246727054202
baseline-best-28,6,analytic,total,200,0.0007715770086776437,0.026649114894921985,0.1288370497926571,0.14242784184994625
baseline-best-28,6,matched,estimation,200,-0.00048430077456378486,0.0008082378279850336,0.0015149518471974655,0.0016146078460388402
baseline-best-28,6,matched,operator,200,0.0,0.0,0.0,0.0
baseline-best-28,6,matched,total,200,-0.00048430077456378486,0.0008082378279850336,0.0015149518471974655,0.0016146078460388402
baseline-best-28,7,analytic,estimation,200,-0.0003796512431155778,0.0005124185594288397,0.0011180952252170667,0.001130601729312758
baseline-best-28,7,analytic,operator,200,0.0003068987238856519,0.01174084164013823,0.05768042216851115,0.08351114490982174
baseline-best-28,7,analytic,total,200,-7.275251922992587e-05,0.011787003999984197,0.05865006563746906,0.08462413192995333
baseline-best-28,7,matched,estimation,200,-0.0003822696200205908,0.0005132136323165849,0.001149364638867792,0.00120635096816199
baseline-best-28,7,matched,operator,200,0.0,0.0,0.0,0.0
baseline-best-28,7,matched,total,200,-0.0003822696200205908,0.0005132136323165849,0.001149364638867792,0.00120635096816199
baseline-best-28,8,analytic,estimation,200,-3.701644311192249e-05,0.00011039522871916758,0.00029576478010018975,0.0005841645233746195
baseline-best-28,8,analytic,operator,200,-0.00029918117459307896,0.005163630723301093,0.027160449197076664,0.03164414804401941
baseline-best-28,8,analytic,total,200,-0.00033619761770500145,0.005169488672333368,0.02701100084591601,0.03167946222772837
baseline-best-28,8,matched,estimation,200,-3.7808606763244406e-05,0.00010781548912481232,0.00029577807016605007,0.0005672960530183901
baseline-best-28,8,matched,operator,200,0.0,0.0,0.0,0.0
baseline-best-28,8,matched,total,200,-3.7808606763244406e-05,0.00010781548912481232,0.00029577807016605007,0.0005672960530183901
baseline-best-28,9,analytic,estimation,200,0.002014968682968203,0.002309401721713505,0.004298323137501336,0.004323413615662908
baseline-best-28,9,analytic,operator,200,-0.0019044316069698952,0.04713794355285309,0.17350272662073685,0.2764896362392272
baseline-best-28,9,analytic,total,200,0.00011053707599830752,0.04719794911222999,0.17264623505190202,0.2758203051838466
baseline-best-28,9,matched,estimation,200,0.002028563168928776,0.0023237320773275816,0.004359641315579754,0.004394947468655097
baseline-best-28,9,matched,operator,200,0.0,0.0,0.0,0.0
baseline-best-28,9,matched,total,200,0.002028563168928776,0.0023237320773275816,0.004359641315579754,0.004394947468655097
baseline-best-28,10,analytic,estimation,200,-0.0009474330924873833,0.0011968590739281644,0.0023366506942714693,0.0026804546235732474
baseline-best-28,10,analytic,operator,200,0.0004182577505309484,0.05369931930283858,0.1978414336079175,0.23352029086938414
baseline-best-28,10,analytic,total,200,-0.000529175341956435,0.053886651663763725,0.2005085024886205,0.23435416067131004
baseline-best-28,10,matched,estimation,200,-0.0009495023513232689,0.0011792498327736843,0.002259818070034225,0.0024088088332179236
baseline-best-28,10,matched,operator,200,0.0,0.0,0.0,0.0
baseline-best-28,10,matched,total,200,-0.0009495023513232689,0.0011792498327736843,0.002259818070034225,0.0024088088332179236
baseline-best-28,11,analytic,estimation,200,-0.0014502198186464826,0.001713838482743637,0.003168273830757462,0.0033163112826643526
baseline-best-28,11,analytic,operator,200,-0.001155453052530404,0.03866868216695601,0.13459545198693895,0.1423858337615227
baseline-best-28,11,analytic,total,200,-0.0026056728711768866,0.038902137868970545,0.13682641266463652,0.14397340737425657
baseline-best-28,11,matched,estimation,200,-0.0014389950232585609,0.0016950330696210909,0.0031044155651060445,0.0034958729493013013
baseline-best-28,11,matched,operator,200,0.0,0.0,0.0,0.0
baseline-best-28,11,matched,total,200,-0.0014389950232585609,0.0016950330696210909,0.0031044155651060445,0.0034958729493013013
baseline-best-28,12,analytic,estimation,200,0.00040153117052119916,0.0008319397368933356,0.0019584307951667768,0.0034777521178104287
baseline-best-28,12,analytic,operator,200,-0.0011162131465490537,0.028987582742667106,0.11739407877258551,0.15594187828111672
baseline-best-28,12,analytic,total,200,-0.0007146819760278546,0.0290779473898362,0.11689016700314536,0.1571177872941929
baseline-best-28,12,matched,estimation,200,0.00040721946542987797,0.0008295933584111151,0.0017243777201252364,0.0036180630007707215
baseline-best-28,12,matched,operator,200,0.0,0.0,0.0,0.0
baseline-best-28,12,matched,total,200,0.00040721946542987797,0.0008295933584111151,0.0017243777201252364,0.0036180630007707215
baseline-best-28,13,analytic,estimation,200,-0.00029227536126947575,0.0007261247013129261,0.0018657550530660205,0.0018949331020114424
baseline-best-28,13,analytic,operator,200,-0.0012446263259320019,0.05419767486142934,0.21157258535375245,0.2917982391822423
baseline-best-28,13,analytic,total,200,-0.0015369016872014774,0.05432667301174695,0.2123604985110113,0.2925950753372807
baseline-best-28,13,matched,estimation,200,-0.0002942164753989396,0.0007159697006045514,0.0017308875939842094,0.0019556488056178267
baseline-best-28,13,matched,operator,200,0.0,0.0,0.0,0.0
baseline-best-28,13,matched,total,200,-0.0002942164753989396,0.0007159697006045514,0.0017308875939842094,0.0019556488056178267
baseline-best-28,14,analytic,estimation,200,0.00016121661333235896,0.0005066748251894244,0.0014382051698369896,0.0014598616642945428
baseline-best-28,14,analytic,operator,200,0.00016322034370002802,0.020829873558470293,0.0799740472714659,0.10550311861954759
baseline-best-28,14,analytic,total,200,0.000324436957032387,0.02086521539094176,0.08040665334835495,0.10571401804499496
baseline-best-28,14,matched,estimation,200,0.00015924829859507102,0.0005079523015307043,0.0014384246388724174,0.0014596632860872302
baseline-best-28,14,matched,operator,200,0.0,0.0,0.0,0.0
baseline-best-28,14,matched,total,200,0.00015924829859507102,0.0005079523015307043,0.0014384246388724174,0.0014596632860872302
baseline-best-28,15,analytic,estimation,200,-0.0003507692674025386,0.0005472744070367267,0.0016561710460233359,0.0017083911389311757
baseline-best-28,15,analytic,operator,200,-0.00122370047064453,0.021936695602222434,0.08275366813622881,0.14873357820201366
baseline-best-28,15,analytic,total,200,-0.0015744697380470688,0.022046966902789407,0.08404519451826187,0.14957402730941433
baseline-best-28,15,matched,estimation,200,-0.00033734030908061575,0.0005254927411342791,0.0016612166334381007,0.001752099176018429
baseline-best-28,15,matched,operator,200,0.0,0.0,0.0,0.0
baseline-best-28,15,matched,total,200,-0.00033734030908061575,0.0005254927411342791,0.0016612166334381007,0.001752099176018429
baseline-best-28,16,analytic,estimation,200,-0.0005046658047592946,0.0005555883610782982,0.0009269287839001605,0.0009674408433091308
baseline-best-28,16,analytic,operator,200,-0.0003252616756898999,0.012301271976041512,0.044108856614791345,0.05195171262536438
baseline-best-28,16,analytic,total,200,-0.0008299274804491945,0.012344705459260502,0.04442523709275811,0.051216804543731786
baseline-best-28,16,matched,estimation,200,-0.000506116922057676,0.0005542187556119583,0.0009226323086809485,0.0009278045856900285
baseline-best-28,16,matched,operator,200,0.0,0.0,0.0,0.0
baseline-best-28,16,matched,total,200,-0.000506116922057676,0.0005542187556119583,0.0009226323086809485,0.0009278045856900285
baseline-best-28,17,analytic,estimation,200,7.465197601482731e-05,0.00024832366096679605,0.0006860769951830825,0.0007716285235562781
baseline-best-28,17,analytic,operator,200,-0.0009570299972527349,0.012079162857239605,0.04957814632487567,0.07445139599977038
baseline-best-28,17,analytic,total,200,-0.0008823780212379076,0.012076796512670079,0.0495216102730994,0.07442106969118481
baseline-best-28,17,matched,estimation,200,8.060518567034153e-05,0.00024611843382859255,0.0006531799308879815,0.0007715064297747487
baseline-best-28,17,matched,operator,200,0.0,0.0,0.0,0.0
baseline-best-28,17,matched,total,200,8.060518567034153e-05,0.00024611843382859255,0.0006531799308879815,0.0007715064297747487
baseline-best-28,18,analytic,estimation,200,0.0003121935734780065,0.00042137089807952477,0.0009347110961483995,0.0010180694132336243
baseline-best-28,18,analytic,operator,200,-0.00025952325963362705,0.008893655591995505,0.047903575254273495,0.05200378051128919
baseline-best-28,18,analytic,total,200,5.267031384437949e-05,0.008895689804709523,0.04855154535268219,0.051691288585500664
baseline-best-28,18,matched,estimation,200,0.0003111334506584881,0.0004191029329365045,0.00093355447192911,0.0010077323215476608
baseline-best-28,18,matched,operator,200,0.0,0.0,0.0,0.0
baseline-best-28,18,matched,total,200,0.0003111334506584881,0.0004191029329365045,0.00093355447192911,0.0010077323215476608
baseline-best-28,19,analytic,estimation,200,-0.0004997998535318937,0.0005374122576697404,0.000888335594563805,0.0008985163949566111
baseline-best-28,19,analytic,operator,200,-0.002616782399225109,0.013506129995786998,0.0621896890517033,0.063466199702458
baseline-best-28,19,analytic,total,200,-0.0031165822527570025,0.013607433649751198,0.06254151139400577,0.06393821279484642
baseline-best-28,19,matched,estimation,200,-0.0004945503713037982,0.0005330205370863507,0.0008766622886942632,0.0009008136846626325
baseline-best-28,19,matched,operator,200,0.0,0.0,0.0,0.0
baseline-best-28,19,matched,total,200,-0.0004945503713037982,0.0005330205370863507,0.0008766622886942632,0.0009008136846626325
baseline-best-28,20,analytic,estimation,200,0.001105177214164332,0.0014876968074378518,0.003222313818393663,0.0033324034533289693
baseline-best-28,20,analytic,operator,200,-0.003308843975716119,0.05641309551562481,0.1795933436592721,0.2213660203063314
baseline-best-28,20,analytic,total,200,-0.0022036667615517873,0.056742128969952586,0.18214678651331678,0.22202812768110494
baseline-best-28,20,matched,estimation,200,0.001093417472682455,0.001425395641828954,0.0027545786004100625,0.0031775325994090053
baseline-best-28,20,matched,operator,200,0.0,0.0,0.0,0.0
baseline-best-28,20,matched,total,200,0.001093417472682455,0.001425395641828954,0.0027545786004100625,0.0031775325994090053
baseline-best-28,21,analytic,estimation,200,0.0002864898423383735,0.0010430127894515094,0.003105525267488529,0.003308058655333568
baseline-best-28,21,analytic,operator,200,7.465679903731861e-05,0.05208950146007629,0.18641822375104966,0.21194773021136393
baseline-best-28,21,analytic,total,200,0.00036114664137569215,0.05228083126504951,0.18657575251597952,0.2126490059767114
baseline-best-28,21,matched,estimation,200,0.00028617215467433563,0.0010216516061674463,0.002870580844035242,0.003111419323496012
baseline-best-28,21,matched,operator,200,0.0,0.0,0.0,0.0
baseline-best-28,21,matched,total,200,0.00028617215467433563,0.0010216516061674463,0.002870580844035242,0.003111419323496012
baseline-best-28,22,analytic,estimation,200,-0.0031242592380715107,0.003358356938643787,0.005210653982796742,0.005457697064541023
baseline-best-28,22,analytic,operator,200,0.0008328845492765447,0.04875452807612329,0.1803488729633167,0.21163595194807522
baseline-best-28,22,analytic,total,200,-0.002291374688794966,0.048816798028607035,0.1832701555541678,0.2153174258734884
baseline-best-28,22,matched,estimation,200,-0.0031305682250633597,0.0033592948209411762,0.0052199688865631755,0.005283450223942943
baseline-best-28,22,matched,operator,200,0.0,0.0,0.0,0.0
baseline-best-28,22,matched,total,200,-0.0031305682250633597,0.0033592948209411762,0.0052199688865631755,0.005283450223942943
baseline-best-28,23,analytic,estimation,200,0.0017679533089798238,0.0020415860047226938,0.003002481418063141,0.0031274401024693477
baseline-best-28,23,analytic,operator,200,0.003094473754020559,0.03781523543494446,0.14505205282889527,0.2649242738080336
baseline-best-28,23,analytic,total,200,0.004862427063000383,0.03792866950546813,0.14788037612045263,0.26591518887660276
baseline-best-28,23,matched,estimation,200,0.0017502137571642471,0.0020284774105345546,0.0030476515228610723,0.003156874902640494
baseline-best-28,23,matched,operator,200,0.0,0.0,0.0,0.0
baseline-best-28,23,matched,total,200,0.0017502137571642471,0.0020284774105345546,0.0030476515228610723,0.003156874902640494
baseline-best-28,24,analytic,estimation,200,0.0008485023134972203,0.0013387580676655136,0.002766208034263029,0.002808287674302745
baseline-best-28,24,analytic,operator,200,-0.00686426106028078,0.05526129364898434,0.20589476144457405,0.22268587350667554
baseline-best-28,24,analytic,total,200,-0.006015758746783561,0.05545032309404036,0.2077174102020184,0.2228062517701658
baseline-best-28,24,matched,estimation,200,0.0008745764351985798,0.0013257483818792637,0.0027933186832407864,0.0027946521244640865
baseline-best-28,24,matched,operator,200,0.0,0.0,0.0,0.0
baseline-best-28,24,matched,total,200,0.0008745764351985798,0.0013257483818792637,0.0027933186832407864,0.0027946521244640865
baseline-best-28,25,analytic,estimation,200,-0.0011920705907663115,0.0013607443177115295,0.0026499186826091092,0.002708326339723288
baseline-best-28,25,analytic,operator,200,0.0019369865635844872,0.043108095347461024,0.2017857987772373,0.24782671689567382
baseline-best-28,25,analytic,total,200,0.0007449159728181759,0.04319842873149453,0.201101237730832,0.24799704837052106
baseline-best-28,25,matched,estimation,200,-0.0012003787696872983,0.001363093425044598,0.0023654252611192868,0.002821865188855105
baseline-best-28,25,matched,operator,200,0.0,0.0,0.0,0.0
baseline-best-28,25,matched,total,200,-0.0012003787696872983,0.001363093425044598,0.0023654252611192868,0.002821865188855105
baseline-best-28,26,analytic,estimation,200,-0.0003884321615788134,0.0008956416466705944,0.002082330183314385,0.0021642572765090407
baseline-best-28,26,analytic,operator,200,0.0049807718756456195,0.059999120586735885,0.27655202240586396,0.3493832953850377
baseline-best-28,26,analytic,total,200,0.004592339714066806,0.06022315378790459,0.27765755706096323,0.35058071669042445
baseline-best-28,26,matched,estimation,200,-0.0004121474869644697,0.0008680098468529566,0.002097525673416034,0.0022096566654128402
baseline-best-28,26,matched,operator,200,0.0,0.0,0.0,0.0
baseline-best-28,26,matched,total,200,-0.0004121474869644697,0.0008680098468529566,0.002097525673416034,0.0022096566654128402
baseline-best-28,27,analytic,estimation,200,0.002541063650964849,0.0026737952479796464,0.003980463348389751,0.0041519257273113785
baseline-best-28,27,analytic,operator,200,-0.0019171431516125906,0.06231678660785412,0.2375570901594615,0.32506479180531267
baseline-best-28,27,analytic,total,200,0.0006239204993522584,0.062395994204366714,0.24112850723548887,0.32179174831464286
baseline-best-28,27,matched,estimation,200,0.002530174959725043,0.002657740926512025,0.003996715670994577,0.004076048040137614
baseline-best-28,27,matched,operator,200,0.0,0.0,0.0,0.0
baseline-best-28,27,matched,total,200,0.002530174959725043,0.002657740926512025,0.003996715670994577,0.004076048040137614
baseline-best-28,28,analytic,estimation,200,-0.004207048688990807,0.004342262560902456,0.005382517219227889,0.005388561213325982
baseline-best-28,28,analytic,operator,200,0.0013690663979458884,0.042890643148598404,0.22022245935050266,0.31748738295163004
baseline-best-28,28,analytic,total,200,-0.002837982291044919,0.0431321619546809,0.22321925345415272,0.32205657871625637
baseline-best-28,28,matched,estimation,200,-0.0042153936325255575,0.00434539085603492,0.0053557035708160505,0.005387989195605014
baseline-best-28,28,matched,operator,200,0.0,0.0,0.0,0.0
baseline-best-28,28,matched,total,200,-0.0042153936325255575,0.00434539085603492,0.0053557035708160505,0.005387989195605014
baseline-best-28,29,analytic,estimation,200,0.001678301426061922,0.0018254963619378668,0.002943562440859915,0.003091553656042967
baseline-best-28,29,analytic,operator,200,-0.0032128247378702722,0.049786546828697736,0.21440827640615284,0.25151503428363625
baseline-best-28,29,analytic,total,200,-0.00153452331180835,0.04988063071825151,0.21676184122785674,0.2500590336490011
baseline-best-28,29,matched,estimation,200,0.0016832899751362993,0.0018196946973976706,0.0029159370116896843,0.0030901710082453793
baseline-best-28,29,matched,operator,200,0.0,0.0,0.0,0.0
baseline-best-28,29,matched,total,200,0.0016832899751362993,0.0018196946973976706,0.0029159370116896843,0.0030901710082453793
baseline-best-28,30,analytic,estimation,200,0.001617567393054613,0.001773929097356645,0.002935560617294941,0.0030879252541652358
baseline-best-28,30,analytic,operator,200,0.005017222233852466,0.046536494963177355,0.23816218648571852,0.244330822287617
baseline-best-28,30,analytic,total,200,0.0066347896269070795,0.04692714628660018,0.2368259329311559,0.24731464406482534
baseline-best-28,30,matched,estimation,200,0.0015959090931495967,0.0017452789847177937,0.0027711797186339426,0.002815721629183976
baseline-best-28,30,matched,operator,200,0.0,0.0,0.0,0.0
baseline-best-28,30,matched,total,200,0.0015959090931495967,0.0017452789847177937,0.0027711797186339426,0.002815721629183976
baseline-best-28,31,analytic,estimation,200,0.0012776300976792452,0.0016534577983770555,0.0031811676868009897,0.0032769016843696153
baseline-best-28,31,analytic,operator,200,-0.0009941374591640548,0.05328505023389898,0.17795058137655795,0.24433651584130692
baseline-best-28,31,analytic,total,200,0.0002834926385151903,0.05340531932243618,0.1777595615774964,0.2453296951420495
baseline-best-28,31,matched,estimation,200,0.0013014013005919378,0.0016488168970090534,0.0032826214210900373,0.003335878114933022
baseline-best-28,31,matched,operator,200,0.0,0.0,0.0,0.0
baseline-best-28,31,matched,total,200,0.0013014013005919378,0.0016488168970090534,0.0032826214210900373,0.003335878114933022
baseline-best-28,32,analytic,estimation,200,0.003612491222194333,0.00393392022662651,0.006136019726836112,0.006143949247078895
baseline-best-28,32,analytic,operator,200,-0.0016618694545160798,0.054084728450513556,0.2051143081233568,0.27283570525728784
baseline-best-28,32,analytic,total,200,0.001950621767678253,0.054204747741551734,0.20017231493814358,0.2755957577584237
baseline-best-28,32,matched,estimation,200,0.0036075915858660747,0.003935290265647989,0.006159911258351733,0.006232342066154112
baseline-best-28,32,matched,operator,200,0.0,0.0,0.0,0.0
baseline-best-28,32,matched,total,200,0.0036075915858660747,0.003935290265647989,0.006159911258351733,0.006232342066154112
baseline-best-28,33,analytic,estimation,200,-0.004287939955427063,0.00447032533570358,0.006597172293198256,0.006765514012443907
baseline-best-28,33,analytic,operator,200,0.0012437503717093984,0.04377219583168213,0.1717485817943572,0.23560040057712628
baseline-best-28,33,analytic,total,200,-0.0030441895837176654,0.043803480523502226,0.17479982476722422,0.22917794747283426
baseline-best-28,33,matched,estimation,200,-0.004285147148034918,0.004464738602122549,0.0065963555425732345,0.006707602866391264
baseline-best-28,33,matched,operator,200,0.0,0.0,0.0,0.0
baseline-best-28,33,matched,total,200,-0.004285147148034918,0.004464738602122549,0.0065963555425732345,0.006707602866391264
baseline-best-28,34,analytic,estimation,200,0.002655386043426738,0.0029437039541584963,0.004830055645401399,0.00488731207150872
baseline-best-28,34,analytic,operator,200,-0.0007080176173343726,0.020318086783185557,0.10239912266312545,0.12836780959897565
baseline-best-28,34,analytic,total,200,0.0019473684260923655,0.020427742298663305,0.10572539104789896,0.1308417916552207
baseline-best-28,34,matched,estimation,200,0.0026556661607923856,0.002934988022042632,0.004821340893394921,0.004886850685095978
baseline-best-28,34,matched,operator,200,0.0,0.0,0.0,0.0
baseline-best-28,34,matched,total,200,0.0026556661607923856,0.002934988022042632,0.004821340893394921,0.004886850685095978
baseline-best-28,35,analytic,estimation,200,-0.0021613352703730385,0.002392677903827791,0.004349014198940834,0.004461354347706836
baseline-best-28,35,analytic,operator,200,-0.007814982862601101,0.052058531994864966,0.20339267982294712,0.27141922121099693
baseline-best-28,35,analytic,total,200,-0.00997631813297414,0.05268991471384518,0.20707051763557766,0.2750855264789371
baseline-best-28,35,matched,estimation,200,-0.0021029882324494916,0.002322548578073799,0.004150597315661364,0.0044053947834120505
baseline-best-28,35,matched,operator,200,0.0,0.0,0.0,0.0
baseline-best-28,35,matched,total,200,-0.0021029882324494916,0.002322548578073799,0.004150597315661364,0.0044053947834120505
baseline-best-28,36,analytic,estimation,200,0.000989950530121945,0.0013094734186655918,0.002697590562416252,0.00282446713528528
baseline-best-28,36,analytic,operator,200,-0.0041134775382526715,0.024947034657272108,0.08495746438053192,0.1897672773834368
baseline-best-28,36,analytic,total,200,-0.003123527008130727,0.024694436239117344,0.08329553829344055,0.1896021498229653
baseline-best-28,36,matched,estimation,200,0.0009515419626629618,0.0012685106259138783,0.002699717013371572,0.0027772908912322425
baseline-best-28,36,matched,operator,200,0.0,0.0,0.0,0.0
baseline-best-28,36,matched,total,200,0.0009515419626629618,0.0012685106259138783,0.002699717013371572,0.0027772908912322425
baseline-best-28,37,analytic,estimation,200,-0.00032661573334414706,0.0005132651184825848,0.0012598295810770377,0.001334453922675588
baseline-best-28,37,analytic,operator,200,-0.0008763945395328281,0.016816713301523234,0.06041627288826812,0.09762455210394638
baseline-best-28,37,analytic,total,200,-0.0012030102728769752,0.016814659756181564,0.06076366925586413,0.09811512199362687
baseline-best-28,37,matched,estimation,200,-0.0003263629125881751,0.0005026854142778105,0.0013212405824167273,0.0013514222906404333
baseline-best-28,37,matched,operator,200,0.0,0.0,0.0,0.0
baseline-best-28,37,matched,total,200,-0.0003263629125881751,0.0005026854142778105,0.0013212405824167273,0.0013514222906404333
baseline-best-28,38,analytic,estimation,200,-0.0005678537557741082,0.0007062462609195388,0.0016429299041176293,0.001764787891911812
baseline-best-28,38,analytic,operator,200,-0.0013496868166818926,0.021028526548693225,0.065812704329093,0.24055759111846683
baseline-best-28,38,analytic,total,200,-0.001917540572456001,0.021055502054302327,0.06489293328408433,0.24152032202049864
baseline-best-28,38,matched,estimation,200,-0.0005612367828358148,0.0006980910723117331,0.0016228106666362763,0.0017261197272504525
baseline-best-28,38,matched,operator,200,0.0,0.0,0.0,0.0
baseline-best-28,38,matched,total,200,-0.0005612367828358148,0.0006980910723117331,0.0016228106666362763,0.0017261197272504525
baseline-best-28,39,analytic,estimation,200,-9.146316689116322e-05,0.00022636087697844494,0.00048234837171051703,0.0005460181776271167
baseline-best-28,39,analytic,operator,200,0.0009516764089461952,0.009190470090915658,0.040536334374545985,0.04864221008096095
baseline-best-28,39,analytic,total,200,0.0008602132420550319,0.009177194166916822,0.04018784588719554,0.048803624026436454
baseline-best-28,39,matched,estimation,200,-9.551957957005625e-05,0.00022124720381335288,0.0005075467984309023,0.0005458889882604678
baseline-best-28,39,matched,operator,200,0.0,0.0,0.0,0.0
baseline-best-28,39,matched,total,200,-9.551957957005625e-05,0.00022124720381335288,0.0005075467984309023,0.0005458889882604678
baseline-best-28,40,analytic,estimation,200,0.00023224373238617382,0.00031762922946643787,0.0007485689921473693,0.0007756621778224337
baseline-best-28,40,analytic,operator,200,0.00014536483912698083,0.008214547752136453,0.04521847432083869,0.0713476287460253
baseline-best-28,40,analytic,total,200,0.0003776085715131547,0.008226679325028297,0.04497297416180022,0.07170775983550548
baseline-best-28,40,matched,estimation,200,0.00023067232701982294,0.0003139822045325906,0.0007312273476968167,0.0007529470483822465
baseline-best-28,40,matched,operator,200,0.0,0.0,0.0,0.0
baseline-best-28,40,matched,total,200,0.00023067232701982294,0.0003139822045325906,0.0007312273476968167,0.0007529470483822465
baseline-best-28,41,analytic,estimation,200,0.00047379436787172867,0.0011271069189394598,0.002644956287587208,0.0027642065230348845
baseline-best-28,41,analytic,operator,200,0.003752555628152921,0.05173806362625335,0.18290157260365744,0.2523315993015669
baseline-best-28,41,analytic,total,200,0.00422634999602465,0.05185361486204147,0.18375034546545235,0.25333430582198946
baseline-best-28,41,matched,estimation,200,0.0004497091293988951,0.001089128937321789,0.002588613834240805,0.0027502928742967336
baseline-best-28,41,matched,operator,200,0.0,0.0,0.0,0.0
baseline-best-28,41,matched,total,200,0.0004497091293988951,0.001089128937321789,0.002588613834240805,0.0027502928742967336
baseline-best-28,42,analytic,estimation,200,0.0006617458404532637,0.0012357849595792327,0.002745394092630332,0.002846439630257741
baseline-best-28,42,analytic,operator,200,0.002737704513438361,0.07570444454983727,0.2508942611089311,0.3097262025309949
baseline-best-28,42,analytic,total,200,0.003399450353891625,0.0759032820777409,0.2511762839742404,0.3105125144053359
baseline-best-28,42,matched,estimation,200,0.0006426228083661285,0.0011910659680246928,0.0023634905278779317,0.002729755561177938
baseline-best-28,42,matched,operator,200,0.0,0.0,0.0,0.0
baseline-best-28,42,matched,total,200,0.0006426228083661285,0.0011910659680246928,0.0023634905278779317,0.002729755561177938
baseline-best-28,43,analytic,estimation,200,-0.0015697104144532146,0.0019806098938210293,0.004276996802384803,0.004332142407865058
baseline-best-28,43,analytic,operator,200,-0.0023907887702107468,0.04658781522720324,0.18908160516796452,0.24704862169916875
baseline-best-28,43,analytic,total,200,-0.0039604991846639605,0.04673663658073748,0.1917538282651166,0.2463791538801079
baseline-best-28,43,matched,estimation,200,-0.0015622724753171485,0.001969269095001414,0.004243635025890202,0.004564044313031257
baseline-best-28,43,matched,operator,200,0.0,0.0,0.0,0.0
baseline-best-28,43,matched,total,200,-0.0015622724753171485,0.001969269095001414,0.004243635025890202,0.004564044313031257
baseline-best-28,44,analytic,estimation,200,-0.0007687147270411737,0.001297751807886914,0.0048965025895616465,0.005007920402800514
baseline-best-28,44,analytic,operator,200,0.0028993964562542885,0.04577066558587841,0.15435807181066336,0.18058825816408547
baseline-best-28,44,analytic,total,200,0.0021306817292131145,0.045889233302841975,0.15936599221346387,0.18548476075364712
baseline-best-28,44,matched,estimation,200,-0.0007650743956386985,0.001265959386047952,0.004763211467216311,0.005045683523450029
baseline-best-28,44,matched,operator,200,0.0,0.0,0.0,0.0
baseline-best-28,44,matched,total,200,-0.0007650743956386985,0.001265959386047952,0.004763211467216311,0.005045683523450029
baseline-best-28,45,analytic,estimation,200,4.601925075745028e-05,0.0006402283867868691,0.001871786909633466,0.00190127423596953
baseline-best-28,45,analytic,operator,200,-0.004568573343897636,0.05705733280374616,0.21532615186563855,0.2842587667742223
baseline-best-28,45,analytic,total,200,-0.0045225540931401855,0.05716695628429115,0.21533419276998458,0.2844775876261716
baseline-best-28,45,matched,estimation,200,5.341119848953935e-05,0.0006355269566598242,0.0018668182401763433,0.0019254350123708228
baseline-best-28,45,matched,operator,200,0.0,0.0,0.0,0.0
baseline-best-28,45,matched,total,200,5.341119848953935e-05,0.0006355269566598242,0.0018668182401763433,0.0019254350123708228
baseline-best-28,46,analytic,estimation,200,-0.00239182263338131,0.0024647136098100314,0.003256667836860183,0.0037555436798332176
baseline-best-28,46,analytic,operator,200,0.0015214423866931508,0.027126828981569123,0.13848119702267203,0.18677898687208772
baseline-best-28,46,analytic,total,200,-0.0008703802466881591,0.027115328889386687,0.14083054193176775,0.1851562704474522
baseline-best-28,46,matched,estimation,200,-0.0023856993850936707,0.0024558647175960424,0.003256551285721332,0.0036647563304839093
baseline-best-28,46,matched,operator,200,0.0,0.0,0.0,0.0
baseline-best-28,46,matched,total,200,-0.0023856993850936707,0.0024558647175960424,0.003256551285721332,0.0036647563304839093
baseline-best-28,47,analytic,estimation,200,0.0006612590741188043,0.0008645461763375165,0.0024315504320207015,0.0024617845143138917
baseline-best-28,47,analytic,operator,200,0.0007109175228794582,0.04325021594942511,0.2185899969183644,0.2809220150136617
baseline-best-28,47,analytic,total,200,0.0013721765969982624,0.043326320305412724,0.2196036063716536,0.2823225860023038
baseline-best-28,47,matched,estimation,200,0.000665705124956097,0.0008657554420194785,0.002428252539529774,0.0026057087903554876
baseline-best-28,47,matched,operator,200,0.0,0.0,0.0,0.0
baseline-best-28,47,matched,total,200,0.000665705124956097,0.0008657554420194785,0.002428252539529774,0.0026057087903554876
baseline-best-28,48,analytic,estimation,200,0.0008737209014122251,0.0009874364543980428,0.0018937119910411582,0.0019159246802856744
baseline-best-28,48,analytic,operator,200,-0.0031934713359301706,0.03216962010125844,0.1731214539644393,0.19365338182051633
baseline-best-28,48,analytic,total,200,-0.002319750434517946,0.032173101919117764,0.1731214539644393,0.19481479693334236
baseline-best-28,48,matched,estimation,200,0.0008822542990854044,0.000989781655484508,0.001889016749157535,0.0019157572557461089
baseline-best-28,48,matched,operator,200,0.0,0.0,0.0,0.0
baseline-best-28,48,matched,total,200,0.0008822542990854044,0.000989781655484508,0.001889016749157535,0.0019157572557461089
baseline-best-28,49,analytic,estimation,200,0.0014352867546155923,0.0017831572111050025,0.0034854734004211574,0.0035563890854247715
baseline-best-28,49,analytic,operator,200,7.183575672132699e-05,0.054908855465449255,0.18680662609022175,0.19461915241847366
baseline-best-28,49,analytic,total,200,0.001507122511336919,0.05488988467753763,0.18712751802656086,0.19492292446195073
baseline-best-28,49,matched,estimation,200,0.0014361803391733496,0.0017859224457682313,0.0034257980668723764,0.0034517249829987273
baseline-best-28,49,matched,operator,200,0.0,0.0,0.0,0.0
baseline-best-28,49,matched,total,200,0.0014361803391733496,0.0017859224457682313,0.0034257980668723764,0.0034517249829987273
baseline-best-28,50,analytic,estimation,200,-0.001084354086758227,0.0012738350860865679,0.002203964529542482,0.002313182845109618
baseline-best-28,50,analytic,operator,200,-0.0015935478179512847,0.057627951532299354,0.17887624340031577,0.32281228594816513
baseline-best-28,50,analytic,total,200,-0.0026779019047095116,0.057672499056924856,0.18004593436754923,0.32410034426847
baseline-best-28,50,matched,estimation,200,-0.0010845513373257253,0.0012757364239942572,0.0022033935466679033,0.002359612915191378
baseline-best-28,50,matched,operator,200,0.0,0.0,0.0,0.0
baseline-best-28,50,matched,total,200,-0.0010845513373257253,0.0012757364239942572,0.0022033935466679033,0.002359612915191378
baseline-best-28,51,analytic,estimation,200,-0.0005130530934457078,0.0009104608337629846,0.0021606983214631226,0.003668397754730046
baseline-best-28,51,analytic,operator,200,0.0023452242629926315,0.05000060434917729,0.1999095438924947,0.2494679664871189
baseline-best-28,51,analytic,total,200,0.0018321711695469237,0.05003465622214105,0.19973367878872206,0.24845972766771884
baseline-best-28,51,matched,estimation,200,-0.0005100133246932758,0.0009063753312171499,0.00236296126811128,0.002721148835065884
baseline-best-28,51,matched,operator,200,0.0,0.0,0.0,0.0
baseline-best-28,51,matched,total,200,-0.0005100133246932758,0.0009063753312171499,0.00236296126811128,0.002721148835065884
baseline-best-28,52,analytic,estimation,200,0.0006703358733238881,0.0011815032068959762,0.004644443716492752,0.00486173156566283
baseline-best-28,52,analytic,operator,200,-0.003466722777662798,0.03518895216121654,0.1270889512582827,0.18852272889903146
baseline-best-28,52,analytic,total,200,-0.0027963869043389094,0.035240901509876486,0.12675333465171143,0.18884147511326232
baseline-best-28,52,matched,estimation,200,0.0006823016456397745,0.0011949369078264795,0.004805266954210463,0.005041066664607907
baseline-best-28,52,matched,operator,200,0.0,0.0,0.0,0.0
baseline-best-28,52,matched,total,200,0.0006823016456397745,0.0011949369078264795,0.004805266954210463,0.005041066664607907
baseline-best-28,53,analytic,estimation,200,4.42499240758288e-05,0.0017473677629270157,0.007773765492669504,0.008196577229226065
baseline-best-28,53,analytic,operator,200,-0.010358311604646482,0.07373375667197234,0.26520140892068994,0.3044555180625509
baseline-best-28,53,analytic,total,200,-0.010314061680570655,0.07376270827422082,0.26528455936737244,0.30461081948031377
baseline-best-28,53,matched,estimation,200,6.343225044440812e-05,0.0017466514761533731,0.007761066537700589,0.00819709499814647
baseline-best-28,53,matched,operator,200,0.0,0.0,0.0,0.0
baseline-best-28,53,matched,total,200,6.343225044440812e-05,0.0017466514761533731,0.007761066537700589,0.00819709499814647
baseline-best-28,54,analytic,estimation,200,0.0005594035412363017,0.0009218169809275495,0.0023571653220536004,0.002530579420993384
baseline-best-28,54,analytic,operator,200,-0.002980386508109022,0.05500930915371019,0.22396757247072757,0.30965813517456536
baseline-best-28,54,analytic,total,200,-0.0024209829668727203,0.05510047983850701,0.22375630471964625,0.3118127593969558
baseline-best-28,54,matched,estimation,200,0.0005686886545135742,0.0009207449225444833,0.0023639945556507835,0.002654892142478993
baseline-best-28,54,matched,operator,200,0.0,0.0,0.0,0.0
baseline-best-28,54,matched,total,200,0.0005686886545135742,0.0009207449225444833,0.0023639945556507835,0.002654892142478993
baseline-best-28,55,analytic,estimation,200,-0.002468692523105195,0.002536334798694223,0.004251426332980923,0.004498031688183413
baseline-best-28,55,analytic,operator,200,-0.0033005965328359345,0.022033045380635045,0.06042153725636612,0.19593093239300396
baseline-best-28,55,analytic,total,200,-0.005769289055941129,0.022547866742879726,0.06200968940575158,0.20042896408118738
baseline-best-28,55,matched,estimation,200,-0.002455475151143997,0.0025229580161553397,0.0039003732691771376,0.004567634215612459
baseline-best-28,55,matched,operator,200,0.0,0.0,0.0,0.0
baseline-best-28,55,matched,total,200,-0.002455475151143997,0.0025229580161553397,0.0039003732691771376,0.004567634215612459
baseline-best-28,56,analytic,estimation,200,0.0016675069705862939,0.001773587338113784,0.0028811385102831544,0.0029417521210853836
baseline-best-28,56,analytic,operator,200,0.0036692156488857186,0.03149085305245837,0.14391968482457734,0.23372889685995846
baseline-best-28,56,analytic,total,200,0.005336722619472012,0.031733661297192114,0.14562239255330778,0.2357143693554586
baseline-best-28,56,matched,estimation,200,0.0016550486506501463,0.0017644532351898923,0.002880447634537542,0.0029418952818969224
baseline-best-28,56,matched,operator,200,0.0,0.0,0.0,0.0
baseline-best-28,56,matched,total,200,0.0016550486506501463,0.0017644532351898923,0.002880447634537542,0.0029418952818969224
baseline-best-28,57,analytic,estimation,200,0.0008912754219902144,0.0011313431802390406,0.002337309138343513,0.0024837317473334064
baseline-best-28,57,analytic,operator,200,0.0036668473479538975,0.03396628636676274,0.16369156227041182,0.18992560342290057
baseline-best-28,57,analytic,total,200,0.0045581227699441115,0.03422717750470297,0.16591052097279946,0.19214017731043678
baseline-best-28,57,matched,estimation,200,0.0008728133970512545,0.0011068700748128315,0.002256865213060344,0.002474750210443577
baseline-best-28,57,matched,operator,200,0.0,0.0,0.0,0.0
baseline-best-28,57,matched,total,200,0.0008728133970512545,0.0011068700748128315,0.002256865213060344,0.002474750210443577
baseline-best-28,58,analytic,estimation,200,0.0013563650452493175,0.0020030901366575675,0.004583139304149331,0.0046475979439573045
baseline-best-28,58,analytic,operator,200,-0.0027911279156639457,0.06089648027287295,0.19423539289463287,0.3483527896978236
baseline-best-28,58,analytic,total,200,-0.0014347628704146282,0.06128447600255108,0.19821741128416737,0.34898280958909356
baseline-best-28,58,matched,estimation,200,0.0013757396737273473,0.0019409214774570686,0.00437307491798955,0.00474997497085583
baseline-best-28,58,matched,operator,200,0.0,0.0,0.0,0.0
baseline-best-28,58,matched,total,200,0.0013757396737273473,0.0019409214774570686,0.00437307491798955,0.00474997497085583
baseline-best-28,59,analytic,estimation,200,0.0006149815034917261,0.0014859049433139607,0.003221045039945983,0.0033274762147117998
baseline-best-28,59,analytic,operator,200,-0.007488343045208343,0.056687899814453616,0.21726226579610516,0.28866547957335664
baseline-best-28,59,analytic,total,200,-0.0068733615417166175,0.05671978117231644,0.2171027924214393,0.28913969314188215
baseline-best-28,59,matched,estimation,200,0.0006469783804005434,0.001503978619847995,0.0032210310897991673,0.0033402363509865696
baseline-best-28,59,matched,operator,200,0.0,0.0,0.0,0.0
baseline-best-28,59,matched,total,200,0.0006469783804005434,0.001503978619847995,0.0032210310897991673,0.0033402363509865696
baseline-best-28,60,analytic,estimation,200,-0.005603177445805125,0.005846280086555767,0.009818494934322075,0.009965104152161564
baseline-best-28,60,analytic,operator,200,-0.0012246175419389754,0.04239460499219053,0.18640784987061992,0.20617293535707631
baseline-best-28,60,analytic,total,200,-0.0068277949877441,0.042844994989628085,0.18358816606214834,0.21064106640055885
baseline-best-28,60,matched,estimation,200,-0.005591797760310661,0.005836305172599172,0.009647559910063164,0.009976944054451709
baseline-best-28,60,matched,operator,200,0.0,0.0,0.0,0.0
baseline-best-28,60,matched,total,200,-0.005591797760310661,0.005836305172599172,0.009647559910063164,0.009976944054451709
baseline-best-28,61,analytic,estimation,200,0.002602811386001128,0.0030086536827665677,0.00551077214256801,0.005784408659231355
baseline-best-28,61,analytic,operator,200,0.0008043199466524161,0.03367758810628925,0.14175468157158158,0.1755519874657134
baseline-best-28,61,analytic,total,200,0.0034071313326535448,0.03415127889359128,0.13985174349605176,0.1799658657879066
baseline-best-28,61,matched,estimation,200,0.002599500923672046,0.002988958222429597,0.005391568518322509,0.0060052953279620125
baseline-best-28,61,matched,operator,200,0.0,0.0,0.0,0.0
baseline-best-28,61,matched,total,200,0.002599500923672046,0.002988958222429597,0.005391568518322509,0.0060052953279620125
baseline-best-28,62,analytic,estimation,200,0.0014078457715805614,0.0020195733864357937,0.004307194382551227,0.004322462202960731
baseline-best-28,62,analytic,operator,200,-0.0037581700393067964,0.05038107430513459,0.1722378250530197,0.19972626422471915
baseline-best-28,62,analytic,total,200,-0.002350324267726235,0.05068306566907201,0.17395181659333486,0.2023810868311409
baseline-best-28,62,matched,estimation,200,0.0014162051481722063,0.0019690906525878468,0.004303753358800233,0.004539414911792439
baseline-best-28,62,matched,operator,200,0.0,0.0,0.0,0.0
baseline-best-28,62,matched,total,200,0.0014162051481722063,0.0019690906525878468,0.004303753358800233,0.004539414911792439
baseline-best-28,63,analytic,estimation,200,0.00025828291679874817,0.000483560957611823,0.001081071471678574,0.0014749746465451685
baseline-best-28,63,analytic,operator,200,-0.0004906985018901396,0.021089644263080222,0.07187830007569324,0.19575768235483337
baseline-best-28,63,analytic,total,200,-0.00023241558509139144,0.021126529581074107,0.07212956025226977,0.1958040069566176
baseline-best-28,63,matched,estimation,200,0.00026255273562719137,0.00048088273077524237,0.0010813635871456118,0.0017010434802620655
baseline-best-28,63,matched,operator,200,0.0,0.0,0.0,0.0
baseline-best-28,63,matched,total,200,0.00026255273562719137,0.00048088273077524237,0.0010813635871456118,0.0017010434802620655
baseline-best-28,64,analytic,estimation,200,-0.00021654204599000742,0.00028140237973234576,0.0004986121385874565,0.0005018382507024771
baseline-best-28,64,analytic,operator,200,0.0008573358526045661,0.01826703004234429,0.0686846231000103,0.09492943768291887
baseline-best-28,64,analytic,total,200,0.0006407938066145586,0.01823965524391268,0.06872784018495676,0.09443082554433141
baseline-best-28,64,matched,estimation,200,-0.0002136942149471867,0.0002736459453722471,0.0005110141196647128,0.0005202320944975858
baseline-best-28,64,matched,operator,200,0.0,0.0,0.0,0.0
baseline-best-28,64,matched,total,200,-0.0002136942149471867,0.0002736459453722471,0.0005110141196647128,0.0005202320944975858
baseline-best-28,65,analytic,estimation,200,0.0007042317485660678,0.0007560651489881548,0.0010431587559098232,0.0010548040073598552
baseline-best-28,65,analytic,operator,200,0.0012019390266043576,0.012854003963438955,0.04710187067454611,0.07873703461166315
baseline-best-28,65,analytic,total,200,0.0019061707751704255,0.012874658020791943,0.04710187067454611,0.07871002070423638
baseline-best-28,65,matched,estimation,200,0.0007060264652636952,0.0007559740229184908,0.0010432997932446897,0.0010546724944579533
baseline-best-28,65,matched,operator,200,0.0,0.0,0.0,0.0
baseline-best-28,65,matched,total,200,0.0007060264652636952,0.0007559740229184908,0.0010432997932446897,0.0010546724944579533
baseline-best-28,66,analytic,estimation,200,-0.00021627544187014094,0.0002826290698385926,0.0004753952788086463,0.0004809467368482312
baseline-best-28,66,analytic,operator,200,-0.0003273496515895314,0.008832229142787546,0.03735628888777551,0.05134650133823768
baseline-best-28,66,analytic,total,200,-0.0005436250934596723,0.008802746998119037,0.037432393241410546,0.051453664271362914
baseline-best-28,66,matched,estimation,200,-0.000218250177872138,0.00028061287360222725,0.0004894191311907853,0.0005113425723734244
baseline-best-28,66,matched,operator,200,0.0,0.0,0.0,0.0
baseline-best-28,66,matched,total,200,-0.000218250177872138,0.00028061287360222725,0.0004894191311907853,0.0005113425723734244
baseline-best-28,67,analytic,estimation,200,0.004900369177981698,0.0052562232628511184,0.008040223032848903,0.00821336308708509
baseline-best-28,67,analytic,operator,200,0.006538994322968992,0.053241554781070136,0.18732534409738777,0.2207047150675914
baseline-best-28,67,analytic,total,200,0.01143936350095069,0.05417518374117333,0.19309436929302354,0.22454723024365614
baseline-best-28,67,matched,estimation,200,0.004898226187024194,0.005253340749653918,0.007841591019806748,0.008037538951801038
baseline-best-28,67,matched,operator,200,0.0,0.0,0.0,0.0
baseline-best-28,67,matched,total,200,0.004898226187024194,0.005253340749653918,0.007841591019806748,0.008037538951801038
baseline-best-28,68,analytic,estimation,200,-0.0028956059344537183,0.0032342615664000198,0.005432576813326928,0.00556761287478616
baseline-best-28,68,analytic,operator,200,0.0037605690622248937,0.05598099209030501,0.21614449862167148,0.22628902250937488
baseline-best-28,68,analytic,total,200,0.0008649631277711758,0.05612129540909173,0.21359677345097253,0.22493125211157866
baseline-best-28,68,matched,estimation,200,-0.0029010090442488563,0.003226922603295301,0.005501588110051636,0.005523216453260732
baseline-best-28,68,matched,operator,200,0.0,0.0,0.0,0.0
baseline-best-28,68,matched,total,200,-0.0029010090442488563,0.003226922603295301,0.005501588110051636,0.005523216453260732
baseline-best-28,69,analytic,estimation,200,-0.002306268262762732,0.0028989696631180452,0.005654928268167492,0.0060957106170715925
baseline-best-28,69,analytic,operator,200,-0.00034726965368750016,0.04274991128877518,0.1427797655769636,0.1665796725201839
baseline-best-28,69,analytic,total,200,-0.002653537916450232,0.043018122431669116,0.14145143608768573,0.16495173188534984
baseline-best-28,69,matched,estimation,200,-0.002338622674071601,0.0029161660844938824,0.005602027048942748,0.0061123938698797176
baseline-best-28,69,matched,operator,200,0.0,0.0,0.0,0.0
baseline-best-28,69,matched,total,200,-0.002338622674071601,0.0029161660844938824,0.005602027048942748,0.0061123938698797176
baseline-best-28,70,analytic,estimation,200,0.0005878336324061376,0.0010483489317123272,0.0024292689354128427,0.0030772552108209172
baseline-best-28,70,analytic,operator,200,0.0017928901452360952,0.05047927159874339,0.19703513860342386,0.23361532523453127
baseline-best-28,70,analytic,total,200,0.0023807237776422327,0.05057691227717667,0.1977355419811399,0.2346587486422178
baseline-best-28,70,matched,estimation,200,0.0005677202042440547,0.0010265134599643639,0.0024939400213137564,0.0030760407246452903
baseline-best-28,70,matched,operator,200,0.0,0.0,0.0,0.0
baseline-best-28,70,matched,total,200,0.0005677202042440547,0.0010265134599643639,0.0024939400213137564,0.0030760407246452903
baseline-best-28,71,analytic,estimation,200,0.001094861418496247,0.0016252139355681582,0.003584105885630212,0.0037582210828100426
baseline-best-28,71,analytic,operator,200,0.002114505836699832,0.041776006307672565,0.14573127221181326,0.1986876150362551
baseline-best-28,71,analytic,total,200,0.003209367255196079,0.042005256585363214,0.14609714533680326,0.1988029589197241
baseline-best-28,71,matched,estimation,200,0.0011231382527426407,0.0016268240989988875,0.0033759457612432056,0.004049155230172435
baseline-best-28,71,matched,operator,200,0.0,0.0,0.0,0.0
baseline-best-28,71,matched,total,200,0.0011231382527426407,0.0016268240989988875,0.0033759457612432056,0.004049155230172435
baseline-best-28,72,analytic,estimation,200,-0.0007125437105452184,0.001061254601792771,0.0034579312078538565,0.0037724226783305004
baseline-best-28,72,analytic,operator,200,-0.0009423099452529238,0.014709197899119378,0.07095023930807051,0.11297956965384831
baseline-best-28,72,analytic,total,200,-0.001654853655798142,0.014982379075776604,0.07472266198640101,0.1133657744506853
baseline-best-28,72,matched,estimation,200,-0.0007058572066200883,0.0010376171939050804,0.0033370914133646207,0.0037936292569552693
baseline-best-28,72,matched,operator,200,0.0,0.0,0.0,0.0
baseline-best-28,72,matched,total,200,-0.0007058572066200883,0.0010376171939050804,0.0033370914133646207,0.0037936292569552693
baseline-best-28,73,analytic,estimation,200,-0.0009804354629097702,0.0015739582883123,0.004252215714935864,0.004355731259253259
baseline-best-28,73,analytic,operator,200,0.005283816143529454,0.05530805479421744,0.1948863133067651,0.28264557520227485
baseline-best-28,73,analytic,total,200,0.004303380680619684,0.055361084090036504,0.19507264287538617,0.28157599356864
baseline-best-28,73,matched,estimation,200,-0.0010105354038902215,0.0015842632720947428,0.004342897541339097,0.00451277864285729
baseline-best-28,73,matched,operator,200,0.0,0.0,0.0,0.0
baseline-best-28,73,matched,total,200,-0.0010105354038902215,0.0015842632720947428,0.004342897541339097,0.00451277864285729
baseline-best-28,74,analytic,estimation,200,0.0015768736720920193,0.0018627317475776051,0.0035530939612619106,0.003572211052849217
baseline-best-28,74,analytic,operator,200,-0.0011039071347161771,0.05903148607979478,0.19714395342665275,0.282584691278835
baseline-best-28,74,analytic,total,200,0.0004729665373758424,0.059122735608238,0.1984744817794403,0.2850977318438107
baseline-best-28,74,matched,estimation,200,0.0015796953100887447,0.0018615450391457934,0.0035624720129359133,0.003587355690828742
baseline-best-28,74,matched,operator,200,0.0,0.0,0.0,0.0
baseline-best-28,74,matched,total,200,0.0015796953100887447,0.0018615450391457934,0.0035624720129359133,0.003587355690828742
baseline-best-28,75,analytic,estimation,200,-0.003429046100804251,0.003621194899289755,0.005106509697616279,0.005504007594065885
baseline-best-28,75,analytic,operator,200,-0.0018088804719443687,0.045249289149182206,0.19687373248654977,0.23159008658749353
baseline-best-28,75,analytic,total,200,-0.00523792657274862,0.04556827781520369,0.1927685453351854,0.23447087030844366
baseline-best-28,75,matched,estimation,200,-0.003420275346037397,0.0036165029843003168,0.0051175281685718055,0.0054147438385878655
baseline-best-28,75,matched,operator,200,0.0,0.0,0.0,0.0
baseline-best-28,75,matched,total,200,-0.003420275346037397,0.0036165029843003168,0.0051175281685718055,0.0054147438385878655
baseline-best-28,76,analytic,estimation,200,0.000964055478119372,0.0013401812391370153,0.0031019097153475172,0.0032041010468080167
baseline-best-28,76,analytic,operator,200,4.225008295192507e-06,0.038395984402188055,0.15687386828382693,0.20284568123009095
baseline-best-28,76,analytic,total,200,0.0009682804864145646,0.03843803613023879,0.15920386019028376,0.2015691167075122
baseline-best-28,76,matched,estimation,200,0.0009688363093149093,0.0013411677840173561,0.0031059789538314675,0.00323008881546194
baseline-best-28,76,matched,operator,200,0.0,0.0,0.0,0.0
baseline-best-28,76,matched,total,200,0.0009688363093149093,0.0013411677840173561,0.0031059789538314675,0.00323008881546194
baseline-best-28,77,analytic,estimation,200,-0.001223577537692748,0.001593109601238896,0.003091580788186832,0.003107289553532344
baseline-best-28,77,analytic,operator,200,-0.0025125707422447977,0.06520371081322777,0.23384454483282452,0.3368108238623277
baseline-best-28,77,analytic,total,200,-0.003736148279937546,0.06551422933238524,0.23642433681925418,0.33938273766937116
baseline-best-28,77,matched,estimation,200,-0.0012272727711430662,0.0015839689651240647,0.0030520987540073596,0.0030793571482813364
baseline-best-28,77,matched,operator,200,0.0,0.0,0.0,0.0
baseline-best-28,77,matched,total,200,-0.0012272727711430662,0.0015839689651240647,0.0030520987540073596,0.0030793571482813364
baseline-best-28,78,analytic,estimation,200,-2.551317323626019e-05,0.0006234207872073522,0.0015457860416914215,0.0016384123903664394
baseline-best-28,78,analytic,operator,200,-0.0006346748355975487,0.035491315178189556,0.12766905613851,0.23561994995351065
baseline-best-28,78,analytic,total,200,-0.0006601880088338088,0.03551180770538472,0.12639970554705204,0.23495776294755388
baseline-best-28,78,matched,estimation,200,-2.2384442158058927e-05,0.0006102262540523902,0.0015519493315163668,0.0017496874986162592
baseline-best-28,78,matched,operator,200,0.0,0.0,0.0,0.0
baseline-best-28,78,matched,total,200,-2.2384442158058927e-05,0.0006102262540523902,0.0015519493315163668,0.0017496874986162592
baseline-best-28,79,analytic,estimation,200,3.546285893832518e-05,0.0006668774544438989,0.0017460629772341196,0.001865761093734819
baseline-best-28,79,analytic,operator,200,-0.0029634192661335016,0.02808677389396817,0.13724425120392866,0.17566384724255774
baseline-best-28,79,analytic,total,200,-0.0029279564071951762,0.02813021722901588,0.13619478837150847,0.17663299644980363
baseline-best-28,79,matched,estimation,200,2.3015991533416498e-05,0.0006560013933035019,0.0018671062443798014,0.001960630783231526
baseline-best-28,79,matched,operator,200,0.0,0.0,0.0,0.0
baseline-best-28,79,matched,total,200,2.3015991533416498e-05,0.0006560013933035019,0.0018671062443798014,0.001960630783231526
baseline-best-28,80,analytic,estimation,200,0.0015804133921390332,0.002077017780177331,0.003995469774196736,0.004143299915929877
baseline-best-28,80,analytic,operator,200,-0.0009394435801462075,0.04930178262031549,0.19296609417333388,0.21482581319042682
baseline-best-28,80,analytic,total,200,0.0006409698119928258,0.04942647982620461,0.1967542359615847,0.21409890429983858
baseline-best-28,80,matched,estimation,200,0.001562205858767539,0.002054215522288673,0.00410777526893491,0.004264550704269565
baseline-best-28,80,matched,operator,200,0.0,0.0,0.0,0.0
baseline-best-28,80,matched,total,200,0.001562205858767539,0.002054215522288673,0.00410777526893491,0.004264550704269565
baseline-best-28,81,analytic,estimation,200,0.0009225183654576771,0.0017722309288696917,0.005036023317154026,0.005886457020134017
baseline-best-28,81,analytic,operator,200,-0.004215146211943759,0.05205919533259471,0.16970095100400343,0.1907848907843666
baseline-best-28,81,analytic,total,200,-0.0032926278464860815,0.05209979021713,0.171460359036133,0.18934312238645445
baseline-best-28,81,matched,estimation,200,0.0009430391588281189,0.0017743493088721975,0.00504988643433979,0.00578475504303988
baseline-best-28,81,matched,operator,200,0.0,0.0,0.0,0.0
baseline-best-28,81,matched,total,200,0.0009430391588281189,0.0017743493088721975,0.00504988643433979,0.00578475504303988
baseline-best-28,82,analytic,estimation,200,-0.0002260816592716331,0.0009594230760724806,0.0022897310442790975,0.0027075492219756914
baseline-best-28,82,analytic,operator,200,0.003575907626058212,0.05279573936403645,0.17309304603304454,0.20709277699551154
baseline-best-28,82,analytic,total,200,0.0033498259667865786,0.052967033595633664,0.17493284952972254,0.2070099750671801
baseline-best-28,82,matched,estimation,200,-0.00023881761826280556,0.0009264979780957692,0.0023066403629972143,0.0024657718867771017
baseline-best-28,82,matched,operator,200,0.0,0.0,0.0,0.0
baseline-best-28,82,matched,total,200,-0.00023881761826280556,0.0009264979780957692,0.0023066403629972143,0.0024657718867771017
baseline-best-28,83,analytic,estimation,200,0.0005352480298861004,0.001022376838107362,0.0030975444266142516,0.0031062122158967975
baseline-best-28,83,analytic,operator,200,-0.0019165834848297483,0.03565349032830455,0.139384912168794,0.1809722779468128
baseline-best-28,83,analytic,total,200,-0.0013813354549436479,0.035618918859334436,0.14238611482475527,0.1807669837932926
baseline-best-28,83,matched,estimation,200,0.0005345998869662295,0.000994047511622041,0.002911926869095527,0.002953838754654818
baseline-best-28,83,matched,operator,200,0.0,0.0,0.0,0.0
baseline-best-28,83,matched,total,200,0.0005345998869662295,0.000994047511622041,0.002911926869095527,0.002953838754654818
baseline-best-28,84,analytic,estimation,200,-0.0005162377190834102,0.0007273652349835389,0.0018402841426120864,0.0018871453764522927
baseline-best-28,84,analytic,operator,200,0.0008295573558259109,0.0474673778122086,0.16417863759585552,0.21209908256247534
baseline-best-28,84,analytic,total,200,0.00031331963674250047,0.04757153253863183,0.16417180589356561,0.21316397480867966
baseline-best-28,84,matched,estimation,200,-0.0005077262589403725,0.0007100970765553171,0.0018271500504005722,0.0019306606277078031
baseline-best-28,84,matched,operator,200,0.0,0.0,0.0,0.0
baseline-best-28,84,matched,total,200,-0.0005077262589403725,0.0007100970765553171,0.0018271500504005722,0.0019306606277078031
baseline-best-28,85,analytic,estimation,200,0.0005974527255147168,0.0009927446974177646,0.002197030260101318,0.00234471238262568
baseline-best-28,85,analytic,operator,200,0.0005203987760336487,0.02646766157193932,0.10545721060089625,0.1710471379603137
baseline-best-28,85,analytic,total,200,0.0011178515015483658,0.02660189930230696,0.10536456483859491,0.172957007289813
baseline-best-28,85,matched,estimation,200,0.0005985465529588328,0.0009823738531933622,0.0021522155434909873,0.0023495459803364316
baseline-best-28,85,matched,operator,200,0.0,0.0,0.0,0.0
baseline-best-28,85,matched,total,200,0.0005985465529588328,0.0009823738531933622,0.0021522155434909873,0.0023495459803364316
baseline-best-28,86,analytic,estimation,200,-0.0008379612874438154,0.0010780437638175599,0.0018362553069674048,0.0018578251849464267
baseline-best-28,86,analytic,operator,200,-0.0008090435011608098,0.027642776589378717,0.10355541005497765,0.1555520541291898
baseline-best-28,86,analytic,total,200,-0.0016470047886046253,0.027783922377609273,0.10537438236545021,0.1562613520395885
baseline-best-28,86,matched,estimation,200,-0.0008397346317914295,0.0010647453718424028,0.0019036932041361088,0.001918779626732564
baseline-best-28,86,matched,operator,200,0.0,0.0,0.0,0.0
baseline-best-28,86,matched,total,200,-0.0008397346317914295,0.0010647453718424028,0.0019036932041361088,0.001918779626732564
baseline-best-28,87,analytic,estimation,200,-0.00026556585038604516,0.0008669364595313703,0.0021755425279712526,0.0022538285528290736
baseline-best-28,87,analytic,operator,200,-0.004513509480172138,0.02483905214893116,0.096219579355598,0.16213427209847991
baseline-best-28,87,analytic,total,200,-0.004779075330558183,0.02494160730527387,0.09819701530693448,0.16229681325507211
baseline-best-28,87,matched,estimation,200,-0.000264405485860368,0.0008399155164923045,0.0022062644565199463,0.0023309247886018625
baseline-best-28,87,matched,operator,200,0.0,0.0,0.0,0.0
baseline-best-28,87,matched,total,200,-0.000264405485860368,0.0008399155164923045,0.0022062644565199463,0.0023309247886018625
baseline-best-28,88,analytic,estimation,200,0.0013004220929859194,0.0013934824870612415,0.002247636888899507,0.002323455946145858
baseline-best-28,88,analytic,operator,200,0.0044819128686227954,0.03266570879697274,0.12684747388287165,0.1792087924183417
baseline-best-28,88,analytic,total,200,0.005782334961608715,0.03297723544429456,0.1281494148924575,0.18124449063485912
baseline-best-28,88,matched,estimation,200,0.0012882440187865622,0.001378215658490522,0.0022012163755148195,0.0022435928138477834
baseline-best-28,88,matched,operator,200,0.0,0.0,0.0,0.0
baseline-best-28,88,matched,total,200,0.0012882440187865622,0.001378215658490522,0.0022012163755148195,0.0022435928138477834
baseline-best-28,89,analytic,estimation,200,0.0006148295774392718,0.0008253958510079884,0.0016557308621842903,0.0018662884741875718
baseline-best-28,89,analytic,operator,200,0.00024157468457946475,0.026782930449864024,0.11755590653313785,0.15016924029821094
baseline-best-28,89,analytic,total,200,0.0008564042620187366,0.02685203845324095,0.11659526001588849,0.1504486946273808
baseline-best-28,89,matched,estimation,200,0.0006160139672739912,0.000818800679834585,0.0016163288425630196,0.0017105580712779567
baseline-best-28,89,matched,operator,200,0.0,0.0,0.0,0.0
baseline-best-28,89,matched,total,200,0.0006160139672739912,0.000818800679834585,0.0016163288425630196,0.0017105580712779567
baseline-best-28,90,analytic,estimation,200,-0.0023847757012143873,0.0024712962190297384,0.0046034682947144745,0.005157562635998758
baseline-best-28,90,analytic,operator,200,-0.0005076640609459388,0.017658695791967518,0.06419323259940501,0.1072735881903738
baseline-best-28,90,analytic,total,200,-0.0028924397621603263,0.017926364828865542,0.061112200002399586,0.10978632162274288
baseline-best-28,90,matched,estimation,200,-0.002373986468075166,0.002460451459794872,0.004591931912527603,0.005027482646155157
baseline-best-28,90,matched,operator,200,0.0,0.0,0.0,0.0
baseline-best-28,90,matched,total,200,-0.002373986468075166,0.002460451459794872,0.004591931912527603,0.005027482646155157
baseline-best-28,91,analytic,estimation,200,0.0005833252752158858,0.0007252758031934312,0.001496132180309001,0.0015969959567969094
baseline-best-28,91,analytic,operator,200,0.0003522387371465444,0.02154886541047435,0.09371432106006258,0.10081095052681452
baseline-best-28,91,analytic,total,200,0.00093556401236243,0.02164768852518131,0.094401585507324,0.1019464489396116
baseline-best-28,91,matched,estimation,200,0.0005847077689079573,0.0007202173623808041,0.0015059871626887933,0.0016274433706049418
baseline-best-28,91,matched,operator,200,0.0,0.0,0.0,0.0
baseline-best-28,91,matched,total,200,0.0005847077689079573,0.0007202173623808041,0.0015059871626887933,0.0016274433706049418
baseline-best-28,92,analytic,estimation,200,-1.6545975042596937e-05,0.001245052203635562,0.0027505615686696516,0.0029234812076214256
baseline-best-28,92,analytic,operator,200,0.0018786229892725783,0.06594372271663915,0.21051854693015698,0.334574391228646
baseline-best-28,92,analytic,total,200,0.0018620770142299813,0.06623272073390903,0.2134420281377784,0.3362460160141086
baseline-best-28,92,matched,estimation,200,-2.6811321880972354e-05,0.0011971162189109037,0.002589077754459823,0.0030311103327653743
baseline-best-28,92,matched,operator,200,0.0,0.0,0.0,0.0
baseline-best-28,92,matched,total,200,-2.6811321880972354e-05,0.0011971162189109037,0.002589077754459823,0.0030311103327653743
baseline-best-28,93,analytic,estimation,200,0.0023866828324532597,0.0027544164224935527,0.005123914094194437,0.005201426266258191
baseline-best-28,93,analytic,operator,200,0.008737235133701391,0.06214733193837705,0.19711212397223188,0.22404529595507397
baseline-best-28,93,analytic,total,200,0.01112391796615465,0.06270854893495685,0.1996108745527102,0.22049415065132116
baseline-best-28,93,matched,estimation,200,0.002383601599136904,0.0027449828240110326,0.005123750956722961,0.005200330486416327
baseline-best-28,93,matched,operator,200,0.0,0.0,0.0,0.0
baseline-best-28,93,matched,total,200,0.002383601599136904,0.0027449828240110326,0.005123750956722961,0.005200330486416327
baseline-best-28,94,analytic,estimation,200,-0.0026586675532385253,0.0028057362583064995,0.00399489822621657,0.004044704493768203
baseline-best-28,94,analytic,operator,200,-0.005789424106617278,0.045114546208218746,0.16848344505442275,0.19861417124369524
baseline-best-28,94,analytic,total,200,-0.008448091659855803,0.04551629964298691,0.16493470243260416,0.19929068044251652
baseline-best-28,94,matched,estimation,200,-0.0026521153227986797,0.002800084713897198,0.003996869384623958,0.004045069285165681
baseline-best-28,94,matched,operator,200,0.0,0.0,0.0,0.0
baseline-best-28,94,matched,total,200,-0.0026521153227986797,0.002800084713897198,0.003996869384623958,0.004045069285165681
baseline-best-28,95,analytic,estimation,200,0.0009653458269123414,0.0012131099543964306,0.002113793223620819,0.002138208507810435
baseline-best-28,95,analytic,operator,200,-0.0005134980363428021,0.047102568958767445,0.1828701071762806,0.22594884985770508
baseline-best-28,95,analytic,total,200,0.0004518477905695392,0.04717247842732794,0.18229634919478332,0.22491735994557382
baseline-best-28,95,matched,estimation,200,0.0009645899576207535,0.001200084923256778,0.0020694875372832544,0.0021437870335561104
baseline-best-28,95,matched,operator,200,0.0,0.0,0.0,0.0
baseline-best-28,95,matched,total,200,0.0009645899576207535,0.001200084923256778,0.0020694875372832544,0.0021437870335561104
baseline-best-28,96,analytic,estimation,200,-0.0009257267224565191,0.0011869608280274482,0.00239476215973268,0.0024227916701048957
baseline-best-28,96,analytic,operator,200,-0.005704560910788169,0.04134103733417557,0.1520449550152998,0.23605591435536064
baseline-best-28,96,analytic,total,200,-0.006630287633244688,0.04158238081400761,0.1520449550152998,0.23771569645391716
baseline-best-28,96,matched,estimation,200,-0.0008897146686172993,0.0011519755164481709,0.0024134894700469783,0.0024229470115782747
baseline-best-28,96,matched,operator,200,0.0,0.0,0.0,0.0
baseline-best-28,96,matched,total,200,-0.0008897146686172993,0.0011519755164481709,0.0024134894700469783,0.0024229470115782747
baseline-best-28,97,analytic,estimation,200,0.0008707883821370644,0.001201101638821679,0.0022239890475395097,0.002455746187432606
baseline-best-28,97,analytic,operator,200,0.0018838735148767175,0.027036443215452767,0.10689361228403352,0.1488397884691135
baseline-best-28,97,analytic,total,200,0.002754661897013782,0.027091159730231105,0.1080618863178858,0.14866395507128344
baseline-best-28,97,matched,estimation,200,0.0008672825487850903,0.0012053071194739458,0.00219126741439557,0.0025542427267941648
baseline-best-28,97,matched,operator,200,0.0,0.0,0.0,0.0
baseline-best-28,97,matched,total,200,0.0008672825487850903,0.0012053071194739458,0.00219126741439557,0.0025542427267941648
baseline-best-28,98,analytic,estimation,200,-0.00041545022882772683,0.0007279486721114378,0.0019518262501990735,0.0021485590558943946
baseline-best-28,98,analytic,operator,200,0.00111039945819884,0.019509315541701575,0.09946113973189263,0.13638589736882228
baseline-best-28,98,analytic,total,200,0.0006949492293711131,0.01955770567123071,0.09946996029129684,0.13776237957930132
baseline-best-28,98,matched,estimation,200,-0.00041808129711956625,0.0007269956809421325,0.0019519017582915188,0.00223719758278651
baseline-best-28,98,matched,operator,200,0.0,0.0,0.0,0.0
baseline-best-28,98,matched,total,200,-0.00041808129711956625,0.0007269956809421325,0.0019519017582915188,0.00223719758278651
baseline-best-28,99,analytic,estimation,200,-0.00027220042759137697,0.000599902043863388,0.0014545131149102386,0.0015007801497964601
baseline-best-28,99,analytic,operator,200,-0.0014477523205894014,0.023156577216626093,0.09363976172301558,0.12793252492381818
baseline-best-28,99,analytic,total,200,-0.0017199527481807787,0.023284941254276232,0.09414024068787635,0.12864685782654767
baseline-best-28,99,matched,estimation,200,-0.0002770231869425554,0.0006001257356534536,0.0015107364001376022,0.0015993255238912207
baseline-best-28,99,matched,operator,200,0.0,0.0,0.0,0.0
baseline-best-28,99,matched,total,200,-0.0002770231869425554,0.0006001257356534536,0.0015107364001376022,0.0015993255238912207
baseline-best-28,100,analytic,estimation,200,-0.00011252281314117346,0.0005388862299375118,0.001545126315861567,0.001631343233069238
baseline-best-28,100,analytic,operator,200,-0.002928015565256493,0.016595448113108736,0.06353820057008121,0.08127406019338772
baseline-best-28,100,analytic,total,200,-0.003040538378397667,0.016659289315832673,0.06379769232916008,0.08170610353403203
baseline-best-28,100,matched,estimation,200,-8.910298071760038e-05,0.0005264915922151527,0.0014499658177270502,0.0016018940664350723
baseline-best-28,100,matched,operator,200,0.0,0.0,0.0,0.0
baseline-best-28,100,matched,total,200,-8.910298071760038e-05,0.0005264915922151527,0.0014499658177270502,0.0016018940664350723
baseline-best-28,101,analytic,estimation,200,-0.0002936453221917191,0.0005677800982986444,0.0013229369820728087,0.001440452664883407
baseline-best-28,101,analytic,operator,200,-0.0008988948584345706,0.01651753990595597,0.06251876703106699,0.07905383573946428
baseline-best-28,101,analytic,total,200,-0.0011925401806262897,0.01645771463261377,0.06287790205868918,0.07915267595639497
baseline-best-28,101,matched,estimation,200,-0.00028834552450695845,0.000556982798005645,0.0013468449486107037,0.00146765733510143
baseline-best-28,101,matched,operator,200,0.0,0.0,0.0,0.0
baseline-best-28,101,matched,total,200,-0.00028834552450695845,0.000556982798005645,0.0013468449486107037,0.00146765733510143
baseline-best-28,102,analytic,estimation,200,-0.0007897098690862349,0.0010111191549082924,0.0022298428430508332,0.0025341399709832846
baseline-best-28,102,analytic,operator,200,-0.0021086717615996357,0.01867957097711973,0.07762486848495011,0.08915320786762893
baseline-best-28,102,analytic,total,200,-0.0028983816306858705,0.018745728895250408,0.07833066806403091,0.08734269622966506
baseline-best-28,102,matched,estimation,200,-0.0007797417478544881,0.000990490300041042,0.0020454406338856757,0.0023959467931878864
baseline-best-28,102,matched,operator,200,0.0,0.0,0.0,0.0
baseline-best-28,102,matched,total,200,-0.0007797417478544881,0.000990490300041042,0.0020454406338856757,0.0023959467931878864
baseline-best-28,103,analytic,estimation,200,0.001242748235542441,0.0013476282582053026,0.0020847622009325262,0.002328515203004866
baseline-best-28,103,analytic,operator,200,-0.0016012197903272447,0.015203905742828224,0.055409158662210425,0.07044312331770955
baseline-best-28,103,analytic,total,200,-0.00035847155478480356,0.015171577085036055,0.05430695614277567,0.06934348475276728
baseline-best-28,103,matched,estimation,200,0.0012400272101432757,0.0013421454354871896,0.0021150374866542865,0.0021660814396774735
baseline-best-28,103,matched,operator,200,0.0,0.0,0.0,0.0
baseline-best-28,103,matched,total,200,0.0012400272101432757,0.0013421454354871896,0.0021150374866542865,0.0021660814396774735
baseline-best-28,104,analytic,estimation,200,0.0018085380569421328,0.0019280577767090195,0.0036140237492565674,0.0036414255199681556
baseline-best-28,104,analytic,operator,200,0.00012453197339162375,0.01317629216539582,0.051584420858776014,0.09204472622856019
baseline-best-28,104,analytic,total,200,0.0019330700303337564,0.013277933740238064,0.05423888642222344,0.08963970912766081
baseline-best-28,104,matched,estimation,200,0.0018106687702204888,0.0019282484755781468,0.0036538654381006452,0.003690956369913456
baseline-best-28,104,matched,operator,200,0.0,0.0,0.0,0.0
baseline-best-28,104,matched,total,200,0.0018106687702204888,0.0019282484755781468,0.0036538654381006452,0.003690956369913456
baseline-best-28,105,analytic,estimation,200,-0.002089842288691408,0.002191266431004052,0.002939294519680724,0.0029783935918708676
baseline-best-28,105,analytic,operator,200,0.0011692545835332616,0.014909730041853888,0.05622013117169375,0.08080834710112092
baseline-best-28,105,analytic,total,200,-0.0009205877051581468,0.014876138404933178,0.05515072956718352,0.07811009967171123
baseline-best-28,105,matched,estimation,200,-0.002089242802271331,0.0021893511640007956,0.0028912776966059373,0.002968388276309991
baseline-best-28,105,matched,operator,200,0.0,0.0,0.0,0.0
baseline-best-28,105,matched,total,200,-0.002089242802271331,0.0021893511640007956,0.0028912776966059373,0.002968388276309991
baseline-best-28,106,analytic,estimation,200,0.0021335527050087067,0.002484237003204151,0.0044174643787853185,0.004522464576308671
baseline-best-28,106,analytic,operator,200,-0.003800304302417965,0.0716619814967329,0.2808312303641689,0.36390425798069037
baseline-best-28,106,analytic,total,200,-0.001666751597409258,0.07181039976229223,0.2805662265722608,0.36368706091008607
baseline-best-28,106,matched,estimation,200,0.0021277812823902406,0.00246972520025402,0.00425133708112968,0.004561664908402374
baseline-best-28,106,matched,operator,200,0.0,0.0,0.0,0.0
baseline-best-28,106,matched,total,200,0.0021277812823902406,0.00246972520025402,0.00425133708112968,0.004561664908402374
baseline-best-28,107,analytic,estimation,200,-9.374699782279533e-05,0.0008676070409082942,0.001996202263044977,0.0020905446406760397
baseline-best-28,107,analytic,operator,200,-0.006008350419259246,0.0631289155711387,0.21811248526653162,0.26073298233665343
baseline-best-28,107,analytic,total,200,-0.0061020974170820415,0.06328991495794815,0.2183312450038921,0.2611980257887806
baseline-best-28,107,matched,estimation,200,-0.00010053571054527657,0.0008604267500643888,0.001989282366367473,0.0021704877637271913
baseline-best-28,107,matched,operator,200,0.0,0.0,0.0,0.0
baseline-best-28,107,matched,total,200,-0.00010053571054527657,0.0008604267500643888,0.001989282366367473,0.0021704877637271913
baseline-best-28,108,analytic,estimation,200,-0.0001573862192487182,0.0009136580789218435,0.0018980741880234575,0.0019123535324750973
baseline-best-28,108,analytic,operator,200,-0.005418711720591774,0.04383206856501496,0.15603152167810086,0.20439481344699537
baseline-best-28,108,analytic,total,200,-0.005576097939840493,0.04387538299229556,0.1571182549422867,0.20470985060473215
baseline-best-28,108,matched,estimation,200,-0.00015321863119806796,0.0009218803880496294,0.0019055580400140215,0.001968875061006181
baseline-best-28,108,matched,operator,200,0.0,0.0,0.0,0.0
baseline-best-28,108,matched,total,200,-0.00015321863119806796,0.0009218803880496294,0.0019055580400140215,0.001968875061006181
baseline-best-28,109,analytic,estimation,200,3.0445747019293978e-05,0.0008783270805829178,0.0020404557662133116,0.0022943751384619793
baseline-best-28,109,analytic,operator,200,-0.0020957926620754457,0.04034836432257116,0.1294898348131306,0.18999208801005377
baseline-best-28,109,analytic,total,200,-0.002065346915056152,0.040466025028659904,0.1281350568127526,0.19045310419683809
baseline-best-28,109,matched,estimation,200,3.478002790802915e-05,0.0008745671164484262,0.002014120147131482,0.0021299291949623544
baseline-best-28,109,matched,operator,200,0.0,0.0,0.0,0.0
baseline-best-28,109,matched,total,200,3.478002790802915e-05,0.0008745671164484262,0.002014120147131482,0.0021299291949623544
baseline-best-28,110,analytic,estimation,200,-0.0005004177734448177,0.0010392180882018442,0.00362153708718127,0.0037337465356177546
baseline-best-28,110,analytic,operator,200,0.001036355302322718,0.06452549306703775,0.20952047126372542,0.2322738887273434
baseline-best-28,110,analytic,total,200,0.0005359375288779001,0.0647029898519734,0.20958026136890345,0.231932692904467
baseline-best-28,110,matched,estimation,200,-0.00048815478096838873,0.0010091248498126674,0.003303795708441193,0.0038994695903760146
baseline-best-28,110,matched,operator,200,0.0,0.0,0.0,0.0
baseline-best-28,110,matched,total,200,-0.00048815478096838873,0.0010091248498126674,0.003303795708441193,0.0038994695903760146
baseline-best-28,111,analytic,estimation,200,0.0010301942654242875,0.0012410944104818524,0.0020604817811220033,0.0020758905915382875
baseline-best-28,111,analytic,operator,200,0.0011495406674104994,0.0341213092412575,0.17273666305279056,0.23694234860422614
baseline-best-28,111,analytic,total,200,0.002179734932834787,0.03424385798771079,0.1738789425269358,0.2367336592351239
baseline-best-28,111,matched,estimation,200,0.0010285888821007694,0.0012376862294329102,0.002058463853698178,0.00207542071142533
baseline-best-28,111,matched,operator,200,0.0,0.0,0.0,0.0
baseline-best-28,111,matched,total,200,0.0010285888821007694,0.0012376862294329102,0.002058463853698178,0.00207542071142533
baseline-best-28,112,analytic,estimation,200,0.00016348703840117496,0.0004615175665341477,0.0018614145926025838,0.0023769831102096184
baseline-best-28,112,analytic,operator,200,0.0009314260981470742,0.0319954145356774,0.17043799209280755,0.23359075232012189
baseline-best-28,112,analytic,total,200,0.0010949131365482491,0.03200433350164764,0.17043069529576002,0.2333303815854363
baseline-best-28,112,matched,estimation,200,0.0001685001944320302,0.0004618714890708231,0.0018442436970258491,0.002244695800532215
baseline-best-28,112,matched,operator,200,0.0,0.0,0.0,0.0
baseline-best-28,112,matched,total,200,0.0001685001944320302,0.0004618714890708231,0.0018442436970258491,0.002244695800532215
baseline-best-28,113,analytic,estimation,200,-0.0006417069836752266,0.0007849976156442863,0.001647731308866529,0.0016772625794625462
baseline-best-28,113,analytic,operator,200,0.0016711699808730578,0.02930072425534203,0.1133868826642242,0.21963755555884432
baseline-best-28,113,analytic,total,200,0.0010294629971978313,0.029302986551140234,0.11309026379690235,0.21976647867928775
baseline-best-28,113,matched,estimation,200,-0.0006424988487301846,0.0007834860100577932,0.0016476553290813989,0.0016771484211970389
baseline-best-28,113,matched,operator,200,0.0,0.0,0.0,0.0
baseline-best-28,113,matched,total,200,-0.0006424988487301846,0.0007834860100577932,0.0016476553290813989,0.0016771484211970389
baseline-best-28,114,analytic,estimation,200,0.0002690459746812062,0.0009114277792771444,0.00230139267532925,0.0023980012794176386
baseline-best-28,114,analytic,operator,200,-0.008101069023312854,0.05345058018357496,0.16127810839236026,0.173371171661318
baseline-best-28,114,analytic,total,200,-0.007832023048631646,0.053384133755480005,0.15991154567192015,0.17420403342040824
baseline-best-28,114,matched,estimation,200,0.000282497927671467,0.0009128357343826172,0.002299880091406692,0.0023211528450999275
baseline-best-28,114,matched,operator,200,0.0,0.0,0.0,0.0
baseline-best-28,114,matched,total,200,0.000282497927671467,0.0009128357343826172,0.002299880091406692,0.0023211528450999275
baseline-best-28,115,analytic,estimation,200,0.00029674743641031444,0.0006739073715434612,0.0015248936164596882,0.0015411806429013186
baseline-best-28,115,analytic,operator,200,-0.000226766532757307,0.053914158925272064,0.18271672997061417,0.25224306884954256
baseline-best-28,115,analytic,total,200,6.998090365300749e-05,0.054000250033667097,0.1830041134500603,0.2532925622436284
baseline-best-28,115,matched,estimation,200,0.000299973272406175,0.0006504704369894395,0.0015227642895472848,0.0015413764047959022
baseline-best-28,115,matched,operator,200,0.0,0.0,0.0,0.0
baseline-best-28,115,matched,total,200,0.000299973272406175,0.0006504704369894395,0.0015227642895472848,0.0015413764047959022
baseline-best-28,116,analytic,estimation,200,-0.0011943533714761504,0.0014171767028328824,0.003633743154999425,0.003878673210305772
baseline-best-28,116,analytic,operator,200,-0.0043318426398668555,0.04810455150758675,0.20191517705724038,0.2369250746740031
baseline-best-28,116,analytic,total,200,-0.005526196011343005,0.048269026910967905,0.20042507286011313,0.24058155577755397
baseline-best-28,116,matched,estimation,200,-0.0011841984535451962,0.0014040872582488989,0.0035363873647342725,0.0038221522286321363
baseline-best-28,116,matched,operator,200,0.0,0.0,0.0,0.0
baseline-best-28,116,matched,total,200,-0.0011841984535451962,0.0014040872582488989,0.0035363873647342725,0.0038221522286321363
baseline-best-28,117,analytic,estimation,200,0.0007717589772766945,0.0015480718948365773,0.0035101206694689857,0.003862850820985919
baseline-best-28,117,analytic,operator,200,0.0003680748567034304,0.03042395106251848,0.11773049558048976,0.13276981739839958
baseline-best-28,117,analytic,total,200,0.001139833833980125,0.03058382258722952,0.11832545893956242,0.13326979198969066
baseline-best-28,117,matched,estimation,200,0.000775397188290134,0.0015432598722603874,0.0035091915262324136,0.0038566702582296664
baseline-best-28,117,matched,operator,200,0.0,0.0,0.0,0.0
baseline-best-28,117,matched,total,200,0.000775397188290134,0.0015432598722603874,0.0035091915262324136,0.0038566702582296664
baseline-best-28,118,analytic,estimation,200,0.000907877644729893,0.0013013267801487629,0.002718106248066565,0.0030442440614599775
baseline-best-28,118,analytic,operator,200,0.0012183219550235644,0.05425107035864602,0.17683167048649628,0.2612586660167685
baseline-best-28,118,analytic,total,200,0.002126199599753458,0.05439584428069092,0.17800284321698934,0.2605535794705846
baseline-best-28,118,matched,estimation,200,0.0008931338291782122,0.0012925505395241473,0.0026942491722398154,0.003083006495839369
baseline-best-28,118,matched,operator,200,0.0,0.0,0.0,0.0
baseline-best-28,118,matched,total,200,0.0008931338291782122,0.0012925505395241473,0.0026942491722398154,0.003083006495839369
baseline-best-28,119,analytic,estimation,200,-0.0001797445142338502,0.0006831934901190211,0.0012709000260854308,0.001275145966111113
baseline-best-28,119,analytic,operator,200,0.0026095662690281164,0.057838325638993826,0.22761326442762053,0.2641703221493108
baseline-best-28,119,analytic,total,200,0.002429821754794266,0.057966981258224366,0.22823313291490355,0.26451928179904305
baseline-best-28,119,matched,estimation,200,-0.00019288169760177845,0.0006663336627676826,0.0012708978017592076,0.0012751221629204723
baseline-best-28,119,matched,operator,200,0.0,0.0,0.0,0.0
baseline-best-28,119,matched,total,200,-0.00019288169760177845,0.0006663336627676826,0.0012708978017592076,0.0012751221629204723
baseline-best-28,120,analytic,estimation,200,-0.0016323372525279694,0.0018027006632539005,0.003648251339251285,0.004224717776614151
baseline-best-28,120,analytic,operator,200,2.12762223945976e-05,0.02703599939686227,0.15050807705360258,0.17207767656355366
baseline-best-28,120,analytic,total,200,-0.0016110610301333717,0.027077770630049347,0.15209951004933975,0.16920531704006447
baseline-best-28,120,matched,estimation,200,-0.0016372744729194438,0.0018058846874480102,0.003649627468765848,0.004115865891985315
baseline-best-28,120,matched,operator,200,0.0,0.0,0.0,0.0
baseline-best-28,120,matched,total,200,-0.0016372744729194438,0.0018058846874480102,0.003649627468765848,0.004115865891985315
baseline-best-28,121,analytic,estimation,200,0.0013504646728881844,0.0014798459253456005,0.0022648048457974412,0.0023441621440496996
baseline-best-28,121,analytic,operator,200,-0.0048343395916859225,0.03839397503109783,0.23560308443950306,0.30490764289510885
baseline-best-28,121,analytic,total,200,-0.003483874918797738,0.03823310676383237,0.23460167424128514,0.3031804276990051
baseline-best-28,121,matched,estimation,200,0.0013547915036582745,0.001482894317564277,0.0022914843672627305,0.0025884331034111696
baseline-best-28,121,matched,operator,200,0.0,0.0,0.0,0.0
baseline-best-28,121,matched,total,200,0.0013547915036582745,0.001482894317564277,0.0022914843672627305,0.0025884331034111696
baseline-best-28,122,analytic,estimation,200,0.000885946455994438,0.0011012279383356464,0.0022913616437495454,0.0023385492356153836
baseline-best-28,122,analytic,operator,200,0.0008617882714272211,0.022382862425064813,0.10758419573012928,0.11458243930723555
baseline-best-28,122,analytic,total,200,0.0017477347274216593,0.022484728830764866,0.10760854558282221,0.11688914178681092
baseline-best-28,122,matched,estimation,200,0.0008943077360286136,0.0011071978101543367,0.0022970753293095614,0.0023038893234788027
baseline-best-28,122,matched,operator,200,0.0,0.0,0.0,0.0
baseline-best-28,122,matched,total,200,0.0008943077360286136,0.0011071978101543367,0.0022970753293095614,0.0023038893234788027
baseline-best-28,123,analytic,estimation,200,-0.00044400013527031546,0.001275995844884744,0.0057465964710679,0.00631017897174635
baseline-best-28,123,analytic,operator,200,-0.0015594936219163972,0.04378197075594939,0.1604189115477619,0.18226726785848216
baseline-best-28,123,analytic,total,200,-0.0020034937571867125,0.04366718559547344,0.16035380280033373,0.18260458177948363
baseline-best-28,123,matched,estimation,200,-0.00043772705159052835,0.0012852455732489836,0.005849175960220165,0.0063244521635037465
baseline-best-28,123,matched,operator,200,0.0,0.0,0.0,0.0
baseline-best-28,123,matched,total,200,-0.00043772705159052835,0.0012852455732489836,0.005849175960220165,0.0063244521635037465
baseline-best-28,124,analytic,estimation,200,-0.0004158273850729477,0.0006760801171666502,0.0012465928883813593,0.0015385889523630292
baseline-best-28,124,analytic,operator,200,0.0059163859236917495,0.06628154013359264,0.24652858083297927,0.4083807883393547
baseline-best-28,124,analytic,total,200,0.0055005585386188015,0.0662836724070204,0.24596892459177144,0.4068421993869917
baseline-best-28,124,matched,estimation,200,-0.00042001004160886654,0.0006688419596451148,0.0012135891757052986,0.001447819979337378
baseline-best-28,124,matched,operator,200,0.0,0.0,0.0,0.0
baseline-best-28,124,matched,total,200,-0.00042001004160886654,0.0006688419596451148,0.0012135891757052986,0.001447819979337378
baseline-best-28,125,analytic,estimation,200,0.0007090195742092234,0.0012157656573428047,0.002992456791207909,0.0030578477497276713
baseline-best-28,125,analytic,operator,200,0.0012554405428712061,0.05202126601965666,0.21511593706448173,0.2674767339759906
baseline-best-28,125,analytic,total,200,0.0019644601170804295,0.05216295354889987,0.21462569283175825,0.26895898773422244
baseline-best-28,125,matched,estimation,200,0.0007029091513821207,0.0012098475365797303,0.0029387058872798015,0.003051017333885936
baseline-best-28,125,matched,operator,200,0.0,0.0,0.0,0.0
baseline-best-28,125,matched,total,200,0.0007029091513821207,0.0012098475365797303,0.0029387058872798015,0.003051017333885936
baseline-best-28,126,analytic,estimation,200,-0.0010567304779842373,0.001333108086914841,0.002450104729328384,0.0025861119276564537
baseline-best-28,126,analytic,operator,200,-0.0005677798237362152,0.04459571611308569,0.19004635239511186,0.25876084271717503
baseline-best-28,126,analytic,total,200,-0.0016245103017204527,0.044920465875591314,0.19095852131447363,0.2587221226026783
baseline-best-28,126,matched,estimation,200,-0.001061541419502962,0.001315037792164671,0.0025687893101009607,0.00275292836158636
baseline-best-28,126,matched,operator,200,0.0,0.0,0.0,0.0
baseline-best-28,126,matched,total,200,-0.001061541419502962,0.001315037792164671,0.0025687893101009607,0.00275292836158636
baseline-best-28,127,analytic,estimation,200,-4.038315874636749e-05,0.0007229516581776088,0.0030807618916095514,0.0034000074185116524
baseline-best-28,127,analytic,operator,200,0.002956072706021885,0.05442348147376566,0.19614575331625866,0.37175981630647154
baseline-best-28,127,analytic,total,200,0.0029156895472755174,0.05435390778785873,0.19572747799010778,0.37253963902941095
baseline-best-28,127,matched,estimation,200,-3.09687968328356e-05,0.0007172326842734162,0.0031034112213048637,0.00341269990408799
baseline-best-28,127,matched,operator,200,0.0,0.0,0.0,0.0
baseline-best-28,127,matched,total,200,-3.09687968328356e-05,0.0007172326842734162,0.0031034112213048637,0.00341269990408799
baseline-best-28,128,analytic,estimation,200,-0.0004250199833286469,0.0005759243589264535,0.0009108632957322005,0.0009288881477076405
baseline-best-28,128,analytic,operator,200,0.0011835691986378726,0.011381545790314527,0.03936764473966772,0.1212408787830388
baseline-best-28,128,analytic,total,200,0.0007585492153092257,0.01133465438147542,0.03866636125870074,0.12035321692112144
baseline-best-28,128,matched,estimation,200,-0.0004250279893159106,0.0005749242102986744,0.0009202095194536519,0.0009726672335464981
baseline-best-28,128,matched,operator,200,0.0,0.0,0.0,0.0
baseline-best-28,128,matched,total,200,-0.0004250279893159106,0.0005749242102986744,0.0009202095194536519,0.0009726672335464981
baseline-best-28,129,analytic,estimation,200,-0.0005756516717001693,0.0013341377363036322,0.003851578103343023,0.00403150893817239
baseline-best-28,129,analytic,operator,200,-0.002388941474215008,0.06055321959490822,0.2475231141247152,0.3108034743586289
baseline-best-28,129,analytic,total,200,-0.0029645931459151777,0.060756169048073155,0.24881487608240724,0.31166278751053456
baseline-best-28,129,matched,estimation,200,-0.0005771584886012789,0.0013322759397673663,0.003756376613504475,0.004029312854351819
baseline-best-28,129,matched,operator,200,0.0,0.0,0.0,0.0
baseline-best-28,129,matched,total,200,-0.0005771584886012789,0.0013322759397673663,0.003756376613504475,0.004029312854351819
baseline-best-28,130,analytic,estimation,200,0.0012591725537352016,0.001902302929078202,0.00423285576676255,0.004771415275283297
baseline-best-28,130,analytic,operator,200,0.00175226645782209,0.0496263313142328,0.1714589796738124,0.20155625708664904
baseline-best-28,130,analytic,total,200,0.0030114390115572915,0.04969454425264349,0.17415422182836882,0.20318551452667644
baseline-best-28,130,matched,estimation,200,0.001220558906967564,0.0018761545864102742,0.004113550463624369,0.004343509679857527
baseline-best-28,130,matched,operator,200,0.0,0.0,0.0,0.0
baseline-best-28,130,matched,total,200,0.001220558906967564,0.0018761545864102742,0.004113550463624369,0.004343509679857527
baseline-best-28,131,analytic,estimation,200,-0.0033416287038848095,0.0036189680638184676,0.005021414890335363,0.005296035712722302
baseline-best-28,131,analytic,operator,200,0.012485535444838993,0.0565549027385114,0.17760140111573575,0.38410484232635317
baseline-best-28,131,analytic,total,200,0.009143906740954184,0.056073032370924925,0.17667171419084926,0.3810229276624697
baseline-best-28,131,matched,estimation,200,-0.003366314098023353,0.0036424621399495784,0.005046335169644034,0.005208856546613072
baseline-best-28,131,matched,operator,200,0.0,0.0,0.0,0.0
baseline-best-28,131,matched,total,200,-0.003366314098023353,0.0036424621399495784,0.005046335169644034,0.005208856546613072
baseline-best-28,132,analytic,estimation,200,0.0012714413351526317,0.0017520907258016115,0.0033046516980070884,0.003426961945863116
baseline-best-28,132,analytic,operator,200,-0.00026766399588990127,0.04243459186350462,0.17848522920573928,0.19756551990514626
baseline-best-28,132,analytic,total,200,0.0010037773392627303,0.04254939526059343,0.18005409584790844,0.19623906149395454
baseline-best-28,132,matched,estimation,200,0.0012644634197087818,0.0017266348019145748,0.003269846467632398,0.0034679148351932643
baseline-best-28,132,matched,operator,200,0.0,0.0,0.0,0.0
baseline-best-28,132,matched,total,200,0.0012644634197087818,0.0017266348019145748,0.003269846467632398,0.0034679148351932643
baseline-best-28,133,analytic,estimation,200,0.00012915645068760113,0.0008809855420540303,0.0018968575223044515,0.0019072740059531412
baseline-best-28,133,analytic,operator,200,0.007346380118407912,0.0473331225559667,0.18155225050140006,0.20872849058363785
baseline-best-28,133,analytic,total,200,0.007475536569095513,0.04755967321549541,0.18330431139027575,0.21062847348554603
baseline-best-28,133,matched,estimation,200,0.00010603920554935817,0.0008612516449059029,0.0018975073847677382,0.001965054359559515
baseline-best-28,133,matched,operator,200,0.0,0.0,0.0,0.0
baseline-best-28,133,matched,total,200,0.00010603920554935817,0.0008612516449059029,0.0018975073847677382,0.001965054359559515
baseline-best-28,134,analytic,estimation,200,0.002851620391727393,0.0032818049327604727,0.005409263589847946,0.005493271565971125
baseline-best-28,134,analytic,operator,200,-0.004609270344700448,0.05925448642575268,0.20867625831545447,0.31554006627745423
baseline-best-28,134,analytic,total,200,-0.0017576499529730553,0.059144011733299195,0.212099661503544,0.31637237638005955
baseline-best-28,134,matched,estimation,200,0.0028540216429039835,0.00328069480922317,0.005384714292085757,0.005472227130137952
baseline-best-28,134,matched,operator,200,0.0,0.0,0.0,0.0
baseline-best-28,134,matched,total,200,0.0028540216429039835,0.00328069480922317,0.005384714292085757,0.005472227130137952
baseline-best-28,135,analytic,estimation,200,-0.0010241510195835315,0.0015191846423363875,0.0034527564429891466,0.0035920928252198836
baseline-best-28,135,analytic,operator,200,0.00669991816188427,0.05966435193718143,0.1862864939316266,0.2033473658552472
baseline-best-28,135,analytic,total,200,0.005675767142300738,0.05973170965117316,0.18773875276649415,0.20340099798155045
baseline-best-28,135,matched,estimation,200,-0.0010683630947390856,0.0015410595345143753,0.003435195794177462,0.003511579436579537
baseline-best-28,135,matched,operator,200,0.0,0.0,0.0,0.0
baseline-best-28,135,matched,total,200,-0.0010683630947390856,0.0015410595345143753,0.003435195794177462,0.003511579436579537
baseline-best-28,136,analytic,estimation,200,-0.0008004248332649955,0.0015684635289942895,0.0035156102408768763,0.0035344590913779506
baseline-best-28,136,analytic,operator,200,0.0005199481961812606,0.035786068405662404,0.14112488805184337,0.17087847343911888
baseline-best-28,136,analytic,total,200,-0.000280476637083735,0.036009376156071686,0.14162479550644935,0.170557959584219
baseline-best-28,136,matched,estimation,200,-0.0008162904217042372,0.0015623561773393574,0.0035157251624669053,0.003534419803357919
baseline-best-28,136,matched,operator,200,0.0,0.0,0.0,0.0
baseline-best-28,136,matched,total,200,-0.0008162904217042372,0.0015623561773393574,0.0035157251624669053,0.003534419803357919
baseline-best-28,137,analytic,estimation,200,0.0009742247060520601,0.0015280789212189306,0.0030412315087138264,0.0030572981328922944
baseline-best-28,137,analytic,operator,200,0.0032658497994174146,0.029931901072040953,0.13811725471146813,0.15158916497006708
baseline-best-28,137,analytic,total,200,0.004240074505469474,0.03012771187878657,0.13995848015053486,0.15318153187640954
baseline-best-28,137,matched,estimation,200,0.0009695942948040672,0.0015205657050883336,0.00311696057912092,0.0031241396902148555
baseline-best-28,137,matched,operator,200,0.0,0.0,0.0,0.0
baseline-best-28,137,matched,total,200,0.0009695942948040672,0.0015205657050883336,0.00311696057912092,0.0031241396902148555
baseline-best-28,138,analytic,estimation,200,0.0002499182499812215,0.0010571124012840579,0.0023705833208997884,0.002682183959357709
baseline-best-28,138,analytic,operator,200,0.004270352112437683,0.06367730524483496,0.22144933992186244,0.24602680284705106
baseline-best-28,138,analytic,total,200,0.004520270362418905,0.06395383578816292,0.22334458615448083,0.2456225626933042
baseline-best-28,138,matched,estimation,200,0.00022889199948481333,0.0010188895442713028,0.0023455154953415103,0.0024135156888307474
baseline-best-28,138,matched,operator,200,0.0,0.0,0.0,0.0
baseline-best-28,138,matched,total,200,0.00022889199948481333,0.0010188895442713028,0.0023455154953415103,0.0024135156888307474
baseline-best-28,139,analytic,estimation,200,-0.00017012639134703238,0.00045797521191678073,0.0013032355947149021,0.0014717269874946481
baseline-best-28,139,analytic,operator,200,0.004318272582946029,0.029845458557437882,0.13517038111916754,0.20112240703900677
baseline-best-28,139,analytic,total,200,0.004148146191598996,0.029826729777333253,0.13445925974775452,0.20073298366991502
baseline-best-28,139,matched,estimation,200,-0.000169848824948525,0.0004473200135876059,0.0013022028580778056,0.001425817650241079
baseline-best-28,139,matched,operator,200,0.0,0.0,0.0,0.0
baseline-best-28,139,matched,total,200,-0.000169848824948525,0.0004473200135876059,0.0013022028580778056,0.001425817650241079
baseline-best-28,140,analytic,estimation,200,-0.0009529321100732451,0.0012648901971286579,0.003293716222504184,0.0035055891401477024
baseline-best-28,140,analytic,operator,200,0.0029448942605945698,0.03012029843336163,0.11635858958158071,0.18232245433341676
baseline-best-28,140,analytic,total,200,0.001991962150521325,0.03002620391892202,0.1175967417298385,0.18124239780363116
baseline-best-28,140,matched,estimation,200,-0.0009626943282185884,0.0012819049352753146,0.00331023136357822,0.0034998974003956906
baseline-best-28,140,matched,operator,200,0.0,0.0,0.0,0.0
baseline-best-28,140,matched,total,200,-0.0009626943282185884,0.0012819049352753146,0.00331023136357822,0.0034998974003956906
baseline-best-28,141,analytic,estimation,200,0.0005975661624024637,0.0015036856354869233,0.0028130661757928,0.003020911094029244
baseline-best-28,141,analytic,operator,200,0.0010301372097081534,0.04585145037616596,0.15729088044402684,0.18643554689820896
baseline-best-28,141,analytic,total,200,0.001627703372110617,0.046076580813333656,0.15855822136010544,0.18859010966467593
baseline-best-28,141,matched,estimation,200,0.000584060609253774,0.0014841391673656294,0.0028303944972750683,0.003177791919990791
baseline-best-28,141,matched,operator,200,0.0,0.0,0.0,0.0
baseline-best-28,141,matched,total,200,0.000584060609253774,0.0014841391673656294,0.0028303944972750683,0.003177791919990791
baseline-best-28,142,analytic,estimation,200,0.0017244428356250566,0.0022636056937766803,0.005399949657992231,0.005422582953462096
baseline-best-28,142,analytic,operator,200,-0.0027893648064049796,0.048657199686133815,0.17772372843522466,0.2289426883528496
baseline-best-28,142,analytic,total,200,-0.001064921970779923,0.04876391556882653,0.17692822324589585,0.22747254327580269
baseline-best-28,142,matched,estimation,200,0.0017317336248838593,0.0022656905873374255,0.005274750355072744,0.005536810693015315
baseline-best-28,142,matched,operator,200,0.0,0.0,0.0,0.0
baseline-best-28,142,matched,total,200,0.0017317336248838593,0.0022656905873374255,0.005274750355072744,0.005536810693015315
baseline-best-28,143,analytic,estimation,200,-0.00216982446815098,0.0023633838848011023,0.004045098568025041,0.004089954885674124
baseline-best-28,143,analytic,operator,200,-0.0009486024843037077,0.0417422206005152,0.17020377314815238,0.2106674821015294
baseline-best-28,143,analytic,total,200,-0.003118426952454688,0.042005207098318995,0.16795383089342086,0.2099119631377389
baseline-best-28,143,matched,estimation,200,-0.0021743363641126266,0.002361535571308951,0.004009644071402918,0.004099185421497176
baseline-best-28,143,matched,operator,200,0.0,0.0,0.0,0.0
baseline-best-28,143,matched,total,200,-0.0021743363641126266,0.002361535571308951,0.004009644071402918,0.004099185421497176
baseline-best-28,144,analytic,estimation,200,0.0014981075733420423,0.0016326895710614784,0.0033920553455861757,0.0034990452052791055
baseline-best-28,144,analytic,operator,200,-0.005391682538210224,0.027455129930761362,0.11832709146270559,0.14491139281078072
baseline-best-28,144,analytic,total,200,-0.003893574964868181,0.02733665373410787,0.12056794731523302,0.14399703559834098
baseline-best-28,144,matched,estimation,200,0.001519395197987428,0.0016475757589737706,0.0033920003389479314,0.0035085117967584845
baseline-best-28,144,matched,operator,200,0.0,0.0,0.0,0.0
baseline-best-28,144,matched,total,200,0.001519395197987428,0.0016475757589737706,0.0033920003389479314,0.0035085117967584845
baseline-best-28,145,analytic,estimation,200,-2.2274384779216397e-05,0.0008518816761112028,0.0026654869011881743,0.0028186408958861264
baseline-best-28,145,analytic,operator,200,0.0006825297891986333,0.04874148384530249,0.19883515568807078,0.24292975865229086
baseline-best-28,145,analytic,total,200,0.0006602554044194167,0.04884887024493542,0.20007043193993176,0.2432660788834903
baseline-best-28,145,matched,estimation,200,-1.152526595430733e-05,0.0008286282588383499,0.0026759448950255393,0.002820487004872918
baseline-best-28,145,matched,operator,200,0.0,0.0,0.0,0.0
baseline-best-28,145,matched,total,200,-1.152526595430733e-05,0.0008286282588383499,0.0026759448950255393,0.002820487004872918
baseline-best-28,146,analytic,estimation,200,-0.000189018590615102,0.00031472163901932493,0.000941979384420949,0.0011634312340501884
baseline-best-28,146,analytic,operator,200,0.00387257246851516,0.03396311568479128,0.13397422064944162,0.1808544153663199
baseline-best-28,146,analytic,total,200,0.003683553877900058,0.03397177589512106,0.13397422064944162,0.1808544153663199
baseline-best-28,146,matched,estimation,200,-0.00018987707512761726,0.00030564491395270203,0.0008533925676600107,0.0010292792839270946
baseline-best-28,146,matched,operator,200,0.0,0.0,0.0,0.0
baseline-best-28,146,matched,total,200,-0.00018987707512761726,0.00030564491395270203,0.0008533925676600107,0.0010292792839270946
baseline-best-28,147,analytic,estimation,200,0.0003430763101848986,0.0005558212977977838,0.0017958559858534673,0.0019108640170804603
baseline-best-28,147,analytic,operator,200,0.004183089753710406,0.027506910949800307,0.10931298835107467,0.21440680330174955
baseline-best-28,147,analytic,total,200,0.004526166063895304,0.0276693938550891,0.11122385236815513,0.2160649924413262
baseline-best-28,147,matched,estimation,200,0.00033652030786863644,0.0005396006091845268,0.0017228066130425268,0.0018523516562958808
baseline-best-28,147,matched,operator,200,0.0,0.0,0.0,0.0
baseline-best-28,147,matched,total,200,0.00033652030786863644,0.0005396006091845268,0.0017228066130425268,0.0018523516562958808
baseline-best-28,148,analytic,estimation,200,0.0003350372369151543,0.0006337912821505958,0.0019170467947564607,0.00216142003914066
baseline-best-28,148,analytic,operator,200,-0.0004005291718005408,0.014579915423392485,0.06547633471906061,0.12769206776171144
baseline-best-28,148,analytic,total,200,-6.549193488538655e-05,0.014620736080357657,0.06641928078743162,0.12760501370353022
baseline-best-28,148,matched,estimation,200,0.0003353700072986107,0.0006330274996785275,0.0019583375746494713,0.0021700576376395553
baseline-best-28,148,matched,operator,200,0.0,0.0,0.0,0.0
baseline-best-28,148,matched,total,200,0.0003353700072986107,0.0006330274996785275,0.0019583375746494713,0.0021700576376395553
baseline-best-28,149,analytic,estimation,200,0.002774025560509738,0.0030037830503968975,0.0047389107802904284,0.005275540347374874
baseline-best-28,149,analytic,operator,200,-0.0004949313156980613,0.0549718612253575,0.21383009112632206,0.25770084035295515
baseline-best-28,149,analytic,total,200,0.0022790942448116767,0.05513407170991086,0.21712833321816621,0.2563443951192882
baseline-best-28,149,matched,estimation,200,0.0027542045703419418,0.002980778405878357,0.0049860673794204224,0.005279579334241169
baseline-best-28,149,matched,operator,200,0.0,0.0,0.0,0.0
baseline-best-28,149,matched,total,200,0.0027542045703419418,0.002980778405878357,0.0049860673794204224,0.005279579334241169
baseline-best-28,150,analytic,estimation,200,-0.00036862456456002483,0.00123775276032023,0.0033132444529935245,0.004246208991156575
baseline-best-28,150,analytic,operator,200,0.0017256316140212649,0.052513668000499135,0.20877861553662902,0.2504380396811952
baseline-best-28,150,analytic,total,200,0.0013570070494612404,0.05273686739916449,0.20785067558909243,0.25021869298747906
baseline-best-28,150,matched,estimation,200,-0.000376084386407272,0.0012160068938869952,0.003297509723772629,0.004109337357205867
baseline-best-28,150,matched,operator,200,0.0,0.0,0.0,0.0
baseline-best-28,150,matched,total,200,-0.000376084386407272,0.0012160068938869952,0.003297509723772629,0.004109337357205867
baseline-best-28,151,analytic,estimation,200,-0.0030344721794623537,0.0032991043812525293,0.005316427341019114,0.00547698616026171
baseline-best-28,151,analytic,operator,200,0.0050799593495282815,0.03712574211797097,0.12040293993211049,0.23280179647849486
baseline-best-28,151,analytic,total,200,0.002045487170065928,0.03706658582637837,0.11710856573438244,0.2287528686937551
baseline-best-28,151,matched,estimation,200,-0.003057304966128958,0.0033177931757032123,0.005281910232995797,0.005467100740956465
baseline-best-28,151,matched,operator,200,0.0,0.0,0.0,0.0
baseline-best-28,151,matched,total,200,-0.003057304966128958,0.0033177931757032123,0.005281910232995797,0.005467100740956465
baseline-best-28,152,analytic,estimation,200,0.001539388517496042,0.001763525364030809,0.0032118818006252603,0.0033410290299893397
baseline-best-28,152,analytic,operator,200,-0.001636108847944102,0.030456886361720056,0.1392924715708902,0.18212933267682713
baseline-best-28,152,analytic,total,200,-9.67203304480599e-05,0.030626045925960507,0.13910470390336038,0.1817617095598293
baseline-best-28,152,matched,estimation,200,0.0015324912489258122,0.0017447461927739697,0.0031348783016127424,0.0033749070368472855
baseline-best-28,152,matched,operator,200,0.0,0.0,0.0,0.0
baseline-best-28,152,matched,total,200,0.0015324912489258122,0.0017447461927739697,0.0031348783016127424,0.0033749070368472855
baseline-best-28,153,analytic,estimation,200,-4.5594481978368794e-05,0.0007690554181900498,0.002050769035458644,0.0020858538680686434
baseline-best-28,153,analytic,operator,200,-0.005445282240864205,0.053551698255415114,0.20614435990573404,0.31822765697788524
baseline-best-28,153,analytic,total,200,-0.005490876722842574,0.05361528572998428,0.20650386645457158,0.31836922403130874
baseline-best-28,153,matched,estimation,200,-3.259376781371326e-06,0.0007621383094253834,0.002041718617412036,0.002132209736710744
baseline-best-28,153,matched,operator,200,0.0,0.0,0.0,0.0
baseline-best-28,153,matched,total,200,-3.259376781371326e-06,0.0007621383094253834,0.002041718617412036,0.002132209736710744
baseline-best-28,154,analytic,estimation,200,0.0019249026711903533,0.0019998332503038496,0.002771093381374934,0.0030464751893782838
baseline-best-28,154,analytic,operator,200,0.002145040336407571,0.02221693369333622,0.10871909566964044,0.17594226502971602
baseline-best-28,154,analytic,total,200,0.004069943007597924,0.0225121714968976,0.11015586967012814,0.17826158107935133
baseline-best-28,154,matched,estimation,200,0.0019196477564795867,0.0019920073082170782,0.002749485140763286,0.0027841474728196314
baseline-best-28,154,matched,operator,200,0.0,0.0,0.0,0.0
baseline-best-28,154,matched,total,200,0.0019196477564795867,0.0019920073082170782,0.002749485140763286,0.0027841474728196314
baseline-best-28,155,analytic,estimation,200,-0.0008519481468452428,0.0009768558758780756,0.001957260074263001,0.0019930202696583077
baseline-best-28,155,analytic,operator,200,0.0008502736393908701,0.021735519142431565,0.08948920721967549,0.09938003337607137
baseline-best-28,155,analytic,total,200,-1.6745074543725545e-06,0.021662093266086053,0.08821411063137474,0.09818509628312255
baseline-best-28,155,matched,estimation,200,-0.0008462133575386212,0.000969114384704162,0.0019570840709124404,0.001993110959185973
baseline-best-28,155,matched,operator,200,0.0,0.0,0.0,0.0
baseline-best-28,155,matched,total,200,-0.0008462133575386212,0.000969114384704162,0.0019570840709124404,0.001993110959185973
baseline-best-28,156,analytic,estimation,200,-0.0004355633862964572,0.0006538117525280459,0.0012699536054231325,0.001300288119453076
baseline-best-28,156,analytic,operator,200,-0.0027321058428003415,0.027510231249785154,0.09451955586972606,0.1838152610334776
baseline-best-28,156,analytic,total,200,-0.003167669229096799,0.0274264383972675,0.09479458334476823,0.18378218541539104
baseline-best-28,156,matched,estimation,200,-0.00045711825762595004,0.0006540860984312333,0.001272703350565202,0.0013031037598111098
baseline-best-28,156,matched,operator,200,0.0,0.0,0.0,0.0
baseline-best-28,156,matched,total,200,-0.00045711825762595004,0.0006540860984312333,0.001272703350565202,0.0013031037598111098
baseline-best-28,157,analytic,estimation,200,0.00311072524656417,0.0032650794968026504,0.005147947054376378,0.005205453678919114
baseline-best-28,157,analytic,operator,200,-0.0016489387170966622,0.0418846365592674,0.15719568302692666,0.21755295039824585
baseline-best-28,157,analytic,total,200,0.0014617865294675075,0.04206354425442832,0.15978193317449219,0.21696396863668532
baseline-best-28,157,matched,estimation,200,0.003117075247262764,0.0032683259767731523,0.005172739119012393,0.005462317612505485
baseline-best-28,157,matched,operator,200,0.0,0.0,0.0,0.0
baseline-best-28,157,matched,total,200,0.003117075247262764,0.0032683259767731523,0.005172739119012393,0.005462317612505485
baseline-best-28,158,analytic,estimation,200,-0.0012050003602534808,0.0016090367963279525,0.0034546200543258965,0.003911171230927657
baseline-best-28,158,analytic,operator,200,0.006170744090866256,0.04384099699522729,0.16666508717160083,0.1889695836025198
baseline-best-28,158,analytic,total,200,0.004965743730612775,0.0438917728206737,0.16490806802804653,0.18942139501743416
baseline-best-28,158,matched,estimation,200,-0.00123546666987911,0.0016160082959915947,0.0035006744660234235,0.0038542798609468853
baseline-best-28,158,matched,operator,200,0.0,0.0,0.0,0.0
baseline-best-28,158,matched,total,200,-0.00123546666987911,0.0016160082959915947,0.0035006744660234235,0.0038542798609468853
baseline-best-28,159,analytic,estimation,200,-0.002741197223420125,0.002996039862288559,0.004688369814695448,0.004830087796277915
baseline-best-28,159,analytic,operator,200,0.001735708483715916,0.03823380792333233,0.14634943953675594,0.17671560642177347
baseline-best-28,159,analytic,total,200,-0.0010054887397042095,0.038425242730859885,0.1440967179769166,0.1752298378387288
baseline-best-28,159,matched,estimation,200,-0.0027450090322925277,0.0029935567244103525,0.004667465491199951,0.004731248997764448
baseline-best-28,159,matched,operator,200,0.0,0.0,0.0,0.0
baseline-best-28,159,matched,total,200,-0.0027450090322925277,0.0029935567244103525,0.004667465491199951,0.004731248997764448
baseline-best-28,160,analytic,estimation,200,0.0021634669904406992,0.002479794680112535,0.004170500638213115,0.004220834622166825
baseline-best-28,160,analytic,operator,200,-0.004809116954687187,0.055857472872032646,0.24677240447168147,0.3323057862599868
baseline-best-28,160,analytic,total,200,-0.002645649964246488,0.05587002353370868,0.2463212941769481,0.3313973524967136
baseline-best-28,160,matched,estimation,200,0.002177822697062014,0.0024892648413529167,0.00422782051589965,0.004343354514403153
baseline-best-28,160,matched,operator,200,0.0,0.0,0.0,0.0
baseline-best-28,160,matched,total,200,0.002177822697062014,0.0024892648413529167,0.00422782051589965,0.004343354514403153
baseline-best-28,161,analytic,estimation,200,0.0017447590726706699,0.002091053745279832,0.003635312930395207,0.004152634899027174
baseline-best-28,161,analytic,operator,200,0.0022592957498510802,0.05386760328201547,0.16958411742907642,0.22110098006337842
baseline-best-28,161,analytic,total,200,0.00400405482252175,0.05430044359769436,0.16937957886631094,0.22190999023723312
baseline-best-28,161,matched,estimation,200,0.0017327207017728554,0.0020499594853578547,0.0036465234691933635,0.0036776774416125146
baseline-best-28,161,matched,operator,200,0.0,0.0,0.0,0.0
baseline-best-28,161,matched,total,200,0.0017327207017728554,0.0020499594853578547,0.0036465234691933635,0.0036776774416125146
baseline-best-28,162,analytic,estimation,200,0.0008106431813588356,0.0013593740139235693,0.003674830236277682,0.005493765746383161
baseline-best-28,162,analytic,operator,200,0.0009991484584135977,0.0418168694952251,0.15881496515463245,0.21318996915296928
baseline-best-28,162,analytic,total,200,0.0018097916397724334,0.042042819581440946,0.15944363688053742,0.2129200274272729
baseline-best-28,162,matched,estimation,200,0.0008088876474016546,0.001350230500202915,0.0038888900799416426,0.005361420301754016
baseline-best-28,162,matched,operator,200,0.0,0.0,0.0,0.0
baseline-best-28,162,matched,total,200,0.0008088876474016546,0.001350230500202915,0.0038888900799416426,0.005361420301754016
baseline-best-28,163,analytic,estimation,200,-0.0034433517332546405,0.0035752958338576783,0.0058849778496128935,0.005987621819521394
baseline-best-28,163,analytic,operator,200,0.0015363147398143428,0.031542072981435944,0.144504734753641,0.1816534645766819
baseline-best-28,163,analytic,total,200,-0.0019070369934402974,0.031780554030739865,0.15046723861857614,0.1866809523854846
baseline-best-28,163,matched,estimation,200,-0.0034437569602137003,0.0035698241344525763,0.005680363351689172,0.005948237126986555
baseline-best-28,163,matched,operator,200,0.0,0.0,0.0,0.0
baseline-best-28,163,matched,total,200,-0.0034437569602137003,0.0035698241344525763,0.005680363351689172,0.005948237126986555
baseline-best-28,164,analytic,estimation,200,0.002235057458665056,0.0024214724792288532,0.0035136559806461243,0.003548137156530906
baseline-best-28,164,analytic,operator,200,0.00040110756143401115,0.02622175987222939,0.13723565665805854,0.184737198481581
baseline-best-28,164,analytic,total,200,0.002636165020099067,0.026391834231924934,0.13995716172982625,0.18721947958560664
baseline-best-28,164,matched,estimation,200,0.0022276541656753575,0.002415405038310478,0.0035146173754856402,0.003555894799028181
baseline-best-28,164,matched,operator,200,0.0,0.0,0.0,0.0
baseline-best-28,164,matched,total,200,0.0022276541656753575,0.002415405038310478,0.0035146173754856402,0.003555894799028181
baseline-best-28,165,analytic,estimation,200,0.0004879396096435551,0.0012623752390746082,0.003302840243861682,0.0033354974518863822
baseline-best-28,165,analytic,operator,200,0.002480381012698611,0.03583492441299351,0.14171153537503073,0.18441154661604078
baseline-best-28,165,analytic,total,200,0.002968320622342166,0.036149975192089095,0.1418357076427128,0.18710656379253054
baseline-best-28,165,matched,estimation,200,0.00047878001047503733,0.001223653715904767,0.0032794545154162247,0.003367662307018515
baseline-best-28,165,matched,operator,200,0.0,0.0,0.0,0.0
baseline-best-28,165,matched,total,200,0.00047878001047503733,0.001223653715904767,0.0032794545154162247,0.003367662307018515
baseline-best-28,166,analytic,estimation,200,-0.001223887050830242,0.001408329321413813,0.0030278551315223723,0.003513073191623306
baseline-best-28,166,analytic,operator,200,0.0022033472474806463,0.026670292546821142,0.10609178910190692,0.2547399576604625
baseline-best-28,166,analytic,total,200,0.0009794601966504042,0.026712290112229347,0.10854595693021257,0.25446277881421236
baseline-best-28,166,matched,estimation,200,-0.0012421755930596015,0.0014180167034453677,0.00302968261329406,0.0036914866728041673
baseline-best-28,166,matched,operator,200,0.0,0.0,0.0,0.0
baseline-best-28,166,matched,total,200,-0.0012421755930596015,0.0014180167034453677,0.00302968261329406,0.0036914866728041673
baseline-best-28,167,analytic,estimation,200,0.000927573277219933,0.0013713911532476852,0.0034996307355568135,0.004709692454452075
baseline-best-28,167,analytic,operator,200,0.0007096366908140092,0.041393339758458124,0.1847934481051584,0.19315129816118803
baseline-best-28,167,analytic,total,200,0.0016372099680339422,0.041655338419273866,0.18482864285553552,0.19534182728862715
baseline-best-28,167,matched,estimation,200,0.0009371380938697384,0.0013604255225820394,0.0037372559136503725,0.004736347175444244
baseline-best-28,167,matched,operator,200,0.0,0.0,0.0,0.0
baseline-best-28,167,matched,total,200,0.0009371380938697384,0.0013604255225820394,0.0037372559136503725,0.004736347175444244
baseline-best-28,168,analytic,estimation,200,0.001733300814921351,0.001890284722994415,0.002904781862143213,0.003035932527773566
baseline-best-28,168,analytic,operator,200,0.0014777648578008199,0.0311376525969574,0.10245112214859775,0.29028264355927
baseline-best-28,168,analytic,total,200,0.003211065672722171,0.031396250363279844,0.10544191866714503,0.2927219775502301
baseline-best-28,168,matched,estimation,200,0.001719178506249094,0.0018738148758540903,0.0028117786598635397,0.00303574811462487
baseline-best-28,168,matched,operator,200,0.0,0.0,0.0,0.0
baseline-best-28,168,matched,total,200,0.001719178506249094,0.0018738148758540903,0.0028117786598635397,0.00303574811462487
baseline-recovery-32,1,analytic,estimation,200,0.000404015143031502,0.0007497051728652768,0.0023642198443805107,0.002833381984637562
baseline-recovery-32,1,analytic,operator,200,0.0011938920533125998,0.04054855842624704,0.1546079111814862,0.16623020724380383
baseline-recovery-32,1,analytic,total,200,0.0015979071963441015,0.04065815519672645,0.1562477850013707,0.16693947366928202
baseline-recovery-32,1,matched,estimation,200,0.00039564614034799444,0.0007356753202911,0.002418223499426997,0.00290941096588071
baseline-recovery-32,1,matched,operator,200,0.0,0.0,0.0,0.0
baseline-recovery-32,1,matched,total,200,0.00039564614034799444,0.0007356753202911,0.002418223499426997,0.00290941096588071
baseline-recovery-32,2,analytic,estimation,200,-0.00043015262966801526,0.0009773787123591104,0.0022069184580224555,0.0022272036007356943
baseline-recovery-32,2,analytic,operator,200,-0.0009420663585866498,0.038858782116441656,0.15908289871988718,0.20009574390311458
baseline-recovery-32,2,analytic,total,200,-0.001372218988254665,0.03898972534055896,0.1591462106756072,0.2002952453576501
baseline-recovery-32,2,matched,estimation,200,-0.0004301024301420008,0.0009808748349986861,0.0021905783494244324,0.002227946853222862
baseline-recovery-32,2,matched,operator,200,0.0,0.0,0.0,0.0
baseline-recovery-32,2,matched,total,200,-0.0004301024301420008,0.0009808748349986861,0.0021905783494244324,0.002227946853222862
baseline-recovery-32,3,analytic,estimation,200,-0.0028099415821442107,0.003010274953895902,0.004529555913252381,0.004593865735861902
baseline-recovery-32,3,analytic,operator,200,0.0013613293627027373,0.0407409185887607,0.17244946079318207,0.19062384276882627
baseline-recovery-32,3,analytic,total,200,-0.0014486122194414738,0.04076298438608224,0.17595976384574924,0.18820458890538616
baseline-recovery-32,3,matched,estimation,200,-0.002816882679750099,0.0030177349356184263,0.004507484882024404,0.0045852962832549915
baseline-recovery-32,3,matched,operator,200,0.0,0.0,0.0,0.0
baseline-recovery-32,3,matched,total,200,-0.002816882679750099,0.0030177349356184263,0.004507484882024404,0.0045852962832549915
baseline-recovery-32,4,analytic,estimation,200,0.0016180731550022897,0.001963655824159368,0.004476008351176564,0.004617669434437532
baseline-recovery-32,4,analytic,operator,200,0.0012320588220468048,0.03619367412027493,0.1408577342265363,0.16602969739583812
baseline-recovery-32,4,analytic,total,200,0.0028501319770490945,0.036435972483694186,0.1427140949478729,0.16619852289502995
baseline-recovery-32,4,matched,estimation,200,0.0016104917728616184,0.0019532544022917925,0.004472938761253875,0.004616649083195146
baseline-recovery-32,4,matched,operator,200,0.0,0.0,0.0,0.0
baseline-recovery-32,4,matched,total,200,0.0016104917728616184,0.0019532544022917925,0.004472938761253875,0.004616649083195146
baseline-recovery-32,5,analytic,estimation,200,0.0005474311158155785,0.0009119947893094977,0.0025257277865027294,0.00299163076539144
baseline-recovery-32,5,analytic,operator,200,0.003433265182555945,0.0385688316879302,0.1371760109839927,0.2703432082905851
baseline-recovery-32,5,analytic,total,200,0.003980696298371524,0.038702101195661684,0.13772514173426068,0.27176097430247925
baseline-recovery-32,5,matched,estimation,200,0.0005411052950469674,0.0009065099340112519,0.0025839947910890615,0.0030291180275763274
baseline-recovery-32,5,matched,operator,200,0.0,0.0,0.0,0.0
baseline-recovery-32,5,matched,total,200,0.0005411052950469674,0.0009065099340112519,0.0025839947910890615,0.0030291180275763274
baseline-recovery-32,6,analytic,estimation,200,-0.00047796380962307814,0.0008094872997665524,0.0015530036532393487,0.0017367979700613212
baseline-recovery-32,6,analytic,operator,200,0.0012495408183007218,0.02659329205467769,0.12938369269981623,0.14288246727054202
baseline-recovery-32,6,analytic,total,200,0.0007715770086776437,0.026649114894921985,0.1288370497926571,0.14242784184994625
baseline-recovery-32,6,matched,estimation,200,-0.00048430077456378486,0.0008082378279850336,0.0015149518471974655,0.0016146078460388402
baseline-recovery-32,6,matched,operator,200,0.0,0.0,0.0,0.0
baseline-recovery-32,6,matched,total,200,-0.00048430077456378486,0.0008082378279850336,0.0015149518471974655,0.0016146078460388402
baseline-recovery-32,7,analytic,estimation,200,-0.0003796512431155778,0.0005124185594288397,0.0011180952252170667,0.001130601729312758
baseline-recovery-32,7,analytic,operator,200,0.0003068987238856519,0.01174084164013823,0.05768042216851115,0.08351114490982174
baseline-recovery-32,7,analytic,total,200,-7.275251922992587e-05,0.011787003999984197,0.05865006563746906,0.08462413192995333
baseline-recovery-32,7,matched,estimation,200,-0.0003822696200205908,0.0005132136323165849,0.001149364638867792,0.00120635096816199
baseline-recovery-32,7,matched,operator,200,0.0,0.0,0.0,0.0
baseline-recovery-32,7,matched,total,200,-0.0003822696200205908,0.0005132136323165849,0.001149364638867792,0.00120635096816199
baseline-recovery-32,8,analytic,estimation,200,-3.701644311192249e-05,0.00011039522871916758,0.00029576478010018975,0.0005841645233746195
baseline-recovery-32,8,analytic,operator,200,-0.00029918117459307896,0.005163630723301093,0.027160449197076664,0.03164414804401941
baseline-recovery-32,8,analytic,total,200,-0.00033619761770500145,0.005169488672333368,0.02701100084591601,0.03167946222772837
baseline-recovery-32,8,matched,estimation,200,-3.7808606763244406e-05,0.00010781548912481232,0.00029577807016605007,0.0005672960530183901
baseline-recovery-32,8,matched,operator,200,0.0,0.0,0.0,0.0
baseline-recovery-32,8,matched,total,200,-3.7808606763244406e-05,0.00010781548912481232,0.00029577807016605007,0.0005672960530183901
baseline-recovery-32,9,analytic,estimation,200,0.002014968682968203,0.002309401721713505,0.004298323137501336,0.004323413615662908
baseline-recovery-32,9,analytic,operator,200,-0.0019044316069698952,0.04713794355285309,0.17350272662073685,0.2764896362392272
baseline-recovery-32,9,analytic,total,200,0.00011053707599830752,0.04719794911222999,0.17264623505190202,0.2758203051838466
baseline-recovery-32,9,matched,estimation,200,0.002028563168928776,0.0023237320773275816,0.004359641315579754,0.004394947468655097
baseline-recovery-32,9,matched,operator,200,0.0,0.0,0.0,0.0
baseline-recovery-32,9,matched,total,200,0.002028563168928776,0.0023237320773275816,0.004359641315579754,0.004394947468655097
baseline-recovery-32,10,analytic,estimation,200,-0.0009474330924873833,0.0011968590739281644,0.0023366506942714693,0.0026804546235732474
baseline-recovery-32,10,analytic,operator,200,0.0004182577505309484,0.05369931930283858,0.1978414336079175,0.23352029086938414
baseline-recovery-32,10,analytic,total,200,-0.000529175341956435,0.053886651663763725,0.2005085024886205,0.23435416067131004
baseline-recovery-32,10,matched,estimation,200,-0.0009495023513232689,0.0011792498327736843,0.002259818070034225,0.0024088088332179236
baseline-recovery-32,10,matched,operator,200,0.0,0.0,0.0,0.0
baseline-recovery-32,10,matched,total,200,-0.0009495023513232689,0.0011792498327736843,0.002259818070034225,0.0024088088332179236
baseline-recovery-32,11,analytic,estimation,200,-0.001450224292457042,0.0017138386928165744,0.003168273830757462,0.0033163112826643526
baseline-recovery-32,11,analytic,operator,200,-0.001155453052530404,0.03866868216695601,0.13459545198693895,0.1423858337615227
baseline-recovery-32,11,analytic,total,200,-0.002605677344987446,0.038902138150487584,0.13682641266463652,0.14397340737425657
baseline-recovery-32,11,matched,estimation,200,-0.0014389996553653129,0.0016950335114233814,0.003104417216923616,0.0034958710890027472
baseline-recovery-32,11,matched,operator,200,0.0,0.0,0.0,0.0
baseline-recovery-32,11,matched,total,200,-0.0014389996553653129,0.0016950335114233814,0.003104417216923616,0.0034958710890027472
baseline-recovery-32,12,analytic,estimation,200,0.0004015298864080113,0.0008319377408450116,0.0019584307951667768,0.0034777521178104287
baseline-recovery-32,12,analytic,operator,200,-0.0011162131465490537,0.028987582742667106,0.11739407877258551,0.15594187828111672
baseline-recovery-32,12,analytic,total,200,-0.0007146832601410424,0.029077946903369747,0.11689016700314536,0.1571177872941929
baseline-recovery-32,12,matched,estimation,200,0.0004072182452584008,0.0008295914809512303,0.0017243777201252364,0.0036180630007707215
baseline-recovery-32,12,matched,operator,200,0.0,0.0,0.0,0.0
baseline-recovery-32,12,matched,total,200,0.0004072182452584008,0.0008295914809512303,0.0017243777201252364,0.0036180630007707215
baseline-recovery-32,13,analytic,estimation,200,-0.00029227536126947575,0.0007261247013129261,0.0018657550530660205,0.0018949331020114424
baseline-recovery-32,13,analytic,operator,200,-0.0012446263259320019,0.05419767486142934,0.21157258535375245,0.2917982391822423
baseline-recovery-32,13,analytic,total,200,-0.0015369016872014774,0.05432667301174695,0.2123604985110113,0.2925950753372807
baseline-recovery-32,13,matched,estimation,200,-0.0002942164753989396,0.0007159697006045514,0.0017308875939842094,0.0019556488056178267
baseline-recovery-32,13,matched,operator,200,0.0,0.0,0.0,0.0
baseline-recovery-32,13,matched,total,200,-0.0002942164753989396,0.0007159697006045514,0.0017308875939842094,0.0019556488056178267
baseline-recovery-32,14,analytic,estimation,200,0.00016121661333235896,0.0005066748251894244,0.0014382051698369896,0.0014598616642945428
baseline-recovery-32,14,analytic,operator,200,0.00016322034370002802,0.020829873558470293,0.0799740472714659,0.10550311861954759
baseline-recovery-32,14,analytic,total,200,0.000324436957032387,0.02086521539094176,0.08040665334835495,0.10571401804499496
baseline-recovery-32,14,matched,estimation,200,0.00015924829859507102,0.0005079523015307043,0.0014384246388724174,0.0014596632860872302
baseline-recovery-32,14,matched,operator,200,0.0,0.0,0.0,0.0
baseline-recovery-32,14,matched,total,200,0.00015924829859507102,0.0005079523015307043,0.0014384246388724174,0.0014596632860872302
baseline-recovery-32,15,analytic,estimation,200,-0.0003507692674025386,0.0005472744070367267,0.0016561710460233359,0.0017083911389311757
baseline-recovery-32,15,analytic,operator,200,-0.00122370047064453,0.021936695602222434,0.08275366813622881,0.14873357820201366
baseline-recovery-32,15,analytic,total,200,-0.0015744697380470688,0.022046966902789407,0.08404519451826187,0.14957402730941433
baseline-recovery-32,15,matched,estimation,200,-0.00033734030908061575,0.0005254927411342791,0.0016612166334381007,0.001752099176018429
baseline-recovery-32,15,matched,operator,200,0.0,0.0,0.0,0.0
baseline-recovery-32,15,matched,total,200,-0.00033734030908061575,0.0005254927411342791,0.0016612166334381007,0.001752099176018429
baseline-recovery-32,16,analytic,estimation,200,-0.0005046658047592946,0.0005555883610782982,0.0009269287839001605,0.0009674408433091308
baseline-recovery-32,16,analytic,operator,200,-0.0003252616756898999,0.012301271976041512,0.044108856614791345,0.05195171262536438
baseline-recovery-32,16,analytic,total,200,-0.0008299274804491945,0.012344705459260502,0.04442523709275811,0.051216804543731786
baseline-recovery-32,16,matched,estimation,200,-0.000506116922057676,0.0005542187556119583,0.0009226323086809485,0.0009278045856900285
baseline-recovery-32,16,matched,operator,200,0.0,0.0,0.0,0.0
baseline-recovery-32,16,matched,total,200,-0.000506116922057676,0.0005542187556119583,0.0009226323086809485,0.0009278045856900285
baseline-recovery-32,17,analytic,estimation,200,7.465197601482731e-05,0.00024832366096679605,0.0006860769951830825,0.0007716285235562781
baseline-recovery-32,17,analytic,operator,200,-0.0009570299972527349,0.012079162857239605,0.04957814632487567,0.07445139599977038
baseline-recovery-32,17,analytic,total,200,-0.0008823780212379076,0.012076796512670079,0.0495216102730994,0.07442106969118481
baseline-recovery-32,17,matched,estimation,200,8.060518567034153e-05,0.00024611843382859255,0.0006531799308879815,0.0007715064297747487
baseline-recovery-32,17,matched,operator,200,0.0,0.0,0.0,0.0
baseline-recovery-32,17,matched,total,200,8.060518567034153e-05,0.00024611843382859255,0.0006531799308879815,0.0007715064297747487
baseline-recovery-32,18,analytic,estimation,200,0.0003121935734780065,0.00042137089807952477,0.0009347110961483995,0.0010180694132336243
baseline-recovery-32,18,analytic,operator,200,-0.00025952325963362705,0.008893655591995505,0.047903575254273495,0.05200378051128919
baseline-recovery-32,18,analytic,total,200,5.267031384437949e-05,0.008895689804709523,0.04855154535268219,0.051691288585500664
baseline-recovery-32,18,matched,estimation,200,0.0003111334506584881,0.0004191029329365045,0.00093355447192911,0.0010077323215476608
baseline-recovery-32,18,matched,operator,200,0.0,0.0,0.0,0.0
baseline-recovery-32,18,matched,total,200,0.0003111334506584881,0.0004191029329365045,0.00093355447192911,0.0010077323215476608
baseline-recovery-32,19,analytic,estimation,200,-0.0004997998535318937,0.0005374122576697404,0.000888335594563805,0.0008985163949566111
baseline-recovery-32,19,analytic,operator,200,-0.002616782399225109,0.013506129995786998,0.0621896890517033,0.063466199702458
baseline-recovery-32,19,analytic,total,200,-0.0031165822527570025,0.013607433649751198,0.06254151139400577,0.06393821279484642
baseline-recovery-32,19,matched,estimation,200,-0.0004945503713037982,0.0005330205370863507,0.0008766622886942632,0.0009008136846626325
baseline-recovery-32,19,matched,operator,200,0.0,0.0,0.0,0.0
baseline-recovery-32,19,matched,total,200,-0.0004945503713037982,0.0005330205370863507,0.0008766622886942632,0.0009008136846626325
baseline-recovery-32,20,analytic,estimation,200,0.001105155480426666,0.0014876676389597092,0.003222268479717849,0.0033323585040629933
baseline-recovery-32,20,analytic,operator,200,-0.003308843975716119,0.05641309551562481,0.1795933436592721,0.2213660203063314
baseline-recovery-32,20,analytic,total,200,-0.002203688495289453,0.05674212400992799,0.18214674161209782,0.2220281353790515
baseline-recovery-32,20,matched,estimation,200,0.0010933965025019176,0.0014253675979661825,0.0027545451088932804,0.003177488873253087
baseline-recovery-32,20,matched,operator,200,0.0,0.0,0.0,0.0
baseline-recovery-32,20,matched,total,200,0.0010933965025019176,0.0014253675979661825,0.0027545451088932804,0.003177488873253087
baseline-recovery-32,21,analytic,estimation,200,0.000286445066578851,0.0010429889442928589,0.0031055881450721134,0.0033081197531061868
baseline-recovery-32,21,analytic,operator,200,7.465679903731861e-05,0.05208950146007629,0.18641822375104966,0.21194773021136393
baseline-recovery-32,21,analytic,total,200,0.0003611018656161697,0.052280829340948055,0.18657571300152337,0.21264893436640125
baseline-recovery-32,21,matched,estimation,200,0.0002861271649273134,0.0010216268806172903,0.0028706355339558343,0.003111478054569572
baseline-recovery-32,21,matched,operator,200,0.0,0.0,0.0,0.0
baseline-recovery-32,21,matched,total,200,0.0002861271649273134,0.0010216268806172903,0.0028706355339558343,0.003111478054569572
baseline-recovery-32,22,analytic,estimation,200,-0.0031242231540241122,0.0033582958402813196,0.005210498283325982,0.005457525760776738
baseline-recovery-32,22,analytic,operator,200,0.0008328845492765447,0.04875452807612329,0.1803488729633167,0.21163595194807522
baseline-recovery-32,22,analytic,total,200,-0.0022913386047475675,0.04881680889246516,0.18327015892568865,0.21531741741318317
baseline-recovery-32,22,matched,estimation,200,-0.00313053237002701,0.003359234474647227,0.005219779716350903,0.005283273349193651
baseline-recovery-32,22,matched,operator,200,0.0,0.0,0.0,0.0
baseline-recovery-32,22,matched,total,200,-0.00313053237002701,0.003359234474647227,0.005219779716350903,0.005283273349193651
baseline-recovery-32,23,analytic,estimation,200,0.0017679464226517411,0.0020415544879669946,0.0030024165594583208,0.0031273735156331917
baseline-recovery-32,23,analytic,operator,200,0.003094473754020559,0.03781523543494446,0.14505205282889527,0.2649242738080336
baseline-recovery-32,23,analytic,total,200,0.0048624201766723,0.037928690441448455,0.14788031421506248,0.2659153978242085
baseline-recovery-32,23,matched,estimation,200,0.0017502080571480095,0.002028446129388201,0.0030475872352479505,0.003156808692074853
baseline-recovery-32,23,matched,operator,200,0.0,0.0,0.0,0.0
baseline-recovery-32,23,matched,total,200,0.0017502080571480095,0.002028446129388201,0.0030475872352479505,0.003156808692074853
baseline-recovery-32,24,analytic,estimation,200,0.0008484899317147053,0.0013387451658077316,0.002766176510049123,0.0028082403411195944
baseline-recovery-32,24,analytic,operator,200,-0.00686426106028078,0.05526129364898434,0.20589476144457405,0.22268587350667554
baseline-recovery-32,24,analytic,total,200,-0.006015771128566077,0.05545031982201634,0.2077173650999533,0.2228062517701658
baseline-recovery-32,24,matched,estimation,200,0.0008745637520665328,0.001325736290746232,0.002793289476673233,0.002794620599958386
baseline-recovery-32,24,matched,operator,200,0.0,0.0,0.0,0.0
baseline-recovery-32,24,matched,total,200,0.0008745637520665328,0.001325736290746232,0.002793289476673233,0.002794620599958386
baseline-recovery-32,25,analytic,estimation,200,-0.0011920705907663115,0.0013607443177115295,0.0026499186826091092,0.002708326339723288
baseline-recovery-32,25,analytic,operator,200,0.0019369865635844872,0.043108095347461024,0.2017857987772373,0.24782671689567382
baseline-recovery-32,25,analytic,total,200,0.0007449159728181759,0.04319842873149453,0.201101237730832,0.24799704837052106
baseline-recovery-32,25,matched,estimation,200,-0.0012003787624628214,0.0013630934128068275,0.0023654252611192868,0.002821865188855105
baseline-recovery-32,25,matched,operator,200,0.0,0.0,0.0,0.0
baseline-recovery-32,25,matched,total,200,-0.0012003787624628214,0.0013630934128068275,0.0023654252611192868,0.002821865188855105
baseline-recovery-32,26,analytic,estimation,200,-0.0003884321615788134,0.0008956416466705944,0.002082330183314385,0.0021642572765090407
baseline-recovery-32,26,analytic,operator,200,0.0049807718756456195,0.059999120586735885,0.27655202240586396,0.3493832953850377
baseline-recovery-32,26,analytic,total,200,0.004592339714066806,0.06022315378790459,0.27765755706096323,0.35058071669042445
baseline-recovery-32,26,matched,estimation,200,-0.0004121474869644697,0.0008680098468529566,0.002097525673416034,0.0022096566654128402
baseline-recovery-32,26,matched,operator,200,0.0,0.0,0.0,0.0
baseline-recovery-32,26,matched,total,200,-0.0004121474869644697,0.0008680098468529566,0.002097525673416034,0.0022096566654128402
baseline-recovery-32,27,analytic,estimation,200,0.002541063650964849,0.0026737952479796464,0.003980463348389751,0.0041519257273113785
baseline-recovery-32,27,analytic,operator,200,-0.0019171431516125906,0.06231678660785412,0.2375570901594615,0.32506479180531267
baseline-recovery-32,27,analytic,total,200,0.0006239204993522584,0.062395994204366714,0.24112850723548887,0.32179174831464286
baseline-recovery-32,27,matched,estimation,200,0.002530174959725043,0.002657740926512025,0.003996715670994577,0.004076048040137614
baseline-recovery-32,27,matched,operator,200,0.0,0.0,0.0,0.0
baseline-recovery-32,27,matched,total,200,0.002530174959725043,0.002657740926512025,0.003996715670994577,0.004076048040137614
baseline-recovery-32,28,analytic,estimation,200,-0.004207048688990807,0.004342262560902456,0.005382517219227889,0.005388561213325982
baseline-recovery-32,28,analytic,operator,200,0.0013690663979458884,0.042890643148598404,0.22022245935050266,0.31748738295163004
baseline-recovery-32,28,analytic,total,200,-0.002837982291044919,0.0431321619546809,0.22321925345415272,0.32205657871625637
baseline-recovery-32,28,matched,estimation,200,-0.0042153936325255575,0.00434539085603492,0.0053557035708160505,0.005387989195605014
baseline-recovery-32,28,matched,operator,200,0.0,0.0,0.0,0.0
baseline-recovery-32,28,matched,total,200,-0.0042153936325255575,0.00434539085603492,0.0053557035708160505,0.005387989195605014
baseline-recovery-32,29,analytic,estimation,200,0.001678301426061922,0.0018254963619378668,0.002943562440859915,0.003091553656042967
baseline-recovery-32,29,analytic,operator,200,-0.0032128247378702722,0.049786546828697736,0.21440827640615284,0.25151503428363625
baseline-recovery-32,29,analytic,total,200,-0.00153452331180835,0.04988063071825151,0.21676184122785674,0.2500590336490011
baseline-recovery-32,29,matched,estimation,200,0.0016832899751362993,0.0018196946973976706,0.0029159370116896843,0.0030901710082453793
baseline-recovery-32,29,matched,operator,200,0.0,0.0,0.0,0.0
baseline-recovery-32,29,matched,total,200,0.0016832899751362993,0.0018196946973976706,0.0029159370116896843,0.0030901710082453793
baseline-recovery-32,30,analytic,estimation,200,0.001617567393054613,0.001773929097356645,0.002935560617294941,0.0030879252541652358
baseline-recovery-32,30,analytic,operator,200,0.005017222233852466,0.046536494963177355,0.23816218648571852,0.244330822287617
baseline-recovery-32,30,analytic,total,200,0.0066347896269070795,0.04692714628660018,0.2368259329311559,0.24731464406482534
baseline-recovery-32,30,matched,estimation,200,0.0015959090931495967,0.0017452789847177937,0.0027711797186339426,0.002815721629183976
baseline-recovery-32,30,matched,operator,200,0.0,0.0,0.0,0.0
baseline-recovery-32,30,matched,total,200,0.0015959090931495967,0.0017452789847177937,0.0027711797186339426,0.002815721629183976
baseline-recovery-32,31,analytic,estimation,200,0.0012777819267587075,0.0016535306173801187,0.0031811165530690744,0.0032768712487780127
baseline-recovery-32,31,analytic,operator,200,-0.0009941374591640548,0.05328505023389898,0.17795058137655795,0.24433651584130692
baseline-recovery-32,31,analytic,total,200,0.0002836444675946528,0.05340531423975776,0.17775914902230405,0.24532967229868344
baseline-recovery-32,31,matched,estimation,200,0.001301552376482295,0.0016488943411973173,0.0032825389980361552,0.003335830965802866
baseline-recovery-32,31,matched,operator,200,0.0,0.0,0.0,0.0
baseline-recovery-32,31,matched,total,200,0.001301552376482295,0.0016488943411973173,0.0032825389980361552,0.003335830965802866
baseline-recovery-32,32,analytic,estimation,200,0.003611970111739542,0.00393338120748352,0.00613516890669541,0.006143076159439043
baseline-recovery-32,32,analytic,operator,200,-0.0016618694545160798,0.054084728450513556,0.2051143081233568,0.27283570525728784
baseline-recovery-32,32,analytic,total,200,0.001950100657223462,0.05420474274241587,0.2001730570283185,0.27559560422257123
baseline-recovery-32,32,matched,estimation,200,0.0036070713686682052,0.0039347509004474075,0.006159126671936466,0.006231519883424769
baseline-recovery-32,32,matched,operator,200,0.0,0.0,0.0,0.0
baseline-recovery-32,32,matched,total,200,0.0036070713686682052,0.0039347509004474075,0.006159126671936466,0.006231519883424769
baseline-recovery-32,33,analytic,estimation,200,-0.004287673437516076,0.004470041797223762,0.006596836763412245,0.006765179030454899
baseline-recovery-32,33,analytic,operator,200,0.0012437503717093984,0.04377219583168213,0.1717485817943572,0.23560040057712628
baseline-recovery-32,33,analytic,total,200,-0.003043923065806678,0.043803474817843524,0.17479936885930636,0.2291784107227609
baseline-recovery-32,33,matched,estimation,200,-0.004284881241598843,0.004464456362802448,0.006596019980334822,0.006707265946489231
baseline-recovery-32,33,matched,operator,200,0.0,0.0,0.0,0.0
baseline-recovery-32,33,matched,total,200,-0.004284881241598843,0.004464456362802448,0.006596019980334822,0.006707265946489231
baseline-recovery-32,34,analytic,estimation,200,0.002655208751738029,0.0029435052875084085,0.004829684975287352,0.00488694141586854
baseline-recovery-32,34,analytic,operator,200,-0.0007080176173343726,0.020318086783185557,0.10239912266312545,0.12836780959897565
baseline-recovery-32,34,analytic,total,200,0.0019471911344036566,0.02042773922765125,0.1057251657403141,0.13084179184349132
baseline-recovery-32,34,matched,estimation,200,0.0026554895512840328,0.0029347916469578852,0.004820971627512383,0.0048864800636151395
baseline-recovery-32,34,matched,operator,200,0.0,0.0,0.0,0.0
baseline-recovery-32,34,matched,total,200,0.0026554895512840328,0.0029347916469578852,0.004820971627512383,0.0048864800636151395
baseline-recovery-32,35,analytic,estimation,200,-0.0021610614152871356,0.002392378912385548,0.004348536583793874,0.004460869852847604
baseline-recovery-32,35,analytic,operator,200,-0.007814982862601101,0.052058531994864966,0.20339267982294712,0.27141922121099693
baseline-recovery-32,35,analytic,total,200,-0.009976044277888237,0.05268984010878777,0.20707010792504268,0.2750851094046957
baseline-recovery-32,35,matched,estimation,200,-0.0021027186596252303,0.002322254482949341,0.004150132935315465,0.004404913336170865
baseline-recovery-32,35,matched,operator,200,0.0,0.0,0.0,0.0
baseline-recovery-32,35,matched,total,200,-0.0021027186596252303,0.002322254482949341,0.004150132935315465,0.004404913336170865
baseline-recovery-32,36,analytic,estimation,200,0.0009898812890848942,0.001309363992831106,0.0026975430586129168,0.0028244193941735496
baseline-recovery-32,36,analytic,operator,200,-0.0041134775382526715,0.024947034657272108,0.08495746438053192,0.1897672773834368
baseline-recovery-32,36,analytic,total,200,-0.0031235962491677777,0.024694465401041005,0.08329573516841193,0.18960224644807033
baseline-recovery-32,36,matched,estimation,200,0.0009514800024729187,0.0012684086981433523,0.0026994057495901558,0.002777243139935992
baseline-recovery-32,36,matched,operator,200,0.0,0.0,0.0,0.0
baseline-recovery-32,36,matched,total,200,0.0009514800024729187,0.0012684086981433523,0.0026994057495901558,0.002777243139935992
baseline-recovery-32,37,analytic,estimation,200,-0.0003266267959590504,0.0005132251294806676,0.0012596508135503115,0.0013342633142920668
baseline-recovery-32,37,analytic,operator,200,-0.0008763945395328281,0.016816713301523234,0.06041627288826812,0.09762455210394638
baseline-recovery-32,37,analytic,total,200,-0.0012030213354918785,0.016814664770500334,0.06076366925586413,0.09811509676330005
baseline-recovery-32,37,matched,estimation,200,-0.00032637429710167994,0.0005026479875580966,0.0013210500055785557,0.001351214145023677
baseline-recovery-32,37,matched,operator,200,0.0,0.0,0.0,0.0
baseline-recovery-32,37,matched,total,200,-0.00032637429710167994,0.0005026479875580966,0.0013210500055785557,0.001351214145023677
baseline-recovery-32,38,analytic,estimation,200,-0.0005678935324272325,0.0007062511596530475,0.0016428282425353657,0.0017646959635047033
baseline-recovery-32,38,analytic,operator,200,-0.0013496868166818926,0.021028526548693225,0.065812704329093,0.24055759111846683
baseline-recovery-32,38,analytic,total,200,-0.0019175803491091254,0.021055514743854076,0.06489293328408433,0.24152043326093606
baseline-recovery-32,38,matched,estimation,200,-0.000561276365648414,0.0006980960700383224,0.001622746965895594,0.0017260205661653316
baseline-recovery-32,38,matched,operator,200,0.0,0.0,0.0,0.0
baseline-recovery-32,38,matched,total,200,-0.000561276365648414,0.0006980960700383224,0.001622746965895594,0.0017260205661653316
baseline-recovery-32,39,analytic,estimation,200,-9.146919748561592e-05,0.000226349827096101,0.00048223741849390267,0.0005458774588410487
baseline-recovery-32,39,analytic,operator,200,0.0009516764089461952,0.009190470090915658,0.040536334374545985,0.04864221008096095
baseline-recovery-32,39,analytic,total,200,0.0008602072114605793,0.009177196963814272,0.04018784588719554,0.048803624026436454
baseline-recovery-32,39,matched,estimation,200,-9.552525979721302e-05,0.00022123722316965785,0.0005074117515274645,0.0005457482690506277
baseline-recovery-32,39,matched,operator,200,0.0,0.0,0.0,0.0
baseline-recovery-32,39,matched,total,200,-9.552525979721302e-05,0.00022123722316965785,0.0005074117515274645,0.0005457482690506277
baseline-recovery-32,40,analytic,estimation,200,0.0002322401917993598,0.00031762175424007835,0.0007485689921473693,0.0007756621778224337
baseline-recovery-32,40,analytic,operator,200,0.00014536483912698083,0.008214547752136453,0.04521847432083869,0.0713476287460253
baseline-recovery-32,40,analytic,total,200,0.0003776050309263407,0.008226679137219283,0.04497297416180022,0.07170775983550548
baseline-recovery-32,40,matched,estimation,200,0.00023066875124975322,0.00031397465168685917,0.0007312273476968167,0.0007529470483822465
baseline-recovery-32,40,matched,operator,200,0.0,0.0,0.0,0.0
baseline-recovery-32,40,matched,total,200,0.00023066875124975322,0.00031397465168685917,0.0007312273476968167,0.0007529470483822465
baseline-recovery-32,41,analytic,estimation,200,0.0004739921309118654,0.0011271508892947975,0.002645009652954,0.00276418214882157
baseline-recovery-32,41,analytic,operator,200,0.003752555628152921,0.05173806362625335,0.18290157260365744,0.2523315993015669
baseline-recovery-32,41,analytic,total,200,0.004226547759064786,0.05185364521739604,0.18375047778350126,0.25333450672510716
baseline-recovery-32,41,matched,estimation,200,0.0004499091599774041,0.0010891783594206533,0.002588598462644476,0.002750392335942653
baseline-recovery-32,41,matched,operator,200,0.0,0.0,0.0,0.0
baseline-recovery-32,41,matched,total,200,0.0004499091599774041,0.0010891783594206533,0.002588598462644476,0.002750392335942653
baseline-recovery-32,42,analytic,estimation,200,0.0006613515904200575,0.0012355051744142365,0.002744849017881912,0.0028458715389007017
baseline-recovery-32,42,analytic,operator,200,0.002737704513438361,0.07570444454983727,0.2508942611089311,0.3097262025309949
baseline-recovery-32,42,analytic,total,200,0.003399056103858419,0.07590325053276135,0.25117587639493,0.3105128898943047
baseline-recovery-32,42,matched,estimation,200,0.0006422294406225174,0.0011907914692037107,0.0023629956563545607,0.002729211515027391
baseline-recovery-32,42,matched,operator,200,0.0,0.0,0.0,0.0
baseline-recovery-32,42,matched,total,200,0.0006422294406225174,0.0011907914692037107,0.0023629956563545607,0.002729211515027391
baseline-recovery-32,43,analytic,estimation,200,-0.001569577274239794,0.00198047267111807,0.004276878151313612,0.004332358502609601
baseline-recovery-32,43,analytic,operator,200,-0.0023907887702107468,0.04658781522720324,0.18908160516796452,0.24704862169916875
baseline-recovery-32,43,analytic,total,200,-0.00396036604445054,0.04673664883694499,0.19175375276933154,0.2463792985617126
baseline-recovery-32,43,matched,estimation,200,-0.0015621402371395487,0.0019691318569150565,0.004243527707720518,0.004563916473933283
baseline-recovery-32,43,matched,operator,200,0.0,0.0,0.0,0.0
baseline-recovery-32,43,matched,total,200,-0.0015621402371395487,0.0019691318569150565,0.004243527707720518,0.004563916473933283
baseline-recovery-32,44,analytic,estimation,200,-0.0007685676911262178,0.0012976855885404768,0.004896537137601964,0.005008038578641849
baseline-recovery-32,44,analytic,operator,200,0.0028993964562542885,0.04577066558587841,0.15435807181066336,0.18058825816408547
baseline-recovery-32,44,analytic,total,200,0.0021308287651280707,0.045889260123381154,0.1593661103893052,0.18548479530168743
baseline-recovery-32,44,matched,estimation,200,-0.0007649300567214369,0.001265892727827629,0.0047632729293105025,0.005045793863079462
baseline-recovery-32,44,matched,operator,200,0.0,0.0,0.0,0.0
baseline-recovery-32,44,matched,total,200,-0.0007649300567214369,0.001265892727827629,0.0047632729293105025,0.005045793863079462
baseline-recovery-32,45,analytic,estimation,200,4.6165260616871375e-05,0.0006401784205565053,0.0018714772838219762,0.001901036540102513
baseline-recovery-32,45,analytic,operator,200,-0.004568573343897636,0.05705733280374616,0.21532615186563855,0.2842587667742223
baseline-recovery-32,45,analytic,total,200,-0.0045224080832807646,0.05716694242739983,0.21533395796626711,0.2844773868911432
baseline-recovery-32,45,matched,estimation,200,5.355621499193059e-05,0.0006354755834135896,0.0018664978488535378,0.001925206798461268
baseline-recovery-32,45,matched,operator,200,0.0,0.0,0.0,0.0
baseline-recovery-32,45,matched,total,200,5.355621499193059e-05,0.0006354755834135896,0.0018664978488535378,0.001925206798461268
baseline-recovery-32,46,analytic,estimation,200,-0.0023916875699301083,0.0024645707160190116,0.003256423684594667,0.003755250206805394
baseline-recovery-32,46,analytic,operator,200,0.0015214423866931508,0.027126828981569123,0.13848119702267203,0.18677898687208772
baseline-recovery-32,46,analytic,total,200,-0.0008702451832369575,0.02711533308992067,0.14083041177855216,0.1851562708294494
baseline-recovery-32,46,matched,estimation,200,-0.0023855677915837867,0.0024557263371146935,0.0032563072855071873,0.0036644767589475435
baseline-recovery-32,46,matched,operator,200,0.0,0.0,0.0,0.0
baseline-recovery-32,46,matched,total,200,-0.0023855677915837867,0.0024557263371146935,0.0032563072855071873,0.0036644767589475435
baseline-recovery-32,47,analytic,estimation,200,0.0006612096051344735,0.0008644829510961981,0.0024314190684739945,0.0024616494207592154
baseline-recovery-32,47,analytic,operator,200,0.0007109175228794582,0.04325021594942511,0.2185899969183644,0.2809220150136617
baseline-recovery-32,47,analytic,total,200,0.0013721271280139316,0.0433263217368721,0.21960348999985074,0.2823225060227045
baseline-recovery-32,47,matched,estimation,200,0.000665654686653625,0.0008656934080934679,0.0024281212569853827,0.002605564956863593
baseline-recovery-32,47,matched,operator,200,0.0,0.0,0.0,0.0
baseline-recovery-32,47,matched,total,200,0.000665654686653625,0.0008656934080934679,0.0024281212569853827,0.002605564956863593
baseline-recovery-32,48,analytic,estimation,200,0.0008736742795683583,0.0009873807808094945,0.0018937036584161238,0.001915909622483225
baseline-recovery-32,48,analytic,operator,200,-0.0031934713359301706,0.03216962010125844,0.1731214539644393,0.19365338182051633
baseline-recovery-32,48,analytic,total,200,-0.002319797056361813,0.03217310134404507,0.1731214539644393,0.19481473034756258
baseline-recovery-32,48,matched,estimation,200,0.0008822066682635595,0.0009897258343533552,0.001889010020321047,0.0019157416827123575
baseline-recovery-32,48,matched,operator,200,0.0,0.0,0.0,0.0
baseline-recovery-32,48,matched,total,200,0.0008822066682635595,0.0009897258343533552,0.001889010020321047,0.0019157416827123575
baseline-recovery-32,49,analytic,estimation,200,0.001435420655443719,0.0017832869269787334,0.0034855268362365965,0.003556455911418621
baseline-recovery-32,49,analytic,operator,200,7.183575672132699e-05,0.054908855465449255,0.18680662609022175,0.19461915241847366
baseline-recovery-32,49,analytic,total,200,0.0015072564121650462,0.054889897013233505,0.18712759585954947,0.19492299516354872
baseline-recovery-32,49,matched,estimation,200,0.0014363125592650621,0.001786051822790249,0.003426034980384296,0.0034518345509497728
baseline-recovery-32,49,matched,operator,200,0.0,0.0,0.0,0.0
baseline-recovery-32,49,matched,total,200,0.0014363125592650621,0.001786051822790249,0.003426034980384296,0.0034518345509497728
baseline-recovery-32,50,analytic,estimation,200,-0.0010846683381861638,0.0012740937346618875,0.002204326515000854,0.0023135557495828074
baseline-recovery-32,50,analytic,operator,200,-0.0015935478179512847,0.057627951532299354,0.17887624340031577,0.32281228594816513
baseline-recovery-32,50,analytic,total,200,-0.0026782161561374486,0.05767252144560036,0.18004633794420022,0.3241006502576952
baseline-recovery-32,50,matched,estimation,200,-0.001084863362416624,0.0012759944529320642,0.002203755398895113,0.0023599906092015566
baseline-recovery-32,50,matched,operator,200,0.0,0.0,0.0,0.0
baseline-recovery-32,50,matched,total,200,-0.001084863362416624,0.0012759944529320642,0.002203755398895113,0.0023599906092015566
baseline-recovery-32,51,analytic,estimation,200,-0.0005130401045343013,0.0009104431498345903,0.0021606979398496873,0.0036681652298267142
baseline-recovery-32,51,analytic,operator,200,0.0023452242629926315,0.05000060434917729,0.1999095438924947,0.2494679664871189
baseline-recovery-32,51,analytic,total,200,0.0018321841584583302,0.05003467765859569,0.1997338859278016,0.2484597298869642
baseline-recovery-32,51,matched,estimation,200,-0.0005100003129059058,0.0009063587434342168,0.002362950117601903,0.0027209718530606664
baseline-recovery-32,51,matched,operator,200,0.0,0.0,0.0,0.0
baseline-recovery-32,51,matched,total,200,-0.0005100003129059058,0.0009063587434342168,0.002362950117601903,0.0027209718530606664
baseline-recovery-32,52,analytic,estimation,200,0.0006704720875931176,0.001181561136818825,0.004644514168413716,0.004861796492981019
baseline-recovery-32,52,analytic,operator,200,-0.003466722777662798,0.03518895216121654,0.1270889512582827,0.18852272889903146
baseline-recovery-32,52,analytic,total,200,-0.00279625069006968,0.03524090690910072,0.1267532149826038,0.18884146880081923
baseline-recovery-32,52,matched,estimation,200,0.0006824397971342941,0.0011949942116327773,0.004805339467382819,0.005041119600782018
baseline-recovery-32,52,matched,operator,200,0.0,0.0,0.0,0.0
baseline-recovery-32,52,matched,total,200,0.0006824397971342941,0.0011949942116327773,0.004805339467382819,0.005041119600782018
baseline-recovery-32,53,analytic,estimation,200,4.450496106666174e-05,0.0017474148888626494,0.007773692752170103,0.008196481537771971
baseline-recovery-32,53,analytic,operator,200,-0.010358311604646482,0.07373375667197234,0.26520140892068994,0.3044555180625509
baseline-recovery-32,53,analytic,total,200,-0.01031380664357982,0.07376266640140819,0.2652842771945184,0.3046105439182064
baseline-recovery-32,53,matched,estimation,200,6.368921496381505e-05,0.0017467032091814856,0.007760994264896182,0.008196999295074336
baseline-recovery-32,53,matched,operator,200,0.0,0.0,0.0,0.0
baseline-recovery-32,53,matched,total,200,6.368921496381505e-05,0.0017467032091814856,0.007760994264896182,0.008196999295074336
baseline-recovery-32,54,analytic,estimation,200,0.0005593461967094266,0.0009217573546614415,0.0023571395613002366,0.002530542894310095
baseline-recovery-32,54,analytic,operator,200,-0.002980386508109022,0.05500930915371019,0.22396757247072757,0.30965813517456536
baseline-recovery-32,54,analytic,total,200,-0.0024210403113995955,0.055100484007148794,0.22375626238702523,0.31181267688009656
baseline-recovery-32,54,matched,estimation,200,0.000568633555167927,0.0009206876227008185,0.0023637987330162313,0.0026548575785427797
baseline-recovery-32,54,matched,operator,200,0.0,0.0,0.0,0.0
baseline-recovery-32,54,matched,total,200,0.000568633555167927,0.0009206876227008185,0.0023637987330162313,0.0026548575785427797
baseline-recovery-32,55,analytic,estimation,200,-0.002468713313389797,0.002536346453753279,0.004251305821702522,0.0044979030483802696
baseline-recovery-32,55,analytic,operator,200,-0.0033005965328359345,0.022033045380635045,0.06042153725636612,0.19593093239300396
baseline-recovery-32,55,analytic,total,200,-0.005769309846225732,0.022547861848322557,0.062009747803689064,0.20042883544138423
baseline-recovery-32,55,matched,estimation,200,-0.0024554966363557417,0.002522971003709846,0.0039002685490122646,0.004567497163807888
baseline-recovery-32,55,matched,operator,200,0.0,0.0,0.0,0.0
baseline-recovery-32,55,matched,total,200,-0.0024554966363557417,0.002522971003709846,0.0039002685490122646,0.004567497163807888
baseline-recovery-32,56,analytic,estimation,200,0.0016674648176801087,0.0017735369008412842,0.0028809479151095108,0.002941556131864753
baseline-recovery-32,56,analytic,operator,200,0.0036692156488857186,0.03149085305245837,0.14391968482457734,0.23372889685995846
baseline-recovery-32,56,analytic,total,200,0.0053366804665658275,0.031733658811401215,0.14562223630386564,0.23571437997682254
baseline-recovery-32,56,matched,estimation,200,0.001655006657083606,0.0017644031186083633,0.0028802570695708463,0.0029416993011206483
baseline-recovery-32,56,matched,operator,200,0.0,0.0,0.0,0.0
baseline-recovery-32,56,matched,total,200,0.001655006657083606,0.0017644031186083633,0.0028802570695708463,0.0029416993011206483
baseline-recovery-32,57,analytic,estimation,200,0.0008913593011386073,0.0011313925380211098,0.0023372955476930746,0.0024837180106571655
baseline-recovery-32,57,analytic,operator,200,0.0036668473479538975,0.03396628636676274,0.16369156227041182,0.18992560342290057
baseline-recovery-32,57,analytic,total,200,0.004558206649092505,0.034227178884693135,0.16591053122288385,0.19214016997288766
baseline-recovery-32,57,matched,estimation,200,0.0008728984321005446,0.0011069216911944806,0.002256851638304136,0.0024747316461057323
baseline-recovery-32,57,matched,operator,200,0.0,0.0,0.0,0.0
baseline-recovery-32,57,matched,total,200,0.0008728984321005446,0.0011069216911944806,0.002256851638304136,0.0024747316461057323
baseline-recovery-32,58,analytic,estimation,200,0.0013565070603296049,0.002003151896473454,0.004583263184464226,0.004647700067143656
baseline-recovery-32,58,analytic,operator,200,-0.0027911279156639457,0.06089648027287295,0.19423539289463287,0.3483527896978236
baseline-recovery-32,58,analytic,total,200,-0.0014346208553343408,0.06128447594491213,0.1982176078668183,0.3489826568900148
baseline-recovery-32,58,matched,estimation,200,0.0013758832958928515,0.0019409899508555843,0.004373169937704757,0.0047501048472068375
baseline-recovery-32,58,matched,operator,200,0.0,0.0,0.0,0.0
baseline-recovery-32,58,matched,total,200,0.0013758832958928515,0.0019409899508555843,0.004373169937704757,0.0047501048472068375
baseline-recovery-32,59,analytic,estimation,200,0.0006146518249571705,0.0014856802401479055,0.0032205289764204864,0.003326911660180079
baseline-recovery-32,59,analytic,operator,200,-0.007488343045208343,0.056687899814453616,0.21726226579610516,0.28866547957335664
baseline-recovery-32,59,analytic,total,200,-0.006873691220251173,0.05671982214846912,0.21710302721728367,0.28913998422453613
baseline-recovery-32,59,matched,estimation,200,0.000646648908137305,0.0015037513475261465,0.0032205255743325487,0.0033396568503859803
baseline-recovery-32,59,matched,operator,200,0.0,0.0,0.0,0.0
baseline-recovery-32,59,matched,total,200,0.000646648908137305,0.0015037513475261465,0.0032205255743325487,0.0033396568503859803
baseline-recovery-32,60,analytic,estimation,200,-0.0056027904144765155,0.005845894178187372,0.009818176103923104,0.009964689049480668
baseline-recovery-32,60,analytic,operator,200,-0.0012246175419389754,0.04239460499219053,0.18640784987061992,0.20617293535707631
baseline-recovery-32,60,analytic,total,200,-0.00682740795641549,0.042844952937361847,0.18358847130497974,0.21064073970166391
baseline-recovery-32,60,matched,estimation,200,-0.00559140996040554,0.005835917809309604,0.009647200182908655,0.009976649185906794
baseline-recovery-32,60,matched,operator,200,0.0,0.0,0.0,0.0
baseline-recovery-32,60,matched,total,200,-0.00559140996040554,0.005835917809309604,0.009647200182908655,0.009976649185906794
baseline-recovery-32,61,analytic,estimation,200,0.002602700728248683,0.0030085386976166652,0.005510586259628303,0.005784280342102988
baseline-recovery-32,61,analytic,operator,200,0.0008043199466524161,0.03367758810628925,0.14175468157158158,0.1755519874657134
baseline-recovery-32,61,analytic,total,200,0.0034070206749010996,0.03415125593108054,0.13985134075365221,0.1799656022696238
baseline-recovery-32,61,matched,estimation,200,0.00259938698323737,0.0029888428017112853,0.005391398448381546,0.006005162625210003
baseline-recovery-32,61,matched,operator,200,0.0,0.0,0.0,0.0
baseline-recovery-32,61,matched,total,200,0.00259938698323737,0.0029888428017112853,0.005391398448381546,0.006005162625210003
baseline-recovery-32,62,analytic,estimation,200,0.0014078944549473812,0.0020195743665593654,0.004307127013408851,0.004322385863307243
baseline-recovery-32,62,analytic,operator,200,-0.0037581700393067964,0.05038107430513459,0.1722378250530197,0.19972626422471915
baseline-recovery-32,62,analytic,total,200,-0.002350275584359415,0.05068305064951268,0.17395173462452673,0.20238081944461608
baseline-recovery-32,62,matched,estimation,200,0.001416255210927434,0.00196909738828823,0.0043036853951108345,0.00453934825003155
baseline-recovery-32,62,matched,operator,200,0.0,0.0,0.0,0.0
baseline-recovery-32,62,matched,total,200,0.001416255210927434,0.00196909738828823,0.0043036853951108345,0.00453934825003155
baseline-recovery-32,63,analytic,estimation,200,0.0002582649295186188,0.0004835638122224243,0.001080944623168545,0.001474824359379956
baseline-recovery-32,63,analytic,operator,200,-0.0004906985018901396,0.021089644263080222,0.07187830007569324,0.19575768235483337
baseline-recovery-32,63,analytic,total,200,-0.00023243357237152083,0.021126547480292898,0.07212965430319551,0.1958041355678739
baseline-recovery-32,63,matched,estimation,200,0.00026253298795872264,0.00048088147651602565,0.001081236773932459,0.0017008800974333549
baseline-recovery-32,63,matched,operator,200,0.0,0.0,0.0,0.0
baseline-recovery-32,63,matched,total,200,0.00026253298795872264,0.00048088147651602565,0.001081236773932459,0.0017008800974333549
baseline-recovery-32,64,analytic,estimation,200,-0.00021661305806529717,0.0002814607436948414,0.0004987131314886373,0.0005019428114769048
baseline-recovery-32,64,analytic,operator,200,0.0008573358526045661,0.01826703004234429,0.0686846231000103,0.09492943768291887
baseline-recovery-32,64,analytic,total,200,0.0006407227945392689,0.018239657989689902,0.06872793475202235,0.09443072455143023
baseline-recovery-32,64,matched,estimation,200,-0.00021376582595462304,0.0002737054093122461,0.0005111253887911532,0.0005203347616076354
baseline-recovery-32,64,matched,operator,200,0.0,0.0,0.0,0.0
baseline-recovery-32,64,matched,total,200,-0.00021376582595462304,0.0002737054093122461,0.0005111253887911532,0.0005203347616076354
baseline-recovery-32,65,analytic,estimation,200,0.0007041234694154934,0.0007559529924329928,0.0010429829377688327,0.0010546222457588628
baseline-recovery-32,65,analytic,operator,200,0.0012019390266043576,0.012854003963438955,0.04710187067454611,0.07873703461166315
baseline-recovery-32,65,analytic,total,200,0.001906062496019851,0.01287465950390515,0.04710187067454611,0.07871003113252173
baseline-recovery-32,65,matched,estimation,200,0.000705917522837135,0.0007558617444814998,0.0010431239604203335,0.0010544907476892074
baseline-recovery-32,65,matched,operator,200,0.0,0.0,0.0,0.0
baseline-recovery-32,65,matched,total,200,0.000705917522837135,0.0007558617444814998,0.0010431239604203335,0.0010544907476892074
baseline-recovery-32,66,analytic,estimation,200,-0.00021619609768339326,0.0002825597756822137,0.0004752914856337026,0.0004808416653156594
baseline-recovery-32,66,analytic,operator,200,-0.0003273496515895314,0.008832229142787546,0.03735628888777551,0.05134650133823768
baseline-recovery-32,66,analytic,total,200,-0.0005435457492729247,0.008802741136790204,0.03743230259349877,0.05145356650919573
baseline-recovery-32,66,matched,estimation,200,-0.00021817074458299027,0.0002805425707680897,0.0004893175443548975,0.0005112397780467209
baseline-recovery-32,66,matched,operator,200,0.0,0.0,0.0,0.0
baseline-recovery-32,66,matched,total,200,-0.00021817074458299027,0.0002805425707680897,0.0004893175443548975,0.0005112397780467209
baseline-recovery-32,67,analytic,estimation,200,0.0049003198446867045,0.00525617951013765,0.008040121680571222,0.008213392802405295
baseline-recovery-32,67,analytic,operator,200,0.006538994322968992,0.053241554781070136,0.18732534409738777,0.2207047150675914
baseline-recovery-32,67,analytic,total,200,0.011439314167655696,0.05417518990673179,0.193094502098959,0.2245470523119465
baseline-recovery-32,67,matched,estimation,200,0.004898173286822606,0.005253294713301016,0.007841522398858602,0.008037437731721386
baseline-recovery-32,67,matched,operator,200,0.0,0.0,0.0,0.0
baseline-recovery-32,67,matched,total,200,0.004898173286822606,0.005253294713301016,0.007841522398858602,0.008037437731721386
baseline-recovery-32,68,analytic,estimation,200,-0.0028955139005006976,0.0032341487899947728,0.005432318848423934,0.005567365792400303
baseline-recovery-32,68,analytic,operator,200,0.0037605690622248937,0.05598099209030501,0.21614449862167148,0.22628902250937488
baseline-recovery-32,68,analytic,total,200,0.000865055161724196,0.05612130020991285,0.21359684531938952,0.22493145021788552
baseline-recovery-32,68,matched,estimation,200,-0.0029009187857929014,0.003226810570002856,0.005501355473509384,0.0055229703562744425
baseline-recovery-32,68,matched,operator,200,0.0,0.0,0.0,0.0
baseline-recovery-32,68,matched,total,200,-0.0029009187857929014,0.003226810570002856,0.005501355473509384,0.0055229703562744425
baseline-recovery-32,69,analytic,estimation,200,-0.002306299344520188,0.0028989805156641084,0.005655394909452216,0.0060961883301735575
baseline-recovery-32,69,analytic,operator,200,-0.00034726965368750016,0.04274991128877518,0.1427797655769636,0.1665796725201839
baseline-recovery-32,69,analytic,total,200,-0.002653568998207688,0.04301810816441497,0.1414511672203116,0.1649519883178897
baseline-recovery-32,69,matched,estimation,200,-0.0023386492263001548,0.0029161745148305017,0.00560195001571806,0.006112877297172581
baseline-recovery-32,69,matched,operator,200,0.0,0.0,0.0,0.0
baseline-recovery-32,69,matched,total,200,-0.0023386492263001548,0.0029161745148305017,0.00560195001571806,0.006112877297172581
baseline-recovery-32,70,analytic,estimation,200,0.0005879488160905919,0.0010483069441795132,0.002428977864211035,0.003077017317822728
baseline-recovery-32,70,analytic,operator,200,0.0017928901452360952,0.05047927159874339,0.19703513860342386,0.23361532523453127
baseline-recovery-32,70,analytic,total,200,0.002380838961326687,0.05057689639312102,0.19773550727514913,0.23465882543847788
baseline-recovery-32,70,matched,estimation,200,0.0005678355619683207,0.0010264707444440939,0.00249367429175984,0.0030758026183312914
baseline-recovery-32,70,matched,operator,200,0.0,0.0,0.0,0.0
baseline-recovery-32,70,matched,total,200,0.0005678355619683207,0.0010264707444440939,0.00249367429175984,0.0030758026183312914
baseline-recovery-32,71,analytic,estimation,200,0.0010948031819889193,0.0016251349334400445,0.0035840041116447507,0.0037580970077245035
baseline-recovery-32,71,analytic,operator,200,0.002114505836699832,0.041776006307672565,0.14573127221181326,0.1986876150362551
baseline-recovery-32,71,analytic,total,200,0.003209309018688751,0.04200525471696142,0.14609721511635232,0.1988029274351123
baseline-recovery-32,71,matched,estimation,200,0.0011230775369834277,0.0016267442702583557,0.003375728406096002,0.004049027208604922
baseline-recovery-32,71,matched,operator,200,0.0,0.0,0.0,0.0
baseline-recovery-32,71,matched,total,200,0.0011230775369834277,0.0016267442702583557,0.003375728406096002,0.004049027208604922
baseline-recovery-32,72,analytic,estimation,200,-0.000712365762939868,0.0010610983329552195,0.003457498331287792,0.00377199672566271
baseline-recovery-32,72,analytic,operator,200,-0.0009423099452529238,0.014709197899119378,0.07095023930807051,0.11297956965384831
baseline-recovery-32,72,analytic,total,200,-0.0016546757081927917,0.01498235837986674,0.07472223603373324,0.11336608015178873
baseline-recovery-32,72,matched,estimation,200,-0.0007056786999194041,0.0010374606170376168,0.0033366622611138153,0.0037931861399840977
baseline-recovery-32,72,matched,operator,200,0.0,0.0,0.0,0.0
baseline-recovery-32,72,matched,total,200,-0.0007056786999194041,0.0010374606170376168,0.0033366622611138153,0.0037931861399840977
baseline-recovery-32,73,analytic,estimation,200,-0.0009800002497890332,0.0015736385926459265,0.004251556035080761,0.0043549488276839465
baseline-recovery-32,73,analytic,operator,200,0.005283816143529454,0.05530805479421744,0.1948863133067651,0.28264557520227485
baseline-recovery-32,73,analytic,total,200,0.004303815893740421,0.05536110907892255,0.1950730396377358,0.2815765655352765
baseline-recovery-32,73,matched,estimation,200,-0.0010100983246320897,0.001583938507397821,0.00434222085325936,0.0045121120009307125
baseline-recovery-32,73,matched,operator,200,0.0,0.0,0.0,0.0
baseline-recovery-32,73,matched,total,200,-0.0010100983246320897,0.001583938507397821,0.00434222085325936,0.0045121120009307125
baseline-recovery-32,74,analytic,estimation,200,0.0015765679900981689,0.0018624040261459507,0.0035525789643926498,0.0035716984363323157
baseline-recovery-32,74,analytic,operator,200,-0.0011039071347161771,0.05903148607979478,0.19714395342665275,0.282584691278835
baseline-recovery-32,74,analytic,total,200,0.0004726608553819917,0.0591227112808288,0.19847428750623664,0.28509735240409184
baseline-recovery-32,74,matched,estimation,200,0.0015793815673215258,0.0018612099845134117,0.0035619651733140856,0.003586820755428488
baseline-recovery-32,74,matched,operator,200,0.0,0.0,0.0,0.0
baseline-recovery-32,74,matched,total,200,0.0015793815673215258,0.0018612099845134117,0.0035619651733140856,0.003586820755428488
baseline-recovery-32,75,analytic,estimation,200,-0.0034279285688573647,0.00362007238601771,0.005105328935049447,0.005502764868763332
baseline-recovery-32,75,analytic,operator,200,-0.0018088804719443687,0.045249289149182206,0.19687373248654977,0.23159008658749353
baseline-recovery-32,75,analytic,total,200,-0.005236809040801733,0.04556815495344408,0.19276987273251173,0.23447033676906553
baseline-recovery-32,75,matched,estimation,200,-0.003419154673611545,0.0036153733721871494,0.005116837817190412,0.005413475526970801
baseline-recovery-32,75,matched,operator,200,0.0,0.0,0.0,0.0
baseline-recovery-32,75,matched,total,200,-0.003419154673611545,0.0036153733721871494,0.005116837817190412,0.005413475526970801
baseline-recovery-32,76,analytic,estimation,200,0.0009636014782622629,0.001339720497772981,0.003101300597864398,0.003203625452123493
baseline-recovery-32,76,analytic,operator,200,4.225008295192507e-06,0.038395984402188055,0.15687386828382693,0.20284568123009095
baseline-recovery-32,76,analytic,total,200,0.0009678264865574554,0.038438087624814356,0.15920341728284232,0.2015706737267604
baseline-recovery-32,76,matched,estimation,200,0.0009683782459269172,0.0013407096962237365,0.0031053742519695504,0.0032295585722641462
baseline-recovery-32,76,matched,operator,200,0.0,0.0,0.0,0.0
baseline-recovery-32,76,matched,total,200,0.0009683782459269172,0.0013407096962237365,0.0031053742519695504,0.0032295585722641462
baseline-recovery-32,77,analytic,estimation,200,-0.0012235755827355033,0.0015930393748120344,0.003091500914060241,0.0031072134792375916
baseline-recovery-32,77,analytic,operator,200,-0.0025125707422447977,0.06520371081322777,0.23384454483282452,0.3368108238623277
baseline-recovery-32,77,analytic,total,200,-0.003736146324980301,0.0655142052950993,0.23642427279812933,0.33938267302389774
baseline-recovery-32,77,matched,estimation,200,-0.0012272667186384106,0.0015838974850962194,0.003052018484232255,0.003079246016732262
baseline-recovery-32,77,matched,operator,200,0.0,0.0,0.0,0.0
baseline-recovery-32,77,matched,total,200,-0.0012272667186384106,0.0015838974850962194,0.003052018484232255,0.003079246016732262
baseline-recovery-32,78,analytic,estimation,200,-2.548973790029989e-05,0.0006233124255403102,0.0015454276562916203,0.0016380455793894022
baseline-recovery-32,78,analytic,operator,200,-0.0006346748355975487,0.035491315178189556,0.12766905613851,0.23561994995351065
baseline-recovery-32,78,analytic,total,200,-0.0006601645734978487,0.03551182678362978,0.1264001301772267,0.2349581266702654
baseline-recovery-32,78,matched,estimation,200,-2.236078413962754e-05,0.000610115415579214,0.0015515882109420343,0.0017492800012393062
baseline-recovery-32,78,matched,operator,200,0.0,0.0,0.0,0.0
baseline-recovery-32,78,matched,total,200,-2.236078413962754e-05,0.000610115415579214,0.0015515882109420343,0.0017492800012393062
baseline-recovery-32,79,analytic,estimation,200,3.56542068847919e-05,0.0006667786885869083,0.00174608454365055,0.001865305793446903
baseline-recovery-32,79,analytic,operator,200,-0.0029634192661335016,0.02808677389396817,0.13724425120392866,0.17566384724255774
baseline-recovery-32,79,analytic,total,200,-0.00292776505924871,0.028130180514628393,0.1361951662919387,0.17663271103761014
baseline-recovery-32,79,matched,estimation,200,2.321172504999782e-05,0.0006558994749015926,0.001867108365251946,0.001960157655331224
baseline-recovery-32,79,matched,operator,200,0.0,0.0,0.0,0.0
baseline-recovery-32,79,matched,total,200,2.321172504999782e-05,0.0006558994749015926,0.001867108365251946,0.001960157655331224
baseline-recovery-32,80,analytic,estimation,200,0.001578894495843559,0.0020753889345821157,0.003991949088348101,0.004139802109787483
baseline-recovery-32,80,analytic,operator,200,-0.0009394435801462075,0.04930178262031549,0.19296609417333388,0.21482581319042682
baseline-recovery-32,80,analytic,total,200,0.0006394509156973515,0.04942637917555468,0.19675151464588037,0.21409967940959845
baseline-recovery-32,80,matched,estimation,200,0.0015607161272513598,0.0020526164771163947,0.004104267432071262,0.0042608778339855435
baseline-recovery-32,80,matched,operator,200,0.0,0.0,0.0,0.0
baseline-recovery-32,80,matched,total,200,0.0015607161272513598,0.0020526164771163947,0.004104267432071262,0.0042608778339855435
baseline-recovery-32,81,analytic,estimation,200,0.0009220299258877289,0.0017716599060234605,0.005034576771246302,0.005884948808798196
baseline-recovery-32,81,analytic,operator,200,-0.004215146211943759,0.05205919533259471,0.16970095100400343,0.1907848907843666
baseline-recovery-32,81,analytic,total,200,-0.00329311628605603,0.05209973891072518,0.1714596374263831,0.1893410818004957
baseline-recovery-32,81,matched,estimation,200,0.0009424970771535534,0.0017737365222654767,0.0050484276446500775,0.0057832300915081625
baseline-recovery-32,81,matched,operator,200,0.0,0.0,0.0,0.0
baseline-recovery-32,81,matched,total,200,0.0009424970771535534,0.0017737365222654767,0.0050484276446500775,0.0057832300915081625
baseline-recovery-32,82,analytic,estimation,200,-0.00022393993666857244,0.0009585732495936273,0.002286241443713477,0.0027097206841404375
baseline-recovery-32,82,analytic,operator,200,0.003575907626058212,0.05279573936403645,0.17309304603304454,0.20709277699551154
baseline-recovery-32,82,analytic,total,200,0.0033519676893896395,0.05296707856920841,0.17493258374102394,0.2070101996484035
baseline-recovery-32,82,matched,estimation,200,-0.00023667519502745045,0.000925649989894073,0.0023032536708451623,0.0024676695747547495
baseline-recovery-32,82,matched,operator,200,0.0,0.0,0.0,0.0
baseline-recovery-32,82,matched,total,200,-0.00023667519502745045,0.000925649989894073,0.0023032536708451623,0.0024676695747547495
baseline-recovery-32,83,analytic,estimation,200,0.0005333802255837809,0.001021884634156406,0.0030987046651722028,0.0031076545418643464
baseline-recovery-32,83,analytic,operator,200,-0.0019165834848297483,0.03565349032830455,0.139384912168794,0.1809722779468128
baseline-recovery-32,83,analytic,total,200,-0.0013832032592459675,0.035618773440489526,0.14238579644698257,0.18076480006368256
baseline-recovery-32,83,matched,estimation,200,0.0005327847125007823,0.0009935486363390797,0.0029116864456195657,0.002955892387267442
baseline-recovery-32,83,matched,operator,200,0.0,0.0,0.0,0.0
baseline-recovery-32,83,matched,total,200,0.0005327847125007823,0.0009935486363390797,0.0029116864456195657,0.002955892387267442
baseline-recovery-32,84,analytic,estimation,200,-0.0005146306312667478,0.0007261824672566596,0.0018377392184238395,0.0018855501269468
baseline-recovery-32,84,analytic,operator,200,0.0008295573558259109,0.0474673778122086,0.16417863759585552,0.21209908256247534
baseline-recovery-32,84,analytic,total,200,0.000314926724559163,0.04757146178759234,0.1641734760833526,0.21316201127482176
baseline-recovery-32,84,matched,estimation,200,-0.000506107582467423,0.0007089166958139958,0.001824606225045003,0.0019279947206360393
baseline-recovery-32,84,matched,operator,200,0.0,0.0,0.0,0.0
baseline-recovery-32,84,matched,total,200,-0.000506107582467423,0.0007089166958139958,0.001824606225045003,0.0019279947206360393
baseline-recovery-32,85,analytic,estimation,200,0.0005935548232728192,0.0009902362101844259,0.002201131351307062,0.002347584034534389
baseline-recovery-32,85,analytic,operator,200,0.0005203987760336487,0.02646766157193932,0.10545721060089625,0.1710471379603137
baseline-recovery-32,85,analytic,total,200,0.001113953599306468,0.026601686659037702,0.10536921468963123,0.17295277483472238
baseline-recovery-32,85,matched,estimation,200,0.0005946504538817155,0.0009798485550261882,0.00215616432571597,0.0023524103067553703
baseline-recovery-32,85,matched,operator,200,0.0,0.0,0.0,0.0
baseline-recovery-32,85,matched,total,200,0.0005946504538817155,0.0009798485550261882,0.00215616432571597,0.0023524103067553703
baseline-recovery-32,86,analytic,estimation,200,-0.0008360037259227706,0.001076257499223522,0.0018329205092203205,0.0018551315323809825
baseline-recovery-32,86,analytic,operator,200,-0.0008090435011608098,0.027642776589378717,0.10355541005497765,0.1555520541291898
baseline-recovery-32,86,analytic,total,200,-0.0016450472270835804,0.027783690152194642,0.10537085509234301,0.15626187884875348
baseline-recovery-32,86,matched,estimation,200,-0.0008377786691364347,0.0010629663698131118,0.0019007682652006086,0.0019155953310398821
baseline-recovery-32,86,matched,operator,200,0.0,0.0,0.0,0.0
baseline-recovery-32,86,matched,total,200,-0.0008377786691364347,0.0010629663698131118,0.0019007682652006086,0.0019155953310398821
baseline-recovery-32,87,analytic,estimation,200,-0.00026365487867660814,0.0008661848438903684,0.0021740671234327102,0.0022526232139585822
baseline-recovery-32,87,analytic,operator,200,-0.004513509480172138,0.02483905214893116,0.096219579355598,0.16213427209847991
baseline-recovery-32,87,analytic,total,200,-0.004777164358848746,0.02494122694012373,0.09819519091291684,0.16229469334180974
baseline-recovery-32,87,matched,estimation,200,-0.00026247939520338833,0.0008391757137096877,0.002205214022358515,0.002329686972791567
baseline-recovery-32,87,matched,operator,200,0.0,0.0,0.0,0.0
baseline-recovery-32,87,matched,total,200,-0.00026247939520338833,0.0008391757137096877,0.002205214022358515,0.002329686972791567
baseline-recovery-32,88,analytic,estimation,200,0.0012997747070581079,0.0013927370842727012,0.0022470840414692272,0.002321574328222664
baseline-recovery-32,88,analytic,operator,200,0.0044819128686227954,0.03266570879697274,0.12684747388287165,0.1792087924183417
baseline-recovery-32,88,analytic,total,200,0.005781687575680903,0.03297710350575094,0.12814983096625748,0.1812442580575694
baseline-recovery-32,88,matched,estimation,200,0.0012875892858519233,0.001377464506719569,0.002199450806883746,0.0022431094527337603
baseline-recovery-32,88,matched,operator,200,0.0,0.0,0.0,0.0
baseline-recovery-32,88,matched,total,200,0.0012875892858519233,0.001377464506719569,0.002199450806883746,0.0022431094527337603
baseline-recovery-32,89,analytic,estimation,200,0.0006141941642706397,0.0008246830831717087,0.0016547313588524126,0.0018649852708878534
baseline-recovery-32,89,analytic,operator,200,0.00024157468457946475,0.026782930449864024,0.11755590653313785,0.15016924029821094
baseline-recovery-32,89,analytic,total,200,0.0008557688488501043,0.026852049858557162,0.11659651548870653,0.1504495676280962
baseline-recovery-32,89,matched,estimation,200,0.0006153745143609254,0.0008180949128192647,0.0016150953782876343,0.0017093479496919084
baseline-recovery-32,89,matched,operator,200,0.0,0.0,0.0,0.0
baseline-recovery-32,89,matched,total,200,0.0006153745143609254,0.0008180949128192647,0.0016150953782876343,0.0017093479496919084
baseline-recovery-32,90,analytic,estimation,200,-0.002384128668373392,0.0024706837344077416,0.0046033089285508755,0.005157683556604953
baseline-recovery-32,90,analytic,operator,200,-0.0005076640609459388,0.017658695791967518,0.06419323259940501,0.1072735881903738
baseline-recovery-32,90,analytic,total,200,-0.002891792729319331,0.01792626832318605,0.06111273986144028,0.10978567177835546
baseline-recovery-32,90,matched,estimation,200,-0.002373340978862753,0.002459839632425331,0.0045918296576861195,0.005027711911017363
baseline-recovery-32,90,matched,operator,200,0.0,0.0,0.0,0.0
baseline-recovery-32,90,matched,total,200,-0.002373340978862753,0.002459839632425331,0.0045918296576861195,0.005027711911017363
baseline-recovery-32,91,analytic,estimation,200,0.0005828272824544482,0.0007248334893829114,0.001495528694564735,0.0015963443345060613
baseline-recovery-32,91,analytic,operator,200,0.0003522387371465444,0.02154886541047435,0.09371432106006258,0.10081095052681452
baseline-recovery-32,91,analytic,total,200,0.0009350660196009926,0.02164764039105787,0.09440142468212254,0.1019460004653864
baseline-recovery-32,91,matched,estimation,200,0.0005842045080127405,0.0007197725249782147,0.0015053813504012914,0.0016267867622581922
baseline-recovery-32,91,matched,operator,200,0.0,0.0,0.0,0.0
baseline-recovery-32,91,matched,total,200,0.0005842045080127405,0.0007197725249782147,0.0015053813504012914,0.0016267867622581922
baseline-recovery-32,92,analytic,estimation,200,-1.7414762912664263e-05,0.0012447007379693823,0.0027517212921960854,0.002923036344110397
baseline-recovery-32,92,analytic,operator,200,0.0018786229892725783,0.06594372271663915,0.21051854693015698,0.334574391228646
baseline-recovery-32,92,analytic,total,200,0.0018612082263599141,0.06623249198159196,0.21344158327426738,0.3362425283832147
baseline-recovery-32,92,matched,estimation,200,-2.7651652432170654e-05,0.0011968080794582353,0.0025881182414423387,0.0030320967593452375
baseline-recovery-32,92,matched,operator,200,0.0,0.0,0.0,0.0
baseline-recovery-32,92,matched,total,200,-2.7651652432170654e-05,0.0011968080794582353,0.0025881182414423387,0.0030320967593452375
baseline-recovery-32,93,analytic,estimation,200,0.002386234785663714,0.0027538029866800667,0.005123766536423768,0.005201287365015572
baseline-recovery-32,93,analytic,operator,200,0.008737235133701391,0.06214733193837705,0.19711212397223188,0.22404529595507397
baseline-recovery-32,93,analytic,total,200,0.011123469919365105,0.0627082173512364,0.1996096566089277,0.22049647491869656
baseline-recovery-32,93,matched,estimation,200,0.0023831983765504484,0.0027444201714516415,0.00512360363700487,0.005200191312348834
baseline-recovery-32,93,matched,operator,200,0.0,0.0,0.0,0.0
baseline-recovery-32,93,matched,total,200,0.0023831983765504484,0.0027444201714516415,0.00512360363700487,0.005200191312348834
baseline-recovery-32,94,analytic,estimation,200,-0.0026569752547577086,0.0028042251625188543,0.003994197609408889,0.004042663333288565
baseline-recovery-32,94,analytic,operator,200,-0.005789424106617278,0.045114546208218746,0.16848344505442275,0.19861417124369524
baseline-recovery-32,94,analytic,total,200,-0.008446399361374986,0.045515942049905535,0.16493554095218516,0.19928816222156964
baseline-recovery-32,94,matched,estimation,200,-0.002650425063839739,0.0027985745621241856,0.003996170986352854,0.004043028079862787
baseline-recovery-32,94,matched,operator,200,0.0,0.0,0.0,0.0
baseline-recovery-32,94,matched,total,200,-0.002650425063839739,0.0027985745621241856,0.003996170986352854,0.004043028079862787
baseline-recovery-32,95,analytic,estimation,200,0.0009639593502733426,0.0012122282324871436,0.0021128504981352547,0.0021365389401385437
baseline-recovery-32,95,analytic,operator,200,-0.0005134980363428021,0.047102568958767445,0.1828701071762806,0.22594884985770508
baseline-recovery-32,95,analytic,total,200,0.0004504613139305405,0.04717187143360197,0.18229820906955874,0.22490828979391442
baseline-recovery-32,95,matched,estimation,200,0.000963223904618755,0.001199129398419851,0.0020676843941089262,0.002142863143581031
baseline-recovery-32,95,matched,operator,200,0.0,0.0,0.0,0.0
baseline-recovery-32,95,matched,total,200,0.000963223904618755,0.001199129398419851,0.0020676843941089262,0.002142863143581031
baseline-recovery-32,96,analytic,estimation,200,-0.0009259398597926392,0.0011869315514254671,0.002394451501952846,0.002422474350671777
baseline-recovery-32,96,analytic,operator,200,-0.005704560910788169,0.04134103733417557,0.1520449550152998,0.23605591435536064
baseline-recovery-32,96,analytic,total,200,-0.0066305007705808085,0.041582330610067254,0.1520449550152998,0.2377154660369863
baseline-recovery-32,96,matched,estimation,200,-0.0008899525188723266,0.0011519622833021605,0.002413177330764363,0.0024226117129215047
baseline-recovery-32,96,matched,operator,200,0.0,0.0,0.0,0.0
baseline-recovery-32,96,matched,total,200,-0.0008899525188723266,0.0011519622833021605,0.002413177330764363,0.0024226117129215047
baseline-recovery-32,97,analytic,estimation,200,0.0008708629116288512,0.001201136975091799,0.0022242893187102153,0.002455746187432606
baseline-recovery-32,97,analytic,operator,200,0.0018838735148767175,0.027036443215452767,0.10689361228403352,0.1488397884691135
baseline-recovery-32,97,analytic,total,200,0.0027547364265055685,0.027091168859446953,0.10806197762667857,0.14866369484871558
baseline-recovery-32,97,matched,estimation,200,0.0008673584254875675,0.0012053432640443318,0.0021915949855226824,0.0025542427267941648
baseline-recovery-32,97,matched,operator,200,0.0,0.0,0.0,0.0
baseline-recovery-32,97,matched,total,200,0.0008673584254875675,0.0012053432640443318,0.0021915949855226824,0.0025542427267941648
baseline-recovery-32,98,analytic,estimation,200,-0.00041540696352259445,0.000727868512940639,0.0019514182628893595,0.0021481752996774794
baseline-recovery-32,98,analytic,operator,200,0.00111039945819884,0.019509315541701575,0.09946113973189263,0.13638589736882228
baseline-recovery-32,98,analytic,total,200,0.0006949924946762455,0.01955770014868418,0.09946998322335121,0.13776222954271228
baseline-recovery-32,98,matched,estimation,200,-0.0004180376834492856,0.0007269148524120238,0.0019514937683930977,0.0022367875498549017
baseline-recovery-32,98,matched,operator,200,0.0,0.0,0.0,0.0
baseline-recovery-32,98,matched,total,200,-0.0004180376834492856,0.0007269148524120238,0.0019514937683930977,0.0022367875498549017
baseline-recovery-32,99,analytic,estimation,200,-0.00027218927751027745,0.000599900419713782,0.0014545131149102386,0.0015007801497964601
baseline-recovery-32,99,analytic,operator,200,-0.0014477523205894014,0.023156577216626093,0.09363976172301558,0.12793252492381818
baseline-recovery-32,99,analytic,total,200,-0.0017199415980996792,0.023284942792679918,0.09414024068787635,0.12864685782654767
baseline-recovery-32,99,matched,estimation,200,-0.0002770120563150495,0.0006001241259133574,0.0015107364001376022,0.0015993255238912207
baseline-recovery-32,99,matched,operator,200,0.0,0.0,0.0,0.0
baseline-recovery-32,99,matched,total,200,-0.0002770120563150495,0.0006001241259133574,0.0015107364001376022,0.0015993255238912207
baseline-recovery-32,100,analytic,estimation,200,-0.00011252193628753488,0.000538885341152471,0.001545126315861567,0.001631343233069238
baseline-recovery-32,100,analytic,operator,200,-0.002928015565256493,0.016595448113108736,0.06353820057008121,0.08127406019338772
baseline-recovery-32,100,analytic,total,200,-0.0030405375015440284,0.016659289042929373,0.06379769232916008,0.08170610353403203
baseline-recovery-32,100,matched,estimation,200,-8.910209891408175e-05,0.0005264906891498363,0.0014499658177270502,0.0016018940664350723
baseline-recovery-32,100,matched,operator,200,0.0,0.0,0.0,0.0
baseline-recovery-32,100,matched,total,200,-8.910209891408175e-05,0.0005264906891498363,0.0014499658177270502,0.0016018940664350723
baseline-recovery-32,101,analytic,estimation,200,-0.00029364442916346884,0.0005677795389340104,0.0013229369820728087,0.001440452664883407
baseline-recovery-32,101,analytic,operator,200,-0.0008988948584345706,0.01651753990595597,0.06251876703106699,0.07905383573946428
baseline-recovery-32,101,analytic,total,200,-0.0011925392875980394,0.01645771452944204,0.06287790205868918,0.07915267595639497
baseline-recovery-32,101,matched,estimation,200,-0.0002883446679539856,0.0005569822665665113,0.001346844848658657,0.00146765733510143
baseline-recovery-32,101,matched,operator,200,0.0,0.0,0.0,0.0
baseline-recovery-32,101,matched,total,200,-0.0002883446679539856,0.0005569822665665113,0.001346844848658657,0.00146765733510143
baseline-recovery-32,102,analytic,estimation,200,-0.0007897074257097729,0.0010111193938081963,0.0022298428430508332,0.0025341399709832846
baseline-recovery-32,102,analytic,operator,200,-0.0021086717615996357,0.01867957097711973,0.07762486848495011,0.08915320786762893
baseline-recovery-32,102,analytic,total,200,-0.002898379187309409,0.018745728145432253,0.07833066806403091,0.08734269622966506
baseline-recovery-32,102,matched,estimation,200,-0.0007797392419961603,0.0009904904388164876,0.0020454406338856757,0.0023959467931878864
baseline-recovery-32,102,matched,operator,200,0.0,0.0,0.0,0.0
baseline-recovery-32,102,matched,total,200,-0.0007797392419961603,0.0009904904388164876,0.0020454406338856757,0.0023959467931878864
baseline-recovery-32,103,analytic,estimation,200,0.001242748235542441,0.0013476282582053026,0.0020847622009325262,0.002328515203004866
baseline-recovery-32,103,analytic,operator,200,-0.0016012197903272447,0.015203905742828224,0.055409158662210425,0.07044312331770955
baseline-recovery-32,103,analytic,total,200,-0.00035847155478480356,0.015171577085036055,0.05430695614277567,0.06934348475276728
baseline-recovery-32,103,matched,estimation,200,0.0012400272101432757,0.0013421454354871896,0.0021150374866542865,0.0021660814396774735
baseline-recovery-32,103,matched,operator,200,0.0,0.0,0.0,0.0
baseline-recovery-32,103,matched,total,200,0.0012400272101432757,0.0013421454354871896,0.0021150374866542865,0.0021660814396774735
baseline-recovery-32,104,analytic,estimation,200,0.0018085380569421328,0.0019280577767090195,0.0036140237492565674,0.0036414255199681556
baseline-recovery-32,104,analytic,operator,200,0.00012453197339162375,0.01317629216539582,0.051584420858776014,0.09204472622856019
baseline-recovery-32,104,analytic,total,200,0.0019330700303337564,0.013277933740238064,0.05423888642222344,0.08963970912766081
baseline-recovery-32,104,matched,estimation,200,0.0018106687702204888,0.0019282484755781468,0.0036538654381006452,0.003690956369913456
baseline-recovery-32,104,matched,operator,200,0.0,0.0,0.0,0.0
baseline-recovery-32,104,matched,total,200,0.0018106687702204888,0.0019282484755781468,0.0036538654381006452,0.003690956369913456
baseline-recovery-32,105,analytic,estimation,200,-0.002089842288691408,0.002191266431004052,0.002939294519680724,0.0029783935918708676
baseline-recovery-32,105,analytic,operator,200,0.0011692545835332616,0.014909730041853888,0.05622013117169375,0.08080834710112092
baseline-recovery-32,105,analytic,total,200,-0.0009205877051581468,0.014876138404933178,0.05515072956718352,0.07811009967171123
baseline-recovery-32,105,matched,estimation,200,-0.002089242802271331,0.0021893511640007956,0.0028912776966059373,0.002968388276309991
baseline-recovery-32,105,matched,operator,200,0.0,0.0,0.0,0.0
baseline-recovery-32,105,matched,total,200,-0.002089242802271331,0.0021893511640007956,0.0028912776966059373,0.002968388276309991
baseline-recovery-32,106,analytic,estimation,200,0.0021332166315838168,0.0024839962939469653,0.004415847265114792,0.004520982152576458
baseline-recovery-32,106,analytic,operator,200,-0.003800304302417965,0.0716619814967329,0.2808312303641689,0.36390425798069037
baseline-recovery-32,106,analytic,total,200,-0.0016670876708341487,0.07181052182166194,0.2805678720644792,0.36368776243547274
baseline-recovery-32,106,matched,estimation,200,0.002127459459879889,0.0024694716815988516,0.004249628637587266,0.004560087412686542
baseline-recovery-32,106,matched,operator,200,0.0,0.0,0.0,0.0
baseline-recovery-32,106,matched,total,200,0.002127459459879889,0.0024694716815988516,0.004249628637587266,0.004560087412686542
baseline-recovery-32,107,analytic,estimation,200,-9.433117912634126e-05,0.000867502966605041,0.0019958987482024404,0.002090325443633634
baseline-recovery-32,107,analytic,operator,200,-0.006008350419259246,0.0631289155711387,0.21811248526653162,0.26073298233665343
baseline-recovery-32,107,analytic,total,200,-0.006102681598385587,0.06329005835353502,0.2183321922338729,0.2611974665783667
baseline-recovery-32,107,matched,estimation,200,-0.00010113037039464184,0.0008603337894731571,0.0019889839256472253,0.002170310363004052
baseline-recovery-32,107,matched,operator,200,0.0,0.0,0.0,0.0
baseline-recovery-32,107,matched,total,200,-0.00010113037039464184,0.0008603337894731571,0.0019889839256472253,0.002170310363004052
baseline-recovery-32,108,analytic,estimation,200,-0.0001584223470535098,0.0009137903589067826,0.0018976980596836501,0.0019124257947964463
baseline-recovery-32,108,analytic,operator,200,-0.005418711720591774,0.04383206856501496,0.15603152167810086,0.20439481344699537
baseline-recovery-32,108,analytic,total,200,-0.005577134067645284,0.04387544284082845,0.15711928286491694,0.20470785334088085
baseline-recovery-32,108,matched,estimation,200,-0.00015426071785822098,0.0009220112623119828,0.0019052281693954232,0.0019689627687395905
baseline-recovery-32,108,matched,operator,200,0.0,0.0,0.0,0.0
baseline-recovery-32,108,matched,total,200,-0.00015426071785822098,0.0009220112623119828,0.0019052281693954232,0.0019689627687395905
baseline-recovery-32,109,analytic,estimation,200,3.103175833625016e-05,0.0008784036618837003,0.002040881702438768,0.0022961107134580327
baseline-recovery-32,109,analytic,operator,200,-0.0020957926620754457,0.04034836432257116,0.1294898348131306,0.18999208801005377
baseline-recovery-32,109,analytic,total,200,-0.0020647609037391956,0.04046592651195321,0.12813882264050463,0.1904508901760806
baseline-recovery-32,109,matched,estimation,200,3.53621982487416e-05,0.0008746225416443941,0.0020146958430772854,0.0021312127119568203
baseline-recovery-32,109,matched,operator,200,0.0,0.0,0.0,0.0
baseline-recovery-32,109,matched,total,200,3.53621982487416e-05,0.0008746225416443941,0.0020146958430772854,0.0021312127119568203
baseline-recovery-32,110,analytic,estimation,200,-0.0005002434601127508,0.0010390486726704732,0.0036207165242889694,0.0037329739034261955
baseline-recovery-32,110,analytic,operator,200,0.001036355302322718,0.06452549306703775,0.20952047126372542,0.2322738887273434
baseline-recovery-32,110,analytic,total,200,0.0005361118422099672,0.06470299461072662,0.2095797132059834,0.23193315819496335
baseline-recovery-32,110,matched,estimation,200,-0.0004879800042419649,0.0010089522847628932,0.0033029175981575953,0.003898728426388498
baseline-recovery-32,110,matched,operator,200,0.0,0.0,0.0,0.0
baseline-recovery-32,110,matched,total,200,-0.0004879800042419649,0.0010089522847628932,0.0033029175981575953,0.003898728426388498
baseline-recovery-32,111,analytic,estimation,200,0.0010305381694593486,0.0012414097692532787,0.002060544145184362,0.00207599993860913
baseline-recovery-32,111,analytic,operator,200,0.0011495406674104994,0.0341213092412575,0.17273666305279056,0.23694234860422614
baseline-recovery-32,111,analytic,total,200,0.002180078836869848,0.03424385420964668,0.17387913777877118,0.23673299846931495
baseline-recovery-32,111,matched,estimation,200,0.0010289365182716845,0.0012380057949775893,0.0020585264402284698,0.0020755300886406425
baseline-recovery-32,111,matched,operator,200,0.0,0.0,0.0,0.0
baseline-recovery-32,111,matched,total,200,0.0010289365182716845,0.0012380057949775893,0.0020585264402284698,0.0020755300886406425
baseline-recovery-32,112,analytic,estimation,200,0.00016338543808249256,0.0004615256376091463,0.001861207154302269,0.0023769755487141886
baseline-recovery-32,112,analytic,operator,200,0.0009314260981470742,0.0319954145356774,0.17043799209280755,0.23359075232012189
baseline-recovery-32,112,analytic,total,200,0.0010948115362295666,0.03200432585308587,0.17043078228701727,0.2333302102864791
baseline-recovery-32,112,matched,estimation,200,0.00016840086620521162,0.0004618794033903808,0.0018440251353193382,0.002244594897770069
baseline-recovery-32,112,matched,operator,200,0.0,0.0,0.0,0.0
baseline-recovery-32,112,matched,total,200,0.00016840086620521162,0.0004618794033903808,0.0018440251353193382,0.002244594897770069
baseline-recovery-32,113,analytic,estimation,200,-0.0006418753464161984,0.0007851779506623538,0.0016480570492287683,0.0016775757228879584
baseline-recovery-32,113,analytic,operator,200,0.0016711699808730578,0.02930072425534203,0.1133868826642242,0.21963755555884432
baseline-recovery-32,113,analytic,total,200,0.0010292946344568595,0.02930298253517154,0.11309007027593326,0.2197662871798349
baseline-recovery-32,113,matched,estimation,200,-0.000642668245409467,0.0007836672394005836,0.001647981062548709,0.0016774615535837256
baseline-recovery-32,113,matched,operator,200,0.0,0.0,0.0,0.0
baseline-recovery-32,113,matched,total,200,-0.000642668245409467,0.0007836672394005836,0.001647981062548709,0.0016774615535837256
baseline-recovery-32,114,analytic,estimation,200,0.00027202580631426233,0.0009120522167807931,0.002302956660374278,0.0023995993687537798
baseline-recovery-32,114,analytic,operator,200,-0.008101069023312854,0.05345058018357496,0.16127810839236026,0.173371171661318
baseline-recovery-32,114,analytic,total,200,-0.007829043216998592,0.05338362974446791,0.1599095202475171,0.1742072294759952
baseline-recovery-32,114,matched,estimation,200,0.00028544480898175023,0.0009134625564857768,0.0023013936026692328,0.002321991984919586
baseline-recovery-32,114,matched,operator,200,0.0,0.0,0.0,0.0
baseline-recovery-32,114,matched,total,200,0.00028544480898175023,0.0009134625564857768,0.0023013936026692328,0.002321991984919586
baseline-recovery-32,115,analytic,estimation,200,0.00029302521900750796,0.0006724721755529728,0.0015196367824358292,0.0015358462417316976
baseline-recovery-32,115,analytic,operator,200,-0.000226766532757307,0.053914158925272064,0.18271672997061417,0.25224306884954256
baseline-recovery-32,115,analytic,total,200,6.6258686250201e-05,0.054000191328350364,0.18300638043501594,0.2532899671807777
baseline-recovery-32,115,matched,estimation,200,0.0002962529735626826,0.0006489333691216413,0.001517380346738928,0.0015360404167520936
baseline-recovery-32,115,matched,operator,200,0.0,0.0,0.0,0.0
baseline-recovery-32,115,matched,total,200,0.0002962529735626826,0.0006489333691216413,0.001517380346738928,0.0015360404167520936
baseline-recovery-32,116,analytic,estimation,200,-0.0011897082743888311,0.0014128777388294554,0.003625012316210152,0.003873493865907185
baseline-recovery-32,116,analytic,operator,200,-0.0043318426398668555,0.04810455150758675,0.20191517705724038,0.2369250746740031
baseline-recovery-32,116,analytic,total,200,-0.005521550914255686,0.04826883787539595,0.20043528477362182,0.2405710229352545
baseline-recovery-32,116,matched,estimation,200,-0.0011796095820178804,0.001399839949964935,0.0035279699929986474,0.0038166161949042543
baseline-recovery-32,116,matched,operator,200,0.0,0.0,0.0,0.0
baseline-recovery-32,116,matched,total,200,-0.0011796095820178804,0.001399839949964935,0.0035279699929986474,0.0038166161949042543
baseline-recovery-32,117,analytic,estimation,200,0.0007721655398076617,0.0015473010726159673,0.003506711410673269,0.003859350863269384
baseline-recovery-32,117,analytic,operator,200,0.0003680748567034304,0.03042395106251848,0.11773049558048976,0.13276981739839958
baseline-recovery-32,117,analytic,total,200,0.0011402403965110922,0.030583476770160118,0.11832348822528488,0.13326625651158736
baseline-recovery-32,117,matched,estimation,200,0.0007758019131194748,0.0015424994926108333,0.0035057852591555694,0.0038531713460407957
baseline-recovery-32,117,matched,operator,200,0.0,0.0,0.0,0.0
baseline-recovery-32,117,matched,total,200,0.0007758019131194748,0.0015424994926108333,0.0035057852591555694,0.0038531713460407957
baseline-recovery-32,118,analytic,estimation,200,0.0009083748768933913,0.0013017387910622031,0.0027193524791147006,0.003045189977031848
baseline-recovery-32,118,analytic,operator,200,0.0012183219550235644,0.05425107035864602,0.17683167048649628,0.2612586660167685
baseline-recovery-32,118,analytic,total,200,0.002126696831916956,0.05439576839048103,0.1780020769998143,0.2605537556436132
baseline-recovery-32,118,matched,estimation,200,0.0008935882447678917,0.001292975957070359,0.0026945028366429646,0.0030841804851424737
baseline-recovery-32,118,matched,operator,200,0.0,0.0,0.0,0.0
baseline-recovery-32,118,matched,total,200,0.0008935882447678917,0.001292975957070359,0.0026945028366429646,0.0030841804851424737
baseline-recovery-32,119,analytic,estimation,200,-0.00017906884461294396,0.0006830096731934991,0.0012700381265315919,0.0012743254885927424
baseline-recovery-32,119,analytic,operator,200,0.0026095662690281164,0.057838325638993826,0.22761326442762053,0.2641703221493108
baseline-recovery-32,119,analytic,total,200,0.0024304974244151725,0.05796705416759194,0.22823194358740462,0.2645209803155323
baseline-recovery-32,119,matched,estimation,200,-0.00019219840217040308,0.0006661094893309268,0.0012700358295596459,0.0012743016920574446
baseline-recovery-32,119,matched,operator,200,0.0,0.0,0.0,0.0
baseline-recovery-32,119,matched,total,200,-0.00019219840217040308,0.0006661094893309268,0.0012700358295596459,0.0012743016920574446
baseline-recovery-32,120,analytic,estimation,200,-0.0016323090215503305,0.0018026202961310422,0.003647838753750632,0.0042242663985927464
baseline-recovery-32,120,analytic,operator,200,2.12762223945976e-05,0.02703599939686227,0.15050807705360258,0.17207767656355366
baseline-recovery-32,120,analytic,total,200,-0.001611032799155733,0.027077810277320268,0.15209949533504885,0.16920667545651358
baseline-recovery-32,120,matched,estimation,200,-0.0016372424633840426,0.001805799449135035,0.0036492148431654936,0.00411547476230667
baseline-recovery-32,120,matched,operator,200,0.0,0.0,0.0,0.0
baseline-recovery-32,120,matched,total,200,-0.0016372424633840426,0.001805799449135035,0.0036492148431654936,0.00411547476230667
baseline-recovery-32,121,analytic,estimation,200,0.0013503905458720313,0.00147973819530698,0.0022643625063022976,0.002343570168825415
baseline-recovery-32,121,analytic,operator,200,-0.0048343395916859225,0.03839397503109783,0.23560308443950306,0.30490764289510885
baseline-recovery-32,121,analytic,total,200,-0.003483949045813891,0.03823313174675285,0.23460163086849628,0.3031807895493133
baseline-recovery-32,121,matched,estimation,200,0.001354721419985275,0.001482792033811157,0.002291031862871329,0.0025878910707762826
baseline-recovery-32,121,matched,operator,200,0.0,0.0,0.0,0.0
baseline-recovery-32,121,matched,total,200,0.001354721419985275,0.001482792033811157,0.002291031862871329,0.0025878910707762826
baseline-recovery-32,122,analytic,estimation,200,0.0008856350254962481,0.001100886767587196,0.0022907335505942816,0.0023379275883393946
baseline-recovery-32,122,analytic,operator,200,0.0008617882714272211,0.022382862425064813,0.10758419573012928,0.11458243930723555
baseline-recovery-32,122,analytic,total,200,0.0017474232969234692,0.02248472131091178,0.10760854558282221,0.11688853431153434
baseline-recovery-32,122,matched,estimation,200,0.0008939933273989656,0.001106852650680249,0.0022964401096979836,0.002303260265135554
baseline-recovery-32,122,matched,operator,200,0.0,0.0,0.0,0.0
baseline-recovery-32,122,matched,total,200,0.0008939933273989656,0.001106852650680249,0.0022964401096979836,0.002303260265135554
baseline-recovery-32,123,analytic,estimation,200,-0.00045238348856719164,0.0012780930433488403,0.005748651583799003,0.006312267570788954
baseline-recovery-32,123,analytic,operator,200,-0.0015594936219163972,0.04378197075594939,0.1604189115477619,0.18226726785848216
baseline-recovery-32,123,analytic,total,200,-0.002011877110483589,0.043667977602928246,0.16033669682552887,0.18262921215930955
baseline-recovery-32,123,matched,estimation,200,-0.0004459881061953485,0.001287230344164367,0.005851350221378393,0.006326622737740983
baseline-recovery-32,123,matched,operator,200,0.0,0.0,0.0,0.0
baseline-recovery-32,123,matched,total,200,-0.0004459881061953485,0.001287230344164367,0.005851350221378393,0.006326622737740983
baseline-recovery-32,124,analytic,estimation,200,-0.00042167498772989796,0.000679980295312869,0.0012451902269066117,0.0015498516894099645
baseline-recovery-32,124,analytic,operator,200,0.0059163859236917495,0.06628154013359264,0.24652858083297927,0.4083807883393547
baseline-recovery-32,124,analytic,total,200,0.00549471093596185,0.06628233403151941,0.2459595567496784,0.40683093664994474
baseline-recovery-32,124,matched,estimation,200,-0.0004256524661814001,0.000672776270885505,0.0012224799946383702,0.0014579582943445857
baseline-recovery-32,124,matched,operator,200,0.0,0.0,0.0,0.0
baseline-recovery-32,124,matched,total,200,-0.0004256524661814001,0.000672776270885505,0.0012224799946383702,0.0014579582943445857
baseline-recovery-32,125,analytic,estimation,200,0.0006976968676034267,0.0012101741258094111,0.002981043003559919,0.0030477006753118763
baseline-recovery-32,125,analytic,operator,200,0.0012554405428712061,0.05202126601965666,0.21511593706448173,0.2674767339759906
baseline-recovery-32,125,analytic,total,200,0.0019531374104746328,0.05216156840669399,0.21464166661348205,0.26894927780417355
baseline-recovery-32,125,matched,estimation,200,0.0006918424812418142,0.0012044145131533204,0.00292933429429584,0.003039620984208652
baseline-recovery-32,125,matched,operator,200,0.0,0.0,0.0,0.0
baseline-recovery-32,125,matched,total,200,0.0006918424812418142,0.0012044145131533204,0.00292933429429584,0.003039620984208652
baseline-recovery-32,126,analytic,estimation,200,-0.001049279590680758,0.001325562172314147,0.002453517460533572,0.0025877777582405947
baseline-recovery-32,126,analytic,operator,200,-0.0005677798237362152,0.04459571611308569,0.19004635239511186,0.25876084271717503
baseline-recovery-32,126,analytic,total,200,-0.0016170594144169733,0.04491998724410304,0.19096281796320974,0.25872895793264034
baseline-recovery-32,126,matched,estimation,200,-0.0010542244262114926,0.0013076953582480018,0.0025716550981784714,0.002759653380462357
baseline-recovery-32,126,matched,operator,200,0.0,0.0,0.0,0.0
baseline-recovery-32,126,matched,total,200,-0.0010542244262114926,0.0013076953582480018,0.0025716550981784714,0.002759653380462357
baseline-recovery-32,127,analytic,estimation,200,-1.7547312613053306e-05,0.0007247459379653878,0.003057730625277255,0.0033765634728650795
baseline-recovery-32,127,analytic,operator,200,0.002956072706021885,0.05442348147376566,0.19614575331625866,0.37175981630647154
baseline-recovery-32,127,analytic,total,200,0.002938525393408832,0.05435540671592549,0.1957552897106635,0.37251198648169287
baseline-recovery-32,127,matched,estimation,200,-8.169459563272295e-06,0.000719388043926296,0.0030801918016436503,0.0033891784952801984
baseline-recovery-32,127,matched,operator,200,0.0,0.0,0.0,0.0
baseline-recovery-32,127,matched,total,200,-8.169459563272295e-06,0.000719388043926296,0.0030801918016436503,0.0033891784952801984
baseline-recovery-32,128,analytic,estimation,200,-0.0004428558971713741,0.000592540556333919,0.0009280681766212495,0.0009344215361246355
baseline-recovery-32,128,analytic,operator,200,0.0011835691986378726,0.011381545790314527,0.03936764473966772,0.1212408787830388
baseline-recovery-32,128,analytic,total,200,0.0007407133014664985,0.011332206378754922,0.03863910169187226,0.12032935374682052
baseline-recovery-32,128,matched,estimation,200,-0.0004429502291563343,0.0005914923981493991,0.00093005255982051,0.0009449566137675891
baseline-recovery-32,128,matched,operator,200,0.0,0.0,0.0,0.0
baseline-recovery-32,128,matched,total,200,-0.0004429502291563343,0.0005914923981493991,0.00093005255982051,0.0009449566137675891
baseline-recovery-32,129,analytic,estimation,200,-0.0005737833859648469,0.0013330848760441682,0.0038515840866120143,0.00403144388144927
baseline-recovery-32,129,analytic,operator,200,-0.002388941474215008,0.06055321959490822,0.2475231141247152,0.3108034743586289
baseline-recovery-32,129,analytic,total,200,-0.002962724860179855,0.06075571012733664,0.24881186693672325,0.3116561892368258
baseline-recovery-32,129,matched,estimation,200,-0.0005753117687851649,0.0013311910383446716,0.0037563558144140252,0.004029285825553952
baseline-recovery-32,129,matched,operator,200,0.0,0.0,0.0,0.0
baseline-recovery-32,129,matched,total,200,-0.0005753117687851649,0.0013311910383446716,0.0037563558144140252,0.004029285825553952
baseline-recovery-32,130,analytic,estimation,200,0.0012671203940000308,0.0019070574361378285,0.00423735000369449,0.004776048075802397
baseline-recovery-32,130,analytic,operator,200,0.00175226645782209,0.0496263313142328,0.1714589796738124,0.20155625708664904
baseline-recovery-32,130,analytic,total,200,0.0030193868518221204,0.049695147813862806,0.1741620734397818,0.20319683362042462
baseline-recovery-32,130,matched,estimation,200,0.0012285290942219518,0.0018807976164938547,0.0041212127185383945,0.00434804087557944
baseline-recovery-32,130,matched,operator,200,0.0,0.0,0.0,0.0
baseline-recovery-32,130,matched,total,200,0.0012285290942219518,0.0018807976164938547,0.0041212127185383945,0.00434804087557944
baseline-recovery-32,131,analytic,estimation,200,-0.003344053358354217,0.0036216443782819976,0.005024127991938965,0.005298328918861395
baseline-recovery-32,131,analytic,operator,200,0.012485535444838993,0.0565549027385114,0.17760140111573575,0.38410484232635317
baseline-recovery-32,131,analytic,total,200,0.009141482086484777,0.056072634718046285,0.17667331670504416,0.3810220617003222
baseline-recovery-32,131,matched,estimation,200,-0.0033687429593122413,0.003645130862299077,0.005049031071600596,0.005212134092104748
baseline-recovery-32,131,matched,operator,200,0.0,0.0,0.0,0.0
baseline-recovery-32,131,matched,total,200,-0.0033687429593122413,0.003645130862299077,0.005049031071600596,0.005212134092104748
baseline-recovery-32,132,analytic,estimation,200,0.001270282799635274,0.0017507715229621247,0.0033031408890515923,0.0034256010798288106
baseline-recovery-32,132,analytic,operator,200,-0.00026766399588990127,0.04243459186350462,0.17848522920573928,0.19756551990514626
baseline-recovery-32,132,analytic,total,200,0.0010026188037453724,0.04254918792944077,0.1800527590064247,0.19623906149395454
baseline-recovery-32,132,matched,estimation,200,0.0012632878560874248,0.0017253127467965527,0.0032682031180433224,0.003466502258687054
baseline-recovery-32,132,matched,operator,200,0.0,0.0,0.0,0.0
baseline-recovery-32,132,matched,total,200,0.0012632878560874248,0.0017253127467965527,0.0032682031180433224,0.003466502258687054
baseline-recovery-32,133,analytic,estimation,200,0.00012543269298928176,0.0008802083103231783,0.0018956800573417532,0.001909315707973036
baseline-recovery-32,133,analytic,operator,200,0.007346380118407912,0.0473331225559667,0.18155225050140006,0.20872849058363785
baseline-recovery-32,133,analytic,total,200,0.007471812811397194,0.047559003805574714,0.18330036747986805,0.2106241706409796
baseline-recovery-32,133,matched,estimation,200,0.00010231744491083524,0.0008605594405008227,0.0018996762164958936,0.001967131590772997
baseline-recovery-32,133,matched,operator,200,0.0,0.0,0.0,0.0
baseline-recovery-32,133,matched,total,200,0.00010231744491083524,0.0008605594405008227,0.0018996762164958936,0.001967131590772997
baseline-recovery-32,134,analytic,estimation,200,0.0028521598216641186,0.003282175929888767,0.005407642314031569,0.005496111608035759
baseline-recovery-32,134,analytic,operator,200,-0.004609270344700448,0.05925448642575268,0.20867625831545447,0.31554006627745423
baseline-recovery-32,134,analytic,total,200,-0.0017571105230363296,0.0591440731673932,0.21210471834823533,0.3163773851594556
baseline-recovery-32,134,matched,estimation,200,0.002854535267518017,0.003280990078751794,0.005386768252575336,0.005474863732201407
baseline-recovery-32,134,matched,operator,200,0.0,0.0,0.0,0.0
baseline-recovery-32,134,matched,total,200,0.002854535267518017,0.003280990078751794,0.005386768252575336,0.005474863732201407
baseline-recovery-32,135,analytic,estimation,200,-0.001024421631461587,0.001519499660365173,0.003453330949130251,0.003593102512372104
baseline-recovery-32,135,analytic,operator,200,0.00669991816188427,0.05966435193718143,0.1862864939316266,0.2033473658552472
baseline-recovery-32,135,analytic,total,200,0.005675496530422684,0.059731695639163064,0.1877390607259774,0.20340064492385804
baseline-recovery-32,135,matched,estimation,200,-0.0010686457546909064,0.001541373219727632,0.003435772998082662,0.0035125299061968818
baseline-recovery-32,135,matched,operator,200,0.0,0.0,0.0,0.0
baseline-recovery-32,135,matched,total,200,-0.0010686457546909064,0.001541373219727632,0.003435772998082662,0.0035125299061968818
baseline-recovery-32,136,analytic,estimation,200,-0.0008002105406695109,0.0015683816929365788,0.003515597666742837,0.0035344295503912104
baseline-recovery-32,136,analytic,operator,200,0.0005199481961812606,0.035786068405662404,0.14112488805184337,0.17087847343911888
baseline-recovery-32,136,analytic,total,200,-0.00028026234448825046,0.03600938424514365,0.14162525875484644,0.17055826425611154
baseline-recovery-32,136,matched,estimation,200,-0.0008160805911207826,0.0015622710841903488,0.0035157125683218313,0.003534390195099879
baseline-recovery-32,136,matched,operator,200,0.0,0.0,0.0,0.0
baseline-recovery-32,136,matched,total,200,-0.0008160805911207826,0.0015622710841903488,0.0035157125683218313,0.003534390195099879
baseline-recovery-32,137,analytic,estimation,200,0.000974199133724139,0.0015280096495498276,0.00304036643456318,0.0030566242049889225
baseline-recovery-32,137,analytic,operator,200,0.0032658497994174146,0.029931901072040953,0.13811725471146813,0.15158916497006708
baseline-recovery-32,137,analytic,total,200,0.004240048933141553,0.03012771634456933,0.13995871220739048,0.15318152153371561
baseline-recovery-32,137,matched,estimation,200,0.0009695640320319017,0.0015204895121938874,0.0031163091543327526,0.003123468456217693
baseline-recovery-32,137,matched,operator,200,0.0,0.0,0.0,0.0
baseline-recovery-32,137,matched,total,200,0.0009695640320319017,0.0015204895121938874,0.0031163091543327526,0.003123468456217693
baseline-recovery-32,138,analytic,estimation,200,0.0002499223306159298,0.0010573254219365912,0.002370850831363125,0.002682997954224775
baseline-recovery-32,138,analytic,operator,200,0.004270352112437683,0.06367730524483496,0.22144933992186244,0.24602680284705106
baseline-recovery-32,138,analytic,total,200,0.004520274443053613,0.06395390172419786,0.22334495303195104,0.24562224364406796
baseline-recovery-32,138,matched,estimation,200,0.00022889519648230542,0.0010190849269225686,0.0023458169518011385,0.002413791666929954
baseline-recovery-32,138,matched,operator,200,0.0,0.0,0.0,0.0
baseline-recovery-32,138,matched,total,200,0.00022889519648230542,0.0010190849269225686,0.0023458169518011385,0.002413791666929954
baseline-recovery-32,139,analytic,estimation,200,-0.00016994738797138808,0.00045801618765724966,0.001303607054392586,0.0014720174275542064
baseline-recovery-32,139,analytic,operator,200,0.004318272582946029,0.029845458557437882,0.13517038111916754,0.20112240703900677
baseline-recovery-32,139,analytic,total,200,0.004148325194974641,0.02982676758320188,0.13445930748568638,0.20073328687081207
baseline-recovery-32,139,matched,estimation,200,-0.0001696711813658002,0.0004473567931198674,0.001302574676584456,0.0014260957713982947
baseline-recovery-32,139,matched,operator,200,0.0,0.0,0.0,0.0
baseline-recovery-32,139,matched,total,200,-0.0001696711813658002,0.0004473567931198674,0.001302574676584456,0.0014260957713982947
baseline-recovery-32,140,analytic,estimation,200,-0.000952941424659137,0.0012650078606488396,0.0032939842174856127,0.003505949749806947
baseline-recovery-32,140,analytic,operator,200,0.0029448942605945698,0.03012029843336163,0.11635858958158071,0.18232245433341676
baseline-recovery-32,140,analytic,total,200,0.001991952835935433,0.0300262155729114,0.11759692020005855,0.18124248199395349
baseline-recovery-32,140,matched,estimation,200,-0.0009627099483182841,0.0012820321718996783,0.003311024157945597,0.0035002675789889137
baseline-recovery-32,140,matched,operator,200,0.0,0.0,0.0,0.0
baseline-recovery-32,140,matched,total,200,-0.0009627099483182841,0.0012820321718996783,0.003311024157945597,0.0035002675789889137
baseline-recovery-32,141,analytic,estimation,200,0.0005969629470325806,0.0015034217082135837,0.0028124485031258972,0.0030203409213825916
baseline-recovery-32,141,analytic,operator,200,0.0010301372097081534,0.04585145037616596,0.15729088044402684,0.18643554689820896
baseline-recovery-32,141,analytic,total,200,0.0016271001567407341,0.04607668131496224,0.1585572280131594,0.18858974623046276
baseline-recovery-32,141,matched,estimation,200,0.0005834498249805424,0.001483871510544347,0.0028297196056445983,0.003177254733924828
baseline-recovery-32,141,matched,operator,200,0.0,0.0,0.0,0.0
baseline-recovery-32,141,matched,total,200,0.0005834498249805424,0.001483871510544347,0.0028297196056445983,0.003177254733924828
baseline-recovery-32,142,analytic,estimation,200,0.0017256367985903722,0.0022646401734298313,0.005401791638238285,0.005424445578333825
baseline-recovery-32,142,analytic,operator,200,-0.0027893648064049796,0.048657199686133815,0.17772372843522466,0.2289426883528496
baseline-recovery-32,142,analytic,total,200,-0.0010637280078146076,0.04876385635617591,0.1769267908435509,0.2274710117834871
baseline-recovery-32,142,matched,estimation,200,0.0017329284894738995,0.0022667324774216444,0.005276585134345202,0.0055386668616598245
baseline-recovery-32,142,matched,operator,200,0.0,0.0,0.0,0.0
baseline-recovery-32,142,matched,total,200,0.0017329284894738995,0.0022667324774216444,0.005276585134345202,0.0055386668616598245
baseline-recovery-32,143,analytic,estimation,200,-0.002170271779205224,0.0023638584557085004,0.004045748907102631,0.004090609623330771
baseline-recovery-32,143,analytic,operator,200,-0.0009486024843037077,0.0417422206005152,0.17020377314815238,0.2106674821015294
baseline-recovery-32,143,analytic,total,200,-0.003118874263508932,0.042005252160019386,0.16795316273319605,0.20991123304556653
baseline-recovery-32,143,matched,estimation,200,-0.002174775161326298,0.002361999316047801,0.0040102167668387145,0.004099843881552101
baseline-recovery-32,143,matched,operator,200,0.0,0.0,0.0,0.0
baseline-recovery-32,143,matched,total,200,-0.002174775161326298,0.002361999316047801,0.0040102167668387145,0.004099843881552101
baseline-recovery-32,144,analytic,estimation,200,0.0014978979131773215,0.0016324980987614738,0.0033922411080903325,0.003499161331723344
baseline-recovery-32,144,analytic,operator,200,-0.005391682538210224,0.027455129930761362,0.11832709146270559,0.14491139281078072
baseline-recovery-32,144,analytic,total,200,-0.003893784625032902,0.027336663137597278,0.12056726714885657,0.14399699782311215
baseline-recovery-32,144,matched,estimation,200,0.0015191799834911438,0.0016473800220028966,0.0033921860745034227,0.003508627946082088
baseline-recovery-32,144,matched,operator,200,0.0,0.0,0.0,0.0
baseline-recovery-32,144,matched,total,200,0.0015191799834911438,0.0016473800220028966,0.0033921860745034227,0.003508627946082088
baseline-recovery-32,145,analytic,estimation,200,-2.33180706400889e-05,0.0008518416298583879,0.0026662944671311806,0.002819442996398802
baseline-recovery-32,145,analytic,operator,200,0.0006825297891986333,0.04874148384530249,0.19883515568807078,0.24292975865229086
baseline-recovery-32,145,analytic,total,200,0.0006592117185585443,0.04884884735104655,0.2000690808237983,0.24326718526371718
baseline-recovery-32,145,matched,estimation,200,-1.2559696018341108e-05,0.0008285851213265091,0.0026768412560944643,0.002821288493188634
baseline-recovery-32,145,matched,operator,200,0.0,0.0,0.0,0.0
baseline-recovery-32,145,matched,total,200,-1.2559696018341108e-05,0.0008285851213265091,0.0026768412560944643,0.002821288493188634
baseline-recovery-32,146,analytic,estimation,200,-0.00018863364560718618,0.0003146951898593047,0.0009423205906142762,0.0011639685600006444
baseline-recovery-32,146,analytic,operator,200,0.00387257246851516,0.03396311568479128,0.13397422064944162,0.1808544153663199
baseline-recovery-32,146,analytic,total,200,0.003683938822907974,0.033971751184875346,0.13397422064944162,0.1808544153663199
baseline-recovery-32,146,matched,estimation,200,-0.0001895008863433964,0.0003056164125769614,0.0008539436737821093,0.001029721964282566
baseline-recovery-32,146,matched,operator,200,0.0,0.0,0.0,0.0
baseline-recovery-32,146,matched,total,200,-0.0001895008863433964,0.0003056164125769614,0.0008539436737821093,0.001029721964282566
baseline-recovery-32,147,analytic,estimation,200,0.000343616496826449,0.0005561493331127206,0.0017960846714029644,0.001911048564235851
baseline-recovery-32,147,analytic,operator,200,0.004183089753710406,0.027506910949800307,0.10931298835107467,0.21440680330174955
baseline-recovery-32,147,analytic,total,200,0.004526706250536854,0.02766942716521116,0.11122403691531052,0.216065004247604
baseline-recovery-32,147,matched,estimation,200,0.00033706829189381353,0.000539943835635392,0.001723035074516932,0.0018525596946483702
baseline-recovery-32,147,matched,operator,200,0.0,0.0,0.0,0.0
baseline-recovery-32,147,matched,total,200,0.00033706829189381353,0.000539943835635392,0.001723035074516932,0.0018525596946483702
baseline-recovery-32,148,analytic,estimation,200,0.00033511512529951824,0.0006340219699195962,0.001916907295215431,0.002161896561546195
baseline-recovery-32,148,analytic,operator,200,-0.0004005291718005408,0.014579915423392485,0.06547633471906061,0.12769206776171144
baseline-recovery-32,148,analytic,total,200,-6.54140465010226e-05,0.014620792200209823,0.06641988840327902,0.1276063421328122
baseline-recovery-32,148,matched,estimation,200,0.00033545113457132827,0.0006332618174522451,0.0019584391623408415,0.0021705993836995674
baseline-recovery-32,148,matched,operator,200,0.0,0.0,0.0,0.0
baseline-recovery-32,148,matched,total,200,0.00033545113457132827,0.0006332618174522451,0.0019584391623408415,0.0021705993836995674
baseline-recovery-32,149,analytic,estimation,200,0.0027738791467949047,0.00300364193967612,0.004738961522433027,0.005275323538177834
baseline-recovery-32,149,analytic,operator,200,-0.0004949313156980613,0.0549718612253575,0.21383009112632206,0.25770084035295515
baseline-recovery-32,149,analytic,total,200,0.002278947831096843,0.05513407844676661,0.21712833840120965,0.25634446848275555
baseline-recovery-32,149,matched,estimation,200,0.0027540455614410517,0.002980627648121272,0.004985830574567918,0.005279355183125833
baseline-recovery-32,149,matched,operator,200,0.0,0.0,0.0,0.0
baseline-recovery-32,149,matched,total,200,0.0027540455614410517,0.002980627648121272,0.004985830574567918,0.005279355183125833
baseline-recovery-32,150,analytic,estimation,200,-0.0003686497908237449,0.0012376978823214473,0.0033130804915455503,0.0042460816482783326
baseline-recovery-32,150,analytic,operator,200,0.0017256316140212649,0.052513668000499135,0.20877861553662902,0.2504380396811952
baseline-recovery-32,150,analytic,total,200,0.00135698182319752,0.052736863631781414,0.20785081165231456,0.25021880269264984
baseline-recovery-32,150,matched,estimation,200,-0.0003761096839867124,0.0012159517890678428,0.00329734566024964,0.004109187718208451
baseline-recovery-32,150,matched,operator,200,0.0,0.0,0.0,0.0
baseline-recovery-32,150,matched,total,200,-0.0003761096839867124,0.0012159517890678428,0.00329734566024964,0.004109187718208451
baseline-recovery-32,151,analytic,estimation,200,-0.0030345030085060544,0.003299130700043818,0.005316368034723795,0.00547692713661474
baseline-recovery-32,151,analytic,operator,200,0.0050799593495282815,0.03712574211797097,0.12040293993211049,0.23280179647849486
baseline-recovery-32,151,analytic,total,200,0.002045456341022227,0.03706658307700562,0.11710854475028865,0.22875295130860562
baseline-recovery-32,151,matched,estimation,200,-0.003057334639804457,0.0033178184744872305,0.005281853976093015,0.005467036976363637
baseline-recovery-32,151,matched,operator,200,0.0,0.0,0.0,0.0
baseline-recovery-32,151,matched,total,200,-0.003057334639804457,0.0033178184744872305,0.005281853976093015,0.005467036976363637
baseline-recovery-32,152,analytic,estimation,200,0.0015393787675582157,0.001763508120028656,0.003211860897373686,0.0033410089792756947
baseline-recovery-32,152,analytic,operator,200,-0.001636108847944102,0.030456886361720056,0.1392924715708902,0.18212933267682713
baseline-recovery-32,152,analytic,total,200,-9.67300803858863e-05,0.030626037336342064,0.13910470390336038,0.1817614797717675
baseline-recovery-32,152,matched,estimation,200,0.001532481481610692,0.0017447305180981942,0.0031348570219629224,0.0033748865457183808
baseline-recovery-32,152,matched,operator,200,0.0,0.0,0.0,0.0
baseline-recovery-32,152,matched,total,200,0.001532481481610692,0.0017447305180981942,0.0031348570219629224,0.0033748865457183808
baseline-recovery-32,153,analytic,estimation,200,-4.547294396069072e-05,0.0007689965330791218,0.002050515616628501,0.002085789362932855
baseline-recovery-32,153,analytic,operator,200,-0.005445282240864205,0.053551698255415114,0.20614435990573404,0.31822765697788524
baseline-recovery-32,153,analytic,total,200,-0.005490755184824896,0.05361527736649442,0.20650385478902683,0.31836920796771107
baseline-recovery-32,153,matched,estimation,200,-3.1365045767643876e-06,0.0007620841741548427,0.002041623500301737,0.002132160031929564
baseline-recovery-32,153,matched,operator,200,0.0,0.0,0.0,0.0
baseline-recovery-32,153,matched,total,200,-3.1365045767643876e-06,0.0007620841741548427,0.002041623500301737,0.002132160031929564
baseline-recovery-32,154,analytic,estimation,200,0.0019246101296497267,0.0019995238997603674,0.002770665102879377,0.003046332306794075
baseline-recovery-32,154,analytic,operator,200,0.002145040336407571,0.02221693369333622,0.10871909566964044,0.17594226502971602
baseline-recovery-32,154,analytic,total,200,0.004069650466057297,0.0225121061003216,0.11015568423646549,0.17826120024140893
baseline-recovery-32,154,matched,estimation,200,0.001919352717325732,0.0019916961623112454,0.0027490455119409396,0.0027837184839238915
baseline-recovery-32,154,matched,operator,200,0.0,0.0,0.0,0.0
baseline-recovery-32,154,matched,total,200,0.001919352717325732,0.0019916961623112454,0.0027490455119409396,0.0027837184839238915
baseline-recovery-32,155,analytic,estimation,200,-0.0008518484398579734,0.0009767554702153655,0.0019569681155302554,0.001992727540111039
baseline-recovery-32,155,analytic,operator,200,0.0008502736393908701,0.021735519142431565,0.08948920721967549,0.09938003337607137
baseline-recovery-32,155,analytic,total,200,-1.5748004671031824e-06,0.021662098562353477,0.08821422738787207,0.09818519706821874
baseline-recovery-32,155,matched,estimation,200,-0.0008461168049447853,0.000969017166219426,0.0019567921149215017,0.00199281830400877
baseline-recovery-32,155,matched,operator,200,0.0,0.0,0.0,0.0
baseline-recovery-32,155,matched,total,200,-0.0008461168049447853,0.000969017166219426,0.0019567921149215017,0.00199281830400877
baseline-recovery-32,156,analytic,estimation,200,-0.0004355765414946452,0.0006537670351296965,0.001269837992116038,0.0013001655234416987
baseline-recovery-32,156,analytic,operator,200,-0.0027321058428003415,0.027510231249785154,0.09451955586972606,0.1838152610334776
baseline-recovery-32,156,analytic,total,200,-0.003167682384294987,0.02742646824987223,0.09479463657358489,0.18378235656115077
baseline-recovery-32,156,matched,estimation,200,-0.00045712792755106215,0.0006540452554434879,0.0012725818326625588,0.0013029776906933535
baseline-recovery-32,156,matched,operator,200,0.0,0.0,0.0,0.0
baseline-recovery-32,156,matched,total,200,-0.00045712792755106215,0.0006540452554434879,0.0012725818326625588,0.0013029776906933535
baseline-recovery-32,157,analytic,estimation,200,0.0031107265473020377,0.0032650679342412663,0.005147930043533866,0.005205436744072034
baseline-recovery-32,157,analytic,operator,200,-0.0016489387170966622,0.0418846365592674,0.15719568302692666,0.21755295039824585
baseline-recovery-32,157,analytic,total,200,0.0014617878302053756,0.04206354123106711,0.15978193317449219,0.21696387636867948
baseline-recovery-32,157,matched,estimation,200,0.0031170797789456025,0.0032683166977885477,0.005172721115110801,0.00546229943212817
baseline-recovery-32,157,matched,operator,200,0.0,0.0,0.0,0.0
baseline-recovery-32,157,matched,total,200,0.0031170797789456025,0.0032683166977885477,0.005172721115110801,0.00546229943212817
baseline-recovery-32,158,analytic,estimation,200,-0.0012049983256532837,0.0016090327744768687,0.0034546200543258965,0.003911171230927657
baseline-recovery-32,158,analytic,operator,200,0.006170744090866256,0.04384099699522729,0.16666508717160083,0.1889695836025198
baseline-recovery-32,158,analytic,total,200,0.0049657457652129726,0.04389177263610562,0.16490806802804653,0.18942139501743416
baseline-recovery-32,158,matched,estimation,200,-0.0012354642868242,0.001616003888258865,0.0035006744660234235,0.0038542798609468853
baseline-recovery-32,158,matched,operator,200,0.0,0.0,0.0,0.0
baseline-recovery-32,158,matched,total,200,-0.0012354642868242,0.001616003888258865,0.0035006744660234235,0.0038542798609468853
baseline-recovery-32,159,analytic,estimation,200,-0.002741194654183031,0.002996037023830488,0.004688369814695448,0.004830087796277915
baseline-recovery-32,159,analytic,operator,200,0.001735708483715916,0.03823380792333233,0.14634943953675594,0.17671560642177347
baseline-recovery-32,159,analytic,total,200,-0.0010054861704671145,0.038425242419949164,0.1440967179769166,0.1752298378387288
baseline-recovery-32,159,matched,estimation,200,-0.0027450063804065365,0.0029935537998357713,0.004667465491199951,0.004731248997764448
baseline-recovery-32,159,matched,operator,200,0.0,0.0,0.0,0.0
baseline-recovery-32,159,matched,total,200,-0.0027450063804065365,0.0029935537998357713,0.004667465491199951,0.004731248997764448
baseline-recovery-32,160,analytic,estimation,200,0.0021634860323188486,0.0024797988516514313,0.004170500638213115,0.004220834622166825
baseline-recovery-32,160,analytic,operator,200,-0.004809116954687187,0.055857472872032646,0.24677240447168147,0.3323057862599868
baseline-recovery-32,160,analytic,total,200,-0.0026456309223683388,0.05587001814455343,0.24632120658517337,0.33139728436619914
baseline-recovery-32,160,matched,estimation,200,0.002177841516226901,0.0024892693401548944,0.00422782051589965,0.004343354514403153
baseline-recovery-32,160,matched,operator,200,0.0,0.0,0.0,0.0
baseline-recovery-32,160,matched,total,200,0.002177841516226901,0.0024892693401548944,0.00422782051589965,0.004343354514403153
baseline-recovery-32,161,analytic,estimation,200,0.0017447590726706699,0.002091053745279832,0.003635312930395207,0.004152634899027174
baseline-recovery-32,161,analytic,operator,200,0.0022592957498510802,0.05386760328201547,0.16958411742907642,0.22110098006337842
baseline-recovery-32,161,analytic,total,200,0.00400405482252175,0.05430044359769436,0.16937957886631094,0.22190999023723312
baseline-recovery-32,161,matched,estimation,200,0.0017327207017728554,0.0020499594853578547,0.0036465234691933635,0.0036776774416125146
baseline-recovery-32,161,matched,operator,200,0.0,0.0,0.0,0.0
baseline-recovery-32,161,matched,total,200,0.0017327207017728554,0.0020499594853578547,0.0036465234691933635,0.0036776774416125146
baseline-recovery-32,162,analytic,estimation,200,0.0008106431813588356,0.0013593740139235693,0.003674830236277682,0.005493765746383161
baseline-recovery-32,162,analytic,operator,200,0.0009991484584135977,0.0418168694952251,0.15881496515463245,0.21318996915296928
baseline-recovery-32,162,analytic,total,200,0.0018097916397724334,0.042042819581440946,0.15944363688053742,0.2129200274272729
baseline-recovery-32,162,matched,estimation,200,0.0008088876474016546,0.001350230500202915,0.0038888900799416426,0.005361420301754016
baseline-recovery-32,162,matched,operator,200,0.0,0.0,0.0,0.0
baseline-recovery-32,162,matched,total,200,0.0008088876474016546,0.001350230500202915,0.0038888900799416426,0.005361420301754016
baseline-recovery-32,163,analytic,estimation,200,-0.0034433517332546405,0.0035752958338576783,0.0058849778496128935,0.005987621819521394
baseline-recovery-32,163,analytic,operator,200,0.0015363147398143428,0.031542072981435944,0.144504734753641,0.1816534645766819
baseline-recovery-32,163,analytic,total,200,-0.0019070369934402974,0.031780554030739865,0.15046723861857614,0.1866809523854846
baseline-recovery-32,163,matched,estimation,200,-0.0034437569602137003,0.0035698241344525763,0.005680363351689172,0.005948237126986555
baseline-recovery-32,163,matched,operator,200,0.0,0.0,0.0,0.0
baseline-recovery-32,163,matched,total,200,-0.0034437569602137003,0.0035698241344525763,0.005680363351689172,0.005948237126986555
baseline-recovery-32,164,analytic,estimation,200,0.002235057458665056,0.0024214724792288532,0.0035136559806461243,0.003548137156530906
baseline-recovery-32,164,analytic,operator,200,0.00040110756143401115,0.02622175987222939,0.13723565665805854,0.184737198481581
baseline-recovery-32,164,analytic,total,200,0.002636165020099067,0.026391834231924934,0.13995716172982625,0.18721947958560664
baseline-recovery-32,164,matched,estimation,200,0.0022276541656753575,0.002415405038310478,0.0035146173754856402,0.003555894799028181
baseline-recovery-32,164,matched,operator,200,0.0,0.0,0.0,0.0
baseline-recovery-32,164,matched,total,200,0.0022276541656753575,0.002415405038310478,0.0035146173754856402,0.003555894799028181
baseline-recovery-32,165,analytic,estimation,200,0.0004879396096435551,0.0012623752390746082,0.003302840243861682,0.0033354974518863822
baseline-recovery-32,165,analytic,operator,200,0.002480381012698611,0.03583492441299351,0.14171153537503073,0.18441154661604078
baseline-recovery-32,165,analytic,total,200,0.002968320622342166,0.036149975192089095,0.1418357076427128,0.18710656379253054
baseline-recovery-32,165,matched,estimation,200,0.00047878001047503733,0.001223653715904767,0.0032794545154162247,0.003367662307018515
baseline-recovery-32,165,matched,operator,200,0.0,0.0,0.0,0.0
baseline-recovery-32,165,matched,total,200,0.00047878001047503733,0.001223653715904767,0.0032794545154162247,0.003367662307018515
baseline-recovery-32,166,analytic,estimation,200,-0.001223887050830242,0.001408329321413813,0.0030278551315223723,0.003513073191623306
baseline-recovery-32,166,analytic,operator,200,0.0022033472474806463,0.026670292546821142,0.10609178910190692,0.2547399576604625
baseline-recovery-32,166,analytic,total,200,0.0009794601966504042,0.026712290112229347,0.10854595693021257,0.25446277881421236
baseline-recovery-32,166,matched,estimation,200,-0.0012421755930596015,0.0014180167034453677,0.00302968261329406,0.0036914866728041673
baseline-recovery-32,166,matched,operator,200,0.0,0.0,0.0,0.0
baseline-recovery-32,166,matched,total,200,-0.0012421755930596015,0.0014180167034453677,0.00302968261329406,0.0036914866728041673
baseline-recovery-32,167,analytic,estimation,200,0.000927573277219933,0.0013713911532476852,0.0034996307355568135,0.004709692454452075
baseline-recovery-32,167,analytic,operator,200,0.0007096366908140092,0.041393339758458124,0.1847934481051584,0.19315129816118803
baseline-recovery-32,167,analytic,total,200,0.0016372099680339422,0.041655338419273866,0.18482864285553552,0.19534182728862715
baseline-recovery-32,167,matched,estimation,200,0.0009371380938697384,0.0013604255225820394,0.0037372559136503725,0.004736347175444244
baseline-recovery-32,167,matched,operator,200,0.0,0.0,0.0,0.0
baseline-recovery-32,167,matched,total,200,0.0009371380938697384,0.0013604255225820394,0.0037372559136503725,0.004736347175444244
baseline-recovery-32,168,analytic,estimation,200,0.001733300814921351,0.001890284722994415,0.002904781862143213,0.003035932527773566
baseline-recovery-32,168,analytic,operator,200,0.0014777648578008199,0.0311376525969574,0.10245112214859775,0.29028264355927
baseline-recovery-32,168,analytic,total,200,0.003211065672722171,0.031396250363279844,0.10544191866714503,0.2927219775502301
baseline-recovery-32,168,matched,estimation,200,0.001719178506249094,0.0018738148758540903,0.0028117786598635397,0.00303574811462487
baseline-recovery-32,168,matched,operator,200,0.0,0.0,0.0,0.0
baseline-recovery-32,168,matched,total,200,0.001719178506249094,0.0018738148758540903,0.0028117786598635397,0.00303574811462487
failed-only-best-6,1,analytic,estimation,200,0.00042252050168352243,0.0007238206150655613,0.002332420091179621,0.0027861960587984846
failed-only-best-6,1,analytic,operator,200,0.0011938920533125998,0.04054855842624704,0.1546079111814862,0.16623020724380383
failed-only-best-6,1,analytic,total,200,0.0016164125549961222,0.040638172761306185,0.15613659118122725,0.1668921813179574
failed-only-best-6,1,matched,estimation,200,0.00041676471266430655,0.0007149903884116339,0.0023847360454212208,0.002867386607436462
failed-only-best-6,1,matched,operator,200,0.0,0.0,0.0,0.0
failed-only-best-6,1,matched,total,200,0.00041676471266430655,0.0007149903884116339,0.0023847360454212208,0.002867386607436462
failed-only-best-6,2,analytic,estimation,200,-0.0006357696922897589,0.0009713013518569817,0.001975046172576711,0.002157630137331834
failed-only-best-6,2,analytic,operator,200,-0.0009420663585866498,0.038858782116441656,0.15908289871988718,0.20009574390311458
failed-only-best-6,2,analytic,total,200,-0.001577836050876409,0.03899283857758258,0.15870706296357595,0.20050780208057284
failed-only-best-6,2,matched,estimation,200,-0.0006353111685304637,0.0009723911950964801,0.0018814912131533967,0.0021480601668142363
failed-only-best-6,2,matched,operator,200,0.0,0.0,0.0,0.0
failed-only-best-6,2,matched,total,200,-0.0006353111685304637,0.0009723911950964801,0.0018814912131533967,0.0021480601668142363
failed-only-best-6,3,analytic,estimation,200,-0.0024996180782386936,0.002649704710294723,0.0038804639424252496,0.00392846208504638
failed-only-best-6,3,analytic,operator,200,0.0013613293627027373,0.0407409185887607,0.17244946079318207,0.19062384276882627
failed-only-best-6,3,analytic,total,200,-0.0011382887155359565,0.0407630200279965,0.17559831932332465,0.18850394602076748
failed-only-best-6,3,matched,estimation,200,-0.00250633027190502,0.002656468480703698,0.003907609398619671,0.003956322264974332
failed-only-best-6,3,matched,operator,200,0.0,0.0,0.0,0.0
failed-only-best-6,3,matched,total,200,-0.00250633027190502,0.002656468480703698,0.003907609398619671,0.003956322264974332
failed-only-best-6,4,analytic,estimation,200,0.0014281123424039594,0.0017250166283828642,0.0036342647662210847,0.0037895250791515345
failed-only-best-6,4,analytic,operator,200,0.0012320588220468048,0.03619367412027493,0.1408577342265363,0.16602969739583812
failed-only-best-6,4,analytic,total,200,0.002660171164450764,0.036410628603229245,0.1425264706999282,0.16621364911112263
failed-only-best-6,4,matched,estimation,200,0.0014201658614009219,0.0017143325314898348,0.003631825107765607,0.0037887151973716726
failed-only-best-6,4,matched,operator,200,0.0,0.0,0.0,0.0
failed-only-best-6,4,matched,total,200,0.0014201658614009219,0.0017143325314898348,0.003631825107765607,0.0037887151973716726
failed-only-best-6,5,analytic,estimation,200,0.0005483071913960943,0.0008439829142401442,0.002332377923784046,0.0028006473353232586
failed-only-best-6,5,analytic,operator,200,0.003433265182555945,0.0385688316879302,0.1371760109839927,0.2703432082905851
failed-only-best-6,5,analytic,total,200,0.0039815723739520395,0.03868208404999089,0.13783254191438102,0.27173208045969466
failed-only-best-6,5,matched,estimation,200,0.0005420592977371156,0.000841149823840316,0.002414136627507446,0.002824605517533829
failed-only-best-6,5,matched,operator,200,0.0,0.0,0.0,0.0
failed-only-best-6,5,matched,total,200,0.0005420592977371156,0.000841149823840316,0.002414136627507446,0.002824605517533829
failed-only-best-6,6,analytic,estimation,200,-0.0004797182272526983,0.0007601561706008926,0.0013587816997917557,0.001476780615416451
failed-only-best-6,6,analytic,operator,200,0.0012495408183007218,0.02659329205467769,0.12938369269981623,0.14288246727054202
failed-only-best-6,6,analytic,total,200,0.0007698225910480235,0.02664960358596641,0.12891180837711003,0.14248644761024398
failed-only-best-6,6,matched,estimation,200,-0.00048543241321414546,0.0007591380803883588,0.0013222667612000083,0.0014163037865044248
failed-only-best-6,6,matched,operator,200,0.0,0.0,0.0,0.0
failed-only-best-6,6,matched,total,200,-0.00048543241321414546,0.0007591380803883588,0.0013222667612000083,0.0014163037865044248
failed-only-best-6,7,analytic,estimation,200,-0.00030990105308232696,0.0004370490807528028,0.0009802465891450562,0.000991938837624648
failed-only-best-6,7,analytic,operator,200,0.0003068987238856519,0.01174084164013823,0.05768042216851115,0.08351114490982174
failed-only-best-6,7,analytic,total,200,-3.0023291966749833e-06,0.011783504074179264,0.05852104312518721,0.08448675825634855
failed-only-best-6,7,matched,estimation,200,-0.0003123618043573933,0.00043766250528146355,0.0010132452300286587,0.0010625825092208385
failed-only-best-6,7,matched,operator,200,0.0,0.0,0.0,0.0
failed-only-best-6,7,matched,total,200,-0.0003123618043573933,0.00043766250528146355,0.0010132452300286587,0.0010625825092208385
failed-only-best-6,8,analytic,estimation,200,-4.3197986628248644e-05,9.806040054491045e-05,0.00024661548674553835,0.0005121274954519583
failed-only-best-6,8,analytic,operator,200,-0.00029918117459307896,0.005163630723301093,0.027160449197076664,0.03164414804401941
failed-only-best-6,8,analytic,total,200,-0.0003423791612213276,0.00517022395441363,0.02705417080549191,0.03169464092470595
failed-only-best-6,8,matched,estimation,200,-4.3611771666796325e-05,9.604430236882445e-05,0.00024662742610900845,0.0004974793210789918
failed-only-best-6,8,matched,operator,200,0.0,0.0,0.0,0.0
failed-only-best-6,8,matched,total,200,-4.3611771666796325e-05,9.604430236882445e-05,0.00024662742610900845,0.0004974793210789918
failed-only-best-6,9,analytic,estimation,200,0.001928396844323928,0.002159238037783091,0.003974373620295735,0.004002017877391184
failed-only-best-6,9,analytic,operator,200,-0.0019044316069698952,0.04713794355285309,0.17350272662073685,0.2764896362392272
failed-only-best-6,9,analytic,total,200,2.3965237354032935e-05,0.04718358880460901,0.17264751371151477,0.27555847086418384
failed-only-best-6,9,matched,estimation,200,0.0019414170420115383,0.002172853463403518,0.0040442614339151195,0.004070742488362367
failed-only-best-6,9,matched,operator,200,0.0,0.0,0.0,0.0
failed-only-best-6,9,matched,total,200,0.0019414170420115383,0.002172853463403518,0.0040442614339151195,0.004070742488362367
failed-only-best-6,10,analytic,estimation,200,-0.001016909512215653,0.0011983230809555375,0.002409939302633224,0.002501628249443999
failed-only-best-6,10,analytic,operator,200,0.0004182577505309484,0.05369931930283858,0.1978414336079175,0.23352029086938414
failed-only-best-6,10,analytic,total,200,-0.000598651761684705,0.053866438942572474,0.20032826205886278,0.23447445464102507
failed-only-best-6,10,matched,estimation,200,-0.0010187126944033833,0.0011835178667466478,0.0022507228557030468,0.002423448005042572
failed-only-best-6,10,matched,operator,200,0.0,0.0,0.0,0.0
failed-only-best-6,10,matched,total,200,-0.0010187126944033833,0.0011835178667466478,0.0022507228557030468,0.002423448005042572
failed-only-best-6,11,analytic,estimation,200,-0.0013528935049627886,0.001609150557890612,0.003049674344046488,0.0033704706446515964
failed-only-best-6,11,analytic,operator,200,-0.001155453052530404,0.03866868216695601,0.13459545198693895,0.1423858337615227
failed-only-best-6,11,analytic,total,200,-0.002508346557493193,0.03888423007238214,0.13662788080865335,0.1436007071495068
failed-only-best-6,11,matched,estimation,200,-0.001343095472815421,0.0015916696187195788,0.003004384472000743,0.00353826148299273
failed-only-best-6,11,matched,operator,200,0.0,0.0,0.0,0.0
failed-only-best-6,11,matched,total,200,-0.001343095472815421,0.0015916696187195788,0.003004384472000743,0.00353826148299273
failed-only-best-6,12,analytic,estimation,200,0.00039912807133349527,0.0007921751604747127,0.001962077409551455,0.00333529795753984
failed-only-best-6,12,analytic,operator,200,-0.0011162131465490537,0.028987582742667106,0.11739407877258551,0.15594187828111672
failed-only-best-6,12,analytic,total,200,-0.0007170850752155584,0.029052957722240362,0.11690914823606124,0.15630453831367142
failed-only-best-6,12,matched,estimation,200,0.00040441257342307323,0.0007926554891791041,0.0017544649040486249,0.003459772348946011
failed-only-best-6,12,matched,operator,200,0.0,0.0,0.0,0.0
failed-only-best-6,12,matched,total,200,0.00040441257342307323,0.0007926554891791041,0.0017544649040486249,0.003459772348946011
failed-only-best-6,13,analytic,estimation,200,-0.00017960992652465573,0.0005725785301930069,0.0013802420943215266,0.0014144643409378377
failed-only-best-6,13,analytic,operator,200,-0.0012446263259320019,0.05419767486142934,0.21157258535375245,0.2917982391822423
failed-only-best-6,13,analytic,total,200,-0.0014242362524566577,0.05430254928650452,0.2121191491190935,0.2925784426293589
failed-only-best-6,13,matched,estimation,200,-0.00018438339347104577,0.0005609638179770968,0.001251570247124939,0.0014677941960793972
failed-only-best-6,13,matched,operator,200,0.0,0.0,0.0,0.0
failed-only-best-6,13,matched,total,200,-0.00018438339347104577,0.0005609638179770968,0.001251570247124939,0.0014677941960793972
failed-only-best-6,14,analytic,estimation,200,0.0004974689163310349,0.0006648593451895931,0.001121924081874004,0.001176937067071837
failed-only-best-6,14,analytic,operator,200,0.00016322034370002802,0.020829873558470293,0.0799740472714659,0.10550311861954759
failed-only-best-6,14,analytic,total,200,0.0006606892600310628,0.02087402624522771,0.08068032494845079,0.10625445758268412
failed-only-best-6,14,matched,estimation,200,0.000495444063451328,0.0006612240823717382,0.0010976440984478697,0.0011423469022639743
failed-only-best-6,14,matched,operator,200,0.0,0.0,0.0,0.0
failed-only-best-6,14,matched,total,200,0.000495444063451328,0.0006612240823717382,0.0010976440984478697,0.0011423469022639743
failed-only-best-6,15,analytic,estimation,200,-0.0005303137941376004,0.0006641729190355796,0.001816127790983335,0.0018404050185799603
failed-only-best-6,15,analytic,operator,200,-0.00122370047064453,0.021936695602222434,0.08275366813622881,0.14873357820201366
failed-only-best-6,15,analytic,total,200,-0.0017540142647821306,0.02202984505461942,0.08402887402903661,0.14947174343591807
failed-only-best-6,15,matched,estimation,200,-0.0005148936395453224,0.00064452351937435,0.0017772778270771505,0.0018972111563181904
failed-only-best-6,15,matched,operator,200,0.0,0.0,0.0,0.0
failed-only-best-6,15,matched,total,200,-0.0005148936395453224,0.00064452351937435,0.0017772778270771505,0.0018972111563181904
failed-only-best-6,16,analytic,estimation,200,-0.0006973053081280294,0.0007486363985343,0.0011495059891317716,0.0013927342008537291
failed-only-best-6,16,analytic,operator,200,-0.0003252616756898999,0.012301271976041512,0.044108856614791345,0.05195171262536438
failed-only-best-6,16,analytic,total,200,-0.0010225669838179294,0.012350066370638634,0.0445468540358796,0.0509241422987267
failed-only-best-6,16,matched,estimation,200,-0.0006995546954211597,0.000747394277871481,0.0011435268287396383,0.0013461542777482016
failed-only-best-6,16,matched,operator,200,0.0,0.0,0.0,0.0
failed-only-best-6,16,matched,total,200,-0.0006995546954211597,0.000747394277871481,0.0011435268287396383,0.0013461542777482016
failed-only-best-6,17,analytic,estimation,200,0.0004037129265525049,0.00049006882582648,0.0009435591236090224,0.0009474278947120829
failed-only-best-6,17,analytic,operator,200,-0.0009570299972527349,0.012079162857239605,0.04957814632487567,0.07445139599977038
failed-only-best-6,17,analytic,total,200,-0.0005533170707002301,0.012048274878804366,0.049181487320581085,0.0741195142836546
failed-only-best-6,17,matched,estimation,200,0.000411184356050357,0.0004920089742595657,0.0009432683308554235,0.0009471029260768593
failed-only-best-6,17,matched,operator,200,0.0,0.0,0.0,0.0
failed-only-best-6,17,matched,total,200,0.000411184356050357,0.0004920089742595657,0.0009432683308554235,0.0009471029260768593
failed-only-best-6,18,analytic,estimation,200,0.0006186886478486332,0.0006967550267242334,0.0012067429778455652,0.0012584558359607922
failed-only-best-6,18,analytic,operator,200,-0.00025952325963362705,0.008893655591995505,0.047903575254273495,0.05200378051128919
failed-only-best-6,18,analytic,total,200,0.0003591653882150062,0.008880793379606719,0.04896129328602808,0.051767879640216674
failed-only-best-6,18,matched,estimation,200,0.0006172563903326556,0.0006932134850516365,0.0012136780332802355,0.0012414259085469226
failed-only-best-6,18,matched,operator,200,0.0,0.0,0.0,0.0
failed-only-best-6,18,matched,total,200,0.0006172563903326556,0.0006932134850516365,0.0012136780332802355,0.0012414259085469226
failed-only-best-6,19,analytic,estimation,200,-0.0006816215287091042,0.0007222861465685569,0.0011586570374869376,0.001180491125176486
failed-only-best-6,19,analytic,operator,200,-0.002616782399225109,0.013506129995786998,0.0621896890517033,0.063466199702458
failed-only-best-6,19,analytic,total,200,-0.003298403927934213,0.013645693700578585,0.0627603199955622,0.06411512551163549
failed-only-best-6,19,matched,estimation,200,-0.0006759573723699812,0.0007177964552058622,0.0011660477928447377,0.0011805196964365106
failed-only-best-6,19,matched,operator,200,0.0,0.0,0.0,0.0
failed-only-best-6,19,matched,total,200,-0.0006759573723699812,0.0007177964552058622,0.0011660477928447377,0.0011805196964365106
failed-only-best-6,20,analytic,estimation,200,0.0010630516516929626,0.0014138329503271807,0.002994776632499585,0.003095765552881158
failed-only-best-6,20,analytic,operator,200,-0.003308843975716119,0.05641309551562481,0.1795933436592721,0.2213660203063314
failed-only-best-6,20,analytic,total,200,-0.0022457923240231568,0.05671445134213849,0.18199410997481863,0.22196628389463452
failed-only-best-6,20,matched,estimation,200,0.001051228035376295,0.0013581061787450342,0.00255808328409457,0.0029515647744144946
failed-only-best-6,20,matched,operator,200,0.0,0.0,0.0,0.0
failed-only-best-6,20,matched,total,200,0.001051228035376295,0.0013581061787450342,0.00255808328409457,0.0029515647744144946
failed-only-best-6,21,analytic,estimation,200,0.00023480230882371423,0.000984044294940212,0.0029951059266941638,0.0031781855290220484
failed-only-best-6,21,analytic,operator,200,7.465679903731861e-05,0.05208950146007629,0.18641822375104966,0.21194773021136393
failed-only-best-6,21,analytic,total,200,0.00030945910786103287,0.05227298364200046,0.18658638613504325,0.21264192100582455
failed-only-best-6,21,matched,estimation,200,0.00023462143556557153,0.0009656946261117583,0.0028073283228646773,0.0030104128644605765
failed-only-best-6,21,matched,operator,200,0.0,0.0,0.0,0.0
failed-only-best-6,21,matched,total,200,0.00023462143556557153,0.0009656946261117583,0.0028073283228646773,0.0030104128644605765
failed-only-best-6,22,analytic,estimation,200,-0.002894858051813506,0.003113871994834142,0.004801204561861283,0.005035511408359006
failed-only-best-6,22,analytic,operator,200,0.0008328845492765447,0.04875452807612329,0.1803488729633167,0.21163595194807522
failed-only-best-6,22,analytic,total,200,-0.0020619735025369616,0.0488153794202229,0.18299133755695973,0.2151499238254183
failed-only-best-6,22,matched,estimation,200,-0.002900911189152975,0.0031151726645135026,0.004800713853422289,0.004865202671674895
failed-only-best-6,22,matched,operator,200,0.0,0.0,0.0,0.0
failed-only-best-6,22,matched,total,200,-0.002900911189152975,0.0031151726645135026,0.004800713853422289,0.004865202671674895
failed-only-best-6,23,analytic,estimation,200,0.0017241992120067256,0.001958222242858482,0.002800343594985044,0.002918126333879667
failed-only-best-6,23,analytic,operator,200,0.003094473754020559,0.03781523543494446,0.14505205282889527,0.2649242738080336
failed-only-best-6,23,analytic,total,200,0.004818672966027285,0.037929948985892865,0.14768880312436644,0.2659645485678811
failed-only-best-6,23,matched,estimation,200,0.0017095093057066502,0.0019461109057182322,0.002838738779062766,0.002943092612153586
failed-only-best-6,23,matched,operator,200,0.0,0.0,0.0,0.0
failed-only-best-6,23,matched,total,200,0.0017095093057066502,0.0019461109057182322,0.002838738779062766,0.002943092612153586
failed-only-best-6,24,analytic,estimation,200,0.0007105249335283033,0.001210159561671129,0.0025142925233204994,0.002539187012687516
failed-only-best-6,24,analytic,operator,200,-0.00686426106028078,0.05526129364898434,0.20589476144457405,0.22268587350667554
failed-only-best-6,24,analytic,total,200,-0.006153736126752478,0.05544728655499001,0.20755632073233016,0.22291157750147575
failed-only-best-6,24,matched,estimation,200,0.0007342112695593665,0.0011947148603306979,0.0025376248378574107,0.0025403413043625367
failed-only-best-6,24,matched,operator,200,0.0,0.0,0.0,0.0
failed-only-best-6,24,matched,total,200,0.0007342112695593665,0.0011947148603306979,0.0025376248378574107,0.0025403413043625367
failed-only-best-6,25,analytic,estimation,200,-0.000980063127725105,0.0011386260460948601,0.002336042275121464,0.002384861875546096
failed-only-best-6,25,analytic,operator,200,0.0019369865635844872,0.043108095347461024,0.2017857987772373,0.24782671689567382
failed-only-best-6,25,analytic,total,200,0.0009569234358593822,0.04318597733721538,0.20130059620721152,0.2479581504975763
failed-only-best-6,25,matched,estimation,200,-0.0009873810024547311,0.0011407162658026563,0.002045215051750846,0.0024953080689065765
failed-only-best-6,25,matched,operator,200,0.0,0.0,0.0,0.0
failed-only-best-6,25,matched,total,200,-0.0009873810024547311,0.0011407162658026563,0.002045215051750846,0.0024953080689065765
failed-only-best-6,26,analytic,estimation,200,-0.00040953508601542584,0.0008066019355598166,0.0018246024070714961,0.0018965269399726647
failed-only-best-6,26,analytic,operator,200,0.0049807718756456195,0.059999120586735885,0.27655202240586396,0.3493832953850377
failed-only-best-6,26,analytic,total,200,0.004571236789630194,0.06018649066181744,0.27743461027317445,0.3503560680333058
failed-only-best-6,26,matched,estimation,200,-0.0004304157158921312,0.0007854695821899207,0.0018378512473617992,0.001934198468076409
failed-only-best-6,26,matched,operator,200,0.0,0.0,0.0,0.0
failed-only-best-6,26,matched,total,200,-0.0004304157158921312,0.0007854695821899207,0.0018378512473617992,0.001934198468076409
failed-only-best-6,27,analytic,estimation,200,0.0022255691333371973,0.0023415520112853136,0.0034910821429843253,0.0036335606029876955
failed-only-best-6,27,analytic,operator,200,-0.0019171431516125906,0.06231678660785412,0.2375570901594615,0.32506479180531267
failed-only-best-6,27,analytic,total,200,0.0003084259817246068,0.062380964639397705,0.2406659694506977,0.3222360173267763
failed-only-best-6,27,matched,estimation,200,0.002216032929040858,0.0023274418353901876,0.003474436569941175,0.0035692899706399883
failed-only-best-6,27,matched,operator,200,0.0,0.0,0.0,0.0
failed-only-best-6,27,matched,total,200,0.002216032929040858,0.0023274418353901876,0.003474436569941175,0.0035692899706399883
failed-only-best-6,28,analytic,estimation,200,-0.003620550186156098,0.003738772956191203,0.004663354799577579,0.00468928231675414
failed-only-best-6,28,analytic,operator,200,0.0013690663979458884,0.042890643148598404,0.22022245935050266,0.31748738295163004
failed-only-best-6,28,analytic,total,200,-0.0022514837882102096,0.04307432628376998,0.22280660864113655,0.32139158006892177
failed-only-best-6,28,matched,estimation,200,-0.0036271643188725776,0.0037406225325945274,0.004640666285108619,0.004653492461410558
failed-only-best-6,28,matched,operator,200,0.0,0.0,0.0,0.0
failed-only-best-6,28,matched,total,200,-0.0036271643188725776,0.0037406225325945274,0.004640666285108619,0.004653492461410558
failed-only-best-6,29,analytic,estimation,200,0.001419096523222732,0.0015447092330720027,0.002508358389392229,0.0026334954563148605
failed-only-best-6,29,analytic,operator,200,-0.0032128247378702722,0.049786546828697736,0.21440827640615284,0.25151503428363625
failed-only-best-6,29,analytic,total,200,-0.0017937282146475403,0.04986580140674748,0.21650470333188565,0.25031033338906156
failed-only-best-6,29,matched,estimation,200,0.0014228768604413189,0.001538945946877702,0.0024826504207517974,0.0026360428029469363
failed-only-best-6,29,matched,operator,200,0.0,0.0,0.0,0.0
failed-only-best-6,29,matched,total,200,0.0014228768604413189,0.001538945946877702,0.0024826504207517974,0.0026360428029469363
failed-only-best-6,30,analytic,estimation,200,0.0013473628819451711,0.0014834866596557055,0.0025015844240559026,0.002630430639440684
failed-only-best-6,30,analytic,operator,200,0.005017222233852466,0.046536494963177355,0.23816218648571852,0.244330822287617
failed-only-best-6,30,analytic,total,200,0.006364585115797636,0.046866181800559965,0.23707795151727684,0.24687325005182365
failed-only-best-6,30,matched,estimation,200,0.0013285307671648313,0.0014580284269737095,0.002364202788012415,0.0023992540139914365
failed-only-best-6,30,matched,operator,200,0.0,0.0,0.0,0.0
failed-only-best-6,30,matched,total,200,0.0013285307671648313,0.0014580284269737095,0.002364202788012415,0.0023992540139914365
failed-only-best-6,31,analytic,estimation,200,0.0012355254071993664,0.001576162138849058,0.002991074597087473,0.0030945030040728794
failed-only-best-6,31,analytic,operator,200,-0.0009941374591640548,0.05328505023389898,0.17795058137655795,0.24433651584130692
failed-only-best-6,31,analytic,total,200,0.00024138794803531158,0.0534023685199451,0.1776145928625722,0.24525267800714112
failed-only-best-6,31,matched,estimation,200,0.0012577959762098776,0.0015736159055744178,0.003076121650896102,0.0031437157416385197
failed-only-best-6,31,matched,operator,200,0.0,0.0,0.0,0.0
failed-only-best-6,31,matched,total,200,0.0012577959762098776,0.0015736159055744178,0.003076121650896102,0.0031437157416385197
failed-only-best-6,32,analytic,estimation,200,0.0032206933971870044,0.0035138981057782964,0.00542326208094851,0.005452783018881191
failed-only-best-6,32,analytic,operator,200,-0.0016618694545160798,0.054084728450513556,0.2051143081233568,0.27283570525728784
failed-only-best-6,32,analytic,total,200,0.001558823942670925,0.05419824573187647,0.20080892100202663,0.27546110361169684
failed-only-best-6,32,matched,estimation,200,0.0032206244924073402,0.003519483007791811,0.005480369245805486,0.005547284029003341
failed-only-best-6,32,matched,operator,200,0.0,0.0,0.0,0.0
failed-only-best-6,32,matched,total,200,0.0032206244924073402,0.003519483007791811,0.005480369245805486,0.005547284029003341
failed-only-best-6,33,analytic,estimation,200,-0.004102163997273695,0.004265870172429183,0.006114238650238968,0.006284230450067513
failed-only-best-6,33,analytic,operator,200,0.0012437503717093984,0.04377219583168213,0.1717485817943572,0.23560040057712628
failed-only-best-6,33,analytic,total,200,-0.0028584136255642963,0.043806245139992296,0.17444762390986046,0.22978126790871384
failed-only-best-6,33,matched,estimation,200,-0.004101462238306752,0.004263868385780713,0.006113407011175492,0.006219122539393579
failed-only-best-6,33,matched,operator,200,0.0,0.0,0.0,0.0
failed-only-best-6,33,matched,total,200,-0.004101462238306752,0.004263868385780713,0.006113407011175492,0.006219122539393579
failed-only-best-6,34,analytic,estimation,200,0.0025054265777430403,0.0027681420533493197,0.004472921335319402,0.00452964742337203
failed-only-best-6,34,analytic,operator,200,-0.0007080176173343726,0.020318086783185557,0.10239912266312545,0.12836780959897565
failed-only-best-6,34,analytic,total,200,0.0017974089604086674,0.020422442491368105,0.10554093758279104,0.1308353217000251
failed-only-best-6,34,matched,estimation,200,0.002505518620553538,0.0027607153251443337,0.004465799966438921,0.004529212165940599
failed-only-best-6,34,matched,operator,200,0.0,0.0,0.0,0.0
failed-only-best-6,34,matched,total,200,0.002505518620553538,0.0027607153251443337,0.004465799966438921,0.004529212165940599
failed-only-best-6,35,analytic,estimation,200,-0.0017481432128691496,0.00195208376235132,0.003760794668699649,0.0038492467048570345
failed-only-best-6,35,analytic,operator,200,-0.007814982862601101,0.052058531994864966,0.20339267982294712,0.27141922121099693
failed-only-best-6,35,analytic,total,200,-0.009563126075470251,0.05257771125987113,0.20634929932457022,0.2745051190433572
failed-only-best-6,35,matched,estimation,200,-0.0016930983331835856,0.0018871926240164852,0.0035969432018072567,0.0038253114226583645
failed-only-best-6,35,matched,operator,200,0.0,0.0,0.0,0.0
failed-only-best-6,35,matched,total,200,-0.0016930983331835856,0.0018871926240164852,0.0035969432018072567,0.0038253114226583645
failed-only-best-6,36,analytic,estimation,200,0.0005550904831362487,0.0009148887494378265,0.002245793477771263,0.0024755050708547
failed-only-best-6,36,analytic,operator,200,-0.0041134775382526715,0.024947034657272108,0.08495746438053192,0.1897672773834368
failed-only-best-6,36,analytic,total,200,-0.0035583870551164232,0.024781411761735723,0.08386924550460245,0.19011526267745305
failed-only-best-6,36,matched,estimation,200,0.0005228554406884773,0.000884788104676165,0.0022895645836285006,0.002599452286242865
failed-only-best-6,36,matched,operator,200,0.0,0.0,0.0,0.0
failed-only-best-6,36,matched,total,200,0.0005228554406884773,0.000884788104676165,0.0022895645836285006,0.002599452286242865
failed-only-best-6,37,analytic,estimation,200,-1.5900301176382174e-05,0.000339618988014621,0.0008925105933997451,0.0010123231862693566
failed-only-best-6,37,analytic,operator,200,-0.0008763945395328281,0.016816713301523234,0.06041627288826812,0.09762455210394638
failed-only-best-6,37,analytic,total,200,-0.0008922948407092102,0.01681115364721138,0.06091791813525138,0.0981018831716316
failed-only-best-6,37,matched,estimation,200,-1.6268352228437237e-05,0.00032959969647058316,0.000888719911326441,0.001052395136879547
failed-only-best-6,37,matched,operator,200,0.0,0.0,0.0,0.0
failed-only-best-6,37,matched,total,200,-1.6268352228437237e-05,0.00032959969647058316,0.000888719911326441,0.001052395136879547
failed-only-best-6,38,analytic,estimation,200,-0.00042067478901933306,0.0005490559554821324,0.0013955680301085405,0.0014756289428587976
failed-only-best-6,38,analytic,operator,200,-0.0013496868166818926,0.021028526548693225,0.065812704329093,0.24055759111846683
failed-only-best-6,38,analytic,total,200,-0.001770361605701226,0.021057245452579778,0.06524505465251874,0.24137221241019355
failed-only-best-6,38,matched,estimation,200,-0.00041514029074394816,0.0005444206004365293,0.0013560222795634402,0.0014542176212604119
failed-only-best-6,38,matched,operator,200,0.0,0.0,0.0,0.0
failed-only-best-6,38,matched,total,200,-0.00041514029074394816,0.0005444206004365293,0.0013560222795634402,0.0014542176212604119
failed-only-best-6,39,analytic,estimation,200,-0.0003132902036563645,0.00036472601259161027,0.0007209264592717979,0.0007323309714095672
failed-only-best-6,39,analytic,operator,200,0.0009516764089461952,0.009190470090915658,0.040536334374545985,0.04864221008096095
failed-only-best-6,39,analytic,total,200,0.0006383862052898306,0.009180428070248705,0.0399639577786009,0.04856073129970251
failed-only-best-6,39,matched,estimation,200,-0.0003172194333306068,0.000365344143493688,0.0007207727135143394,0.0007321838864862151
failed-only-best-6,39,matched,operator,200,0.0,0.0,0.0,0.0
failed-only-best-6,39,matched,total,200,-0.0003172194333306068,0.000365344143493688,0.0007207727135143394,0.0007321838864862151
failed-only-best-6,40,analytic,estimation,200,0.0002975556752903602,0.00034528514375246726,0.0007855370297507047,0.0007967919254048272
failed-only-best-6,40,analytic,operator,200,0.00014536483912698083,0.008214547752136453,0.04521847432083869,0.0713476287460253
failed-only-best-6,40,analytic,total,200,0.000442920514417341,0.00823312985915645,0.04488915871944602,0.07180896248710525
failed-only-best-6,40,matched,estimation,200,0.00029539495019911805,0.00034162489673748717,0.000775863096594609,0.0007880166418203771
failed-only-best-6,40,matched,operator,200,0.0,0.0,0.0,0.0
failed-only-best-6,40,matched,total,200,0.00029539495019911805,0.00034162489673748717,0.000775863096594609,0.0007880166418203771
failed-only-best-6,41,analytic,estimation,200,0.0007316525480770934,0.0012081152151440931,0.0026680204602739233,0.0027573168121063363
failed-only-best-6,41,analytic,operator,200,0.003752555628152921,0.05173806362625335,0.18290157260365744,0.2523315993015669
failed-only-best-6,41,analytic,total,200,0.004484208176230014,0.05189152809340281,0.1838611047352475,0.25381856531199776
failed-only-best-6,41,matched,estimation,200,0.0007100410375517226,0.0011741238358345238,0.002633661651592123,0.0028468325176312925
failed-only-best-6,41,matched,operator,200,0.0,0.0,0.0,0.0
failed-only-best-6,41,matched,total,200,0.0007100410375517226,0.0011741238358345238,0.002633661651592123,0.0028468325176312925
failed-only-best-6,42,analytic,estimation,200,0.00032171755646337387,0.0010290746464078511,0.002361561232569781,0.0024036465315699362
failed-only-best-6,42,analytic,operator,200,0.002737704513438361,0.07570444454983727,0.2508942611089311,0.3097262025309949
failed-only-best-6,42,analytic,total,200,0.003059422069901735,0.0758793449836625,0.25077306062320803,0.3108527674515531
failed-only-best-6,42,matched,estimation,200,0.0003034824190271389,0.0009903811869418303,0.0020388471191465918,0.002339568964760952
failed-only-best-6,42,matched,operator,200,0.0,0.0,0.0,0.0
failed-only-best-6,42,matched,total,200,0.0003034824190271389,0.0009903811869418303,0.0020388471191465918,0.002339568964760952
failed-only-best-6,43,analytic,estimation,200,-0.001452583328506875,0.0018423037932386991,0.004163046747466925,0.0046385649997142675
failed-only-best-6,43,analytic,operator,200,-0.0023907887702107468,0.04658781522720324,0.18908160516796452,0.24704862169916875
failed-only-best-6,43,analytic,total,200,-0.0038433720987176216,0.04673957407972964,0.191754114609114,0.2464156976180456
failed-only-best-6,43,matched,estimation,200,-0.001445536792694443,0.0018316829909237622,0.004134597126732031,0.00465647238396949
failed-only-best-6,43,matched,operator,200,0.0,0.0,0.0,0.0
failed-only-best-6,43,matched,total,200,-0.001445536792694443,0.0018316829909237622,0.004134597126732031,0.00465647238396949
failed-only-best-6,44,analytic,estimation,200,-0.0006041873500212319,0.001177852498621931,0.00466637383817492,0.004839636391572588
failed-only-best-6,44,analytic,operator,200,0.0028993964562542885,0.04577066558587841,0.15435807181066336,0.18058825816408547
failed-only-best-6,44,analytic,total,200,0.002295209106233056,0.045902471016090095,0.15919770820223594,0.1852546320022604
failed-only-best-6,44,matched,estimation,200,-0.0006028943315641998,0.001146360315051866,0.004547243244985011,0.004872805568730154
failed-only-best-6,44,matched,operator,200,0.0,0.0,0.0,0.0
failed-only-best-6,44,matched,total,200,-0.0006028943315641998,0.001146360315051866,0.004547243244985011,0.004872805568730154
failed-only-best-6,45,analytic,estimation,200,0.0002799711275075527,0.0006597155967148543,0.0015690056638031358,0.001594699435150504
failed-only-best-6,45,analytic,operator,200,-0.004568573343897636,0.05705733280374616,0.21532615186563855,0.2842587667742223
failed-only-best-6,45,analytic,total,200,-0.004288602216390084,0.0571381136443971,0.21507231391325335,0.28413114307618587
failed-only-best-6,45,matched,estimation,200,0.0002871755002011004,0.0006579809673515439,0.0015657241318326048,0.0016274366983053332
failed-only-best-6,45,matched,operator,200,0.0,0.0,0.0,0.0
failed-only-best-6,45,matched,total,200,0.0002871755002011004,0.0006579809673515439,0.0015657241318326048,0.0016274366983053332
failed-only-best-6,46,analytic,estimation,200,-0.0023758293415806074,0.002443391385769058,0.0030901803955245555,0.0034323855580215556
failed-only-best-6,46,analytic,operator,200,0.0015214423866931508,0.027126828981569123,0.13848119702267203,0.18677898687208772
failed-only-best-6,46,analytic,total,200,-0.0008543869548874566,0.027117908885333213,0.1408404619168655,0.18512705740570162
failed-only-best-6,46,matched,estimation,200,-0.0023727121243669338,0.0024385020241761866,0.003090683679547568,0.003396696395756016
failed-only-best-6,46,matched,operator,200,0.0,0.0,0.0,0.0
failed-only-best-6,46,matched,total,200,-0.0023727121243669338,0.0024385020241761866,0.003090683679547568,0.003396696395756016
failed-only-best-6,47,analytic,estimation,200,0.0006871393653660882,0.000869907767537188,0.0023860063473792326,0.002419597343777613
failed-only-best-6,47,analytic,operator,200,0.0007109175228794582,0.04325021594942511,0.2185899969183644,0.2809220150136617
failed-only-best-6,47,analytic,total,200,0.0013980568882455463,0.043330581875769304,0.219582124655548,0.2823257166224557
failed-only-best-6,47,matched,estimation,200,0.0006906838832346772,0.0008721497735534267,0.0023827556685324103,0.0025531411426983897
failed-only-best-6,47,matched,operator,200,0.0,0.0,0.0,0.0
failed-only-best-6,47,matched,total,200,0.0006906838832346772,0.0008721497735534267,0.0023827556685324103,0.0025531411426983897
failed-only-best-6,48,analytic,estimation,200,0.0008965332916690455,0.0010005702783377468,0.0018514058941038192,0.0018710674407835803
failed-only-best-6,48,analytic,operator,200,-0.0031934713359301706,0.03216962010125844,0.1731214539644393,0.19365338182051633
failed-only-best-6,48,analytic,total,200,-0.0022969380442611257,0.03217064502738069,0.1731214539644393,0.19481713086763702
failed-only-best-6,48,matched,estimation,200,0.0009045652219607241,0.0010031185827724827,0.0018517582099639718,0.0018703941167207416
failed-only-best-6,48,matched,operator,200,0.0,0.0,0.0,0.0
failed-only-best-6,48,matched,total,200,0.0009045652219607241,0.0010031185827724827,0.0018517582099639718,0.0018703941167207416
failed-only-best-6,49,analytic,estimation,200,0.0014771626537948177,0.0017858607453830732,0.003289584877432583,0.003348588620147752
failed-only-best-6,49,analytic,operator,200,7.183575672132699e-05,0.054908855465449255,0.18680662609022175,0.19461915241847366
failed-only-best-6,49,analytic,total,200,0.0015489984105161447,0.05489783137109921,0.18738999513334975,0.19518428155548062
failed-only-best-6,49,matched,estimation,200,0.001476236029090994,0.0017881466088362837,0.0032676563744054032,0.0032942573624024085
failed-only-best-6,49,matched,operator,200,0.0,0.0,0.0,0.0
failed-only-best-6,49,matched,total,200,0.001476236029090994,0.0017881466088362837,0.0032676563744054032,0.0032942573624024085
failed-only-best-6,50,analytic,estimation,200,-0.001232125098105271,0.0013821013189516628,0.002293351382569919,0.002407120710076538
failed-only-best-6,50,analytic,operator,200,-0.0015935478179512847,0.057627951532299354,0.17887624340031577,0.32281228594816513
failed-only-best-6,50,analytic,total,200,-0.0028256729160565557,0.05767247076534121,0.18014299530096833,0.3242339488185145
failed-only-best-6,50,matched,estimation,200,-0.0012298744775245127,0.0013829916809109505,0.0022986400214990987,0.002451334899920221
failed-only-best-6,50,matched,operator,200,0.0,0.0,0.0,0.0
failed-only-best-6,50,matched,total,200,-0.0012298744775245127,0.0013829916809109505,0.0022986400214990987,0.002451334899920221
failed-only-best-6,51,analytic,estimation,200,-0.00033457419487162575,0.0007934280855501952,0.002277684575317962,0.003177058115581277
failed-only-best-6,51,analytic,operator,200,0.0023452242629926315,0.05000060434917729,0.1999095438924947,0.2494679664871189
failed-only-best-6,51,analytic,total,200,0.002010650068121006,0.0500498791361761,0.20001057713593484,0.24867765466273783
failed-only-best-6,51,matched,estimation,200,-0.00033203829707894846,0.0007898991661112266,0.0022861107446089934,0.0025015699051806894
failed-only-best-6,51,matched,operator,200,0.0,0.0,0.0,0.0
failed-only-best-6,51,matched,total,200,-0.00033203829707894846,0.0007898991661112266,0.0022861107446089934,0.0025015699051806894
failed-only-best-6,52,analytic,estimation,200,0.0005629087539980619,0.0011024919441966997,0.0044169102734152865,0.004624631792443656
failed-only-best-6,52,analytic,operator,200,-0.003466722777662798,0.03518895216121654,0.1270889512582827,0.18852272889903146
failed-only-best-6,52,analytic,total,200,-0.0029038140236647358,0.0352586374675002,0.12691541495109274,0.18900198818674852
failed-only-best-6,52,matched,estimation,200,0.0005762995968347392,0.0011144307081136409,0.0045744642443004135,0.004789807077395736
failed-only-best-6,52,matched,operator,200,0.0,0.0,0.0,0.0
failed-only-best-6,52,matched,total,200,0.0005762995968347392,0.0011144307081136409,0.0045744642443004135,0.004789807077395736
failed-only-best-6,53,analytic,estimation,200,0.0002213043802649898,0.001694768396492542,0.0075987132875399155,0.008006859364106944
failed-only-best-6,53,analytic,operator,200,-0.010358311604646482,0.07373375667197234,0.26520140892068994,0.3044555180625509
failed-only-best-6,53,analytic,total,200,-0.01013700722438149,0.07367716021736058,0.26487187721641886,0.3042050795720779
failed-only-best-6,53,matched,estimation,200,0.00024003879116779012,0.0016995051555199956,0.007588242523191013,0.008007352652838362
failed-only-best-6,53,matched,operator,200,0.0,0.0,0.0,0.0
failed-only-best-6,53,matched,total,200,0.00024003879116779012,0.0016995051555199956,0.007588242523191013,0.008007352652838362
failed-only-best-6,54,analytic,estimation,200,0.00011666134644046144,0.0005933794763757093,0.001646183868328599,0.0017450045052452845
failed-only-best-6,54,analytic,operator,200,-0.002980386508109022,0.05500930915371019,0.22396757247072757,0.30965813517456536
failed-only-best-6,54,analytic,total,200,-0.0028637251616685606,0.05509870678039376,0.22407913187602213,0.31097613327273715
failed-only-best-6,54,matched,estimation,200,0.0001260713770197984,0.0005913355301912644,0.0016085130688676674,0.0018430208291320693
failed-only-best-6,54,matched,operator,200,0.0,0.0,0.0,0.0
failed-only-best-6,54,matched,total,200,0.0001260713770197984,0.0005913355301912644,0.0016085130688676674,0.0018430208291320693
failed-only-best-6,55,analytic,estimation,200,-0.0014650016679354665,0.001537623936364141,0.003124374781594108,0.003414813793858107
failed-only-best-6,55,analytic,operator,200,-0.0033005965328359345,0.022033045380635045,0.06042153725636612,0.19593093239300396
failed-only-best-6,55,analytic,total,200,-0.004765598200771401,0.022342566308666576,0.06134940845533721,0.19934574618686207
failed-only-best-6,55,matched,estimation,200,-0.0014551467908855231,0.0015268623565439696,0.002754308806784511,0.0034371626143885337
failed-only-best-6,55,matched,operator,200,0.0,0.0,0.0,0.0
failed-only-best-6,55,matched,total,200,-0.0014551467908855231,0.0015268623565439696,0.002754308806784511,0.0034371626143885337
failed-only-best-6,56,analytic,estimation,200,0.0010921824782561985,0.0011823550458001369,0.0022082969498905536,0.0022957628812061426
failed-only-best-6,56,analytic,operator,200,0.0036692156488857186,0.03149085305245837,0.14391968482457734,0.23372889685995846
failed-only-best-6,56,analytic,total,200,0.004761398127141917,0.03163404964811951,0.14500747134995837,0.2350066251673263
failed-only-best-6,56,matched,estimation,200,0.0010849006833949222,0.0011774441392277668,0.002208500679362624,0.002295088060290218
failed-only-best-6,56,matched,operator,200,0.0,0.0,0.0,0.0
failed-only-best-6,56,matched,total,200,0.0010849006833949222,0.0011774441392277668,0.002208500679362624,0.002295088060290218
failed-only-best-6,57,analytic,estimation,200,0.0004957790752940256,0.0007324318661999411,0.001667820921046781,0.0017521909570463734
failed-only-best-6,57,analytic,operator,200,0.0036668473479538975,0.03396628636676274,0.16369156227041182,0.18992560342290057
failed-only-best-6,57,analytic,total,200,0.004162626423247923,0.03412978506613556,0.1651245030088686,0.19145955084771024
failed-only-best-6,57,matched,estimation,200,0.0004820668533805983,0.000714995491509852,0.001620868280386989,0.0017581822938620983
failed-only-best-6,57,matched,operator,200,0.0,0.0,0.0,0.0
failed-only-best-6,57,matched,total,200,0.0004820668533805983,0.000714995491509852,0.001620868280386989,0.0017581822938620983
failed-only-best-6,58,analytic,estimation,200,0.0013892428568056756,0.0019792370223210586,0.00454037833168508,0.004601329501092044
failed-only-best-6,58,analytic,operator,200,-0.0027911279156639457,0.06089648027287295,0.19423539289463287,0.3483527896978236
failed-only-best-6,58,analytic,total,200,-0.00140188505885827,0.06125769293755131,0.19819877055515478,0.34884820883886514
failed-only-best-6,58,matched,estimation,200,0.0014102165521428817,0.0019247884339996396,0.004335625457880576,0.004697258251943892
failed-only-best-6,58,matched,operator,200,0.0,0.0,0.0,0.0
failed-only-best-6,58,matched,total,200,0.0014102165521428817,0.0019247884339996396,0.004335625457880576,0.004697258251943892
failed-only-best-6,59,analytic,estimation,200,0.0003938288171652497,0.001319974421525239,0.002744651735211906,0.0028417772316296497
failed-only-best-6,59,analytic,operator,200,-0.007488343045208343,0.056687899814453616,0.21726226579610516,0.28866547957335664
failed-only-best-6,59,analytic,total,200,-0.007094514228043094,0.05673691528249766,0.21734757149314296,0.2891961779254354
failed-only-best-6,59,matched,estimation,200,0.000422571133350984,0.0013328979624142158,0.002753436059091001,0.0028499869154213764
failed-only-best-6,59,matched,operator,200,0.0,0.0,0.0,0.0
failed-only-best-6,59,matched,total,200,0.000422571133350984,0.0013328979624142158,0.002753436059091001,0.0028499869154213764
failed-only-best-6,60,analytic,estimation,200,-0.00525853412666524,0.00549860087813901,0.009598898661194122,0.0096760848920463
failed-only-best-6,60,analytic,operator,200,-0.0012246175419389754,0.04239460499219053,0.18640784987061992,0.20617293535707631
failed-only-best-6,60,analytic,total,200,-0.006483151668604216,0.04280013468977022,0.18374090083954175,0.210353750153165
failed-only-best-6,60,matched,estimation,200,-0.005246990792478569,0.005488064784320469,0.00938955546706799,0.00977203977398644
failed-only-best-6,60,matched,operator,200,0.0,0.0,0.0,0.0
failed-only-best-6,60,matched,total,200,-0.005246990792478569,0.005488064784320469,0.00938955546706799,0.00977203977398644
failed-only-best-6,61,analytic,estimation,200,0.0025491284927719694,0.0029398899738164465,0.005346796326181957,0.005610430162832136
failed-only-best-6,61,analytic,operator,200,0.0008043199466524161,0.03367758810628925,0.14175468157158158,0.1755519874657134
failed-only-best-6,61,analytic,total,200,0.003353448439424385,0.03413780172627816,0.13996554478751863,0.17973401506311346
failed-only-best-6,61,matched,estimation,200,0.0025464599295830625,0.0029221246245690357,0.005188062137423732,0.005816073736411798
failed-only-best-6,61,matched,operator,200,0.0,0.0,0.0,0.0
failed-only-best-6,61,matched,total,200,0.0025464599295830625,0.0029221246245690357,0.005188062137423732,0.005816073736411798
failed-only-best-6,62,analytic,estimation,200,0.0014178379689491147,0.0019853211834207907,0.004207054393659648,0.004217111194626588
failed-only-best-6,62,analytic,operator,200,-0.0037581700393067964,0.05038107430513459,0.1722378250530197,0.19972626422471915
failed-only-best-6,62,analytic,total,200,-0.002340332070357681,0.05066623378872502,0.17386377601117825,0.20212213551240668
failed-only-best-6,62,matched,estimation,200,0.0014260742041860553,0.0019401653541874354,0.004204203175892873,0.004424992431620867
failed-only-best-6,62,matched,operator,200,0.0,0.0,0.0,0.0
failed-only-best-6,62,matched,total,200,0.0014260742041860553,0.0019401653541874354,0.004204203175892873,0.004424992431620867
failed-only-best-6,63,analytic,estimation,200,0.00023290457958499613,0.00048425065132635226,0.0010116216101019315,0.0013846727337524234
failed-only-best-6,63,analytic,operator,200,-0.0004906985018901396,0.021089644263080222,0.07187830007569324,0.19575768235483337
failed-only-best-6,63,analytic,total,200,-0.0002577939223051435,0.02113632045162554,0.07217862424051623,0.19588488312659624
failed-only-best-6,63,matched,estimation,200,0.0002368435706875258,0.00047859021179212587,0.00101191943499912,0.0015989801270380188
failed-only-best-6,63,matched,operator,200,0.0,0.0,0.0,0.0
failed-only-best-6,63,matched,total,200,0.0002368435706875258,0.00047859021179212587,0.00101191943499912,0.0015989801270380188
failed-only-best-6,64,analytic,estimation,200,-0.0002592273987727634,0.00032683631508395453,0.0005823006019540222,0.0005860144298107106
failed-only-best-6,64,analytic,operator,200,0.0008573358526045661,0.01826703004234429,0.0686846231000103,0.09492943768291887
failed-only-best-6,64,analytic,total,200,0.0005981084538318027,0.01823796547763076,0.06876825143132975,0.09434713708096484
failed-only-best-6,64,matched,estimation,200,-0.0002564190043000178,0.0003187479647816692,0.0006006544154700533,0.0006081915935141763
failed-only-best-6,64,matched,operator,200,0.0,0.0,0.0,0.0
failed-only-best-6,64,matched,total,200,-0.0002564190043000178,0.0003187479647816692,0.0006006544154700533,0.0006081915935141763
failed-only-best-6,65,analytic,estimation,200,0.0006813570205214438,0.000730573147848926,0.001001844949630848,0.0010122135524457399
failed-only-best-6,65,analytic,operator,200,0.0012019390266043576,0.012854003963438955,0.04710187067454611,0.07873703461166315
failed-only-best-6,65,analytic,total,200,0.0018832960471258015,0.012877547911692693,0.04710187067454611,0.07874387518453174
failed-only-best-6,65,matched,estimation,200,0.0006829486235857751,0.0007304194727581361,0.0010018210894993662,0.0010120871871727166
failed-only-best-6,65,matched,operator,200,0.0,0.0,0.0,0.0
failed-only-best-6,65,matched,total,200,0.0006829486235857751,0.0007304194727581361,0.0010018210894993662,0.0010120871871727166
failed-only-best-6,66,analytic,estimation,200,-0.00021273363035205609,0.0002766101385515726,0.0004643457198005435,0.0004696094347467067
failed-only-best-6,66,analytic,operator,200,-0.0003273496515895314,0.008832229142787546,0.03735628888777551,0.05134650133823768
failed-only-best-6,66,analytic,total,200,-0.0005400832819415875,0.008803922273780022,0.03743553083452502,0.05145576072370895
failed-only-best-6,66,matched,estimation,200,-0.0002146607814021316,0.00027471729031141836,0.00047799352347981106,0.0004990924719972395
failed-only-best-6,66,matched,operator,200,0.0,0.0,0.0,0.0
failed-only-best-6,66,matched,total,200,-0.0002146607814021316,0.00027471729031141836,0.00047799352347981106,0.0004990924719972395
failed-only-best-6,67,analytic,estimation,200,0.004694755099052685,0.005046363432919082,0.007670352479104636,0.007952814615087234
failed-only-best-6,67,analytic,operator,200,0.006538994322968992,0.053241554781070136,0.18732534409738777,0.2207047150675914
failed-only-best-6,67,analytic,total,200,0.011233749422021677,0.05414292727990501,0.19309194460639245,0.2243063334300156
failed-only-best-6,67,matched,estimation,200,0.004691370497103704,0.005042989455495189,0.007505242541199553,0.0076677722578237795
failed-only-best-6,67,matched,operator,200,0.0,0.0,0.0,0.0
failed-only-best-6,67,matched,total,200,0.004691370497103704,0.005042989455495189,0.007505242541199553,0.0076677722578237795
failed-only-best-6,68,analytic,estimation,200,-0.0027075556293215393,0.0030290156872691573,0.005084719835466267,0.0052183889425800045
failed-only-best-6,68,analytic,operator,200,0.0037605690622248937,0.05598099209030501,0.21614449862167148,0.22628902250937488
failed-only-best-6,68,analytic,total,200,0.0010530134329033544,0.05611307371073925,0.21374429705267647,0.22504783187860916
failed-only-best-6,68,matched,estimation,200,-0.0027132144711697957,0.003022621236005583,0.005140945714760925,0.005158242756505477
failed-only-best-6,68,matched,operator,200,0.0,0.0,0.0,0.0
failed-only-best-6,68,matched,total,200,-0.0027132144711697957,0.003022621236005583,0.005140945714760925,0.005158242756505477
failed-only-best-6,69,analytic,estimation,200,-0.0019692854386807136,0.002538978623548211,0.005166167841218705,0.005560928492631234
failed-only-best-6,69,analytic,operator,200,-0.00034726965368750016,0.04274991128877518,0.1427797655769636,0.1665796725201839
failed-only-best-6,69,analytic,total,200,-0.002316555092368214,0.04297897465490063,0.14151769104727374,0.16514757839042127
failed-only-best-6,69,matched,estimation,200,-0.001998075203712551,0.0025538536123409505,0.005108282293546207,0.005579712286125638
failed-only-best-6,69,matched,operator,200,0.0,0.0,0.0,0.0
failed-only-best-6,69,matched,total,200,-0.001998075203712551,0.0025538536123409505,0.005108282293546207,0.005579712286125638
failed-only-best-6,70,analytic,estimation,200,0.0005283152706122119,0.0009761451566148881,0.0021553177397166667,0.002737151082925937
failed-only-best-6,70,analytic,operator,200,0.0017928901452360952,0.05047927159874339,0.19703513860342386,0.23361532523453127
failed-only-best-6,70,analytic,total,200,0.002321205415848307,0.050589946611985855,0.19756603372074566,0.23461204057584478
failed-only-best-6,70,matched,estimation,200,0.0005118170271508521,0.0009507270112509797,0.002228338134444785,0.0027359502591648432
failed-only-best-6,70,matched,operator,200,0.0,0.0,0.0,0.0
failed-only-best-6,70,matched,total,200,0.0005118170271508521,0.0009507270112509797,0.002228338134444785,0.0027359502591648432
failed-only-best-6,71,analytic,estimation,200,0.0010536608901596633,0.0015457087558998599,0.003478066128585783,0.0036337441485540523
failed-only-best-6,71,analytic,operator,200,0.002114505836699832,0.041776006307672565,0.14573127221181326,0.1986876150362551
failed-only-best-6,71,analytic,total,200,0.0031681667268594954,0.04199275205325949,0.14614306498881907,0.19872992552630436
failed-only-best-6,71,matched,estimation,200,0.0010798330987230784,0.0015478550658979658,0.0032190542056135633,0.003910639953323358
failed-only-best-6,71,matched,operator,200,0.0,0.0,0.0,0.0
failed-only-best-6,71,matched,total,200,0.0010798330987230784,0.0015478550658979658,0.0032190542056135633,0.003910639953323358
failed-only-best-6,72,analytic,estimation,200,-0.0006162312736165801,0.0009540323999052547,0.003074136661470925,0.003368774281864023
failed-only-best-6,72,analytic,operator,200,-0.0009423099452529238,0.014709197899119378,0.07095023930807051,0.11297956965384831
failed-only-best-6,72,analytic,total,200,-0.0015585412188695038,0.014960105412321666,0.07431901358993453,0.11345582390904052
failed-only-best-6,72,matched,estimation,200,-0.0006094199642148082,0.0009313320061880321,0.00296541245973779,0.003388996460493718
failed-only-best-6,72,matched,operator,200,0.0,0.0,0.0,0.0
failed-only-best-6,72,matched,total,200,-0.0006094199642148082,0.0009313320061880321,0.00296541245973779,0.003388996460493718
failed-only-best-6,73,analytic,estimation,200,-0.0006079135573220679,0.0012866008747567425,0.0036023260891356046,0.0037026598611424877
failed-only-best-6,73,analytic,operator,200,0.005283816143529454,0.05530805479421744,0.1948863133067651,0.28264557520227485
failed-only-best-6,73,analytic,total,200,0.0046759025862073865,0.055395296473343514,0.19551776596647508,0.28196685988920034
failed-only-best-6,73,matched,estimation,200,-0.0006377218986506708,0.001288174351381861,0.0036757595707835877,0.0038556706864430468
failed-only-best-6,73,matched,operator,200,0.0,0.0,0.0,0.0
failed-only-best-6,73,matched,total,200,-0.0006377218986506708,0.001288174351381861,0.0036757595707835877,0.0038556706864430468
failed-only-best-6,74,analytic,estimation,200,0.0012996660253491014,0.0015795442177974392,0.0031280545598939558,0.0031543277175511975
failed-only-best-6,74,analytic,operator,200,-0.0011039071347161771,0.05903148607979478,0.19714395342665275,0.282584691278835
failed-only-best-6,74,analytic,total,200,0.0001957588906329243,0.05912465493659148,0.198306324651619,0.2848739745110216
failed-only-best-6,74,matched,estimation,200,0.0013013948022390367,0.0015765705384370764,0.003154847593933252,0.00320660610825213
failed-only-best-6,74,matched,operator,200,0.0,0.0,0.0,0.0
failed-only-best-6,74,matched,total,200,0.0013013948022390367,0.0015765705384370764,0.003154847593933252,0.00320660610825213
failed-only-best-6,75,analytic,estimation,200,-0.0031555813120284627,0.003321118887867169,0.004722291643828869,0.005112090223326149
failed-only-best-6,75,analytic,operator,200,-0.0018088804719443687,0.045249289149182206,0.19687373248654977,0.23159008658749353
failed-only-best-6,75,analytic,total,200,-0.004964461783972832,0.04553906069040882,0.1931280005304517,0.23418388449463462
failed-only-best-6,75,matched,estimation,200,-0.0031470163868083582,0.0033157476931281087,0.004720058101285396,0.005030257989340869
failed-only-best-6,75,matched,operator,200,0.0,0.0,0.0,0.0
failed-only-best-6,75,matched,total,200,-0.0031470163868083582,0.0033157476931281087,0.004720058101285396,0.005030257989340869
failed-only-best-6,76,analytic,estimation,200,0.0010185833569898812,0.0013200737987875337,0.0030371642091093776,0.0032362157658401003
failed-only-best-6,76,analytic,operator,200,4.225008295192507e-06,0.038395984402188055,0.15687386828382693,0.20284568123009095
failed-only-best-6,76,analytic,total,200,0.0010228083652850737,0.03845162313209311,0.15911430676863364,0.20154345911369553
failed-only-best-6,76,matched,estimation,200,0.001021382674952853,0.001320927102455332,0.0030227986356989867,0.003245157793347886
failed-only-best-6,76,matched,operator,200,0.0,0.0,0.0,0.0
failed-only-best-6,76,matched,total,200,0.001021382674952853,0.001320927102455332,0.0030227986356989867,0.003245157793347886
failed-only-best-6,77,analytic,estimation,200,-0.0010803052697289615,0.001416989426205542,0.0028153527561106673,0.0028334701888509395
failed-only-best-6,77,analytic,operator,200,-0.0025125707422447977,0.06520371081322777,0.23384454483282452,0.3368108238623277
failed-only-best-6,77,analytic,total,200,-0.0035928760119737597,0.06549179322447088,0.23618701476201237,0.3391484615908243
failed-only-best-6,77,matched,estimation,200,-0.0010829473315202812,0.001406368522286641,0.00271367353253793,0.0027821423488950114
failed-only-best-6,77,matched,operator,200,0.0,0.0,0.0,0.0
failed-only-best-6,77,matched,total,200,-0.0010829473315202812,0.001406368522286641,0.00271367353253793,0.0027821423488950114
failed-only-best-6,78,analytic,estimation,200,9.375172186186984e-06,0.0005144476095555232,0.0013793767670546853,0.001489540651686272
failed-only-best-6,78,analytic,operator,200,-0.0006346748355975487,0.035491315178189556,0.12766905613851,0.23561994995351065
failed-only-best-6,78,analytic,total,200,-0.0006252996634113618,0.03552112127362618,0.12677943837035802,0.23525042499076015
failed-only-best-6,78,matched,estimation,200,1.2226358263370404e-05,0.0005020660471800081,0.0013863976309238524,0.0015941717484824203
failed-only-best-6,78,matched,operator,200,0.0,0.0,0.0,0.0
failed-only-best-6,78,matched,total,200,1.2226358263370404e-05,0.0005020660471800081,0.0013863976309238524,0.0015941717484824203
failed-only-best-6,79,analytic,estimation,200,0.00014510983958136408,0.0006089529589249282,0.0018027488727105911,0.0018087775949464646
failed-only-best-6,79,analytic,operator,200,-0.0029634192661335016,0.02808677389396817,0.13724425120392866,0.17566384724255774
failed-only-best-6,79,analytic,total,200,-0.0028183094265521375,0.028116526212059876,0.13652670445068713,0.17644363156481369
failed-only-best-6,79,matched,estimation,200,0.0001372819782326889,0.0006003181776044223,0.0018572679904189648,0.0019162175659495073
failed-only-best-6,79,matched,operator,200,0.0,0.0,0.0,0.0
failed-only-best-6,79,matched,total,200,0.0001372819782326889,0.0006003181776044223,0.0018572679904189648,0.0019162175659495073
failed-only-best-6,80,analytic,estimation,200,0.0015683227343010037,0.0020035118473515053,0.0038302639652045833,0.003967712343287744
failed-only-best-6,80,analytic,operator,200,-0.0009394435801462075,0.04930178262031549,0.19296609417333388,0.21482581319042682
failed-only-best-6,80,analytic,total,200,0.0006288791541547961,0.04941155984374175,0.19664925097356145,0.2139481783483922
failed-only-best-6,80,matched,estimation,200,0.0015533473943738676,0.001984702375162307,0.003874505000853845,0.004080691290993088
failed-only-best-6,80,matched,operator,200,0.0,0.0,0.0,0.0
failed-only-best-6,80,matched,total,200,0.0015533473943738676,0.001984702375162307,0.003874505000853845,0.004080691290993088
failed-only-best-6,81,analytic,estimation,200,0.0007996744705767,0.0016647198963374399,0.004695783855912072,0.005498901301310699
failed-only-best-6,81,analytic,operator,200,-0.004215146211943759,0.05205919533259471,0.16970095100400343,0.1907848907843666
failed-only-best-6,81,analytic,total,200,-0.0034154717413670587,0.052107055633633166,0.1711855251083623,0.18926965295611364
failed-only-best-6,81,matched,estimation,200,0.0008230286394173161,0.0016676903997714738,0.004709943894668278,0.00542522348985619
failed-only-best-6,81,matched,operator,200,0.0,0.0,0.0,0.0
failed-only-best-6,81,matched,total,200,0.0008230286394173161,0.0016676903997714738,0.004709943894668278,0.00542522348985619
failed-only-best-6,82,analytic,estimation,200,-0.00017119332321908126,0.000885745420832275,0.002165153532696973,0.0026307120416551033
failed-only-best-6,82,analytic,operator,200,0.003575907626058212,0.05279573936403645,0.17309304603304454,0.20709277699551154
failed-only-best-6,82,analytic,total,200,0.0034047143028391306,0.05296557863510363,0.17490260929213408,0.20697540359247357
failed-only-best-6,82,matched,estimation,200,-0.0001832196642393038,0.000851871509728783,0.0021887624328418287,0.002430592737157511
failed-only-best-6,82,matched,operator,200,0.0,0.0,0.0,0.0
failed-only-best-6,82,matched,total,200,-0.0001832196642393038,0.000851871509728783,0.0021887624328418287,0.002430592737157511
failed-only-best-6,83,analytic,estimation,200,0.00045555389212947406,0.000980804432933185,0.002908052616634016,0.002908252151237356
failed-only-best-6,83,analytic,operator,200,-0.0019165834848297483,0.03565349032830455,0.139384912168794,0.1809722779468128
failed-only-best-6,83,analytic,total,200,-0.0014610295927002743,0.03561782761231405,0.14226744622723103,0.18066436246572604
failed-only-best-6,83,matched,estimation,200,0.0004577792809841965,0.0009567580290668009,0.002784883194464176,0.0028233625882656335
failed-only-best-6,83,matched,operator,200,0.0,0.0,0.0,0.0
failed-only-best-6,83,matched,total,200,0.0004577792809841965,0.0009567580290668009,0.002784883194464176,0.0028233625882656335
failed-only-best-6,84,analytic,estimation,200,-0.0005823488221557258,0.0007749388493718311,0.001914467280957996,0.0019247723842282516
failed-only-best-6,84,analytic,operator,200,0.0008295573558259109,0.0474673778122086,0.16417863759585552,0.21209908256247534
failed-only-best-6,84,analytic,total,200,0.000247208533670185,0.04755874264452239,0.16405827079431123,0.21312026945579904
failed-only-best-6,84,matched,estimation,200,-0.0005734364592243993,0.0007565832144372157,0.0019135398727247316,0.002012440645927621
failed-only-best-6,84,matched,operator,200,0.0,0.0,0.0,0.0
failed-only-best-6,84,matched,total,200,-0.0005734364592243993,0.0007565832144372157,0.0019135398727247316,0.002012440645927621
failed-only-best-6,85,analytic,estimation,200,0.0008655770085997533,0.0011621260252551353,0.002051849344455736,0.0021165832382186445
failed-only-best-6,85,analytic,operator,200,0.0005203987760336487,0.02646766157193932,0.10545721060089625,0.1710471379603137
failed-only-best-6,85,analytic,total,200,0.0013859757846334019,0.026620281489464624,0.10514789317253503,0.17316372119853235
failed-only-best-6,85,matched,estimation,200,0.0008658747809146095,0.0011525201582965018,0.0019738800631610154,0.0021462646643887265
failed-only-best-6,85,matched,operator,200,0.0,0.0,0.0,0.0
failed-only-best-6,85,matched,total,200,0.0008658747809146095,0.0011525201582965018,0.0019738800631610154,0.0021462646643887265
failed-only-best-6,86,analytic,estimation,200,-0.001089825017495026,0.00129586944082111,0.0022101143600457285,0.002216523843931034
failed-only-best-6,86,analytic,operator,200,-0.0008090435011608098,0.027642776589378717,0.10355541005497765,0.1555520541291898
failed-only-best-6,86,analytic,total,200,-0.0018988685186558357,0.027811787093222712,0.10576552441502338,0.15594766764290705
failed-only-best-6,86,matched,estimation,200,-0.0010903271235680482,0.0012830309151168576,0.002231790947760104,0.0022947514689863613
failed-only-best-6,86,matched,operator,200,0.0,0.0,0.0,0.0
failed-only-best-6,86,matched,total,200,-0.0010903271235680482,0.0012830309151168576,0.002231790947760104,0.0022947514689863613
failed-only-best-6,87,analytic,estimation,200,-0.0005818558008913953,0.0010101657093455527,0.00251393445720538,0.002598429459204077
failed-only-best-6,87,analytic,operator,200,-0.004513509480172138,0.02483905214893116,0.096219579355598,0.16213427209847991
failed-only-best-6,87,analytic,total,200,-0.005095365281063533,0.025012339322618943,0.09857845178939884,0.16260083813137877
failed-only-best-6,87,matched,estimation,200,-0.0005778162838241046,0.0009853949691429442,0.002532076078451073,0.002680119306094575
failed-only-best-6,87,matched,operator,200,0.0,0.0,0.0,0.0
failed-only-best-6,87,matched,total,200,-0.0005778162838241046,0.0009853949691429442,0.002532076078451073,0.002680119306094575
failed-only-best-6,88,analytic,estimation,200,0.001445563442862676,0.001549188931385395,0.0025301000737242563,0.002618793715146839
failed-only-best-6,88,analytic,operator,200,0.0044819128686227954,0.03266570879697274,0.12684747388287165,0.1792087924183417
failed-only-best-6,88,analytic,total,200,0.005927476311485471,0.03300776406912605,0.12813849391333554,0.18139585650576467
failed-only-best-6,88,matched,estimation,200,0.0014357937283624236,0.0015362310839067456,0.0024620961842519717,0.002489633181309514
failed-only-best-6,88,matched,operator,200,0.0,0.0,0.0,0.0
failed-only-best-6,88,matched,total,200,0.0014357937283624236,0.0015362310839067456,0.0024620961842519717,0.002489633181309514
failed-only-best-6,89,analytic,estimation,200,0.000816303097596412,0.0010204429871845822,0.0020213894088081386,0.0022575821878241253
failed-only-best-6,89,analytic,operator,200,0.00024157468457946475,0.026782930449864024,0.11755590653313785,0.15016924029821094
failed-only-best-6,89,analytic,total,200,0.0010578777821758766,0.026857390861002375,0.11627462170190772,0.15030706840737024
failed-only-best-6,89,matched,estimation,200,0.0008185631866307773,0.0010142658844464348,0.0019743663292934865,0.002080650108583715
failed-only-best-6,89,matched,operator,200,0.0,0.0,0.0,0.0
failed-only-best-6,89,matched,total,200,0.0008185631866307773,0.0010142658844464348,0.0019743663292934865,0.002080650108583715
failed-only-best-6,90,analytic,estimation,200,-0.0025203164673590185,0.002610739569824768,0.0048523153297845845,0.005410765111521165
failed-only-best-6,90,analytic,operator,200,-0.0005076640609459388,0.017658695791967518,0.06419323259940501,0.1072735881903738
failed-only-best-6,90,analytic,total,200,-0.003027980528304957,0.017949875938966162,0.06096105500609461,0.10996794893705897
failed-only-best-6,90,matched,estimation,200,-0.002508700262359605,0.0025991713970859704,0.0048355080202864276,0.005257123335163927
failed-only-best-6,90,matched,operator,200,0.0,0.0,0.0,0.0
failed-only-best-6,90,matched,total,200,-0.002508700262359605,0.0025991713970859704,0.0048355080202864276,0.005257123335163927
failed-only-best-6,91,analytic,estimation,200,0.0005894065042344292,0.0007522182213346916,0.001586825332444114,0.001695247245273035
failed-only-best-6,91,analytic,operator,200,0.0003522387371465444,0.02154886541047435,0.09371432106006258,0.10081095052681452
failed-only-best-6,91,analytic,total,200,0.0009416452413809735,0.02165461547118561,0.09450020344109156,0.10201349192053666
failed-only-best-6,91,matched,estimation,200,0.0005911501429085994,0.0007468080247251227,0.001598103248481919,0.0017287111567403368
failed-only-best-6,91,matched,operator,200,0.0,0.0,0.0,0.0
failed-only-best-6,91,matched,total,200,0.0005911501429085994,0.0007468080247251227,0.001598103248481919,0.0017287111567403368
failed-only-best-6,92,analytic,estimation,200,2.8756528471244115e-05,0.0011509107287573388,0.002530549245541358,0.0028401254485577176
failed-only-best-6,92,analytic,operator,200,0.0018786229892725783,0.06594372271663915,0.21051854693015698,0.334574391228646
failed-only-best-6,92,analytic,total,200,0.0019073795177438225,0.06621892213945378,0.2133586723787147,0.3361725720487186
failed-only-best-6,92,matched,estimation,200,2.0297109053389605e-05,0.0011055626458133928,0.0024065978070296756,0.002795244446546663
failed-only-best-6,92,matched,operator,200,0.0,0.0,0.0,0.0
failed-only-best-6,92,matched,total,200,2.0297109053389605e-05,0.0011055626458133928,0.0024065978070296756,0.002795244446546663
failed-only-best-6,93,analytic,estimation,200,0.0021092496935873964,0.0024566639100826603,0.004581271151180399,0.004655211736188436
failed-only-best-6,93,analytic,operator,200,0.008737235133701391,0.06214733193837705,0.19711212397223188,0.22404529595507397
failed-only-best-6,93,analytic,total,200,0.01084648482728879,0.06265495987273123,0.19940615933248496,0.22092470427730737
failed-only-best-6,93,matched,estimation,200,0.0021060775860544186,0.002446723992692773,0.004581112007526478,0.004654253062945202
failed-only-best-6,93,matched,operator,200,0.0,0.0,0.0,0.0
failed-only-best-6,93,matched,total,200,0.0021060775860544186,0.002446723992692773,0.004581112007526478,0.004654253062945202
failed-only-best-6,94,analytic,estimation,200,-0.0026616360393860792,0.0028079119286756435,0.003907683110931037,0.0039400728832486576
failed-only-best-6,94,analytic,operator,200,-0.005789424106617278,0.045114546208218746,0.16848344505442275,0.19861417124369524
failed-only-best-6,94,analytic,total,200,-0.008451060146003357,0.04551668066923854,0.16490803767743262,0.19920367719543025
failed-only-best-6,94,matched,estimation,200,-0.0026520316912595214,0.002799679339658405,0.003907712533117072,0.00393967871678759
failed-only-best-6,94,matched,operator,200,0.0,0.0,0.0,0.0
failed-only-best-6,94,matched,total,200,-0.0026520316912595214,0.002799679339658405,0.003907712533117072,0.00393967871678759
failed-only-best-6,95,analytic,estimation,200,0.0010152791473777207,0.0012568431444142825,0.002284523171212416,0.002309818751151549
failed-only-best-6,95,analytic,operator,200,-0.0005134980363428021,0.047102568958767445,0.1828701071762806,0.22594884985770508
failed-only-best-6,95,analytic,total,200,0.0005017811110349185,0.047162617719657254,0.18194193055454289,0.22465879040153425
failed-only-best-6,95,matched,estimation,200,0.001015937105226844,0.0012431440337781878,0.0022080123613547054,0.0023435755027817473
failed-only-best-6,95,matched,operator,200,0.0,0.0,0.0,0.0
failed-only-best-6,95,matched,total,200,0.001015937105226844,0.0012431440337781878,0.0022080123613547054,0.0023435755027817473
failed-only-best-6,96,analytic,estimation,200,-0.0007544621011081257,0.0010021856089183286,0.0020692472374434154,0.0020914128296183263
failed-only-best-6,96,analytic,operator,200,-0.005704560910788169,0.04134103733417557,0.1520449550152998,0.23605591435536064
failed-only-best-6,96,analytic,total,200,-0.006459023011896294,0.0415566127295471,0.1520449550152998,0.23748794559794317
failed-only-best-6,96,matched,estimation,200,-0.0007201449329667578,0.0009694351159585286,0.00208420102095936,0.00209804407186423
failed-only-best-6,96,matched,operator,200,0.0,0.0,0.0,0.0
failed-only-best-6,96,matched,total,200,-0.0007201449329667578,0.0009694351159585286,0.00208420102095936,0.00209804407186423
failed-only-best-6,97,analytic,estimation,200,0.0006705825200968461,0.000986785149336957,0.0019190216547944061,0.0021834193014456105
failed-only-best-6,97,analytic,operator,200,0.0018838735148767175,0.027036443215452767,0.10689361228403352,0.1488397884691135
failed-only-best-6,97,analytic,total,200,0.0025544560349735636,0.027079969723269093,0.10782492473243838,0.1489054071799692
failed-only-best-6,97,matched,estimation,200,0.0006665623719270071,0.0009899370158344342,0.0018856738042786203,0.002269144296707326
failed-only-best-6,97,matched,operator,200,0.0,0.0,0.0,0.0
failed-only-best-6,97,matched,total,200,0.0006665623719270071,0.0009899370158344342,0.0018856738042786203,0.002269144296707326
failed-only-best-6,98,analytic,estimation,200,-0.00035452834863955484,0.0006436941469975106,0.0018133231201173938,0.0019567187261051444
failed-only-best-6,98,analytic,operator,200,0.00111039945819884,0.019509315541701575,0.09946113973189263,0.13638589736882228
failed-only-best-6,98,analytic,total,200,0.000755871109559285,0.019558939169938606,0.09936750985211096,0.13770556593911693
failed-only-best-6,98,matched,estimation,200,-0.00035777572786617,0.0006429565883821503,0.0018133891415441639,0.0020319775724104705
failed-only-best-6,98,matched,operator,200,0.0,0.0,0.0,0.0
failed-only-best-6,98,matched,total,200,-0.00035777572786617,0.0006429565883821503,0.0018133891415441639,0.0020319775724104705
failed-only-best-6,99,analytic,estimation,200,-1.770054611850338e-05,0.000414284288467117,0.000849225617051641,0.0008516994331816408
failed-only-best-6,99,analytic,operator,200,-0.0014477523205894014,0.023156577216626093,0.09363976172301558,0.12793252492381818
failed-only-best-6,99,analytic,total,200,-0.0014654528667079048,0.023236614100089925,0.09392162121616415,0.12808279722278115
failed-only-best-6,99,matched,estimation,200,-2.196463442450951e-05,0.0004093360596845362,0.0009421890577202552,0.0009664229422250981
failed-only-best-6,99,matched,operator,200,0.0,0.0,0.0,0.0
failed-only-best-6,99,matched,total,200,-2.196463442450951e-05,0.0004093360596845362,0.0009421890577202552,0.0009664229422250981
failed-only-best-6,100,analytic,estimation,200,0.00011340406221162105,0.00037448523951893087,0.0008541625403322151,0.001014966988519328
failed-only-best-6,100,analytic,operator,200,-0.002928015565256493,0.016595448113108736,0.06353820057008121,0.08127406019338772
failed-only-best-6,100,analytic,total,200,-0.0028146115030448725,0.01661964369234098,0.06356263993646172,0.08141540814810634
failed-only-best-6,100,matched,estimation,200,0.0001348955346811186,0.00037369575731081216,0.0007475218908454817,0.0009403704525190459
failed-only-best-6,100,matched,operator,200,0.0,0.0,0.0,0.0
failed-only-best-6,100,matched,total,200,0.0001348955346811186,0.00037369575731081216,0.0007475218908454817,0.0009403704525190459
failed-only-best-6,101,analytic,estimation,200,-0.0004672228067744054,0.0006304919537693903,0.0012899715278139046,0.0014255532898648504
failed-only-best-6,101,analytic,operator,200,-0.0008988948584345706,0.01651753990595597,0.06251876703106699,0.07905383573946428
failed-only-best-6,101,analytic,total,200,-0.001366117665208976,0.016481711602018664,0.06301014335557939,0.07892478341683817
failed-only-best-6,101,matched,estimation,200,-0.00046236042351316273,0.0006218388586821384,0.0013267831629169002,0.001429225490592545
failed-only-best-6,101,matched,operator,200,0.0,0.0,0.0,0.0
failed-only-best-6,101,matched,total,200,-0.00046236042351316273,0.0006218388586821384,0.0013267831629169002,0.001429225490592545
failed-only-best-6,102,analytic,estimation,200,-0.0006985254610339162,0.0008834596887130267,0.0017174443146460439,0.002097481880167118
failed-only-best-6,102,analytic,operator,200,-0.0021086717615996357,0.01867957097711973,0.07762486848495011,0.08915320786762893
failed-only-best-6,102,analytic,total,200,-0.0028071972226335518,0.01874276769137699,0.07824861917732587,0.08759152935926395
failed-only-best-6,102,matched,estimation,200,-0.0006893935050297764,0.0008670425844084721,0.0016849157187210917,0.0018592086359794369
failed-only-best-6,102,matched,operator,200,0.0,0.0,0.0,0.0
failed-only-best-6,102,matched,total,200,-0.0006893935050297764,0.0008670425844084721,0.0016849157187210917,0.0018592086359794369
failed-only-best-6,103,analytic,estimation,200,0.001276681137267929,0.0013488172212284665,0.0019786848753807207,0.0021146729539667786
failed-only-best-6,103,analytic,operator,200,-0.0016012197903272447,0.015203905742828224,0.055409158662210425,0.07044312331770955
failed-only-best-6,103,analytic,total,200,-0.00032453865305931564,0.015181218438249319,0.054238730435840043,0.06929794960008384
failed-only-best-6,103,matched,estimation,200,0.0012759290565772699,0.0013458968862454384,0.001941483034672939,0.0020417155606072823
failed-only-best-6,103,matched,operator,200,0.0,0.0,0.0,0.0
failed-only-best-6,103,matched,total,200,0.0012759290565772699,0.0013458968862454384,0.001941483034672939,0.0020417155606072823
failed-only-best-6,104,analytic,estimation,200,0.001559904760057397,0.001664154634090071,0.003205356379553881,0.0032393217033559463
failed-only-best-6,104,analytic,operator,200,0.00012453197339162375,0.01317629216539582,0.051584420858776014,0.09204472622856019
failed-only-best-6,104,analytic,total,200,0.0016844367334490206,0.01324770518672215,0.05383368689937307,0.09004134666679314
failed-only-best-6,104,matched,estimation,200,0.0015630181710216558,0.0016659825924067175,0.0032564245885569054,0.003291771786618991
failed-only-best-6,104,matched,operator,200,0.0,0.0,0.0,0.0
failed-only-best-6,104,matched,total,200,0.0015630181710216558,0.0016659825924067175,0.0032564245885569054,0.003291771786618991
failed-only-best-6,105,analytic,estimation,200,-0.001838170020583303,0.001930126644670968,0.0026602255018360055,0.0026840702579613573
failed-only-best-6,105,analytic,operator,200,0.0011692545835332616,0.014909730041853888,0.05622013117169375,0.08080834710112092
failed-only-best-6,105,analytic,total,200,-0.0006689154370500414,0.014869935919376194,0.055289167662596284,0.07848254606171617
failed-only-best-6,105,matched,estimation,200,-0.0018380523557127103,0.0019287775679509359,0.002647704650447502,0.0026818798984952763
failed-only-best-6,105,matched,operator,200,0.0,0.0,0.0,0.0
failed-only-best-6,105,matched,total,200,-0.0018380523557127103,0.0019287775679509359,0.002647704650447502,0.0026818798984952763
failed-only-best-6,106,analytic,estimation,200,0.0021453334639684753,0.0024733321901620198,0.004265905375873125,0.0043937004775700395
failed-only-best-6,106,analytic,operator,200,-0.003800304302417965,0.0716619814967329,0.2808312303641689,0.36390425798069037
failed-only-best-6,106,analytic,total,200,-0.00165497083844949,0.07184671781183892,0.28075380734076316,0.3638436870508185
failed-only-best-6,106,matched,estimation,200,0.0021381145279525675,0.002453251969730024,0.004083325267947746,0.004421615838809956
failed-only-best-6,106,matched,operator,200,0.0,0.0,0.0,0.0
failed-only-best-6,106,matched,total,200,0.0021381145279525675,0.002453251969730024,0.004083325267947746,0.004421615838809956
failed-only-best-6,107,analytic,estimation,200,-8.089846079980297e-05,0.0008324433117841149,0.0018345362414346478,0.0018605371357172107
failed-only-best-6,107,analytic,operator,200,-0.006008350419259246,0.0631289155711387,0.21811248526653162,0.26073298233665343
failed-only-best-6,107,analytic,total,200,-0.006089248880059049,0.06330068770210392,0.21821753122811605,0.2613519039849858
failed-only-best-6,107,matched,estimation,200,-8.646083468485138e-05,0.000823917835721104,0.0018660547857283216,0.001927607641257767
failed-only-best-6,107,matched,operator,200,0.0,0.0,0.0,0.0
failed-only-best-6,107,matched,total,200,-8.646083468485138e-05,0.000823917835721104,0.0018660547857283216,0.001927607641257767
failed-only-best-6,108,analytic,estimation,200,-0.0006952162416464291,0.0010913894955166701,0.0018657137397690704,0.0019668795346960977
failed-only-best-6,108,analytic,operator,200,-0.005418711720591774,0.04383206856501496,0.15603152167810086,0.20439481344699537
failed-only-best-6,108,analytic,total,200,-0.006113927962238204,0.043960612914467755,0.15760233354053482,0.2041238604789101
failed-only-best-6,108,matched,estimation,200,-0.0006897168135361624,0.0010938209872475156,0.0018782659958579417,0.0023920811443136625
failed-only-best-6,108,matched,operator,200,0.0,0.0,0.0,0.0
failed-only-best-6,108,matched,total,200,-0.0006897168135361624,0.0010938209872475156,0.0018782659958579417,0.0023920811443136625
failed-only-best-6,109,analytic,estimation,200,0.00033434111244963954,0.0009343846846581629,0.0021161175265707044,0.0022488207757771494
failed-only-best-6,109,analytic,operator,200,-0.0020957926620754457,0.04034836432257116,0.1294898348131306,0.18999208801005377
failed-only-best-6,109,analytic,total,200,-0.0017614515496258063,0.04044447385092005,0.12857479779602676,0.19005835755751896
failed-only-best-6,109,matched,estimation,200,0.00033798891679296143,0.0009322132084414095,0.0020658275844182006,0.002138772809785472
failed-only-best-6,109,matched,operator,200,0.0,0.0,0.0,0.0
failed-only-best-6,109,matched,total,200,0.00033798891679296143,0.0009322132084414095,0.0020658275844182006,0.002138772809785472
failed-only-best-6,110,analytic,estimation,200,-0.0003582876199458906,0.0009743022949493535,0.003648388993890528,0.003773322314789329
failed-only-best-6,110,analytic,operator,200,0.001036355302322718,0.06452549306703775,0.20952047126372542,0.2322738887273434
failed-only-best-6,110,analytic,total,200,0.0006780676823768272,0.06472062605370167,0.2092614437095046,0.232255461227922
failed-only-best-6,110,matched,estimation,200,-0.00034294684023765393,0.000940218372128151,0.0033114626219470367,0.003944872589239701
failed-only-best-6,110,matched,operator,200,0.0,0.0,0.0,0.0
failed-only-best-6,110,matched,total,200,-0.00034294684023765393,0.000940218372128151,0.0033114626219470367,0.003944872589239701
failed-only-best-6,111,analytic,estimation,200,0.0008665313679856329,0.0010798878483047592,0.0017556082813266483,0.0017751777346637354
failed-only-best-6,111,analytic,operator,200,0.0011495406674104994,0.0341213092412575,0.17273666305279056,0.23694234860422614
failed-only-best-6,111,analytic,total,200,0.0020160720353961325,0.03423927770525145,0.1737741105185161,0.23696307277249073
failed-only-best-6,111,matched,estimation,200,0.0008659988995337346,0.0010764990270901542,0.0017554935992996623,0.0017748406284166865
failed-only-best-6,111,matched,operator,200,0.0,0.0,0.0,0.0
failed-only-best-6,111,matched,total,200,0.0008659988995337346,0.0010764990270901542,0.0017554935992996623,0.0017748406284166865
failed-only-best-6,112,analytic,estimation,200,0.00021269242892470815,0.0004571678073368853,0.0017116849224474429,0.002385931285632914
failed-only-best-6,112,analytic,operator,200,0.0009314260981470742,0.0319954145356774,0.17043799209280755,0.23359075232012189
failed-only-best-6,112,analytic,total,200,0.0011441185270717822,0.032011664639137696,0.17036679656483503,0.23339627242841343
failed-only-best-6,112,matched,estimation,200,0.00021775927170991416,0.00045765195976372547,0.00168523030793577,0.0021690642142329075
failed-only-best-6,112,matched,operator,200,0.0,0.0,0.0,0.0
failed-only-best-6,112,matched,total,200,0.00021775927170991416,0.00045765195976372547,0.00168523030793577,0.0021690642142329075
failed-only-best-6,113,analytic,estimation,200,-0.000589326166108985,0.0007310100125537442,0.0015819721783616458,0.0016154102529566394
failed-only-best-6,113,analytic,operator,200,0.0016711699808730578,0.02930072425534203,0.1133868826642242,0.21963755555884432
failed-only-best-6,113,analytic,total,200,0.001081843814764073,0.029307699324213347,0.11316473811653194,0.2197939544512955
failed-only-best-6,113,matched,estimation,200,-0.0005903785502034475,0.0007297211806466889,0.0015819000936536654,0.0016153025977958535
failed-only-best-6,113,matched,operator,200,0.0,0.0,0.0,0.0
failed-only-best-6,113,matched,total,200,-0.0005903785502034475,0.0007297211806466889,0.0015819000936536654,0.0016153025977958535
failed-only-best-6,114,analytic,estimation,200,0.0005898150236826714,0.0009895509512542206,0.0024291415084022883,0.002478476556016601
failed-only-best-6,114,analytic,operator,200,-0.008101069023312854,0.05345058018357496,0.16127810839236026,0.173371171661318
failed-only-best-6,114,analytic,total,200,-0.007511253999630182,0.05335853857042134,0.159679313652045,0.1746730605406609
failed-only-best-6,114,matched,estimation,200,0.0006054945986700566,0.0009973854222377532,0.0023895088961266783,0.0024752152118565907
failed-only-best-6,114,matched,operator,200,0.0,0.0,0.0,0.0
failed-only-best-6,114,matched,total,200,0.0006054945986700566,0.0009973854222377532,0.0023895088961266783,0.0024752152118565907
failed-only-best-6,115,analytic,estimation,200,0.0003427009132211845,0.000721049367962695,0.0014691771739997195,0.0014766273027719823
failed-only-best-6,115,analytic,operator,200,-0.000226766532757307,0.053914158925272064,0.18271672997061417,0.25224306884954256
failed-only-best-6,115,analytic,total,200,0.00011593438046387748,0.05400711589766186,0.18311745567235116,0.2534088083724913
failed-only-best-6,115,matched,estimation,200,0.0003459444535627715,0.0006968722002826788,0.0014570698079318656,0.001476837324771274
failed-only-best-6,115,matched,operator,200,0.0,0.0,0.0,0.0
failed-only-best-6,115,matched,total,200,0.0003459444535627715,0.0006968722002826788,0.0014570698079318656,0.001476837324771274
failed-only-best-6,116,analytic,estimation,200,-0.0013184173002645455,0.0015414002726027365,0.003377121220073054,0.003508643797192512
failed-only-best-6,116,analytic,operator,200,-0.0043318426398668555,0.04810455150758675,0.20191517705724038,0.2369250746740031
failed-only-best-6,116,analytic,total,200,-0.005650259940131401,0.04831476167829279,0.2008927757203096,0.24032907904163364
failed-only-best-6,116,matched,estimation,200,-0.0013087263535466527,0.0015302724635903903,0.0033038047296136686,0.0034501930369567058
failed-only-best-6,116,matched,operator,200,0.0,0.0,0.0,0.0
failed-only-best-6,116,matched,total,200,-0.0013087263535466527,0.0015302724635903903,0.0033038047296136686,0.0034501930369567058
failed-only-best-6,117,analytic,estimation,200,0.0008261167149678921,0.0015790029335027054,0.003691317093416746,0.004022570082223176
failed-only-best-6,117,analytic,operator,200,0.0003680748567034304,0.03042395106251848,0.11773049558048976,0.13276981739839958
failed-only-best-6,117,analytic,total,200,0.0011941915716713223,0.030565478719215083,0.11827531773321248,0.1332338211775375
failed-only-best-6,117,matched,estimation,200,0.0008301046649876138,0.0015765290309595471,0.0036899540225632244,0.004018362010512089
failed-only-best-6,117,matched,operator,200,0.0,0.0,0.0,0.0
failed-only-best-6,117,matched,total,200,0.0008301046649876138,0.0015765290309595471,0.0036899540225632244,0.004018362010512089
failed-only-best-6,118,analytic,estimation,200,0.0006667606854973705,0.0010299370978017986,0.002238955376759222,0.0025383002413057465
failed-only-best-6,118,analytic,operator,200,0.0012183219550235644,0.05425107035864602,0.17683167048649628,0.2612586660167685
failed-only-best-6,118,analytic,total,200,0.001885082640520935,0.05438696557361538,0.1783241970292606,0.2608506003607579
failed-only-best-6,118,matched,estimation,200,0.0006562058972046672,0.0010294941484048188,0.002243287380323533,0.002578474608004866
failed-only-best-6,118,matched,operator,200,0.0,0.0,0.0,0.0
failed-only-best-6,118,matched,total,200,0.0006562058972046672,0.0010294941484048188,0.002243287380323533,0.002578474608004866
failed-only-best-6,119,analytic,estimation,200,-0.00046077698074656803,0.000699315897035707,0.0012422735289927544,0.0012488266997565667
failed-only-best-6,119,analytic,operator,200,0.0026095662690281164,0.057838325638993826,0.22761326442762053,0.2641703221493108
failed-only-best-6,119,analytic,total,200,0.0021487892882815483,0.057912033676169615,0.22822808896337943,0.26411270098302586
failed-only-best-6,119,matched,estimation,200,-0.00046957029007866816,0.0006934945988570164,0.0012304721373729288,0.0012465324515109066
failed-only-best-6,119,matched,operator,200,0.0,0.0,0.0,0.0
failed-only-best-6,119,matched,total,200,-0.00046957029007866816,0.0006934945988570164,0.0012304721373729288,0.0012465324515109066
failed-only-best-6,120,analytic,estimation,200,-0.000441091088681361,0.0008227908836250723,0.0023753801002486252,0.002948522575965118
failed-only-best-6,120,analytic,operator,200,2.12762223945976e-05,0.02703599939686227,0.15050807705360258,0.17207767656355366
failed-only-best-6,120,analytic,total,200,-0.00041981486628676337,0.02703480660858787,0.15107515250095338,0.17029697269797595
failed-only-best-6,120,matched,estimation,200,-0.00044524884333397414,0.0008188216130745168,0.002376898547535866,0.0028346130859999707
failed-only-best-6,120,matched,operator,200,0.0,0.0,0.0,0.0
failed-only-best-6,120,matched,total,200,-0.00044524884333397414,0.0008188216130745168,0.002376898547535866,0.0028346130859999707
failed-only-best-6,121,analytic,estimation,200,0.0006524992175380513,0.0007789273108047735,0.0014389289061964572,0.0017111790021591133
failed-only-best-6,121,analytic,operator,200,-0.0048343395916859225,0.03839397503109783,0.23560308443950306,0.30490764289510885
failed-only-best-6,121,analytic,total,200,-0.004181840374147871,0.03829040478170078,0.23531878161743042,0.3038628355982075
failed-only-best-6,121,matched,estimation,200,0.0006525241633062043,0.0007776178285083843,0.001506593555172131,0.0017113651270461716
failed-only-best-6,121,matched,operator,200,0.0,0.0,0.0,0.0
failed-only-best-6,121,matched,total,200,0.0006525241633062043,0.0007776178285083843,0.001506593555172131,0.0017113651270461716
failed-only-best-6,122,analytic,estimation,200,0.0002392387766570103,0.0005549705226264494,0.0013311535175451472,0.0013496472022785921
failed-only-best-6,122,analytic,operator,200,0.0008617882714272211,0.022382862425064813,0.10758419573012928,0.11458243930723555
failed-only-best-6,122,analytic,total,200,0.0011010270480842313,0.022413257113117608,0.10760854558282221,0.11590229918028871
failed-only-best-6,122,matched,estimation,200,0.0002480410566256041,0.0005569223877906021,0.0013417532449325753,0.001346388621897343
failed-only-best-6,122,matched,operator,200,0.0,0.0,0.0,0.0
failed-only-best-6,122,matched,total,200,0.0002480410566256041,0.0005569223877906021,0.0013417532449325753,0.001346388621897343
failed-only-best-6,123,analytic,estimation,200,-0.0004968437066968554,0.0013894197006279296,0.006117493461329726,0.006536367146774857
failed-only-best-6,123,analytic,operator,200,-0.0015594936219163972,0.04378197075594939,0.1604189115477619,0.18226726785848216
failed-only-best-6,123,analytic,total,200,-0.0020563373286132526,0.043687815373556316,0.1601685757169541,0.18327787881699892
failed-only-best-6,123,matched,estimation,200,-0.0004866413060706485,0.0013986061941388414,0.006186994094359299,0.0065654721702079755
failed-only-best-6,123,matched,operator,200,0.0,0.0,0.0,0.0
failed-only-best-6,123,matched,total,200,-0.0004866413060706485,0.0013986061941388414,0.006186994094359299,0.0065654721702079755
failed-only-best-6,124,analytic,estimation,200,-0.0008690514209559358,0.0010617772648226107,0.0020184519593486883,0.0020424815108489036
failed-only-best-6,124,analytic,operator,200,0.0059163859236917495,0.06628154013359264,0.24652858083297927,0.4083807883393547
failed-only-best-6,124,analytic,total,200,0.005047334502735813,0.0662186182359672,0.2454450960912773,0.4064093062139656
failed-only-best-6,124,matched,estimation,200,-0.0008680361348384812,0.0010549627849627933,0.0019772838603508425,0.0020535869267149787
failed-only-best-6,124,matched,operator,200,0.0,0.0,0.0,0.0
failed-only-best-6,124,matched,total,200,-0.0008680361348384812,0.0010549627849627933,0.0019772838603508425,0.0020535869267149787
failed-only-best-6,125,analytic,estimation,200,0.0001685097902568382,0.0009751471864654816,0.002431706718719673,0.002478109812130147
failed-only-best-6,125,analytic,operator,200,0.0012554405428712061,0.05202126601965666,0.21511593706448173,0.2674767339759906
failed-only-best-6,125,analytic,total,200,0.0014239503331280445,0.0520756079661462,0.2153178127554568,0.26797166000775763
failed-only-best-6,125,matched,estimation,200,0.0001708522027239127,0.0009793417969298811,0.00243189046556223,0.0024946273813248876
failed-only-best-6,125,matched,operator,200,0.0,0.0,0.0,0.0
failed-only-best-6,125,matched,total,200,0.0001708522027239127,0.0009793417969298811,0.00243189046556223,0.0024946273813248876
failed-only-best-6,126,analytic,estimation,200,-0.0006310459981160091,0.0009291958573569501,0.0024022469886837428,0.0024501147985249716
failed-only-best-6,126,analytic,operator,200,-0.0005677798237362152,0.04459571611308569,0.19004635239511186,0.25876084271717503
failed-only-best-6,126,analytic,total,200,-0.0011988258218522244,0.04488915061440855,0.19103108527462664,0.2589397394169306
failed-only-best-6,126,matched,estimation,200,-0.0006413093469703987,0.000916777410472919,0.002465025065382598,0.0027177280625187983
failed-only-best-6,126,matched,operator,200,0.0,0.0,0.0,0.0
failed-only-best-6,126,matched,total,200,-0.0006413093469703987,0.000916777410472919,0.002465025065382598,0.0027177280625187983
failed-only-best-6,127,analytic,estimation,200,0.0005733422218928479,0.0009271307942716228,0.0022954827700103486,0.0025000845991347553
failed-only-best-6,127,analytic,operator,200,0.002956072706021885,0.05442348147376566,0.19614575331625866,0.37175981630647154
failed-only-best-6,127,analytic,total,200,0.003529414927914733,0.054402884865635805,0.19651255194856004,0.37161116743309824
failed-only-best-6,127,matched,estimation,200,0.0005794405002450022,0.0009290973381902597,0.0023084174353131814,0.0025083327849135806
failed-only-best-6,127,matched,operator,200,0.0,0.0,0.0,0.0
failed-only-best-6,127,matched,total,200,0.0005794405002450022,0.0009290973381902597,0.0023084174353131814,0.0025083327849135806
failed-only-best-6,128,analytic,estimation,200,-0.0009999732486689556,0.0011846025541705407,0.0015915759853603328,0.001595531896200153
failed-only-best-6,128,analytic,operator,200,0.0011835691986378726,0.011381545790314527,0.03936764473966772,0.1212408787830388
failed-only-best-6,128,analytic,total,200,0.0001835959499689172,0.011294091191447062,0.03788837315366836,0.1197159456956079
failed-only-best-6,128,matched,estimation,200,-0.001004127760581537,0.001184884328197221,0.001593541968393869,0.0015957703912366783
failed-only-best-6,128,matched,operator,200,0.0,0.0,0.0,0.0
failed-only-best-6,128,matched,total,200,-0.001004127760581537,0.001184884328197221,0.001593541968393869,0.0015957703912366783
failed-only-best-6,129,analytic,estimation,200,-0.0003346051161158205,0.0012032787417275907,0.0039103245004210585,0.0040797044894747
failed-only-best-6,129,analytic,operator,200,-0.002388941474215008,0.06055321959490822,0.2475231141247152,0.3108034743586289
failed-only-best-6,129,analytic,total,200,-0.002723546590330829,0.06072392663046478,0.24840513388234403,0.311104798667877
failed-only-best-6,129,matched,estimation,200,-0.00033471610623597855,0.001196253131105833,0.0038178391198568917,0.004077504680027211
failed-only-best-6,129,matched,operator,200,0.0,0.0,0.0,0.0
failed-only-best-6,129,matched,total,200,-0.00033471610623597855,0.001196253131105833,0.0038178391198568917,0.004077504680027211
failed-only-best-6,130,analytic,estimation,200,0.0012660713042349841,0.0018289308235279345,0.004009754881449529,0.004488064966224503
failed-only-best-6,130,analytic,operator,200,0.00175226645782209,0.0496263313142328,0.1714589796738124,0.20155625708664904
failed-only-best-6,130,analytic,total,200,0.0030183377620570744,0.049696593267451086,0.17392034181321203,0.20335998306769806
failed-only-best-6,130,matched,estimation,200,0.0012301639223300223,0.0018034366726867696,0.003998532194469329,0.004089516943961369
failed-only-best-6,130,matched,operator,200,0.0,0.0,0.0,0.0
failed-only-best-6,130,matched,total,200,0.0012301639223300223,0.0018034366726867696,0.003998532194469329,0.004089516943961369
failed-only-best-6,131,analytic,estimation,200,-0.0032573246968658977,0.0035334301435615122,0.004900250000347439,0.005077000416165545
failed-only-best-6,131,analytic,operator,200,0.012485535444838993,0.0565549027385114,0.17760140111573575,0.38410484232635317
failed-only-best-6,131,analytic,total,200,0.009228210747973095,0.05607648632537582,0.17690489817929855,0.380779071834615
failed-only-best-6,131,matched,estimation,200,-0.003283702241605202,0.0035582837915140867,0.004880799462286367,0.005045668725231378
failed-only-best-6,131,matched,operator,200,0.0,0.0,0.0,0.0
failed-only-best-6,131,matched,total,200,-0.003283702241605202,0.0035582837915140867,0.004880799462286367,0.005045668725231378
failed-only-best-6,132,analytic,estimation,200,0.0011830635148732415,0.001689257906961413,0.0030846167591855878,0.0032831623461548887
failed-only-best-6,132,analytic,operator,200,-0.00026766399588990127,0.04243459186350462,0.17848522920573928,0.19756551990514626
failed-only-best-6,132,analytic,total,200,0.0009153995189833403,0.04255175467980266,0.17997374555038959,0.1960921692890396
failed-only-best-6,132,matched,estimation,200,0.001176409074534008,0.001666056674829169,0.003093087392217142,0.0032828041066104152
failed-only-best-6,132,matched,operator,200,0.0,0.0,0.0,0.0
failed-only-best-6,132,matched,total,200,0.001176409074534008,0.001666056674829169,0.003093087392217142,0.0032828041066104152
failed-only-best-6,133,analytic,estimation,200,9.132866918366255e-05,0.0008265561897035284,0.0017991686554504893,0.0018375750447232608
failed-only-best-6,133,analytic,operator,200,0.007346380118407912,0.0473331225559667,0.18155225050140006,0.20872849058363785
failed-only-best-6,133,analytic,total,200,0.007437708787591575,0.04753924728868953,0.18321221398508497,0.21049548062967383
failed-only-best-6,133,matched,estimation,200,6.882344463596059e-05,0.0008031410886050155,0.001821861075904152,0.001924656203010855
failed-only-best-6,133,matched,operator,200,0.0,0.0,0.0,0.0
failed-only-best-6,133,matched,total,200,6.882344463596059e-05,0.0008031410886050155,0.001821861075904152,0.001924656203010855
failed-only-best-6,134,analytic,estimation,200,0.0028252190600508613,0.003235244814321039,0.005279386434138056,0.005388312117259431
failed-only-best-6,134,analytic,operator,200,-0.004609270344700448,0.05925448642575268,0.20867625831545447,0.31554006627745423
failed-only-best-6,134,analytic,total,200,-0.0017840512846495865,0.05915362970058911,0.21228473650584576,0.3165987984104794
failed-only-best-6,134,matched,estimation,200,0.002827171676306267,0.0032325907813488724,0.005279329476204242,0.005366595471241964
failed-only-best-6,134,matched,operator,200,0.0,0.0,0.0,0.0
failed-only-best-6,134,matched,total,200,0.002827171676306267,0.0032325907813488724,0.005279329476204242,0.005366595471241964
failed-only-best-6,135,analytic,estimation,200,-0.0011204466462483272,0.001531857986995497,0.0033419728771917345,0.0036974838509807872
failed-only-best-6,135,analytic,operator,200,0.00669991816188427,0.05966435193718143,0.1862864939316266,0.2033473658552472
failed-only-best-6,135,analytic,total,200,0.005579471515635943,0.05971500339894489,0.18769144084408756,0.20322476158845432
failed-only-best-6,135,matched,estimation,200,-0.001163604245434612,0.001554528624083096,0.003322596380901696,0.0036010633727069363
failed-only-best-6,135,matched,operator,200,0.0,0.0,0.0,0.0
failed-only-best-6,135,matched,total,200,-0.001163604245434612,0.001554528624083096,0.003322596380901696,0.0036010633727069363
failed-only-best-6,136,analytic,estimation,200,-0.000808922593001927,0.0015055576171387392,0.0033179306614386506,0.0033403782400414084
failed-only-best-6,136,analytic,operator,200,0.0005199481961812606,0.035786068405662404,0.14112488805184337,0.17087847343911888
failed-only-best-6,136,analytic,total,200,-0.00028897439682066644,0.03600350452435331,0.1414842519211303,0.17055330922647172
failed-only-best-6,136,matched,estimation,200,-0.0008239724318317809,0.0014991056706317415,0.0033187971531934424,0.0033399357235920357
failed-only-best-6,136,matched,operator,200,0.0,0.0,0.0,0.0
failed-only-best-6,136,matched,total,200,-0.0008239724318317809,0.0014991056706317415,0.0033187971531934424,0.0033399357235920357
failed-only-best-6,137,analytic,estimation,200,0.0008835348419793084,0.001459848103379376,0.0028801237479263997,0.002930626851369744
failed-only-best-6,137,analytic,operator,200,0.0032658497994174146,0.029931901072040953,0.13811725471146813,0.15158916497006708
failed-only-best-6,137,analytic,total,200,0.004149384641396723,0.030118021851339494,0.13991172214947306,0.1530762007440512
failed-only-best-6,137,matched,estimation,200,0.0008779453369428521,0.0014512734206398974,0.0029362927602633593,0.0029980206575175306
failed-only-best-6,137,matched,operator,200,0.0,0.0,0.0,0.0
failed-only-best-6,137,matched,total,200,0.0008779453369428521,0.0014512734206398974,0.0029362927602633593,0.0029980206575175306
failed-only-best-6,138,analytic,estimation,200,0.00022973274563707174,0.0010315523128565057,0.0022678694241911046,0.002800184851700749
failed-only-best-6,138,analytic,operator,200,0.004270352112437683,0.06367730524483496,0.22144933992186244,0.24602680284705106
failed-only-best-6,138,analytic,total,200,0.004500084858074755,0.06394488053718457,0.22327153086541685,0.2455746343380517
failed-only-best-6,138,matched,estimation,200,0.00020934936117992297,0.0009943831907868958,0.0022408315739929074,0.002306125495903477
failed-only-best-6,138,matched,operator,200,0.0,0.0,0.0,0.0
failed-only-best-6,138,matched,total,200,0.00020934936117992297,0.0009943831907868958,0.0022408315739929074,0.002306125495903477
failed-only-best-6,139,analytic,estimation,200,-0.00015161508071143994,0.0004431733073182345,0.0012162687103969283,0.0013345639199116022
failed-only-best-6,139,analytic,operator,200,0.004318272582946029,0.029845458557437882,0.13517038111916754,0.20112240703900677
failed-only-best-6,139,analytic,total,200,0.004166657502234589,0.02983225838926822,0.13448982861236047,0.20080142034901485
failed-only-best-6,139,matched,estimation,200,-0.00015201186002750388,0.00043264480152387894,0.0012154619794308985,0.0012995881507826823
failed-only-best-6,139,matched,operator,200,0.0,0.0,0.0,0.0
failed-only-best-6,139,matched,total,200,-0.00015201186002750388,0.00043264480152387894,0.0012154619794308985,0.0012995881507826823
failed-only-best-6,140,analytic,estimation,200,-0.0009139609086986116,0.0012280142029885103,0.0033167554018544987,0.003335530115441243
failed-only-best-6,140,analytic,operator,200,0.0029448942605945698,0.03012029843336163,0.11635858958158071,0.18232245433341676
failed-only-best-6,140,analytic,total,200,0.0020309333518959585,0.030031532927552847,0.11763955028880982,0.18124138218722827
failed-only-best-6,140,matched,estimation,200,-0.0009238561427930807,0.0012456405956146176,0.003335719571351925,0.003351622185231662
failed-only-best-6,140,matched,operator,200,0.0,0.0,0.0,0.0
failed-only-best-6,140,matched,total,200,-0.0009238561427930807,0.0012456405956146176,0.003335719571351925,0.003351622185231662
failed-only-best-6,141,analytic,estimation,200,0.0007462765306803855,0.0015491703050550926,0.002912424489446064,0.003087689936985938
failed-only-best-6,141,analytic,operator,200,0.0010301372097081534,0.04585145037616596,0.15729088044402684,0.18643554689820896
failed-only-best-6,141,analytic,total,200,0.0017764137403885388,0.04608851951224086,0.1587304540512846,0.18880659689632717
failed-only-best-6,141,matched,estimation,200,0.0007336634800920994,0.001528954922100522,0.002925088717244728,0.003243182214550555
failed-only-best-6,141,matched,operator,200,0.0,0.0,0.0,0.0
failed-only-best-6,141,matched,total,200,0.0007336634800920994,0.001528954922100522,0.002925088717244728,0.003243182214550555
failed-only-best-6,142,analytic,estimation,200,0.0015306890319304988,0.002054763598406616,0.004940975888187815,0.004960450609769074
failed-only-best-6,142,analytic,operator,200,-0.0027893648064049796,0.048657199686133815,0.17772372843522466,0.2289426883528496
failed-only-best-6,142,analytic,total,200,-0.0012586757744744812,0.04875743477092789,0.17712440575307709,0.2276360741707707
failed-only-best-6,142,matched,estimation,200,0.0015385414290810346,0.002057544307643733,0.004811193206293307,0.005066771572554252
failed-only-best-6,142,matched,operator,200,0.0,0.0,0.0,0.0
failed-only-best-6,142,matched,total,200,0.0015385414290810346,0.002057544307643733,0.004811193206293307,0.005066771572554252
failed-only-best-6,143,analytic,estimation,200,-0.002087194354778625,0.0022660430813043705,0.0038922465602518885,0.003939311361932624
failed-only-best-6,143,analytic,operator,200,-0.0009486024843037077,0.0417422206005152,0.17020377314815238,0.2106674821015294
failed-only-best-6,143,analytic,total,200,-0.0030357968390823326,0.04199980823654958,0.16821366073547384,0.2099495882186761
failed-only-best-6,143,matched,estimation,200,-0.0020890513801683375,0.002260658107833696,0.0038667024529608907,0.00395054244785184
failed-only-best-6,143,matched,operator,200,0.0,0.0,0.0,0.0
failed-only-best-6,143,matched,total,200,-0.0020890513801683375,0.002260658107833696,0.0038667024529608907,0.00395054244785184
failed-only-best-6,144,analytic,estimation,200,0.00145272422123316,0.0015849889724801373,0.003341765134447172,0.0034646515322537264
failed-only-best-6,144,analytic,operator,200,-0.005391682538210224,0.027455129930761362,0.11832709146270559,0.14491139281078072
failed-only-best-6,144,analytic,total,200,-0.003938958316977064,0.027340682531393396,0.12056153630619959,0.1440672352911914
failed-only-best-6,144,matched,estimation,200,0.0014744565904587289,0.0016003219407517504,0.003341710238799256,0.0034741524932057066
failed-only-best-6,144,matched,operator,200,0.0,0.0,0.0,0.0
failed-only-best-6,144,matched,total,200,0.0014744565904587289,0.0016003219407517504,0.003341710238799256,0.0034741524932057066
failed-only-best-6,145,analytic,estimation,200,-7.777383489419325e-05,0.0008508237037487029,0.002679778167446356,0.002815369469731266
failed-only-best-6,145,analytic,operator,200,0.0006825297891986333,0.04874148384530249,0.19883515568807078,0.24292975865229086
failed-only-best-6,145,analytic,total,200,0.00060475595430444,0.04885472214274745,0.200014848942477,0.24331783944858035
failed-only-best-6,145,matched,estimation,200,-6.711242092993731e-05,0.0008277307023378908,0.0026780870309457416,0.002817019995963621
failed-only-best-6,145,matched,operator,200,0.0,0.0,0.0,0.0
failed-only-best-6,145,matched,total,200,-6.711242092993731e-05,0.0008277307023378908,0.0026780870309457416,0.002817019995963621
failed-only-best-6,146,analytic,estimation,200,-9.847808857294034e-05,0.0002894811082012838,0.0008249125311952515,0.0010437208026400635
failed-only-best-6,146,analytic,operator,200,0.00387257246851516,0.03396311568479128,0.13397422064944162,0.1808544153663199
failed-only-best-6,146,analytic,total,200,0.00377409437994222,0.03399176695811131,0.13397422064944162,0.1808544153663199
failed-only-best-6,146,matched,estimation,200,-0.00010048640644577253,0.000278768628088527,0.0007462630719409918,0.0009112512215075606
failed-only-best-6,146,matched,operator,200,0.0,0.0,0.0,0.0
failed-only-best-6,146,matched,total,200,-0.00010048640644577253,0.000278768628088527,0.0007462630719409918,0.0009112512215075606
failed-only-best-6,147,analytic,estimation,200,0.0004726199090325555,0.0006647952479852483,0.00196050846285567,0.0020754842569217224
failed-only-best-6,147,analytic,operator,200,0.004183089753710406,0.027506910949800307,0.10931298835107467,0.21440680330174955
failed-only-best-6,147,analytic,total,200,0.004655709662742961,0.02770189139042993,0.11138847260799639,0.21623307676754983
failed-only-best-6,147,matched,estimation,200,0.0004654341901470201,0.0006490615135595755,0.0018881102333316857,0.0020166496568213566
failed-only-best-6,147,matched,operator,200,0.0,0.0,0.0,0.0
failed-only-best-6,147,matched,total,200,0.0004654341901470201,0.0006490615135595755,0.0018881102333316857,0.0020166496568213566
failed-only-best-6,148,analytic,estimation,200,0.0003412988539354556,0.0006297503599176883,0.0018532350535325204,0.0019986629153656565
failed-only-best-6,148,analytic,operator,200,-0.0004005291718005408,0.014579915423392485,0.06547633471906061,0.12769206776171144
failed-only-best-6,148,analytic,total,200,-5.92303178650853e-05,0.014621774277832322,0.0664574449367881,0.127643903680078
failed-only-best-6,148,matched,estimation,200,0.000341816944947728,0.0006279445612828632,0.0018614668710394966,0.001998469490088084
failed-only-best-6,148,matched,operator,200,0.0,0.0,0.0,0.0
failed-only-best-6,148,matched,total,200,0.000341816944947728,0.0006279445612828632,0.0018614668710394966,0.001998469490088084
failed-only-best-6,149,analytic,estimation,200,0.0027552702866264363,0.002987734719213203,0.004745842661455613,0.005230118360063818
failed-only-best-6,149,analytic,operator,200,-0.0004949313156980613,0.0549718612253575,0.21383009112632206,0.25770084035295515
failed-only-best-6,149,analytic,total,200,0.0022603389709283748,0.05513994854428689,0.21728759871805775,0.25626818365492043
failed-only-best-6,149,matched,estimation,200,0.0027352897435902763,0.002964518570350536,0.004944802420074557,0.005233782186375602
failed-only-best-6,149,matched,operator,200,0.0,0.0,0.0,0.0
failed-only-best-6,149,matched,total,200,0.0027352897435902763,0.002964518570350536,0.004944802420074557,0.005233782186375602
failed-only-best-6,150,analytic,estimation,200,-0.00043099698871219296,0.0012176752462585304,0.003189215014182123,0.004085990016282626
failed-only-best-6,150,analytic,operator,200,0.0017256316140212649,0.052513668000499135,0.20877861553662902,0.2504380396811952
failed-only-best-6,150,analytic,total,200,0.0012946346253090721,0.052727788473684166,0.20786886448098468,0.2502075826320094
failed-only-best-6,150,matched,estimation,200,-0.000439024213803684,0.0011973627964725847,0.0031291770086956383,0.003940370842549834
failed-only-best-6,150,matched,operator,200,0.0,0.0,0.0,0.0
failed-only-best-6,150,matched,total,200,-0.000439024213803684,0.0011973627964725847,0.0031291770086956383,0.003940370842549834
failed-only-best-6,151,analytic,estimation,200,-0.0031103087391099165,0.003375180717157236,0.005404174598157854,0.0055695451099764814
failed-only-best-6,151,analytic,operator,200,0.0050799593495282815,0.03712574211797097,0.12040293993211049,0.23280179647849486
failed-only-best-6,151,analytic,total,200,0.001969650610418365,0.03706518505571392,0.11702015159854895,0.22872193921795703
failed-only-best-6,151,matched,estimation,200,-0.003132868205811057,0.003392832942511507,0.005370300835892135,0.005560117380790763
failed-only-best-6,151,matched,operator,200,0.0,0.0,0.0,0.0
failed-only-best-6,151,matched,total,200,-0.003132868205811057,0.003392832942511507,0.005370300835892135,0.005560117380790763
failed-only-best-6,152,analytic,estimation,200,0.0015492296688148178,0.0017832357803711817,0.0033056512137212835,0.0034411711224009434
failed-only-best-6,152,analytic,operator,200,-0.001636108847944102,0.030456886361720056,0.1392924715708902,0.18212933267682713
failed-only-best-6,152,analytic,total,200,-8.687917912928418e-05,0.03063419008743888,0.13916677667714134,0.1816653114450854
failed-only-best-6,152,matched,estimation,200,0.0015430456197939276,0.0017650102086934408,0.003225051891184494,0.003475556018794679
failed-only-best-6,152,matched,operator,200,0.0,0.0,0.0,0.0
failed-only-best-6,152,matched,total,200,0.0015430456197939276,0.0017650102086934408,0.003225051891184494,0.003475556018794679
failed-only-best-6,153,analytic,estimation,200,7.895887790541161e-05,0.0007881343021093371,0.0021007945453396237,0.0021413899965597727
failed-only-best-6,153,analytic,operator,200,-0.005445282240864205,0.053551698255415114,0.20614435990573404,0.31822765697788524
failed-only-best-6,153,analytic,total,200,-0.005366323362958793,0.05360192344637302,0.20640349128405994,0.31830883591703674
failed-only-best-6,153,matched,estimation,200,0.00012045503542984943,0.0007900300572967823,0.002091086153226729,0.0022835464318216037
failed-only-best-6,153,matched,operator,200,0.0,0.0,0.0,0.0
failed-only-best-6,153,matched,total,200,0.00012045503542984943,0.0007900300572967823,0.002091086153226729,0.0022835464318216037
failed-only-best-6,154,analytic,estimation,200,0.0016645592184970604,0.0017293031940592686,0.002434715018142408,0.0030852683123168134
failed-only-best-6,154,analytic,operator,200,0.002145040336407571,0.02221693369333622,0.10871909566964044,0.17594226502971602
failed-only-best-6,154,analytic,total,200,0.0038095995549046312,0.022474809288042175,0.10997838567425355,0.1779527119473142
failed-only-best-6,154,matched,estimation,200,0.001658652383348789,0.0017205373553687013,0.00243086404647036,0.002661067200703582
failed-only-best-6,154,matched,operator,200,0.0,0.0,0.0,0.0
failed-only-best-6,154,matched,total,200,0.001658652383348789,0.0017205373553687013,0.00243086404647036,0.002661067200703582
failed-only-best-6,155,analytic,estimation,200,-0.0007534503407238414,0.0008640690649982771,0.0017487020054292035,0.0017839103459813543
failed-only-best-6,155,analytic,operator,200,0.0008502736393908701,0.021735519142431565,0.08948920721967549,0.09938003337607137
failed-only-best-6,155,analytic,total,200,9.682329866702894e-05,0.021674343337431616,0.08838377965324548,0.09834131006624655
failed-only-best-6,155,matched,estimation,200,-0.0007486533219044198,0.0008577769418310541,0.0017485233636502784,0.001784024592508704
failed-only-best-6,155,matched,operator,200,0.0,0.0,0.0,0.0
failed-only-best-6,155,matched,total,200,-0.0007486533219044198,0.0008577769418310541,0.0017485233636502784,0.001784024592508704
failed-only-best-6,156,analytic,estimation,200,-0.0003692379473454416,0.0005676915389711282,0.001101183076848311,0.0011261491456738201
failed-only-best-6,156,analytic,operator,200,-0.0027321058428003415,0.027510231249785154,0.09451955586972606,0.1838152610334776
failed-only-best-6,156,analytic,total,200,-0.003101343790145783,0.027436858793216112,0.09475184912463613,0.18379090825314637
failed-only-best-6,156,matched,estimation,200,-0.0003879718641863015,0.0005679572956894878,0.0011036212018505076,0.0011291181390163524
failed-only-best-6,156,matched,operator,200,0.0,0.0,0.0,0.0
failed-only-best-6,156,matched,total,200,-0.0003879718641863015,0.0005679572956894878,0.0011036212018505076,0.0011291181390163524
failed-only-best-6,157,analytic,estimation,200,0.0031324093292446997,0.0032954122493562806,0.0052881104896354,0.005354598771423857
failed-only-best-6,157,analytic,operator,200,-0.0016489387170966622,0.0418846365592674,0.15719568302692666,0.21755295039824585
failed-only-best-6,157,analytic,total,200,0.0014834706121480373,0.04207519469704386,0.1600695412383466,0.21700612689174853
failed-only-best-6,157,matched,estimation,200,0.0031398162517081024,0.0032990510747345184,0.005311856186980934,0.0056264754694673735
failed-only-best-6,157,matched,operator,200,0.0,0.0,0.0,0.0
failed-only-best-6,157,matched,total,200,0.0031398162517081024,0.0032990510747345184,0.005311856186980934,0.0056264754694673735
failed-only-best-6,158,analytic,estimation,200,-0.001067091985434035,0.0015431401201663338,0.0034123536165821533,0.0038615205706293843
failed-only-best-6,158,analytic,operator,200,0.006170744090866256,0.04384099699522729,0.16666508717160083,0.1889695836025198
failed-only-best-6,158,analytic,total,200,0.005103652105432221,0.043892225515965444,0.16490241876713918,0.18954339289558964
failed-only-best-6,158,matched,estimation,200,-0.0010984257913741332,0.0015485092186672577,0.003461948415716065,0.003646548018971796
failed-only-best-6,158,matched,operator,200,0.0,0.0,0.0,0.0
failed-only-best-6,158,matched,total,200,-0.0010984257913741332,0.0015485092186672577,0.003461948415716065,0.003646548018971796
failed-only-best-6,159,analytic,estimation,200,-0.002885092695461415,0.0031277838867243904,0.0049626914045418635,0.005082093116159037
failed-only-best-6,159,analytic,operator,200,0.001735708483715916,0.03823380792333233,0.14634943953675594,0.17671560642177347
failed-only-best-6,159,analytic,total,200,-0.0011493842117454992,0.03842415599512753,0.14401000481667636,0.17495708660219117
failed-only-best-6,159,matched,estimation,200,-0.0028912923926800644,0.0031268323802623446,0.004904214068923274,0.004941716909414695
failed-only-best-6,159,matched,operator,200,0.0,0.0,0.0,0.0
failed-only-best-6,159,matched,total,200,-0.0028912923926800644,0.0031268323802623446,0.004904214068923274,0.004941716909414695
failed-only-best-6,160,analytic,estimation,200,0.0023819295561170713,0.002704543698184842,0.004575588237159645,0.004619545616836751
failed-only-best-6,160,analytic,operator,200,-0.004809116954687187,0.055857472872032646,0.24677240447168147,0.3323057862599868
failed-only-best-6,160,analytic,total,200,-0.002427187398570116,0.055849512542950425,0.24618368872450164,0.3312542048158878
failed-only-best-6,160,matched,estimation,200,0.0023942238700315702,0.0027127651162939317,0.004651297575552826,0.004736699776804798
failed-only-best-6,160,matched,operator,200,0.0,0.0,0.0,0.0
failed-only-best-6,160,matched,total,200,0.0023942238700315702,0.0027127651162939317,0.004651297575552826,0.004736699776804798
failed-only-best-6,161,analytic,estimation,200,0.0014379306697952976,0.001851164183245292,0.0032953336513877884,0.003687223019259611
failed-only-best-6,161,analytic,operator,200,0.0022592957498510802,0.05386760328201547,0.16958411742907642,0.22110098006337842
failed-only-best-6,161,analytic,total,200,0.0036972264196463776,0.05427723221267251,0.16891416698654338,0.2222380507048442
failed-only-best-6,161,matched,estimation,200,0.001419893109361251,0.00179976890279026,0.003308131938271952,0.0033372467784554827
failed-only-best-6,161,matched,operator,200,0.0,0.0,0.0,0.0
failed-only-best-6,161,matched,total,200,0.001419893109361251,0.00179976890279026,0.003308131938271952,0.0033372467784554827
failed-only-best-6,162,analytic,estimation,200,0.0012898724974982187,0.0017382084146849647,0.004108457479390815,0.005906490314688817
failed-only-best-6,162,analytic,operator,200,0.0009991484584135977,0.0418168694952251,0.15881496515463245,0.21318996915296928
failed-only-best-6,162,analytic,total,200,0.0022890209559118164,0.04209663325945102,0.16014282935159074,0.21241965325547624
failed-only-best-6,162,matched,estimation,200,0.0012889760117390878,0.0017295192713133794,0.004314349893209446,0.0057718872026355506
failed-only-best-6,162,matched,operator,200,0.0,0.0,0.0,0.0
failed-only-best-6,162,matched,total,200,0.0012889760117390878,0.0017295192713133794,0.004314349893209446,0.0057718872026355506
failed-only-best-6,163,analytic,estimation,200,-0.0036456805756323344,0.003789945889072395,0.006197995609789064,0.0063018922418217604
failed-only-best-6,163,analytic,operator,200,0.0015363147398143428,0.031542072981435944,0.144504734753641,0.1816534645766819
failed-only-best-6,163,analytic,total,200,-0.0021093658358179914,0.03178870461849977,0.15076826438389457,0.1870746553254798
failed-only-best-6,163,matched,estimation,200,-0.003643671097602572,0.0037812558342264387,0.005978947893855724,0.006259285405176174
failed-only-best-6,163,matched,operator,200,0.0,0.0,0.0,0.0
failed-only-best-6,163,matched,total,200,-0.003643671097602572,0.0037812558342264387,0.005978947893855724,0.006259285405176174
failed-only-best-6,164,analytic,estimation,200,0.0023033467294380204,0.0024866298240436577,0.0036436332348706024,0.0037014491903615276
failed-only-best-6,164,analytic,operator,200,0.00040110756143401115,0.02622175987222939,0.13723565665805854,0.184737198481581
failed-only-best-6,164,analytic,total,200,0.0027044542908720316,0.02638041046350038,0.13971980750408858,0.18735603801878797
failed-only-best-6,164,matched,estimation,200,0.0022958085633582965,0.0024798591347038198,0.0036439941334613923,0.003706219358634133
failed-only-best-6,164,matched,operator,200,0.0,0.0,0.0,0.0
failed-only-best-6,164,matched,total,200,0.0022958085633582965,0.0024798591347038198,0.0036439941334613923,0.003706219358634133
failed-only-best-6,165,analytic,estimation,200,0.0002933234661466182,0.0011898551169115291,0.0030060593113825917,0.0030529733845715
failed-only-best-6,165,analytic,operator,200,0.002480381012698611,0.03583492441299351,0.14171153537503073,0.18441154661604078
failed-only-best-6,165,analytic,total,200,0.002773704478845229,0.036130668948373475,0.14157487494364118,0.18683087638207857
failed-only-best-6,165,matched,estimation,200,0.00028350071293381084,0.0011506449525255584,0.0029847574572223756,0.003088723957156203
failed-only-best-6,165,matched,operator,200,0.0,0.0,0.0,0.0
failed-only-best-6,165,matched,total,200,0.00028350071293381084,0.0011506449525255584,0.0029847574572223756,0.003088723957156203
failed-only-best-6,166,analytic,estimation,200,-0.0011624816857339732,0.0013747310302123675,0.0032975723083633612,0.003719363666356612
failed-only-best-6,166,analytic,operator,200,0.0022033472474806463,0.026670292546821142,0.10609178910190692,0.2547399576604625
failed-only-best-6,166,analytic,total,200,0.001040865561746673,0.026701288667645262,0.10852629907086966,0.2544958382095149
failed-only-best-6,166,matched,estimation,200,-0.0011792798550245706,0.001382868495785236,0.0032999698515892018,0.0038986026419594033
failed-only-best-6,166,matched,operator,200,0.0,0.0,0.0,0.0
failed-only-best-6,166,matched,total,200,-0.0011792798550245706,0.001382868495785236,0.0032999698515892018,0.0038986026419594033
failed-only-best-6,167,analytic,estimation,200,0.001256150438391388,0.0016283571038820009,0.0038552202625150578,0.004972071898474706
failed-only-best-6,167,analytic,operator,200,0.0007096366908140092,0.041393339758458124,0.1847934481051584,0.19315129816118803
failed-only-best-6,167,analytic,total,200,0.0019657871292053973,0.041666528026331966,0.18426617363605236,0.19556135227078997
failed-only-best-6,167,matched,estimation,200,0.0012685212823889257,0.0016232192787777563,0.0038218604161825986,0.004897332683337918
failed-only-best-6,167,matched,operator,200,0.0,0.0,0.0,0.0
failed-only-best-6,167,matched,total,200,0.0012685212823889257,0.0016232192787777563,0.0038218604161825986,0.004897332683337918
failed-only-best-6,168,analytic,estimation,200,0.0015903300481419037,0.001750713122132287,0.002763997529320106,0.002822420146115723
failed-only-best-6,168,analytic,operator,200,0.0014777648578008199,0.0311376525969574,0.10245112214859775,0.29028264355927
failed-only-best-6,168,analytic,total,200,0.0030680949059427236,0.03139507150411471,0.10521511967791786,0.29287474142970304
failed-only-best-6,168,matched,estimation,200,0.001573252329013698,0.0017292155796186663,0.002628193617984831,0.002812958179064018
failed-only-best-6,168,matched,operator,200,0.0,0.0,0.0,0.0
failed-only-best-6,168,matched,total,200,0.001573252329013698,0.0017292155796186663,0.002628193617984831,0.002812958179064018
failed-only-recovery-10,1,analytic,estimation,200,0.00041257890500390334,0.000727705610791202,0.0023603932812714667,0.0028238816507863973
failed-only-recovery-10,1,analytic,operator,200,0.0011938920533125998,0.04054855842624704,0.1546079111814862,0.16623020724380383
failed-only-recovery-10,1,analytic,total,200,0.001606470958316503,0.04064152867357226,0.15615237878946425,0.1668951945169581
failed-only-recovery-10,1,matched,estimation,200,0.00040615574791536045,0.0007178426439914688,0.0024129116468780687,0.002904149280619439
failed-only-recovery-10,1,matched,operator,200,0.0,0.0,0.0,0.0
failed-only-recovery-10,1,matched,total,200,0.00040615574791536045,0.0007178426439914688,0.0024129116468780687,0.002904149280619439
failed-only-recovery-10,2,analytic,estimation,200,-0.0006061438169749735,0.0009686843236776856,0.0019829508873776547,0.0021736202481474898
failed-only-recovery-10,2,analytic,operator,200,-0.0009420663585866498,0.038858782116441656,0.15908289871988718,0.20009574390311458
failed-only-recovery-10,2,analytic,total,200,-0.0015482101755616233,0.03899260384196872,0.15875917016066826,0.20044943231667234
failed-only-recovery-10,2,matched,estimation,200,-0.0006057360431449982,0.000970218953301977,0.0018851781162183556,0.0021617882275047906
failed-only-recovery-10,2,matched,operator,200,0.0,0.0,0.0,0.0
failed-only-recovery-10,2,matched,total,200,-0.0006057360431449982,0.000970218953301977,0.0018851781162183556,0.0021617882275047906
failed-only-recovery-10,3,analytic,estimation,200,-0.0025801045117347333,0.002734915231616304,0.003994201158881605,0.004049797675886202
failed-only-recovery-10,3,analytic,operator,200,0.0013613293627027373,0.0407409185887607,0.17244946079318207,0.19062384276882627
failed-only-recovery-10,3,analytic,total,200,-0.0012187751490319962,0.04076330114444874,0.1756963183008617,0.18842370924027296
failed-only-recovery-10,3,matched,estimation,200,-0.0025870253062543268,0.0027418938177591586,0.004022961406447312,0.004079871481444841
failed-only-recovery-10,3,matched,operator,200,0.0,0.0,0.0,0.0
failed-only-recovery-10,3,matched,total,200,-0.0025870253062543268,0.0027418938177591586,0.004022961406447312,0.004079871481444841
failed-only-recovery-10,4,analytic,estimation,200,0.0014695910795751242,0.0017739823722496709,0.003760181465865431,0.003917421448457636
failed-only-recovery-10,4,analytic,operator,200,0.0012320588220468048,0.03619367412027493,0.1408577342265363,0.16602969739583812
failed-only-recovery-10,4,analytic,total,200,0.0027016499016219286,0.036418486527494305,0.14256254710823235,0.16624747136618429
failed-only-recovery-10,4,matched,estimation,200,0.001461902784844113,0.0017632039503025084,0.0037576698114576423,0.003916583362023163
failed-only-recovery-10,4,matched,operator,200,0.0,0.0,0.0,0.0
failed-only-recovery-10,4,matched,total,200,0.001461902784844113,0.0017632039503025084,0.0037576698114576423,0.003916583362023163
failed-only-recovery-10,5,analytic,estimation,200,0.0005354004650434497,0.0008451084365368975,0.002368926153075712,0.002841739361976181
failed-only-recovery-10,5,analytic,operator,200,0.003433265182555945,0.0385688316879302,0.1371760109839927,0.2703432082905851
failed-only-recovery-10,5,analytic,total,200,0.003968665647599396,0.038683040320885154,0.13779969086823343,0.2717297100951219
failed-only-recovery-10,5,matched,estimation,200,0.0005290909517672261,0.0008422272973406855,0.0024543746666954025,0.002867999545526523
failed-only-recovery-10,5,matched,operator,200,0.0,0.0,0.0,0.0
failed-only-recovery-10,5,matched,total,200,0.0005290909517672261,0.0008422272973406855,0.0024543746666954025,0.002867999545526523
failed-only-recovery-10,6,analytic,estimation,200,-0.00047775253267259913,0.0007659862756668626,0.0014006004359993773,0.0015239722254160037
failed-only-recovery-10,6,analytic,operator,200,0.0012495408183007218,0.02659329205467769,0.12938369269981623,0.14288246727054202
failed-only-recovery-10,6,analytic,total,200,0.0007717882856281227,0.02664877649927936,0.12889788636266405,0.14247509296870822
failed-only-recovery-10,6,matched,estimation,200,-0.00048361456167803947,0.0007649845362857304,0.0013499478486697636,0.0014277983981513254
failed-only-recovery-10,6,matched,operator,200,0.0,0.0,0.0,0.0
failed-only-recovery-10,6,matched,total,200,-0.00048361456167803947,0.0007649845362857304,0.0013499478486697636,0.0014277983981513254
failed-only-recovery-10,7,analytic,estimation,200,-0.0003271484889197425,0.0004533706687564028,0.001009363460782911,0.0010209559894874543
failed-only-recovery-10,7,analytic,operator,200,0.0003068987238856519,0.01174084164013823,0.05768042216851115,0.08351114490982174
failed-only-recovery-10,7,analytic,total,200,-2.024976503409059e-05,0.011784063261291942,0.05854926762125115,0.08451591859806246
failed-only-recovery-10,7,matched,estimation,200,-0.0003296317660236244,0.00045401274133859864,0.0010385959819695922,0.001092282647191356
failed-only-recovery-10,7,matched,operator,200,0.0,0.0,0.0,0.0
failed-only-recovery-10,7,matched,total,200,-0.0003296317660236244,0.00045401274133859864,0.0010385959819695922,0.001092282647191356
failed-only-recovery-10,8,analytic,estimation,200,-3.899164825243261e-05,9.839007872100046e-05,0.00025330611164740835,0.0005195761877953564
failed-only-recovery-10,8,analytic,operator,200,-0.00029918117459307896,0.005163630723301093,0.027160449197076664,0.03164414804401941
failed-only-recovery-10,8,analytic,total,200,-0.0003381728228455116,0.005169505409308044,0.02704028288407037,0.031688315704266626
failed-only-recovery-10,8,matched,estimation,200,-3.949075048394096e-05,9.621337906393784e-05,0.00025331825362717025,0.000504213666362191
failed-only-recovery-10,8,matched,operator,200,0.0,0.0,0.0,0.0
failed-only-recovery-10,8,matched,total,200,-3.949075048394096e-05,9.621337906393784e-05,0.00025331825362717025,0.000504213666362191
failed-only-recovery-10,9,analytic,estimation,200,0.001969908617478569,0.0022050454836493854,0.0040394919170694266,0.004067542060190554
failed-only-recovery-10,9,analytic,operator,200,-0.0019044316069698952,0.04713794355285309,0.17350272662073685,0.2764896362392272
failed-only-recovery-10,9,analytic,total,200,6.547701050867371e-05,0.047184799833163114,0.1727145938867818,0.27553326417469415
failed-only-recovery-10,9,matched,estimation,200,0.0019832427784517684,0.0022190026778017066,0.004108380930942346,0.004135718004446787
failed-only-recovery-10,9,matched,operator,200,0.0,0.0,0.0,0.0
failed-only-recovery-10,9,matched,total,200,0.0019832427784517684,0.0022190026778017066,0.004108380930942346,0.004135718004446787
failed-only-recovery-10,10,analytic,estimation,200,-0.0010140315772050985,0.0011992631750206227,0.002394310445853698,0.002548579567336784
failed-only-recovery-10,10,analytic,operator,200,0.0004182577505309484,0.05369931930283858,0.1978414336079175,0.23352029086938414
failed-only-recovery-10,10,analytic,total,200,-0.0005957738266741504,0.05386829871575839,0.20037654547360162,0.2344792368804952
failed-only-recovery-10,10,matched,estimation,200,-0.001016000478203,0.0011848244346231293,0.0022363753366709815,0.002408049684159308
failed-only-recovery-10,10,matched,operator,200,0.0,0.0,0.0,0.0
failed-only-recovery-10,10,matched,total,200,-0.001016000478203,0.0011848244346231293,0.0022363753366709815,0.002408049684159308
failed-only-recovery-10,11,analytic,estimation,200,-0.0013180405000683374,0.0015825525374904463,0.003080856459170861,0.0033766423852922
failed-only-recovery-10,11,analytic,operator,200,-0.001155453052530404,0.03866868216695601,0.13459545198693895,0.1423858337615227
failed-only-recovery-10,11,analytic,total,200,-0.0024734935525987413,0.03888475329546518,0.13661244751391793,0.14360945772191946
failed-only-recovery-10,11,matched,estimation,200,-0.0013077497574934508,0.0015639210972800597,0.0029499505490392652,0.0035514692724972347
failed-only-recovery-10,11,matched,operator,200,0.0,0.0,0.0,0.0
failed-only-recovery-10,11,matched,total,200,-0.0013077497574934508,0.0015639210972800597,0.0029499505490392652,0.0035514692724972347
failed-only-recovery-10,12,analytic,estimation,200,0.00037780365013877936,0.0007900678319980205,0.0019691657561491382,0.0033611529542048046
failed-only-recovery-10,12,analytic,operator,200,-0.0011162131465490537,0.028987582742667106,0.11739407877258551,0.15594187828111672
failed-only-recovery-10,12,analytic,total,200,-0.0007384094964102744,0.02905569166288169,0.11692004453141835,0.15639507670594321
failed-only-recovery-10,12,matched,estimation,200,0.000383291171931568,0.000790140157508983,0.001756268161393848,0.0034887778822878523
failed-only-recovery-10,12,matched,operator,200,0.0,0.0,0.0,0.0
failed-only-recovery-10,12,matched,total,200,0.000383291171931568,0.000790140157508983,0.001756268161393848,0.0034887778822878523
failed-only-recovery-10,13,analytic,estimation,200,-0.00017228626081345767,0.0005723155847853082,0.0013757560687481796,0.0014140054804949176
failed-only-recovery-10,13,analytic,operator,200,-0.0012446263259320019,0.05419767486142934,0.21157258535375245,0.2917982391822423
failed-only-recovery-10,13,analytic,total,200,-0.0014169125867454597,0.05430513143059502,0.21217988742272267,0.2926019822451211
failed-only-recovery-10,13,matched,estimation,200,-0.00017553722741208723,0.0005623887276571054,0.0012479407939959275,0.001463460669176464
failed-only-recovery-10,13,matched,operator,200,0.0,0.0,0.0,0.0
failed-only-recovery-10,13,matched,total,200,-0.00017553722741208723,0.0005623887276571054,0.0012479407939959275,0.001463460669176464
failed-only-recovery-10,14,analytic,estimation,200,0.0003593427552897775,0.0005555378805726134,0.0009374226700324673,0.0009478550345265874
failed-only-recovery-10,14,analytic,operator,200,0.00016322034370002802,0.020829873558470293,0.0799740472714659,0.10550311861954759
failed-only-recovery-10,14,analytic,total,200,0.0005225630989898055,0.02086786190166877,0.08062011352903575,0.10602810376385677
failed-only-recovery-10,14,matched,estimation,200,0.00035767195053310367,0.000554716121226889,0.0009375362313914885,0.0009477319344214641
failed-only-recovery-10,14,matched,operator,200,0.0,0.0,0.0,0.0
failed-only-recovery-10,14,matched,total,200,0.00035767195053310367,0.000554716121226889,0.0009375362313914885,0.0009477319344214641
failed-only-recovery-10,15,analytic,estimation,200,-0.00037132873223002377,0.0005415223821657201,0.001640977813288036,0.0016821454005613856
failed-only-recovery-10,15,analytic,operator,200,-0.00122370047064453,0.021936695602222434,0.08275366813622881,0.14873357820201366
failed-only-recovery-10,15,analytic,total,200,-0.001595029202874554,0.022027941437683187,0.08399594215172246,0.14940430507625047
failed-only-recovery-10,15,matched,estimation,200,-0.0003581206162991804,0.0005229132883720628,0.0016383583626852771,0.0017314163693681328
failed-only-recovery-10,15,matched,operator,200,0.0,0.0,0.0,0.0
failed-only-recovery-10,15,matched,total,200,-0.0003581206162991804,0.0005229132883720628,0.0016383583626852771,0.0017314163693681328
failed-only-recovery-10,16,analytic,estimation,200,-0.0005423882460287604,0.0005930315603296812,0.0009242774198845449,0.0011649944354028552
failed-only-recovery-10,16,analytic,operator,200,-0.0003252616756898999,0.012301271976041512,0.044108856614791345,0.05195171262536438
failed-only-recovery-10,16,analytic,total,200,-0.0008676499217186602,0.01234470206283945,0.04444875392688824,0.05115464986782835
failed-only-recovery-10,16,matched,estimation,200,-0.0005438679745961596,0.00059170033933995,0.0009138757547832999,0.001117654750348862
failed-only-recovery-10,16,matched,operator,200,0.0,0.0,0.0,0.0
failed-only-recovery-10,16,matched,total,200,-0.0005438679745961596,0.00059170033933995,0.0009138757547832999,0.001117654750348862
failed-only-recovery-10,17,analytic,estimation,200,0.000164600179690058,0.00029170718411792527,0.0006662955964964468,0.0007059200070769212
failed-only-recovery-10,17,analytic,operator,200,-0.0009570299972527349,0.012079162857239605,0.04957814632487567,0.07445139599977038
failed-only-recovery-10,17,analytic,total,200,-0.0007924298175626769,0.01206650800092032,0.049427198083260876,0.07433636796306584
failed-only-recovery-10,17,matched,estimation,200,0.0001704206393787754,0.0002909998933897532,0.0006466943176239859,0.0007059448557470427
failed-only-recovery-10,17,matched,operator,200,0.0,0.0,0.0,0.0
failed-only-recovery-10,17,matched,total,200,0.0001704206393787754,0.0002909998933897532,0.0006466943176239859,0.0007059448557470427
failed-only-recovery-10,18,analytic,estimation,200,0.0003862210803037768,0.00047176676616610087,0.0010171031092016947,0.0010975842192761376
failed-only-recovery-10,18,analytic,operator,200,-0.00025952325963362705,0.008893655591995505,0.047903575254273495,0.05200378051128919
failed-only-recovery-10,18,analytic,total,200,0.00012669782067014978,0.008875904955710308,0.04862749058308616,0.051624210516233934
failed-only-recovery-10,18,matched,estimation,200,0.00038486440569274736,0.0004684845466035996,0.001023212873573598,0.0010777587031994273
failed-only-recovery-10,18,matched,operator,200,0.0,0.0,0.0,0.0
failed-only-recovery-10,18,matched,total,200,0.00038486440569274736,0.0004684845466035996,0.001023212873573598,0.0010777587031994273
failed-only-recovery-10,19,analytic,estimation,200,-0.0004409141722302225,0.00047904550926137975,0.000873783455064947,0.0008969475320523834
failed-only-recovery-10,19,analytic,operator,200,-0.002616782399225109,0.013506129995786998,0.0621896890517033,0.063466199702458
failed-only-recovery-10,19,analytic,total,200,-0.0030576965714553313,0.013592496945763628,0.06257068099438534,0.06389747351825613
failed-only-recovery-10,19,matched,estimation,200,-0.0004364882127811655,0.0004753399791690971,0.0008737289054036035,0.0008969877821596306
failed-only-recovery-10,19,matched,operator,200,0.0,0.0,0.0,0.0
failed-only-recovery-10,19,matched,total,200,-0.0004364882127811655,0.0004753399791690971,0.0008737289054036035,0.0008969877821596306
failed-only-recovery-10,20,analytic,estimation,200,0.0010110875176104358,0.0013877932614682262,0.0030188158753877703,0.0031266447829010335
failed-only-recovery-10,20,analytic,operator,200,-0.003308843975716119,0.05641309551562481,0.1795933436592721,0.2213660203063314
failed-only-recovery-10,20,analytic,total,200,-0.0022977564581056834,0.05672641497433011,0.18198023846030503,0.22206935470369674
failed-only-recovery-10,20,matched,estimation,200,0.0009988791597962629,0.0013273621149181214,0.0025642848918112637,0.002974460349642105
failed-only-recovery-10,20,matched,operator,200,0.0,0.0,0.0,0.0
failed-only-recovery-10,20,matched,total,200,0.0009988791597962629,0.0013273621149181214,0.0025642848918112637,0.002974460349642105
failed-only-recovery-10,21,analytic,estimation,200,0.00029119724538851066,0.0010151802178554957,0.0029667744985590883,0.003153982486099549
failed-only-recovery-10,21,analytic,operator,200,7.465679903731861e-05,0.05208950146007629,0.18641822375104966,0.21194773021136393
failed-only-recovery-10,21,analytic,total,200,0.00036585404442582937,0.05227818031969268,0.1866682892843931,0.21265302827474541
failed-only-recovery-10,21,matched,estimation,200,0.00029108109178019754,0.0009950596077269009,0.0027444685209903064,0.002966958378973761
failed-only-recovery-10,21,matched,operator,200,0.0,0.0,0.0,0.0
failed-only-recovery-10,21,matched,total,200,0.00029108109178019754,0.0009950596077269009,0.0027444685209903064,0.002966958378973761
failed-only-recovery-10,22,analytic,estimation,200,-0.0030678728150013313,0.003289504955869997,0.005049192083117382,0.00528463893581177
failed-only-recovery-10,22,analytic,operator,200,0.0008328845492765447,0.04875452807612329,0.1803488729633167,0.21163595194807522
failed-only-recovery-10,22,analytic,total,200,-0.0022349882657247866,0.04882041922938163,0.18320946574065033,0.21535898053759073
failed-only-recovery-10,22,matched,estimation,200,-0.0030736751889207125,0.0032903706306229574,0.0050517876877158585,0.005110607481816354
failed-only-recovery-10,22,matched,operator,200,0.0,0.0,0.0,0.0
failed-only-recovery-10,22,matched,total,200,-0.0030736751889207125,0.0032903706306229574,0.0050517876877158585,0.005110607481816354
failed-only-recovery-10,23,analytic,estimation,200,0.001744115584397376,0.001998404911598872,0.0029226692461429282,0.003045701787525723
failed-only-recovery-10,23,analytic,operator,200,0.003094473754020559,0.03781523543494446,0.14505205282889527,0.2649242738080336
failed-only-recovery-10,23,analytic,total,200,0.004838589338417935,0.03793426433613219,0.1478039272281188,0.26598999225862396
failed-only-recovery-10,23,matched,estimation,200,0.00172738488710671,0.0019854720723686448,0.002965662670864344,0.003073627334209017
failed-only-recovery-10,23,matched,operator,200,0.0,0.0,0.0,0.0
failed-only-recovery-10,23,matched,total,200,0.00172738488710671,0.0019854720723686448,0.002965662670864344,0.003073627334209017
failed-only-recovery-10,24,analytic,estimation,200,0.0007488794806343835,0.0012492730999953921,0.0025817232342569274,0.0026257284959679272
failed-only-recovery-10,24,analytic,operator,200,-0.00686426106028078,0.05526129364898434,0.20589476144457405,0.22268587350667554
failed-only-recovery-10,24,analytic,total,200,-0.006115381579646397,0.0554525447114236,0.2076253567912828,0.22289598645377603
failed-only-recovery-10,24,matched,estimation,200,0.000772971970316832,0.0012329561945651824,0.002596620893996593,0.0026075486427205863
failed-only-recovery-10,24,matched,operator,200,0.0,0.0,0.0,0.0
failed-only-recovery-10,24,matched,total,200,0.000772971970316832,0.0012329561945651824,0.002596620893996593,0.0026075486427205863
failed-only-recovery-10,25,analytic,estimation,200,-0.0010668871047936463,0.0012277234057598866,0.002462942230840842,0.002515617425313754
failed-only-recovery-10,25,analytic,operator,200,0.0019369865635844872,0.043108095347461024,0.2017857987772373,0.24782671689567382
failed-only-recovery-10,25,analytic,total,200,0.0008700994587908409,0.04318676095515228,0.20122609557869509,0.2479359550824024
failed-only-recovery-10,25,matched,estimation,200,-0.0010743857558491712,0.0012300605055073591,0.0021845579052289406,0.0026241795343072416
failed-only-recovery-10,25,matched,operator,200,0.0,0.0,0.0,0.0
failed-only-recovery-10,25,matched,total,200,-0.0010743857558491712,0.0012300605055073591,0.0021845579052289406,0.0026241795343072416
failed-only-recovery-10,26,analytic,estimation,200,-0.00039421225836096875,0.0008247180586100722,0.0018809088207909497,0.0019553359218262845
failed-only-recovery-10,26,analytic,operator,200,0.0049807718756456195,0.059999120586735885,0.27655202240586396,0.3493832953850377
failed-only-recovery-10,26,analytic,total,200,0.004586559617284651,0.06019672040982124,0.27750522935875416,0.35042210822641806
failed-only-recovery-10,26,matched,estimation,200,-0.0004161703751905993,0.000800904375022431,0.001894505850462802,0.0019944451842478506
failed-only-recovery-10,26,matched,operator,200,0.0,0.0,0.0,0.0
failed-only-recovery-10,26,matched,total,200,-0.0004161703751905993,0.000800904375022431,0.001894505850462802,0.0019944451842478506
failed-only-recovery-10,27,analytic,estimation,200,0.0022984205539499005,0.002418885697621683,0.0036115086893809822,0.003759249033451706
failed-only-recovery-10,27,analytic,operator,200,-0.0019171431516125906,0.06231678660785412,0.2375570901594615,0.32506479180531267
failed-only-recovery-10,27,analytic,total,200,0.0003812774023373101,0.062383351090854716,0.24077999297369748,0.32213069745128076
failed-only-recovery-10,27,matched,estimation,200,0.002288233014293957,0.0024039302076048243,0.0035964733886517664,0.003693181909170229
failed-only-recovery-10,27,matched,operator,200,0.0,0.0,0.0,0.0
failed-only-recovery-10,27,matched,total,200,0.002288233014293957,0.0024039302076048243,0.0035964733886517664,0.003693181909170229
failed-only-recovery-10,28,analytic,estimation,200,-0.003756157387113429,0.0038784566333544806,0.0048239674600338844,0.004849283669154492
failed-only-recovery-10,28,analytic,operator,200,0.0013690663979458884,0.042890643148598404,0.22022245935050266,0.31748738295163004
failed-only-recovery-10,28,analytic,total,200,-0.002387090989167541,0.04308609475267363,0.22289631208019045,0.32154574380089584
failed-only-recovery-10,28,matched,estimation,200,-0.0037631851362903103,0.0038806282194505655,0.004805013931187485,0.004816505989819753
failed-only-recovery-10,28,matched,operator,200,0.0,0.0,0.0,0.0
failed-only-recovery-10,28,matched,total,200,-0.0037631851362903103,0.0038806282194505655,0.004805013931187485,0.004816505989819753
failed-only-recovery-10,29,analytic,estimation,200,0.0014704669388759658,0.0016012895021749929,0.0026022781850978394,0.0027322795295933178
failed-only-recovery-10,29,analytic,operator,200,-0.0032128247378702722,0.049786546828697736,0.21440827640615284,0.25151503428363625
failed-only-recovery-10,29,analytic,total,200,-0.0017423577989943062,0.049869605340866964,0.21655731530899197,0.25026175922464244
failed-only-recovery-10,29,matched,estimation,200,0.0014745056654032285,0.001595424626540614,0.002575817308984485,0.002734493446928443
failed-only-recovery-10,29,matched,operator,200,0.0,0.0,0.0,0.0
failed-only-recovery-10,29,matched,total,200,0.0014745056654032285,0.001595424626540614,0.002575817308984485,0.002734493446928443
failed-only-recovery-10,30,analytic,estimation,200,0.0014055246593338985,0.0015462441987439753,0.0025952424711925826,0.002729094913704877
failed-only-recovery-10,30,analytic,operator,200,0.005017222233852466,0.046536494963177355,0.23816218648571852,0.244330822287617
failed-only-recovery-10,30,analytic,total,200,0.006422746893186364,0.04687948876498927,0.23702490619389882,0.2469684887072811
failed-only-recovery-10,30,matched,estimation,200,0.0013860587976560399,0.0015200402097032433,0.002452366675167461,0.002489295275438619
failed-only-recovery-10,30,matched,operator,200,0.0,0.0,0.0,0.0
failed-only-recovery-10,30,matched,total,200,0.0013860587976560399,0.0015200402097032433,0.002452366675167461,0.002489295275438619
failed-only-recovery-10,31,analytic,estimation,200,0.001278393556480651,0.0016191343329923682,0.0030801781169100817,0.0031842197929456972
failed-only-recovery-10,31,analytic,operator,200,-0.0009941374591640548,0.05328505023389898,0.17795058137655795,0.24433651584130692
failed-only-recovery-10,31,analytic,total,200,0.0002842560973165961,0.053399236858346535,0.17761570761711654,0.24524822805160815
failed-only-recovery-10,31,matched,estimation,200,0.0013014284668662057,0.001616461024725368,0.0031641722117152216,0.0032357070143197997
failed-only-recovery-10,31,matched,operator,200,0.0,0.0,0.0,0.0
failed-only-recovery-10,31,matched,total,200,0.0013014284668662057,0.001616461024725368,0.0031641722117152216,0.0032357070143197997
failed-only-recovery-10,32,analytic,estimation,200,0.003339459548450657,0.0036298051304309064,0.005613847142043216,0.0056313960712621736
failed-only-recovery-10,32,analytic,operator,200,-0.0016618694545160798,0.054084728450513556,0.2051143081233568,0.27283570525728784
failed-only-recovery-10,32,analytic,total,200,0.0016775900939345779,0.05419721275809553,0.20064113771960035,0.2754730634268693
failed-only-recovery-10,32,matched,estimation,200,0.00333929959707423,0.003635654060214451,0.005660992191979061,0.005725083046185631
failed-only-recovery-10,32,matched,operator,200,0.0,0.0,0.0,0.0
failed-only-recovery-10,32,matched,total,200,0.00333929959707423,0.003635654060214451,0.005660992191979061,0.005725083046185631
failed-only-recovery-10,33,analytic,estimation,200,-0.004149261159352708,0.004319419121239071,0.006190559249561578,0.006370981909558093
failed-only-recovery-10,33,analytic,operator,200,0.0012437503717093984,0.04377219583168213,0.1717485817943572,0.23560040057712628
failed-only-recovery-10,33,analytic,total,200,-0.002905510787643309,0.043808503373943104,0.1745695482289924,0.22966683494504841
failed-only-recovery-10,33,matched,estimation,200,-0.004147664952139921,0.004315943988655192,0.006199409230741838,0.006300934567380158
failed-only-recovery-10,33,matched,operator,200,0.0,0.0,0.0,0.0
failed-only-recovery-10,33,matched,total,200,-0.004147664952139921,0.004315943988655192,0.006199409230741838,0.006300934567380158
failed-only-recovery-10,34,analytic,estimation,200,0.0025238835351484258,0.0027953786961948533,0.00455619819092512,0.004614919664552408
failed-only-recovery-10,34,analytic,operator,200,-0.0007080176173343726,0.020318086783185557,0.10239912266312545,0.12836780959897565
failed-only-recovery-10,34,analytic,total,200,0.001815865917814053,0.020417650263839456,0.10555159012048548,0.13078489210678323
failed-only-recovery-10,34,matched,estimation,200,0.0025238518206482812,0.0027875344140565494,0.004548549935345814,0.004614474020527171
failed-only-recovery-10,34,matched,operator,200,0.0,0.0,0.0,0.0
failed-only-recovery-10,34,matched,total,200,0.0025238518206482812,0.0027875344140565494,0.004548549935345814,0.004614474020527171
failed-only-recovery-10,35,analytic,estimation,200,-0.001885902111988791,0.0020874461774052387,0.003841642444214144,0.003938375247249604
failed-only-recovery-10,35,analytic,operator,200,-0.007814982862601101,0.052058531994864966,0.20339267982294712,0.27141922121099693
failed-only-recovery-10,35,analytic,total,200,-0.009700884974589893,0.05260645614826149,0.2064997423518911,0.2745943948595768
failed-only-recovery-10,35,matched,estimation,200,-0.0018301364683183355,0.0020222004498606483,0.0036659369613134124,0.003900741123661025
failed-only-recovery-10,35,matched,operator,200,0.0,0.0,0.0,0.0
failed-only-recovery-10,35,matched,total,200,-0.0018301364683183355,0.0020222004498606483,0.0036659369613134124,0.003900741123661025
failed-only-recovery-10,36,analytic,estimation,200,0.0005821152645389877,0.0009332501617173716,0.0022661489357309605,0.0025196463557576876
failed-only-recovery-10,36,analytic,operator,200,-0.0041134775382526715,0.024947034657272108,0.08495746438053192,0.1897672773834368
failed-only-recovery-10,36,analytic,total,200,-0.0035313622737136842,0.02477141773090261,0.08377895211742675,0.19016783901919143
failed-only-recovery-10,36,matched,estimation,200,0.0005487168305226803,0.0008997727402382973,0.002315849608524767,0.0026454075321830084
failed-only-recovery-10,36,matched,operator,200,0.0,0.0,0.0,0.0
failed-only-recovery-10,36,matched,total,200,0.0005487168305226803,0.0008997727402382973,0.002315849608524767,0.0026454075321830084
failed-only-recovery-10,37,analytic,estimation,200,-5.8392138100202605e-05,0.0003450467203568249,0.0009582398499153599,0.0011923468171057272
failed-only-recovery-10,37,analytic,operator,200,-0.0008763945395328281,0.016816713301523234,0.06041627288826812,0.09762455210394638
failed-only-recovery-10,37,analytic,total,200,-0.0009347866776330306,0.016813996012629055,0.06091073081329623,0.09810877887570552
failed-only-recovery-10,37,matched,estimation,200,-5.731310923003047e-05,0.0003357899706887872,0.001025829110217119,0.0012513967865789843
failed-only-recovery-10,37,matched,operator,200,0.0,0.0,0.0,0.0
failed-only-recovery-10,37,matched,total,200,-5.731310923003047e-05,0.0003357899706887872,0.001025829110217119,0.0012513967865789843
failed-only-recovery-10,38,analytic,estimation,200,-0.0002073029143968547,0.00039775956558791117,0.001246471058829357,0.0013662878332363348
failed-only-recovery-10,38,analytic,operator,200,-0.0013496868166818926,0.021028526548693225,0.065812704329093,0.24055759111846683
failed-only-recovery-10,38,analytic,total,200,-0.0015569897310787476,0.021050747869249212,0.06542184208928767,0.24129737669851006
failed-only-recovery-10,38,matched,estimation,200,-0.00020208131254489017,0.00039267766508165064,0.0012392951390012286,0.00132815616079629
failed-only-recovery-10,38,matched,operator,200,0.0,0.0,0.0,0.0
failed-only-recovery-10,38,matched,total,200,-0.00020208131254489017,0.00039267766508165064,0.0012392951390012286,0.00132815616079629
failed-only-recovery-10,39,analytic,estimation,200,-0.00020752308922999485,0.00026506000158243304,0.0006001783945976946,0.0006148741795986012
failed-only-recovery-10,39,analytic,operator,200,0.0009516764089461952,0.009190470090915658,0.040536334374545985,0.04864221008096095
failed-only-recovery-10,39,analytic,total,200,0.0007441533197162002,0.009183593017507334,0.040194930627351494,0.04866039225891303
failed-only-recovery-10,39,matched,estimation,200,-0.00021082124763552714,0.00026512297313323677,0.0005999732952259862,0.0006146708281806745
failed-only-recovery-10,39,matched,operator,200,0.0,0.0,0.0,0.0
failed-only-recovery-10,39,matched,total,200,-0.00021082124763552714,0.00026512297313323677,0.0005999732952259862,0.0006146708281806745
failed-only-recovery-10,40,analytic,estimation,200,0.00016357271555617807,0.00021031477999910826,0.0005872626541585935,0.0005876195854883637
failed-only-recovery-10,40,analytic,operator,200,0.00014536483912698083,0.008214547752136453,0.04521847432083869,0.0713476287460253
failed-only-recovery-10,40,analytic,total,200,0.0003089375546831589,0.008223787738524547,0.04500904473562307,0.07163185279787787
failed-only-recovery-10,40,matched,estimation,200,0.00016232958471831374,0.00020790643918255875,0.0005870569715499263,0.0006016649074049862
failed-only-recovery-10,40,matched,operator,200,0.0,0.0,0.0,0.0
failed-only-recovery-10,40,matched,total,200,0.00016232958471831374,0.00020790643918255875,0.0005870569715499263,0.0006016649074049862
failed-only-recovery-10,41,analytic,estimation,200,0.0006331625793862895,0.0011546839139192694,0.0026166650089745613,0.0027161700947535006
failed-only-recovery-10,41,analytic,operator,200,0.003752555628152921,0.05173806362625335,0.18290157260365744,0.2523315993015669
failed-only-recovery-10,41,analytic,total,200,0.00438571820753921,0.05187964659301631,0.18382092366052075,0.25369927003803805
failed-only-recovery-10,41,matched,estimation,200,0.000610934083597766,0.0011188729094451435,0.0025569741525130474,0.0027688217347261457
failed-only-recovery-10,41,matched,operator,200,0.0,0.0,0.0,0.0
failed-only-recovery-10,41,matched,total,200,0.000610934083597766,0.0011188729094451435,0.0025569741525130474,0.0027688217347261457
failed-only-recovery-10,42,analytic,estimation,200,0.0003949600746059355,0.0010616081040081167,0.0024224141768648677,0.002480644983372471
failed-only-recovery-10,42,analytic,operator,200,0.002737704513438361,0.07570444454983727,0.2508942611089311,0.3097262025309949
failed-only-recovery-10,42,analytic,total,200,0.0031326645880442967,0.07588253310242825,0.2508679476704563,0.31077315563886854
failed-only-recovery-10,42,matched,estimation,200,0.00037631334656060516,0.001021733142698228,0.0020603569415327816,0.0024035522203631893
failed-only-recovery-10,42,matched,operator,200,0.0,0.0,0.0,0.0
failed-only-recovery-10,42,matched,total,200,0.00037631334656060516,0.001021733142698228,0.0020603569415327816,0.0024035522203631893
failed-only-recovery-10,43,analytic,estimation,200,-0.0014751790910727564,0.0018697753605251485,0.0041584556661304894,0.004532215422508035
failed-only-recovery-10,43,analytic,operator,200,-0.0023907887702107468,0.04658781522720324,0.18908160516796452,0.24704862169916875
failed-only-recovery-10,43,analytic,total,200,-0.003865967861283503,0.04673547472302567,0.19172356697117082,0.24640312812906284
failed-only-recovery-10,43,matched,estimation,200,-0.0014683405408339764,0.0018593267505704761,0.004130005503760414,0.0045500632158517185
failed-only-recovery-10,43,matched,operator,200,0.0,0.0,0.0,0.0
failed-only-recovery-10,43,matched,total,200,-0.0014683405408339764,0.0018593267505704761,0.004130005503760414,0.0045500632158517185
failed-only-recovery-10,44,analytic,estimation,200,-0.0006303419711984111,0.0011995779765861774,0.00474254539097585,0.004877011971252565
failed-only-recovery-10,44,analytic,operator,200,0.0028993964562542885,0.04577066558587841,0.15435807181066336,0.18058825816408547
failed-only-recovery-10,44,analytic,total,200,0.002269054485055877,0.045902760607917516,0.15923508378191592,0.18533080355506132
failed-only-recovery-10,44,matched,estimation,200,-0.0006286498045771688,0.0011675598752927676,0.004625507634135162,0.004910443789996832
failed-only-recovery-10,44,matched,operator,200,0.0,0.0,0.0,0.0
failed-only-recovery-10,44,matched,total,200,-0.0006286498045771688,0.0011675598752927676,0.004625507634135162,0.004910443789996832
failed-only-recovery-10,45,analytic,estimation,200,0.00022929949975448712,0.0006434114450901313,0.0016245571363862898,0.001651106307790945
failed-only-recovery-10,45,analytic,operator,200,-0.004568573343897636,0.05705733280374616,0.21532615186563855,0.2842587667742223
failed-only-recovery-10,45,analytic,total,200,-0.004339273844143149,0.05714142783871729,0.21514205353276236,0.28420457786707526
failed-only-recovery-10,45,matched,estimation,200,0.00023646193796925043,0.0006417097518947076,0.0016174457002710793,0.0016823806585565051
failed-only-recovery-10,45,matched,operator,200,0.0,0.0,0.0,0.0
failed-only-recovery-10,45,matched,total,200,0.00023646193796925043,0.0006417097518947076,0.0016174457002710793,0.0016823806585565051
failed-only-recovery-10,46,analytic,estimation,200,-0.00234192458091929,0.002410027530234809,0.0030688492317553218,0.003446986705956223
failed-only-recovery-10,46,analytic,operator,200,0.0015214423866931508,0.027126828981569123,0.13848119702267203,0.18677898687208772
failed-only-recovery-10,46,analytic,total,200,-0.0008204821942261395,0.027114932880689873,0.14079870481614004,0.18515171439193923
failed-only-recovery-10,46,matched,estimation,200,-0.0023381267725702203,0.002404290777069135,0.003069155664448764,0.0033982892294383005
failed-only-recovery-10,46,matched,operator,200,0.0,0.0,0.0,0.0
failed-only-recovery-10,46,matched,total,200,-0.0023381267725702203,0.002404290777069135,0.003069155664448764,0.0033982892294383005
failed-only-recovery-10,47,analytic,estimation,200,0.0006722262584379155,0.0008561729845110607,0.00238606871243241,0.002416739858371819
failed-only-recovery-10,47,analytic,operator,200,0.0007109175228794582,0.04325021594942511,0.2185899969183644,0.2809220150136617
failed-only-recovery-10,47,analytic,total,200,0.0013831437813173735,0.04332692481625365,0.21956259704990883,0.2823009105768935
failed-only-recovery-10,47,matched,estimation,200,0.0006759256778749606,0.000858560039919657,0.002382818949657639,0.002551912818716806
failed-only-recovery-10,47,matched,operator,200,0.0,0.0,0.0,0.0
failed-only-recovery-10,47,matched,total,200,0.0006759256778749606,0.000858560039919657,0.002382818949657639,0.002551912818716806
failed-only-recovery-10,48,analytic,estimation,200,0.0008719831295620272,0.0009768227350693975,0.001843152365780254,0.0018600116326601412
failed-only-recovery-10,48,analytic,operator,200,-0.0031934713359301706,0.03216962010125844,0.1731214539644393,0.19365338182051633
failed-only-recovery-10,48,analytic,total,200,-0.002321488206368144,0.032172001551085655,0.1731214539644393,0.19479656645574484
failed-only-recovery-10,48,matched,estimation,200,0.0008800439880586135,0.0009792726169668658,0.001843498869375848,0.0018594507838529672
failed-only-recovery-10,48,matched,operator,200,0.0,0.0,0.0,0.0
failed-only-recovery-10,48,matched,total,200,0.0008800439880586135,0.0009792726169668658,0.001843498869375848,0.0018594507838529672
failed-only-recovery-10,49,analytic,estimation,200,0.0015064797282068243,0.001829731928958209,0.003424384382946899,0.003500582125582463
failed-only-recovery-10,49,analytic,operator,200,7.183575672132699e-05,0.054908855465449255,0.18680662609022175,0.19461915241847366
failed-only-recovery-10,49,analytic,total,200,0.001578315484928151,0.05489529402128852,0.18723830208085815,0.19502882351782755
failed-only-recovery-10,49,matched,estimation,200,0.0015062441320386243,0.0018322974594079063,0.003412899585618079,0.0034230351175612572
failed-only-recovery-10,49,matched,operator,200,0.0,0.0,0.0,0.0
failed-only-recovery-10,49,matched,total,200,0.0015062441320386243,0.0018322974594079063,0.003412899585618079,0.0034230351175612572
failed-only-recovery-10,50,analytic,estimation,200,-0.001237814046344628,0.0013949776552152973,0.0023560487225421367,0.0024636594746216822
failed-only-recovery-10,50,analytic,operator,200,-0.0015935478179512847,0.057627951532299354,0.17887624340031577,0.32281228594816513
failed-only-recovery-10,50,analytic,total,200,-0.0028313618642959127,0.05768426281821124,0.1802183588286339,0.3242489149369395
failed-only-recovery-10,50,matched,estimation,200,-0.0012362902686660613,0.0013959977367755817,0.0023219847198880372,0.002510344683128718
failed-only-recovery-10,50,matched,operator,200,0.0,0.0,0.0,0.0
failed-only-recovery-10,50,matched,total,200,-0.0012362902686660613,0.0013959977367755817,0.0023219847198880372,0.002510344683128718
failed-only-recovery-10,51,analytic,estimation,200,-0.00041733575332582995,0.0008418607017946007,0.00222035510029181,0.0033476883603499874
failed-only-recovery-10,51,analytic,operator,200,0.0023452242629926315,0.05000060434917729,0.1999095438924947,0.2494679664871189
failed-only-recovery-10,51,analytic,total,200,0.0019278885096668014,0.05005015377162049,0.19993184039172907,0.24860508886749466
failed-only-recovery-10,51,matched,estimation,200,-0.0004146309810131909,0.0008381518642260439,0.0024116103427797853,0.0025121886600310006
failed-only-recovery-10,51,matched,operator,200,0.0,0.0,0.0,0.0
failed-only-recovery-10,51,matched,total,200,-0.0004146309810131909,0.0008381518642260439,0.0024116103427797853,0.0025121886600310006
failed-only-recovery-10,52,analytic,estimation,200,0.0006711001724818966,0.0011703662487789017,0.004564903900261097,0.004776958814178056
failed-only-recovery-10,52,analytic,operator,200,-0.003466722777662798,0.03518895216121654,0.1270889512582827,0.18852272889903146
failed-only-recovery-10,52,analytic,total,200,-0.0027956226051809013,0.0352490719834905,0.1267824588371333,0.18887887451336888
failed-only-recovery-10,52,matched,estimation,200,0.0006850475639342285,0.001183809790425499,0.004725384873464966,0.004945068763350546
failed-only-recovery-10,52,matched,operator,200,0.0,0.0,0.0,0.0
failed-only-recovery-10,52,matched,total,200,0.0006850475639342285,0.001183809790425499,0.004725384873464966,0.004945068763350546
failed-only-recovery-10,53,analytic,estimation,200,0.00018149464620509148,0.001763187168330058,0.007696175634412716,0.008103727274384465
failed-only-recovery-10,53,analytic,operator,200,-0.010358311604646482,0.07373375667197234,0.26520140892068994,0.3044555180625509
failed-only-recovery-10,53,analytic,total,200,-0.01017681695844139,0.07372998392581627,0.2650892155005766,0.3044194452834965
failed-only-recovery-10,53,matched,estimation,200,0.00020037323341462614,0.001765947258336675,0.007684773427450775,0.008104231102610049
failed-only-recovery-10,53,matched,operator,200,0.0,0.0,0.0,0.0
failed-only-recovery-10,53,matched,total,200,0.00020037323341462614,0.001765947258336675,0.007684773427450775,0.008104231102610049
failed-only-recovery-10,54,analytic,estimation,200,0.0004666611206610294,0.0008461163027361778,0.002266599031955696,0.0024264535753799055
failed-only-recovery-10,54,analytic,operator,200,-0.002980386508109022,0.05500930915371019,0.22396757247072757,0.30965813517456536
failed-only-recovery-10,54,analytic,total,200,-0.0025137253874479926,0.05510509111102639,0.2237850663837075,0.31170638810358614
failed-only-recovery-10,54,matched,estimation,200,0.000477026895625987,0.0008454333007324476,0.0022280613865269805,0.002549490282975575
failed-only-recovery-10,54,matched,operator,200,0.0,0.0,0.0,0.0
failed-only-recovery-10,54,matched,total,200,0.000477026895625987,0.0008454333007324476,0.0022280613865269805,0.002549490282975575
failed-only-recovery-10,55,analytic,estimation,200,-0.0023646616809805407,0.0024288000156528584,0.004029403434580359,0.004268447943609033
failed-only-recovery-10,55,analytic,operator,200,-0.0033005965328359345,0.022033045380635045,0.06042153725636612,0.19593093239300396
failed-only-recovery-10,55,analytic,total,200,-0.005665258213816475,0.02251482399083217,0.06188930490161493,0.200199380336613
failed-only-recovery-10,55,matched,estimation,200,-0.002352030448212374,0.002416395673084461,0.003691880843229023,0.004335040106246191
failed-only-recovery-10,55,matched,operator,200,0.0,0.0,0.0,0.0
failed-only-recovery-10,55,matched,total,200,-0.002352030448212374,0.002416395673084461,0.003691880843229023,0.004335040106246191
failed-only-recovery-10,56,analytic,estimation,200,0.0015974569262972294,0.0016973078923853597,0.0027575252284379737,0.002802143041672367
failed-only-recovery-10,56,analytic,operator,200,0.0036692156488857186,0.03149085305245837,0.14391968482457734,0.23372889685995846
failed-only-recovery-10,56,analytic,total,200,0.005266672575182948,0.03172184618723555,0.14546866525420535,0.23563747015312514
failed-only-recovery-10,56,matched,estimation,200,0.0015858331315870772,0.0016890178295485088,0.0027568597846278076,0.0028022953603286105
failed-only-recovery-10,56,matched,operator,200,0.0,0.0,0.0,0.0
failed-only-recovery-10,56,matched,total,200,0.0015858331315870772,0.0016890178295485088,0.0027568597846278076,0.0028022953603286105
failed-only-recovery-10,57,analytic,estimation,200,0.0008494143636261705,0.0010857523795507501,0.002259052253880234,0.002397433847884045
failed-only-recovery-10,57,analytic,operator,200,0.0036668473479538975,0.03396628636676274,0.16369156227041182,0.18992560342290057
failed-only-recovery-10,57,analytic,total,200,0.004516261711580068,0.034216256798870484,0.16582406897216972,0.19206217581735194
failed-only-recovery-10,57,matched,estimation,200,0.0008315542229854496,0.0010620892132596023,0.002182942324337467,0.0023903843413444203
failed-only-recovery-10,57,matched,operator,200,0.0,0.0,0.0,0.0
failed-only-recovery-10,57,matched,total,200,0.0008315542229854496,0.0010620892132596023,0.002182942324337467,0.0023903843413444203
failed-only-recovery-10,58,analytic,estimation,200,0.0013918148112903336,0.0019926642096516193,0.004567504325170946,0.004620777583183022
failed-only-recovery-10,58,analytic,operator,200,-0.0027911279156639457,0.06089648027287295,0.19423539289463287,0.3483527896978236
failed-only-recovery-10,58,analytic,total,200,-0.001399313104373612,0.06127543420875489,0.1982451451750179,0.3488892912838986
failed-only-recovery-10,58,matched,estimation,200,0.0014123295051311757,0.0019348578200836582,0.004344178176419966,0.004735193775807556
failed-only-recovery-10,58,matched,operator,200,0.0,0.0,0.0,0.0
failed-only-recovery-10,58,matched,total,200,0.0014123295051311757,0.0019348578200836582,0.004344178176419966,0.004735193775807556
failed-only-recovery-10,59,analytic,estimation,200,0.00045363335862194827,0.0013565526273595693,0.0028925049433161237,0.002992905366745846
failed-only-recovery-10,59,analytic,operator,200,-0.007488343045208343,0.056687899814453616,0.21726226579610516,0.28866547957335664
failed-only-recovery-10,59,analytic,total,200,-0.007034709686586395,0.056736898086919035,0.2172432160542843,0.289233089172502
failed-only-recovery-10,59,matched,estimation,200,0.00048404443783930435,0.0013719633684848374,0.002909404390968956,0.002997600501074199
failed-only-recovery-10,59,matched,operator,200,0.0,0.0,0.0,0.0
failed-only-recovery-10,59,matched,total,200,0.00048404443783930435,0.0013719633684848374,0.002909404390968956,0.002997600501074199
failed-only-recovery-10,60,analytic,estimation,200,-0.005347161464523294,0.0055871588460946605,0.009652198341526086,0.009727830082887357
failed-only-recovery-10,60,analytic,operator,200,-0.0012246175419389754,0.04239460499219053,0.18640784987061992,0.20617293535707631
failed-only-recovery-10,60,analytic,total,200,-0.006571779006462271,0.04281305476484167,0.18370236681845264,0.21041782205002152
failed-only-recovery-10,60,matched,estimation,200,-0.0053357064992863,0.005576867516375491,0.009444500469438566,0.00982054695920409
failed-only-recovery-10,60,matched,operator,200,0.0,0.0,0.0,0.0
failed-only-recovery-10,60,matched,total,200,-0.0053357064992863,0.005576867516375491,0.009444500469438566,0.00982054695920409
failed-only-recovery-10,61,analytic,estimation,200,0.0025650729151543606,0.0029570132646820047,0.005386197085639477,0.005655714013098723
failed-only-recovery-10,61,analytic,operator,200,0.0008043199466524161,0.03367758810628925,0.14175468157158158,0.1755519874657134
failed-only-recovery-10,61,analytic,total,200,0.0033693928618067762,0.03414005286479518,0.13993689118966493,0.17978680899090985
failed-only-recovery-10,61,matched,estimation,200,0.0025620815761144594,0.0029386411833846465,0.005225893189174213,0.005864645673963609
failed-only-recovery-10,61,matched,operator,200,0.0,0.0,0.0,0.0
failed-only-recovery-10,61,matched,total,200,0.0025620815761144594,0.0029386411833846465,0.005225893189174213,0.005864645673963609
failed-only-recovery-10,62,analytic,estimation,200,0.001415161535098437,0.0019895877945695444,0.004223446316661994,0.004234629093079034
failed-only-recovery-10,62,analytic,operator,200,-0.0037581700393067964,0.05038107430513459,0.1722378250530197,0.19972626422471915
failed-only-recovery-10,62,analytic,total,200,-0.0023430085042083592,0.05066919351464193,0.17388717992179398,0.20216646171621114
failed-only-recovery-10,62,matched,estimation,200,0.0014235424425630356,0.0019433951758981655,0.004220427064974885,0.004447613459465816
failed-only-recovery-10,62,matched,operator,200,0.0,0.0,0.0,0.0
failed-only-recovery-10,62,matched,total,200,0.0014235424425630356,0.0019433951758981655,0.004220427064974885,0.004447613459465816
failed-only-recovery-10,63,analytic,estimation,200,0.0002235597169632908,0.0004734768903348007,0.0010193671588003272,0.0013996014318523597
failed-only-recovery-10,63,analytic,operator,200,-0.0004906985018901396,0.021089644263080222,0.07187830007569324,0.19575768235483337
failed-only-recovery-10,63,analytic,total,200,-0.0002671387849268488,0.02113383143673382,0.07217871894223164,0.19586998142711765
failed-only-recovery-10,63,matched,estimation,200,0.0002274479874647092,0.00046836210787857294,0.0010195715042210507,0.0016165013966510933
failed-only-recovery-10,63,matched,operator,200,0.0,0.0,0.0,0.0
failed-only-recovery-10,63,matched,total,200,0.0002274479874647092,0.00046836210787857294,0.0010195715042210507,0.0016165013966510933
failed-only-recovery-10,64,analytic,estimation,200,-0.00025207250985123837,0.00031933918192138906,0.0005734815050497943,0.0005768312752843507
failed-only-recovery-10,64,analytic,operator,200,0.0008573358526045661,0.01826703004234429,0.0686846231000103,0.09492943768291887
failed-only-recovery-10,64,analytic,total,200,0.0006052633427533278,0.018238478565745397,0.06876309091053187,0.09435737365975093
failed-only-recovery-10,64,matched,estimation,200,-0.000249313372438657,0.00031126461038686747,0.0005910183612416742,0.0005972129099574147
failed-only-recovery-10,64,matched,operator,200,0.0,0.0,0.0,0.0
failed-only-recovery-10,64,matched,total,200,-0.000249313372438657,0.00031126461038686747,0.0005910183612416742,0.0005972129099574147
failed-only-recovery-10,65,analytic,estimation,200,0.0006713513683774488,0.0007201121185968936,0.0009876074823491066,0.0009975371291140456
failed-only-recovery-10,65,analytic,operator,200,0.0012019390266043576,0.012854003963438955,0.04710187067454611,0.07873703461166315
failed-only-recovery-10,65,analytic,total,200,0.0018732903949818065,0.012876545052401357,0.04710187067454611,0.0787339021347222
failed-only-recovery-10,65,matched,estimation,200,0.0006729109123846846,0.0007199536944687679,0.0009875837583435132,0.000997411544130744
failed-only-recovery-10,65,matched,operator,200,0.0,0.0,0.0,0.0
failed-only-recovery-10,65,matched,total,200,0.0006729109123846846,0.0007199536944687679,0.0009875837583435132,0.000997411544130744
failed-only-recovery-10,66,analytic,estimation,200,-0.00020812569958100917,0.000271475163998311,0.00045542860717917577,0.00046044938626069176
failed-only-recovery-10,66,analytic,operator,200,-0.0003273496515895314,0.008832229142787546,0.03735628888777551,0.05134650133823768
failed-only-recovery-10,66,analytic,total,200,-0.0005354753511705406,0.008804228976859306,0.03743367152663163,0.05145300366988167
failed-only-recovery-10,66,matched,estimation,200,-0.00021002139788371321,0.0002695988954184812,0.000469104249066446,0.0004897460284925687
failed-only-recovery-10,66,matched,operator,200,0.0,0.0,0.0,0.0
failed-only-recovery-10,66,matched,total,200,-0.00021002139788371321,0.0002695988954184812,0.000469104249066446,0.0004897460284925687
failed-only-recovery-10,67,analytic,estimation,200,0.0047726627855777795,0.005125404548815476,0.007783439997166797,0.008044257345035666
failed-only-recovery-10,67,analytic,operator,200,0.006538994322968992,0.053241554781070136,0.18732534409738777,0.2207047150675914
failed-only-recovery-10,67,analytic,total,200,0.011311657108546772,0.0541586496812546,0.19315113602143053,0.22438023798784643
failed-only-recovery-10,67,matched,estimation,200,0.004768936529848089,0.005121544235931717,0.007614742384577267,0.007780852668416438
failed-only-recovery-10,67,matched,operator,200,0.0,0.0,0.0,0.0
failed-only-recovery-10,67,matched,total,200,0.004768936529848089,0.005121544235931717,0.007614742384577267,0.007780852668416438
failed-only-recovery-10,68,analytic,estimation,200,-0.002751028633463196,0.0030757426409626595,0.005153493024907307,0.005289561608417509
failed-only-recovery-10,68,analytic,operator,200,0.0037605690622248937,0.05598099209030501,0.21614449862167148,0.22628902250937488
failed-only-recovery-10,68,analytic,total,200,0.0010095404287616973,0.05611540792153579,0.21372303894281305,0.22502311241845874
failed-only-recovery-10,68,matched,estimation,200,-0.0027568009832042877,0.003069280291753812,0.005215081651620823,0.005238073397578424
failed-only-recovery-10,68,matched,operator,200,0.0,0.0,0.0,0.0
failed-only-recovery-10,68,matched,total,200,-0.0027568009832042877,0.003069280291753812,0.005215081651620823,0.005238073397578424
failed-only-recovery-10,69,analytic,estimation,200,-0.0020081081536344504,0.002575546860551551,0.005079268248324276,0.005471938277278543
failed-only-recovery-10,69,analytic,operator,200,-0.00034726965368750016,0.04274991128877518,0.1427797655769636,0.1665796725201839
failed-only-recovery-10,69,analytic,total,200,-0.0023553778073219507,0.042986013040425555,0.1415635223561984,0.16510987032958535
failed-only-recovery-10,69,matched,estimation,200,-0.0020373511549095225,0.0025907610554026556,0.00515194827185228,0.005491203788755339
failed-only-recovery-10,69,matched,operator,200,0.0,0.0,0.0,0.0
failed-only-recovery-10,69,matched,total,200,-0.0020373511549095225,0.0025907610554026556,0.00515194827185228,0.005491203788755339
failed-only-recovery-10,70,analytic,estimation,200,0.0005449758335905586,0.0010031372479302194,0.002204602108374809,0.0028060500968443147
failed-only-recovery-10,70,analytic,operator,200,0.0017928901452360952,0.05047927159874339,0.19703513860342386,0.23361532523453127
failed-only-recovery-10,70,analytic,total,200,0.0023378659788266536,0.05059321377244393,0.19758448008696033,0.2346460136979236
failed-only-recovery-10,70,matched,estimation,200,0.0005277059757258405,0.000978135286126873,0.0022797130759963924,0.0028048071240169836
failed-only-recovery-10,70,matched,operator,200,0.0,0.0,0.0,0.0
failed-only-recovery-10,70,matched,total,200,0.0005277059757258405,0.000978135286126873,0.0022797130759963924,0.0028048071240169836
failed-only-recovery-10,71,analytic,estimation,200,0.0010503854893092724,0.0015546476629897876,0.003488429537443244,0.0036468312054727947
failed-only-recovery-10,71,analytic,operator,200,0.002114505836699832,0.041776006307672565,0.14573127221181326,0.1986876150362551
failed-only-recovery-10,71,analytic,total,200,0.0031648913260091042,0.0419963024508888,0.1461278396511423,0.1987587254806778
failed-only-recovery-10,71,matched,estimation,200,0.0010769209098920995,0.0015563409717036058,0.003237794637578513,0.003927972046435135
failed-only-recovery-10,71,matched,operator,200,0.0,0.0,0.0,0.0
failed-only-recovery-10,71,matched,total,200,0.0010769209098920995,0.0015563409717036058,0.003237794637578513,0.003927972046435135
failed-only-recovery-10,72,analytic,estimation,200,-0.0006084362973675738,0.0009590027848445514,0.0031270125175120456,0.003432795879940373
failed-only-recovery-10,72,analytic,operator,200,-0.0009423099452529238,0.014709197899119378,0.07095023930807051,0.11297956965384831
failed-only-recovery-10,72,analytic,total,200,-0.0015507462426204977,0.014963857428039632,0.0743830351880109,0.11349130597646451
failed-only-recovery-10,72,matched,estimation,200,-0.0006014932023444876,0.0009358052613487073,0.0030134619238818966,0.0034494347130594044
failed-only-recovery-10,72,matched,operator,200,0.0,0.0,0.0,0.0
failed-only-recovery-10,72,matched,total,200,-0.0006014932023444876,0.0009358052613487073,0.0030134619238818966,0.0034494347130594044
failed-only-recovery-10,73,analytic,estimation,200,-0.0006593061828049423,0.0013221570282763164,0.003699771966105908,0.0037918577586799618
failed-only-recovery-10,73,analytic,operator,200,0.005283816143529454,0.05530805479421744,0.1948863133067651,0.28264557520227485
failed-only-recovery-10,73,analytic,total,200,0.004624509960724512,0.05539301029728457,0.1954615328089121,0.28195193709852867
failed-only-recovery-10,73,matched,estimation,200,-0.0006889838796418675,0.0013249204187809301,0.0037759277489656518,0.003955672938193017
failed-only-recovery-10,73,matched,operator,200,0.0,0.0,0.0,0.0
failed-only-recovery-10,73,matched,total,200,-0.0006889838796418675,0.0013249204187809301,0.0037759277489656518,0.003955672938193017
failed-only-recovery-10,74,analytic,estimation,200,0.0013437867210409193,0.0016247410358261561,0.0032048584385329093,0.0032278232328084022
failed-only-recovery-10,74,analytic,operator,200,-0.0011039071347161771,0.05903148607979478,0.19714395342665275,0.282584691278835
failed-only-recovery-10,74,analytic,total,200,0.0002398795863247426,0.05912417189082921,0.1983081718351906,0.2849140905733136
failed-only-recovery-10,74,matched,estimation,200,0.0013454492503395088,0.0016219967785416562,0.003228360794802043,0.003270900881948202
failed-only-recovery-10,74,matched,operator,200,0.0,0.0,0.0,0.0
failed-only-recovery-10,74,matched,total,200,0.0013454492503395088,0.0016219967785416562,0.003228360794802043,0.003270900881948202
failed-only-recovery-10,75,analytic,estimation,200,-0.0031626724343873066,0.0033327501532765054,0.004740115113700205,0.00519308328615542
failed-only-recovery-10,75,analytic,operator,200,-0.0018088804719443687,0.045249289149182206,0.19687373248654977,0.23159008658749353
failed-only-recovery-10,75,analytic,total,200,-0.004971552906331675,0.04554149222912323,0.19310132788511597,0.2342534304365062
failed-only-recovery-10,75,matched,estimation,200,-0.0031538380191994623,0.0033273114047630203,0.004737777355894424,0.005105384064367002
failed-only-recovery-10,75,matched,operator,200,0.0,0.0,0.0,0.0
failed-only-recovery-10,75,matched,total,200,-0.0031538380191994623,0.0033273114047630203,0.004737777355894424,0.005105384064367002
failed-only-recovery-10,76,analytic,estimation,200,0.0009969465959862778,0.0013184831378802197,0.0030425093238801715,0.003228128190946311
failed-only-recovery-10,76,analytic,operator,200,4.225008295192507e-06,0.038395984402188055,0.15687386828382693,0.20284568123009095
failed-only-recovery-10,76,analytic,total,200,0.0010011716042814703,0.03844956111027623,0.15909779469623203,0.20154858347712956
failed-only-recovery-10,76,matched,estimation,200,0.0010005395182636823,0.001319732519692521,0.003028628806463818,0.003237060026936689
failed-only-recovery-10,76,matched,operator,200,0.0,0.0,0.0,0.0
failed-only-recovery-10,76,matched,total,200,0.0010005395182636823,0.001319732519692521,0.003028628806463818,0.003237060026936689
failed-only-recovery-10,77,analytic,estimation,200,-0.0011208837887064656,0.001455218228268055,0.002863164184884859,0.0028807117049555186
failed-only-recovery-10,77,analytic,operator,200,-0.0025125707422447977,0.06520371081322777,0.23384454483282452,0.3368108238623277
failed-only-recovery-10,77,analytic,total,200,-0.003633454530951264,0.06549564320067226,0.23623269418541487,0.33919419721681315
failed-only-recovery-10,77,matched,estimation,200,-0.001123356772361109,0.001444604679238375,0.0028044303271550497,0.0028309443574096593
failed-only-recovery-10,77,matched,operator,200,0.0,0.0,0.0,0.0
failed-only-recovery-10,77,matched,total,200,-0.001123356772361109,0.001444604679238375,0.0028044303271550497,0.0028309443574096593
failed-only-recovery-10,78,analytic,estimation,200,5.738185921649875e-06,0.0005236735803446886,0.0013824101264234834,0.0014880711062669194
failed-only-recovery-10,78,analytic,operator,200,-0.0006346748355975487,0.035491315178189556,0.12766905613851,0.23561994995351065
failed-only-recovery-10,78,analytic,total,200,-0.0006289366496758989,0.03552120919305823,0.126749412889157,0.23523461502143816
failed-only-recovery-10,78,matched,estimation,200,8.757519433341303e-06,0.0005108759017842844,0.0013896232882915083,0.0015926273698254612
failed-only-recovery-10,78,matched,operator,200,0.0,0.0,0.0,0.0
failed-only-recovery-10,78,matched,total,200,8.757519433341303e-06,0.0005108759017842844,0.0013896232882915083,0.0015926273698254612
failed-only-recovery-10,79,analytic,estimation,200,0.0001475625345387122,0.0006141174632089611,0.001800852977463574,0.001805856173966891
failed-only-recovery-10,79,analytic,operator,200,-0.0029634192661335016,0.02808677389396817,0.13724425120392866,0.17566384724255774
failed-only-recovery-10,79,analytic,total,200,-0.00281585673159479,0.028115149353838187,0.13650220538172228,0.17644525787531695
failed-only-recovery-10,79,matched,estimation,200,0.00013929655672785378,0.000604799128967941,0.0018550563654662344,0.0019141941745532964
failed-only-recovery-10,79,matched,operator,200,0.0,0.0,0.0,0.0
failed-only-recovery-10,79,matched,total,200,0.00013929655672785378,0.000604799128967941,0.0018550563654662344,0.0019141941745532964
failed-only-recovery-10,80,analytic,estimation,200,0.0015730483730248732,0.0020266448879576004,0.0038648719877434345,0.004000271877198092
failed-only-recovery-10,80,analytic,operator,200,-0.0009394435801462075,0.04930178262031549,0.19296609417333388,0.21482581319042682
failed-only-recovery-10,80,analytic,total,200,0.0006336047928786658,0.04941622542517823,0.19664635231174,0.21398561158698004
failed-only-recovery-10,80,matched,estimation,200,0.0015575053203794756,0.0020067793047674966,0.003911360112156093,0.0041189872094858915
failed-only-recovery-10,80,matched,operator,200,0.0,0.0,0.0,0.0
failed-only-recovery-10,80,matched,total,200,0.0015575053203794756,0.0020067793047674966,0.003911360112156093,0.0041189872094858915
failed-only-recovery-10,81,analytic,estimation,200,0.0008325260271315411,0.0016884128266796846,0.0048044053687468224,0.005632822158422535
failed-only-recovery-10,81,analytic,operator,200,-0.004215146211943759,0.05205919533259471,0.16970095100400343,0.1907848907843666
failed-only-recovery-10,81,analytic,total,200,-0.003382620184812218,0.05210610156163738,0.1712274596330395,0.1892532999423554
failed-only-recovery-10,81,matched,estimation,200,0.0008559397438142105,0.0016922817016610363,0.004818881465675995,0.005556144782110195
failed-only-recovery-10,81,matched,operator,200,0.0,0.0,0.0,0.0
failed-only-recovery-10,81,matched,total,200,0.0008559397438142105,0.0016922817016610363,0.004818881465675995,0.005556144782110195
failed-only-recovery-10,82,analytic,estimation,200,-0.0002352573207749828,0.000915029167324856,0.002209150116031511,0.0026150599725411894
failed-only-recovery-10,82,analytic,operator,200,0.003575907626058212,0.05279573936403645,0.17309304603304454,0.20709277699551154
failed-only-recovery-10,82,analytic,total,200,0.0033406503052832294,0.05296560622481689,0.1749557631431028,0.20699044890347817
failed-only-recovery-10,82,matched,estimation,200,-0.0002470354275233697,0.0008823179640543522,0.0022351989176718767,0.0024350114039444204
failed-only-recovery-10,82,matched,operator,200,0.0,0.0,0.0,0.0
failed-only-recovery-10,82,matched,total,200,-0.0002470354275233697,0.0008823179640543522,0.0022351989176718767,0.0024350114039444204
failed-only-recovery-10,83,analytic,estimation,200,0.0005127861941726516,0.0009856030425463972,0.0028761317449439994,0.0028797662603002316
failed-only-recovery-10,83,analytic,operator,200,-0.0019165834848297483,0.03565349032830455,0.139384912168794,0.1809722779468128
failed-only-recovery-10,83,analytic,total,200,-0.0014037972906570967,0.03562234508390032,0.14224757362653695,0.18073438040734968
failed-only-recovery-10,83,matched,estimation,200,0.0005136693619621905,0.0009621407113480679,0.0027570412281925985,0.0027915016655656877
failed-only-recovery-10,83,matched,operator,200,0.0,0.0,0.0,0.0
failed-only-recovery-10,83,matched,total,200,0.0005136693619621905,0.0009621407113480679,0.0027570412281925985,0.0027915016655656877
failed-only-recovery-10,84,analytic,estimation,200,-0.0005663148076861363,0.0007610754108440826,0.001911503668088163,0.0019229329852675225
failed-only-recovery-10,84,analytic,operator,200,0.0008295573558259109,0.0474673778122086,0.16417863759585552,0.21209908256247534
failed-only-recovery-10,84,analytic,total,200,0.00026324254813977436,0.04756233949285034,0.16408059319537835,0.21312331662654577
failed-only-recovery-10,84,matched,estimation,200,-0.0005575934999119534,0.0007432854592181878,0.0019104753055670387,0.002013936336662109
failed-only-recovery-10,84,matched,operator,200,0.0,0.0,0.0,0.0
failed-only-recovery-10,84,matched,total,200,-0.0005575934999119534,0.0007432854592181878,0.0019104753055670387,0.002013936336662109
failed-only-recovery-10,85,analytic,estimation,200,0.0008268991620362698,0.0011355788357605536,0.002065877388593304,0.0021002593967082706
failed-only-recovery-10,85,analytic,operator,200,0.0005203987760336487,0.02646766157193932,0.10545721060089625,0.1710471379603137
failed-only-recovery-10,85,analytic,total,200,0.0013472979380699185,0.02661795867173257,0.10518217426940424,0.17314739735702198
failed-only-recovery-10,85,matched,estimation,200,0.0008272830451327073,0.0011257962175347039,0.0019367273969226328,0.0020991694118943985
failed-only-recovery-10,85,matched,operator,200,0.0,0.0,0.0,0.0
failed-only-recovery-10,85,matched,total,200,0.0008272830451327073,0.0011257962175347039,0.0019367273969226328,0.0020991694118943985
failed-only-recovery-10,86,analytic,estimation,200,-0.0010780434681069283,0.0012846452431952186,0.0021825306378207288,0.0021893117826939368
failed-only-recovery-10,86,analytic,operator,200,-0.0008090435011608098,0.027642776589378717,0.10355541005497765,0.1555520541291898
failed-only-recovery-10,86,analytic,total,200,-0.001887086969267738,0.02781132221440539,0.10573794069279838,0.1559850771015009
failed-only-recovery-10,86,matched,estimation,200,-0.0010787464807317938,0.0012718167304393703,0.0022052888311071828,0.0022696629653468914
failed-only-recovery-10,86,matched,operator,200,0.0,0.0,0.0,0.0
failed-only-recovery-10,86,matched,total,200,-0.0010787464807317938,0.0012718167304393703,0.0022052888311071828,0.0022696629653468914
failed-only-recovery-10,87,analytic,estimation,200,-0.0005332604242165969,0.0009858614696011854,0.0024553978703139023,0.002534903401040456
failed-only-recovery-10,87,analytic,operator,200,-0.004513509480172138,0.02483905214893116,0.096219579355598,0.16213427209847991
failed-only-recovery-10,87,analytic,total,200,-0.0050467699043887345,0.02500082891612076,0.09850798236062763,0.16254555274210158
failed-only-recovery-10,87,matched,estimation,200,-0.0005294807400812252,0.0009607230064896068,0.0024732411845147517,0.0026162934013016503
failed-only-recovery-10,87,matched,operator,200,0.0,0.0,0.0,0.0
failed-only-recovery-10,87,matched,total,200,-0.0005294807400812252,0.0009607230064896068,0.0024732411845147517,0.0026162934013016503
failed-only-recovery-10,88,analytic,estimation,200,0.0014328206897649758,0.0015353546758825832,0.0025108267874374424,0.0025973577350236476
failed-only-recovery-10,88,analytic,operator,200,0.0044819128686227954,0.03266570879697274,0.12684747388287165,0.1792087924183417
failed-only-recovery-10,88,analytic,total,200,0.005914733558387771,0.0330044519198662,0.12815318180065766,0.18138553544613412
failed-only-recovery-10,88,matched,estimation,200,0.0014225184078733705,0.001521861034029862,0.0024446914833871902,0.0024724341320603305
failed-only-recovery-10,88,matched,operator,200,0.0,0.0,0.0,0.0
failed-only-recovery-10,88,matched,total,200,0.0014225184078733705,0.001521861034029862,0.0024446914833871902,0.0024724341320603305
failed-only-recovery-10,89,analytic,estimation,200,0.0007716221873725089,0.000982098408630773,0.0019611129895262813,0.002193372760360024
failed-only-recovery-10,89,analytic,operator,200,0.00024157468457946475,0.026782930449864024,0.11755590653313785,0.15016924029821094
failed-only-recovery-10,89,analytic,total,200,0.0010131968719519738,0.026855829719399933,0.11633650408229412,0.150341569908301
failed-only-recovery-10,89,matched,estimation,200,0.0007737665084448156,0.0009756865357448564,0.0019106650137937775,0.002017120926592675
failed-only-recovery-10,89,matched,operator,200,0.0,0.0,0.0,0.0
failed-only-recovery-10,89,matched,total,200,0.0007737665084448156,0.0009756865357448564,0.0019106650137937775,0.002017120926592675
failed-only-recovery-10,90,analytic,estimation,200,-0.0025037862305576416,0.0025927765096573244,0.0047643001900006254,0.0053078643391559766
failed-only-recovery-10,90,analytic,operator,200,-0.0005076640609459388,0.017658695791967518,0.06419323259940501,0.1072735881903738
failed-only-recovery-10,90,analytic,total,200,-0.00301145029150358,0.017946902221223037,0.06096977258656189,0.10993640117917367
failed-only-recovery-10,90,matched,estimation,200,-0.0024921033458128773,0.0025811269470134065,0.004748024598439704,0.005157347652747335
failed-only-recovery-10,90,matched,operator,200,0.0,0.0,0.0,0.0
failed-only-recovery-10,90,matched,total,200,-0.0024921033458128773,0.0025811269470134065,0.004748024598439704,0.005157347652747335
failed-only-recovery-10,91,analytic,estimation,200,0.0005858802862169047,0.0007486950098241023,0.0015794324289726824,0.0016864828257663333
failed-only-recovery-10,91,analytic,operator,200,0.0003522387371465444,0.02154886541047435,0.09371432106006258,0.10081095052681452
failed-only-recovery-10,91,analytic,total,200,0.000938119023363449,0.021653574166261395,0.09448599771074365,0.10200896874583293
failed-only-recovery-10,91,matched,estimation,200,0.000587618404891155,0.0007432370030645456,0.0015905037459497118,0.0017196750855127951
failed-only-recovery-10,91,matched,operator,200,0.0,0.0,0.0,0.0
failed-only-recovery-10,91,matched,total,200,0.000587618404891155,0.0007432370030645456,0.0015905037459497118,0.0017196750855127951
failed-only-recovery-10,92,analytic,estimation,200,6.0385333800175094e-05,0.0011734436056959959,0.002591408181368604,0.0028514486385694537
failed-only-recovery-10,92,analytic,operator,200,0.0018786229892725783,0.06594372271663915,0.21051854693015698,0.334574391228646
failed-only-recovery-10,92,analytic,total,200,0.0019390083230727533,0.06622746440406771,0.21336999556872643,0.33630364644379723
failed-only-recovery-10,92,matched,estimation,200,5.076795362864311e-05,0.0011262604679513953,0.002451439563160074,0.002837758209843444
failed-only-recovery-10,92,matched,operator,200,0.0,0.0,0.0,0.0
failed-only-recovery-10,92,matched,total,200,5.076795362864311e-05,0.0011262604679513953,0.002451439563160074,0.002837758209843444
failed-only-recovery-10,93,analytic,estimation,200,0.0021612888626823933,0.0025146914183208414,0.004641266175988312,0.004722976405451829
failed-only-recovery-10,93,analytic,operator,200,0.008737235133701391,0.06214733193837705,0.19711212397223188,0.22404529595507397
failed-only-recovery-10,93,analytic,total,200,0.010898523996383785,0.06267174495914174,0.19945683245313683,0.22085061653035992
failed-only-recovery-10,93,matched,estimation,200,0.002157120650871551,0.0025034366312308744,0.004641096628513475,0.004722046580514783
failed-only-recovery-10,93,matched,operator,200,0.0,0.0,0.0,0.0
failed-only-recovery-10,93,matched,total,200,0.002157120650871551,0.0025034366312308744,0.004641096628513475,0.004722046580514783
failed-only-recovery-10,94,analytic,estimation,200,-0.002694383076789321,0.002834689332378649,0.003933133129901706,0.003970004229543911
failed-only-recovery-10,94,analytic,operator,200,-0.005789424106617278,0.045114546208218746,0.16848344505442275,0.19861417124369524
failed-only-recovery-10,94,analytic,total,200,-0.008483807183406598,0.045521333546263254,0.1649077111809476,0.19922622475263485
failed-only-recovery-10,94,matched,estimation,200,-0.00268574868464019,0.0028274277774396547,0.003933157128002282,0.0039696190052067315
failed-only-recovery-10,94,matched,operator,200,0.0,0.0,0.0,0.0
failed-only-recovery-10,94,matched,total,200,-0.00268574868464019,0.0028274277774396547,0.003933157128002282,0.0039696190052067315
failed-only-recovery-10,95,analytic,estimation,200,0.0010140905586983496,0.0012419816900698657,0.002171501955390398,0.0022014105936009054
failed-only-recovery-10,95,analytic,operator,200,-0.0005134980363428021,0.047102568958767445,0.1828701071762806,0.22594884985770508
failed-only-recovery-10,95,analytic,total,200,0.0005005925223555475,0.04717553806677165,0.181984489609054,0.22496754945198183
failed-only-recovery-10,95,matched,estimation,200,0.0010133625065550237,0.001229965390549655,0.002092139201548382,0.0022245729708325612
failed-only-recovery-10,95,matched,operator,200,0.0,0.0,0.0,0.0
failed-only-recovery-10,95,matched,total,200,0.0010133625065550237,0.001229965390549655,0.002092139201548382,0.0022245729708325612
failed-only-recovery-10,96,analytic,estimation,200,-0.0007953644081944124,0.0010442924525598907,0.002124099670613215,0.00214725676755171
failed-only-recovery-10,96,analytic,operator,200,-0.005704560910788169,0.04134103733417557,0.1520449550152998,0.23605591435536064
failed-only-recovery-10,96,analytic,total,200,-0.006499925318982581,0.04156619290526759,0.1520449550152998,0.23755033842305004
failed-only-recovery-10,96,matched,estimation,200,-0.0007602940988923204,0.001010673100099568,0.002138656711414888,0.0021520440766515797
failed-only-recovery-10,96,matched,operator,200,0.0,0.0,0.0,0.0
failed-only-recovery-10,96,matched,total,200,-0.0007602940988923204,0.001010673100099568,0.002138656711414888,0.0021520440766515797
failed-only-recovery-10,97,analytic,estimation,200,0.0007602044928957985,0.0010550413468997004,0.001946254116470092,0.00206038515767637
failed-only-recovery-10,97,analytic,operator,200,0.0018838735148767175,0.027036443215452767,0.10689361228403352,0.1488397884691135
failed-only-recovery-10,97,analytic,total,200,0.0026440780077725155,0.02708671801607595,0.10792803187524636,0.14878832789327373
failed-only-recovery-10,97,matched,estimation,200,0.0007564040442977918,0.0010581951699107106,0.0019536791201868464,0.0021434846851970946
failed-only-recovery-10,97,matched,operator,200,0.0,0.0,0.0,0.0
failed-only-recovery-10,97,matched,total,200,0.0007564040442977918,0.0010581951699107106,0.0019536791201868464,0.0021434846851970946
failed-only-recovery-10,98,analytic,estimation,200,-0.0003861526372119913,0.0006632668955672619,0.001834394029880726,0.0019861687626235858
failed-only-recovery-10,98,analytic,operator,200,0.00111039945819884,0.019509315541701575,0.09946113973189263,0.13638589736882228
failed-only-recovery-10,98,analytic,total,200,0.0007242468209868486,0.01955926006992589,0.09937114858590923,0.13770099933775004
failed-only-recovery-10,98,matched,estimation,200,-0.00038907626198676244,0.0006624496977940883,0.0018344612791618697,0.0020633935959447625
failed-only-recovery-10,98,matched,operator,200,0.0,0.0,0.0,0.0
failed-only-recovery-10,98,matched,total,200,-0.00038907626198676244,0.0006624496977940883,0.0018344612791618697,0.0020633935959447625
failed-only-recovery-10,99,analytic,estimation,200,-9.221309346884782e-05,0.0004177963440946403,0.000922327801009426,0.0009251067527551449
failed-only-recovery-10,99,analytic,operator,200,-0.0014477523205894014,0.023156577216626093,0.09363976172301558,0.12793252492381818
failed-only-recovery-10,99,analytic,total,200,-0.0015399654140582494,0.023238840762632332,0.09400351152421738,0.1281683720005223
failed-only-recovery-10,99,matched,estimation,200,-9.662592699094061e-05,0.0004145530657687259,0.0010072174062117356,0.0010344507310365292
failed-only-recovery-10,99,matched,operator,200,0.0,0.0,0.0,0.0
failed-only-recovery-10,99,matched,total,200,-9.662592699094061e-05,0.0004145530657687259,0.0010072174062117356,0.0010344507310365292
failed-only-recovery-10,100,analytic,estimation,200,9.935143876855235e-05,0.0003651735089973506,0.0008546982038879491,0.0010047737515966881
failed-only-recovery-10,100,analytic,operator,200,-0.002928015565256493,0.016595448113108736,0.06353820057008121,0.08127406019338772
failed-only-recovery-10,100,analytic,total,200,-0.002828664126487941,0.016619523636234538,0.06357076777053841,0.08142384742692008
failed-only-recovery-10,100,matched,estimation,200,0.00012006946252837967,0.00036383370948429844,0.0007510902821707965,0.0009356217948676693
failed-only-recovery-10,100,matched,operator,200,0.0,0.0,0.0,0.0
failed-only-recovery-10,100,matched,total,200,0.00012006946252837967,0.00036383370948429844,0.0007510902821707965,0.0009356217948676693
failed-only-recovery-10,101,analytic,estimation,200,-0.0004027565292498952,0.0005765702761828787,0.0012337004719169542,0.0013636218720333715
failed-only-recovery-10,101,analytic,operator,200,-0.0008988948584345706,0.01651753990595597,0.06251876703106699,0.07905383573946428
failed-only-recovery-10,101,analytic,total,200,-0.0013016513876844657,0.01647954412857031,0.06294342985053106,0.07899820782590272
failed-only-recovery-10,101,matched,estimation,200,-0.0003981281674663278,0.0005680978435039219,0.0012443646542487086,0.0013684317112105937
failed-only-recovery-10,101,matched,operator,200,0.0,0.0,0.0,0.0
failed-only-recovery-10,101,matched,total,200,-0.0003981281674663278,0.0005680978435039219,0.0012443646542487086,0.0013684317112105937
failed-only-recovery-10,102,analytic,estimation,200,-0.0006422247751073155,0.0008345444461652994,0.001628729635074988,0.001993875624300312
failed-only-recovery-10,102,analytic,operator,200,-0.0021086717615996357,0.01867957097711973,0.07762486848495011,0.08915320786762893
failed-only-recovery-10,102,analytic,total,200,-0.002750896536706951,0.0187347727473764,0.07817480927737652,0.0876665208214733
failed-only-recovery-10,102,matched,estimation,200,-0.0006331369422200627,0.0008178762956673249,0.0015939856304876265,0.0017666615514603246
failed-only-recovery-10,102,matched,operator,200,0.0,0.0,0.0,0.0
failed-only-recovery-10,102,matched,total,200,-0.0006331369422200627,0.0008178762956673249,0.0015939856304876265,0.0017666615514603246
failed-only-recovery-10,103,analytic,estimation,200,0.0012205606706461342,0.0012907936328726338,0.0018985628936539212,0.002021998060926261
failed-only-recovery-10,103,analytic,operator,200,-0.0016012197903272447,0.015203905742828224,0.055409158662210425,0.07044312331770955
failed-only-recovery-10,103,analytic,total,200,-0.00038065911968111017,0.015178798273401637,0.054276034284889474,0.06933277703338515
failed-only-recovery-10,103,matched,estimation,200,0.001219189280025851,0.001287421989458979,0.0018582053357520667,0.0019487842217707912
failed-only-recovery-10,103,matched,operator,200,0.0,0.0,0.0,0.0
failed-only-recovery-10,103,matched,total,200,0.001219189280025851,0.001287421989458979,0.0018582053357520667,0.0019487842217707912
failed-only-recovery-10,104,analytic,estimation,200,0.0015115463287691526,0.0016149772694417574,0.0031348485720387176,0.0031664942303530896
failed-only-recovery-10,104,analytic,operator,200,0.00012453197339162375,0.01317629216539582,0.051584420858776014,0.09204472622856019
failed-only-recovery-10,104,analytic,total,200,0.0016360783021607767,0.013242122662610363,0.05377873294414484,0.090068948728978
failed-only-recovery-10,104,matched,estimation,200,0.0015140066696191984,0.0016161127661609971,0.003182729034160281,0.0032126212667085152
failed-only-recovery-10,104,matched,operator,200,0.0,0.0,0.0,0.0
failed-only-recovery-10,104,matched,total,200,0.0015140066696191984,0.0016161127661609971,0.003182729034160281,0.0032126212667085152
failed-only-recovery-10,105,analytic,estimation,200,-0.0017803153470861731,0.0018707942727079524,0.002590116279535204,0.002613428168062648
failed-only-recovery-10,105,analytic,operator,200,0.0011692545835332616,0.014909730041853888,0.05622013117169375,0.08080834710112092
failed-only-recovery-10,105,analytic,total,200,-0.0006110607635529115,0.014866097747756532,0.05531796727231858,0.07854550302183255
failed-only-recovery-10,105,matched,estimation,200,-0.001780218222884223,0.001869567637849223,0.0025770467712643574,0.002610921355365281
failed-only-recovery-10,105,matched,operator,200,0.0,0.0,0.0,0.0
failed-only-recovery-10,105,matched,total,200,-0.001780218222884223,0.001869567637849223,0.0025770467712643574,0.002610921355365281
failed-only-recovery-10,106,analytic,estimation,200,0.0021962233110914943,0.0025183026827660317,0.004396032983576159,0.004494313523943028
failed-only-recovery-10,106,analytic,operator,200,-0.003800304302417965,0.0716619814967329,0.2808312303641689,0.36390425798069037
failed-only-recovery-10,106,analytic,total,200,-0.0016040809913264711,0.0718262656037203,0.28057170990995284,0.36371092483876244
failed-only-recovery-10,106,matched,estimation,200,0.0021901919601132022,0.002502542057034481,0.004234963569438532,0.004534852669313416
failed-only-recovery-10,106,matched,operator,200,0.0,0.0,0.0,0.0
failed-only-recovery-10,106,matched,total,200,0.0021901919601132022,0.002502542057034481,0.004234963569438532,0.004534852669313416
failed-only-recovery-10,107,analytic,estimation,200,-0.00019317388716208695,0.0008471609396094054,0.001986535159979319,0.0020748714371702226
failed-only-recovery-10,107,analytic,operator,200,-0.006008350419259246,0.0631289155711387,0.21811248526653162,0.26073298233665343
failed-only-recovery-10,107,analytic,total,200,-0.0062015243064213335,0.06330564032978926,0.218258563416224,0.26119400740049264
failed-only-recovery-10,107,matched,estimation,200,-0.00019754847492390104,0.0008398378398502951,0.0019822337166576776,0.002159038346576214
failed-only-recovery-10,107,matched,operator,200,0.0,0.0,0.0,0.0
failed-only-recovery-10,107,matched,total,200,-0.00019754847492390104,0.0008398378398502951,0.0019822337166576776,0.002159038346576214
failed-only-recovery-10,108,analytic,estimation,200,-0.00042105858584671834,0.000943949041174636,0.001686196986778521,0.0016894831116875952
failed-only-recovery-10,108,analytic,operator,200,-0.005418711720591774,0.04383206856501496,0.15603152167810086,0.20439481344699537
failed-only-recovery-10,108,analytic,total,200,-0.005839770306438493,0.04393041482622344,0.15731161633666757,0.20448991900742317
failed-only-recovery-10,108,matched,estimation,200,-0.0004148666723282374,0.0009476926599786841,0.0017136092102876255,0.0021066610595121826
failed-only-recovery-10,108,matched,operator,200,0.0,0.0,0.0,0.0
failed-only-recovery-10,108,matched,total,200,-0.0004148666723282374,0.0009476926599786841,0.0017136092102876255,0.0021066610595121826
failed-only-recovery-10,109,analytic,estimation,200,0.00021892457872722885,0.0008872320688531557,0.0020272128800318256,0.002241202976601575
failed-only-recovery-10,109,analytic,operator,200,-0.0020957926620754457,0.04034836432257116,0.1294898348131306,0.18999208801005377
failed-only-recovery-10,109,analytic,total,200,-0.001876868083348217,0.040458641395924054,0.1283348221279928,0.19024820704409676
failed-only-recovery-10,109,matched,estimation,200,0.00022279244167428398,0.0008838849411134274,0.002050833501560767,0.0020666359307605076
failed-only-recovery-10,109,matched,operator,200,0.0,0.0,0.0,0.0
failed-only-recovery-10,109,matched,total,200,0.00022279244167428398,0.0008838849411134274,0.002050833501560767,0.0020666359307605076
failed-only-recovery-10,110,analytic,estimation,200,-0.0003405320200270781,0.0009585245408553679,0.0035705671628676328,0.0036720477157712317
failed-only-recovery-10,110,analytic,operator,200,0.001036355302322718,0.06452549306703775,0.20952047126372542,0.2322738887273434
failed-only-recovery-10,110,analytic,total,200,0.0006958232822956398,0.06471614056957517,0.2093100177539472,0.2322175075903648
failed-only-recovery-10,110,matched,estimation,200,-0.00032609264485568496,0.000924548400853901,0.003213620201929057,0.0038393361096442646
failed-only-recovery-10,110,matched,operator,200,0.0,0.0,0.0,0.0
failed-only-recovery-10,110,matched,total,200,-0.00032609264485568496,0.000924548400853901,0.003213620201929057,0.0038393361096442646
failed-only-recovery-10,111,analytic,estimation,200,0.0007885877705860109,0.0010132167626972282,0.0016666926325514253,0.0016902333990645446
failed-only-recovery-10,111,analytic,operator,200,0.0011495406674104994,0.0341213092412575,0.17273666305279056,0.23694234860422614
failed-only-recovery-10,111,analytic,total,200,0.0019381284379965103,0.03423314637532529,0.17374005197765818,0.23695645556009337
failed-only-recovery-10,111,matched,estimation,200,0.0007874920933227545,0.001009476130879279,0.0016665880857864024,0.0016899151590980335
failed-only-recovery-10,111,matched,operator,200,0.0,0.0,0.0,0.0
failed-only-recovery-10,111,matched,total,200,0.0007874920933227545,0.001009476130879279,0.0016665880857864024,0.0016899151590980335
failed-only-recovery-10,112,analytic,estimation,200,0.00026457156395806537,0.00048419244291473585,0.0017776760063261676,0.0023435013456989395
failed-only-recovery-10,112,analytic,operator,200,0.0009314260981470742,0.0319954145356774,0.17043799209280755,0.23359075232012189
failed-only-recovery-10,112,analytic,total,200,0.0011959976621051395,0.03201552329063925,0.1703255045026907,0.23345197639735832
failed-only-recovery-10,112,matched,estimation,200,0.0002699145035941825,0.0004859670722450909,0.0017564253547439623,0.0021727150779873305
failed-only-recovery-10,112,matched,operator,200,0.0,0.0,0.0,0.0
failed-only-recovery-10,112,matched,total,200,0.0002699145035941825,0.0004859670722450909,0.0017564253547439623,0.0021727150779873305
failed-only-recovery-10,113,analytic,estimation,200,-0.0005581903275116445,0.0007111043583547257,0.0015618521273403907,0.0015939377080247397
failed-only-recovery-10,113,analytic,operator,200,0.0016711699808730578,0.02930072425534203,0.1133868826642242,0.21963755555884432
failed-only-recovery-10,113,analytic,total,200,0.0011129796533614134,0.02931155741897559,0.11322731497233951,0.2198624079352133
failed-only-recovery-10,113,matched,estimation,200,-0.000559528400600806,0.0007098078177338703,0.0015617794211801872,0.001593828310739287
failed-only-recovery-10,113,matched,operator,200,0.0,0.0,0.0,0.0
failed-only-recovery-10,113,matched,total,200,-0.000559528400600806,0.0007098078177338703,0.0015617794211801872,0.001593828310739287
failed-only-recovery-10,114,analytic,estimation,200,0.0004031530372044063,0.00090955333343931,0.0022862515740172396,0.002356387249711822
failed-only-recovery-10,114,analytic,operator,200,-0.008101069023312854,0.05345058018357496,0.16127810839236026,0.173371171661318
failed-only-recovery-10,114,analytic,total,200,-0.007697915986108447,0.0533825886462856,0.15987054461214825,0.17449825554245024
failed-only-recovery-10,114,matched,estimation,200,0.00041824668581258656,0.0009144596163544763,0.0022677124855792208,0.002337759423714836
failed-only-recovery-10,114,matched,operator,200,0.0,0.0,0.0,0.0
failed-only-recovery-10,114,matched,total,200,0.00041824668581258656,0.0009144596163544763,0.0022677124855792208,0.002337759423714836
failed-only-recovery-10,115,analytic,estimation,200,0.00024040383750892783,0.0006229742549128016,0.001291095254542185,0.0013118871648613029
failed-only-recovery-10,115,analytic,operator,200,-0.000226766532757307,0.053914158925272064,0.18271672997061417,0.25224306884954256
failed-only-recovery-10,115,analytic,total,200,1.3637304751620854e-05,0.05401095690577655,0.18296569783695094,0.2532621764403306
failed-only-recovery-10,115,matched,estimation,200,0.00024329861098938067,0.0005975248313989225,0.0012966077379414354,0.0013121890964509775
failed-only-recovery-10,115,matched,operator,200,0.0,0.0,0.0,0.0
failed-only-recovery-10,115,matched,total,200,0.00024329861098938067,0.0005975248313989225,0.0012966077379414354,0.0013121890964509775
failed-only-recovery-10,116,analytic,estimation,200,-0.0013259191416545137,0.0015256639120167703,0.0036164193290320057,0.003719302409285641
failed-only-recovery-10,116,analytic,operator,200,-0.0043318426398668555,0.04810455150758675,0.20191517705724038,0.2369250746740031
failed-only-recovery-10,116,analytic,total,200,-0.005657761781521369,0.0482939299503486,0.20050052931889928,0.2405414940030351
failed-only-recovery-10,116,matched,estimation,200,-0.0013157438434297944,0.001513451718039752,0.0035343718268310287,0.0036761639142891545
failed-only-recovery-10,116,matched,operator,200,0.0,0.0,0.0,0.0
failed-only-recovery-10,116,matched,total,200,-0.0013157438434297944,0.001513451718039752,0.0035343718268310287,0.0036761639142891545
failed-only-recovery-10,117,analytic,estimation,200,0.0008038429170116205,0.0015680250519952157,0.003639679226544068,0.0039843173201643545
failed-only-recovery-10,117,analytic,operator,200,0.0003680748567034304,0.03042395106251848,0.11773049558048976,0.13276981739839958
failed-only-recovery-10,117,analytic,total,200,0.001171917773715051,0.030583905405403736,0.1183479989074801,0.13330616204758575
failed-only-recovery-10,117,matched,estimation,200,0.0008076378605729224,0.0015633537699299394,0.003638486528966478,0.003979217653679701
failed-only-recovery-10,117,matched,operator,200,0.0,0.0,0.0,0.0
failed-only-recovery-10,117,matched,total,200,0.0008076378605729224,0.0015633537699299394,0.003638486528966478,0.003979217653679701
failed-only-recovery-10,118,analytic,estimation,200,0.0008314400188707485,0.0012083597978448846,0.0024643069166803144,0.0026522989437494093
failed-only-recovery-10,118,analytic,operator,200,0.0012183219550235644,0.05425107035864602,0.17683167048649628,0.2612586660167685
failed-only-recovery-10,118,analytic,total,200,0.002049761973894313,0.0544020389247187,0.17806730155427775,0.26073164484994776
failed-only-recovery-10,118,matched,estimation,200,0.0008182773656432156,0.0012004344875389302,0.0025209751957857574,0.0026826492389393497
failed-only-recovery-10,118,matched,operator,200,0.0,0.0,0.0,0.0
failed-only-recovery-10,118,matched,total,200,0.0008182773656432156,0.0012004344875389302,0.0025209751957857574,0.0026826492389393497
failed-only-recovery-10,119,analytic,estimation,200,-0.00014887936140155992,0.0006344610574875464,0.0011668093204800778,0.0011721468338050656
failed-only-recovery-10,119,analytic,operator,200,0.0026095662690281164,0.057838325638993826,0.22761326442762053,0.2641703221493108
failed-only-recovery-10,119,analytic,total,200,0.0024606869076265565,0.05796055130460799,0.22806357860238902,0.2645287160373082
failed-only-recovery-10,119,matched,estimation,200,-0.0001604189144190125,0.0006176874923105513,0.001158351609425512,0.0011721076129345143
failed-only-recovery-10,119,matched,operator,200,0.0,0.0,0.0,0.0
failed-only-recovery-10,119,matched,total,200,-0.0001604189144190125,0.0006176874923105513,0.001158351609425512,0.0011721076129345143
failed-only-recovery-10,120,analytic,estimation,200,-0.0014746235907014764,0.001633610580669913,0.0033990937964860635,0.003938804126452533
failed-only-recovery-10,120,analytic,operator,200,2.12762223945976e-05,0.02703599939686227,0.15050807705360258,0.17207767656355366
failed-only-recovery-10,120,analytic,total,200,-0.0014533473683068787,0.02707647063375109,0.15199691153520656,0.16956372984660706
failed-only-recovery-10,120,matched,estimation,200,-0.0014791440630889973,0.001635975685204749,0.003381190876263096,0.0038429587214054983
failed-only-recovery-10,120,matched,operator,200,0.0,0.0,0.0,0.0
failed-only-recovery-10,120,matched,total,200,-0.0014791440630889973,0.001635975685204749,0.003381190876263096,0.0038429587214054983
failed-only-recovery-10,121,analytic,estimation,200,0.001209786652468972,0.0013270315149287153,0.0020420363440755707,0.0021008861853406002
failed-only-recovery-10,121,analytic,operator,200,-0.0048343395916859225,0.03839397503109783,0.23560308443950306,0.30490764289510885
failed-only-recovery-10,121,analytic,total,200,-0.003624552939216951,0.03824905859575421,0.23471403186467477,0.3033797220531745
failed-only-recovery-10,121,matched,estimation,200,0.0012140754337417086,0.0013302789523822482,0.002082618329024677,0.0023293217694424495
failed-only-recovery-10,121,matched,operator,200,0.0,0.0,0.0,0.0
failed-only-recovery-10,121,matched,total,200,0.0012140754337417086,0.0013302789523822482,0.002082618329024677,0.0023293217694424495
failed-only-recovery-10,122,analytic,estimation,200,0.000790168327772782,0.000984748446910775,0.0020492048384150308,0.0020932986856405655
failed-only-recovery-10,122,analytic,operator,200,0.0008617882714272211,0.022382862425064813,0.10758419573012928,0.11458243930723555
failed-only-recovery-10,122,analytic,total,200,0.0016519565992000032,0.022473635527214902,0.10760854558282221,0.11664740333696239
failed-only-recovery-10,122,matched,estimation,200,0.0007974351321944406,0.0009897503206449127,0.002053996797186597,0.0020604787571258942
failed-only-recovery-10,122,matched,operator,200,0.0,0.0,0.0,0.0
failed-only-recovery-10,122,matched,total,200,0.0007974351321944406,0.0009897503206449127,0.002053996797186597,0.0020604787571258942
failed-only-recovery-10,123,analytic,estimation,200,-0.0002938042108608848,0.0012711404557024955,0.005803745059353549,0.006282173523842971
failed-only-recovery-10,123,analytic,operator,200,-0.0015594936219163972,0.04378197075594939,0.1604189115477619,0.18226726785848216
failed-only-recovery-10,123,analytic,total,200,-0.001853297832777282,0.04367092346385065,0.16058283923851635,0.18259588234552784
failed-only-recovery-10,123,matched,estimation,200,-0.00028632105247002526,0.0012825989561776286,0.005882338026779177,0.006298889512900363
failed-only-recovery-10,123,matched,operator,200,0.0,0.0,0.0,0.0
failed-only-recovery-10,123,matched,total,200,-0.00028632105247002526,0.0012825989561776286,0.005882338026779177,0.006298889512900363
failed-only-recovery-10,124,analytic,estimation,200,-0.000611409304652932,0.0007919038436993489,0.0014787293254386324,0.0016192265045418819
failed-only-recovery-10,124,analytic,operator,200,0.0059163859236917495,0.06628154013359264,0.24652858083297927,0.4083807883393547
failed-only-recovery-10,124,analytic,total,200,0.005304976619038817,0.06626817271873962,0.24580197878344862,0.4067615618348128
failed-only-recovery-10,124,matched,estimation,200,-0.0006158655252903069,0.0007874990706085721,0.0014787995645543228,0.0015887257361124063
failed-only-recovery-10,124,matched,operator,200,0.0,0.0,0.0,0.0
failed-only-recovery-10,124,matched,total,200,-0.0006158655252903069,0.0007874990706085721,0.0014787995645543228,0.0015887257361124063
failed-only-recovery-10,125,analytic,estimation,200,0.00045141704613306207,0.00102940344399685,0.002714705566626535,0.002766698930906142
failed-only-recovery-10,125,analytic,operator,200,0.0012554405428712061,0.05202126601965666,0.21511593706448173,0.2674767339759906
failed-only-recovery-10,125,analytic,total,200,0.0017068575890042683,0.05212193858031781,0.21494821735265157,0.2682554503141467
failed-only-recovery-10,125,matched,estimation,200,0.0004469607391115151,0.001030265539340312,0.0026907631155527398,0.0027713205299521315
failed-only-recovery-10,125,matched,operator,200,0.0,0.0,0.0,0.0
failed-only-recovery-10,125,matched,total,200,0.0004469607391115151,0.001030265539340312,0.0026907631155527398,0.0027713205299521315
failed-only-recovery-10,126,analytic,estimation,200,-0.0008757066370921065,0.0011370917807375887,0.0023347729627185565,0.0024160191246704876
failed-only-recovery-10,126,analytic,operator,200,-0.0005677798237362152,0.04459571611308569,0.19004635239511186,0.25876084271717503
failed-only-recovery-10,126,analytic,total,200,-0.0014434864608283218,0.04490311827695431,0.1909010674283986,0.258718959901469
failed-only-recovery-10,126,matched,estimation,200,-0.0008812507349360837,0.0011171401890441846,0.00242061133551541,0.0025456680836040135
failed-only-recovery-10,126,matched,operator,200,0.0,0.0,0.0,0.0
failed-only-recovery-10,126,matched,total,200,-0.0008812507349360837,0.0011171401890441846,0.00242061133551541,0.0025456680836040135
failed-only-recovery-10,127,analytic,estimation,200,4.2494390666697366e-05,0.0006901709627275595,0.003004428212311172,0.003286535109296995
failed-only-recovery-10,127,analytic,operator,200,0.002956072706021885,0.05442348147376566,0.19614575331625866,0.37175981630647154
failed-only-recovery-10,127,analytic,total,200,0.0029985670966885826,0.054369199405376954,0.1959126297397582,0.37228428854364964
failed-only-recovery-10,127,matched,estimation,200,4.963752143060369e-05,0.0006888411609599637,0.0030245694630970377,0.0032980631531343008
failed-only-recovery-10,127,matched,operator,200,0.0,0.0,0.0,0.0
failed-only-recovery-10,127,matched,total,200,4.963752143060369e-05,0.0006888411609599637,0.0030245694630970377,0.0032980631531343008
failed-only-recovery-10,128,analytic,estimation,200,-0.0005114743037763505,0.0006527623142527873,0.0009414188682339564,0.0009498530473892597
failed-only-recovery-10,128,analytic,operator,200,0.0011835691986378726,0.011381545790314527,0.03936764473966772,0.1212408787830388
failed-only-recovery-10,128,analytic,total,200,0.0006720948948615223,0.011330874037172343,0.038590820368674145,0.1203401872317914
failed-only-recovery-10,128,matched,estimation,200,-0.0005129263463866913,0.00065256906209709,0.0009416193002522166,0.0009501750657689434
failed-only-recovery-10,128,matched,operator,200,0.0,0.0,0.0,0.0
failed-only-recovery-10,128,matched,total,200,-0.0005129263463866913,0.00065256906209709,0.0009416193002522166,0.0009501750657689434
failed-only-recovery-10,129,analytic,estimation,200,-0.0003873072268462929,0.0012065256010124763,0.0038784766481136934,0.004046517187727083
failed-only-recovery-10,129,analytic,operator,200,-0.002388941474215008,0.06055321959490822,0.2475231141247152,0.3108034743586289
failed-only-recovery-10,129,analytic,total,200,-0.0027762487010613013,0.06073460440014711,0.2484806322026012,0.31136735532188753
failed-only-recovery-10,129,matched,estimation,200,-0.00038695106817603347,0.0012026783430215146,0.003786443635600989,0.004042759571193155
failed-only-recovery-10,129,matched,operator,200,0.0,0.0,0.0,0.0
failed-only-recovery-10,129,matched,total,200,-0.00038695106817603347,0.0012026783430215146,0.003786443635600989,0.004042759571193155
failed-only-recovery-10,130,analytic,estimation,200,0.0010130203245373023,0.0016745892950293577,0.003861276047406381,0.00436356061702714
failed-only-recovery-10,130,analytic,operator,200,0.00175226645782209,0.0496263313142328,0.1714589796738124,0.20155625708664904
failed-only-recovery-10,130,analytic,total,200,0.0027652867823593926,0.04968089719524246,0.1737900758592248,0.2029935017988569
failed-only-recovery-10,130,matched,estimation,200,0.0009765022600010706,0.0016523431895324933,0.0037644798709127597,0.003965260013755412
failed-only-recovery-10,130,matched,operator,200,0.0,0.0,0.0,0.0
failed-only-recovery-10,130,matched,total,200,0.0009765022600010706,0.0016523431895324933,0.0037644798709127597,0.003965260013755412
failed-only-recovery-10,131,analytic,estimation,200,-0.0031544130208201876,0.0034237888465402967,0.004802431666870333,0.004996234894528939
failed-only-recovery-10,131,analytic,operator,200,0.012485535444838993,0.0565549027385114,0.17760140111573575,0.38410484232635317
failed-only-recovery-10,131,analytic,total,200,0.009331122424018807,0.05609285821855427,0.17686968517093582,0.3808347514183216
failed-only-recovery-10,131,matched,estimation,200,-0.0031810215326399044,0.00344930275682818,0.0047830961072483635,0.004926221573280376
failed-only-recovery-10,131,matched,operator,200,0.0,0.0,0.0,0.0
failed-only-recovery-10,131,matched,total,200,-0.0031810215326399044,0.00344930275682818,0.0047830961072483635,0.004926221573280376
failed-only-recovery-10,132,analytic,estimation,200,0.001179144577365191,0.001701159519874033,0.003142795281660282,0.0032963901433267218
failed-only-recovery-10,132,analytic,operator,200,-0.00026766399588990127,0.04243459186350462,0.17848522920573928,0.19756551990514626
failed-only-recovery-10,132,analytic,total,200,0.0009114805814752899,0.04255770758594048,0.17997746513380775,0.1960568909725784
failed-only-recovery-10,132,matched,estimation,200,0.0011728018142945593,0.0016780311829393186,0.0031367705892029196,0.003303414774409541
failed-only-recovery-10,132,matched,operator,200,0.0,0.0,0.0,0.0
failed-only-recovery-10,132,matched,total,200,0.0011728018142945593,0.0016780311829393186,0.0031367705892029196,0.003303414774409541
failed-only-recovery-10,133,analytic,estimation,200,0.0002000426883752975,0.0008473743739219193,0.0017819633885666764,0.001884559130114205
failed-only-recovery-10,133,analytic,operator,200,0.007346380118407912,0.0473331225559667,0.18155225050140006,0.20872849058363785
failed-only-recovery-10,133,analytic,total,200,0.007546422806783209,0.04755871354657429,0.18331409185619624,0.21061304971375205
failed-only-recovery-10,133,matched,estimation,200,0.00017804696435224618,0.0008228966385248844,0.0017719505671848212,0.0018613494218268078
failed-only-recovery-10,133,matched,operator,200,0.0,0.0,0.0,0.0
failed-only-recovery-10,133,matched,total,200,0.00017804696435224618,0.0008228966385248844,0.0017719505671848212,0.0018613494218268078
failed-only-recovery-10,134,analytic,estimation,200,0.0027878941842354944,0.003208676687054332,0.005247049135417625,0.005290187012988223
failed-only-recovery-10,134,analytic,operator,200,-0.004609270344700448,0.05925448642575268,0.20867625831545447,0.31554006627745423
failed-only-recovery-10,134,analytic,total,200,-0.0018213761604649542,0.05915441417358528,0.21211374835744615,0.316372225025218
failed-only-recovery-10,134,matched,estimation,200,0.002790847776103651,0.0032084943788700825,0.005206911690307958,0.005274877946259027
failed-only-recovery-10,134,matched,operator,200,0.0,0.0,0.0,0.0
failed-only-recovery-10,134,matched,total,200,0.002790847776103651,0.0032084943788700825,0.005206911690307958,0.005274877946259027
failed-only-recovery-10,135,analytic,estimation,200,-0.0011108212487061307,0.0015242895250618745,0.0033552876713026647,0.0036556606603053154
failed-only-recovery-10,135,analytic,operator,200,0.00669991816188427,0.05966435193718143,0.1862864939316266,0.2033473658552472
failed-only-recovery-10,135,analytic,total,200,0.00558909691317814,0.05971435650831724,0.18764878815141134,0.20323386540147464
failed-only-recovery-10,135,matched,estimation,200,-0.0011532620948327581,0.0015468866647560006,0.003337270622583474,0.003562240797137073
failed-only-recovery-10,135,matched,operator,200,0.0,0.0,0.0,0.0
failed-only-recovery-10,135,matched,total,200,-0.0011532620948327581,0.0015468866647560006,0.003337270622583474,0.003562240797137073
failed-only-recovery-10,136,analytic,estimation,200,-0.0008185785618373831,0.001518429732795457,0.0033427496228731757,0.0033683492052641317
failed-only-recovery-10,136,analytic,operator,200,0.0005199481961812606,0.035786068405662404,0.14112488805184337,0.17087847343911888
failed-only-recovery-10,136,analytic,total,200,-0.0002986303656561226,0.0360056469386709,0.14146116114181423,0.17054703827295598
failed-only-recovery-10,136,matched,estimation,200,-0.0008334724560810892,0.0015118663342278058,0.003343616656445003,0.0033679140764955595
failed-only-recovery-10,136,matched,operator,200,0.0,0.0,0.0,0.0
failed-only-recovery-10,136,matched,total,200,-0.0008334724560810892,0.0015118663342278058,0.003343616656445003,0.0033679140764955595
failed-only-recovery-10,137,analytic,estimation,200,0.0008882810298998587,0.0014777245181471334,0.0029244267276102853,0.0029759972910919363
failed-only-recovery-10,137,analytic,operator,200,0.0032658497994174146,0.029931901072040953,0.13811725471146813,0.15158916497006708
failed-only-recovery-10,137,analytic,total,200,0.004154130829317273,0.030119569758851935,0.13992995491109245,0.15310176180109042
failed-only-recovery-10,137,matched,estimation,200,0.0008827291238170671,0.001469196690828261,0.002981061701415766,0.003044994586645533
failed-only-recovery-10,137,matched,operator,200,0.0,0.0,0.0,0.0
failed-only-recovery-10,137,matched,total,200,0.0008827291238170671,0.001469196690828261,0.002981061701415766,0.003044994586645533
failed-only-recovery-10,138,analytic,estimation,200,0.00024578911909782606,0.0010364158417308035,0.002300002076397245,0.002750952324398259
failed-only-recovery-10,138,analytic,operator,200,0.004270352112437683,0.06367730524483496,0.22144933992186244,0.24602680284705106
failed-only-recovery-10,138,analytic,total,200,0.004516141231535509,0.06394716695851028,0.2232936162224512,0.24556513522978207
failed-only-recovery-10,138,matched,estimation,200,0.00022542994324606825,0.000999244334140469,0.0022712031995700266,0.00233808766706195
failed-only-recovery-10,138,matched,operator,200,0.0,0.0,0.0,0.0
failed-only-recovery-10,138,matched,total,200,0.00022542994324606825,0.000999244334140469,0.0022712031995700266,0.00233808766706195
failed-only-recovery-10,139,analytic,estimation,200,-0.00015331252928534815,0.00044673169111649613,0.0012302968484059207,0.001353874920347664
failed-only-recovery-10,139,analytic,operator,200,0.004318272582946029,0.029845458557437882,0.13517038111916754,0.20112240703900677
failed-only-recovery-10,139,analytic,total,200,0.004164960053660681,0.029831675044294174,0.1344825786734148,0.20079117718348805
failed-only-recovery-10,139,matched,estimation,200,-0.0001536248246973058,0.00043611299719408257,0.0012294620308965776,0.0013165538238117946
failed-only-recovery-10,139,matched,operator,200,0.0,0.0,0.0,0.0
failed-only-recovery-10,139,matched,total,200,-0.0001536248246973058,0.00043611299719408257,0.0012294620308965776,0.0013165538238117946
failed-only-recovery-10,140,analytic,estimation,200,-0.0009190947724295683,0.0012288582316828099,0.003288269044143477,0.0033445098342820834
failed-only-recovery-10,140,analytic,operator,200,0.0029448942605945698,0.03012029843336163,0.11635858958158071,0.18232245433341676
failed-only-recovery-10,140,analytic,total,200,0.002025799488165002,0.030031242861995454,0.11763288670227093,0.18124405102958197
failed-only-recovery-10,140,matched,estimation,200,-0.0009289731185976406,0.0012463677008741837,0.0033166825272755718,0.003340891074486818
failed-only-recovery-10,140,matched,operator,200,0.0,0.0,0.0,0.0
failed-only-recovery-10,140,matched,total,200,-0.0009289731185976406,0.0012463677008741837,0.0033166825272755718,0.003340891074486818
failed-only-recovery-10,141,analytic,estimation,200,0.0007617226837723615,0.0015683950414699193,0.0029615594716052573,0.003129843987319636
failed-only-recovery-10,141,analytic,operator,200,0.0010301372097081534,0.04585145037616596,0.15729088044402684,0.18643554689820896
failed-only-recovery-10,141,analytic,total,200,0.0017918598934805146,0.04608934362544341,0.15876002762843722,0.18883522655907303
failed-only-recovery-10,141,matched,estimation,200,0.0007492574650950985,0.0015477254647582215,0.0029703714171838147,0.0032858903030817954
failed-only-recovery-10,141,matched,operator,200,0.0,0.0,0.0,0.0
failed-only-recovery-10,141,matched,total,200,0.0007492574650950985,0.0015477254647582215,0.0029703714171838147,0.0032858903030817954
failed-only-recovery-10,142,analytic,estimation,200,0.0015426211837124264,0.0020733142696338623,0.005001776044119388,0.005021951523743073
failed-only-recovery-10,142,analytic,operator,200,-0.0027893648064049796,0.048657199686133815,0.17772372843522466,0.2289426883528496
failed-only-recovery-10,142,analytic,total,200,-0.0012467436226925531,0.048759715507403656,0.17713516368232274,0.2276103881771292
failed-only-recovery-10,142,matched,estimation,200,0.0015505156690137393,0.0020761098099834545,0.004869546246547951,0.005129495264925565
failed-only-recovery-10,142,matched,operator,200,0.0,0.0,0.0,0.0
failed-only-recovery-10,142,matched,total,200,0.0015505156690137393,0.0020761098099834545,0.004869546246547951,0.005129495264925565
failed-only-recovery-10,143,analytic,estimation,200,-0.002123178267405856,0.0023033610437587257,0.003958775383148816,0.004005165054715626
failed-only-recovery-10,143,analytic,operator,200,-0.0009486024843037077,0.0417422206005152,0.17020377314815238,0.2106674821015294
failed-only-recovery-10,143,analytic,total,200,-0.0030717807517095636,0.04200508519731131,0.1681926941981634,0.20992402669971177
failed-only-recovery-10,143,matched,estimation,200,-0.0021252304834472667,0.0022982396072962303,0.003926791898567428,0.004016220399990639
failed-only-recovery-10,143,matched,operator,200,0.0,0.0,0.0,0.0
failed-only-recovery-10,143,matched,total,200,-0.0021252304834472667,0.0022982396072962303,0.003926791898567428,0.004016220399990639
failed-only-recovery-10,144,analytic,estimation,200,0.0014766068925394099,0.0016094916439900835,0.0033647515116496107,0.0034871201500874527
failed-only-recovery-10,144,analytic,operator,200,-0.005391682538210224,0.027455129930761362,0.11832709146270559,0.14491139281078072
failed-only-recovery-10,144,analytic,total,200,-0.003915075645670814,0.027338732353550926,0.12059840747459971,0.14403447307357148
failed-only-recovery-10,144,matched,estimation,200,0.0014985577948914341,0.0016250287507025504,0.0033646972807841458,0.0034965354674756366
failed-only-recovery-10,144,matched,operator,200,0.0,0.0,0.0,0.0
failed-only-recovery-10,144,matched,total,200,0.0014985577948914341,0.0016250287507025504,0.0033646972807841458,0.0034965354674756366
failed-only-recovery-10,145,analytic,estimation,200,-5.1699548317643806e-05,0.0008607254952643641,0.0026805782418950486,0.0028176634261796174
failed-only-recovery-10,145,analytic,operator,200,0.0006825297891986333,0.04874148384530249,0.19883515568807078,0.24292975865229086
failed-only-recovery-10,145,analytic,total,200,0.0006308302408809895,0.04885694293136126,0.20007228583827644,0.24328988557875988
failed-only-recovery-10,145,matched,estimation,200,-4.104386992285339e-05,0.000837566404915321,0.0026783277631103886,0.0028193241538720937
failed-only-recovery-10,145,matched,operator,200,0.0,0.0,0.0,0.0
failed-only-recovery-10,145,matched,total,200,-4.104386992285339e-05,0.000837566404915321,0.0026783277631103886,0.0028193241538720937
failed-only-recovery-10,146,analytic,estimation,200,-0.00010569012974308841,0.00028936749276910537,0.0008378466990792838,0.0010618539934197924
failed-only-recovery-10,146,analytic,operator,200,0.00387257246851516,0.03396311568479128,0.13397422064944162,0.1808544153663199
failed-only-recovery-10,146,analytic,total,200,0.0037668823387720716,0.0339918057583101,0.13397422064944162,0.1808544153663199
failed-only-recovery-10,146,matched,estimation,200,-0.00010780604302610677,0.0002787667295783733,0.0007599661272267716,0.0009265358290652861
failed-only-recovery-10,146,matched,operator,200,0.0,0.0,0.0,0.0
failed-only-recovery-10,146,matched,total,200,-0.00010780604302610677,0.0002787667295783733,0.0007599661272267716,0.0009265358290652861
failed-only-recovery-10,147,analytic,estimation,200,0.0004742023993703118,0.0006672345947791207,0.001981466367001139,0.0020984472261839637
failed-only-recovery-10,147,analytic,operator,200,0.004183089753710406,0.027506910949800307,0.10931298835107467,0.21440680330174955
failed-only-recovery-10,147,analytic,total,200,0.004657292153080717,0.027703408468645736,0.11141143557725863,0.2162461568607682
failed-only-recovery-10,147,matched,estimation,200,0.0004671259575927495,0.0006511153704795539,0.0019064846095785404,0.002038668781542019
failed-only-recovery-10,147,matched,operator,200,0.0,0.0,0.0,0.0
failed-only-recovery-10,147,matched,total,200,0.0004671259575927495,0.0006511153704795539,0.0019064846095785404,0.002038668781542019
failed-only-recovery-10,148,analytic,estimation,200,0.00035519547733515734,0.0006409992654571614,0.0018602258871891486,0.0020000140062692573
failed-only-recovery-10,148,analytic,operator,200,-0.0004005291718005408,0.014579915423392485,0.06547633471906061,0.12769206776171144
failed-only-recovery-10,148,analytic,total,200,-4.533369446538352e-05,0.014622037337697295,0.06647193738725743,0.127626523540724
failed-only-recovery-10,148,matched,estimation,200,0.0003557141910324481,0.0006392508667465423,0.0018669116928511365,0.001999398479029857
failed-only-recovery-10,148,matched,operator,200,0.0,0.0,0.0,0.0
failed-only-recovery-10,148,matched,total,200,0.0003557141910324481,0.0006392508667465423,0.0018669116928511365,0.001999398479029857
failed-only-recovery-10,149,analytic,estimation,200,0.0027806486322161676,0.0030127480340255497,0.004774068693023548,0.005274637407356675
failed-only-recovery-10,149,analytic,operator,200,-0.0004949313156980613,0.0549718612253575,0.21383009112632206,0.25770084035295515
failed-only-recovery-10,149,analytic,total,200,0.0022857173165181065,0.05514077676544749,0.21730004865847546,0.25627237797276614
failed-only-recovery-10,149,matched,estimation,200,0.002760966402361193,0.002989895140113235,0.004989833256219156,0.005278728721882842
failed-only-recovery-10,149,matched,operator,200,0.0,0.0,0.0,0.0
failed-only-recovery-10,149,matched,total,200,0.002760966402361193,0.002989895140113235,0.004989833256219156,0.005278728721882842
failed-only-recovery-10,150,analytic,estimation,200,-0.00043342943592923497,0.0012263738843547559,0.0032453351989956136,0.004153876366476572
failed-only-recovery-10,150,analytic,operator,200,0.0017256316140212649,0.052513668000499135,0.20877861553662902,0.2504380396811952
failed-only-recovery-10,150,analytic,total,200,0.0012922021780920302,0.05272854439475326,0.2078597794577603,0.25020564126237665
failed-only-recovery-10,150,matched,estimation,200,-0.0004415857219747643,0.0012059601203987438,0.003200435325765083,0.0040135513099239795
failed-only-recovery-10,150,matched,operator,200,0.0,0.0,0.0,0.0
failed-only-recovery-10,150,matched,total,200,-0.0004415857219747643,0.0012059601203987438,0.003200435325765083,0.0040135513099239795
failed-only-recovery-10,151,analytic,estimation,200,-0.003103642261961357,0.0033690482564972713,0.005413119269197929,0.005575480287541401
failed-only-recovery-10,151,analytic,operator,200,0.0050799593495282815,0.03712574211797097,0.12040293993211049,0.23280179647849486
failed-only-recovery-10,151,analytic,total,200,0.0019763170875669246,0.03706647545713339,0.11701514592032125,0.22876447303454717
failed-only-recovery-10,151,matched,estimation,200,-0.003126180296343032,0.003386544156719461,0.005378734672278604,0.005565090073885226
failed-only-recovery-10,151,matched,operator,200,0.0,0.0,0.0,0.0
failed-only-recovery-10,151,matched,total,200,-0.003126180296343032,0.003386544156719461,0.005378734672278604,0.005565090073885226
failed-only-recovery-10,152,analytic,estimation,200,0.0015514373710340493,0.0017873486869716718,0.0033198368120974098,0.003449467089031044
failed-only-recovery-10,152,analytic,operator,200,-0.001636108847944102,0.030456886361720056,0.1392924715708902,0.18212933267682713
failed-only-recovery-10,152,analytic,total,200,-8.46714769100527e-05,0.030636553845958068,0.13919220894746803,0.1816814849853582
failed-only-recovery-10,152,matched,estimation,200,0.0015455290608651579,0.0017690050716337822,0.0032332843426318147,0.003483767231144741
failed-only-recovery-10,152,matched,operator,200,0.0,0.0,0.0,0.0
failed-only-recovery-10,152,matched,total,200,0.0015455290608651579,0.0017690050716337822,0.0032332843426318147,0.003483767231144741
failed-only-recovery-10,153,analytic,estimation,200,7.290832060448532e-05,0.0007896085931514869,0.0021055281820464566,0.0021402362702415134
failed-only-recovery-10,153,analytic,operator,200,-0.005445282240864205,0.053551698255415114,0.20614435990573404,0.31822765697788524
failed-only-recovery-10,153,analytic,total,200,-0.00537237392025972,0.053604102917588166,0.20641200171873592,0.31831795822779774
failed-only-recovery-10,153,matched,estimation,200,0.00011463522117916873,0.0007911451606715193,0.0020895988438065505,0.0022822995303576343
failed-only-recovery-10,153,matched,operator,200,0.0,0.0,0.0,0.0
failed-only-recovery-10,153,matched,total,200,0.00011463522117916873,0.0007911451606715193,0.0020895988438065505,0.0022822995303576343
failed-only-recovery-10,154,analytic,estimation,200,0.0016840331692018228,0.0017493997640566303,0.0024649411647061914,0.0031112221652397354
failed-only-recovery-10,154,analytic,operator,200,0.002145040336407571,0.02221693369333622,0.10871909566964044,0.17594226502971602
failed-only-recovery-10,154,analytic,total,200,0.003829073505609394,0.02247899246222801,0.11000005301534888,0.1779895350810683
failed-only-recovery-10,154,matched,estimation,200,0.0016780832668306356,0.0017405153586562878,0.0024622404436684953,0.0026788434740782074
failed-only-recovery-10,154,matched,operator,200,0.0,0.0,0.0,0.0
failed-only-recovery-10,154,matched,total,200,0.0016780832668306356,0.0017405153586562878,0.0024622404436684953,0.0026788434740782074
failed-only-recovery-10,155,analytic,estimation,200,-0.00076508886433745,0.0008758047677021405,0.001764075255183073,0.0017993868311456662
failed-only-recovery-10,155,analytic,operator,200,0.0008502736393908701,0.021735519142431565,0.08948920721967549,0.09938003337607137
failed-only-recovery-10,155,analytic,total,200,8.518477505342022e-05,0.021674301548110435,0.08836955590383935,0.0983278053045753
failed-only-recovery-10,155,matched,estimation,200,-0.0007602088217982064,0.0008694358751661838,0.0017638966173441073,0.0017995025385271202
failed-only-recovery-10,155,matched,operator,200,0.0,0.0,0.0,0.0
failed-only-recovery-10,155,matched,total,200,-0.0007602088217982064,0.0008694358751661838,0.0017638966173441073,0.0017995025385271202
failed-only-recovery-10,156,analytic,estimation,200,-0.0003740641136537911,0.0005751202762864316,0.0011153634620897496,0.0011405794222016236
failed-only-recovery-10,156,analytic,operator,200,-0.0027321058428003415,0.027510231249785154,0.09451955586972606,0.1838152610334776
failed-only-recovery-10,156,analytic,total,200,-0.0031061699564541327,0.027436442791697477,0.09475677740602015,0.1837937431596257
failed-only-recovery-10,156,matched,estimation,200,-0.00039300900818228026,0.0005754711925832999,0.0011177655841806064,0.001143549410660992
failed-only-recovery-10,156,matched,operator,200,0.0,0.0,0.0,0.0
failed-only-recovery-10,156,matched,total,200,-0.00039300900818228026,0.0005754711925832999,0.0011177655841806064,0.001143549410660992
failed-only-recovery-10,157,analytic,estimation,200,0.0031346763301286977,0.003299791606375074,0.005311109831770966,0.005379479703155554
failed-only-recovery-10,157,analytic,operator,200,-0.0016489387170966622,0.0418846365592674,0.15719568302692666,0.21755295039824585
failed-only-recovery-10,157,analytic,total,200,0.0014857376130320355,0.04207683640519981,0.16009896116060163,0.21700000758227567
failed-only-recovery-10,157,matched,estimation,200,0.0031421847180326755,0.00330353944995368,0.005335244620229385,0.005657259847864804
failed-only-recovery-10,157,matched,operator,200,0.0,0.0,0.0,0.0
failed-only-recovery-10,157,matched,total,200,0.0031421847180326755,0.00330353944995368,0.005335244620229385,0.005657259847864804
failed-only-recovery-10,158,analytic,estimation,200,-0.0010520723578756137,0.0015374917304281934,0.0034029707278318,0.003856320194017826
failed-only-recovery-10,158,analytic,operator,200,0.006170744090866256,0.04384099699522729,0.16666508717160083,0.1889695836025198
failed-only-recovery-10,158,analytic,total,200,0.005118671732990643,0.043897015394753144,0.16489434691017146,0.18957898535434392
failed-only-recovery-10,158,matched,estimation,200,-0.0010837399895950526,0.0015422072254627037,0.0034576124679167597,0.0036339114424635
failed-only-recovery-10,158,matched,operator,200,0.0,0.0,0.0,0.0
failed-only-recovery-10,158,matched,total,200,-0.0010837399895950526,0.0015422072254627037,0.0034576124679167597,0.0036339114424635
failed-only-recovery-10,159,analytic,estimation,200,-0.0029174613647667165,0.003157979342911507,0.004984690046420881,0.005098560906966032
failed-only-recovery-10,159,analytic,operator,200,0.001735708483715916,0.03823380792333233,0.14634943953675594,0.17671560642177347
failed-only-recovery-10,159,analytic,total,200,-0.0011817528810508001,0.03843041145476492,0.14397641001373995,0.17507098978187235
failed-only-recovery-10,159,matched,estimation,200,-0.00292341231052704,0.0031562129437355236,0.004926216329159683,0.004969459137283971
failed-only-recovery-10,159,matched,operator,200,0.0,0.0,0.0,0.0
failed-only-recovery-10,159,matched,total,200,-0.00292341231052704,0.0031562129437355236,0.004926216329159683,0.004969459137283971
failed-only-recovery-10,160,analytic,estimation,200,0.002422961795994884,0.0027413643613860587,0.004599949328789599,0.004644691341336271
failed-only-recovery-10,160,analytic,operator,200,-0.004809116954687187,0.055857472872032646,0.24677240447168147,0.3323057862599868
failed-only-recovery-10,160,analytic,total,200,-0.0023861551586923033,0.05585174081794008,0.24615611167459034,0.33123989268127363
failed-only-recovery-10,160,matched,estimation,200,0.0024347385324806747,0.002748506023219686,0.004677858927416345,0.004759888044266969
failed-only-recovery-10,160,matched,operator,200,0.0,0.0,0.0,0.0
failed-only-recovery-10,160,matched,total,200,0.0024347385324806747,0.002748506023219686,0.004677858927416345,0.004759888044266969
failed-only-recovery-10,161,analytic,estimation,200,0.0014316322828777958,0.0018726657237637834,0.003383164633311342,0.0037858926614479094
failed-only-recovery-10,161,analytic,operator,200,0.0022592957498510802,0.05386760328201547,0.16958411742907642,0.22110098006337842
failed-only-recovery-10,161,analytic,total,200,0.0036909280327288765,0.05430132551663201,0.16901283662873168,0.22236024593445264
failed-only-recovery-10,161,matched,estimation,200,0.0014126210180228816,0.0018170898105528241,0.003396000899821394,0.0034151583303044797
failed-only-recovery-10,161,matched,operator,200,0.0,0.0,0.0,0.0
failed-only-recovery-10,161,matched,total,200,0.0014126210180228816,0.0018170898105528241,0.003396000899821394,0.0034151583303044797
failed-only-recovery-10,162,analytic,estimation,200,0.001384031689841177,0.0018125056944999188,0.0039021304226309894,0.005586099043264348
failed-only-recovery-10,162,analytic,operator,200,0.0009991484584135977,0.0418168694952251,0.15881496515463245,0.21318996915296928
failed-only-recovery-10,162,analytic,total,200,0.0023831801482547747,0.042114597958872305,0.1603252318688173,0.2123111449122535
failed-only-recovery-10,162,matched,estimation,200,0.0013828061529873414,0.0018018687367316048,0.003897700385385061,0.005436752695824776
failed-only-recovery-10,162,matched,operator,200,0.0,0.0,0.0,0.0
failed-only-recovery-10,162,matched,total,200,0.0013828061529873414,0.0018018687367316048,0.003897700385385061,0.005436752695824776
failed-only-recovery-10,163,analytic,estimation,200,-0.0039019261365767256,0.004052191849292417,0.006611405499092671,0.0067244526409171446
failed-only-recovery-10,163,analytic,operator,200,0.0015363147398143428,0.031542072981435944,0.144504734753641,0.1816534645766819
failed-only-recovery-10,163,analytic,total,200,-0.0023656113967623826,0.03182155812583828,0.1511910497070601,0.1873705215603873
failed-only-recovery-10,163,matched,estimation,200,-0.003900318336159221,0.00404374901552254,0.006376732793673678,0.006681246301694865
failed-only-recovery-10,163,matched,operator,200,0.0,0.0,0.0,0.0
failed-only-recovery-10,163,matched,total,200,-0.003900318336159221,0.00404374901552254,0.006376732793673678,0.006681246301694865
failed-only-recovery-10,164,analytic,estimation,200,0.0024647478396921225,0.002656337980262146,0.003849879026800229,0.003912695128082566
failed-only-recovery-10,164,analytic,operator,200,0.00040110756143401115,0.02622175987222939,0.13723565665805854,0.184737198481581
failed-only-recovery-10,164,analytic,total,200,0.002865855401126134,0.02640004638704518,0.1399160057884795,0.1875223792013082
failed-only-recovery-10,164,matched,estimation,200,0.0024572990524708515,0.00264968611036503,0.003868526073639744,0.00391750205223218
failed-only-recovery-10,164,matched,operator,200,0.0,0.0,0.0,0.0
failed-only-recovery-10,164,matched,total,200,0.0024572990524708515,0.00264968611036503,0.003868526073639744,0.00391750205223218
failed-only-recovery-10,165,analytic,estimation,200,0.0003043475180423051,0.001237536223730416,0.0031487696721496095,0.003203067452359376
failed-only-recovery-10,165,analytic,operator,200,0.002480381012698611,0.03583492441299351,0.14171153537503073,0.18441154661604078
failed-only-recovery-10,165,analytic,total,200,0.002784728530740916,0.03615109941658738,0.14158096722544444,0.18695169970658165
failed-only-recovery-10,165,matched,estimation,200,0.00029290272081815305,0.0011941984611501153,0.0031282388979231857,0.003241082655701999
failed-only-recovery-10,165,matched,operator,200,0.0,0.0,0.0,0.0
failed-only-recovery-10,165,matched,total,200,0.00029290272081815305,0.0011941984611501153,0.0031282388979231857,0.003241082655701999
failed-only-recovery-10,166,analytic,estimation,200,-0.0011621545778415854,0.0013804584524848998,0.003336712171444045,0.0038280158100501005
failed-only-recovery-10,166,analytic,operator,200,0.0022033472474806463,0.026670292546821142,0.10609178910190692,0.2547399576604625
failed-only-recovery-10,166,analytic,total,200,0.0010411926696390608,0.026712918692505697,0.10850084065108878,0.2546476026569618
failed-only-recovery-10,166,matched,estimation,200,-0.0011798613787493777,0.0013886371995624558,0.003338915337741999,0.004015260831744527
failed-only-recovery-10,166,matched,operator,200,0.0,0.0,0.0,0.0
failed-only-recovery-10,166,matched,total,200,-0.0011798613787493777,0.0013886371995624558,0.003338915337741999,0.004015260831744527
failed-only-recovery-10,167,analytic,estimation,200,0.0012610346201945544,0.0016411344926621297,0.003692595571401558,0.004828862532743727
failed-only-recovery-10,167,analytic,operator,200,0.0007096366908140092,0.041393339758458124,0.1847934481051584,0.19315129816118803
failed-only-recovery-10,167,analytic,total,200,0.0019706713110085637,0.04167333607460049,0.18426087304130329,0.19570862373730513
failed-only-recovery-10,167,matched,estimation,200,0.0012728433255998208,0.0016347835148719134,0.003646416950423781,0.00475628328687705
failed-only-recovery-10,167,matched,operator,200,0.0,0.0,0.0,0.0
failed-only-recovery-10,167,matched,total,200,0.0012728433255998208,0.0016347835148719134,0.003646416950423781,0.00475628328687705
failed-only-recovery-10,168,analytic,estimation,200,0.0017163756532030477,0.0018855382902315232,0.0029754889495427483,0.0030368356321777146
failed-only-recovery-10,168,analytic,operator,200,0.0014777648578008199,0.0311376525969574,0.10245112214859775,0.29028264355927
failed-only-recovery-10,168,analytic,total,200,0.0031941405110038675,0.03141405118671822,0.1054266110981405,0.29298896853301803
failed-only-recovery-10,168,matched,estimation,200,0.0016984816732744138,0.0018631444312928213,0.0028320166870866026,0.0030291000101392296
failed-only-recovery-10,168,matched,operator,200,0.0,0.0,0.0,0.0
failed-only-recovery-10,168,matched,total,200,0.0016984816732744138,0.0018631444312928213,0.0028320166870866026,0.0030291000101392296
failed-only-recovery-11,1,analytic,estimation,200,0.0003951082394793936,0.0006936021129055731,0.0021483849127008625,0.0025758823076325044
failed-only-recovery-11,1,analytic,operator,200,0.0011938920533125998,0.04054855842624704,0.1546079111814862,0.16623020724380383
failed-only-recovery-11,1,analytic,total,200,0.0015890002927919933,0.04064807761569029,0.1561330625087859,0.16689469598534784
failed-only-recovery-11,1,matched,estimation,200,0.0003884209673680101,0.000682221951918285,0.002201532177149357,0.0026544713170766343
failed-only-recovery-11,1,matched,operator,200,0.0,0.0,0.0,0.0
failed-only-recovery-11,1,matched,total,200,0.0003884209673680101,0.000682221951918285,0.002201532177149357,0.0026544713170766343
failed-only-recovery-11,2,analytic,estimation,200,-0.00041789771635891227,0.0009216225894951008,0.002067310187152782,0.002107230646406888
failed-only-recovery-11,2,analytic,operator,200,-0.0009420663585866498,0.038858782116441656,0.15908289871988718,0.20009574390311458
failed-only-recovery-11,2,analytic,total,200,-0.001359964074945562,0.03897844572990043,0.15912669047292466,0.2003063759795316
failed-only-recovery-11,2,matched,estimation,200,-0.00041751584502161364,0.0009246944451746569,0.002074912305701282,0.002107957787451542
failed-only-recovery-11,2,matched,operator,200,0.0,0.0,0.0,0.0
failed-only-recovery-11,2,matched,total,200,-0.00041751584502161364,0.0009246944451746569,0.002074912305701282,0.002107957787451542
failed-only-recovery-11,3,analytic,estimation,200,-0.0025460816611245036,0.0027345994735015595,0.00411037422304017,0.004168721645205042
failed-only-recovery-11,3,analytic,operator,200,0.0013613293627027373,0.0407409185887607,0.17244946079318207,0.19062384276882627
failed-only-recovery-11,3,analytic,total,200,-0.0011847522984217665,0.04076129159203911,0.175674009988473,0.18847794856002753
failed-only-recovery-11,3,matched,estimation,200,-0.002552752587955678,0.0027415645232355718,0.0040981587281071485,0.004159404678501066
failed-only-recovery-11,3,matched,operator,200,0.0,0.0,0.0,0.0
failed-only-recovery-11,3,matched,total,200,-0.002552752587955678,0.0027415645232355718,0.0040981587281071485,0.004159404678501066
failed-only-recovery-11,4,analytic,estimation,200,0.0014951465914346661,0.0018329132183833056,0.004184049117393451,0.004319250662210505
failed-only-recovery-11,4,analytic,operator,200,0.0012320588220468048,0.03619367412027493,0.1408577342265363,0.16602969739583812
failed-only-recovery-11,4,analytic,total,200,0.002727205413481471,0.036413460556857576,0.14262976428450547,0.1662068768466157
failed-only-recovery-11,4,matched,estimation,200,0.0014877556906337558,0.001822877417785714,0.004181019510686612,0.004318289041666867
failed-only-recovery-11,4,matched,operator,200,0.0,0.0,0.0,0.0
failed-only-recovery-11,4,matched,total,200,0.0014877556906337558,0.001822877417785714,0.004181019510686612,0.004318289041666867
failed-only-recovery-11,5,analytic,estimation,200,0.0005386000817177143,0.0008673388545142968,0.002525779316814969,0.0027626909260676236
failed-only-recovery-11,5,analytic,operator,200,0.003433265182555945,0.0385688316879302,0.1371760109839927,0.2703432082905851
failed-only-recovery-11,5,analytic,total,200,0.00397186526427366,0.038697902132809055,0.13775834022453406,0.27170280775310574
failed-only-recovery-11,5,matched,estimation,200,0.000532422720747683,0.000861412314898963,0.0023958818163316575,0.0027915964476703525
failed-only-recovery-11,5,matched,operator,200,0.0,0.0,0.0,0.0
failed-only-recovery-11,5,matched,total,200,0.000532422720747683,0.000861412314898963,0.0023958818163316575,0.0027915964476703525
failed-only-recovery-11,6,analytic,estimation,200,-0.0004674400527584187,0.0007604474173670549,0.0013712635253773642,0.0015504057520718817
failed-only-recovery-11,6,analytic,operator,200,0.0012495408183007218,0.02659329205467769,0.12938369269981623,0.14288246727054202
failed-only-recovery-11,6,analytic,total,200,0.0007821007655423031,0.026646458002684528,0.12888722556065943,0.14246201997413108
failed-only-recovery-11,6,matched,estimation,200,-0.0004731950480254804,0.0007594221804311524,0.0013563000429252514,0.001436152593626061
failed-only-recovery-11,6,matched,operator,200,0.0,0.0,0.0,0.0
failed-only-recovery-11,6,matched,total,200,-0.0004731950480254804,0.0007594221804311524,0.0013563000429252514,0.001436152593626061
failed-only-recovery-11,7,analytic,estimation,200,-0.00033053702773200836,0.00045456963656731616,0.0010055096059027047,0.0010167200050311825
failed-only-recovery-11,7,analytic,operator,200,0.0003068987238856519,0.01174084164013823,0.05768042216851115,0.08351114490982174
failed-only-recovery-11,7,analytic,total,200,-2.363830384635637e-05,0.011783422193903758,0.05855146501616428,0.08451213481300654
failed-only-recovery-11,7,matched,estimation,200,-0.0003329585718896686,0.00045520052254633097,0.001031448352984618,0.0010870780067576274
failed-only-recovery-11,7,matched,operator,200,0.0,0.0,0.0,0.0
failed-only-recovery-11,7,matched,total,200,-0.0003329585718896686,0.00045520052254633097,0.001031448352984618,0.0010870780067576274
failed-only-recovery-11,8,analytic,estimation,200,-3.896542357901941e-05,0.00010071524631878666,0.0002567353548185297,0.000526150352781446
failed-only-recovery-11,8,analytic,operator,200,-0.00029918117459307896,0.005163630723301093,0.027160449197076664,0.03164414804401941
failed-only-recovery-11,8,analytic,total,200,-0.0003381465981720984,0.005169697108731575,0.02703721225118652,0.0316891169334723
failed-only-recovery-11,8,matched,estimation,200,-3.949348300361225e-05,9.849567383621863e-05,0.00025674753929906535,0.0005136729816325458
failed-only-recovery-11,8,matched,operator,200,0.0,0.0,0.0,0.0
failed-only-recovery-11,8,matched,total,200,-3.949348300361225e-05,9.849567383621863e-05,0.00025674753929906535,0.0005136729816325458
failed-only-recovery-11,9,analytic,estimation,200,0.0018775797026053215,0.00216373749820373,0.004062426351467696,0.004086920574615904
failed-only-recovery-11,9,analytic,operator,200,-0.0019044316069698952,0.04713794355285309,0.17350272662073685,0.2764896362392272
failed-only-recovery-11,9,analytic,total,200,-2.685190436457365e-05,0.04719080451227646,0.17247257539431082,0.27592272588991607
failed-only-recovery-11,9,matched,estimation,200,0.0018907151530837647,0.0021774752412757766,0.004122816920903771,0.0041544581824544125
failed-only-recovery-11,9,matched,operator,200,0.0,0.0,0.0,0.0
failed-only-recovery-11,9,matched,total,200,0.0018907151530837647,0.0021774752412757766,0.004122816920903771,0.0041544581824544125
failed-only-recovery-11,10,analytic,estimation,200,-0.0009476657524487722,0.0011663925196903537,0.002315547654651806,0.0025501679909096797
failed-only-recovery-11,10,analytic,operator,200,0.0004182577505309484,0.05369931930283858,0.1978414336079175,0.23352029086938414
failed-only-recovery-11,10,analytic,total,200,-0.0005294080019178242,0.05387525937201306,0.20037848997341778,0.23437063084488718
failed-only-recovery-11,10,matched,estimation,200,-0.0009495434537589379,0.001149862682840524,0.002204174610946519,0.0023293387964814505
failed-only-recovery-11,10,matched,operator,200,0.0,0.0,0.0,0.0
failed-only-recovery-11,10,matched,total,200,-0.0009495434537589379,0.001149862682840524,0.002204174610946519,0.0023293387964814505
failed-only-recovery-11,11,analytic,estimation,200,-0.0013528938295475424,0.0016097891074955384,0.002938169091851517,0.0032590514807480098
failed-only-recovery-11,11,analytic,operator,200,-0.001155453052530404,0.03866868216695601,0.13459545198693895,0.1423858337615227
failed-only-recovery-11,11,analytic,total,200,-0.0025083468820779465,0.038885205962194365,0.13666257743877525,0.14374787410302614
failed-only-recovery-11,11,matched,estimation,200,-0.001342707065285169,0.001592204743277873,0.00304848619475781,0.003434186897016925
failed-only-recovery-11,11,matched,operator,200,0.0,0.0,0.0,0.0
failed-only-recovery-11,11,matched,total,200,-0.001342707065285169,0.001592204743277873,0.00304848619475781,0.003434186897016925
failed-only-recovery-11,12,analytic,estimation,200,0.00035795026451749715,0.0007942378807796796,0.001985987152035129,0.0034866125018027105
failed-only-recovery-11,12,analytic,operator,200,-0.0011162131465490537,0.028987582742667106,0.11739407877258551,0.15594187828111672
failed-only-recovery-11,12,analytic,total,200,-0.0007582628820315566,0.029070416981007065,0.11691820011732601,0.1570131980626831
failed-only-recovery-11,12,matched,estimation,200,0.0003634417862354716,0.0007923979690781124,0.0017705068005158253,0.003615853447930917
failed-only-recovery-11,12,matched,operator,200,0.0,0.0,0.0,0.0
failed-only-recovery-11,12,matched,total,200,0.0003634417862354716,0.0007923979690781124,0.0017705068005158253,0.003615853447930917
failed-only-recovery-11,13,analytic,estimation,200,-0.0003179270572699507,0.0007007813110839983,0.0018234475565665764,0.0018425805449021615
failed-only-recovery-11,13,analytic,operator,200,-0.0012446263259320019,0.05419767486142934,0.21157258535375245,0.2917982391822423
failed-only-recovery-11,13,analytic,total,200,-0.0015625533832019525,0.05431555123006624,0.21230392514848645,0.2924724860141027
failed-only-recovery-11,13,matched,estimation,200,-0.00032108754600607245,0.0006912861327553724,0.0016964107168158937,0.001907240894497897
failed-only-recovery-11,13,matched,operator,200,0.0,0.0,0.0,0.0
failed-only-recovery-11,13,matched,total,200,-0.00032108754600607245,0.0006912861327553724,0.0016964107168158937,0.001907240894497897
failed-only-recovery-11,14,analytic,estimation,200,0.00032571086550330043,0.0005557175764070609,0.001163776991835716,0.0011880424182769134
failed-only-recovery-11,14,analytic,operator,200,0.00016322034370002802,0.020829873558470293,0.0799740472714659,0.10550311861954759
failed-only-recovery-11,14,analytic,total,200,0.0004889312092033284,0.02086558694308098,0.08061199807987096,0.10593824470218476
failed-only-recovery-11,14,matched,estimation,200,0.0003240872036268557,0.0005558927485689644,0.0011634440248293187,0.0011881624363141302
failed-only-recovery-11,14,matched,operator,200,0.0,0.0,0.0,0.0
failed-only-recovery-11,14,matched,total,200,0.0003240872036268557,0.0005558927485689644,0.0011634440248293187,0.0011881624363141302
failed-only-recovery-11,15,analytic,estimation,200,-0.00038784586796634696,0.0005496760945889402,0.0016371532486423312,0.0016780307398537864
failed-only-recovery-11,15,analytic,operator,200,-0.00122370047064453,0.021936695602222434,0.08275366813622881,0.14873357820201366
failed-only-recovery-11,15,analytic,total,200,-0.001611546338610877,0.022039620973138028,0.08399454040095788,0.14954159785248133
failed-only-recovery-11,15,matched,estimation,200,-0.0003747910962994935,0.0005293912543590822,0.0016361039549747103,0.0017278883457682026
failed-only-recovery-11,15,matched,operator,200,0.0,0.0,0.0,0.0
failed-only-recovery-11,15,matched,total,200,-0.0003747910962994935,0.0005293912543590822,0.0016361039549747103,0.0017278883457682026
failed-only-recovery-11,16,analytic,estimation,200,-0.0005512931977775987,0.0005953045954379803,0.0008774813706696749,0.0010893347927727337
failed-only-recovery-11,16,analytic,operator,200,-0.0003252616756898999,0.012301271976041512,0.044108856614791345,0.05195171262536438
failed-only-recovery-11,16,analytic,total,200,-0.0008765548734674985,0.012345427796369487,0.04447277239347461,0.05117402689074939
failed-only-recovery-11,16,matched,estimation,200,-0.0005527186143561215,0.0005943280518689182,0.0008775406084702841,0.0010414858179457198
failed-only-recovery-11,16,matched,operator,200,0.0,0.0,0.0,0.0
failed-only-recovery-11,16,matched,total,200,-0.0005527186143561215,0.0005943280518689182,0.0008775406084702841,0.0010414858179457198
failed-only-recovery-11,17,analytic,estimation,200,0.00013141229600196957,0.0002753432426010219,0.0006311447138634407,0.0006441444979073396
failed-only-recovery-11,17,analytic,operator,200,-0.0009570299972527349,0.012079162857239605,0.04957814632487567,0.07445139599977038
failed-only-recovery-11,17,analytic,total,200,-0.0008256177012507654,0.012067894665251353,0.04945364294100929,0.07435807261791771
failed-only-recovery-11,17,matched,estimation,200,0.00013702239668718857,0.0002742820178433925,0.0006328875125937716,0.000644440214232489
failed-only-recovery-11,17,matched,operator,200,0.0,0.0,0.0,0.0
failed-only-recovery-11,17,matched,total,200,0.00013702239668718857,0.0002742820178433925,0.0006328875125937716,0.000644440214232489
failed-only-recovery-11,18,analytic,estimation,200,0.0003544200218514726,0.0004379812260661774,0.0008929236290733111,0.0009794955386365767
failed-only-recovery-11,18,analytic,operator,200,-0.00025952325963362705,0.008893655591995505,0.047903575254273495,0.05200378051128919
failed-only-recovery-11,18,analytic,total,200,9.489676221784556e-05,0.008879968678594538,0.04856354033223559,0.05160494831456448
failed-only-recovery-11,18,matched,estimation,200,0.00035303415691092556,0.00043474576058493433,0.0008998763758144013,0.0009573302482415724
failed-only-recovery-11,18,matched,operator,200,0.0,0.0,0.0,0.0
failed-only-recovery-11,18,matched,total,200,0.00035303415691092556,0.00043474576058493433,0.0008998763758144013,0.0009573302482415724
failed-only-recovery-11,19,analytic,estimation,200,-0.0004185179892529391,0.0004538035998511533,0.0008357509006291508,0.000855974372580004
failed-only-recovery-11,19,analytic,operator,200,-0.002616782399225109,0.013506129995786998,0.0621896890517033,0.063466199702458
failed-only-recovery-11,19,analytic,total,200,-0.003035300388478048,0.013587812471472444,0.06256608589971879,0.06387412008529757
failed-only-recovery-11,19,matched,estimation,200,-0.00041423442429187256,0.00045017871054787696,0.000835702316158704,0.0008560090612572679
failed-only-recovery-11,19,matched,operator,200,0.0,0.0,0.0,0.0
failed-only-recovery-11,19,matched,total,200,-0.00041423442429187256,0.00045017871054787696,0.000835702316158704,0.0008560090612572679
failed-only-recovery-11,20,analytic,estimation,200,0.0010036514479022389,0.0013830952800900802,0.0030066252017881823,0.003110471140718496
failed-only-recovery-11,20,analytic,operator,200,-0.003308843975716119,0.05641309551562481,0.1795933436592721,0.2213660203063314
failed-only-recovery-11,20,analytic,total,200,-0.0023051925278138805,0.05672671007608889,0.18196701399402943,0.22204509530930594
failed-only-recovery-11,20,matched,estimation,200,0.0009913205736928963,0.0013226928499299644,0.002552774148105952,0.002962771748355131
failed-only-recovery-11,20,matched,operator,200,0.0,0.0,0.0,0.0
failed-only-recovery-11,20,matched,total,200,0.0009913205736928963,0.0013226928499299644,0.002552774148105952,0.002962771748355131
failed-only-recovery-11,21,analytic,estimation,200,0.0003345269535388071,0.0010264174936637398,0.0030861194696585326,0.0032892647391484786
failed-only-recovery-11,21,analytic,operator,200,7.465679903731861e-05,0.05208950146007629,0.18641822375104966,0.21194773021136393
failed-only-recovery-11,21,analytic,total,200,0.0004091837525761257,0.052274939186491336,0.18666455519686026,0.2126921214220506
failed-only-recovery-11,21,matched,estimation,200,0.0003345985126378253,0.001007343461459424,0.0028868766965957082,0.0031103270177257336
failed-only-recovery-11,21,matched,operator,200,0.0,0.0,0.0,0.0
failed-only-recovery-11,21,matched,total,200,0.0003345985126378253,0.001007343461459424,0.0028868766965957082,0.0031103270177257336
failed-only-recovery-11,22,analytic,estimation,200,-0.0029420719795755744,0.003139648865796285,0.004841704878033037,0.005055639473279916
failed-only-recovery-11,22,analytic,operator,200,0.0008328845492765447,0.04875452807612329,0.1803488729633167,0.21163595194807522
failed-only-recovery-11,22,analytic,total,200,-0.0021091874302990297,0.04881237942370643,0.18304009116079034,0.21521371886290724
failed-only-recovery-11,22,matched,estimation,200,-0.0029477046638784034,0.0031402952872784527,0.004839896879672234,0.004911029454666815
failed-only-recovery-11,22,matched,operator,200,0.0,0.0,0.0,0.0
failed-only-recovery-11,22,matched,total,200,-0.0029477046638784034,0.0031402952872784527,0.004839896879672234,0.004911029454666815
failed-only-recovery-11,23,analytic,estimation,200,0.0017556391067037357,0.0020076257099600576,0.002904031653053918,0.0030254550432444183
failed-only-recovery-11,23,analytic,operator,200,0.003094473754020559,0.03781523543494446,0.14505205282889527,0.2649242738080336
failed-only-recovery-11,23,analytic,total,200,0.004850112860724295,0.03793214115812088,0.14778733788944803,0.26595459271067756
failed-only-recovery-11,23,matched,estimation,200,0.001738939618568747,0.0019947981058338294,0.002944938921671525,0.0030519850707727003
failed-only-recovery-11,23,matched,operator,200,0.0,0.0,0.0,0.0
failed-only-recovery-11,23,matched,total,200,0.001738939618568747,0.0019947981058338294,0.002944938921671525,0.0030519850707727003
failed-only-recovery-11,24,analytic,estimation,200,0.0007565131232588757,0.0012494025520210473,0.0025816381135040367,0.0026088036926876224
failed-only-recovery-11,24,analytic,operator,200,-0.00686426106028078,0.05526129364898434,0.20589476144457405,0.22268587350667554
failed-only-recovery-11,24,analytic,total,200,-0.0061077479370219056,0.05545070592291086,0.20763341832092014,0.22289622565493375
failed-only-recovery-11,24,matched,estimation,200,0.0007800433459338019,0.0012331414393453308,0.0025996352198601747,0.0026071475520567933
failed-only-recovery-11,24,matched,operator,200,0.0,0.0,0.0,0.0
failed-only-recovery-11,24,matched,total,200,0.0007800433459338019,0.0012331414393453308,0.0025996352198601747,0.0026071475520567933
failed-only-recovery-11,25,analytic,estimation,200,-0.0010599139652129942,0.0012195243325316303,0.0024455401620594452,0.002500565239799468
failed-only-recovery-11,25,analytic,operator,200,0.0019369865635844872,0.043108095347461024,0.2017857987772373,0.24782671689567382
failed-only-recovery-11,25,analytic,total,200,0.0008770725983714933,0.04318676741629498,0.20122373999488669,0.24795490981744894
failed-only-recovery-11,25,matched,estimation,200,-0.0010673067534591122,0.0012216953368408582,0.0021731011601727086,0.002608510722050539
failed-only-recovery-11,25,matched,operator,200,0.0,0.0,0.0,0.0
failed-only-recovery-11,25,matched,total,200,-0.0010673067534591122,0.0012216953368408582,0.0021731011601727086,0.002608510722050539
failed-only-recovery-11,26,analytic,estimation,200,-0.0004065888917839575,0.0008211187756890586,0.0018598987603715145,0.001934091629167578
failed-only-recovery-11,26,analytic,operator,200,0.0049807718756456195,0.059999120586735885,0.27655202240586396,0.3493832953850377
failed-only-recovery-11,26,analytic,total,200,0.004574182983861662,0.060193384797683186,0.27747596744639974,0.3503920460610142
failed-only-recovery-11,26,matched,estimation,200,-0.0004285139493253829,0.0007979198256773675,0.0018732053056375042,0.0019721378870766193
failed-only-recovery-11,26,matched,operator,200,0.0,0.0,0.0,0.0
failed-only-recovery-11,26,matched,total,200,-0.0004285139493253829,0.0007979198256773675,0.0018732053056375042,0.0019721378870766193
failed-only-recovery-11,27,analytic,estimation,200,0.002298981982049753,0.002416253813554558,0.0035831668486767665,0.0037295731493218742
failed-only-recovery-11,27,analytic,operator,200,-0.0019171431516125906,0.06231678660785412,0.2375570901594615,0.32506479180531267
failed-only-recovery-11,27,analytic,total,200,0.0003818388304371626,0.0623819618126028,0.24076424674712596,0.3221401059542792
failed-only-recovery-11,27,matched,estimation,200,0.00228886367582218,0.0024014783917361278,0.0035736921367770513,0.0036633132616297193
failed-only-recovery-11,27,matched,operator,200,0.0,0.0,0.0,0.0
failed-only-recovery-11,27,matched,total,200,0.00228886367582218,0.0024014783917361278,0.0035736921367770513,0.0036633132616297193
failed-only-recovery-11,28,analytic,estimation,200,-0.003676515196153731,0.0037967883046694587,0.004728076066603748,0.004754171978802457
failed-only-recovery-11,28,analytic,operator,200,0.0013690663979458884,0.042890643148598404,0.22022245935050266,0.31748738295163004
failed-only-recovery-11,28,analytic,total,200,-0.0023074487982078424,0.043081233264936965,0.22283825794292988,0.32147253104579077
failed-only-recovery-11,28,matched,estimation,200,-0.0036833835060537863,0.003798692483546011,0.00470770182399316,0.004717255225660022
failed-only-recovery-11,28,matched,operator,200,0.0,0.0,0.0,0.0
failed-only-recovery-11,28,matched,total,200,-0.0036833835060537863,0.003798692483546011,0.00470770182399316,0.004717255225660022
failed-only-recovery-11,29,analytic,estimation,200,0.0014538729048776758,0.0015823007869252745,0.0025639827118458802,0.0026927371528019384
failed-only-recovery-11,29,analytic,operator,200,-0.0032128247378702722,0.049786546828697736,0.21440827640615284,0.25151503428363625
failed-only-recovery-11,29,analytic,total,200,-0.0017589518329925963,0.049867355523127016,0.2165447183664262,0.2502807530366565
failed-only-recovery-11,29,matched,estimation,200,0.0014576169703355178,0.0015763889896898468,0.002538976212882016,0.0026946829789221693
failed-only-recovery-11,29,matched,operator,200,0.0,0.0,0.0,0.0
failed-only-recovery-11,29,matched,total,200,0.0014576169703355178,0.0015763889896898468,0.002538976212882016,0.0026946829789221693
failed-only-recovery-11,30,analytic,estimation,200,0.0013822768419420894,0.0015214047210054117,0.002557020133072352,0.002689580706411121
failed-only-recovery-11,30,analytic,operator,200,0.005017222233852466,0.046536494963177355,0.23816218648571852,0.244330822287617
failed-only-recovery-11,30,analytic,total,200,0.006399499075794555,0.046874755036183866,0.2370462514403256,0.24692983411996722
failed-only-recovery-11,30,matched,estimation,200,0.0013630118652213931,0.0014953633564967653,0.002416230381709572,0.002452471362865416
failed-only-recovery-11,30,matched,operator,200,0.0,0.0,0.0,0.0
failed-only-recovery-11,30,matched,total,200,0.0013630118652213931,0.0014953633564967653,0.002416230381709572,0.002452471362865416
failed-only-recovery-11,31,analytic,estimation,200,0.0012607109754397463,0.001593490847022126,0.0030573612714741016,0.0031561821007672908
failed-only-recovery-11,31,analytic,operator,200,-0.0009941374591640548,0.05328505023389898,0.17795058137655795,0.24433651584130692
failed-only-recovery-11,31,analytic,total,200,0.0002665735162756914,0.053394918331209386,0.1776830415326075,0.24518873507502947
failed-only-recovery-11,31,matched,estimation,200,0.0012838301907220294,0.001591594493342155,0.0031466543237382294,0.0032112385562322876
failed-only-recovery-11,31,matched,operator,200,0.0,0.0,0.0,0.0
failed-only-recovery-11,31,matched,total,200,0.0012838301907220294,0.001591594493342155,0.0031466543237382294,0.0032112385562322876
failed-only-recovery-11,32,analytic,estimation,200,0.0034975927295930378,0.0037811035048934405,0.0057358610950615785,0.005839720957672212
failed-only-recovery-11,32,analytic,operator,200,-0.0016618694545160798,0.054084728450513556,0.2051143081233568,0.27283570525728784
failed-only-recovery-11,32,analytic,total,200,0.0018357232750769576,0.054196752086176594,0.2005265510195286,0.27551032545176724
failed-only-recovery-11,32,matched,estimation,200,0.003497329243931868,0.0037869610408760137,0.005824177011688261,0.005885645076729725
failed-only-recovery-11,32,matched,operator,200,0.0,0.0,0.0,0.0
failed-only-recovery-11,32,matched,total,200,0.003497329243931868,0.0037869610408760137,0.005824177011688261,0.005885645076729725
failed-only-recovery-11,33,analytic,estimation,200,-0.003932646349340377,0.0040998541896456785,0.006287307473469922,0.006466451662338002
failed-only-recovery-11,33,analytic,operator,200,0.0012437503717093984,0.04377219583168213,0.1717485817943572,0.23560040057712628
failed-only-recovery-11,33,analytic,total,200,-0.0026888959776309785,0.0437895192847447,0.17416347474250338,0.2295694918162961
failed-only-recovery-11,33,matched,estimation,200,-0.003931200293479694,0.004096120660303436,0.006286430981292779,0.006398859060289544
failed-only-recovery-11,33,matched,operator,200,0.0,0.0,0.0,0.0
failed-only-recovery-11,33,matched,total,200,-0.003931200293479694,0.004096120660303436,0.006286430981292779,0.006398859060289544
failed-only-recovery-11,34,analytic,estimation,200,0.0025817078031699454,0.002868625342920385,0.004662304340444123,0.004724710263490417
failed-only-recovery-11,34,analytic,operator,200,-0.0007080176173343726,0.020318086783185557,0.10239912266312545,0.12836780959897565
failed-only-recovery-11,34,analytic,total,200,0.0018736901858355727,0.02043041601345406,0.10558752720560155,0.13081396745868124
failed-only-recovery-11,34,matched,estimation,200,0.0025814895710914204,0.0028605849963248536,0.004654768877378035,0.004724234457431087
failed-only-recovery-11,34,matched,operator,200,0.0,0.0,0.0,0.0
failed-only-recovery-11,34,matched,total,200,0.0025814895710914204,0.0028605849963248536,0.004654768877378035,0.004724234457431087
failed-only-recovery-11,35,analytic,estimation,200,-0.0019128309492857085,0.0021200503712654546,0.003908385804644976,0.004008916716957189
failed-only-recovery-11,35,analytic,operator,200,-0.007814982862601101,0.052058531994864966,0.20339267982294712,0.27141922121099693
failed-only-recovery-11,35,analytic,total,200,-0.009727813811886811,0.05261379178087363,0.2065423122030726,0.2746340499541817
failed-only-recovery-11,35,matched,estimation,200,-0.0018570025255733322,0.0020546540165149725,0.0037247735095163326,0.003964941309435144
failed-only-recovery-11,35,matched,operator,200,0.0,0.0,0.0,0.0
failed-only-recovery-11,35,matched,total,200,-0.0018570025255733322,0.0020546540165149725,0.0037247735095163326,0.003964941309435144
failed-only-recovery-11,36,analytic,estimation,200,0.0006272672551596277,0.001016580616065112,0.0026663319940825048,0.0027533793779492832
failed-only-recovery-11,36,analytic,operator,200,-0.0041134775382526715,0.024947034657272108,0.08495746438053192,0.1897672773834368
failed-only-recovery-11,36,analytic,total,200,-0.0034862102830930442,0.024759045573137482,0.08376765168534733,0.19017589224992404
failed-only-recovery-11,36,matched,estimation,200,0.0005932310030586028,0.0009847480433058092,0.0027037104125910427,0.002746174008193103
failed-only-recovery-11,36,matched,operator,200,0.0,0.0,0.0,0.0
failed-only-recovery-11,36,matched,total,200,0.0005932310030586028,0.0009847480433058092,0.0027037104125910427,0.002746174008193103
failed-only-recovery-11,37,analytic,estimation,200,-7.509243106732496e-05,0.0003527412591102922,0.0010359778189464597,0.0012598457331764734
failed-only-recovery-11,37,analytic,operator,200,-0.0008763945395328281,0.016816713301523234,0.06041627288826812,0.09762455210394638
failed-only-recovery-11,37,analytic,total,200,-0.0009514869706001531,0.016814962017340295,0.06084949482038893,0.09810523851306963
failed-only-recovery-11,37,matched,estimation,200,-7.409689289695486e-05,0.0003439701869974527,0.001096493203765661,0.0013191465775652944
failed-only-recovery-11,37,matched,operator,200,0.0,0.0,0.0,0.0
failed-only-recovery-11,37,matched,total,200,-7.409689289695486e-05,0.0003439701869974527,0.001096493203765661,0.0013191465775652944
failed-only-recovery-11,38,analytic,estimation,200,-0.00022233341482563867,0.0004061329537266818,0.0012900649640943396,0.0014121126219444058
failed-only-recovery-11,38,analytic,operator,200,-0.0013496868166818926,0.021028526548693225,0.065812704329093,0.24055759111846683
failed-only-recovery-11,38,analytic,total,200,-0.0015720202315075316,0.021053693778687897,0.06540712282975839,0.2413314690331114
failed-only-recovery-11,38,matched,estimation,200,-0.0002170730637086684,0.0004008102150139566,0.0012826192253365676,0.0013732323305890581
failed-only-recovery-11,38,matched,operator,200,0.0,0.0,0.0,0.0
failed-only-recovery-11,38,matched,total,200,-0.0002170730637086684,0.0004008102150139566,0.0012826192253365676,0.0013732323305890581
failed-only-recovery-11,39,analytic,estimation,200,-0.00020768064136443846,0.0002657767027370204,0.000600060373151301,0.0006140547389819062
failed-only-recovery-11,39,analytic,operator,200,0.0009516764089461952,0.009190470090915658,0.040536334374545985,0.04864221008096095
failed-only-recovery-11,39,analytic,total,200,0.0007439957675817567,0.009184409719483753,0.04019418897210572,0.04866988581861778
failed-only-recovery-11,39,matched,estimation,200,-0.00021094153556654505,0.00026592231107031776,0.0005998624530612062,0.0006138578533532169
failed-only-recovery-11,39,matched,operator,200,0.0,0.0,0.0,0.0
failed-only-recovery-11,39,matched,total,200,-0.00021094153556654505,0.00026592231107031776,0.0005998624530612062,0.0006138578533532169
failed-only-recovery-11,40,analytic,estimation,200,0.00016668587351626626,0.00021340179239950444,0.0005766339527202291,0.0005773477285981876
failed-only-recovery-11,40,analytic,operator,200,0.00014536483912698083,0.008214547752136453,0.04521847432083869,0.0713476287460253
failed-only-recovery-11,40,analytic,total,200,0.00031205071264324717,0.008223743305948439,0.04500713464770315,0.07163498312131558
failed-only-recovery-11,40,matched,estimation,200,0.00016543738743496448,0.00021093738703523642,0.0005766026360212173,0.0005910575106728988
failed-only-recovery-11,40,matched,operator,200,0.0,0.0,0.0,0.0
failed-only-recovery-11,40,matched,total,200,0.00016543738743496448,0.00021093738703523642,0.0005766026360212173,0.0005910575106728988
failed-only-recovery-11,41,analytic,estimation,200,0.00039226052668100644,0.0012810940353483685,0.002848472380408973,0.002921042272293173
failed-only-recovery-11,41,analytic,operator,200,0.003752555628152921,0.05173806362625335,0.18290157260365744,0.2523315993015669
failed-only-recovery-11,41,analytic,total,200,0.004144816154833927,0.05184317760117114,0.18381231933609174,0.252332162407086
failed-only-recovery-11,41,matched,estimation,200,0.00037003805195668857,0.0012522319189469837,0.002846392748944715,0.002920881205441317
failed-only-recovery-11,41,matched,operator,200,0.0,0.0,0.0,0.0
failed-only-recovery-11,41,matched,total,200,0.00037003805195668857,0.0012522319189469837,0.002846392748944715,0.002920881205441317
failed-only-recovery-11,42,analytic,estimation,200,0.0006002545137394422,0.0011913119878889425,0.00262553949268024,0.002693325520824491
failed-only-recovery-11,42,analytic,operator,200,0.002737704513438361,0.07570444454983727,0.2508942611089311,0.3097262025309949
failed-only-recovery-11,42,analytic,total,200,0.0033379590271778036,0.07591167515467467,0.25138846496225375,0.31065869275342384
failed-only-recovery-11,42,matched,estimation,200,0.0005815111054941498,0.0011457874439465242,0.002437178793688821,0.0026030113308921354
failed-only-recovery-11,42,matched,operator,200,0.0,0.0,0.0,0.0
failed-only-recovery-11,42,matched,total,200,0.0005815111054941498,0.0011457874439465242,0.002437178793688821,0.0026030113308921354
failed-only-recovery-11,43,analytic,estimation,200,-0.0016919988516036438,0.002136051089426997,0.004219805601535953,0.004568026074634357
failed-only-recovery-11,43,analytic,operator,200,-0.0023907887702107468,0.04658781522720324,0.18908160516796452,0.24704862169916875
failed-only-recovery-11,43,analytic,total,200,-0.004082787621814391,0.04680704340962421,0.1915036273014819,0.24722903430453336
failed-only-recovery-11,43,matched,estimation,200,-0.0016850214232840511,0.0021231920418990006,0.004224843572978532,0.004585432806862633
failed-only-recovery-11,43,matched,operator,200,0.0,0.0,0.0,0.0
failed-only-recovery-11,43,matched,total,200,-0.0016850214232840511,0.0021231920418990006,0.004224843572978532,0.004585432806862633
failed-only-recovery-11,44,analytic,estimation,200,-0.0006288043826433272,0.001223733141337171,0.004744234411273918,0.004866429224106517
failed-only-recovery-11,44,analytic,operator,200,0.0028993964562542885,0.04577066558587841,0.15435807181066336,0.18058825816408547
failed-only-recovery-11,44,analytic,total,200,0.002270592073610961,0.0459050740974879,0.15922450103476987,0.1853324925753594
failed-only-recovery-11,44,matched,estimation,200,-0.0006269893150499836,0.0011922113416409528,0.004625656317910787,0.0048998611613906284
failed-only-recovery-11,44,matched,operator,200,0.0,0.0,0.0,0.0
failed-only-recovery-11,44,matched,total,200,-0.0006269893150499836,0.0011922113416409528,0.004625656317910787,0.0048998611613906284
failed-only-recovery-11,45,analytic,estimation,200,-2.8688220254145804e-06,0.0006804692956227525,0.0016893874279864107,0.0017580353237395818
failed-only-recovery-11,45,analytic,operator,200,-0.004568573343897636,0.05705733280374616,0.21532615186563855,0.2842587667742223
failed-only-recovery-11,45,analytic,total,200,-0.004571442165923051,0.057204578983786294,0.21518639167274564,0.2846095394818971
failed-only-recovery-11,45,matched,estimation,200,4.383220566031467e-06,0.0006657549239466185,0.0016643838966818383,0.001767575340728883
failed-only-recovery-11,45,matched,operator,200,0.0,0.0,0.0,0.0
failed-only-recovery-11,45,matched,total,200,4.383220566031467e-06,0.0006657549239466185,0.0016643838966818383,0.001767575340728883
failed-only-recovery-11,46,analytic,estimation,200,-0.002366359314493539,0.002441439101518228,0.0037377241607454703,0.004134052051080195
failed-only-recovery-11,46,analytic,operator,200,0.0015214423866931508,0.027126828981569123,0.13848119702267203,0.18677898687208772
failed-only-recovery-11,46,analytic,total,200,-0.0008449169278003882,0.027131860385128777,0.14075348050750813,0.18515851187019716
failed-only-recovery-11,46,matched,estimation,200,-0.002362563240987339,0.002435377969299711,0.0036406154115973567,0.003972931383046663
failed-only-recovery-11,46,matched,operator,200,0.0,0.0,0.0,0.0
failed-only-recovery-11,46,matched,total,200,-0.002362563240987339,0.002435377969299711,0.0036406154115973567,0.003972931383046663
failed-only-recovery-11,47,analytic,estimation,200,0.0006218047724942208,0.0008398447526577506,0.0023855824656911495,0.0024199157455356834
failed-only-recovery-11,47,analytic,operator,200,0.0007109175228794582,0.04325021594942511,0.2185899969183644,0.2809220150136617
failed-only-recovery-11,47,analytic,total,200,0.001332722295373679,0.04332532906484223,0.2195564096971318,0.2822976429779285
failed-only-recovery-11,47,matched,estimation,200,0.0006255185503299576,0.0008412835944317351,0.0023822962678807236,0.002555083399049418
failed-only-recovery-11,47,matched,operator,200,0.0,0.0,0.0,0.0
failed-only-recovery-11,47,matched,total,200,0.0006255185503299576,0.0008412835944317351,0.0023822962678807236,0.002555083399049418
failed-only-recovery-11,48,analytic,estimation,200,0.000813451990729971,0.0009387567221206958,0.0018525365173349684,0.0018718620170837807
failed-only-recovery-11,48,analytic,operator,200,-0.0031934713359301706,0.03216962010125844,0.1731214539644393,0.19365338182051633
failed-only-recovery-11,48,analytic,total,200,-0.0023800193452002,0.03217106131597095,0.1731214539644393,0.19479447176075482
failed-only-recovery-11,48,matched,estimation,200,0.0008215217181894446,0.0009409294399914159,0.0018488245894987543,0.0018712947511898559
failed-only-recovery-11,48,matched,operator,200,0.0,0.0,0.0,0.0
failed-only-recovery-11,48,matched,total,200,0.0008215217181894446,0.0009409294399914159,0.0018488245894987543,0.0018712947511898559
failed-only-recovery-11,49,analytic,estimation,200,0.0015503637635585236,0.0018853562012027987,0.003517368754113348,0.0036021068747870144
failed-only-recovery-11,49,analytic,operator,200,7.183575672132699e-05,0.054908855465449255,0.18680662609022175,0.19461915241847366
failed-only-recovery-11,49,analytic,total,200,0.0016221995202798504,0.05489500098731861,0.18724844666851403,0.195038227259906
failed-only-recovery-11,49,matched,estimation,200,0.001550302441189979,0.001888057433569132,0.0035094794027099585,0.003518837814490472
failed-only-recovery-11,49,matched,operator,200,0.0,0.0,0.0,0.0
failed-only-recovery-11,49,matched,total,200,0.001550302441189979,0.001888057433569132,0.0035094794027099585,0.003518837814490472
failed-only-recovery-11,50,analytic,estimation,200,-0.0013103548460639742,0.0014697439854081003,0.0025726424213127624,0.002619404925774893
failed-only-recovery-11,50,analytic,operator,200,-0.0015935478179512847,0.057627951532299354,0.17887624340031577,0.32281228594816513
failed-only-recovery-11,50,analytic,total,200,-0.002903902664015259,0.05769110357793095,0.18033064259272624,0.32428240020639537
failed-only-recovery-11,50,matched,estimation,200,-0.0013088294117667057,0.0014704094119885173,0.0024186503811555737,0.002644404267374667
failed-only-recovery-11,50,matched,operator,200,0.0,0.0,0.0,0.0
failed-only-recovery-11,50,matched,total,200,-0.0013088294117667057,0.0014704094119885173,0.0024186503811555737,0.002644404267374667
failed-only-recovery-11,51,analytic,estimation,200,-0.0004083802210763709,0.0008233406228465962,0.0023017628789282207,0.003643414572068515
failed-only-recovery-11,51,analytic,operator,200,0.0023452242629926315,0.05000060434917729,0.1999095438924947,0.2494679664871189
failed-only-recovery-11,51,analytic,total,200,0.0019368440419162605,0.05004618963922049,0.1999978040871252,0.24867342227326583
failed-only-recovery-11,51,matched,estimation,200,-0.00040575514091905013,0.0008224227443790089,0.002493937711727845,0.002723751018912035
failed-only-recovery-11,51,matched,operator,200,0.0,0.0,0.0,0.0
failed-only-recovery-11,51,matched,total,200,-0.00040575514091905013,0.0008224227443790089,0.002493937711727845,0.002723751018912035
failed-only-recovery-11,52,analytic,estimation,200,0.0006570300126686274,0.0011576436532439087,0.0045388576011526904,0.00475114981152247
failed-only-recovery-11,52,analytic,operator,200,-0.003466722777662798,0.03518895216121654,0.1270889512582827,0.18852272889903146
failed-only-recovery-11,52,analytic,total,200,-0.0028096927649941704,0.03525009242477044,0.1267964604506535,0.1888738561356358
failed-only-recovery-11,52,matched,estimation,200,0.0006708630983337137,0.0011708312157166295,0.004699493402327448,0.00492011939324466
failed-only-recovery-11,52,matched,operator,200,0.0,0.0,0.0,0.0
failed-only-recovery-11,52,matched,total,200,0.0006708630983337137,0.0011708312157166295,0.004699493402327448,0.00492011939324466
failed-only-recovery-11,53,analytic,estimation,200,0.00017760502886064662,0.001764908524459875,0.007725147938731025,0.008129211671810133
failed-only-recovery-11,53,analytic,operator,200,-0.010358311604646482,0.07373375667197234,0.26520140892068994,0.3044555180625509
failed-only-recovery-11,53,analytic,total,200,-0.010180706575785837,0.07372842332499538,0.2650886275076543,0.3044207738905955
failed-only-recovery-11,53,matched,estimation,200,0.00019650660417720929,0.0017680137778966598,0.007713779848870228,0.008129732787665045
failed-only-recovery-11,53,matched,operator,200,0.0,0.0,0.0,0.0
failed-only-recovery-11,53,matched,total,200,0.00019650660417720929,0.0017680137778966598,0.007713779848870228,0.008129732787665045
failed-only-recovery-11,54,analytic,estimation,200,0.0004147580600628826,0.0008253109311718356,0.002224709945808312,0.0023810145168010055
failed-only-recovery-11,54,analytic,operator,200,-0.002980386508109022,0.05500930915371019,0.22396757247072757,0.30965813517456536
failed-only-recovery-11,54,analytic,total,200,-0.0025656284480461396,0.055103845997808786,0.22391929867607435,0.3115454074717355
failed-only-recovery-11,54,matched,estimation,200,0.00042515421776985837,0.0008256203049893131,0.0021858925146373553,0.00250417807593728
failed-only-recovery-11,54,matched,operator,200,0.0,0.0,0.0,0.0
failed-only-recovery-11,54,matched,total,200,0.00042515421776985837,0.0008256203049893131,0.0021858925146373553,0.00250417807593728
failed-only-recovery-11,55,analytic,estimation,200,-0.0023995687217215488,0.0024631550725280334,0.004095459195188722,0.004337433262944779
failed-only-recovery-11,55,analytic,operator,200,-0.0033005965328359345,0.022033045380635045,0.06042153725636612,0.19593093239300396
failed-only-recovery-11,55,analytic,total,200,-0.005700165254557483,0.022524605145922517,0.06195381159453961,0.20026836565594874
failed-only-recovery-11,55,matched,estimation,200,-0.0023868995032793614,0.0024506735015356654,0.003755282148847572,0.004402973532526833
failed-only-recovery-11,55,matched,operator,200,0.0,0.0,0.0,0.0
failed-only-recovery-11,55,matched,total,200,-0.0023868995032793614,0.0024506735015356654,0.003755282148847572,0.004402973532526833
failed-only-recovery-11,56,analytic,estimation,200,0.0015904500456654141,0.0016884660461949526,0.0026836534175210813,0.002742101414518694
failed-only-recovery-11,56,analytic,operator,200,0.0036692156488857186,0.03149085305245837,0.14391968482457734,0.23372889685995846
failed-only-recovery-11,56,analytic,total,200,0.005259665694551132,0.03172003476215388,0.14547415383741957,0.23563750727164806
failed-only-recovery-11,56,matched,estimation,200,0.0015787702047048138,0.001680127799380453,0.002682992833002218,0.0027422422552152437
failed-only-recovery-11,56,matched,operator,200,0.0,0.0,0.0,0.0
failed-only-recovery-11,56,matched,total,200,0.0015787702047048138,0.001680127799380453,0.002682992833002218,0.0027422422552152437
failed-only-recovery-11,57,analytic,estimation,200,0.0008409941923215354,0.0010764851535716873,0.0022460680943826583,0.0023810215356089293
failed-only-recovery-11,57,analytic,operator,200,0.0036668473479538975,0.03396628636676274,0.16369156227041182,0.18992560342290057
failed-only-recovery-11,57,analytic,total,200,0.004507841540275433,0.03421603616360625,0.16582096142664154,0.1920539119138777
failed-only-recovery-11,57,matched,estimation,200,0.0008231268149251787,0.0010526235828223882,0.002171709226689189,0.002375668209595838
failed-only-recovery-11,57,matched,operator,200,0.0,0.0,0.0,0.0
failed-only-recovery-11,57,matched,total,200,0.0008231268149251787,0.0010526235828223882,0.002171709226689189,0.002375668209595838
failed-only-recovery-11,58,analytic,estimation,200,0.0013415429928031475,0.001959610553722028,0.004519273182273631,0.004569762289312385
failed-only-recovery-11,58,analytic,operator,200,-0.0027911279156639457,0.06089648027287295,0.19423539289463287,0.3483527896978236
failed-only-recovery-11,58,analytic,total,200,-0.0014495849228607983,0.061278684292781126,0.19820442019006168,0.34902261288900444
failed-only-recovery-11,58,matched,estimation,200,0.001362024532560352,0.0018995781326147372,0.004288818719421217,0.004691391923538846
failed-only-recovery-11,58,matched,operator,200,0.0,0.0,0.0,0.0
failed-only-recovery-11,58,matched,total,200,0.001362024532560352,0.0018995781326147372,0.004288818719421217,0.004691391923538846
failed-only-recovery-11,59,analytic,estimation,200,0.00036525339232220587,0.0013191450919373294,0.002754113259855917,0.002882558091806431
failed-only-recovery-11,59,analytic,operator,200,-0.007488343045208343,0.056687899814453616,0.21726226579610516,0.28866547957335664
failed-only-recovery-11,59,analytic,total,200,-0.0071230896528861375,0.05674913204558888,0.2173235757754942,0.2892385333603861
failed-only-recovery-11,59,matched,estimation,200,0.00039586157122422277,0.0013328357552993887,0.0027821029621335897,0.002884669388084307
failed-only-recovery-11,59,matched,operator,200,0.0,0.0,0.0,0.0
failed-only-recovery-11,59,matched,total,200,0.00039586157122422277,0.0013328357552993887,0.0027821029621335897,0.002884669388084307
failed-only-recovery-11,60,analytic,estimation,200,-0.005463449986557551,0.005695477718929458,0.009515517228310344,0.009628615714375233
failed-only-recovery-11,60,analytic,operator,200,-0.0012246175419389754,0.04239460499219053,0.18640784987061992,0.20617293535707631
failed-only-recovery-11,60,analytic,total,200,-0.006688067528496527,0.042833508727937744,0.1835818337539579,0.2104724586815518
failed-only-recovery-11,60,matched,estimation,200,-0.005451943214599559,0.005685335272434156,0.009342138460686433,0.009660338855510098
failed-only-recovery-11,60,matched,operator,200,0.0,0.0,0.0,0.0
failed-only-recovery-11,60,matched,total,200,-0.005451943214599559,0.005685335272434156,0.009342138460686433,0.009660338855510098
failed-only-recovery-11,61,analytic,estimation,200,0.002557784881984736,0.0029473461652697185,0.005390227503060285,0.0056554373528237
failed-only-recovery-11,61,analytic,operator,200,0.0008043199466524161,0.03367758810628925,0.14175468157158158,0.1755519874657134
failed-only-recovery-11,61,analytic,total,200,0.0033621048286371523,0.03413800082127967,0.13995122328727613,0.1798055700072905
failed-only-recovery-11,61,matched,estimation,200,0.0025548472073403067,0.002928572952877523,0.005235532699350398,0.005868213797430855
failed-only-recovery-11,61,matched,operator,200,0.0,0.0,0.0,0.0
failed-only-recovery-11,61,matched,total,200,0.0025548472073403067,0.002928572952877523,0.005235532699350398,0.005868213797430855
failed-only-recovery-11,62,analytic,estimation,200,0.0013888840432760988,0.001978609249895688,0.004230206246547186,0.00424346833109146
failed-only-recovery-11,62,analytic,operator,200,-0.0037581700393067964,0.05038107430513459,0.1722378250530197,0.19972626422471915
failed-only-recovery-11,62,analytic,total,200,-0.002369285996030697,0.05066956021858896,0.17388233415678928,0.20218005776199702
failed-only-recovery-11,62,matched,estimation,200,0.0013971338942365679,0.0019319241907104464,0.004227245915595257,0.004457672055370232
failed-only-recovery-11,62,matched,operator,200,0.0,0.0,0.0,0.0
failed-only-recovery-11,62,matched,total,200,0.0013971338942365679,0.0019319241907104464,0.004227245915595257,0.004457672055370232
failed-only-recovery-11,63,analytic,estimation,200,0.00013853438832839884,0.00043685573081984533,0.0010553546279842285,0.0013810675331870637
failed-only-recovery-11,63,analytic,operator,200,-0.0004906985018901396,0.021089644263080222,0.07187830007569324,0.19575768235483337
failed-only-recovery-11,63,analytic,total,200,-0.0003521641135617408,0.021148264191617788,0.07217132319361441,0.1962586684968981
failed-only-recovery-11,63,matched,estimation,200,0.00014244089408083858,0.00042977819895808787,0.0012737316111755548,0.0013302313757150297
failed-only-recovery-11,63,matched,operator,200,0.0,0.0,0.0,0.0
failed-only-recovery-11,63,matched,total,200,0.00014244089408083858,0.00042977819895808787,0.0012737316111755548,0.0013302313757150297
failed-only-recovery-11,64,analytic,estimation,200,-0.000266698761160378,0.0003169385564080412,0.0005679655729286803,0.00059692130314426
failed-only-recovery-11,64,analytic,operator,200,0.0008573358526045661,0.01826703004234429,0.0686846231000103,0.09492943768291887
failed-only-recovery-11,64,analytic,total,200,0.0005906370914441881,0.018239412048425004,0.06876290280169087,0.09436398595536052
failed-only-recovery-11,64,matched,estimation,200,-0.0002639397568473996,0.00030853484001476696,0.0005822131751481441,0.000589483295329013
failed-only-recovery-11,64,matched,operator,200,0.0,0.0,0.0,0.0
failed-only-recovery-11,64,matched,total,200,-0.0002639397568473996,0.00030853484001476696,0.0005822131751481441,0.000589483295329013
failed-only-recovery-11,65,analytic,estimation,200,0.0006582689457339802,0.0007078046704148893,0.0009756361610409048,0.0009850074727202895
failed-only-recovery-11,65,analytic,operator,200,0.0012019390266043576,0.012854003963438955,0.04710187067454611,0.07873703461166315
failed-only-recovery-11,65,analytic,total,200,0.0018602079723383377,0.012874665138225978,0.04710187067454611,0.07872807659504955
failed-only-recovery-11,65,matched,estimation,200,0.0006598424561790568,0.0007076004945730305,0.0009756073711685853,0.0009848810483977788
failed-only-recovery-11,65,matched,operator,200,0.0,0.0,0.0,0.0
failed-only-recovery-11,65,matched,total,200,0.0006598424561790568,0.0007076004945730305,0.0009756073711685853,0.0009848810483977788
failed-only-recovery-11,66,analytic,estimation,200,-0.00021247849060613015,0.00027337235965138335,0.0004588749565161837,0.00046439786406465844
failed-only-recovery-11,66,analytic,operator,200,-0.0003273496515895314,0.008832229142787546,0.03735628888777551,0.05134650133823768
failed-only-recovery-11,66,analytic,total,200,-0.0005398281421956615,0.008804566459608271,0.03743564732461962,0.05145615961009316
failed-only-recovery-11,66,matched,estimation,200,-0.00021436814541789102,0.000271550646178599,0.0004709224368673118,0.0004926619035375557
failed-only-recovery-11,66,matched,operator,200,0.0,0.0,0.0,0.0
failed-only-recovery-11,66,matched,total,200,-0.00021436814541789102,0.000271550646178599,0.0004709224368673118,0.0004926619035375557
failed-only-recovery-11,67,analytic,estimation,200,0.0048243980618741175,0.005183137945885511,0.007944042371591298,0.00812874080600956
failed-only-recovery-11,67,analytic,operator,200,0.006538994322968992,0.053241554781070136,0.18732534409738777,0.2207047150675914
failed-only-recovery-11,67,analytic,total,200,0.011363392384843109,0.05416464208132808,0.19316526708573423,0.22439215035563487
failed-only-recovery-11,67,matched,estimation,200,0.0048207412453432795,0.0051791104615968985,0.00782717332804772,0.008027534477012432
failed-only-recovery-11,67,matched,operator,200,0.0,0.0,0.0,0.0
failed-only-recovery-11,67,matched,total,200,0.0048207412453432795,0.0051791104615968985,0.00782717332804772,0.008027534477012432
failed-only-recovery-11,68,analytic,estimation,200,-0.0029510870931609584,0.0032993716295751487,0.006148065220568988,0.0065504976198443865
failed-only-recovery-11,68,analytic,operator,200,0.0037605690622248937,0.05598099209030501,0.21614449862167148,0.22628902250937488
failed-only-recovery-11,68,analytic,total,200,0.0008094819690639353,0.056145234265549855,0.21359663929219944,0.22500088755029096
failed-only-recovery-11,68,matched,estimation,200,-0.0029567718304744557,0.0032880479806000943,0.006078583551910044,0.006365845469957776
failed-only-recovery-11,68,matched,operator,200,0.0,0.0,0.0,0.0
failed-only-recovery-11,68,matched,total,200,-0.0029567718304744557,0.0032880479806000943,0.006078583551910044,0.006365845469957776
failed-only-recovery-11,69,analytic,estimation,200,-0.0028972084685064663,0.003617066790992782,0.006506170994546423,0.007002009479231575
failed-only-recovery-11,69,analytic,operator,200,-0.00034726965368750016,0.04274991128877518,0.1427797655769636,0.1665796725201839
failed-only-recovery-11,69,analytic,total,200,-0.0032444781221939666,0.04307369335191694,0.1411955606094779,0.16518625328809688
failed-only-recovery-11,69,matched,estimation,200,-0.002926739052168883,0.0036304397424478715,0.006630548839060779,0.007020748127232412
failed-only-recovery-11,69,matched,operator,200,0.0,0.0,0.0,0.0
failed-only-recovery-11,69,matched,total,200,-0.002926739052168883,0.0036304397424478715,0.006630548839060779,0.007020748127232412
failed-only-recovery-11,70,analytic,estimation,200,0.0005540496803784277,0.001010008071505056,0.0024936562496533643,0.0031720436914413064
failed-only-recovery-11,70,analytic,operator,200,0.0017928901452360952,0.05047927159874339,0.19703513860342386,0.23361532523453127
failed-only-recovery-11,70,analytic,total,200,0.0023469398256145226,0.05058553408125278,0.19761020116541594,0.2346646463453
failed-only-recovery-11,70,matched,estimation,200,0.0005361630571865606,0.0009882848670325851,0.0025676659769293675,0.003170723155542454
failed-only-recovery-11,70,matched,operator,200,0.0,0.0,0.0,0.0
failed-only-recovery-11,70,matched,total,200,0.0005361630571865606,0.0009882848670325851,0.0025676659769293675,0.003170723155542454
failed-only-recovery-11,71,analytic,estimation,200,0.0010898000341598626,0.0016172161203297038,0.0036135073912280102,0.0037894046380158586
failed-only-recovery-11,71,analytic,operator,200,0.002114505836699832,0.041776006307672565,0.14573127221181326,0.1986876150362551
failed-only-recovery-11,71,analytic,total,200,0.0032043058708596944,0.04200127257756104,0.14617392203484655,0.1987310212024322
failed-only-recovery-11,71,matched,estimation,200,0.001116293351719978,0.001618916975419441,0.0033573703259773824,0.0040662470814400165
failed-only-recovery-11,71,matched,operator,200,0.0,0.0,0.0,0.0
failed-only-recovery-11,71,matched,total,200,0.001116293351719978,0.001618916975419441,0.0033573703259773824,0.0040662470814400165
failed-only-recovery-11,72,analytic,estimation,200,-0.0006286629128358017,0.0009741887878654244,0.0031560652167270387,0.0034959036582587477
failed-only-recovery-11,72,analytic,operator,200,-0.0009423099452529238,0.014709197899119378,0.07095023930807051,0.11297956965384831
failed-only-recovery-11,72,analytic,total,200,-0.0015709728580887256,0.01496793626525441,0.07444614296632926,0.11349181977877976
failed-only-recovery-11,72,matched,estimation,200,-0.000621760962486517,0.0009507835755797469,0.0030341946140773485,0.003493784264666247
failed-only-recovery-11,72,matched,operator,200,0.0,0.0,0.0,0.0
failed-only-recovery-11,72,matched,total,200,-0.000621760962486517,0.0009507835755797469,0.0030341946140773485,0.003493784264666247
failed-only-recovery-11,73,analytic,estimation,200,-0.000779987861978195,0.0016578007979421874,0.00565495727875831,0.005743491997518779
failed-only-recovery-11,73,analytic,operator,200,0.005283816143529454,0.05530805479421744,0.1948863133067651,0.28264557520227485
failed-only-recovery-11,73,analytic,total,200,0.004503828281551259,0.05540160529479665,0.1954469941551763,0.28193944178530755
failed-only-recovery-11,73,matched,estimation,200,-0.0008098651037073244,0.0016585532939426542,0.0054020130040532965,0.005817394887392968
failed-only-recovery-11,73,matched,operator,200,0.0,0.0,0.0,0.0
failed-only-recovery-11,73,matched,total,200,-0.0008098651037073244,0.0016585532939426542,0.0054020130040532965,0.005817394887392968
failed-only-recovery-11,74,analytic,estimation,200,0.0014034786583934549,0.0016969658515001518,0.0033727656076727452,0.003393408726774516
failed-only-recovery-11,74,analytic,operator,200,-0.0011039071347161771,0.05903148607979478,0.19714395342665275,0.282584691278835
failed-only-recovery-11,74,analytic,total,200,0.0002995715236772779,0.059125716611012485,0.1983391773463104,0.28499798602328696
failed-only-recovery-11,74,matched,estimation,200,0.0014053159031869884,0.0016939920736114493,0.0033935295848859792,0.003424148433385288
failed-only-recovery-11,74,matched,operator,200,0.0,0.0,0.0,0.0
failed-only-recovery-11,74,matched,total,200,0.0014053159031869884,0.0016939920736114493,0.0033935295848859792,0.003424148433385288
failed-only-recovery-11,75,analytic,estimation,200,-0.0031671329164408356,0.0033662125705544426,0.005606480396980584,0.0061044661152717394
failed-only-recovery-11,75,analytic,operator,200,-0.0018088804719443687,0.045249289149182206,0.19687373248654977,0.23159008658749353
failed-only-recovery-11,75,analytic,total,200,-0.004976013388385205,0.04552816849316055,0.19307737500912275,0.23406841236112158
failed-only-recovery-11,75,matched,estimation,200,-0.0031584992947314918,0.0033618336999022874,0.005689357793670913,0.006174563481435913
failed-only-recovery-11,75,matched,operator,200,0.0,0.0,0.0,0.0
failed-only-recovery-11,75,matched,total,200,-0.0031584992947314918,0.0033618336999022874,0.005689357793670913,0.006174563481435913
failed-only-recovery-11,76,analytic,estimation,200,0.0010215169415415312,0.001351557129323144,0.0031547818738197897,0.0032968489535174506
failed-only-recovery-11,76,analytic,operator,200,4.225008295192507e-06,0.038395984402188055,0.15687386828382693,0.20284568123009095
failed-only-recovery-11,76,analytic,total,200,0.0010257419498367237,0.038452160985878045,0.15911259187054028,0.20155370334762912
failed-only-recovery-11,76,matched,estimation,200,0.0010252827679800272,0.001352880142463813,0.0031652450998476134,0.0033067759029008492
failed-only-recovery-11,76,matched,operator,200,0.0,0.0,0.0,0.0
failed-only-recovery-11,76,matched,total,200,0.0010252827679800272,0.001352880142463813,0.0031652450998476134,0.0033067759029008492
failed-only-recovery-11,77,analytic,estimation,200,-0.001058017986443556,0.0014150543064863812,0.00280094014937865,0.002811138834388882
failed-only-recovery-11,77,analytic,operator,200,-0.0025125707422447977,0.06520371081322777,0.23384454483282452,0.3368108238623277
failed-only-recovery-11,77,analytic,total,200,-0.003570588728688354,0.06550196241400226,0.23618963014597866,0.3391463007102841
failed-only-recovery-11,77,matched,estimation,200,-0.0010606409221088058,0.0014030813244898346,0.0027612485178507007,0.0027904003941147115
failed-only-recovery-11,77,matched,operator,200,0.0,0.0,0.0,0.0
failed-only-recovery-11,77,matched,total,200,-0.0010606409221088058,0.0014030813244898346,0.0027612485178507007,0.0027904003941147115
failed-only-recovery-11,78,analytic,estimation,200,7.769628561470552e-06,0.0005360176604959648,0.0015510730707162246,0.0016526078679964806
failed-only-recovery-11,78,analytic,operator,200,-0.0006346748355975487,0.035491315178189556,0.12766905613851,0.23561994995351065
failed-only-recovery-11,78,analytic,total,200,-0.0006269052070360784,0.03551841681038062,0.1267310337259426,0.23521097468785446
failed-only-recovery-11,78,matched,estimation,200,1.069996849498049e-05,0.000523796237322566,0.0015573521500786836,0.0017567619587373073
failed-only-recovery-11,78,matched,operator,200,0.0,0.0,0.0,0.0
failed-only-recovery-11,78,matched,total,200,1.069996849498049e-05,0.000523796237322566,0.0015573521500786836,0.0017567619587373073
failed-only-recovery-11,79,analytic,estimation,200,0.0001450213066935565,0.0006169821943887451,0.0018329974949993222,0.0018372771901478124
failed-only-recovery-11,79,analytic,operator,200,-0.0029634192661335016,0.02808677389396817,0.13724425120392866,0.17566384724255774
failed-only-recovery-11,79,analytic,total,200,-0.002818397959439945,0.028113254505538112,0.13648219838070266,0.17635510916669733
failed-only-recovery-11,79,matched,estimation,200,0.00013643103829083817,0.0006077284102910162,0.0018917453286699804,0.0019530748372953433
failed-only-recovery-11,79,matched,operator,200,0.0,0.0,0.0,0.0
failed-only-recovery-11,79,matched,total,200,0.00013643103829083817,0.0006077284102910162,0.0018917453286699804,0.0019530748372953433
failed-only-recovery-11,80,analytic,estimation,200,0.0016371305526725196,0.002105589989384084,0.003935678658286923,0.004081212328201023
failed-only-recovery-11,80,analytic,operator,200,-0.0009394435801462075,0.04930178262031549,0.19296609417333388,0.21482581319042682
failed-only-recovery-11,80,analytic,total,200,0.0006976869725263123,0.049431043414856275,0.1968305282784743,0.21396897880525306
failed-only-recovery-11,80,matched,estimation,200,0.0016215171057249256,0.002085593680085238,0.004006288232360378,0.004204760498604743
failed-only-recovery-11,80,matched,operator,200,0.0,0.0,0.0,0.0
failed-only-recovery-11,80,matched,total,200,0.0016215171057249256,0.002085593680085238,0.004006288232360378,0.004204760498604743
failed-only-recovery-11,81,analytic,estimation,200,0.0008827646466047702,0.00168088038794291,0.004730435313533343,0.00556758653492162
failed-only-recovery-11,81,analytic,operator,200,-0.004215146211943759,0.05205919533259471,0.16970095100400343,0.1907848907843666
failed-only-recovery-11,81,analytic,total,200,-0.003332381565338989,0.052102094016031546,0.17125663579299158,0.18903810698829393
failed-only-recovery-11,81,matched,estimation,200,0.000905711360288683,0.0016844185681987995,0.004747089840600127,0.0054878719518809405
failed-only-recovery-11,81,matched,operator,200,0.0,0.0,0.0,0.0
failed-only-recovery-11,81,matched,total,200,0.000905711360288683,0.0016844185681987995,0.004747089840600127,0.0054878719518809405
failed-only-recovery-11,82,analytic,estimation,200,-0.0002078820080036154,0.0009266679483524972,0.0022770611435751764,0.0026782137956453678
failed-only-recovery-11,82,analytic,operator,200,0.003575907626058212,0.05279573936403645,0.17309304603304454,0.20709277699551154
failed-only-recovery-11,82,analytic,total,200,0.0033680256180545964,0.05296842761432275,0.17496721407608862,0.20696382152622617
failed-only-recovery-11,82,matched,estimation,200,-0.0002197194464975101,0.0008953340728009181,0.0022964561461789046,0.002398929617746459
failed-only-recovery-11,82,matched,operator,200,0.0,0.0,0.0,0.0
failed-only-recovery-11,82,matched,total,200,-0.0002197194464975101,0.0008953340728009181,0.0022964561461789046,0.002398929617746459
failed-only-recovery-11,83,analytic,estimation,200,0.0006121804162559109,0.0010170190653040903,0.002909774644361096,0.0029137339919237393
failed-only-recovery-11,83,analytic,operator,200,-0.0019165834848297483,0.03565349032830455,0.139384912168794,0.1809722779468128
failed-only-recovery-11,83,analytic,total,200,-0.0013044030685738376,0.03561442511570158,0.14228263597820695,0.18089789820673108
failed-only-recovery-11,83,matched,estimation,200,0.000613679169149871,0.000995484665796892,0.0027975343638414925,0.002826994424962148
failed-only-recovery-11,83,matched,operator,200,0.0,0.0,0.0,0.0
failed-only-recovery-11,83,matched,total,200,0.000613679169149871,0.000995484665796892,0.0027975343638414925,0.002826994424962148
failed-only-recovery-11,84,analytic,estimation,200,-0.0004680923674541538,0.0006889519711874904,0.0018176078835143439,0.001838199263617557
failed-only-recovery-11,84,analytic,operator,200,0.0008295573558259109,0.0474673778122086,0.16417863759585552,0.21209908256247534
failed-only-recovery-11,84,analytic,total,200,0.000361464988371757,0.047567867270207446,0.1640927546993844,0.213074996141321
failed-only-recovery-11,84,matched,estimation,200,-0.0004596534729805065,0.0006705167450163592,0.0018026924070092265,0.0019283993626085238
failed-only-recovery-11,84,matched,operator,200,0.0,0.0,0.0,0.0
failed-only-recovery-11,84,matched,total,200,-0.0004596534729805065,0.0006705167450163592,0.0018026924070092265,0.0019283993626085238
failed-only-recovery-11,85,analytic,estimation,200,0.0008219084583911716,0.001146920270277074,0.00201531970711967,0.0021961970169313005
failed-only-recovery-11,85,analytic,operator,200,0.0005203987760336487,0.02646766157193932,0.10545721060089625,0.1710471379603137
failed-only-recovery-11,85,analytic,total,200,0.0013423072344248205,0.02662126853446911,0.10521209018094951,0.17309793251742076
failed-only-recovery-11,85,matched,estimation,200,0.0008222833455315755,0.0011374471542538746,0.001936400126132276,0.0022017774060567596
failed-only-recovery-11,85,matched,operator,200,0.0,0.0,0.0,0.0
failed-only-recovery-11,85,matched,total,200,0.0008222833455315755,0.0011374471542538746,0.001936400126132276,0.0022017774060567596
failed-only-recovery-11,86,analytic,estimation,200,-0.0008322733337365972,0.0011372182095699325,0.0019906968083058807,0.0020070069762855025
failed-only-recovery-11,86,analytic,operator,200,-0.0008090435011608098,0.027642776589378717,0.10355541005497765,0.1555520541291898
failed-only-recovery-11,86,analytic,total,200,-0.001641316834897407,0.02778619684730784,0.10544129326659657,0.15599200339178398
failed-only-recovery-11,86,matched,estimation,200,-0.000832929868564734,0.0011250276328842819,0.001993434008140199,0.002046707578772039
failed-only-recovery-11,86,matched,operator,200,0.0,0.0,0.0,0.0
failed-only-recovery-11,86,matched,total,200,-0.000832929868564734,0.0011250276328842819,0.001993434008140199,0.002046707578772039
failed-only-recovery-11,87,analytic,estimation,200,-0.000491206385208921,0.0009466871827183352,0.0022508121062485564,0.0023310639296059144
failed-only-recovery-11,87,analytic,operator,200,-0.004513509480172138,0.02483905214893116,0.096219579355598,0.16213427209847991
failed-only-recovery-11,87,analytic,total,200,-0.005004715865381058,0.024989260629898688,0.09832206302044932,0.16246330275040977
failed-only-recovery-11,87,matched,estimation,200,-0.0004871645310788906,0.0009224079010469167,0.0022682422968518523,0.0024106919599291565
failed-only-recovery-11,87,matched,operator,200,0.0,0.0,0.0,0.0
failed-only-recovery-11,87,matched,total,200,-0.0004871645310788906,0.0009224079010469167,0.0022682422968518523,0.0024106919599291565
failed-only-recovery-11,88,analytic,estimation,200,0.001396417896906237,0.0014970505809082755,0.0024480518541287466,0.0025333734307396993
failed-only-recovery-11,88,analytic,operator,200,0.0044819128686227954,0.03266570879697274,0.12684747388287165,0.1792087924183417
failed-only-recovery-11,88,analytic,total,200,0.005878330765529033,0.032996708690227784,0.1281289492579089,0.18134367638959098
failed-only-recovery-11,88,matched,estimation,200,0.0013859944513676579,0.0014834023492788324,0.0023825529799406386,0.0024102621766925736
failed-only-recovery-11,88,matched,operator,200,0.0,0.0,0.0,0.0
failed-only-recovery-11,88,matched,total,200,0.0013859944513676579,0.0014834023492788324,0.0023825529799406386,0.0024102621766925736
failed-only-recovery-11,89,analytic,estimation,200,0.0007751859514179819,0.0009897718444965157,0.001865440169924959,0.002122099649657816
failed-only-recovery-11,89,analytic,operator,200,0.00024157468457946475,0.026782930449864024,0.11755590653313785,0.15016924029821094
failed-only-recovery-11,89,analytic,total,200,0.0010167606359974468,0.026850780713260237,0.11637242639216783,0.1503534913638127
failed-only-recovery-11,89,matched,estimation,200,0.0007772280386750813,0.0009841864110781918,0.0018319069288701417,0.0019507796640865216
failed-only-recovery-11,89,matched,operator,200,0.0,0.0,0.0,0.0
failed-only-recovery-11,89,matched,total,200,0.0007772280386750813,0.0009841864110781918,0.0018319069288701417,0.0019507796640865216
failed-only-recovery-11,90,analytic,estimation,200,-0.002344690116728781,0.0024884303119970387,0.00587907605758331,0.006761320706041296
failed-only-recovery-11,90,analytic,operator,200,-0.0005076640609459388,0.017658695791967518,0.06419323259940501,0.1072735881903738
failed-only-recovery-11,90,analytic,total,200,-0.0028523541776747196,0.01793197332020286,0.06116413942209742,0.1099087641548713
failed-only-recovery-11,90,matched,estimation,200,-0.002333214371854589,0.0024768550862498857,0.005873945471638997,0.006611369978517301
failed-only-recovery-11,90,matched,operator,200,0.0,0.0,0.0,0.0
failed-only-recovery-11,90,matched,total,200,-0.002333214371854589,0.0024768550862498857,0.005873945471638997,0.006611369978517301
failed-only-recovery-11,91,analytic,estimation,200,0.0005965538890062666,0.0007469554587799249,0.0015460405137595612,0.0016512791070533717
failed-only-recovery-11,91,analytic,operator,200,0.0003522387371465444,0.02154886541047435,0.09371432106006258,0.10081095052681452
failed-only-recovery-11,91,analytic,total,200,0.000948792626152811,0.021654036562162388,0.09446904274012374,0.10198304737019309
failed-only-recovery-11,91,matched,estimation,200,0.0005982273911375404,0.0007426727432826268,0.001556869126079219,0.0016837294663096247
failed-only-recovery-11,91,matched,operator,200,0.0,0.0,0.0,0.0
failed-only-recovery-11,91,matched,total,200,0.0005982273911375404,0.0007426727432826268,0.001556869126079219,0.0016837294663096247
failed-only-recovery-11,92,analytic,estimation,200,0.00016406359032345715,0.0012572658209463925,0.0027423976018398633,0.0028710702745342598
failed-only-recovery-11,92,analytic,operator,200,0.0018786229892725783,0.06594372271663915,0.21051854693015698,0.334574391228646
failed-only-recovery-11,92,analytic,total,200,0.0020426865795960354,0.0662426411525132,0.21338961720469124,0.33643569070025997
failed-only-recovery-11,92,matched,estimation,200,0.0001544705153296828,0.0012061959308140415,0.0024423746217547837,0.002751009709282548
failed-only-recovery-11,92,matched,operator,200,0.0,0.0,0.0,0.0
failed-only-recovery-11,92,matched,total,200,0.0001544705153296828,0.0012061959308140415,0.0024423746217547837,0.002751009709282548
failed-only-recovery-11,93,analytic,estimation,200,0.0021061620811910916,0.0024878424047079513,0.004897406621582112,0.00501327693830711
failed-only-recovery-11,93,analytic,operator,200,0.008737235133701391,0.06214733193837705,0.19711212397223188,0.22404529595507397
failed-only-recovery-11,93,analytic,total,200,0.010843397214892483,0.06264934941291253,0.19924332677851708,0.22077956647160304
failed-only-recovery-11,93,matched,estimation,200,0.002101312179243631,0.0024773487530989433,0.00489738095044201,0.005011984534958769
failed-only-recovery-11,93,matched,operator,200,0.0,0.0,0.0,0.0
failed-only-recovery-11,93,matched,total,200,0.002101312179243631,0.0024773487530989433,0.00489738095044201,0.005011984534958769
failed-only-recovery-11,94,analytic,estimation,200,-0.0024085960041057885,0.00256421434421789,0.0039864387821203495,0.004049571033597821
failed-only-recovery-11,94,analytic,operator,200,-0.005789424106617278,0.045114546208218746,0.16848344505442275,0.19861417124369524
failed-only-recovery-11,94,analytic,total,200,-0.008198020110723066,0.04548956667320439,0.1651148359051715,0.1990872491374861
failed-only-recovery-11,94,matched,estimation,200,-0.002400082006170394,0.0025572233683859224,0.003986302442410453,0.0040500718283814074
failed-only-recovery-11,94,matched,operator,200,0.0,0.0,0.0,0.0
failed-only-recovery-11,94,matched,total,200,-0.002400082006170394,0.0025572233683859224,0.003986302442410453,0.0040500718283814074
failed-only-recovery-11,95,analytic,estimation,200,0.0009447358051031548,0.0011748581457761342,0.002228354638819874,0.0022577172678923674
failed-only-recovery-11,95,analytic,operator,200,-0.0005134980363428021,0.047102568958767445,0.1828701071762806,0.22594884985770508
failed-only-recovery-11,95,analytic,total,200,0.0004312377687603527,0.04716023395723154,0.1822408141820675,0.22466767789610687
failed-only-recovery-11,95,matched,estimation,200,0.000944160110685167,0.001164145533654028,0.002228241873479364,0.002257550323205404
failed-only-recovery-11,95,matched,operator,200,0.0,0.0,0.0,0.0
failed-only-recovery-11,95,matched,total,200,0.000944160110685167,0.001164145533654028,0.002228241873479364,0.002257550323205404
failed-only-recovery-11,96,analytic,estimation,200,-0.0007755292685992419,0.001025611770382357,0.0020712681428906726,0.0020949234921872895
failed-only-recovery-11,96,analytic,operator,200,-0.005704560910788169,0.04134103733417557,0.1520449550152998,0.23605591435536064
failed-only-recovery-11,96,analytic,total,200,-0.00648009017938741,0.04156261926392565,0.1520449550152998,0.23753281010892313
failed-only-recovery-11,96,matched,estimation,200,-0.000741404784323097,0.0009929131667109068,0.0020859584414414656,0.002097743205501032
failed-only-recovery-11,96,matched,operator,200,0.0,0.0,0.0,0.0
failed-only-recovery-11,96,matched,total,200,-0.000741404784323097,0.0009929131667109068,0.0020859584414414656,0.002097743205501032
failed-only-recovery-11,97,analytic,estimation,200,0.000764593902884283,0.0010657295749794459,0.001942943750085968,0.002117304188346214
failed-only-recovery-11,97,analytic,operator,200,0.0018838735148767175,0.027036443215452767,0.10689361228403352,0.1488397884691135
failed-only-recovery-11,97,analytic,total,200,0.002648467417761,0.027089727631230978,0.10797137532934067,0.14876096999254523
failed-only-recovery-11,97,matched,estimation,200,0.0007607896945812882,0.0010691609712769271,0.0019514261568392977,0.002198149434690766
failed-only-recovery-11,97,matched,operator,200,0.0,0.0,0.0,0.0
failed-only-recovery-11,97,matched,total,200,0.0007607896945812882,0.0010691609712769271,0.0019514261568392977,0.002198149434690766
failed-only-recovery-11,98,analytic,estimation,200,-0.00042026043327327136,0.0006906809084235926,0.0018738181558125566,0.002032453976337889
failed-only-recovery-11,98,analytic,operator,200,0.00111039945819884,0.019509315541701575,0.09946113973189263,0.13638589736882228
failed-only-recovery-11,98,analytic,total,200,0.0006901390249255685,0.019561265734117865,0.09936425564218931,0.13774654110154022
failed-only-recovery-11,98,matched,estimation,200,-0.0004231243985242612,0.0006898804373884266,0.0018738829623973219,0.002111254544945762
failed-only-recovery-11,98,matched,operator,200,0.0,0.0,0.0,0.0
failed-only-recovery-11,98,matched,total,200,-0.0004231243985242612,0.0006898804373884266,0.0018738829623973219,0.002111254544945762
failed-only-recovery-11,99,analytic,estimation,200,-0.00022217344454337,0.00048434298058701677,0.0011341222400738649,0.001172517282850588
failed-only-recovery-11,99,analytic,operator,200,-0.0014477523205894014,0.023156577216626093,0.09363976172301558,0.12793252492381818
failed-only-recovery-11,99,analytic,total,200,-0.0016699257651327714,0.023256678157889735,0.09406494255501152,0.1284570469136816
failed-only-recovery-11,99,matched,estimation,200,-0.00022655492453067455,0.0004849156748227259,0.001210577861875728,0.0012529383091345048
failed-only-recovery-11,99,matched,operator,200,0.0,0.0,0.0,0.0
failed-only-recovery-11,99,matched,total,200,-0.00022655492453067455,0.0004849156748227259,0.001210577861875728,0.0012529383091345048
failed-only-recovery-11,100,analytic,estimation,200,2.1631464870148323e-05,0.00040595068992108513,0.0010769704052941975,0.001187498180107882
failed-only-recovery-11,100,analytic,operator,200,-0.002928015565256493,0.016595448113108736,0.06353820057008121,0.08127406019338772
failed-only-recovery-11,100,analytic,total,200,-0.0029063841003863448,0.016629873185562284,0.06362761376613021,0.08150856548559161
failed-only-recovery-11,100,matched,estimation,200,4.218910836168871e-05,0.00040086751008546644,0.0009834976648042115,0.0011415292622143913
failed-only-recovery-11,100,matched,operator,200,0.0,0.0,0.0,0.0
failed-only-recovery-11,100,matched,total,200,4.218910836168871e-05,0.00040086751008546644,0.0009834976648042115,0.0011415292622143913
failed-only-recovery-11,101,analytic,estimation,200,-0.0004019954064971358,0.000563923398971059,0.0012150083304361958,0.0013293575251582257
failed-only-recovery-11,101,analytic,operator,200,-0.0008988948584345706,0.01651753990595597,0.06251876703106699,0.07905383573946428
failed-only-recovery-11,101,analytic,total,200,-0.0013008902649317064,0.01648330478352146,0.06298749120809197,0.07900711146531997
failed-only-recovery-11,101,matched,estimation,200,-0.0003974573944454734,0.0005560881537470475,0.001267405434489055,0.0013390997815181105
failed-only-recovery-11,101,matched,operator,200,0.0,0.0,0.0,0.0
failed-only-recovery-11,101,matched,total,200,-0.0003974573944454734,0.0005560881537470475,0.001267405434489055,0.0013390997815181105
failed-only-recovery-11,102,analytic,estimation,200,-0.0006173839599272544,0.0008164838909884965,0.0017812466622318945,0.002083018363770117
failed-only-recovery-11,102,analytic,operator,200,-0.0021086717615996357,0.01867957097711973,0.07762486848495011,0.08915320786762893
failed-only-recovery-11,102,analytic,total,200,-0.0027260557215268905,0.018731502147445192,0.07814265957427535,0.08764101740593122
failed-only-recovery-11,102,matched,estimation,200,-0.0006082311047574069,0.0007988534749082403,0.0016909790303425432,0.0019162876792533368
failed-only-recovery-11,102,matched,operator,200,0.0,0.0,0.0,0.0
failed-only-recovery-11,102,matched,total,200,-0.0006082311047574069,0.0007988534749082403,0.0016909790303425432,0.0019162876792533368
failed-only-recovery-11,103,analytic,estimation,200,0.0011317854333622469,0.0012095361574863868,0.001803729165208684,0.0020028618685070665
failed-only-recovery-11,103,analytic,operator,200,-0.0016012197903272447,0.015203905742828224,0.055409158662210425,0.07044312331770955
failed-only-recovery-11,103,analytic,total,200,-0.0004694343569649977,0.01517274346167884,0.05437182852184719,0.06941842999665174
failed-only-recovery-11,103,matched,estimation,200,0.0011303501939343942,0.0012060849991537938,0.0017852322839707249,0.0018845102084196902
failed-only-recovery-11,103,matched,operator,200,0.0,0.0,0.0,0.0
failed-only-recovery-11,103,matched,total,200,0.0011303501939343942,0.0012060849991537938,0.0017852322839707249,0.0018845102084196902
failed-only-recovery-11,104,analytic,estimation,200,0.0014482458025951923,0.0015479319668509836,0.0030108949700662357,0.003042347150772229
failed-only-recovery-11,104,analytic,operator,200,0.00012453197339162375,0.01317629216539582,0.051584420858776014,0.09204472622856019
failed-only-recovery-11,104,analytic,total,200,0.0015727777759868158,0.013238248510709804,0.05369421284787587,0.09018737914035263
failed-only-recovery-11,104,matched,estimation,200,0.0014504380421397566,0.0015489226276011042,0.0030585056949208322,0.0030874638653246578
failed-only-recovery-11,104,matched,operator,200,0.0,0.0,0.0,0.0
failed-only-recovery-11,104,matched,total,200,0.0014504380421397566,0.0015489226276011042,0.0030585056949208322,0.0030874638653246578
failed-only-recovery-11,105,analytic,estimation,200,-0.0017418660003719155,0.0018272041011674963,0.002483332636367519,0.002501555514216769
failed-only-recovery-11,105,analytic,operator,200,0.0011692545835332616,0.014909730041853888,0.05622013117169375,0.08080834710112092
failed-only-recovery-11,105,analytic,total,200,-0.0005726114168386539,0.014865211081761443,0.055341557624697946,0.07860039952225445
failed-only-recovery-11,105,matched,estimation,200,-0.001741960481839476,0.0018263292958479657,0.002434697613806658,0.0024971478170177364
failed-only-recovery-11,105,matched,operator,200,0.0,0.0,0.0,0.0
failed-only-recovery-11,105,matched,total,200,-0.001741960481839476,0.0018263292958479657,0.002434697613806658,0.0024971478170177364
failed-only-recovery-11,106,analytic,estimation,200,0.002024858608791073,0.0024302089155089,0.00434968018967119,0.0043986005754712565
failed-only-recovery-11,106,analytic,operator,200,-0.003800304302417965,0.0716619814967329,0.2808312303641689,0.36390425798069037
failed-only-recovery-11,106,analytic,total,200,-0.0017754456936268923,0.07180191029305553,0.280628843717432,0.36371791065187475
failed-only-recovery-11,106,matched,estimation,200,0.0020188037622592032,0.002416679461506105,0.004307427893106119,0.004394255417145665
failed-only-recovery-11,106,matched,operator,200,0.0,0.0,0.0,0.0
failed-only-recovery-11,106,matched,total,200,0.0020188037622592032,0.002416679461506105,0.004307427893106119,0.004394255417145665
failed-only-recovery-11,107,analytic,estimation,200,0.00011865796753231308,0.0009185536803384214,0.0023530834156613167,0.002515201306096504
failed-only-recovery-11,107,analytic,operator,200,-0.006008350419259246,0.0631289155711387,0.21811248526653162,0.26073298233665343
failed-only-recovery-11,107,analytic,total,200,-0.005889692451726933,0.06328337163516934,0.2180913352460641,0.2610806622635189
failed-only-recovery-11,107,matched,estimation,200,0.00011406787889123715,0.0009089017804481497,0.0023529072380350513,0.0025140282264568548
failed-only-recovery-11,107,matched,operator,200,0.0,0.0,0.0,0.0
failed-only-recovery-11,107,matched,total,200,0.00011406787889123715,0.0009089017804481497,0.0023529072380350513,0.0025140282264568548
failed-only-recovery-11,108,analytic,estimation,200,-0.00033045370831214475,0.0009882596724044618,0.0017063744777081613,0.00179793149241525
failed-only-recovery-11,108,analytic,operator,200,-0.005418711720591774,0.04383206856501496,0.15603152167810086,0.20439481344699537
failed-only-recovery-11,108,analytic,total,200,-0.00574916542890392,0.04391250041919213,0.15753363454640434,0.20458820158982963
failed-only-recovery-11,108,matched,estimation,200,-0.0003245456397207256,0.0009948466591941565,0.0017391917058688922,0.0020989768939734255
failed-only-recovery-11,108,matched,operator,200,0.0,0.0,0.0,0.0
failed-only-recovery-11,108,matched,total,200,-0.0003245456397207256,0.0009948466591941565,0.0017391917058688922,0.0020989768939734255
failed-only-recovery-11,109,analytic,estimation,200,0.00034691928438188924,0.00094779099767437,0.0021148336794079015,0.0025919776247782522
failed-only-recovery-11,109,analytic,operator,200,-0.0020957926620754457,0.04034836432257116,0.1294898348131306,0.18999208801005377
failed-only-recovery-11,109,analytic,total,200,-0.0017488733776935563,0.04046691973895587,0.1289896460305805,0.19023728253290217
failed-only-recovery-11,109,matched,estimation,200,0.00035080633489906356,0.0009442261557810808,0.002070904182670308,0.002614953757885008
failed-only-recovery-11,109,matched,operator,200,0.0,0.0,0.0,0.0
failed-only-recovery-11,109,matched,total,200,0.00035080633489906356,0.0009442261557810808,0.002070904182670308,0.002614953757885008
failed-only-recovery-11,110,analytic,estimation,200,-0.00035883230335689436,0.0009978943273096204,0.0038096447904969466,0.004003441575351374
failed-only-recovery-11,110,analytic,operator,200,0.001036355302322718,0.06452549306703775,0.20952047126372542,0.2322738887273434
failed-only-recovery-11,110,analytic,total,200,0.0006775229989658235,0.06472103100817715,0.20939028568890666,0.23213989534817442
failed-only-recovery-11,110,matched,estimation,200,-0.0003446992927691851,0.0009636298858613436,0.0036068520588696806,0.004170146933530905
failed-only-recovery-11,110,matched,operator,200,0.0,0.0,0.0,0.0
failed-only-recovery-11,110,matched,total,200,-0.0003446992927691851,0.0009636298858613436,0.0036068520588696806,0.004170146933530905
failed-only-recovery-11,111,analytic,estimation,200,0.0008485112350281282,0.0011002027572359,0.0021791675931489563,0.002217588904800283
failed-only-recovery-11,111,analytic,operator,200,0.0011495406674104994,0.0341213092412575,0.17273666305279056,0.23694234860422614
failed-only-recovery-11,111,analytic,total,200,0.0019980519024386276,0.03425704627783615,0.17378091764033876,0.2369972811351322
failed-only-recovery-11,111,matched,estimation,200,0.0008473602535508593,0.0010966100141951143,0.0021789284022861732,0.0022169411072928205
failed-only-recovery-11,111,matched,operator,200,0.0,0.0,0.0,0.0
failed-only-recovery-11,111,matched,total,200,0.0008473602535508593,0.0010966100141951143,0.0021789284022861732,0.0022169411072928205
failed-only-recovery-11,112,analytic,estimation,200,0.00027525876401533674,0.0005385977030132813,0.00223590670740359,0.0026648691622890297
failed-only-recovery-11,112,analytic,operator,200,0.0009314260981470742,0.0319954145356774,0.17043799209280755,0.23359075232012189
failed-only-recovery-11,112,analytic,total,200,0.0012066848621624109,0.032018254970824646,0.1703290750581906,0.23344652505606145
failed-only-recovery-11,112,matched,estimation,200,0.00028056436129673647,0.0005403180012867286,0.0022406092577111902,0.0024949484093781393
failed-only-recovery-11,112,matched,operator,200,0.0,0.0,0.0,0.0
failed-only-recovery-11,112,matched,total,200,0.00028056436129673647,0.0005403180012867286,0.0022406092577111902,0.0024949484093781393
failed-only-recovery-11,113,analytic,estimation,200,-0.0005609980718220822,0.0007151480998110668,0.0015268585679790725,0.0015533067139528178
failed-only-recovery-11,113,analytic,operator,200,0.0016711699808730578,0.02930072425534203,0.1133868826642242,0.21963755555884432
failed-only-recovery-11,113,analytic,total,200,0.0011101719090509758,0.02931243479635545,0.11322108085204341,0.2198616110339646
failed-only-recovery-11,113,matched,estimation,200,-0.0005622819449030119,0.0007137154430864484,0.0015257869585889594,0.001553186016187702
failed-only-recovery-11,113,matched,operator,200,0.0,0.0,0.0,0.0
failed-only-recovery-11,113,matched,total,200,-0.0005622819449030119,0.0007137154430864484,0.0015257869585889594,0.001553186016187702
failed-only-recovery-11,114,analytic,estimation,200,0.0005528248160619563,0.0010169458060976743,0.002719588793783867,0.002815653514582017
failed-only-recovery-11,114,analytic,operator,200,-0.008101069023312854,0.05345058018357496,0.16127810839236026,0.173371171661318
failed-only-recovery-11,114,analytic,total,200,-0.007548244207250897,0.053379073742725526,0.15989966234492362,0.17454966797700522
failed-only-recovery-11,114,matched,estimation,200,0.0005679511270124105,0.001023856704804453,0.0027125574335693514,0.0028640627259046703
failed-only-recovery-11,114,matched,operator,200,0.0,0.0,0.0,0.0
failed-only-recovery-11,114,matched,total,200,0.0005679511270124105,0.001023856704804453,0.0027125574335693514,0.0028640627259046703
failed-only-recovery-11,115,analytic,estimation,200,0.00025918848654263174,0.000661295528797898,0.0014895745355147927,0.0017684373559125888
failed-only-recovery-11,115,analytic,operator,200,-0.000226766532757307,0.053914158925272064,0.18271672997061417,0.25224306884954256
failed-only-recovery-11,115,analytic,total,200,3.2421953785324605e-05,0.05400925785044776,0.18303643857728313,0.25329177705203354
failed-only-recovery-11,115,matched,estimation,200,0.0002622165981574375,0.0006385561059633296,0.001494797571213513,0.0017655351452674495
failed-only-recovery-11,115,matched,operator,200,0.0,0.0,0.0,0.0
failed-only-recovery-11,115,matched,total,200,0.0002622165981574375,0.0006385561059633296,0.001494797571213513,0.0017655351452674495
failed-only-recovery-11,116,analytic,estimation,200,-0.0010476338181705605,0.0012722087392713793,0.003406803527775004,0.003650010381848423
failed-only-recovery-11,116,analytic,operator,200,-0.0043318426398668555,0.04810455150758675,0.20191517705724038,0.2369250746740031
failed-only-recovery-11,116,analytic,total,200,-0.0053794764580374155,0.048261312304443325,0.20057796253782856,0.24033093563837254
failed-only-recovery-11,116,matched,estimation,200,-0.0010373547816873224,0.001259221772604081,0.0033696897156877403,0.0036041544429531447
failed-only-recovery-11,116,matched,operator,200,0.0,0.0,0.0,0.0
failed-only-recovery-11,116,matched,total,200,-0.0010373547816873224,0.001259221772604081,0.0033696897156877403,0.0036041544429531447
failed-only-recovery-11,117,analytic,estimation,200,0.0007964966481989765,0.0014911598164482113,0.0029881591514997474,0.003322533982947018
failed-only-recovery-11,117,analytic,operator,200,0.0003680748567034304,0.03042395106251848,0.11773049558048976,0.13276981739839958
failed-only-recovery-11,117,analytic,total,200,0.0011645715049024069,0.03058029284657665,0.11831660390947585,0.1332770062490463
failed-only-recovery-11,117,matched,estimation,200,0.00080032797096031,0.0014865882277311831,0.002987169919117516,0.0033176095164875186
failed-only-recovery-11,117,matched,operator,200,0.0,0.0,0.0,0.0
failed-only-recovery-11,117,matched,total,200,0.00080032797096031,0.0014865882277311831,0.002987169919117516,0.0033176095164875186
failed-only-recovery-11,118,analytic,estimation,200,0.0008755879192371091,0.0012420382303702402,0.002750371724956846,0.0030260615922610423
failed-only-recovery-11,118,analytic,operator,200,0.0012183219550235644,0.05425107035864602,0.17683167048649628,0.2612586660167685
failed-only-recovery-11,118,analytic,total,200,0.002093909874260674,0.054385182964921966,0.17791717233615478,0.2607024922239771
failed-only-recovery-11,118,matched,estimation,200,0.00086226021722723,0.0012340800215227207,0.0026247079620500546,0.003058244008946609
failed-only-recovery-11,118,matched,operator,200,0.0,0.0,0.0,0.0
failed-only-recovery-11,118,matched,total,200,0.00086226021722723,0.0012340800215227207,0.0026247079620500546,0.003058244008946609
failed-only-recovery-11,119,analytic,estimation,200,-0.00018925943339177939,0.0006251971882250664,0.0011570745467681665,0.0011767340568225038
failed-only-recovery-11,119,analytic,operator,200,0.0026095662690281164,0.057838325638993826,0.22761326442762053,0.2641703221493108
failed-only-recovery-11,119,analytic,total,200,0.0024203068356363367,0.057956406030647556,0.2282979650758804,0.26448228472662916
failed-only-recovery-11,119,matched,estimation,200,-0.0002008888995296089,0.0006098975807735212,0.0011537848787704363,0.001158957190992016
failed-only-recovery-11,119,matched,operator,200,0.0,0.0,0.0,0.0
failed-only-recovery-11,119,matched,total,200,-0.0002008888995296089,0.0006098975807735212,0.0011537848787704363,0.001158957190992016
failed-only-recovery-11,120,analytic,estimation,200,-0.0014807242524003238,0.0016379824441035223,0.003395969135879806,0.0039310122243401135
failed-only-recovery-11,120,analytic,operator,200,2.12762223945976e-05,0.02703599939686227,0.15050807705360258,0.17207767656355366
failed-only-recovery-11,120,analytic,total,200,-0.0014594480300057263,0.02707077934267299,0.15197977736676027,0.16945459704169363
failed-only-recovery-11,120,matched,estimation,200,-0.0014851048963840526,0.0016405882345242324,0.0033728211016401666,0.0038358976518599874
failed-only-recovery-11,120,matched,operator,200,0.0,0.0,0.0,0.0
failed-only-recovery-11,120,matched,total,200,-0.0014851048963840526,0.0016405882345242324,0.0033728211016401666,0.0038358976518599874
failed-only-recovery-11,121,analytic,estimation,200,0.001209825724794076,0.0013263418465608188,0.0020429375090061375,0.002092470045925665
failed-only-recovery-11,121,analytic,operator,200,-0.0048343395916859225,0.03839397503109783,0.23560308443950306,0.30490764289510885
failed-only-recovery-11,121,analytic,total,200,-0.0036245138668918463,0.03824966762214993,0.23471543718970272,0.3033859107699476
failed-only-recovery-11,121,matched,estimation,200,0.0012141087405527773,0.0013295830586217256,0.002067962906298848,0.0023170348847924016
failed-only-recovery-11,121,matched,operator,200,0.0,0.0,0.0,0.0
failed-only-recovery-11,121,matched,total,200,0.0012141087405527773,0.0013295830586217256,0.002067962906298848,0.0023170348847924016
failed-only-recovery-11,122,analytic,estimation,200,0.0007908464884527162,0.000983011246272861,0.0020418627797988975,0.002085326851254621
failed-only-recovery-11,122,analytic,operator,200,0.0008617882714272211,0.022382862425064813,0.10758419573012928,0.11458243930723555
failed-only-recovery-11,122,analytic,total,200,0.0016526347598799374,0.0224735940630401,0.10760854558282221,0.11663965726392433
failed-only-recovery-11,122,matched,estimation,200,0.0007981599585826841,0.0009879792854882794,0.0020465452509622617,0.0020533415641881825
failed-only-recovery-11,122,matched,operator,200,0.0,0.0,0.0,0.0
failed-only-recovery-11,122,matched,total,200,0.0007981599585826841,0.0009879792854882794,0.0020465452509622617,0.0020533415641881825
failed-only-recovery-11,123,analytic,estimation,200,-0.00030298385895681805,0.0011398813658125993,0.005096881940247933,0.005560224723405671
failed-only-recovery-11,123,analytic,operator,200,-0.0015594936219163972,0.04378197075594939,0.1604189115477619,0.18226726785848216
failed-only-recovery-11,123,analytic,total,200,-0.0018624774808732153,0.04367630558455719,0.16044169369155092,0.18263890936744148
failed-only-recovery-11,123,matched,estimation,200,-0.0002956193666347465,0.0011486802221855245,0.005177324846985076,0.005577521171944877
failed-only-recovery-11,123,matched,operator,200,0.0,0.0,0.0,0.0
failed-only-recovery-11,123,matched,total,200,-0.0002956193666347465,0.0011486802221855245,0.005177324846985076,0.005577521171944877
failed-only-recovery-11,124,analytic,estimation,200,-0.00040595893469762154,0.0006549438795847909,0.0015413781233584167,0.001808977006656054
failed-only-recovery-11,124,analytic,operator,200,0.0059163859236917495,0.06628154013359264,0.24652858083297927,0.4083807883393547
failed-only-recovery-11,124,analytic,total,200,0.005510426988994127,0.06630866886361338,0.2460341284374318,0.4074947537548478
failed-only-recovery-11,124,matched,estimation,200,-0.0004104710747545171,0.0006478783442614253,0.0015462840875022366,0.0017882636944945851
failed-only-recovery-11,124,matched,operator,200,0.0,0.0,0.0,0.0
failed-only-recovery-11,124,matched,total,200,-0.0004104710747545171,0.0006478783442614253,0.0015462840875022366,0.0017882636944945851
failed-only-recovery-11,125,analytic,estimation,200,0.0012376894107188907,0.0018622887231298307,0.004311038776081716,0.004351462108919374
failed-only-recovery-11,125,analytic,operator,200,0.0012554405428712061,0.05202126601965666,0.21511593706448173,0.2674767339759906
failed-only-recovery-11,125,analytic,total,200,0.002493129953590097,0.05231896231462538,0.21419285301070934,0.2712833086309203
failed-only-recovery-11,125,matched,estimation,200,0.0012329140393651287,0.001844316710071187,0.004322351958309045,0.004359587524607356
failed-only-recovery-11,125,matched,operator,200,0.0,0.0,0.0,0.0
failed-only-recovery-11,125,matched,total,200,0.0012329140393651287,0.001844316710071187,0.004322351958309045,0.004359587524607356
failed-only-recovery-11,126,analytic,estimation,200,-0.0007357434121924711,0.0011132675176394314,0.0020376624222047113,0.002306856279155056
failed-only-recovery-11,126,analytic,operator,200,-0.0005677798237362152,0.04459571611308569,0.19004635239511186,0.25876084271717503
failed-only-recovery-11,126,analytic,total,200,-0.0013035232359286865,0.0449054068908565,0.19106861445248582,0.25871542348973253
failed-only-recovery-11,126,matched,estimation,200,-0.0007412653984724463,0.001092669430978122,0.0022362489186580348,0.0023518241796036676
failed-only-recovery-11,126,matched,operator,200,0.0,0.0,0.0,0.0
failed-only-recovery-11,126,matched,total,200,-0.0007412653984724463,0.001092669430978122,0.0022362489186580348,0.0023518241796036676
failed-only-recovery-11,127,analytic,estimation,200,4.63256191389442e-05,0.0006240811646744823,0.002600379676374942,0.002881527500158132
failed-only-recovery-11,127,analytic,operator,200,0.002956072706021885,0.05442348147376566,0.19614575331625866,0.37175981630647154
failed-only-recovery-11,127,analytic,total,200,0.0030023983251608296,0.05437484236194734,0.1958837398054045,0.37233046673720016
failed-only-recovery-11,127,matched,estimation,200,5.367147599470486e-05,0.0006210112244296744,0.002601214741570157,0.0028796591728004195
failed-only-recovery-11,127,matched,operator,200,0.0,0.0,0.0,0.0
failed-only-recovery-11,127,matched,total,200,5.367147599470486e-05,0.0006210112244296744,0.002601214741570157,0.0028796591728004195
failed-only-recovery-11,128,analytic,estimation,200,-0.00047928420616224273,0.000639498312635914,0.0009349797855845443,0.0009457989407579137
failed-only-recovery-11,128,analytic,operator,200,0.0011835691986378726,0.011381545790314527,0.03936764473966772,0.1212408787830388
failed-only-recovery-11,128,analytic,total,200,0.0007042849924756299,0.01133812119746413,0.03865485969980695,0.1203463596666961
failed-only-recovery-11,128,matched,estimation,200,-0.000480543935174357,0.0006394416603088072,0.0009355926106613954,0.000979350696080461
failed-only-recovery-11,128,matched,operator,200,0.0,0.0,0.0,0.0
failed-only-recovery-11,128,matched,total,200,-0.000480543935174357,0.0006394416603088072,0.0009355926106613954,0.000979350696080461
failed-only-recovery-11,129,analytic,estimation,200,-0.000312360049406188,0.0011574374892367473,0.0039120355746220525,0.0040813421863159505
failed-only-recovery-11,129,analytic,operator,200,-0.002388941474215008,0.06055321959490822,0.2475231141247152,0.3108034743586289
failed-only-recovery-11,129,analytic,total,200,-0.0027013015236211956,0.06071612671074848,0.24846945510458404,0.31131407090221475
failed-only-recovery-11,129,matched,estimation,200,-0.0003126229020904341,0.0011515239130581465,0.003819641861061207,0.004078775690560477
failed-only-recovery-11,129,matched,operator,200,0.0,0.0,0.0,0.0
failed-only-recovery-11,129,matched,total,200,-0.0003126229020904341,0.0011515239130581465,0.003819641861061207,0.004078775690560477
failed-only-recovery-11,130,analytic,estimation,200,0.0017321899297308254,0.002314650437084002,0.005707909680802814,0.005835910546206691
failed-only-recovery-11,130,analytic,operator,200,0.00175226645782209,0.0496263313142328,0.1714589796738124,0.20155625708664904
failed-only-recovery-11,130,analytic,total,200,0.0034844563875529155,0.049766645364982924,0.1740362887220681,0.2036492684826274
failed-only-recovery-11,130,matched,estimation,200,0.0016956113957037017,0.002283912304779671,0.005722741298740175,0.00578699036301078
failed-only-recovery-11,130,matched,operator,200,0.0,0.0,0.0,0.0
failed-only-recovery-11,130,matched,total,200,0.0016956113957037017,0.002283912304779671,0.005722741298740175,0.00578699036301078
failed-only-recovery-11,131,analytic,estimation,200,-0.0026954030488497006,0.003012834548181974,0.004710462785974867,0.004755359377751456
failed-only-recovery-11,131,analytic,operator,200,0.012485535444838993,0.0565549027385114,0.17760140111573575,0.38410484232635317
failed-only-recovery-11,131,analytic,total,200,0.009790132395989293,0.05620222818063316,0.1769740715811906,0.3829752456527635
failed-only-recovery-11,131,matched,estimation,200,-0.0027220440307923572,0.003037766849097951,0.004630875027645809,0.0046859375899023226
failed-only-recovery-11,131,matched,operator,200,0.0,0.0,0.0,0.0
failed-only-recovery-11,131,matched,total,200,-0.0027220440307923572,0.003037766849097951,0.004630875027645809,0.0046859375899023226
failed-only-recovery-11,132,analytic,estimation,200,0.0012691986966071379,0.001884754890061379,0.004665941309206056,0.004778260235682508
failed-only-recovery-11,132,analytic,operator,200,-0.00026766399588990127,0.04243459186350462,0.17848522920573928,0.19756551990514626
failed-only-recovery-11,132,analytic,total,200,0.0010015347007172363,0.042525965510172944,0.17999587974553255,0.19604507080396666
failed-only-recovery-11,132,matched,estimation,200,0.0012626020671308211,0.001863367310571997,0.004658345515050399,0.00477747067884593
failed-only-recovery-11,132,matched,operator,200,0.0,0.0,0.0,0.0
failed-only-recovery-11,132,matched,total,200,0.0012626020671308211,0.001863367310571997,0.004658345515050399,0.00477747067884593
failed-only-recovery-11,133,analytic,estimation,200,0.000278837992015328,0.001005568821063819,0.003064286692843199,0.003395612897191702
failed-only-recovery-11,133,analytic,operator,200,0.007346380118407912,0.0473331225559667,0.18155225050140006,0.20872849058363785
failed-only-recovery-11,133,analytic,total,200,0.00762521811042324,0.047592344263704275,0.18326652755375689,0.2105455788076308
failed-only-recovery-11,133,matched,estimation,200,0.00025677516522718024,0.0009953040883755977,0.0030385329314467358,0.003400876461832625
failed-only-recovery-11,133,matched,operator,200,0.0,0.0,0.0,0.0
failed-only-recovery-11,133,matched,total,200,0.00025677516522718024,0.0009953040883755977,0.0030385329314467358,0.003400876461832625
failed-only-recovery-11,134,analytic,estimation,200,0.002866474951579564,0.003283269536710179,0.00532853533233113,0.005399429183520654
failed-only-recovery-11,134,analytic,operator,200,-0.004609270344700448,0.05925448642575268,0.20867625831545447,0.31554006627745423
failed-only-recovery-11,134,analytic,total,200,-0.001742795393120884,0.059137512343647745,0.21209081119933712,0.316367625409496
failed-only-recovery-11,134,matched,estimation,200,0.002869170463898677,0.0032827342726473667,0.005305232459721476,0.005383536698853497
failed-only-recovery-11,134,matched,operator,200,0.0,0.0,0.0,0.0
failed-only-recovery-11,134,matched,total,200,0.002869170463898677,0.0032827342726473667,0.005305232459721476,0.005383536698853497
failed-only-recovery-11,135,analytic,estimation,200,-0.0007182313427465185,0.0014548475951494857,0.0033052174896104902,0.0033478952685160324
failed-only-recovery-11,135,analytic,operator,200,0.00669991816188427,0.05966435193718143,0.1862864939316266,0.2033473658552472
failed-only-recovery-11,135,analytic,total,200,0.0059816868191377515,0.059767541724128966,0.18766310900122601,0.20384123403458612
failed-only-recovery-11,135,matched,estimation,200,-0.0007604475555811032,0.0014690475965238414,0.003306900579176833,0.003346324080536635
failed-only-recovery-11,135,matched,operator,200,0.0,0.0,0.0,0.0
failed-only-recovery-11,135,matched,total,200,-0.0007604475555811032,0.0014690475965238414,0.003306900579176833,0.003346324080536635
failed-only-recovery-11,136,analytic,estimation,200,-0.0005054411973190725,0.0014430025901043984,0.0032290703530800657,0.0032369068474154827
failed-only-recovery-11,136,analytic,operator,200,0.0005199481961812606,0.035786068405662404,0.14112488805184337,0.17087847343911888
failed-only-recovery-11,136,analytic,total,200,1.4506998862188133e-05,0.03602084790919343,0.1421579961021705,0.17098263144573678
failed-only-recovery-11,136,matched,estimation,200,-0.0005203560932826854,0.0014317161495373085,0.003235615630557971,0.003236967054652977
failed-only-recovery-11,136,matched,operator,200,0.0,0.0,0.0,0.0
failed-only-recovery-11,136,matched,total,200,-0.0005203560932826854,0.0014317161495373085,0.003235615630557971,0.003236967054652977
failed-only-recovery-11,137,analytic,estimation,200,0.0008977256539722221,0.001493160710006607,0.0030384301954686777,0.0030612360602318978
failed-only-recovery-11,137,analytic,operator,200,0.0032658497994174146,0.029931901072040953,0.13811725471146813,0.15158916497006708
failed-only-recovery-11,137,analytic,total,200,0.004163575453389637,0.03011972227238181,0.13991530887658116,0.15306923855951804
failed-only-recovery-11,137,matched,estimation,200,0.0008921398314373788,0.0014842641985026981,0.0030550271231480353,0.003130805713933482
failed-only-recovery-11,137,matched,operator,200,0.0,0.0,0.0,0.0
failed-only-recovery-11,137,matched,total,200,0.0008921398314373788,0.0014842641985026981,0.0030550271231480353,0.003130805713933482
failed-only-recovery-11,138,analytic,estimation,200,0.0004079245187869321,0.0010511859259146755,0.00258714947646288,0.002602386031692716
failed-only-recovery-11,138,analytic,operator,200,0.004270352112437683,0.06367730524483496,0.22144933992186244,0.24602680284705106
failed-only-recovery-11,138,analytic,total,200,0.004678276631224615,0.06393578399062572,0.22337221427785997,0.24552503245887503
failed-only-recovery-11,138,matched,estimation,200,0.00038741643459414915,0.0010164058766248746,0.0025871639843170757,0.0026342771510601826
failed-only-recovery-11,138,matched,operator,200,0.0,0.0,0.0,0.0
failed-only-recovery-11,138,matched,total,200,0.00038741643459414915,0.0010164058766248746,0.0025871639843170757,0.0026342771510601826
failed-only-recovery-11,139,analytic,estimation,200,-0.00013251348039047337,0.00044530996315272453,0.0012656897319667237,0.0013635956545194894
failed-only-recovery-11,139,analytic,operator,200,0.004318272582946029,0.029845458557437882,0.13517038111916754,0.20112240703900677
failed-only-recovery-11,139,analytic,total,200,0.004185759102555556,0.029833773013527198,0.134495052371281,0.2008181220771736
failed-only-recovery-11,139,matched,estimation,200,-0.00013296956075842825,0.0004346788506098878,0.0012651471961171445,0.0013341631760575012
failed-only-recovery-11,139,matched,operator,200,0.0,0.0,0.0,0.0
failed-only-recovery-11,139,matched,total,200,-0.00013296956075842825,0.0004346788506098878,0.0012651471961171445,0.0013341631760575012
failed-only-recovery-11,140,analytic,estimation,200,-0.0008617073887354299,0.0011598015817584147,0.0032734957409401577,0.0032908518625756056
failed-only-recovery-11,140,analytic,operator,200,0.0029448942605945698,0.03012029843336163,0.11635858958158071,0.18232245433341676
failed-only-recovery-11,140,analytic,total,200,0.00208318687185914,0.03003469795975713,0.11763193683402776,0.18126011006696716
failed-only-recovery-11,140,matched,estimation,200,-0.0008717067171708881,0.0011777255173602691,0.0032928172573012393,0.0033185940359774513
failed-only-recovery-11,140,matched,operator,200,0.0,0.0,0.0,0.0
failed-only-recovery-11,140,matched,total,200,-0.0008717067171708881,0.0011777255173602691,0.0032928172573012393,0.0033185940359774513
failed-only-recovery-11,141,analytic,estimation,200,0.0008049280302394895,0.0015663850170358215,0.0029718912239051765,0.0031158240675621673
failed-only-recovery-11,141,analytic,operator,200,0.0010301372097081534,0.04585145037616596,0.15729088044402684,0.18643554689820896
failed-only-recovery-11,141,analytic,total,200,0.0018350652399476428,0.04609362194381239,0.15882418109573593,0.18885107802367085
failed-only-recovery-11,141,matched,estimation,200,0.0007927180885832309,0.0015454090091400773,0.0029822345569231468,0.003272194455420152
failed-only-recovery-11,141,matched,operator,200,0.0,0.0,0.0,0.0
failed-only-recovery-11,141,matched,total,200,0.0007927180885832309,0.0015454090091400773,0.0029822345569231468,0.003272194455420152
failed-only-recovery-11,142,analytic,estimation,200,0.0017348567854490956,0.0023166582957787197,0.005554208479644107,0.005592811876505621
failed-only-recovery-11,142,analytic,operator,200,-0.0027893648064049796,0.048657199686133815,0.17772372843522466,0.2289426883528496
failed-only-recovery-11,142,analytic,total,200,-0.0010545080209558842,0.04876328253936451,0.17692852942220394,0.2276271508017737
failed-only-recovery-11,142,matched,estimation,200,0.0017426985470229666,0.002319619352141766,0.005467612388746823,0.005719961155163655
failed-only-recovery-11,142,matched,operator,200,0.0,0.0,0.0,0.0
failed-only-recovery-11,142,matched,total,200,0.0017426985470229666,0.002319619352141766,0.005467612388746823,0.005719961155163655
failed-only-recovery-11,143,analytic,estimation,200,-0.0018929854117333018,0.0021125271816889567,0.003763787611886782,0.0038009581586966046
failed-only-recovery-11,143,analytic,operator,200,-0.0009486024843037077,0.0417422206005152,0.17020377314815238,0.2106674821015294
failed-only-recovery-11,143,analytic,total,200,-0.0028415878960370094,0.04198967092680856,0.1682499161025508,0.21065198507679372
failed-only-recovery-11,143,matched,estimation,200,-0.0018951100229812928,0.0021066659271573684,0.0036635839988200525,0.0038117601516854116
failed-only-recovery-11,143,matched,operator,200,0.0,0.0,0.0,0.0
failed-only-recovery-11,143,matched,total,200,-0.0018951100229812928,0.0021066659271573684,0.0036635839988200525,0.0038117601516854116
failed-only-recovery-11,144,analytic,estimation,200,0.001575097399241555,0.0017181854569959783,0.003449361333629386,0.00353686015636423
failed-only-recovery-11,144,analytic,operator,200,-0.005391682538210224,0.027455129930761362,0.11832709146270559,0.14491139281078072
failed-only-recovery-11,144,analytic,total,200,-0.0038165851389686685,0.02733653381290878,0.12064034952458635,0.1440389692954391
failed-only-recovery-11,144,matched,estimation,200,0.0015973194939916775,0.0017340172797566246,0.0034493034415308266,0.0035462762566749184
failed-only-recovery-11,144,matched,operator,200,0.0,0.0,0.0,0.0
failed-only-recovery-11,144,matched,total,200,0.0015973194939916775,0.0017340172797566246,0.0034493034415308266,0.0035462762566749184
failed-only-recovery-11,145,analytic,estimation,200,1.9004125487679519e-06,0.0008601081281327562,0.002851880841142407,0.0030003663735607145
failed-only-recovery-11,145,analytic,operator,200,0.0006825297891986333,0.04874148384530249,0.19883515568807078,0.24292975865229086
failed-only-recovery-11,145,analytic,total,200,0.0006844302017474012,0.048851691536561846,0.20009240329085795,0.2432423893936191
failed-only-recovery-11,145,matched,estimation,200,1.2488011574185036e-05,0.000839115147489455,0.002846860860310718,0.003002147905038388
failed-only-recovery-11,145,matched,operator,200,0.0,0.0,0.0,0.0
failed-only-recovery-11,145,matched,total,200,1.2488011574185036e-05,0.000839115147489455,0.002846860860310718,0.003002147905038388
failed-only-recovery-11,146,analytic,estimation,200,-0.00010184475315293342,0.0002917871279721291,0.0007838393238141644,0.0009705508335218493
failed-only-recovery-11,146,analytic,operator,200,0.00387257246851516,0.03396311568479128,0.13397422064944162,0.1808544153663199
failed-only-recovery-11,146,analytic,total,200,0.0037707277153622267,0.033992499123717566,0.13397422064944162,0.1808544153663199
failed-only-recovery-11,146,matched,estimation,200,-0.00010411344423138858,0.0002816259756801166,0.0006956966210830973,0.0008545221822780363
failed-only-recovery-11,146,matched,operator,200,0.0,0.0,0.0,0.0
failed-only-recovery-11,146,matched,total,200,-0.00010411344423138858,0.0002816259756801166,0.0006956966210830973,0.0008545221822780363
failed-only-recovery-11,147,analytic,estimation,200,0.00046082042012385744,0.0006627182274568827,0.0019399638831281707,0.002057342332397072
failed-only-recovery-11,147,analytic,operator,200,0.004183089753710406,0.027506910949800307,0.10931298835107467,0.21440680330174955
failed-only-recovery-11,147,analytic,total,200,0.004643910173834262,0.027701366988773613,0.11137033068347174,0.21624705604977817
failed-only-recovery-11,147,matched,estimation,200,0.00045358936007794116,0.0006471100491063857,0.0018677766189204026,0.0019965317653898307
failed-only-recovery-11,147,matched,operator,200,0.0,0.0,0.0,0.0
failed-only-recovery-11,147,matched,total,200,0.00045358936007794116,0.0006471100491063857,0.0018677766189204026,0.0019965317653898307
failed-only-recovery-11,148,analytic,estimation,200,0.0003447194531365591,0.0006598338345864378,0.0020492975419279524,0.0021896376983532306
failed-only-recovery-11,148,analytic,operator,200,-0.0004005291718005408,0.014579915423392485,0.06547633471906061,0.12769206776171144
failed-only-recovery-11,148,analytic,total,200,-5.5809718663981665e-05,0.01462311638603252,0.06647676875969358,0.12762742906420776
failed-only-recovery-11,148,matched,estimation,200,0.000345287410734739,0.0006579863520473731,0.002048875384452087,0.0021870156513272843
failed-only-recovery-11,148,matched,operator,200,0.0,0.0,0.0,0.0
failed-only-recovery-11,148,matched,total,200,0.000345287410734739,0.0006579863520473731,0.002048875384452087,0.0021870156513272843
failed-only-recovery-11,149,analytic,estimation,200,0.0027313174920120574,0.002939331436743834,0.004548281516133845,0.0050140946820026455
failed-only-recovery-11,149,analytic,operator,200,-0.0004949313156980613,0.0549718612253575,0.21383009112632206,0.25770084035295515
failed-only-recovery-11,149,analytic,total,200,0.0022363861763139963,0.05513165332223498,0.21679054290880834,0.25608706119713043
failed-only-recovery-11,149,matched,estimation,200,0.002711435323972306,0.002916123233676918,0.0046501818090317615,0.00501782627030567
failed-only-recovery-11,149,matched,operator,200,0.0,0.0,0.0,0.0
failed-only-recovery-11,149,matched,total,200,0.002711435323972306,0.002916123233676918,0.0046501818090317615,0.00501782627030567
failed-only-recovery-11,150,analytic,estimation,200,-0.00030300268126516464,0.0012602804899415209,0.003221824527502415,0.0041365419395997804
failed-only-recovery-11,150,analytic,operator,200,0.0017256316140212649,0.052513668000499135,0.20877861553662902,0.2504380396811952
failed-only-recovery-11,150,analytic,total,200,0.0014226289327561004,0.052742711159943646,0.20775873721894705,0.25020093912458696
failed-only-recovery-11,150,matched,estimation,200,-0.0003111732841286773,0.0012384186180925988,0.0031856279393505105,0.0039999973385311804
failed-only-recovery-11,150,matched,operator,200,0.0,0.0,0.0,0.0
failed-only-recovery-11,150,matched,total,200,-0.0003111732841286773,0.0012384186180925988,0.0031856279393505105,0.0039999973385311804
failed-only-recovery-11,151,analytic,estimation,200,-0.003197950594256017,0.003484481544434779,0.0055375166031275125,0.005669212209717389
failed-only-recovery-11,151,analytic,operator,200,0.0050799593495282815,0.03712574211797097,0.12040293993211049,0.23280179647849486
failed-only-recovery-11,151,analytic,total,200,0.001882008755272264,0.0370640873439562,0.1171031511596452,0.22832266048455263
failed-only-recovery-11,151,matched,estimation,200,-0.0032204749539431177,0.0035018777643348598,0.00538883801871437,0.005595395171017592
failed-only-recovery-11,151,matched,operator,200,0.0,0.0,0.0,0.0
failed-only-recovery-11,151,matched,total,200,-0.0032204749539431177,0.0035018777643348598,0.00538883801871437,0.005595395171017592
failed-only-recovery-11,152,analytic,estimation,200,0.001557481236272822,0.0017948128078457625,0.0033513171669011244,0.0034815443594355955
failed-only-recovery-11,152,analytic,operator,200,-0.001636108847944102,0.030456886361720056,0.1392924715708902,0.18212933267682713
failed-only-recovery-11,152,analytic,total,200,-7.862761167128004e-05,0.03063758131034145,0.13913443974019002,0.18166996322478873
failed-only-recovery-11,152,matched,estimation,200,0.0015516286949436757,0.0017770793330771104,0.003250031871245951,0.003511635417210557
failed-only-recovery-11,152,matched,operator,200,0.0,0.0,0.0,0.0
failed-only-recovery-11,152,matched,total,200,0.0015516286949436757,0.0017770793330771104,0.003250031871245951,0.003511635417210557
failed-only-recovery-11,153,analytic,estimation,200,-5.941273538872267e-05,0.0007750747205130471,0.002134355963546941,0.002374720160351007
failed-only-recovery-11,153,analytic,operator,200,-0.005445282240864205,0.053551698255415114,0.20614435990573404,0.31822765697788524
failed-only-recovery-11,153,analytic,total,200,-0.005504694976252928,0.053629316533629685,0.20648472734615986,0.31843702639203386
failed-only-recovery-11,153,matched,estimation,200,-1.7343448677558133e-05,0.0007715591117888282,0.002144822100363819,0.002184352230219899
failed-only-recovery-11,153,matched,operator,200,0.0,0.0,0.0,0.0
failed-only-recovery-11,153,matched,total,200,-1.7343448677558133e-05,0.0007715591117888282,0.002144822100363819,0.002184352230219899
failed-only-recovery-11,154,analytic,estimation,200,0.0016820638872184933,0.0017542018031439235,0.002477169567028592,0.0025289926814814345
failed-only-recovery-11,154,analytic,operator,200,0.002145040336407571,0.02221693369333622,0.10871909566964044,0.17594226502971602
failed-only-recovery-11,154,analytic,total,200,0.003827104223626064,0.022467655660852612,0.11000185292965692,0.1780093585818243
failed-only-recovery-11,154,matched,estimation,200,0.0016760218820597492,0.0017464058184412084,0.0024541026274074174,0.00249547033757086
failed-only-recovery-11,154,matched,operator,200,0.0,0.0,0.0,0.0
failed-only-recovery-11,154,matched,total,200,0.0016760218820597492,0.0017464058184412084,0.0024541026274074174,0.00249547033757086
failed-only-recovery-11,155,analytic,estimation,200,-0.0007708123646067333,0.0008829543708747502,0.0017719175082224758,0.0018073227526114177
failed-only-recovery-11,155,analytic,operator,200,0.0008502736393908701,0.021735519142431565,0.08948920721967549,0.09938003337607137
failed-only-recovery-11,155,analytic,total,200,7.946127478413681e-05,0.02167411064316952,0.08836118787050234,0.0983200809060112
failed-only-recovery-11,155,matched,estimation,200,-0.000765947004131837,0.0008765971865972974,0.0017717447996474789,0.0018074342944811583
failed-only-recovery-11,155,matched,operator,200,0.0,0.0,0.0,0.0
failed-only-recovery-11,155,matched,total,200,-0.000765947004131837,0.0008765971865972974,0.0017717447996474789,0.0018074342944811583
failed-only-recovery-11,156,analytic,estimation,200,-0.00037718620852313713,0.0005792528202389862,0.0011236894554533597,0.0011491542101877972
failed-only-recovery-11,156,analytic,operator,200,-0.0027321058428003415,0.027510231249785154,0.09451955586972606,0.1838152610334776
failed-only-recovery-11,156,analytic,total,200,-0.003109292051323479,0.027436554507254185,0.09475995689573408,0.18379663187858014
failed-only-recovery-11,156,matched,estimation,200,-0.00039624329467713616,0.000579620585231799,0.0011258904371139467,0.0011519621446499512
failed-only-recovery-11,156,matched,operator,200,0.0,0.0,0.0,0.0
failed-only-recovery-11,156,matched,total,200,-0.00039624329467713616,0.000579620585231799,0.0011258904371139467,0.0011519621446499512
failed-only-recovery-11,157,analytic,estimation,200,0.0031459948501405266,0.0033179336373803025,0.005397679086886931,0.005468922455159508
failed-only-recovery-11,157,analytic,operator,200,-0.0016489387170966622,0.0418846365592674,0.15719568302692666,0.21755295039824585
failed-only-recovery-11,157,analytic,total,200,0.0014970561330438644,0.042079772601945654,0.1601567980555414,0.21701259216222724
failed-only-recovery-11,157,matched,estimation,200,0.0031536380992439723,0.003321764659034153,0.005420064698691607,0.005749879274651204
failed-only-recovery-11,157,matched,operator,200,0.0,0.0,0.0,0.0
failed-only-recovery-11,157,matched,total,200,0.0031536380992439723,0.003321764659034153,0.005420064698691607,0.005749879274651204
failed-only-recovery-11,158,analytic,estimation,200,-0.001046948499554129,0.0015563298796223467,0.0033388418621885796,0.004188017978314029
failed-only-recovery-11,158,analytic,operator,200,0.006170744090866256,0.04384099699522729,0.16666508717160083,0.1889695836025198
failed-only-recovery-11,158,analytic,total,200,0.005123795591312127,0.043905060696538725,0.16492418893798283,0.18961920943745103
failed-only-recovery-11,158,matched,estimation,200,-0.0010789948651559165,0.001559500960644308,0.0034228408261105514,0.003965860648667885
failed-only-recovery-11,158,matched,operator,200,0.0,0.0,0.0,0.0
failed-only-recovery-11,158,matched,total,200,-0.0010789948651559165,0.001559500960644308,0.0034228408261105514,0.003965860648667885
failed-only-recovery-11,159,analytic,estimation,200,-0.003141106505079533,0.0033942728099654864,0.005374026926072695,0.005553257383823174
failed-only-recovery-11,159,analytic,operator,200,0.001735708483715916,0.03823380792333233,0.14634943953675594,0.17671560642177347
failed-only-recovery-11,159,analytic,total,200,-0.0014053980213636172,0.038451801715149295,0.14389734870215087,0.17480540244986736
failed-only-recovery-11,159,matched,estimation,200,-0.0031469713340816284,0.003392865383794197,0.0053194621854317226,0.005374323204456577
failed-only-recovery-11,159,matched,operator,200,0.0,0.0,0.0,0.0
failed-only-recovery-11,159,matched,total,200,-0.0031469713340816284,0.003392865383794197,0.0053194621854317226,0.005374323204456577
failed-only-recovery-11,160,analytic,estimation,200,0.002409966433435468,0.002741253892792604,0.00462009066757374,0.004676857887410124
failed-only-recovery-11,160,analytic,operator,200,-0.004809116954687187,0.055857472872032646,0.24677240447168147,0.3323057862599868
failed-only-recovery-11,160,analytic,total,200,-0.0023991505212517194,0.05585243540691868,0.24610878543951414,0.33120017846488353
failed-only-recovery-11,160,matched,estimation,200,0.0024217662291284186,0.002749115492356885,0.0047099350084707226,0.004780797204592346
failed-only-recovery-11,160,matched,operator,200,0.0,0.0,0.0,0.0
failed-only-recovery-11,160,matched,total,200,0.0024217662291284186,0.002749115492356885,0.0047099350084707226,0.004780797204592346
failed-only-recovery-11,161,analytic,estimation,200,0.0014489942847748301,0.0019130730795768425,0.0034363806375261596,0.0038385200329787983
failed-only-recovery-11,161,analytic,operator,200,0.0022592957498510802,0.05386760328201547,0.16958411742907642,0.22110098006337842
failed-only-recovery-11,161,analytic,total,200,0.0037082900346259106,0.054310562911477685,0.16906546400026257,0.22237857426419705
failed-only-recovery-11,161,matched,estimation,200,0.0014300050206998368,0.001857155337083654,0.0034306750801059716,0.0034571584039908565
failed-only-recovery-11,161,matched,operator,200,0.0,0.0,0.0,0.0
failed-only-recovery-11,161,matched,total,200,0.0014300050206998368,0.001857155337083654,0.0034306750801059716,0.0034571584039908565
failed-only-recovery-11,162,analytic,estimation,200,0.0012881234880218189,0.001857494417419127,0.005216079499946957,0.007234246232277197
failed-only-recovery-11,162,analytic,operator,200,0.0009991484584135977,0.0418168694952251,0.15881496515463245,0.21318996915296928
failed-only-recovery-11,162,analytic,total,200,0.002287271946435417,0.042097491144263845,0.15977814184549644,0.2123871327482702
failed-only-recovery-11,162,matched,estimation,200,0.0012865685883238032,0.0018504833605790065,0.005447086944934565,0.007081598655807042
failed-only-recovery-11,162,matched,operator,200,0.0,0.0,0.0,0.0
failed-only-recovery-11,162,matched,total,200,0.0012865685883238032,0.0018504833605790065,0.005447086944934565,0.007081598655807042
failed-only-recovery-11,163,analytic,estimation,200,-0.00393374120998936,0.004083929336985728,0.006706712697415018,0.0068082221350916905
failed-only-recovery-11,163,analytic,operator,200,0.0015363147398143428,0.031542072981435944,0.144504734753641,0.1816534645766819
failed-only-recovery-11,163,analytic,total,200,-0.0023974264701750177,0.031815931289628445,0.15125540154577233,0.1874447056650534
failed-only-recovery-11,163,matched,estimation,200,-0.003932106158186968,0.004075852530728697,0.006474795149986501,0.00676437915920769
failed-only-recovery-11,163,matched,operator,200,0.0,0.0,0.0,0.0
failed-only-recovery-11,163,matched,total,200,-0.003932106158186968,0.004075852530728697,0.006474795149986501,0.00676437915920769
failed-only-recovery-11,164,analytic,estimation,200,0.002442674810193373,0.0026436257559787797,0.003815749651972178,0.0038921253137136347
failed-only-recovery-11,164,analytic,operator,200,0.00040110756143401115,0.02622175987222939,0.13723565665805854,0.184737198481581
failed-only-recovery-11,164,analytic,total,200,0.0028437823716273842,0.02641027799580037,0.13993701121344843,0.18755500762356986
failed-only-recovery-11,164,matched,estimation,200,0.002435141541497912,0.002636448567113408,0.0038267669819762595,0.0038971791822595137
failed-only-recovery-11,164,matched,operator,200,0.0,0.0,0.0,0.0
failed-only-recovery-11,164,matched,total,200,0.002435141541497912,0.002636448567113408,0.0038267669819762595,0.0038971791822595137
failed-only-recovery-11,165,analytic,estimation,200,9.997968071709315e-05,0.001299424999445704,0.0031184523658703833,0.003195270623788715
failed-only-recovery-11,165,analytic,operator,200,0.002480381012698611,0.03583492441299351,0.14171153537503073,0.18441154661604078
failed-only-recovery-11,165,analytic,total,200,0.002580360693415704,0.03614962013117027,0.1415380929256671,0.18696268534638466
failed-only-recovery-11,165,matched,estimation,200,8.844337231747884e-05,0.0012591356902609996,0.0031103233038008438,0.0032334017467609555
failed-only-recovery-11,165,matched,operator,200,0.0,0.0,0.0,0.0
failed-only-recovery-11,165,matched,total,200,8.844337231747884e-05,0.0012591356902609996,0.0031103233038008438,0.0032334017467609555
failed-only-recovery-11,166,analytic,estimation,200,-0.0011782262912477305,0.0014118835933868057,0.0035534880197272134,0.004017949879404403
failed-only-recovery-11,166,analytic,operator,200,0.0022033472474806463,0.026670292546821142,0.10609178910190692,0.2547399576604625
failed-only-recovery-11,166,analytic,total,200,0.0010251209562329158,0.02672103430910159,0.10884896591331178,0.2545859312372758
failed-only-recovery-11,166,matched,estimation,200,-0.0011959149248597755,0.0014193154041476392,0.003555802716734613,0.004207909442579982
failed-only-recovery-11,166,matched,operator,200,0.0,0.0,0.0,0.0
failed-only-recovery-11,166,matched,total,200,-0.0011959149248597755,0.0014193154041476392,0.003555802716734613,0.004207909442579982
failed-only-recovery-11,167,analytic,estimation,200,0.0009577185772198767,0.0014842392500535033,0.0038751817037563363,0.005422647807941772
failed-only-recovery-11,167,analytic,operator,200,0.0007096366908140092,0.041393339758458124,0.1847934481051584,0.19315129816118803
failed-only-recovery-11,167,analytic,total,200,0.001667355268033886,0.04166240883065631,0.18453514322061498,0.19532953509327822
failed-only-recovery-11,167,matched,estimation,200,0.000969590176065527,0.0014727643002623793,0.0041174561271297705,0.005349000453552577
failed-only-recovery-11,167,matched,operator,200,0.0,0.0,0.0,0.0
failed-only-recovery-11,167,matched,total,200,0.000969590176065527,0.0014727643002623793,0.0041174561271297705,0.005349000453552577
failed-only-recovery-11,168,analytic,estimation,200,0.001727041691132616,0.001900478184285018,0.0030041687776413695,0.0030678443136569755
failed-only-recovery-11,168,analytic,operator,200,0.0014777648578008199,0.0311376525969574,0.10245112214859775,0.29028264355927
failed-only-recovery-11,168,analytic,total,200,0.003204806548933436,0.031415522540174656,0.10545604291770772,0.2930227505322567
failed-only-recovery-11,168,matched,estimation,200,0.001709011686898603,0.00187792429692267,0.0028491744310566447,0.0030551852451061734
failed-only-recovery-11,168,matched,operator,200,0.0,0.0,0.0,0.0
failed-only-recovery-11,168,matched,total,200,0.001709011686898603,0.00187792429692267,0.0028491744310566447,0.0030551852451061734
failed-only-recovery-12,1,analytic,estimation,200,0.0003878216783849082,0.000684616275075902,0.0020981551619363437,0.002518712036854165
failed-only-recovery-12,1,analytic,operator,200,0.0011938920533125998,0.04054855842624704,0.1546079111814862,0.16623020724380383
failed-only-recovery-12,1,analytic,total,200,0.001581713731697508,0.04064976811478981,0.15612700729938062,0.16689231353487044
failed-only-recovery-12,1,matched,estimation,200,0.000381012661324458,0.000672800184669493,0.0021517147305432083,0.00259694876146499
failed-only-recovery-12,1,matched,operator,200,0.0,0.0,0.0,0.0
failed-only-recovery-12,1,matched,total,200,0.000381012661324458,0.000672800184669493,0.0021517147305432083,0.00259694876146499
failed-only-recovery-12,2,analytic,estimation,200,-0.00037271710350813897,0.0009189108801894025,0.0021361144386603526,0.0022224915965442515
failed-only-recovery-12,2,analytic,operator,200,-0.0009420663585866498,0.038858782116441656,0.15908289871988718,0.20009574390311458
failed-only-recovery-12,2,analytic,total,200,-0.0013147834620947888,0.038975283158656275,0.15921037053684534,0.20026745199613294
failed-only-recovery-12,2,matched,estimation,200,-0.00037233760100325106,0.0009223510828781769,0.002178631824909072,0.002223218788375003
failed-only-recovery-12,2,matched,operator,200,0.0,0.0,0.0,0.0
failed-only-recovery-12,2,matched,total,200,-0.00037233760100325106,0.0009223510828781769,0.002178631824909072,0.002223218788375003
failed-only-recovery-12,3,analytic,estimation,200,-0.0025461058085223397,0.002743659725618977,0.004160694858055147,0.004219205267328163
failed-only-recovery-12,3,analytic,operator,200,0.0013613293627027373,0.0407409185887607,0.17244946079318207,0.19062384276882627
failed-only-recovery-12,3,analytic,total,200,-0.0011847764458196022,0.04076098754391697,0.1756792149983714,0.18848189986686242
failed-only-recovery-12,3,matched,estimation,200,-0.0025527182235518587,0.0027506219103259643,0.004148506819071918,0.0042103918848295785
failed-only-recovery-12,3,matched,operator,200,0.0,0.0,0.0,0.0
failed-only-recovery-12,3,matched,total,200,-0.0025527182235518587,0.0027506219103259643,0.004148506819071918,0.0042103918848295785
failed-only-recovery-12,4,analytic,estimation,200,0.0015020519372008591,0.00184762772709826,0.004277762674161467,0.00440898415818447
failed-only-recovery-12,4,analytic,operator,200,0.0012320588220468048,0.03619367412027493,0.1408577342265363,0.16602969739583812
failed-only-recovery-12,4,analytic,total,200,0.002734110759247664,0.03641260132680023,0.14264691005607438,0.16619407228671917
failed-only-recovery-12,4,matched,estimation,200,0.0014947628510854055,0.0018377680863447686,0.004274617137042025,0.004407993950205746
failed-only-recovery-12,4,matched,operator,200,0.0,0.0,0.0,0.0
failed-only-recovery-12,4,matched,total,200,0.0014947628510854055,0.0018377680863447686,0.004274617137042025,0.004407993950205746
failed-only-recovery-12,5,analytic,estimation,200,0.0005364443177238213,0.0008717779751415244,0.002661453891534382,0.002744490757538909
failed-only-recovery-12,5,analytic,operator,200,0.003433265182555945,0.0385688316879302,0.1371760109839927,0.2703432082905851
failed-only-recovery-12,5,analytic,total,200,0.0039697095002797665,0.03870113334671567,0.13774473982498506,0.2716949026149763
failed-only-recovery-12,5,matched,estimation,200,0.0005302798660958701,0.0008651811628750393,0.002382427790010855,0.002774173430991844
failed-only-recovery-12,5,matched,operator,200,0.0,0.0,0.0,0.0
failed-only-recovery-12,5,matched,total,200,0.0005302798660958701,0.0008651811628750393,0.002382427790010855,0.002774173430991844
failed-only-recovery-12,6,analytic,estimation,200,-0.00046514420671226587,0.0007591742532151507,0.0013720992592388126,0.0015578444399309
failed-only-recovery-12,6,analytic,operator,200,0.0012495408183007218,0.02659329205467769,0.12938369269981623,0.14288246727054202
failed-only-recovery-12,6,analytic,total,200,0.000784396611588456,0.026645631406193603,0.12888267066627576,0.1424572207037825
failed-only-recovery-12,6,matched,estimation,200,-0.000470878372788065,0.0007581650917397636,0.0013595341505925895,0.0014441188506733038
failed-only-recovery-12,6,matched,operator,200,0.0,0.0,0.0,0.0
failed-only-recovery-12,6,matched,total,200,-0.000470878372788065,0.0007581650917397636,0.0013595341505925895,0.0014441188506733038
failed-only-recovery-12,7,analytic,estimation,200,-0.00033121373790053724,0.00045463217711833194,0.0010041983321553566,0.0010153143742281795
failed-only-recovery-12,7,analytic,operator,200,0.0003068987238856519,0.01174084164013823,0.05768042216851115,0.08351114490982174
failed-only-recovery-12,7,analytic,total,200,-2.431501401488539e-05,0.011783228863251661,0.05855151506549055,0.08451084431306784
failed-only-recovery-12,7,matched,estimation,200,-0.0003336129414849205,0.00045525834257979764,0.0010302418616515568,0.001085400645254142
failed-only-recovery-12,7,matched,operator,200,0.0,0.0,0.0,0.0
failed-only-recovery-12,7,matched,total,200,-0.0003336129414849205,0.00045525834257979764,0.0010302418616515568,0.001085400645254142
failed-only-recovery-12,8,analytic,estimation,200,-3.90328046945439e-05,0.00010127926161473171,0.00025769193578702165,0.000527292847373545
failed-only-recovery-12,8,analytic,operator,200,-0.00029918117459307896,0.005163630723301093,0.027160449197076664,0.03164414804401941
failed-only-recovery-12,8,analytic,total,200,-0.0003382139792876229,0.0051697446047925125,0.027036602848540064,0.03168935527106359
failed-only-recovery-12,8,matched,estimation,200,-3.9568769098249095e-05,9.905505969745314e-05,0.00025770413268756676,0.0005154226177587207
failed-only-recovery-12,8,matched,operator,200,0.0,0.0,0.0,0.0
failed-only-recovery-12,8,matched,total,200,-3.9568769098249095e-05,9.905505969745314e-05,0.00025770413268756676,0.0005154226177587207
failed-only-recovery-12,9,analytic,estimation,200,0.001863846127779169,0.0021644977060387466,0.004076660549607869,0.004100175470029166
failed-only-recovery-12,9,analytic,operator,200,-0.0019044316069698952,0.04713794355285309,0.17350272662073685,0.2764896362392272
failed-only-recovery-12,9,analytic,total,200,-4.058547919072624e-05,0.04719254716443088,0.17242807935578353,0.27599997027267487
failed-only-recovery-12,9,matched,estimation,200,0.0018768995400986258,0.0021781255985751963,0.004134672920550475,0.004167623151758892
failed-only-recovery-12,9,matched,operator,200,0.0,0.0,0.0,0.0
failed-only-recovery-12,9,matched,total,200,0.0018768995400986258,0.0021781255985751963,0.004134672920550475,0.004167623151758892
failed-only-recovery-12,10,analytic,estimation,200,-0.0009322876496795905,0.001161342920967674,0.002299490632426293,0.0025533526980798804
failed-only-recovery-12,10,analytic,operator,200,0.0004182577505309484,0.05369931930283858,0.1978414336079175,0.23352029086938414
failed-only-recovery-12,10,analytic,total,200,-0.0005140298991486422,0.05387710020497179,0.2003818954316784,0.23434332597049684
failed-only-recovery-12,10,matched,estimation,200,-0.0009341277992684824,0.0011442794640402294,0.0021993218281844973,0.0023133141551083813
failed-only-recovery-12,10,matched,operator,200,0.0,0.0,0.0,0.0
failed-only-recovery-12,10,matched,total,200,-0.0009341277992684824,0.0011442794640402294,0.0021993218281844973,0.0023133141551083813
failed-only-recovery-12,11,analytic,estimation,200,-0.0013621260721993665,0.0016193334027311726,0.0029784674387963728,0.003232868621822149
failed-only-recovery-12,11,analytic,operator,200,-0.001155453052530404,0.03866868216695601,0.13459545198693895,0.1423858337615227
failed-only-recovery-12,11,analytic,total,200,-0.0025175791247297706,0.0388859749091201,0.13667864662534818,0.14378150932767542
failed-only-recovery-12,11,matched,estimation,200,-0.0013519740622828862,0.001601988488842649,0.0030187944645428677,0.0034080876031848534
failed-only-recovery-12,11,matched,operator,200,0.0,0.0,0.0,0.0
failed-only-recovery-12,11,matched,total,200,-0.0013519740622828862,0.001601988488842649,0.0030187944645428677,0.0034080876031848534
failed-only-recovery-12,12,analytic,estimation,200,0.0003555543712455497,0.000799194862135037,0.0019892464030002444,0.003514819635471955
failed-only-recovery-12,12,analytic,operator,200,-0.0011162131465490537,0.028987582742667106,0.11739407877258551,0.15594187828111672
failed-only-recovery-12,12,analytic,total,200,-0.0007606587753035041,0.02907389365640187,0.11691450978160417,0.15715245349923135
failed-only-recovery-12,12,matched,estimation,200,0.00036106686156769474,0.000796957308269419,0.001772377068782749,0.0036449005647303245
failed-only-recovery-12,12,matched,operator,200,0.0,0.0,0.0,0.0
failed-only-recovery-12,12,matched,total,200,0.00036106686156769474,0.000796957308269419,0.001772377068782749,0.0036449005647303245
failed-only-recovery-12,13,analytic,estimation,200,-0.0003519184001320371,0.0007385688389499204,0.0019281745554368679,0.0019448963780548945
failed-only-recovery-12,13,analytic,operator,200,-0.0012446263259320019,0.05419767486142934,0.21157258535375245,0.2917982391822423
failed-only-recovery-12,13,analytic,total,200,-0.0015965447260640388,0.054318374394694204,0.21233461655853197,0.29244546731684773
failed-only-recovery-12,13,matched,estimation,200,-0.0003550669285940831,0.0007292017953004227,0.0018011522715577488,0.002011374152896206
failed-only-recovery-12,13,matched,operator,200,0.0,0.0,0.0,0.0
failed-only-recovery-12,13,matched,total,200,-0.0003550669285940831,0.0007292017953004227,0.0018011522715577488,0.002011374152896206
failed-only-recovery-12,14,analytic,estimation,200,0.0003224141326154596,0.0005594329430903864,0.0012184886607214812,0.001241803043588549
failed-only-recovery-12,14,analytic,operator,200,0.00016322034370002802,0.020829873558470293,0.0799740472714659,0.10550311861954759
failed-only-recovery-12,14,analytic,total,200,0.0004856344763154877,0.020865267197149158,0.08061875274021935,0.1059243286339486
failed-only-recovery-12,14,matched,estimation,200,0.00032081058630646907,0.0005598502625648302,0.001218121395357083,0.0012419391389812684
failed-only-recovery-12,14,matched,operator,200,0.0,0.0,0.0,0.0
failed-only-recovery-12,14,matched,total,200,0.00032081058630646907,0.0005598502625648302,0.001218121395357083,0.0012419391389812684
failed-only-recovery-12,15,analytic,estimation,200,-0.00039165129032463014,0.0005523755263117959,0.0016375934290645544,0.0016787290151146772
failed-only-recovery-12,15,analytic,operator,200,-0.00122370047064453,0.021936695602222434,0.08275366813622881,0.14873357820201366
failed-only-recovery-12,15,analytic,total,200,-0.0016153517609691604,0.02204237128710961,0.08399797861506386,0.14957272074564237
failed-only-recovery-12,15,matched,estimation,200,-0.00037863356293709843,0.0005317160369424606,0.0016374027661620327,0.0017288535582670184
failed-only-recovery-12,15,matched,operator,200,0.0,0.0,0.0,0.0
failed-only-recovery-12,15,matched,total,200,-0.00037863356293709843,0.0005317160369424606,0.0016374027661620327,0.0017288535582670184
failed-only-recovery-12,16,analytic,estimation,200,-0.0005511919955534608,0.0005942087185232279,0.0008770519874511384,0.001070705300515673
failed-only-recovery-12,16,analytic,operator,200,-0.0003252616756898999,0.012301271976041512,0.044108856614791345,0.05195171262536438
failed-only-recovery-12,16,analytic,total,200,-0.0008764536712433607,0.012345559445564768,0.044475963186922735,0.05118131886447534
failed-only-recovery-12,16,matched,estimation,200,-0.0005526000759431357,0.0005933150097153189,0.0008765446410048394,0.0010225206307450385
failed-only-recovery-12,16,matched,operator,200,0.0,0.0,0.0,0.0
failed-only-recovery-12,16,matched,total,200,-0.0005526000759431357,0.0005933150097153189,0.0008765446410048394,0.0010225206307450385
failed-only-recovery-12,17,analytic,estimation,200,0.00012135085009596685,0.0002710511412634783,0.0006285101508606838,0.0006410579836764185
failed-only-recovery-12,17,analytic,operator,200,-0.0009570299972527349,0.012079162857239605,0.04957814632487567,0.07445139599977038
failed-only-recovery-12,17,analytic,total,200,-0.0008356791471567682,0.012068512896426273,0.04946318548883227,0.07436593862538096
failed-only-recovery-12,17,matched,estimation,200,0.00012687082858046103,0.0002698642324970975,0.0006303235809030916,0.0006413817827395363
failed-only-recovery-12,17,matched,operator,200,0.0,0.0,0.0,0.0
failed-only-recovery-12,17,matched,total,200,0.00012687082858046103,0.0002698642324970975,0.0006303235809030916,0.0006413817827395363
failed-only-recovery-12,18,analytic,estimation,200,0.00034233257150958823,0.0004271068350876223,0.0008589863937681075,0.0009491179683541184
failed-only-recovery-12,18,analytic,operator,200,-0.00025952325963362705,0.008893655591995505,0.047903575254273495,0.05200378051128919
failed-only-recovery-12,18,analytic,total,200,8.280931187596121e-05,0.00888084790794851,0.048541924603978936,0.05159733297541581
failed-only-recovery-12,18,matched,estimation,200,0.0003409288797551723,0.000423861962513333,0.0008691621520649506,0.000926228053574174
failed-only-recovery-12,18,matched,operator,200,0.0,0.0,0.0,0.0
failed-only-recovery-12,18,matched,total,200,0.0003409288797551723,0.000423861962513333,0.0008691621520649506,0.000926228053574174
failed-only-recovery-12,19,analytic,estimation,200,-0.00040821091369197196,0.00044295044091598244,0.0008209561280717592,0.0008405910651683168
failed-only-recovery-12,19,analytic,operator,200,-0.002616782399225109,0.013506129995786998,0.0621896890517033,0.063466199702458
failed-only-recovery-12,19,analytic,total,200,-0.003024993312917081,0.013585584210942423,0.06255917137319078,0.06386474133222965
failed-only-recovery-12,19,matched,estimation,200,-0.0004039861636466032,0.00043936193951311237,0.0008209090209937431,0.00084062452752387
failed-only-recovery-12,19,matched,operator,200,0.0,0.0,0.0,0.0
failed-only-recovery-12,19,matched,total,200,-0.0004039861636466032,0.00043936193951311237,0.0008209090209937431,0.00084062452752387
failed-only-recovery-12,20,analytic,estimation,200,0.0010029240340401254,0.0013822971423610706,0.0030016646257648993,0.003104427597639292
failed-only-recovery-12,20,analytic,operator,200,-0.003308843975716119,0.05641309551562481,0.1795933436592721,0.2213660203063314
failed-only-recovery-12,20,analytic,total,200,-0.0023059199416759937,0.05672623303952195,0.18196268208657568,0.22203349924769228
failed-only-recovery-12,20,matched,estimation,200,0.0009906443846994797,0.0013221615776226325,0.00254920391332758,0.0029580685379512195
failed-only-recovery-12,20,matched,operator,200,0.0,0.0,0.0,0.0
failed-only-recovery-12,20,matched,total,200,0.0009906443846994797,0.0013221615776226325,0.00254920391332758,0.0029580685379512195
failed-only-recovery-12,21,analytic,estimation,200,0.00034066263579745335,0.0010287759698884072,0.0031132443179653357,0.00331980429549672
failed-only-recovery-12,21,analytic,operator,200,7.465679903731861e-05,0.05208950146007629,0.18641822375104966,0.21194773021136393
failed-only-recovery-12,21,analytic,total,200,0.00041531943483477196,0.052273913944151505,0.18665650523865035,0.21269760492259615
failed-only-recovery-12,21,matched,estimation,200,0.00034078453720332025,0.0010100125539693108,0.0029208572826755486,0.003143678452006915
failed-only-recovery-12,21,matched,operator,200,0.0,0.0,0.0,0.0
failed-only-recovery-12,21,matched,total,200,0.00034078453720332025,0.0010100125539693108,0.0029208572826755486,0.003143678452006915
failed-only-recovery-12,22,analytic,estimation,200,-0.002905995683331429,0.0030984397743163044,0.004785129845339853,0.0049944221545684675
failed-only-recovery-12,22,analytic,operator,200,0.0008328845492765447,0.04875452807612329,0.1803488729633167,0.21163595194807522
failed-only-recovery-12,22,analytic,total,200,-0.0020731111340548843,0.048810340078194084,0.18299481908738613,0.21516963888840485
failed-only-recovery-12,22,matched,estimation,200,-0.002911581853887962,0.003099031577958232,0.004782053390095076,0.004856479864783103
failed-only-recovery-12,22,matched,operator,200,0.0,0.0,0.0,0.0
failed-only-recovery-12,22,matched,total,200,-0.002911581853887962,0.003099031577958232,0.004782053390095076,0.004856479864783103
failed-only-recovery-12,23,analytic,estimation,200,0.001753515232014466,0.0020046360090085554,0.002892196601437469,0.0030129805656867736
failed-only-recovery-12,23,analytic,operator,200,0.003094473754020559,0.03781523543494446,0.14505205282889527,0.2649242738080336
failed-only-recovery-12,23,analytic,total,200,0.0048479889860350255,0.037931075027747355,0.14777636696018298,0.26594344795795266
failed-only-recovery-12,23,matched,estimation,200,0.0017368512543040268,0.0019918616212233,0.0029323950967545254,0.0030390347434165466
failed-only-recovery-12,23,matched,operator,200,0.0,0.0,0.0,0.0
failed-only-recovery-12,23,matched,total,200,0.0017368512543040268,0.0019918616212233,0.0029323950967545254,0.0030390347434165466
failed-only-recovery-12,24,analytic,estimation,200,0.0007555077578945044,0.0012467681469247064,0.002576153897900474,0.0025991948453074065
failed-only-recovery-12,24,analytic,operator,200,-0.00686426106028078,0.05526129364898434,0.20589476144457405,0.22268587350667554
failed-only-recovery-12,24,analytic,total,200,-0.006108753302386277,0.05545010412347631,0.20762757033451917,0.22289766522782004
failed-only-recovery-12,24,matched,estimation,200,0.0007789480203115813,0.0012306161719072293,0.0025960612211609613,0.0026016101776584477
failed-only-recovery-12,24,matched,operator,200,0.0,0.0,0.0,0.0
failed-only-recovery-12,24,matched,total,200,0.0007789480203115813,0.0012306161719072293,0.0025960612211609613,0.0026016101776584477
failed-only-recovery-12,25,analytic,estimation,200,-0.0010589319203925256,0.001218279929388891,0.0024446001837907516,0.0025000740134712984
failed-only-recovery-12,25,analytic,operator,200,0.0019369865635844872,0.043108095347461024,0.2017857987772373,0.24782671689567382
failed-only-recovery-12,25,analytic,total,200,0.0008780546431919616,0.04318675943785996,0.20122267007675837,0.24795721476635502
failed-only-recovery-12,25,matched,estimation,200,-0.001066305649115327,0.0012204229125674102,0.002172773369653807,0.0026080606604869105
failed-only-recovery-12,25,matched,operator,200,0.0,0.0,0.0,0.0
failed-only-recovery-12,25,matched,total,200,-0.001066305649115327,0.0012204229125674102,0.002172773369653807,0.0026080606604869105
failed-only-recovery-12,26,analytic,estimation,200,-0.0004076051386210894,0.0008193664219174577,0.0018532084859868014,0.0019273160308885817
failed-only-recovery-12,26,analytic,operator,200,0.0049807718756456195,0.059999120586735885,0.27655202240586396,0.3493832953850377
failed-only-recovery-12,26,analytic,total,200,0.00457316673702453,0.060192664954506946,0.27747055903081536,0.3503862580096485
failed-only-recovery-12,26,matched,estimation,200,-0.0004294920081999804,0.0007962555383487078,0.001866426219109485,0.0019651275548170366
failed-only-recovery-12,26,matched,operator,200,0.0,0.0,0.0,0.0
failed-only-recovery-12,26,matched,total,200,-0.0004294920081999804,0.0007962555383487078,0.001866426219109485,0.0019651275548170366
failed-only-recovery-12,27,analytic,estimation,200,0.0022973194244707527,0.0024138877601365643,0.003574969342724721,0.0037208279888528706
failed-only-recovery-12,27,analytic,operator,200,-0.0019171431516125906,0.06231678660785412,0.2375570901594615,0.32506479180531267
failed-only-recovery-12,27,analytic,total,200,0.00038017627285816225,0.062381655686808535,0.24075966609848734,0.32214347718281555
failed-only-recovery-12,27,matched,estimation,200,0.002287208435091425,0.002399142925400474,0.0035661411999156067,0.0036546533831726125
failed-only-recovery-12,27,matched,operator,200,0.0,0.0,0.0,0.0
failed-only-recovery-12,27,matched,total,200,0.002287208435091425,0.002399142925400474,0.0035661411999156067,0.0036546533831726125
failed-only-recovery-12,28,analytic,estimation,200,-0.003658289090492036,0.003778098869926204,0.004705275597421066,0.004731389916619477
failed-only-recovery-12,28,analytic,operator,200,0.0013690663979458884,0.042890643148598404,0.22022245935050266,0.31748738295163004
failed-only-recovery-12,28,analytic,total,200,-0.0022892226925461476,0.04308004527305728,0.22282593263098116,0.32145539980618987
failed-only-recovery-12,28,matched,estimation,200,-0.0036651144384247307,0.003779945024392124,0.004686494405271802,0.004694250719105009
failed-only-recovery-12,28,matched,operator,200,0.0,0.0,0.0,0.0
failed-only-recovery-12,28,matched,total,200,-0.0036651144384247307,0.003779945024392124,0.004686494405271802,0.004694250719105009
failed-only-recovery-12,29,analytic,estimation,200,0.0014489963871040215,0.0015769139762097097,0.00255491899728022,0.0026833337270352198
failed-only-recovery-12,29,analytic,operator,200,-0.0032128247378702722,0.049786546828697736,0.21440827640615284,0.25151503428363625
failed-only-recovery-12,29,analytic,total,200,-0.0017638283507662505,0.04986691670859666,0.21654028533716307,0.2502860201841579
failed-only-recovery-12,29,matched,estimation,200,0.0014526922953491405,0.0015710012753753402,0.0025301039842948736,0.002685287579113127
failed-only-recovery-12,29,matched,operator,200,0.0,0.0,0.0,0.0
failed-only-recovery-12,29,matched,total,200,0.0014526922953491405,0.0015710012753753402,0.0025301039842948736,0.002685287579113127
failed-only-recovery-12,30,analytic,estimation,200,0.0013776619095435165,0.0015163553793762544,0.0025479757331027253,0.002680185215959141
failed-only-recovery-12,30,analytic,operator,200,0.005017222233852466,0.046536494963177355,0.23816218648571852,0.244330822287617
failed-only-recovery-12,30,analytic,total,200,0.006394884143395983,0.046873635325765016,0.23704982664484725,0.2469206747037585
failed-only-recovery-12,30,matched,estimation,200,0.0013584533446656256,0.001490378879323414,0.002407692454872268,0.002443818077543347
failed-only-recovery-12,30,matched,operator,200,0.0,0.0,0.0,0.0
failed-only-recovery-12,30,matched,total,200,0.0013584533446656256,0.001490378879323414,0.002407692454872268,0.002443818077543347
failed-only-recovery-12,31,analytic,estimation,200,0.0012479537505966749,0.0015803910324302106,0.003041101686957648,0.003138382687686292
failed-only-recovery-12,31,analytic,operator,200,-0.0009941374591640548,0.05328505023389898,0.17795058137655795,0.24433651584130692
failed-only-recovery-12,31,analytic,total,200,0.00025381629143262,0.05339358042440732,0.1777020586098016,0.24516501958008363
failed-only-recovery-12,31,matched,estimation,200,0.0012710616347109734,0.0015786354273471105,0.0031310513520225736,0.003194102689165812
failed-only-recovery-12,31,matched,operator,200,0.0,0.0,0.0,0.0
failed-only-recovery-12,31,matched,total,200,0.0012710616347109734,0.0015786354273471105,0.0031310513520225736,0.003194102689165812
failed-only-recovery-12,32,analytic,estimation,200,0.003520591454923586,0.0038032863137314257,0.005748924271556544,0.005866018446348487
failed-only-recovery-12,32,analytic,operator,200,-0.0016618694545160798,0.054084728450513556,0.2051143081233568,0.27283570525728784
failed-only-recovery-12,32,analytic,total,200,0.0018587220004075062,0.05419562553517875,0.20051517467968913,0.27550888371787285
failed-only-recovery-12,32,matched,estimation,200,0.003520326327837051,0.003809157216344051,0.005840577887845144,0.005906479537180785
failed-only-recovery-12,32,matched,operator,200,0.0,0.0,0.0,0.0
failed-only-recovery-12,32,matched,total,200,0.003520326327837051,0.003809157216344051,0.005840577887845144,0.005906479537180785
failed-only-recovery-12,33,analytic,estimation,200,-0.0038684826894079378,0.004036884454478805,0.006292957725686804,0.006471454080306416
failed-only-recovery-12,33,analytic,operator,200,0.0012437503717093984,0.04377219583168213,0.1717485817943572,0.23560040057712628
failed-only-recovery-12,33,analytic,total,200,-0.002624732317698539,0.04378432149007764,0.17404901008585294,0.2295618645383945
failed-only-recovery-12,33,matched,estimation,200,-0.0038670719765396483,0.004033097432417803,0.006292070959782237,0.006404569954061766
failed-only-recovery-12,33,matched,operator,200,0.0,0.0,0.0,0.0
failed-only-recovery-12,33,matched,total,200,-0.0038670719765396483,0.004033097432417803,0.006292070959782237,0.006404569954061766
failed-only-recovery-12,34,analytic,estimation,200,0.002582512593777852,0.002873117965122764,0.004663227816201099,0.0047258285061111405
failed-only-recovery-12,34,analytic,operator,200,-0.0007080176173343726,0.020318086783185557,0.10239912266312545,0.12836780959897565
failed-only-recovery-12,34,analytic,total,200,0.0018744949764434797,0.02043176535246822,0.10558130025323248,0.13080725963509965
failed-only-recovery-12,34,matched,estimation,200,0.0025822378132055244,0.002865045067709904,0.004655769371934015,0.004725346862061608
failed-only-recovery-12,34,matched,operator,200,0.0,0.0,0.0,0.0
failed-only-recovery-12,34,matched,total,200,0.0025822378132055244,0.002865045067709904,0.004655769371934015,0.004725346862061608
failed-only-recovery-12,35,analytic,estimation,200,-0.0019149226464733771,0.0021228614912162575,0.003912359847770261,0.004013357225818942
failed-only-recovery-12,35,analytic,operator,200,-0.007814982862601101,0.052058531994864966,0.20339267982294712,0.27141922121099693
failed-only-recovery-12,35,analytic,total,200,-0.00972990550907448,0.05261377769774576,0.20654375557646878,0.27463416609381064
failed-only-recovery-12,35,matched,estimation,200,-0.0018593590819900067,0.00205776369640456,0.0037275695366796313,0.003967978165722974
failed-only-recovery-12,35,matched,operator,200,0.0,0.0,0.0,0.0
failed-only-recovery-12,35,matched,total,200,-0.0018593590819900067,0.00205776369640456,0.0037275695366796313,0.003967978165722974
failed-only-recovery-12,36,analytic,estimation,200,0.0006351043100038449,0.0010348120097330563,0.0028229014165386257,0.002916117181740452
failed-only-recovery-12,36,analytic,operator,200,-0.0041134775382526715,0.024947034657272108,0.08495746438053192,0.1897672773834368
failed-only-recovery-12,36,analytic,total,200,-0.0034783732282488273,0.02475688206926445,0.08376992063420924,0.19017817623369704
failed-only-recovery-12,36,matched,estimation,200,0.0006010052334849608,0.0010035048740436182,0.0028234502525088523,0.002908016421592663
failed-only-recovery-12,36,matched,operator,200,0.0,0.0,0.0,0.0
failed-only-recovery-12,36,matched,total,200,0.0006010052334849608,0.0010035048740436182,0.0028234502525088523,0.002908016421592663
failed-only-recovery-12,37,analytic,estimation,200,-7.975391902722762e-05,0.00035452471015974226,0.0010642903535730275,0.0012758126556326327
failed-only-recovery-12,37,analytic,operator,200,-0.0008763945395328281,0.016816713301523234,0.06041627288826812,0.09762455210394638
failed-only-recovery-12,37,analytic,total,200,-0.0009561484585600556,0.01681535244718746,0.06082588023915647,0.0981038254854889
failed-only-recovery-12,37,matched,estimation,200,-7.879238527759784e-05,0.0003459299819587786,0.0011116434043528661,0.0013348642530394972
failed-only-recovery-12,37,matched,operator,200,0.0,0.0,0.0,0.0
failed-only-recovery-12,37,matched,total,200,-7.879238527759784e-05,0.0003459299819587786,0.0011116434043528661,0.0013348642530394972
failed-only-recovery-12,38,analytic,estimation,200,-0.00022682483753041604,0.0004076378790789032,0.0012976550554251176,0.0014209361658199526
failed-only-recovery-12,38,analytic,operator,200,-0.0013496868166818926,0.021028526548693225,0.065812704329093,0.24055759111846683
failed-only-recovery-12,38,analytic,total,200,-0.0015765116542123087,0.021054604267653577,0.0654031992000451,0.24134121430725017
failed-only-recovery-12,38,matched,estimation,200,-0.00022156541515746183,0.00040224368449843194,0.0012911797443679873,0.0013815084233890218
failed-only-recovery-12,38,matched,operator,200,0.0,0.0,0.0,0.0
failed-only-recovery-12,38,matched,total,200,-0.00022156541515746183,0.00040224368449843194,0.0012911797443679873,0.0013815084233890218
failed-only-recovery-12,39,analytic,estimation,200,-0.00020731936148097585,0.00026548402599407004,0.0005997324429878326,0.000613499488753444
failed-only-recovery-12,39,analytic,operator,200,0.0009516764089461952,0.009190470090915658,0.040536334374545985,0.04864221008096095
failed-only-recovery-12,39,analytic,total,200,0.0007443570474652193,0.009184624311902444,0.04019423969808464,0.048672586909878246
failed-only-recovery-12,39,matched,estimation,200,-0.0002105592431686237,0.00026565028125970084,0.0005995362826207717,0.0006133041078264512
failed-only-recovery-12,39,matched,operator,200,0.0,0.0,0.0,0.0
failed-only-recovery-12,39,matched,total,200,-0.0002105592431686237,0.00026565028125970084,0.0005995362826207717,0.0006133041078264512
failed-only-recovery-12,40,analytic,estimation,200,0.00016809427631792027,0.0002145015025820681,0.0005743042757612171,0.0005750075075172667
failed-only-recovery-12,40,analytic,operator,200,0.00014536483912698083,0.008214547752136453,0.04521847432083869,0.0713476287460253
failed-only-recovery-12,40,analytic,total,200,0.0003134591154449011,0.008223758521226645,0.045006557409697924,0.0716359076270549
failed-only-recovery-12,40,matched,estimation,200,0.00016684291868738688,0.0002120276391712266,0.0005742729438386052,0.0005885401419982728
failed-only-recovery-12,40,matched,operator,200,0.0,0.0,0.0,0.0
failed-only-recovery-12,40,matched,total,200,0.00016684291868738688,0.0002120276391712266,0.0005742729438386052,0.0005885401419982728
failed-only-recovery-12,41,analytic,estimation,200,0.0003333908481818057,0.0013349527067851527,0.003152771465153137,0.0032534997896109807
failed-only-recovery-12,41,analytic,operator,200,0.003752555628152921,0.05173806362625335,0.18290157260365744,0.2523315993015669
failed-only-recovery-12,41,analytic,total,200,0.004085946476334726,0.05183552442078132,0.18380878170078138,0.2520170813204443
failed-only-recovery-12,41,matched,estimation,200,0.00031122994382802897,0.001308205365435001,0.0031506558916352123,0.003253304742894203
failed-only-recovery-12,41,matched,operator,200,0.0,0.0,0.0,0.0
failed-only-recovery-12,41,matched,total,200,0.00031122994382802897,0.001308205365435001,0.0031506558916352123,0.003253304742894203
failed-only-recovery-12,42,analytic,estimation,200,0.0006473924617183011,0.0012283464530270334,0.002685998769742348,0.002775710964021627
failed-only-recovery-12,42,analytic,operator,200,0.002737704513438361,0.07570444454983727,0.2508942611089311,0.3097262025309949
failed-only-recovery-12,42,analytic,total,200,0.0033850969751566618,0.07591822317140681,0.2515021511966612,0.31063027234528584
failed-only-recovery-12,42,matched,estimation,200,0.0006286286087834766,0.0011821091383653372,0.002561542156494165,0.0027773130009427494
failed-only-recovery-12,42,matched,operator,200,0.0,0.0,0.0,0.0
failed-only-recovery-12,42,matched,total,200,0.0006286286087834766,0.0011821091383653372,0.002561542156494165,0.0027773130009427494
failed-only-recovery-12,43,analytic,estimation,200,-0.0017453469970904827,0.0022072817258425048,0.004475034313801807,0.004582018924535358
failed-only-recovery-12,43,analytic,operator,200,-0.0023907887702107468,0.04658781522720324,0.18908160516796452,0.24704862169916875
failed-only-recovery-12,43,analytic,total,200,-0.0041361357673012295,0.04682371837149575,0.19144918501997138,0.24741612096046572
failed-only-recovery-12,43,matched,estimation,200,-0.0017384595235570388,0.0021941323543998247,0.004477255466371677,0.004599260177873932
failed-only-recovery-12,43,matched,operator,200,0.0,0.0,0.0,0.0
failed-only-recovery-12,43,matched,total,200,-0.0017384595235570388,0.0021941323543998247,0.004477255466371677,0.004599260177873932
failed-only-recovery-12,44,analytic,estimation,200,-0.0006239550281620217,0.0012308171750828407,0.004755473232629703,0.00486900892343034
failed-only-recovery-12,44,analytic,operator,200,0.0028993964562542885,0.04577066558587841,0.15435807181066336,0.18058825816408547
failed-only-recovery-12,44,analytic,total,200,0.0022754414280922665,0.045906552301067625,0.1592270807340937,0.18534373139671517
failed-only-recovery-12,44,matched,estimation,200,-0.0006220691590766584,0.0011992592450703308,0.004635998704950517,0.004902232660053296
failed-only-recovery-12,44,matched,operator,200,0.0,0.0,0.0,0.0
failed-only-recovery-12,44,matched,total,200,-0.0006220691590766584,0.0011992592450703308,0.004635998704950517,0.004902232660053296
failed-only-recovery-12,45,analytic,estimation,200,-4.949836503577665e-05,0.0007300146706898738,0.0017334513023209985,0.0017912210581565446
failed-only-recovery-12,45,analytic,operator,200,-0.004568573343897636,0.05705733280374616,0.21532615186563855,0.2842587667742223
failed-only-recovery-12,45,analytic,total,200,-0.0046180717089334125,0.05721886070115469,0.21519061102497347,0.2846901617685625
failed-only-recovery-12,45,matched,estimation,200,-4.220871131507754e-05,0.0007134537708852475,0.0016670064371961599,0.001778908602827041
failed-only-recovery-12,45,matched,operator,200,0.0,0.0,0.0,0.0
failed-only-recovery-12,45,matched,total,200,-4.220871131507754e-05,0.0007134537708852475,0.0016670064371961599,0.001778908602827041
failed-only-recovery-12,46,analytic,estimation,200,-0.002370066651865446,0.0024473320544561392,0.003931187849924356,0.004281295800127927
failed-only-recovery-12,46,analytic,operator,200,0.0015214423866931508,0.027126828981569123,0.13848119702267203,0.18677898687208772
failed-only-recovery-12,46,analytic,total,200,-0.000848624265172295,0.027135774990905318,0.14074325300021667,0.1851611728897949
failed-only-recovery-12,46,matched,estimation,200,-0.0023663374335732693,0.002441290758352989,0.0038119950351440807,0.004109854167102633
failed-only-recovery-12,46,matched,operator,200,0.0,0.0,0.0,0.0
failed-only-recovery-12,46,matched,total,200,-0.0023663374335732693,0.002441290758352989,0.0038119950351440807,0.004109854167102633
failed-only-recovery-12,47,analytic,estimation,200,0.0006120414526767305,0.0008386117154137475,0.0023866776549200663,0.0024221354086963465
failed-only-recovery-12,47,analytic,operator,200,0.0007109175228794582,0.04325021594942511,0.2185899969183644,0.2809220150136617
failed-only-recovery-12,47,analytic,total,200,0.0013229589755561885,0.04332480104453759,0.2195577355756656,0.2822980786649202
failed-only-recovery-12,47,matched,estimation,200,0.0006156909283861847,0.0008398546552714481,0.002383393399687961,0.0025564687114856266
failed-only-recovery-12,47,matched,operator,200,0.0,0.0,0.0,0.0
failed-only-recovery-12,47,matched,total,200,0.0006156909283861847,0.0008398546552714481,0.002383393399687961,0.0025564687114856266
failed-only-recovery-12,48,analytic,estimation,200,0.0008015644078025952,0.0009325835978104833,0.001857291929685534,0.0018782511733075324
failed-only-recovery-12,48,analytic,operator,200,-0.0031934713359301706,0.03216962010125844,0.1731214539644393,0.19365338182051633
failed-only-recovery-12,48,analytic,total,200,-0.0023919069281275757,0.032170748521291884,0.1731214539644393,0.19479498828699215
failed-only-recovery-12,48,matched,estimation,200,0.0008096304606066355,0.000934706759322782,0.0018536059559803864,0.0018776684859724835
failed-only-recovery-12,48,matched,operator,200,0.0,0.0,0.0,0.0
failed-only-recovery-12,48,matched,total,200,0.0008096304606066355,0.000934706759322782,0.0018536059559803864,0.0018776684859724835
failed-only-recovery-12,49,analytic,estimation,200,0.001569947771659226,0.0019065710206743196,0.003547774483590227,0.00363444392683665
failed-only-recovery-12,49,analytic,operator,200,7.183575672132699e-05,0.054908855465449255,0.18680662609022175,0.19461915241847366
failed-only-recovery-12,49,analytic,total,200,0.0016417835283805528,0.05489502739046016,0.18725739215906723,0.19504685931342655
failed-only-recovery-12,49,matched,estimation,200,0.00156991307701384,0.0019092428177429127,0.003542765767358569,0.0035493284377854373
failed-only-recovery-12,49,matched,operator,200,0.0,0.0,0.0,0.0
failed-only-recovery-12,49,matched,total,200,0.00156991307701384,0.0019092428177429127,0.003542765767358569,0.0035493284377854373
failed-only-recovery-12,50,analytic,estimation,200,-0.0013289124715438832,0.0014887820024868598,0.002627547687332185,0.0026749783779086295
failed-only-recovery-12,50,analytic,operator,200,-0.0015935478179512847,0.057627951532299354,0.17887624340031577,0.32281228594816513
failed-only-recovery-12,50,analytic,total,200,-0.002922460289495168,0.057693034333691495,0.18035871328520425,0.3242939956263144
failed-only-recovery-12,50,matched,estimation,200,-0.0013273369459928259,0.0014893268242401358,0.002465465050451282,0.0026758576560351743
failed-only-recovery-12,50,matched,operator,200,0.0,0.0,0.0,0.0
failed-only-recovery-12,50,matched,total,200,-0.0013273369459928259,0.0014893268242401358,0.002465465050451282,0.0026758576560351743
failed-only-recovery-12,51,analytic,estimation,200,-0.0004035195666082036,0.0008209554372958707,0.0023279554810498315,0.0037141614787192245
failed-only-recovery-12,51,analytic,operator,200,0.0023452242629926315,0.05000060434917729,0.1999095438924947,0.2494679664871189
failed-only-recovery-12,51,analytic,total,200,0.0019417046963844278,0.05004588235306454,0.20001808373251945,0.2486950636427625
failed-only-recovery-12,51,matched,estimation,200,-0.0004009695904380834,0.0008206605575482592,0.002520600970179754,0.0027911962632259923
failed-only-recovery-12,51,matched,operator,200,0.0,0.0,0.0,0.0
failed-only-recovery-12,51,matched,total,200,-0.0004009695904380834,0.0008206605575482592,0.002520600970179754,0.0027911962632259923
failed-only-recovery-12,52,analytic,estimation,200,0.0006540320318427813,0.001155056184908319,0.0045373478829335845,0.004750206500531484
failed-only-recovery-12,52,analytic,operator,200,-0.003466722777662798,0.03518895216121654,0.1270889512582827,0.18852272889903146
failed-only-recovery-12,52,analytic,total,200,-0.002812690745820016,0.03525022009118272,0.1268035214159767,0.18887079913163823
failed-only-recovery-12,52,matched,estimation,200,0.0006678300686460651,0.0011682639433216347,0.004698302546430888,0.004919617965140288
failed-only-recovery-12,52,matched,operator,200,0.0,0.0,0.0,0.0
failed-only-recovery-12,52,matched,total,200,0.0006678300686460651,0.0011682639433216347,0.004698302546430888,0.004919617965140288
failed-only-recovery-12,53,analytic,estimation,200,0.00017583741787643574,0.001764785488042288,0.007731893317376004,0.008134809853880265
failed-only-recovery-12,53,analytic,operator,200,-0.010358311604646482,0.07373375667197234,0.26520140892068994,0.3044555180625509
failed-only-recovery-12,53,analytic,total,200,-0.010182474186770046,0.07372838442897402,0.2650904874825172,0.30442308897090253
failed-only-recovery-12,53,matched,estimation,200,0.0001947801921045641,0.0017680240719873455,0.007720605259742053,0.008135335329794824
failed-only-recovery-12,53,matched,operator,200,0.0,0.0,0.0,0.0
failed-only-recovery-12,53,matched,total,200,0.0001947801921045641,0.0017680240719873455,0.007720605259742053,0.008135335329794824
failed-only-recovery-12,54,analytic,estimation,200,0.00040307409306301683,0.0008214835170615292,0.0022158831235669085,0.0023711060325143363
failed-only-recovery-12,54,analytic,operator,200,-0.002980386508109022,0.05500930915371019,0.22396757247072757,0.30965813517456536
failed-only-recovery-12,54,analytic,total,200,-0.0025773124150460054,0.05510349549567295,0.2239472984772759,0.3115096579413151
failed-only-recovery-12,54,matched,estimation,200,0.00041347915919739145,0.0008220485083283752,0.002176843050295807,0.0024941763650668802
failed-only-recovery-12,54,matched,operator,200,0.0,0.0,0.0,0.0
failed-only-recovery-12,54,matched,total,200,0.00041347915919739145,0.0008220485083283752,0.002176843050295807,0.0024941763650668802
failed-only-recovery-12,55,analytic,estimation,200,-0.002402667244003992,0.0024662247844922007,0.004104479343418177,0.004347582637909353
failed-only-recovery-12,55,analytic,operator,200,-0.0033005965328359345,0.022033045380635045,0.06042153725636612,0.19593093239300396
failed-only-recovery-12,55,analytic,total,200,-0.005703263776839927,0.022525752266819903,0.06196310869075783,0.20027851503091332
failed-only-recovery-12,55,matched,estimation,200,-0.0023899926512397137,0.0024537256734217497,0.003763286814755129,0.004412652866496947
failed-only-recovery-12,55,matched,operator,200,0.0,0.0,0.0,0.0
failed-only-recovery-12,55,matched,total,200,-0.0023899926512397137,0.0024537256734217497,0.003763286814755129,0.004412652866496947
failed-only-recovery-12,56,analytic,estimation,200,0.0015871856155657037,0.0016848253500489573,0.002668165881468454,0.00272922587101998
failed-only-recovery-12,56,analytic,operator,200,0.0036692156488857186,0.03149085305245837,0.14391968482457734,0.23372889685995846
failed-only-recovery-12,56,analytic,total,200,0.0052564012644514225,0.03171929345357113,0.14547556409982312,0.23563493191244073
failed-only-recovery-12,56,matched,estimation,200,0.0015755086569845473,0.0016764849559236736,0.0026675060487457714,0.00272936423802006
failed-only-recovery-12,56,matched,operator,200,0.0,0.0,0.0,0.0
failed-only-recovery-12,56,matched,total,200,0.0015755086569845473,0.0016764849559236736,0.0026675060487457714,0.00272936423802006
failed-only-recovery-12,57,analytic,estimation,200,0.0008375328275952769,0.0010728553033944324,0.002240770362228861,0.002374569933274673
failed-only-recovery-12,57,analytic,operator,200,0.0036668473479538975,0.03396628636676274,0.16369156227041182,0.18992560342290057
failed-only-recovery-12,57,analytic,total,200,0.004504380175549175,0.03421564046433688,0.1658173123315151,0.19204961899506115
failed-only-recovery-12,57,matched,estimation,200,0.0008196784756555681,0.0010489666954184287,0.002167002994314271,0.0023697392400404693
failed-only-recovery-12,57,matched,operator,200,0.0,0.0,0.0,0.0
failed-only-recovery-12,57,matched,total,200,0.0008196784756555681,0.0010489666954184287,0.002167002994314271,0.0023697392400404693
failed-only-recovery-12,58,analytic,estimation,200,0.0013280913156980018,0.0019517356781237488,0.004506891693807136,0.0045564681744216795
failed-only-recovery-12,58,analytic,operator,200,-0.0027911279156639457,0.06089648027287295,0.19423539289463287,0.3483527896978236
failed-only-recovery-12,58,analytic,total,200,-0.0014630365999659441,0.06128008739482231,0.19819470942735296,0.34905652992996233
failed-only-recovery-12,58,matched,estimation,200,0.0013486080609697395,0.001890991107584347,0.004273756947535956,0.004680627684352845
failed-only-recovery-12,58,matched,operator,200,0.0,0.0,0.0,0.0
failed-only-recovery-12,58,matched,total,200,0.0013486080609697395,0.001890991107584347,0.004273756947535956,0.004680627684352845
failed-only-recovery-12,59,analytic,estimation,200,0.00034992766054540834,0.0013151010834922979,0.0027319139377211255,0.002886507392322629
failed-only-recovery-12,59,analytic,operator,200,-0.007488343045208343,0.056687899814453616,0.21726226579610516,0.28866547957335664
failed-only-recovery-12,59,analytic,total,200,-0.007138415384662935,0.05675130724751757,0.21733771330208182,0.2892357091225374
failed-only-recovery-12,59,matched,estimation,200,0.0003806361408095178,0.0013285273395900476,0.0027835936017329282,0.0028884884572162872
failed-only-recovery-12,59,matched,operator,200,0.0,0.0,0.0,0.0
failed-only-recovery-12,59,matched,total,200,0.0003806361408095178,0.0013285273395900476,0.0027835936017329282,0.0028884884572162872
failed-only-recovery-12,60,analytic,estimation,200,-0.00549387903583778,0.005724629158280994,0.009489846477196417,0.009615772011241086
failed-only-recovery-12,60,analytic,operator,200,-0.0012246175419389754,0.04239460499219053,0.18640784987061992,0.20617293535707631
failed-only-recovery-12,60,analytic,total,200,-0.006718496577776754,0.04283870918844663,0.18355651068570983,0.2104877909041583
failed-only-recovery-12,60,matched,estimation,200,-0.005482324172966839,0.005714479108855316,0.009327323537355214,0.009630197124681272
failed-only-recovery-12,60,matched,operator,200,0.0,0.0,0.0,0.0
failed-only-recovery-12,60,matched,total,200,-0.005482324172966839,0.005714479108855316,0.009327323537355214,0.009630197124681272
failed-only-recovery-12,61,analytic,estimation,200,0.0025586478844564584,0.0029478818242759837,0.005396401082364055,0.005660922118118306
failed-only-recovery-12,61,analytic,operator,200,0.0008043199466524161,0.03367758810628925,0.14175468157158158,0.1755519874657134
failed-only-recovery-12,61,analytic,total,200,0.0033629678311088746,0.03413803259812478,0.13995613396862458,0.17981405458154173
failed-only-recovery-12,61,matched,estimation,200,0.0025557338999911815,0.002929030420294426,0.005243386799636818,0.005874914184976321
failed-only-recovery-12,61,matched,operator,200,0.0,0.0,0.0,0.0
failed-only-recovery-12,61,matched,total,200,0.0025557338999911815,0.002929030420294426,0.005243386799636818,0.005874914184976321
failed-only-recovery-12,62,analytic,estimation,200,0.0013867464657155396,0.001979738365100133,0.004236563566792251,0.004250352795379775
failed-only-recovery-12,62,analytic,operator,200,-0.0037581700393067964,0.05038107430513459,0.1722378250530197,0.19972626422471915
failed-only-recovery-12,62,analytic,total,200,-0.0023714235735912566,0.05066952931317366,0.17388934999672015,0.2021819295143316
failed-only-recovery-12,62,matched,estimation,200,0.0013949464749734226,0.0019329463930837544,0.004233608290506952,0.004464881573603197
failed-only-recovery-12,62,matched,operator,200,0.0,0.0,0.0,0.0
failed-only-recovery-12,62,matched,total,200,0.0013949464749734226,0.0019329463930837544,0.004233608290506952,0.004464881573603197
failed-only-recovery-12,63,analytic,estimation,200,0.00012005456823667711,0.0004354775228012479,0.0010299411780650414,0.0014587391733249522
failed-only-recovery-12,63,analytic,operator,200,-0.0004906985018901396,0.021089644263080222,0.07187830007569324,0.19575768235483337
failed-only-recovery-12,63,analytic,total,200,-0.00037064393365346247,0.021151511065587273,0.07216910481791121,0.19634343487498795
failed-only-recovery-12,63,matched,estimation,200,0.00012395749215313273,0.0004280516415239146,0.0012030403480019491,0.0014077975219382033
failed-only-recovery-12,63,matched,operator,200,0.0,0.0,0.0,0.0
failed-only-recovery-12,63,matched,total,200,0.00012395749215313273,0.0004280516415239146,0.0012030403480019491,0.0014077975219382033
failed-only-recovery-12,64,analytic,estimation,200,-0.0002687232230889039,0.0003167006479575619,0.0005647556142914789,0.0006123331095188034
failed-only-recovery-12,64,analytic,operator,200,0.0008573358526045661,0.01826703004234429,0.0686846231000103,0.09492943768291887
failed-only-recovery-12,64,analytic,total,200,0.0005886126295156622,0.018239655310110275,0.06876153396235171,0.09436702754520357
failed-only-recovery-12,64,matched,estimation,200,-0.00026595932186177857,0.0003082457831122563,0.000583100531984182,0.0005898708897004723
failed-only-recovery-12,64,matched,operator,200,0.0,0.0,0.0,0.0
failed-only-recovery-12,64,matched,total,200,-0.00026595932186177857,0.0003082457831122563,0.000583100531984182,0.0005898708897004723
failed-only-recovery-12,65,analytic,estimation,200,0.00065590584441109,0.000705650536351349,0.0009738834524686824,0.0009830322016854964
failed-only-recovery-12,65,analytic,operator,200,0.0012019390266043576,0.012854003963438955,0.04710187067454611,0.07873703461166315
failed-only-recovery-12,65,analytic,total,200,0.0018578448710154475,0.012874209525898572,0.04710187067454611,0.07872662641065098
failed-only-recovery-12,65,matched,estimation,200,0.0006574864144642617,0.0007054375993149517,0.0009738529266888896,0.000982905589894889
failed-only-recovery-12,65,matched,operator,200,0.0,0.0,0.0,0.0
failed-only-recovery-12,65,matched,total,200,0.0006574864144642617,0.0007054375993149517,0.0009738529266888896,0.000982905589894889
failed-only-recovery-12,66,analytic,estimation,200,-0.0002136568716396607,0.000273997103783514,0.0004598628129063864,0.0004654943564454117
failed-only-recovery-12,66,analytic,operator,200,-0.0003273496515895314,0.008832229142787546,0.03735628888777551,0.05134650133823768
failed-only-recovery-12,66,analytic,total,200,-0.0005410065232291921,0.00880466908235119,0.037436399201250976,0.05145717673488003
failed-only-recovery-12,66,matched,estimation,200,-0.00021554481767002497,0.0002721913366934211,0.0004713765062750591,0.0004935235270416699
failed-only-recovery-12,66,matched,operator,200,0.0,0.0,0.0,0.0
failed-only-recovery-12,66,matched,total,200,-0.00021554481767002497,0.0002721913366934211,0.0004713765062750591,0.0004935235270416699
failed-only-recovery-12,67,analytic,estimation,200,0.004840862192288655,0.005201294256897872,0.008010289475325338,0.008161597417536748
failed-only-recovery-12,67,analytic,operator,200,0.006538994322968992,0.053241554781070136,0.18732534409738777,0.2207047150675914
failed-only-recovery-12,67,analytic,total,200,0.011379856515257646,0.05416778423977551,0.19316734782040346,0.22439880208496327
failed-only-recovery-12,67,matched,estimation,200,0.0048370907732156136,0.005197090965872762,0.007880916529738435,0.008088500116337105
failed-only-recovery-12,67,matched,operator,200,0.0,0.0,0.0,0.0
failed-only-recovery-12,67,matched,total,200,0.0048370907732156136,0.005197090965872762,0.007880916529738435,0.008088500116337105
failed-only-recovery-12,68,analytic,estimation,200,-0.0029893432158987665,0.003353124393937529,0.006530617445400955,0.007023276430006553
failed-only-recovery-12,68,analytic,operator,200,0.0037605690622248937,0.05598099209030501,0.21614449862167148,0.22628902250937488
failed-only-recovery-12,68,analytic,total,200,0.0007712258463261272,0.056152634861474864,0.21356969806087525,0.2250063092946265
failed-only-recovery-12,68,matched,estimation,200,-0.002995039400039407,0.0033408150563464544,0.006306163977243817,0.006668195419078371
failed-only-recovery-12,68,matched,operator,200,0.0,0.0,0.0,0.0
failed-only-recovery-12,68,matched,total,200,-0.002995039400039407,0.0033408150563464544,0.006306163977243817,0.006668195419078371
failed-only-recovery-12,69,analytic,estimation,200,-0.0031064756028477453,0.003883916762790452,0.006843786417251252,0.007362682899450412
failed-only-recovery-12,69,analytic,operator,200,-0.00034726965368750016,0.04274991128877518,0.1427797655769636,0.1665796725201839
failed-only-recovery-12,69,analytic,total,200,-0.0034537452565352456,0.04310014149259489,0.1410963561339581,0.16519223264914917
failed-only-recovery-12,69,matched,estimation,200,-0.0031361419625487567,0.0038970444450074,0.006970202124138902,0.007381208251558746
failed-only-recovery-12,69,matched,operator,200,0.0,0.0,0.0,0.0
failed-only-recovery-12,69,matched,total,200,-0.0031361419625487567,0.0038970444450074,0.006970202124138902,0.007381208251558746
failed-only-recovery-12,70,analytic,estimation,200,0.000569425780339232,0.0010191055660864839,0.0025583830949218456,0.003250541278298824
failed-only-recovery-12,70,analytic,operator,200,0.0017928901452360952,0.05047927159874339,0.19703513860342386,0.23361532523453127
failed-only-recovery-12,70,analytic,total,200,0.002362315925575327,0.050583551709956175,0.19762448124643728,0.23467804509909346
failed-only-recovery-12,70,matched,estimation,200,0.0005513711057178467,0.0009983244120872325,0.0026317411452301265,0.0032492098567433736
failed-only-recovery-12,70,matched,operator,200,0.0,0.0,0.0,0.0
failed-only-recovery-12,70,matched,total,200,0.0005513711057178467,0.0009983244120872325,0.0026317411452301265,0.0032492098567433736
failed-only-recovery-12,71,analytic,estimation,200,0.001104298419464921,0.0016375650465051891,0.003661695483991645,0.0038403948746179306
failed-only-recovery-12,71,analytic,operator,200,0.002114505836699832,0.041776006307672565,0.14573127221181326,0.1986876150362551
failed-only-recovery-12,71,analytic,total,200,0.003218804256164753,0.04200405266245437,0.14619437704920382,0.1987254695773254
failed-only-recovery-12,71,matched,estimation,200,0.0011306456018563816,0.0016391388307008489,0.0034070070647129747,0.004117499503119765
failed-only-recovery-12,71,matched,operator,200,0.0,0.0,0.0,0.0
failed-only-recovery-12,71,matched,total,200,0.0011306456018563816,0.0016391388307008489,0.0034070070647129747,0.004117499503119765
failed-only-recovery-12,72,analytic,estimation,200,-0.0006392547252982106,0.0009828102931624995,0.003177552006205564,0.0035252210058820538
failed-only-recovery-12,72,analytic,operator,200,-0.0009423099452529238,0.014709197899119378,0.07095023930807051,0.11297956965384831
failed-only-recovery-12,72,analytic,total,200,-0.0015815646705511343,0.014969852213011593,0.07447546031395258,0.11349431710755697
failed-only-recovery-12,72,matched,estimation,200,-0.0006324167702644216,0.0009593659485279883,0.003053644658928212,0.00351901319650004
failed-only-recovery-12,72,matched,operator,200,0.0,0.0,0.0,0.0
failed-only-recovery-12,72,matched,total,200,-0.0006324167702644216,0.0009593659485279883,0.003053644658928212,0.00351901319650004
failed-only-recovery-12,73,analytic,estimation,200,-0.0007920923080590893,0.0017451299817930002,0.006336168562557143,0.0064292236444363215
failed-only-recovery-12,73,analytic,operator,200,0.005283816143529454,0.05530805479421744,0.1948863133067651,0.28264557520227485
failed-only-recovery-12,73,analytic,total,200,0.004491723835470365,0.055405753279405716,0.1954626297025367,0.28195100089364455
failed-only-recovery-12,73,matched,estimation,200,-0.0008220470693399512,0.0017452409542860797,0.006088398273907947,0.006505044793989168
failed-only-recovery-12,73,matched,operator,200,0.0,0.0,0.0,0.0
failed-only-recovery-12,73,matched,total,200,-0.0008220470693399512,0.0017452409542860797,0.006088398273907947,0.006505044793989168
failed-only-recovery-12,74,analytic,estimation,200,0.001415586104123721,0.001712159119633051,0.0034068945148394425,0.003427408370280438
failed-only-recovery-12,74,analytic,operator,200,-0.0011039071347161771,0.05903148607979478,0.19714395342665275,0.282584691278835
failed-only-recovery-12,74,analytic,total,200,0.0003116789694075441,0.05912595465881428,0.19834156159012747,0.2850176170154165
failed-only-recovery-12,74,matched,estimation,200,0.001417417364839426,0.0017091001433112423,0.003427460816760819,0.0034563877816885524
failed-only-recovery-12,74,matched,operator,200,0.0,0.0,0.0,0.0
failed-only-recovery-12,74,matched,total,200,0.001417417364839426,0.0017091001433112423,0.003427460816760819,0.0034563877816885524
failed-only-recovery-12,75,analytic,estimation,200,-0.0031698660925192166,0.003376650520357332,0.005953560193794671,0.006559186706125042
failed-only-recovery-12,75,analytic,operator,200,-0.0018088804719443687,0.045249289149182206,0.19687373248654977,0.23159008658749353
failed-only-recovery-12,75,analytic,total,200,-0.004978746564463585,0.04552634768604243,0.1930714749112516,0.23404084898191396
failed-only-recovery-12,75,matched,estimation,200,-0.003161230459760418,0.00337243140171333,0.006001457251298303,0.00662924150834085
failed-only-recovery-12,75,matched,operator,200,0.0,0.0,0.0,0.0
failed-only-recovery-12,75,matched,total,200,-0.003161230459760418,0.00337243140171333,0.006001457251298303,0.00662924150834085
failed-only-recovery-12,76,analytic,estimation,200,0.001027969504507941,0.001358546157629853,0.003173020269112481,0.00331182839149724
failed-only-recovery-12,76,analytic,operator,200,4.225008295192507e-06,0.038395984402188055,0.15687386828382693,0.20284568123009095
failed-only-recovery-12,76,analytic,total,200,0.0010321945128031332,0.03845250591507423,0.15911662410039268,0.2015565417704257
failed-only-recovery-12,76,matched,estimation,200,0.001031799084880977,0.0013599322698256016,0.0031898957086649027,0.0033260110193005232
failed-only-recovery-12,76,matched,operator,200,0.0,0.0,0.0,0.0
failed-only-recovery-12,76,matched,total,200,0.001031799084880977,0.0013599322698256016,0.0031898957086649027,0.0033260110193005232
failed-only-recovery-12,77,analytic,estimation,200,-0.0010446011871685249,0.0014079638678979704,0.00278576177456219,0.0028099976083766354
failed-only-recovery-12,77,analytic,operator,200,-0.0025125707422447977,0.06520371081322777,0.23384454483282452,0.3368108238623277
failed-only-recovery-12,77,analytic,total,200,-0.0035571719294133232,0.06550385605446483,0.23618252222778308,0.3391381626970578
failed-only-recovery-12,77,matched,estimation,200,-0.0010471598957590073,0.0013955826195229137,0.002749011738303553,0.002794875379259709
failed-only-recovery-12,77,matched,operator,200,0.0,0.0,0.0,0.0
failed-only-recovery-12,77,matched,total,200,-0.0010471598957590073,0.0013955826195229137,0.002749011738303553,0.002794875379259709
failed-only-recovery-12,78,analytic,estimation,200,5.1777862993140215e-06,0.0005398584538604959,0.0015799759571590855,0.0016803137775325272
failed-only-recovery-12,78,analytic,operator,200,-0.0006346748355975487,0.035491315178189556,0.12766905613851,0.23561994995351065
failed-only-recovery-12,78,analytic,total,200,-0.0006294970492982348,0.035518327204158345,0.1267246034631808,0.2352027781956264
failed-only-recovery-12,78,matched,estimation,200,8.104512661474906e-06,0.0005276021301910402,0.0015862643787669661,0.0017843306505471723
failed-only-recovery-12,78,matched,operator,200,0.0,0.0,0.0,0.0
failed-only-recovery-12,78,matched,total,200,8.104512661474906e-06,0.0005276021301910402,0.0015862643787669661,0.0017843306505471723
failed-only-recovery-12,79,analytic,estimation,200,0.00014251191153411634,0.0006174212692353228,0.0018388001684235267,0.0018426692254966959
failed-only-recovery-12,79,analytic,operator,200,-0.0029634192661335016,0.02808677389396817,0.13724425120392866,0.17566384724255774
failed-only-recovery-12,79,analytic,total,200,-0.002820907354599385,0.028113176423822054,0.13647551032689081,0.1763430138824733
failed-only-recovery-12,79,matched,estimation,200,0.00013385081066121283,0.0006081839890028123,0.001897239386959182,0.0019590869416556966
failed-only-recovery-12,79,matched,operator,200,0.0,0.0,0.0,0.0
failed-only-recovery-12,79,matched,total,200,0.00013385081066121283,0.0006081839890028123,0.001897239386959182,0.0019590869416556966
failed-only-recovery-12,80,analytic,estimation,200,0.0016493072063499892,0.0021217425357301623,0.003954893771563217,0.004097985258964543
failed-only-recovery-12,80,analytic,operator,200,-0.0009394435801462075,0.04930178262031549,0.19296609417333388,0.21482581319042682
failed-only-recovery-12,80,analytic,total,200,0.0007098636262037817,0.0494341509985824,0.19683070449810153,0.2139696427095915
failed-only-recovery-12,80,matched,estimation,200,0.0016337418238748912,0.002101783090465374,0.00403611812480098,0.0042225136775605465
failed-only-recovery-12,80,matched,operator,200,0.0,0.0,0.0,0.0
failed-only-recovery-12,80,matched,total,200,0.0016337418238748912,0.002101783090465374,0.00403611812480098,0.0042225136775605465
failed-only-recovery-12,81,analytic,estimation,200,0.0008908961970148068,0.001678919031667074,0.004713625031512514,0.005552030772490113
failed-only-recovery-12,81,analytic,operator,200,-0.004215146211943759,0.05205919533259471,0.16970095100400343,0.1907848907843666
failed-only-recovery-12,81,analytic,total,200,-0.003324250014928952,0.05210188106421265,0.17126475306801722,0.18899159039339108
failed-only-recovery-12,81,matched,estimation,200,0.0009136984880770524,0.0016823488272397988,0.004731034281089563,0.00547153601098227
failed-only-recovery-12,81,matched,operator,200,0.0,0.0,0.0,0.0
failed-only-recovery-12,81,matched,total,200,0.0009136984880770524,0.0016823488272397988,0.004731034281089563,0.00547153601098227
failed-only-recovery-12,82,analytic,estimation,200,-0.00020416416848101574,0.0009309215721601141,0.002296827162246551,0.0026792725686792807
failed-only-recovery-12,82,analytic,operator,200,0.003575907626058212,0.05279573936403645,0.17309304603304454,0.20709277699551154
failed-only-recovery-12,82,analytic,total,200,0.003371743457577196,0.0529686831615469,0.17496129509633895,0.20695348062405394
failed-only-recovery-12,82,matched,estimation,200,-0.00021592999035777822,0.0009002400865990338,0.002314544774154159,0.0024182047291798625
failed-only-recovery-12,82,matched,operator,200,0.0,0.0,0.0,0.0
failed-only-recovery-12,82,matched,total,200,-0.00021592999035777822,0.0009002400865990338,0.002314544774154159,0.0024182047291798625
failed-only-recovery-12,83,analytic,estimation,200,0.0006306854411731045,0.001023274366155556,0.002912472521205245,0.002916208532489195
failed-only-recovery-12,83,analytic,operator,200,-0.0019165834848297483,0.03565349032830455,0.139384912168794,0.1809722779468128
failed-only-recovery-12,83,analytic,total,200,-0.001285898043656644,0.035612668044180104,0.14227940540518597,0.18092634751458148
failed-only-recovery-12,83,matched,estimation,200,0.0006323902694430853,0.0010024225596130675,0.002803078684070117,0.002824592418408489
failed-only-recovery-12,83,matched,operator,200,0.0,0.0,0.0,0.0
failed-only-recovery-12,83,matched,total,200,0.0006323902694430853,0.0010024225596130675,0.002803078684070117,0.002824592418408489
failed-only-recovery-12,84,analytic,estimation,200,-0.0004456647500839195,0.000675355525623973,0.0017906362601978615,0.0018191146312074719
failed-only-recovery-12,84,analytic,operator,200,0.0008295573558259109,0.0474673778122086,0.16417863759585552,0.21209908256247534
failed-only-recovery-12,84,analytic,total,200,0.0003838926057419912,0.04756927746555043,0.16409542332131294,0.21306462434118428
failed-only-recovery-12,84,matched,estimation,200,-0.00043731414011328735,0.0006568819183692433,0.001775613504269219,0.0019056094354770736
failed-only-recovery-12,84,matched,operator,200,0.0,0.0,0.0,0.0
failed-only-recovery-12,84,matched,total,200,-0.00043731414011328735,0.0006568819183692433,0.001775613504269219,0.0019056094354770736
failed-only-recovery-12,85,analytic,estimation,200,0.0008122058049951316,0.0011452362753822385,0.002074218831783714,0.002222976176861957
failed-only-recovery-12,85,analytic,operator,200,0.0005203987760336487,0.02646766157193932,0.10545721060089625,0.1710471379603137
failed-only-recovery-12,85,analytic,total,200,0.0013326045810287805,0.026621500402712384,0.10522728179021867,0.17307737913712531
failed-only-recovery-12,85,matched,estimation,200,0.0008125963805165744,0.0011358195111770034,0.002074544303461545,0.002228425504064324
failed-only-recovery-12,85,matched,operator,200,0.0,0.0,0.0,0.0
failed-only-recovery-12,85,matched,total,200,0.0008125963805165744,0.0011358195111770034,0.002074544303461545,0.002228425504064324
failed-only-recovery-12,86,analytic,estimation,200,-0.0007761929772351012,0.001115904963186346,0.001955584691397172,0.0019894374895007005
failed-only-recovery-12,86,analytic,operator,200,-0.0008090435011608098,0.027642776589378717,0.10355541005497765,0.1555520541291898
failed-only-recovery-12,86,analytic,total,200,-0.0015852364783959108,0.027780931837346506,0.10537032504391539,0.15599553730956156
failed-only-recovery-12,86,matched,estimation,200,-0.0007768812117887264,0.0011040830213159285,0.0019531427532238077,0.0020314651285893437
failed-only-recovery-12,86,matched,operator,200,0.0,0.0,0.0,0.0
failed-only-recovery-12,86,matched,total,200,-0.0007768812117887264,0.0011040830213159285,0.0019531427532238077,0.0020314651285893437
failed-only-recovery-12,87,analytic,estimation,200,-0.0004790484266201998,0.0009359451672196332,0.002205749305777882,0.00228568979469701
failed-only-recovery-12,87,analytic,operator,200,-0.004513509480172138,0.02483905214893116,0.096219579355598,0.16213427209847991
failed-only-recovery-12,87,analytic,total,200,-0.004992557906792337,0.024986299706181627,0.09827878215339991,0.16244615906839782
failed-only-recovery-12,87,matched,estimation,200,-0.0004749825128975364,0.0009119076948434016,0.0022230135910916715,0.0023645682002051416
failed-only-recovery-12,87,matched,operator,200,0.0,0.0,0.0,0.0
failed-only-recovery-12,87,matched,total,200,-0.0004749825128975364,0.0009119076948434016,0.0022230135910916715,0.0023645682002051416
failed-only-recovery-12,88,analytic,estimation,200,0.0013801084378370495,0.0014800266709822944,0.0024210735054238375,0.002505630597270797
failed-only-recovery-12,88,analytic,operator,200,0.0044819128686227954,0.03266570879697274,0.12684747388287165,0.1792087924183417
failed-only-recovery-12,88,analytic,total,200,0.005862021306459845,0.03299296669863835,0.12811598205019364,0.18132225943571614
failed-only-recovery-12,88,matched,estimation,200,0.0013696668983379644,0.0014663619072729686,0.0023561695556574003,0.002383696962420634
failed-only-recovery-12,88,matched,operator,200,0.0,0.0,0.0,0.0
failed-only-recovery-12,88,matched,total,200,0.0013696668983379644,0.0014663619072729686,0.0023561695556574003,0.002383696962420634
failed-only-recovery-12,89,analytic,estimation,200,0.000768186125065928,0.0009869815338738796,0.0019120598330121252,0.0020951358352763183
failed-only-recovery-12,89,analytic,operator,200,0.00024157468457946475,0.026782930449864024,0.11755590653313785,0.15016924029821094
failed-only-recovery-12,89,analytic,total,200,0.0010097608096453926,0.026849326792414387,0.11639204122856361,0.1503623128715606
failed-only-recovery-12,89,matched,estimation,200,0.0007701892079154432,0.0009815567135404149,0.0019112192775017078,0.0019253878552805137
failed-only-recovery-12,89,matched,operator,200,0.0,0.0,0.0,0.0
failed-only-recovery-12,89,matched,total,200,0.0007701892079154432,0.0009815567135404149,0.0019112192775017078,0.0019253878552805137
failed-only-recovery-12,90,analytic,estimation,200,-0.002302834615541491,0.0024653680588781358,0.0061943750942654585,0.007080124204986493
failed-only-recovery-12,90,analytic,operator,200,-0.0005076640609459388,0.017658695791967518,0.06419323259940501,0.1072735881903738
failed-only-recovery-12,90,analytic,total,200,-0.00281049867648743,0.017928328115389674,0.06121659015952896,0.10989266943236015
failed-only-recovery-12,90,matched,estimation,200,-0.0022914402814219782,0.002453861469399546,0.006189152516797636,0.006930890706799309
failed-only-recovery-12,90,matched,operator,200,0.0,0.0,0.0,0.0
failed-only-recovery-12,90,matched,total,200,-0.0022914402814219782,0.002453861469399546,0.006189152516797636,0.006930890706799309
failed-only-recovery-12,91,analytic,estimation,200,0.0005932889225959127,0.0007423600772651125,0.001531867660365338,0.0016362293012555096
failed-only-recovery-12,91,analytic,operator,200,0.0003522387371465444,0.02154886541047435,0.09371432106006258,0.10081095052681452
failed-only-recovery-12,91,analytic,total,200,0.0009455276597424571,0.021653489408995197,0.09446216971954749,0.10197218106935993
failed-only-recovery-12,91,matched,estimation,200,0.0005949060962837451,0.0007383016013515862,0.0015425972384487396,0.0016684703804071277
failed-only-recovery-12,91,matched,operator,200,0.0,0.0,0.0,0.0
failed-only-recovery-12,91,matched,total,200,0.0005949060962837451,0.0007383016013515862,0.0015425972384487396,0.0016684703804071277
failed-only-recovery-12,92,analytic,estimation,200,0.00019168914818600311,0.0012755209015220808,0.002757434837221129,0.0028768736476163514
failed-only-recovery-12,92,analytic,operator,200,0.0018786229892725783,0.06594372271663915,0.21051854693015698,0.334574391228646
failed-only-recovery-12,92,analytic,total,200,0.0020703121374585813,0.06624557270644635,0.21339542057777333,0.33646199958017825
failed-only-recovery-12,92,matched,estimation,200,0.0001821989038026702,0.001223925033445215,0.0024792557438668705,0.002708615799875802
failed-only-recovery-12,92,matched,operator,200,0.0,0.0,0.0,0.0
failed-only-recovery-12,92,matched,total,200,0.0001821989038026702,0.001223925033445215,0.0024792557438668705,0.002708615799875802
failed-only-recovery-12,93,analytic,estimation,200,0.0020767717595342656,0.002466088996981944,0.004928227094286752,0.00505734797513524
failed-only-recovery-12,93,analytic,operator,200,0.008737235133701391,0.06214733193837705,0.19711212397223188,0.22404529595507397
failed-only-recovery-12,93,analytic,total,200,0.010814006893235657,0.06263964386929793,0.19916799034616217,0.22078487963042598
failed-only-recovery-12,93,matched,estimation,200,0.0020717933518016327,0.002455896218253222,0.004928294436115754,0.005055974840723287
failed-only-recovery-12,93,matched,operator,200,0.0,0.0,0.0,0.0
failed-only-recovery-12,93,matched,total,200,0.0020717933518016327,0.002455896218253222,0.004928294436115754,0.005055974840723287
failed-only-recovery-12,94,analytic,estimation,200,-0.002310111009223039,0.002471389078057974,0.00395749667306089,0.004041300823770522
failed-only-recovery-12,94,analytic,operator,200,-0.005789424106617278,0.045114546208218746,0.16848344505442275,0.19861417124369524
failed-only-recovery-12,94,analytic,total,200,-0.008099535115840318,0.04547689789851952,0.1652132418931092,0.19904381798319637
failed-only-recovery-12,94,matched,estimation,200,-0.002301691497781363,0.002464524092175849,0.003954490285715345,0.004040885557715146
failed-only-recovery-12,94,matched,operator,200,0.0,0.0,0.0,0.0
failed-only-recovery-12,94,matched,total,200,-0.002301691497781363,0.002464524092175849,0.003954490285715345,0.004040885557715146
failed-only-recovery-12,95,analytic,estimation,200,0.0009123071794360221,0.0011564926649124687,0.0023475892534277065,0.0027250741957536573
failed-only-recovery-12,95,analytic,operator,200,-0.0005134980363428021,0.047102568958767445,0.1828701071762806,0.22594884985770508
failed-only-recovery-12,95,analytic,total,200,0.0003988091430932202,0.04715753651656099,0.18232208147052675,0.22463560611362143
failed-only-recovery-12,95,matched,estimation,200,0.0009117850782786127,0.0011462175772902262,0.0023467904308005494,0.002725101173480571
failed-only-recovery-12,95,matched,operator,200,0.0,0.0,0.0,0.0
failed-only-recovery-12,95,matched,total,200,0.0009117850782786127,0.0011462175772902262,0.0023467904308005494,0.002725101173480571
failed-only-recovery-12,96,analytic,estimation,200,-0.0007691952285741074,0.0010178069452168746,0.0020519923347965055,0.002075892304846713
failed-only-recovery-12,96,analytic,operator,200,-0.005704560910788169,0.04134103733417557,0.1520449550152998,0.23605591435536064
failed-only-recovery-12,96,analytic,total,200,-0.006473756139362276,0.041561145290221396,0.1520449550152998,0.23752308585637516
failed-only-recovery-12,96,matched,estimation,200,-0.0007356048780961734,0.0009855476804077605,0.002066841341737291,0.0020777666614612555
failed-only-recovery-12,96,matched,operator,200,0.0,0.0,0.0,0.0
failed-only-recovery-12,96,matched,total,200,-0.0007356048780961734,0.0009855476804077605,0.002066841341737291,0.0020777666614612555
failed-only-recovery-12,97,analytic,estimation,200,0.0007697387882028572,0.0010712132504722826,0.0019511188935779078,0.0021254594351174383
failed-only-recovery-12,97,analytic,operator,200,0.0018838735148767175,0.027036443215452767,0.10689361228403352,0.1488397884691135
failed-only-recovery-12,97,analytic,total,200,0.002653612303079575,0.027091387181757357,0.10799012790365431,0.14875000465452892
failed-only-recovery-12,97,matched,estimation,200,0.0007658958697361254,0.0010746767488586202,0.0019576172924924418,0.0022057713381473665
failed-only-recovery-12,97,matched,operator,200,0.0,0.0,0.0,0.0
failed-only-recovery-12,97,matched,total,200,0.0007658958697361254,0.0010746767488586202,0.0019576172924924418,0.0022057713381473665
failed-only-recovery-12,98,analytic,estimation,200,-0.00042717458761481184,0.0006973720419387947,0.0018824924172748947,0.0020429653258358105
failed-only-recovery-12,98,analytic,operator,200,0.00111039945819884,0.019509315541701575,0.09946113973189263,0.13638589736882228
failed-only-recovery-12,98,analytic,total,200,0.0006832248705840281,0.019562188846684262,0.09936153637199402,0.13775917969133283
failed-only-recovery-12,98,matched,estimation,200,-0.00043002565644186983,0.0006965536154095409,0.001882556524890333,0.002122045173032494
failed-only-recovery-12,98,matched,operator,200,0.0,0.0,0.0,0.0
failed-only-recovery-12,98,matched,total,200,-0.00043002565644186983,0.0006965536154095409,0.001882556524890333,0.002122045173032494
failed-only-recovery-12,99,analytic,estimation,200,-0.00025234674213314956,0.0005047613980785026,0.0011867097766886103,0.0012323700845694174
failed-only-recovery-12,99,analytic,operator,200,-0.0014477523205894014,0.023156577216626093,0.09363976172301558,0.12793252492381818
failed-only-recovery-12,99,analytic,total,200,-0.001700099062722551,0.02326080157122718,0.09407841292004698,0.12852285036131467
failed-only-recovery-12,99,matched,estimation,200,-0.0002567385544087206,0.0005060427372827838,0.001257273826028027,0.0013047737349127786
failed-only-recovery-12,99,matched,operator,200,0.0,0.0,0.0,0.0
failed-only-recovery-12,99,matched,total,200,-0.0002567385544087206,0.0005060427372827838,0.001257273826028027,0.0013047737349127786
failed-only-recovery-12,100,analytic,estimation,200,5.575354038844932e-06,0.00041940686741912203,0.0011249012658448576,0.0012261500346367193
failed-only-recovery-12,100,analytic,operator,200,-0.002928015565256493,0.016595448113108736,0.06353820057008121,0.08127406019338772
failed-only-recovery-12,100,analytic,total,200,-0.0029224402112176485,0.016632052636778166,0.06363852575504189,0.08152569917082356
failed-only-recovery-12,100,matched,estimation,200,2.612493258960927e-05,0.0004137487184491089,0.001033880494480166,0.001185591308909495
failed-only-recovery-12,100,matched,operator,200,0.0,0.0,0.0,0.0
failed-only-recovery-12,100,matched,total,200,2.612493258960927e-05,0.0004137487184491089,0.001033880494480166,0.001185591308909495
failed-only-recovery-12,101,analytic,estimation,200,-0.00040133031365135964,0.000561573961194467,0.0012295716755033048,0.0013225893892890306
failed-only-recovery-12,101,analytic,operator,200,-0.0008988948584345706,0.01651753990595597,0.06251876703106699,0.07905383573946428
failed-only-recovery-12,101,analytic,total,200,-0.0013002251720859303,0.016484185098693198,0.0629963110145548,0.07900976601573567
failed-only-recovery-12,101,matched,estimation,200,-0.00039682127599799616,0.000553896733941198,0.0012630930662086426,0.0013334687583287375
failed-only-recovery-12,101,matched,operator,200,0.0,0.0,0.0,0.0
failed-only-recovery-12,101,matched,total,200,-0.00039682127599799616,0.000553896733941198,0.0012630930662086426,0.0013334687583287375
failed-only-recovery-12,102,analytic,estimation,200,-0.0006090833463900265,0.0008108868714310546,0.0018116290391699819,0.002098866230202834
failed-only-recovery-12,102,analytic,operator,200,-0.0021086717615996357,0.01867957097711973,0.07762486848495011,0.08915320786762893
failed-only-recovery-12,102,analytic,total,200,-0.0027177551079896624,0.018730553552646554,0.0781319712044166,0.0876394469947428
failed-only-recovery-12,102,matched,estimation,200,-0.0005998766450622797,0.0007930326643948574,0.0017087677244957966,0.0019459668270654928
failed-only-recovery-12,102,matched,operator,200,0.0,0.0,0.0,0.0
failed-only-recovery-12,102,matched,total,200,-0.0005998766450622797,0.0007930326643948574,0.0017087677244957966,0.0019459668270654928
failed-only-recovery-12,103,analytic,estimation,200,0.0011137602138024158,0.0011942279709205748,0.0017810527213419775,0.0019996204538864637
failed-only-recovery-12,103,analytic,operator,200,-0.0016012197903272447,0.015203905742828224,0.055409158662210425,0.07044312331770955
failed-only-recovery-12,103,analytic,total,200,-0.0004874595765248288,0.015171525883429264,0.05439008671204974,0.06943447571075884
failed-only-recovery-12,103,matched,estimation,200,0.0011123112164364828,0.0011907744116205193,0.0017799578367861113,0.001871538673040532
failed-only-recovery-12,103,matched,operator,200,0.0,0.0,0.0,0.0
failed-only-recovery-12,103,matched,total,200,0.0011123112164364828,0.0011907744116205193,0.0017799578367861113,0.001871538673040532
failed-only-recovery-12,104,analytic,estimation,200,0.00143353945538924,0.0015324860775125437,0.0029838430434317997,0.003015177342288844
failed-only-recovery-12,104,analytic,operator,200,0.00012453197339162375,0.01317629216539582,0.051584420858776014,0.09204472622856019
failed-only-recovery-12,104,analytic,total,200,0.0015580714287808635,0.013237474725592358,0.05367502711814559,0.09021538700850346
failed-only-recovery-12,104,matched,estimation,200,0.001435667108323514,0.0015334427628614915,0.003031350950713385,0.0030601866533870314
failed-only-recovery-12,104,matched,operator,200,0.0,0.0,0.0,0.0
failed-only-recovery-12,104,matched,total,200,0.001435667108323514,0.0015334427628614915,0.003031350950713385,0.0030601866533870314
failed-only-recovery-12,105,analytic,estimation,200,-0.0017325478303484856,0.0018168501038188622,0.0024531389414978455,0.0024748938716602775
failed-only-recovery-12,105,analytic,operator,200,0.0011692545835332616,0.014909730041853888,0.05622013117169375,0.08080834710112092
failed-only-recovery-12,105,analytic,total,200,-0.000563293246815224,0.014865110018985868,0.05534711471390737,0.07861358809456193
failed-only-recovery-12,105,matched,estimation,200,-0.0017326999688573887,0.0018160745553113078,0.0024102430316124135,0.002470591282596385
failed-only-recovery-12,105,matched,operator,200,0.0,0.0,0.0,0.0
failed-only-recovery-12,105,matched,total,200,-0.0017326999688573887,0.0018160745553113078,0.0024102430316124135,0.002470591282596385
failed-only-recovery-12,106,analytic,estimation,200,0.001964728436881984,0.0023968630430597,0.004540182982150309,0.004694460069600254
failed-only-recovery-12,106,analytic,operator,200,-0.003800304302417965,0.0716619814967329,0.2808312303641689,0.36390425798069037
failed-only-recovery-12,106,analytic,total,200,-0.001835575865535981,0.07179698421380298,0.2806607066745357,0.3637238345994751
failed-only-recovery-12,106,matched,estimation,200,0.001958758083543044,0.0023838521477143036,0.004517306330041215,0.004664231306176048
failed-only-recovery-12,106,matched,operator,200,0.0,0.0,0.0,0.0
failed-only-recovery-12,106,matched,total,200,0.001958758083543044,0.0023838521477143036,0.004517306330041215,0.004664231306176048
failed-only-recovery-12,107,analytic,estimation,200,0.00019268609527315294,0.0009527092847064369,0.002543386244254986,0.0027066280064360626
failed-only-recovery-12,107,analytic,operator,200,-0.006008350419259246,0.0631289155711387,0.21811248526653162,0.26073298233665343
failed-only-recovery-12,107,analytic,total,200,-0.005815664323986094,0.06327838952620264,0.21805979875731693,0.26106669813114713
failed-only-recovery-12,107,matched,estimation,200,0.00018798798950101924,0.0009427476761620911,0.0025431925073049477,0.0027054413062583826
failed-only-recovery-12,107,matched,operator,200,0.0,0.0,0.0,0.0
failed-only-recovery-12,107,matched,total,200,0.00018798798950101924,0.0009427476761620911,0.0025431925073049477,0.0027054413062583826
failed-only-recovery-12,108,analytic,estimation,200,-0.00031559864904784915,0.0010030684314498931,0.0017527947515538767,0.001872600154786852
failed-only-recovery-12,108,analytic,operator,200,-0.005418711720591774,0.04383206856501496,0.15603152167810086,0.20439481344699537
failed-only-recovery-12,108,analytic,total,200,-0.005734310369639624,0.04390865454587128,0.15759150955806195,0.20460463596452114
failed-only-recovery-12,108,matched,estimation,200,-0.00030981190599975515,0.0010101878183763203,0.0017847618867148363,0.002099550509052972
failed-only-recovery-12,108,matched,operator,200,0.0,0.0,0.0,0.0
failed-only-recovery-12,108,matched,total,200,-0.00030981190599975515,0.0010101878183763203,0.0017847618867148363,0.002099550509052972
failed-only-recovery-12,109,analytic,estimation,200,0.00036804994221571285,0.0009658720904840238,0.002097598354499297,0.0027081761665574966
failed-only-recovery-12,109,analytic,operator,200,-0.0020957926620754457,0.04034836432257116,0.1294898348131306,0.18999208801005377
failed-only-recovery-12,109,analytic,total,200,-0.001727742719859733,0.04046966457860785,0.12909332835235537,0.19025427842961973
failed-only-recovery-12,109,matched,estimation,200,0.00037197695058112845,0.0009621977707519514,0.0021877198710971157,0.002730770702183083
failed-only-recovery-12,109,matched,operator,200,0.0,0.0,0.0,0.0
failed-only-recovery-12,109,matched,total,200,0.00037197695058112845,0.0009621977707519514,0.0021877198710971157,0.002730770702183083
failed-only-recovery-12,110,analytic,estimation,200,-0.0003654276039850814,0.0010056410427125542,0.0038549755803671815,0.004070847686897583
failed-only-recovery-12,110,analytic,operator,200,0.001036355302322718,0.06452549306703775,0.20952047126372542,0.2322738887273434
failed-only-recovery-12,110,analytic,total,200,0.0006709276983376365,0.06472129671039159,0.20941796497115933,0.23211264909376444
failed-only-recovery-12,110,matched,estimation,200,-0.0003514949699632963,0.0009714669053684088,0.0036884898636926344,0.004237304009035547
failed-only-recovery-12,110,matched,operator,200,0.0,0.0,0.0,0.0
failed-only-recovery-12,110,matched,total,200,-0.0003514949699632963,0.0009714669053684088,0.0036884898636926344,0.004237304009035547
failed-only-recovery-12,111,analytic,estimation,200,0.0008619436486880169,0.001120696110162816,0.0022923116560807366,0.0023342012914509547
failed-only-recovery-12,111,analytic,operator,200,0.0011495406674104994,0.0341213092412575,0.17273666305279056,0.23694234860422614
failed-only-recovery-12,111,analytic,total,200,0.0020114843160985163,0.034262571904726896,0.1737888845739316,0.23700791479410954
failed-only-recovery-12,111,matched,estimation,200,0.0008607629778817097,0.001117123650210517,0.0022920416235626684,0.0023334785030086347
failed-only-recovery-12,111,matched,operator,200,0.0,0.0,0.0,0.0
failed-only-recovery-12,111,matched,total,200,0.0008607629778817097,0.001117123650210517,0.0022920416235626684,0.0023334785030086347
failed-only-recovery-12,112,analytic,estimation,200,0.0002758253157983606,0.0005499405519729633,0.0023252015280175176,0.0027291123144710383
failed-only-recovery-12,112,analytic,operator,200,0.0009314260981470742,0.0319954145356774,0.17043799209280755,0.23359075232012189
failed-only-recovery-12,112,analytic,total,200,0.0012072514139454347,0.03201861727606082,0.17033019378593092,0.23344458894373837
failed-only-recovery-12,112,matched,estimation,200,0.0002810912673502465,0.000551612385565908,0.0023441323754889165,0.0025601694895529548
failed-only-recovery-12,112,matched,operator,200,0.0,0.0,0.0,0.0
failed-only-recovery-12,112,matched,total,200,0.0002810912673502465,0.000551612385565908,0.0023441323754889165,0.0025601694895529548
failed-only-recovery-12,113,analytic,estimation,200,-0.0005621018812254758,0.0007162100340417164,0.0015151576469825123,0.0015450993012802172
failed-only-recovery-12,113,analytic,operator,200,0.0016711699808730578,0.02930072425534203,0.1133868826642242,0.21963755555884432
failed-only-recovery-12,113,analytic,total,200,0.0011090680996475822,0.02931256747089766,0.11321888004743919,0.21985881402740656
failed-only-recovery-12,113,matched,estimation,200,-0.0005633506228945991,0.0007147496709464744,0.001514096097495976,0.0015449759669068364
failed-only-recovery-12,113,matched,operator,200,0.0,0.0,0.0,0.0
failed-only-recovery-12,113,matched,total,200,-0.0005633506228945991,0.0007147496709464744,0.001514096097495976,0.0015449759669068364
failed-only-recovery-12,114,analytic,estimation,200,0.0005845423578116472,0.00104354037737028,0.0028494217085586193,0.002947048325470991
failed-only-recovery-12,114,analytic,operator,200,-0.008101069023312854,0.05345058018357496,0.16127810839236026,0.173371171661318
failed-only-recovery-12,114,analytic,total,200,-0.007516526665501206,0.05337844216289064,0.15991611166551492,0.17455494508959501
failed-only-recovery-12,114,matched,estimation,200,0.0005995728918879556,0.0010507208323885429,0.002850629642860092,0.0029964448608787997
failed-only-recovery-12,114,matched,operator,200,0.0,0.0,0.0,0.0
failed-only-recovery-12,114,matched,total,200,0.0005995728918879556,0.0010507208323885429,0.002850629642860092,0.0029964448608787997
failed-only-recovery-12,115,analytic,estimation,200,0.0002587979405080671,0.0006754570843912011,0.0015725911722446195,0.0019355255326707343
failed-only-recovery-12,115,analytic,operator,200,-0.000226766532757307,0.053914158925272064,0.18271672997061417,0.25224306884954256
failed-only-recovery-12,115,analytic,total,200,3.2031407750760055e-05,0.05400836705648804,0.18304939978154378,0.25329101050472347
failed-only-recovery-12,115,matched,estimation,200,0.00026190042850668025,0.0006535751588365647,0.0015373092331372185,0.0019324835744409796
failed-only-recovery-12,115,matched,operator,200,0.0,0.0,0.0,0.0
failed-only-recovery-12,115,matched,total,200,0.00026190042850668025,0.0006535751588365647,0.0015373092331372185,0.0019324835744409796
failed-only-recovery-12,116,analytic,estimation,200,-0.0009768145692850816,0.0012164876673936243,0.003392030145606628,0.003660056550095714
failed-only-recovery-12,116,analytic,operator,200,-0.0043318426398668555,0.04810455150758675,0.20191517705724038,0.2369250746740031
failed-only-recovery-12,116,analytic,total,200,-0.005308657209151937,0.048253029394952233,0.20057263330772956,0.24030293755705195
failed-only-recovery-12,116,matched,estimation,200,-0.0009664352055143795,0.0012031024212767888,0.003362358124231468,0.003613128979117919
failed-only-recovery-12,116,matched,operator,200,0.0,0.0,0.0,0.0
failed-only-recovery-12,116,matched,total,200,-0.0009664352055143795,0.0012031024212767888,0.003362358124231468,0.003613128979117919
failed-only-recovery-12,117,analytic,estimation,200,0.0007844763393528582,0.0014732405143945445,0.0028591629798819795,0.003192268847745705
failed-only-recovery-12,117,analytic,operator,200,0.0003680748567034304,0.03042395106251848,0.11773049558048976,0.13276981739839958
failed-only-recovery-12,117,analytic,total,200,0.0011525511960562885,0.03057963411268037,0.11830198007594195,0.13326236861924914
failed-only-recovery-12,117,matched,estimation,200,0.0007882730924808825,0.0014686666717200654,0.0028582239646830487,0.0031873621068623237
failed-only-recovery-12,117,matched,operator,200,0.0,0.0,0.0,0.0
failed-only-recovery-12,117,matched,total,200,0.0007882730924808825,0.0014686666717200654,0.0028582239646830487,0.0031873621068623237
failed-only-recovery-12,118,analytic,estimation,200,0.0008805862270917081,0.001246094018040992,0.0028376698410927936,0.0031019955057880466
failed-only-recovery-12,118,analytic,operator,200,0.0012183219550235644,0.05425107035864602,0.17683167048649628,0.2612586660167685
failed-only-recovery-12,118,analytic,total,200,0.0020989081821152725,0.05438076574000951,0.1778844452319126,0.2606901954955665
failed-only-recovery-12,118,matched,estimation,200,0.0008672137546498308,0.0012381695118305932,0.0027092760841238572,0.0031348838082230213
failed-only-recovery-12,118,matched,operator,200,0.0,0.0,0.0,0.0
failed-only-recovery-12,118,matched,total,200,0.0008672137546498308,0.0012381695118305932,0.0027092760841238572,0.0031348838082230213
failed-only-recovery-12,119,analytic,estimation,200,-0.0001956459960172646,0.0006235281917847097,0.0011544995642355782,0.00117811537852186
failed-only-recovery-12,119,analytic,operator,200,0.0026095662690281164,0.057838325638993826,0.22761326442762053,0.2641703221493108
failed-only-recovery-12,119,analytic,total,200,0.0024139202730108517,0.05795540522199428,0.2283460231643581,0.26447569289059536
failed-only-recovery-12,119,matched,estimation,200,-0.00020730671849471878,0.0006085597022524343,0.0011491817155715456,0.0011547093943994335
failed-only-recovery-12,119,matched,operator,200,0.0,0.0,0.0,0.0
failed-only-recovery-12,119,matched,total,200,-0.00020730671849471878,0.0006085597022524343,0.0011491817155715456,0.0011547093943994335
failed-only-recovery-12,120,analytic,estimation,200,-0.0014782619248323086,0.001635324991424853,0.0033909753785583696,0.003924551557080491
failed-only-recovery-12,120,analytic,operator,200,2.12762223945976e-05,0.02703599939686227,0.15050807705360258,0.17207767656355366
failed-only-recovery-12,120,analytic,total,200,-0.0014569857024377111,0.027068917708289383,0.15196995545356395,0.16943276327979162
failed-only-recovery-12,120,matched,estimation,200,-0.0014825746786275215,0.0016379669981906575,0.003366455494270282,0.00382967913152088
failed-only-recovery-12,120,matched,operator,200,0.0,0.0,0.0,0.0
failed-only-recovery-12,120,matched,total,200,-0.0014825746786275215,0.0016379669981906575,0.003366455494270282,0.00382967913152088
failed-only-recovery-12,121,analytic,estimation,200,0.0012081120535248548,0.0013243647252228121,0.002042345941568602,0.0020870708835729612
failed-only-recovery-12,121,analytic,operator,200,-0.0048343395916859225,0.03839397503109783,0.23560308443950306,0.30490764289510885
failed-only-recovery-12,121,analytic,total,200,-0.0036262275381610675,0.03824994177503895,0.23471726835731732,0.3033893382541216
failed-only-recovery-12,121,matched,estimation,200,0.0012123769001361599,0.0013275867121893125,0.0020615583836435247,0.002310114861763135
failed-only-recovery-12,121,matched,operator,200,0.0,0.0,0.0,0.0
failed-only-recovery-12,121,matched,total,200,0.0012123769001361599,0.0013275867121893125,0.0020615583836435247,0.002310114861763135
failed-only-recovery-12,122,analytic,estimation,200,0.0007885400296830578,0.0009803266962556143,0.0020369002203232123,0.0020801097311956562
failed-only-recovery-12,122,analytic,operator,200,0.0008617882714272211,0.022382862425064813,0.10758419573012928,0.11458243930723555
failed-only-recovery-12,122,analytic,total,200,0.001650328301110279,0.022473311819096554,0.10760854558282221,0.1166345233921709
failed-only-recovery-12,122,matched,estimation,200,0.0007958845116041487,0.0009853002705857983,0.0020415521210597753,0.00204843920314407
failed-only-recovery-12,122,matched,operator,200,0.0,0.0,0.0,0.0
failed-only-recovery-12,122,matched,total,200,0.0007958845116041487,0.0009853002705857983,0.0020415521210597753,0.00204843920314407
failed-only-recovery-12,123,analytic,estimation,200,-0.0003191141720862785,0.0011196245212869587,0.00496333720666664,0.0054262706601369
failed-only-recovery-12,123,analytic,operator,200,-0.0015594936219163972,0.04378197075594939,0.1604189115477619,0.18226726785848216
failed-only-recovery-12,123,analytic,total,200,-0.0018786077940026757,0.043677529549579236,0.1603977136354583,0.18265350308137557
failed-only-recovery-12,123,matched,estimation,200,-0.00031178975906103536,0.001127522760812729,0.00504487074591653,0.005443876026228978
failed-only-recovery-12,123,matched,operator,200,0.0,0.0,0.0,0.0
failed-only-recovery-12,123,matched,total,200,-0.00031178975906103536,0.001127522760812729,0.00504487074591653,0.005443876026228978
failed-only-recovery-12,124,analytic,estimation,200,-0.00036006249691498943,0.0006441562503508728,0.0016906760427692902,0.0019657645439927762
failed-only-recovery-12,124,analytic,operator,200,0.0059163859236917495,0.06628154013359264,0.24652858083297927,0.4083807883393547
failed-only-recovery-12,124,analytic,total,200,0.005556323426776759,0.06631734949264652,0.2460780201756531,0.40763627141870235
failed-only-recovery-12,124,matched,estimation,200,-0.00036467925494606114,0.0006364756776582742,0.0016958663648463101,0.0019461169997576633
failed-only-recovery-12,124,matched,operator,200,0.0,0.0,0.0,0.0
failed-only-recovery-12,124,matched,total,200,-0.00036467925494606114,0.0006364756776582742,0.0016958663648463101,0.0019461169997576633
failed-only-recovery-12,125,analytic,estimation,200,0.0014047937289256426,0.0021008641004564067,0.004999618354980057,0.005039155353117969
failed-only-recovery-12,125,analytic,operator,200,0.0012554405428712061,0.05202126601965666,0.21511593706448173,0.2674767339759906
failed-only-recovery-12,125,analytic,total,200,0.0026602342717968485,0.05236509481729652,0.2140305442338003,0.2719323401183979
failed-only-recovery-12,125,matched,estimation,200,0.0013998712008846154,0.0020814105294716667,0.005002195980078998,0.005039114800842404
failed-only-recovery-12,125,matched,operator,200,0.0,0.0,0.0,0.0
failed-only-recovery-12,125,matched,total,200,0.0013998712008846154,0.0020814105294716667,0.005002195980078998,0.005039114800842404
failed-only-recovery-12,126,analytic,estimation,200,-0.0007251682865645937,0.0011407507620645298,0.0020368946186606895,0.00231232191802766
failed-only-recovery-12,126,analytic,operator,200,-0.0005677798237362152,0.04459571611308569,0.19004635239511186,0.25876084271717503
failed-only-recovery-12,126,analytic,total,200,-0.0012929481103008092,0.04490863955930664,0.1910893127790985,0.2587041690374572
failed-only-recovery-12,126,matched,estimation,200,-0.0007306648313537361,0.0011203379042673382,0.0022247437911993018,0.002360142230041884
failed-only-recovery-12,126,matched,operator,200,0.0,0.0,0.0,0.0
failed-only-recovery-12,126,matched,total,200,-0.0007306648313537361,0.0011203379042673382,0.0022247437911993018,0.002360142230041884
failed-only-recovery-12,127,analytic,estimation,200,4.25225820790622e-05,0.0006120937554592714,0.0025508389492339134,0.002813984609411957
failed-only-recovery-12,127,analytic,operator,200,0.002956072706021885,0.05442348147376566,0.19614575331625866,0.37175981630647154
failed-only-recovery-12,127,analytic,total,200,0.002998595288100947,0.05437578125279416,0.1958699123286622,0.3723586108123799
failed-only-recovery-12,127,matched,estimation,200,4.999749933434204e-05,0.0006084366164895199,0.002554279385055036,0.0028119899018874683
failed-only-recovery-12,127,matched,operator,200,0.0,0.0,0.0,0.0
failed-only-recovery-12,127,matched,total,200,4.999749933434204e-05,0.0006084366164895199,0.002554279385055036,0.0028119899018874683
failed-only-recovery-12,128,analytic,estimation,200,-0.00046921443376436256,0.000634396904238764,0.0009760198986846214,0.0009967042727657138
failed-only-recovery-12,128,analytic,operator,200,0.0011835691986378726,0.011381545790314527,0.03936764473966772,0.1212408787830388
failed-only-recovery-12,128,analytic,total,200,0.0007143547648735101,0.011339853903560827,0.03867159088542968,0.12034873721211692
failed-only-recovery-12,128,matched,estimation,200,-0.000470382554917573,0.0006343511002654192,0.0009865183404404454,0.0010312914199306356
failed-only-recovery-12,128,matched,operator,200,0.0,0.0,0.0,0.0
failed-only-recovery-12,128,matched,total,200,-0.000470382554917573,0.0006343511002654192,0.0009865183404404454,0.0010312914199306356
failed-only-recovery-12,129,analytic,estimation,200,-0.0002995291039751256,0.001152430975021032,0.003924814566455215,0.004094717461411879
failed-only-recovery-12,129,analytic,operator,200,-0.002388941474215008,0.06055321959490822,0.2475231141247152,0.3108034743586289
failed-only-recovery-12,129,analytic,total,200,-0.0026884705781901335,0.06071177571859356,0.24846756981382268,0.311305979361172
failed-only-recovery-12,129,matched,estimation,200,-0.00030017087620124106,0.0011463286698611141,0.0038318401873231878,0.004092897878467561
failed-only-recovery-12,129,matched,operator,200,0.0,0.0,0.0,0.0
failed-only-recovery-12,129,matched,total,200,-0.00030017087620124106,0.0011463286698611141,0.0038318401873231878,0.004092897878467561
failed-only-recovery-12,130,analytic,estimation,200,0.0018813898821235053,0.002500986672522995,0.0064071722048038016,0.006530473114081392
failed-only-recovery-12,130,analytic,operator,200,0.00175226645782209,0.0496263313142328,0.1714589796738124,0.20155625708664904
failed-only-recovery-12,130,analytic,total,200,0.003633656339945595,0.04978859698235325,0.17404129433806198,0.20378004069271044
failed-only-recovery-12,130,matched,estimation,200,0.001844719594290358,0.0024696462665124586,0.006413102398560966,0.006494403412727445
failed-only-recovery-12,130,matched,operator,200,0.0,0.0,0.0,0.0
failed-only-recovery-12,130,matched,total,200,0.001844719594290358,0.0024696462665124586,0.006413102398560966,0.006494403412727445
failed-only-recovery-12,131,analytic,estimation,200,-0.0026055155244406793,0.002952236727402635,0.004679869619548249,0.0047944543836137
failed-only-recovery-12,131,analytic,operator,200,0.012485535444838993,0.0565549027385114,0.17760140111573575,0.38410484232635317
failed-only-recovery-12,131,analytic,total,200,0.009880019920398313,0.056225614746670385,0.1769744741488143,0.38344480983450796
failed-only-recovery-12,131,matched,estimation,200,-0.002632109054368894,0.002976722467539255,0.004656717691504664,0.004730069026591233
failed-only-recovery-12,131,matched,operator,200,0.0,0.0,0.0,0.0
failed-only-recovery-12,131,matched,total,200,-0.002632109054368894,0.002976722467539255,0.004656717691504664,0.004730069026591233
failed-only-recovery-12,132,analytic,estimation,200,0.0012794633503308706,0.0019277336593290558,0.005056556671581669,0.005240073252773092
failed-only-recovery-12,132,analytic,operator,200,-0.00026766399588990127,0.04243459186350462,0.17848522920573928,0.19756551990514626
failed-only-recovery-12,132,analytic,total,200,0.0010117993544409695,0.04251953894744259,0.1799905102824182,0.19604003539219322
failed-only-recovery-12,132,matched,estimation,200,0.0012727042704098338,0.001906600345299863,0.005108313886220017,0.005221470296805197
failed-only-recovery-12,132,matched,operator,200,0.0,0.0,0.0,0.0
failed-only-recovery-12,132,matched,total,200,0.0012727042704098338,0.001906600345299863,0.005108313886220017,0.005221470296805197
failed-only-recovery-12,133,analytic,estimation,200,0.0002824895217626366,0.0010635973692845195,0.0037076618903725267,0.004069213711145547
failed-only-recovery-12,133,analytic,operator,200,0.007346380118407912,0.0473331225559667,0.18155225050140006,0.20872849058363785
failed-only-recovery-12,133,analytic,total,200,0.007628869640170549,0.047598323020724705,0.18323042692999386,0.2105206662502227
failed-only-recovery-12,133,matched,estimation,200,0.0002603718119381825,0.001056415925628222,0.003681333336089332,0.004075158191364392
failed-only-recovery-12,133,matched,operator,200,0.0,0.0,0.0,0.0
failed-only-recovery-12,133,matched,total,200,0.0002603718119381825,0.001056415925628222,0.003681333336089332,0.004075158191364392
failed-only-recovery-12,134,analytic,estimation,200,0.0028774157324703777,0.0032989291596330064,0.0053802078242537466,0.005885936380011003
failed-only-recovery-12,134,analytic,operator,200,-0.004609270344700448,0.05925448642575268,0.20867625831545447,0.31554006627745423
failed-only-recovery-12,134,analytic,total,200,-0.0017318546122300708,0.05913407971998779,0.21207219539156189,0.3163444450254465
failed-only-recovery-12,134,matched,estimation,200,0.0028800332916130837,0.003298354073730487,0.005327360383246771,0.0058929088128123475
failed-only-recovery-12,134,matched,operator,200,0.0,0.0,0.0,0.0
failed-only-recovery-12,134,matched,total,200,0.0028800332916130837,0.003298354073730487,0.005327360383246771,0.0058929088128123475
failed-only-recovery-12,135,analytic,estimation,200,-0.0006407456846028725,0.0014790539017658397,0.0033118184899891268,0.0033554645951631157
failed-only-recovery-12,135,analytic,operator,200,0.00669991816188427,0.05966435193718143,0.1862864939316266,0.2033473658552472
failed-only-recovery-12,135,analytic,total,200,0.006059172477281397,0.05977839106332163,0.18767006789365076,0.20396084004989054
failed-only-recovery-12,135,matched,estimation,200,-0.0006829047764202863,0.001491382259312661,0.0033134796264445154,0.0033539191662692253
failed-only-recovery-12,135,matched,operator,200,0.0,0.0,0.0,0.0
failed-only-recovery-12,135,matched,total,200,-0.0006829047764202863,0.001491382259312661,0.0033134796264445154,0.0033539191662692253
failed-only-recovery-12,136,analytic,estimation,200,-0.0004383497918300647,0.001446196917619359,0.0032245273365635596,0.0032309513349704777
failed-only-recovery-12,136,analytic,operator,200,0.0005199481961812606,0.035786068405662404,0.14112488805184337,0.17087847343911888
failed-only-recovery-12,136,analytic,total,200,8.159840435119581e-05,0.03602562747313562,0.1423048991428979,0.17107900768112272
failed-only-recovery-12,136,matched,estimation,200,-0.0004533557455769589,0.0014339397773811277,0.0032245750844128312,0.0032351013419588542
failed-only-recovery-12,136,matched,operator,200,0.0,0.0,0.0,0.0
failed-only-recovery-12,136,matched,total,200,-0.0004533557455769589,0.0014339397773811277,0.0032245750844128312,0.0032351013419588542
failed-only-recovery-12,137,analytic,estimation,200,0.0008941966470546274,0.0014939410993005005,0.003056803568423583,0.003082953831301194
failed-only-recovery-12,137,analytic,operator,200,0.0032658497994174146,0.029931901072040953,0.13811725471146813,0.15158916497006708
failed-only-recovery-12,137,analytic,total,200,0.004160046446472041,0.030118273598894334,0.1399064138475537,0.15305846346153473
failed-only-recovery-12,137,matched,estimation,200,0.0008886234486944474,0.0014849683005400186,0.003073326144275912,0.003154995231851976
failed-only-recovery-12,137,matched,operator,200,0.0,0.0,0.0,0.0
failed-only-recovery-12,137,matched,total,200,0.0008886234486944474,0.0014849683005400186,0.003073326144275912,0.003154995231851976
failed-only-recovery-12,138,analytic,estimation,200,0.00044087736643933894,0.0010632487950412363,0.0026542320096723526,0.00266758032254244
failed-only-recovery-12,138,analytic,operator,200,0.004270352112437683,0.06367730524483496,0.22144933992186244,0.24602680284705106
failed-only-recovery-12,138,analytic,total,200,0.004711229478877022,0.06393314687190003,0.22339052973276993,0.24551375007807194
failed-only-recovery-12,138,matched,estimation,200,0.00042027009293222353,0.0010291570931987002,0.002654298024719115,0.002696171309216122
failed-only-recovery-12,138,matched,operator,200,0.0,0.0,0.0,0.0
failed-only-recovery-12,138,matched,total,200,0.00042027009293222353,0.0010291570931987002,0.002654298024719115,0.002696171309216122
failed-only-recovery-12,139,analytic,estimation,200,-0.00013145609204489046,0.0004455309126519485,0.0012628917217112345,0.0013554059628124726
failed-only-recovery-12,139,analytic,operator,200,0.004318272582946029,0.029845458557437882,0.13517038111916754,0.20112240703900677
failed-only-recovery-12,139,analytic,total,200,0.004186816490901139,0.029833644774461876,0.1344949375054605,0.20081968999477398
failed-only-recovery-12,139,matched,estimation,200,-0.00013192065033112388,0.0004349123340666327,0.0012624097621514174,0.0013277008809788882
failed-only-recovery-12,139,matched,operator,200,0.0,0.0,0.0,0.0
failed-only-recovery-12,139,matched,total,200,-0.00013192065033112388,0.0004349123340666327,0.0012624097621514174,0.0013277008809788882
failed-only-recovery-12,140,analytic,estimation,200,-0.0008520506850327454,0.001150832673153342,0.0032808204459348067,0.0032995667386600536
failed-only-recovery-12,140,analytic,operator,200,0.0029448942605945698,0.03012029843336163,0.11635858958158071,0.18232245433341676
failed-only-recovery-12,140,analytic,total,200,0.0020928435755618244,0.030034889187675624,0.11763327366697487,0.1812600269329011
failed-only-recovery-12,140,matched,estimation,200,-0.0008620267505976767,0.0011688044252942012,0.003300176390336418,0.003327370838535293
failed-only-recovery-12,140,matched,operator,200,0.0,0.0,0.0,0.0
failed-only-recovery-12,140,matched,total,200,-0.0008620267505976767,0.0011688044252942012,0.003300176390336418,0.003327370838535293
failed-only-recovery-12,141,analytic,estimation,200,0.0008060662280159654,0.0015634090872116816,0.002965979878542968,0.0031030140830400343
failed-only-recovery-12,141,analytic,operator,200,0.0010301372097081534,0.04585145037616596,0.15729088044402684,0.18643554689820896
failed-only-recovery-12,141,analytic,total,200,0.0018362034377241187,0.04609416508871737,0.1588326908871699,0.18884548900026255
failed-only-recovery-12,141,matched,estimation,200,0.0007939634515199644,0.0015425454551986103,0.0029761490742816754,0.0032597745487944474
failed-only-recovery-12,141,matched,operator,200,0.0,0.0,0.0,0.0
failed-only-recovery-12,141,matched,total,200,0.0007939634515199644,0.0015425454551986103,0.0029761490742816754,0.0032597745487944474
failed-only-recovery-12,142,analytic,estimation,200,0.0017744432210407132,0.0023697888318309863,0.005683045922224683,0.00572144765910082
failed-only-recovery-12,142,analytic,operator,200,-0.0027893648064049796,0.048657199686133815,0.17772372843522466,0.2289426883528496
failed-only-recovery-12,142,analytic,total,200,-0.0010149215853642668,0.04876435761663806,0.17688853558946305,0.22762893965360181
failed-only-recovery-12,142,matched,estimation,200,0.0017822997647089752,0.0023728084588068416,0.005600471293251141,0.005851830659980906
failed-only-recovery-12,142,matched,operator,200,0.0,0.0,0.0,0.0
failed-only-recovery-12,142,matched,total,200,0.0017822997647089752,0.0023728084588068416,0.005600471293251141,0.005851830659980906
failed-only-recovery-12,143,analytic,estimation,200,-0.0018429538824579388,0.0020767364919785946,0.003715780911687616,0.0037597869463193434
failed-only-recovery-12,143,analytic,operator,200,-0.0009486024843037077,0.0417422206005152,0.17020377314815238,0.2106674821015294
failed-only-recovery-12,143,analytic,total,200,-0.002791556366761647,0.04198745869152344,0.16826632441158862,0.21082055009584505
failed-only-recovery-12,143,matched,estimation,200,-0.0018451203954269425,0.0020706669877165735,0.0036082945398397404,0.0037705333897487536
failed-only-recovery-12,143,matched,operator,200,0.0,0.0,0.0,0.0
failed-only-recovery-12,143,matched,total,200,-0.0018451203954269425,0.0020706669877165735,0.0036082945398397404,0.0037705333897487536
failed-only-recovery-12,144,analytic,estimation,200,0.0015896715671125789,0.0017374735386311542,0.0034663253857476484,0.0035466133568974323
failed-only-recovery-12,144,analytic,operator,200,-0.005391682538210224,0.027455129930761362,0.11832709146270559,0.14491139281078072
failed-only-recovery-12,144,analytic,total,200,-0.0038020109710976448,0.02733751758500636,0.1206427193999875,0.14404580426207925
failed-only-recovery-12,144,matched,estimation,200,0.0016120160891567761,0.0017533932412362393,0.003466266604876145,0.0035560463256122388
failed-only-recovery-12,144,matched,operator,200,0.0,0.0,0.0,0.0
failed-only-recovery-12,144,matched,total,200,0.0016120160891567761,0.0017533932412362393,0.003466266604876145,0.0035560463256122388
failed-only-recovery-12,145,analytic,estimation,200,1.1181062729568193e-05,0.0008608115460170097,0.002888733098619367,0.0030398264051256785
failed-only-recovery-12,145,analytic,operator,200,0.0006825297891986333,0.04874148384530249,0.19883515568807078,0.24292975865229086
failed-only-recovery-12,145,analytic,total,200,0.0006937108519282013,0.048850217163571984,0.200091825390125,0.24323375478134504
failed-only-recovery-12,145,matched,estimation,200,2.174250048562034e-05,0.0008403085986227962,0.0028833916149133554,0.0030416350568220896
failed-only-recovery-12,145,matched,operator,200,0.0,0.0,0.0,0.0
failed-only-recovery-12,145,matched,total,200,2.174250048562034e-05,0.0008403085986227962,0.0028833916149133554,0.0030416350568220896
failed-only-recovery-12,146,analytic,estimation,200,-0.00010136443198905369,0.0002928080595712283,0.0007735310044055949,0.0009519761250423031
failed-only-recovery-12,146,analytic,operator,200,0.00387257246851516,0.03396311568479128,0.13397422064944162,0.1808544153663199
failed-only-recovery-12,146,analytic,total,200,0.003771208036526106,0.03399237459972417,0.13397422064944162,0.1808544153663199
failed-only-recovery-12,146,matched,estimation,200,-0.00010361054185575547,0.0002827624611512068,0.0006890490578485148,0.0008402874937131887
failed-only-recovery-12,146,matched,operator,200,0.0,0.0,0.0,0.0
failed-only-recovery-12,146,matched,total,200,-0.00010361054185575547,0.0002827624611512068,0.0006890490578485148,0.0008402874937131887
failed-only-recovery-12,147,analytic,estimation,200,0.0004573728911421366,0.00066073503747057,0.001925974080564441,0.002043066465541865
failed-only-recovery-12,147,analytic,operator,200,0.004183089753710406,0.027506910949800307,0.10931298835107467,0.21440680330174955
failed-only-recovery-12,147,analytic,total,200,0.004640462644852542,0.027700419330736633,0.11135605481661653,0.2162417028429775
failed-only-recovery-12,147,matched,estimation,200,0.0004501832954291753,0.0006453471694641874,0.0018544585563537996,0.00198221862026976
failed-only-recovery-12,147,matched,operator,200,0.0,0.0,0.0,0.0
failed-only-recovery-12,147,matched,total,200,0.0004501832954291753,0.0006453471694641874,0.0018544585563537996,0.00198221862026976
failed-only-recovery-12,148,analytic,estimation,200,0.000343809859560816,0.0006648477349923559,0.002088139086377838,0.0022305302388647696
failed-only-recovery-12,148,analytic,operator,200,-0.0004005291718005408,0.014579915423392485,0.06547633471906061,0.12769206776171144
failed-only-recovery-12,148,analytic,total,200,-5.6719312239724836e-05,0.0146232698675561,0.06647934043578838,0.12762343690981354
failed-only-recovery-12,148,matched,estimation,200,0.00034437539236260265,0.0006629913138880939,0.002086939293031831,0.002227677743424028
failed-only-recovery-12,148,matched,operator,200,0.0,0.0,0.0,0.0
failed-only-recovery-12,148,matched,total,200,0.00034437539236260265,0.0006629913138880939,0.002086939293031831,0.002227677743424028
failed-only-recovery-12,149,analytic,estimation,200,0.002724828313867115,0.0029299687239326545,0.004516827263315482,0.004961627529123325
failed-only-recovery-12,149,analytic,operator,200,-0.0004949313156980613,0.0549718612253575,0.21383009112632206,0.25770084035295515
failed-only-recovery-12,149,analytic,total,200,0.002229896998169053,0.055130402712135845,0.2166856335506035,0.2560502523806187
failed-only-recovery-12,149,matched,estimation,200,0.002704773036253633,0.002906568524777784,0.0045791373061266905,0.0049651493542438585
failed-only-recovery-12,149,matched,operator,200,0.0,0.0,0.0,0.0
failed-only-recovery-12,149,matched,total,200,0.002704773036253633,0.002906568524777784,0.0045791373061266905,0.0049651493542438585
failed-only-recovery-12,150,analytic,estimation,200,-0.00027811833325952663,0.0012754293913064473,0.0032200970621640845,0.004136160455799454
failed-only-recovery-12,150,analytic,operator,200,0.0017256316140212649,0.052513668000499135,0.20877861553662902,0.2504380396811952
failed-only-recovery-12,150,analytic,total,200,0.0014475132807617384,0.05274586166837344,0.20774185571167614,0.2501975783165299
failed-only-recovery-12,150,matched,estimation,200,-0.000286320781584815,0.0012534359329708393,0.0031865014441445627,0.004001143422074804
failed-only-recovery-12,150,matched,operator,200,0.0,0.0,0.0,0.0
failed-only-recovery-12,150,matched,total,200,-0.000286320781584815,0.0012534359329708393,0.0031865014441445627,0.004001143422074804
failed-only-recovery-12,151,analytic,estimation,200,-0.003227650094352248,0.0035203315018874893,0.005557325610193731,0.005800320080251775
failed-only-recovery-12,151,analytic,operator,200,0.0050799593495282815,0.03712574211797097,0.12040293993211049,0.23280179647849486
failed-only-recovery-12,151,analytic,total,200,0.0018523092551760336,0.037063336993273695,0.11711222905464169,0.22820521377191538
failed-only-recovery-12,151,matched,estimation,200,-0.0032501933823974576,0.0035377289342040526,0.005452491508640633,0.005615732813910368
failed-only-recovery-12,151,matched,operator,200,0.0,0.0,0.0,0.0
failed-only-recovery-12,151,matched,total,200,-0.0032501933823974576,0.0035377289342040526,0.005452491508640633,0.005615732813910368
failed-only-recovery-12,152,analytic,estimation,200,0.0015659694010622784,0.0018042591191026664,0.003369413165912827,0.0035021858792967375
failed-only-recovery-12,152,analytic,operator,200,-0.001636108847944102,0.030456886361720056,0.1392924715708902,0.18212933267682713
failed-only-recovery-12,152,analytic,total,200,-7.013944688182335e-05,0.030638230804591327,0.13911732763114104,0.18165874626541345
failed-only-recovery-12,152,matched,estimation,200,0.001560150121517668,0.001786651166989998,0.003266951065702628,0.003531483425165516
failed-only-recovery-12,152,matched,operator,200,0.0,0.0,0.0,0.0
failed-only-recovery-12,152,matched,total,200,0.001560150121517668,0.001786651166989998,0.003266951065702628,0.003531483425165516
failed-only-recovery-12,153,analytic,estimation,200,-8.616355719769419e-05,0.0007844247294462606,0.002142420222401631,0.002510655361588343
failed-only-recovery-12,153,analytic,operator,200,-0.005445282240864205,0.053551698255415114,0.20614435990573404,0.31822765697788524
failed-only-recovery-12,153,analytic,total,200,-0.005531445798061899,0.05363579182470621,0.20650043162397663,0.31846506191773405
failed-only-recovery-12,153,matched,estimation,200,-4.384835120070705e-05,0.000780026524462289,0.0021277578985233747,0.002304895481616831
failed-only-recovery-12,153,matched,operator,200,0.0,0.0,0.0,0.0
failed-only-recovery-12,153,matched,total,200,-4.384835120070705e-05,0.000780026524462289,0.0021277578985233747,0.002304895481616831
failed-only-recovery-12,154,analytic,estimation,200,0.0016807398290141417,0.001755145269988995,0.002478802252513179,0.002493469914267632
failed-only-recovery-12,154,analytic,operator,200,0.002145040336407571,0.02221693369333622,0.10871909566964044,0.17594226502971602
failed-only-recovery-12,154,analytic,total,200,0.0038257801654217128,0.022464749076444447,0.11000275133126869,0.17801498279126693
failed-only-recovery-12,154,matched,estimation,200,0.0016746171026758034,0.001747545334551676,0.0024591330643690124,0.002498873428271764
failed-only-recovery-12,154,matched,operator,200,0.0,0.0,0.0,0.0
failed-only-recovery-12,154,matched,total,200,0.0016746171026758034,0.001747545334551676,0.0024591330643690124,0.002498873428271764
failed-only-recovery-12,155,analytic,estimation,200,-0.0007717501031397261,0.0008846395760820321,0.00177489683667309,0.0018103496137822361
failed-only-recovery-12,155,analytic,operator,200,0.0008502736393908701,0.021735519142431565,0.08948920721967549,0.09938003337607137
failed-only-recovery-12,155,analytic,total,200,7.852353625114407e-05,0.021674219850697535,0.08836001048033629,0.09831898437834605
failed-only-recovery-12,155,matched,estimation,200,-0.0007668972405391858,0.0008782995425002983,0.0017747252472877229,0.0018104602973825212
failed-only-recovery-12,155,matched,operator,200,0.0,0.0,0.0,0.0
failed-only-recovery-12,155,matched,total,200,-0.0007668972405391858,0.0008782995425002983,0.0017747252472877229,0.0018104602973825212
failed-only-recovery-12,156,analytic,estimation,200,-0.000376960806855499,0.0005797849967542716,0.0011248617364221641,0.0011503563323805588
failed-only-recovery-12,156,analytic,operator,200,-0.0027321058428003415,0.027510231249785154,0.09451955586972606,0.1838152610334776
failed-only-recovery-12,156,analytic,total,200,-0.0031090666496558406,0.027436534969444915,0.0947599768805906,0.18379653130851636
failed-only-recovery-12,156,matched,estimation,200,-0.0003960402185550191,0.0005801366137184146,0.001127046759332083,0.0011531555868645321
failed-only-recovery-12,156,matched,operator,200,0.0,0.0,0.0,0.0
failed-only-recovery-12,156,matched,total,200,-0.0003960402185550191,0.0005801366137184146,0.001127046759332083,0.0011531555868645321
failed-only-recovery-12,157,analytic,estimation,200,0.0031575321003529176,0.003331713526350364,0.005431815687127695,0.005503945137525723
failed-only-recovery-12,157,analytic,operator,200,-0.0016489387170966622,0.0418846365592674,0.15719568302692666,0.21755295039824585
failed-only-recovery-12,157,analytic,total,200,0.0015085933832562556,0.0420809440966822,0.16017333269754552,0.2170097385733057
failed-only-recovery-12,157,matched,estimation,200,0.003165248680915972,0.0033356347731437674,0.005453946280530753,0.005786030061689873
failed-only-recovery-12,157,matched,operator,200,0.0,0.0,0.0,0.0
failed-only-recovery-12,157,matched,total,200,0.003165248680915972,0.0033356347731437674,0.005453946280530753,0.005786030061689873
failed-only-recovery-12,158,analytic,estimation,200,-0.0010427101606216985,0.0015594012170524125,0.0033369104399736393,0.0042502708625828944
failed-only-recovery-12,158,analytic,operator,200,0.006170744090866256,0.04384099699522729,0.16666508717160083,0.1889695836025198
failed-only-recovery-12,158,analytic,total,200,0.005128033930244557,0.043908053381737394,0.1649361156886084,0.18963484883776327
failed-only-recovery-12,158,matched,estimation,200,-0.0010748665896420742,0.001562052109345221,0.003457293923950111,0.004028203319980328
failed-only-recovery-12,158,matched,operator,200,0.0,0.0,0.0,0.0
failed-only-recovery-12,158,matched,total,200,-0.0010748665896420742,0.001562052109345221,0.003457293923950111,0.004028203319980328
failed-only-recovery-12,159,analytic,estimation,200,-0.003199260150495436,0.0034574986916637,0.005470888884509084,0.005664808342644823
failed-only-recovery-12,159,analytic,operator,200,0.001735708483715916,0.03823380792333233,0.14634943953675594,0.17671560642177347
failed-only-recovery-12,159,analytic,total,200,-0.00146355166677952,0.03845788853746035,0.14386871295622505,0.17474206419586652
failed-only-recovery-12,159,matched,estimation,200,-0.003205076708291679,0.00345615876749886,0.005413723655951386,0.005485371820015905
failed-only-recovery-12,159,matched,operator,200,0.0,0.0,0.0,0.0
failed-only-recovery-12,159,matched,total,200,-0.003205076708291679,0.00345615876749886,0.005413723655951386,0.005485371820015905
failed-only-recovery-12,160,analytic,estimation,200,0.0024135706239357653,0.0027486922688826866,0.0046349657203661465,0.004694542153565129
failed-only-recovery-12,160,analytic,operator,200,-0.004809116954687187,0.055857472872032646,0.24677240447168147,0.3323057862599868
failed-only-recovery-12,160,analytic,total,200,-0.002395546330751422,0.05585271469875941,0.24608891822372508,0.3311856255076756
failed-only-recovery-12,160,matched,estimation,200,0.002425408165924527,0.002756762085284775,0.004726947794388092,0.004796284153792518
failed-only-recovery-12,160,matched,operator,200,0.0,0.0,0.0,0.0
failed-only-recovery-12,160,matched,total,200,0.002425408165924527,0.002756762085284775,0.004726947794388092,0.004796284153792518
failed-only-recovery-12,161,analytic,estimation,200,0.0014691490829386665,0.0019374329101208472,0.0034720130574528163,0.003872209555549788
failed-only-recovery-12,161,analytic,operator,200,0.0022592957498510802,0.05386760328201547,0.16958411742907642,0.22110098006337842
failed-only-recovery-12,161,analytic,total,200,0.003728444832789747,0.054314205151136545,0.16909915352283356,0.22236714288339393
failed-only-recovery-12,161,matched,estimation,200,0.0014501462280445496,0.001881667601890787,0.003460272456513813,0.0034884509932557872
failed-only-recovery-12,161,matched,operator,200,0.0,0.0,0.0,0.0
failed-only-recovery-12,161,matched,total,200,0.0014501462280445496,0.001881667601890787,0.003460272456513813,0.0034884509932557872
failed-only-recovery-12,162,analytic,estimation,200,0.0012701778533810745,0.001879065078301801,0.005566989412728596,0.007606687052418959
failed-only-recovery-12,162,analytic,operator,200,0.0009991484584135977,0.0418168694952251,0.15881496515463245,0.21318996915296928
failed-only-recovery-12,162,analytic,total,200,0.002269326311794672,0.042094832242299804,0.159658846112247,0.21239852122041797
failed-only-recovery-12,162,matched,estimation,200,0.0012684340133985556,0.0018726876403068816,0.0057981817295647,0.007452918967392641
failed-only-recovery-12,162,matched,operator,200,0.0,0.0,0.0,0.0
failed-only-recovery-12,162,matched,total,200,0.0012684340133985556,0.0018726876403068816,0.0057981817295647,0.007452918967392641
failed-only-recovery-12,163,analytic,estimation,200,-0.003946081812922268,0.004096691801776094,0.0067361056924526985,0.006835097790613642
failed-only-recovery-12,163,analytic,operator,200,0.0015363147398143428,0.031542072981435944,0.144504734753641,0.1816534645766819
failed-only-recovery-12,163,analytic,total,200,-0.002409767073107926,0.03181586635138482,0.15127803544606588,0.1874704565193676
failed-only-recovery-12,163,matched,estimation,200,-0.003944446730866229,0.004088674342327875,0.006504772865287334,0.006790980188937423
failed-only-recovery-12,163,matched,operator,200,0.0,0.0,0.0,0.0
failed-only-recovery-12,163,matched,total,200,-0.003944446730866229,0.004088674342327875,0.006504772865287334,0.006790980188937423
failed-only-recovery-12,164,analytic,estimation,200,0.0024411787274034734,0.002645461135137779,0.0038047067442561477,0.0038925210588502956
failed-only-recovery-12,164,analytic,operator,200,0.00040110756143401115,0.02622175987222939,0.13723565665805854,0.184737198481581
failed-only-recovery-12,164,analytic,total,200,0.0028422862888374846,0.026413064300862495,0.13994691908080487,0.18756631785874722
failed-only-recovery-12,164,matched,estimation,200,0.002433613358076884,0.002638174228647003,0.0038159223654785634,0.0038976814809694726
failed-only-recovery-12,164,matched,operator,200,0.0,0.0,0.0,0.0
failed-only-recovery-12,164,matched,total,200,0.002433613358076884,0.002638174228647003,0.0038159223654785634,0.0038976814809694726
failed-only-recovery-12,165,analytic,estimation,200,5.7413957042105925e-05,0.0013255676295700748,0.0031175198100985013,0.003199424433016962
failed-only-recovery-12,165,analytic,operator,200,0.002480381012698611,0.03583492441299351,0.14171153537503073,0.18441154661604078
failed-only-recovery-12,165,analytic,total,200,0.002537794969740717,0.03615028403445144,0.14152838800513123,0.1869700510837713
failed-only-recovery-12,165,matched,estimation,200,4.5788705857977803e-05,0.0012861504640717576,0.0031121515359202045,0.0032376139972827844
failed-only-recovery-12,165,matched,operator,200,0.0,0.0,0.0,0.0
failed-only-recovery-12,165,matched,total,200,4.5788705857977803e-05,0.0012861504640717576,0.0031121515359202045,0.0032376139972827844
failed-only-recovery-12,166,analytic,estimation,200,-0.0011753598830310686,0.0014136793270387647,0.0035958677766237956,0.004056934318508398
failed-only-recovery-12,166,analytic,operator,200,0.0022033472474806463,0.026670292546821142,0.10609178910190692,0.2547399576604625
failed-only-recovery-12,166,analytic,total,200,0.0010279873644495777,0.02672368874268693,0.10892099062072505,0.2545827375842888
failed-only-recovery-12,166,matched,estimation,200,-0.0011930148261322503,0.0014208705015184746,0.0035982144480242173,0.004248135095423766
failed-only-recovery-12,166,matched,operator,200,0.0,0.0,0.0,0.0
failed-only-recovery-12,166,matched,total,200,-0.0011930148261322503,0.0014208705015184746,0.0035982144480242173,0.004248135095423766
failed-only-recovery-12,167,analytic,estimation,200,0.0008875543605804592,0.0014641965858608152,0.003908986094936839,0.005551324287810466
failed-only-recovery-12,167,analytic,operator,200,0.0007096366908140092,0.041393339758458124,0.1847934481051584,0.19315129816118803
failed-only-recovery-12,167,analytic,total,200,0.0015971910513944685,0.041661197747273004,0.18460101046139676,0.19524979078431315
failed-only-recovery-12,167,matched,estimation,200,0.0008994404589234149,0.0014514086950528351,0.004218070944832064,0.005477284723929721
failed-only-recovery-12,167,matched,operator,200,0.0,0.0,0.0,0.0
failed-only-recovery-12,167,matched,total,200,0.0008994404589234149,0.0014514086950528351,0.004218070944832064,0.005477284723929721
failed-only-recovery-12,168,analytic,estimation,200,0.0017332023628739213,0.001907992342457069,0.0030136002210903734,0.00308036434820802
failed-only-recovery-12,168,analytic,operator,200,0.0014777648578008199,0.0311376525969574,0.10245112214859775,0.29028264355927
failed-only-recovery-12,168,analytic,total,200,0.0032109672206747414,0.03141646388848879,0.10546818181038542,0.29303520897096424
failed-only-recovery-12,168,matched,estimation,200,0.0017151277005635673,0.0018853955973254927,0.0028575939724307386,0.0030666201632520984
failed-only-recovery-12,168,matched,operator,200,0.0,0.0,0.0,0.0
failed-only-recovery-12,168,matched,total,200,0.0017151277005635673,0.0018853955973254927,0.0028575939724307386,0.0030666201632520984
failed-only-recovery-13,1,analytic,estimation,200,0.0003839167052329824,0.0006801160575553481,0.0020734101234922697,0.0024907092787418428
failed-only-recovery-13,1,analytic,operator,200,0.0011938920533125998,0.04054855842624704,0.1546079111814862,0.16623020724380383
failed-only-recovery-13,1,analytic,total,200,0.0015778087585455822,0.040650616075281684,0.15612387611917178,0.16689091913139603
failed-only-recovery-13,1,matched,estimation,200,0.00037704153082092205,0.0006680757877113799,0.002127199248583178,0.0025687743998488166
failed-only-recovery-13,1,matched,operator,200,0.0,0.0,0.0,0.0
failed-only-recovery-13,1,matched,total,200,0.00037704153082092205,0.0006680757877113799,0.002127199248583178,0.0025687743998488166
failed-only-recovery-13,2,analytic,estimation,200,-0.00035039195457390286,0.000918788801291307,0.002186859989448009,0.0022789624475098025
failed-only-recovery-13,2,analytic,operator,200,-0.0009420663585866498,0.038858782116441656,0.15908289871988718,0.20009574390311458
failed-only-recovery-13,2,analytic,total,200,-0.0012924583131605526,0.038973751537925296,0.15925125990437639,0.2002477454661442
failed-only-recovery-13,2,matched,estimation,200,-0.00035001335890291426,0.0009224085908546845,0.0022295367915972086,0.002279690316566829
failed-only-recovery-13,2,matched,operator,200,0.0,0.0,0.0,0.0
failed-only-recovery-13,2,matched,total,200,-0.00035001335890291426,0.0009224085908546845,0.0022295367915972086,0.002279690316566829
failed-only-recovery-13,3,analytic,estimation,200,-0.0025469195231830042,0.002749048241917921,0.004186155760895149,0.004244823402301756
failed-only-recovery-13,3,analytic,operator,200,0.0013613293627027373,0.0407409185887607,0.17244946079318207,0.19062384276882627
failed-only-recovery-13,3,analytic,total,200,-0.001185590160480267,0.040760856531635206,0.17568282887155412,0.18848297970638944
failed-only-recovery-13,3,matched,estimation,200,-0.002553503371433964,0.0027560094858739012,0.004174054251985526,0.004236220635639276
failed-only-recovery-13,3,matched,operator,200,0.0,0.0,0.0,0.0
failed-only-recovery-13,3,matched,total,200,-0.002553503371433964,0.0027560094858739012,0.004174054251985526,0.004236220635639276
failed-only-recovery-13,4,analytic,estimation,200,0.0015055388403518897,0.0018549627309566502,0.004319489765150619,0.0044526466325751635
failed-only-recovery-13,4,analytic,operator,200,0.0012320588220468048,0.03619367412027493,0.1408577342265363,0.16602969739583812
failed-only-recovery-13,4,analytic,total,200,0.002737597662398694,0.03641221188670878,0.142655486405327,0.16618741981821875
failed-only-recovery-13,4,matched,estimation,200,0.0014983030963684274,0.0018451898093122148,0.004319124436411359,0.004451642409387668
failed-only-recovery-13,4,matched,operator,200,0.0,0.0,0.0,0.0
failed-only-recovery-13,4,matched,total,200,0.0014983030963684274,0.0018451898093122148,0.004319124436411359,0.004451642409387668
failed-only-recovery-13,5,analytic,estimation,200,0.0005350777481057465,0.0008739090818450845,0.0027274405311823458,0.002735566068180706
failed-only-recovery-13,5,analytic,operator,200,0.003433265182555945,0.0385688316879302,0.1371760109839927,0.2703432082905851
failed-only-recovery-13,5,analytic,total,200,0.0039683429306616915,0.03870269761234127,0.13773764739858776,0.27169084936924737
failed-only-recovery-13,5,matched,estimation,200,0.0005289176190912909,0.0008669848081528377,0.00237581675487486,0.002765645508266079
failed-only-recovery-13,5,matched,operator,200,0.0,0.0,0.0,0.0
failed-only-recovery-13,5,matched,total,200,0.0005289176190912909,0.0008669848081528377,0.00237581675487486,0.002765645508266079
failed-only-recovery-13,6,analytic,estimation,200,-0.00046401961974199793,0.0007585521337788771,0.0013749851840996197,0.0015616340524881034
failed-only-recovery-13,6,analytic,operator,200,0.0012495408183007218,0.02659329205467769,0.12938369269981623,0.14288246727054202
failed-only-recovery-13,6,analytic,total,200,0.0007855211985587239,0.026645196526641702,0.12888022903834778,0.14245469482941564
failed-only-recovery-13,6,matched,estimation,200,-0.0004697439840379897,0.0007575528817626987,0.001361311177871194,0.0014481762730662595
failed-only-recovery-13,6,matched,operator,200,0.0,0.0,0.0,0.0
failed-only-recovery-13,6,matched,total,200,-0.0004697439840379897,0.0007575528817626987,0.001361311177871194,0.0014481762730662595
failed-only-recovery-13,7,analytic,estimation,200,-0.00033153554617948027,0.0004546408067031365,0.001003509091501667,0.0010145781174768637
failed-only-recovery-13,7,analytic,operator,200,0.0003068987238856519,0.01174084164013823,0.05768042216851115,0.08351114490982174
failed-only-recovery-13,7,analytic,total,200,-2.463682229382831e-05,0.01178312931602504,0.058551490433510114,0.08451016577575426
failed-only-recovery-13,7,matched,estimation,200,-0.00033392296878724287,0.000455264361645382,0.001029599885660537,0.0010845255406143617
failed-only-recovery-13,7,matched,operator,200,0.0,0.0,0.0,0.0
failed-only-recovery-13,7,matched,total,200,-0.00033392296878724287,0.000455264361645382,0.001029599885660537,0.0010845255406143617
failed-only-recovery-13,8,analytic,estimation,200,-3.907514893322243e-05,0.00010156012988475197,0.0002581829754490089,0.0005278152020169458
failed-only-recovery-13,8,analytic,operator,200,-0.00029918117459307896,0.005163630723301093,0.027160449197076664,0.03164414804401941
failed-only-recovery-13,8,analytic,total,200,-0.0003382563235263014,0.005169768471071326,0.02703631550577662,0.03168947893245477
failed-only-recovery-13,8,matched,estimation,200,-3.961514522604644e-05,9.933425374894622e-05,0.00025819517877904985,0.0005162365033900829
failed-only-recovery-13,8,matched,operator,200,0.0,0.0,0.0,0.0
failed-only-recovery-13,8,matched,total,200,-3.961514522604644e-05,9.933425374894622e-05,0.00025819517877904985,0.0005162365033900829
failed-only-recovery-13,9,analytic,estimation,200,0.0018579141007148596,0.0021660024096011483,0.004084061720536436,0.004107604980678747
failed-only-recovery-13,9,analytic,operator,200,-0.0019044316069698952,0.04713794355285309,0.17350272662073685,0.2764896362392272
failed-only-recovery-13,9,analytic,total,200,-4.6517506255035325e-05,0.04719344190878885,0.17240746494216175,0.2760364989790392
failed-only-recovery-13,9,matched,estimation,200,0.0018709232608643345,0.0021795699701057515,0.004141390835226133,0.004175015043621055
failed-only-recovery-13,9,matched,operator,200,0.0,0.0,0.0,0.0
failed-only-recovery-13,9,matched,total,200,0.0018709232608643345,0.0021795699701057515,0.004141390835226133,0.004175015043621055
failed-only-recovery-13,10,analytic,estimation,200,-0.0009247150481316742,0.0011591826482106656,0.002291871848338012,0.0025551778942596304
failed-only-recovery-13,10,analytic,operator,200,0.0004182577505309484,0.05369931930283858,0.1978414336079175,0.23352029086938414
failed-only-recovery-13,10,analytic,total,200,-0.000506457297600726,0.05387802770935606,0.20038384386303731,0.23432965509000542
failed-only-recovery-13,10,matched,estimation,200,-0.0009265352232352328,0.0011418528609599306,0.002197173637382477,0.00230571318409023
failed-only-recovery-13,10,matched,operator,200,0.0,0.0,0.0,0.0
failed-only-recovery-13,10,matched,total,200,-0.0009265352232352328,0.0011418528609599306,0.002197173637382477,0.00230571318409023
failed-only-recovery-13,11,analytic,estimation,200,-0.0013667811591656347,0.0016243930144960697,0.00299845105387464,0.0032201563338155326
failed-only-recovery-13,11,analytic,operator,200,-0.001155453052530404,0.03866868216695601,0.13459545198693895,0.1423858337615227
failed-only-recovery-13,11,analytic,total,200,-0.002522234211696039,0.038886423197843155,0.1366870055554556,0.14379814590554008
failed-only-recovery-13,11,matched,estimation,200,-0.0013566474331796468,0.0016071644345738501,0.0030043112502455283,0.0033954162976159302
failed-only-recovery-13,11,matched,operator,200,0.0,0.0,0.0,0.0
failed-only-recovery-13,11,matched,total,200,-0.0013566474331796468,0.0016071644345738501,0.0030043112502455283,0.0033954162976159302
failed-only-recovery-13,12,analytic,estimation,200,0.000354608755322254,0.0008020902355821229,0.0019908185436849912,0.0035286078769982687
failed-only-recovery-13,12,analytic,operator,200,-0.0011162131465490537,0.028987582742667106,0.11739407877258551,0.15594187828111672
failed-only-recovery-13,12,analytic,total,200,-0.0007616043912267997,0.029075606892619815,0.11691234998913191,0.1572203632811796
failed-only-recovery-13,12,matched,estimation,200,0.0003601337088242082,0.000799663155724554,0.001773185828157775,0.0036591491218751493
failed-only-recovery-13,12,matched,operator,200,0.0,0.0,0.0,0.0
failed-only-recovery-13,12,matched,total,200,0.0003601337088242082,0.000799663155724554,0.001773185828157775,0.0036591491218751493
failed-only-recovery-13,13,analytic,estimation,200,-0.0003686106624740982,0.0007578973830865147,0.00197965419235524,0.0019960974747129934
failed-only-recovery-13,13,analytic,operator,200,-0.0012446263259320019,0.05419767486142934,0.21157258535375245,0.2917982391822423
failed-only-recovery-13,13,analytic,total,200,-0.0016132369884061003,0.054319807207532905,0.21234987169521813,0.2924325426621028
failed-only-recovery-13,13,matched,estimation,200,-0.00037175400759837876,0.0007485914938029705,0.0018526209344846833,0.0020625956604978513
failed-only-recovery-13,13,matched,operator,200,0.0,0.0,0.0,0.0
failed-only-recovery-13,13,matched,total,200,-0.00037175400759837876,0.0007485914938029705,0.0018526209344846833,0.0020625956604978513
failed-only-recovery-13,14,analytic,estimation,200,0.00032125570678062334,0.0005616216985589025,0.0012450105388070731,0.0012678199776744448
failed-only-recovery-13,14,analytic,operator,200,0.00016322034370002802,0.020829873558470293,0.0799740472714659,0.10550311861954759
failed-only-recovery-13,14,analytic,total,200,0.0004844760504806514,0.020865132102554293,0.0806229769938479,0.10591820663844863
failed-only-recovery-13,14,matched,estimation,200,0.00031966311168471365,0.0005621584035253495,0.0012446265160021425,0.0012679639698444795
failed-only-recovery-13,14,matched,operator,200,0.0,0.0,0.0,0.0
failed-only-recovery-13,14,matched,total,200,0.00031966311168471365,0.0005621584035253495,0.0012446265160021425,0.0012679639698444795
failed-only-recovery-13,15,analytic,estimation,200,-0.0003934919198244716,0.0005537780655472743,0.0016379030642804104,0.001679201289840837
failed-only-recovery-13,15,analytic,operator,200,-0.00122370047064453,0.021936695602222434,0.08275366813622881,0.14873357820201366
failed-only-recovery-13,15,analytic,total,200,-0.0016171923904690017,0.022043722743802365,0.08400003187516647,0.14958788477368654
failed-only-recovery-13,15,matched,estimation,200,-0.00038049295956224695,0.00053293633712178,0.0016381893439549322,0.0017294705385315634
failed-only-recovery-13,15,matched,operator,200,0.0,0.0,0.0,0.0
failed-only-recovery-13,15,matched,total,200,-0.00038049295956224695,0.00053293633712178,0.0016381893439549322,0.0017294705385315634
failed-only-recovery-13,16,analytic,estimation,200,-0.000550884260085591,0.0005934759346960112,0.0008767160165890631,0.0010614158672899165
failed-only-recovery-13,16,analytic,operator,200,-0.0003252616756898999,0.012301271976041512,0.044108856614791345,0.05195171262536438
failed-only-recovery-13,16,analytic,total,200,-0.0008761459357754908,0.012345619391085624,0.04447725173991063,0.05118523613910546
failed-only-recovery-13,16,matched,estimation,200,-0.0005522832347068713,0.0005926228008924348,0.000876087031862316,0.0010130429881474168
failed-only-recovery-13,16,matched,operator,200,0.0,0.0,0.0,0.0
failed-only-recovery-13,16,matched,total,200,-0.0005522832347068713,0.0005926228008924348,0.000876087031862316,0.0010130429881474168
failed-only-recovery-13,17,analytic,estimation,200,0.00011613570336809199,0.0002689593948576341,0.0006268884513233042,0.0006392052842544294
failed-only-recovery-13,17,analytic,operator,200,-0.0009570299972527349,0.012079162857239605,0.04957814632487567,0.07445139599977038
failed-only-recovery-13,17,analytic,total,200,-0.000840894293884643,0.012068852886449832,0.049468267156229984,0.07437013229812137
failed-only-recovery-13,17,matched,estimation,200,0.00012160680337662319,0.00026770614900724387,0.0006287345809646294,0.0006395423796677902
failed-only-recovery-13,17,matched,operator,200,0.0,0.0,0.0,0.0
failed-only-recovery-13,17,matched,total,200,0.00012160680337662319,0.00026770614900724387,0.0006287345809646294,0.0006395423796677902
failed-only-recovery-13,18,analytic,estimation,200,0.00033586820711579095,0.00042148564977734487,0.0008537039289863158,0.0009338659827008433
failed-only-recovery-13,18,analytic,operator,200,-0.00025952325963362705,0.008893655591995505,0.047903575254273495,0.05200378051128919
failed-only-recovery-13,18,analytic,total,200,7.634494748216393e-05,0.008881279402221125,0.04853055846046744,0.05159324029801124
failed-only-recovery-13,18,matched,estimation,200,0.00033445463318084313,0.00041823450944742914,0.0008634120341892704,0.0009116979125867175
failed-only-recovery-13,18,matched,operator,200,0.0,0.0,0.0,0.0
failed-only-recovery-13,18,matched,total,200,0.00033445463318084313,0.00041823450944742914,0.0008634120341892704,0.0009116979125867175
failed-only-recovery-13,19,analytic,estimation,200,-0.00040258386077876395,0.0004370705164009358,0.0008130254664413528,0.0008323839701291913
failed-only-recovery-13,19,analytic,operator,200,-0.002616782399225109,0.013506129995786998,0.0621896890517033,0.063466199702458
failed-only-recovery-13,19,analytic,total,200,-0.003019366260003873,0.013584366851723094,0.06255512851730516,0.06385969277768165
failed-only-recovery-13,19,matched,estimation,200,-0.0003983908321961063,0.0004335018903145448,0.0008129790942693615,0.0008324168394822085
failed-only-recovery-13,19,matched,operator,200,0.0,0.0,0.0,0.0
failed-only-recovery-13,19,matched,total,200,-0.0003983908321961063,0.0004335018903145448,0.0008129790942693615,0.0008324168394822085
failed-only-recovery-13,20,analytic,estimation,200,0.0010026742732938219,0.0013819358208375999,0.0029989822928219168,0.003101195938724044
failed-only-recovery-13,20,analytic,operator,200,-0.003308843975716119,0.05641309551562481,0.1795933436592721,0.2213660203063314
failed-only-recovery-13,20,analytic,total,200,-0.0023061697024222973,0.05672593629384646,0.18196041499331744,0.22202714180231253
failed-only-recovery-13,20,matched,estimation,200,0.0009904283101841117,0.0013219585820093416,0.0025473397170566736,0.0029555275255070956
failed-only-recovery-13,20,matched,operator,200,0.0,0.0,0.0,0.0
failed-only-recovery-13,20,matched,total,200,0.0009904283101841117,0.0013219585820093416,0.0025473397170566736,0.0029555275255070956
failed-only-recovery-13,21,analytic,estimation,200,0.0003432438591309958,0.001029928469129615,0.003126531973377311,0.003334737414199651
failed-only-recovery-13,21,analytic,operator,200,7.465679903731861e-05,0.05208950146007629,0.18641822375104966,0.21194773021136393
failed-only-recovery-13,21,analytic,total,200,0.00041790065816831447,0.0522733829676665,0.18665177153812296,0.21269990832933564
failed-only-recovery-13,21,matched,estimation,200,0.0003433912411083822,0.0010113259433242848,0.002937674978594096,0.003160093981244616
failed-only-recovery-13,21,matched,operator,200,0.0,0.0,0.0,0.0
failed-only-recovery-13,21,matched,total,200,0.0003433912411083822,0.0010113259433242848,0.002937674978594096,0.003160093981244616
failed-only-recovery-13,22,analytic,estimation,200,-0.002887546759972234,0.003077526837424416,0.004756444403780202,0.004963493871123159
failed-only-recovery-13,22,analytic,operator,200,0.0008328845492765447,0.04875452807612329,0.1803488729633167,0.21163595194807522
failed-only-recovery-13,22,analytic,total,200,-0.0020546622106956893,0.048809327247508895,0.18297195398856525,0.2151468803439997
failed-only-recovery-13,22,matched,estimation,200,-0.002893109349079834,0.0030780912590697043,0.004752719467038924,0.004828811761083851
failed-only-recovery-13,22,matched,operator,200,0.0,0.0,0.0,0.0
failed-only-recovery-13,22,matched,total,200,-0.002893109349079834,0.0030780912590697043,0.004752719467038924,0.004828811761083851
failed-only-recovery-13,23,analytic,estimation,200,0.001751943032329759,0.00200260444767062,0.0028855593528687162,0.003005999921330993
failed-only-recovery-13,23,analytic,operator,200,0.003094473754020559,0.03781523543494446,0.14505205282889527,0.2649242738080336
failed-only-recovery-13,23,analytic,total,200,0.004846416786350318,0.037930488998387725,0.14777019694085802,0.2659376562083241
failed-only-recovery-13,23,matched,estimation,200,0.0017352996117218483,0.001989859164684465,0.0029253854362494836,0.0030318039274403463
failed-only-recovery-13,23,matched,operator,200,0.0,0.0,0.0,0.0
failed-only-recovery-13,23,matched,total,200,0.0017352996117218483,0.001989859164684465,0.0029253854362494836,0.0030318039274403463
failed-only-recovery-13,24,analytic,estimation,200,0.0007546842869680394,0.001245166334719084,0.002572826043666765,0.002593829935570058
failed-only-recovery-13,24,analytic,operator,200,-0.00686426106028078,0.05526129364898434,0.20589476144457405,0.22268587350667554
failed-only-recovery-13,24,analytic,total,200,-0.006109576773312741,0.05544979214994371,0.2076238288535534,0.22289854818706492
failed-only-recovery-13,24,matched,estimation,200,0.000778084931651694,0.0012290777973144173,0.002593800507530497,0.0025982580087306473
failed-only-recovery-13,24,matched,operator,200,0.0,0.0,0.0,0.0
failed-only-recovery-13,24,matched,total,200,0.000778084931651694,0.0012290777973144173,0.002593800507530497,0.0025982580087306473
failed-only-recovery-13,25,analytic,estimation,200,-0.001058500914426666,0.0012177227217686649,0.0024444553913614553,0.002500137680878478
failed-only-recovery-13,25,analytic,operator,200,0.0019369865635844872,0.043108095347461024,0.2017857987772373,0.24782671689567382
failed-only-recovery-13,25,analytic,total,200,0.0008784856491578211,0.04318675315487483,0.20122210726547693,0.24795811237225596
failed-only-recovery-13,25,matched,estimation,200,-0.0010658658047887537,0.00121985310864204,0.002172842354740464,0.0026081649595852963
failed-only-recovery-13,25,matched,operator,200,0.0,0.0,0.0,0.0
failed-only-recovery-13,25,matched,total,200,-0.0010658658047887537,0.00121985310864204,0.002172842354740464,0.0026081649595852963
failed-only-recovery-13,26,analytic,estimation,200,-0.00040789748490282287,0.0008183910442363269,0.0018496851330953579,0.0019237465536028342
failed-only-recovery-13,26,analytic,operator,200,0.0049807718756456195,0.059999120586735885,0.27655202240586396,0.3493832953850377
failed-only-recovery-13,26,analytic,total,200,0.004572874390742797,0.060192314159797256,0.27746803439951445,0.35038352592316613
failed-only-recovery-13,26,matched,estimation,200,-0.0004297617713679408,0.0007953176534746513,0.0018628564676506087,0.0019614433959900257
failed-only-recovery-13,26,matched,operator,200,0.0,0.0,0.0,0.0
failed-only-recovery-13,26,matched,total,200,-0.0004297617713679408,0.0007953176534746513,0.0018628564676506087,0.0019614433959900257
failed-only-recovery-13,27,analytic,estimation,200,0.002296281654017142,0.002412506707150157,0.0035707162327740516,0.003716277664172485
failed-only-recovery-13,27,analytic,operator,200,-0.0019171431516125906,0.06231678660785412,0.2375570901594615,0.32506479180531267
failed-only-recovery-13,27,analytic,total,200,0.0003791385024045514,0.062381506212682174,0.24075728381049397,0.32214529144334836
failed-only-recovery-13,27,matched,estimation,200,0.0022861734219268622,0.002397775789432133,0.0035621351857627603,0.0036501603065152155
failed-only-recovery-13,27,matched,operator,200,0.0,0.0,0.0,0.0
failed-only-recovery-13,27,matched,total,200,0.0022861734219268622,0.002397775789432133,0.0035621351857627603,0.0036501603065152155
failed-only-recovery-13,28,analytic,estimation,200,-0.003649297607597968,0.0037688794382871615,0.004693913321028198,0.004720037526817933
failed-only-recovery-13,28,analytic,operator,200,0.0013690663979458884,0.042890643148598404,0.22022245935050266,0.31748738295163004
failed-only-recovery-13,28,analytic,total,200,-0.00228023120965208,0.043079449168891816,0.22281995469627414,0.3214468932071429
failed-only-recovery-13,28,matched,estimation,200,-0.0036561010069145004,0.003770697413561611,0.004675966618254757,0.00468280174576341
failed-only-recovery-13,28,matched,operator,200,0.0,0.0,0.0,0.0
failed-only-recovery-13,28,matched,total,200,-0.0036561010069145004,0.003770697413561611,0.004675966618254757,0.00468280174576341
failed-only-recovery-13,29,analytic,estimation,200,0.001446464461849662,0.0015741342050706322,0.002550409632491646,0.002678649900615726
failed-only-recovery-13,29,analytic,operator,200,-0.0032128247378702722,0.049786546828697736,0.21440827640615284,0.25151503428363625
failed-only-recovery-13,29,analytic,total,200,-0.0017663602760206105,0.049866709077997715,0.21653791496209362,0.25028872329967583
failed-only-recovery-13,29,matched,estimation,200,0.0014501388498798983,0.0015682221865805338,0.0025256727895131004,0.0026806157728521685
failed-only-recovery-13,29,matched,operator,200,0.0,0.0,0.0,0.0
failed-only-recovery-13,29,matched,total,200,0.0014501388498798983,0.0015682221865805338,0.0025256727895131004,0.0026806157728521685
failed-only-recovery-13,30,analytic,estimation,200,0.0013754654279357328,0.001513936380673752,0.00254347622289397,0.0026755054923419674
failed-only-recovery-13,30,analytic,operator,200,0.005017222233852466,0.046536494963177355,0.23816218648571852,0.244330822287617
failed-only-recovery-13,30,analytic,total,200,0.006392687661788199,0.046873078017401704,0.23705143919112198,0.24691611641654648
failed-only-recovery-13,30,matched,estimation,200,0.001356285950017957,0.0014879951852417822,0.0024034465550184514,0.0024395200413226403
failed-only-recovery-13,30,matched,operator,200,0.0,0.0,0.0,0.0
failed-only-recovery-13,30,matched,total,200,0.001356285950017957,0.0014879951852417822,0.0024034465550184514,0.0024395200413226403
failed-only-recovery-13,31,analytic,estimation,200,0.0012407260132790596,0.0015732152039336386,0.003031924658020657,0.003128412916797496
failed-only-recovery-13,31,analytic,operator,200,-0.0009941374591640548,0.05328505023389898,0.17795058137655795,0.24433651584130692
failed-only-recovery-13,31,analytic,total,200,0.00024658855411500475,0.053392888249814724,0.17771177645525027,0.24515227008251994
failed-only-recovery-13,31,matched,estimation,200,0.0012638253001092206,0.0015715254543261883,0.003122132576683978,0.0031844405524743546
failed-only-recovery-13,31,matched,operator,200,0.0,0.0,0.0,0.0
failed-only-recovery-13,31,matched,total,200,0.0012638253001092206,0.0015715254543261883,0.003122132576683978,0.0031844405524743546
failed-only-recovery-13,32,analytic,estimation,200,0.003530343927361601,0.0038127465049178516,0.005753613190120743,0.00587647535312763
failed-only-recovery-13,32,analytic,operator,200,-0.0016618694545160798,0.054084728450513556,0.2051143081233568,0.27283570525728784
failed-only-recovery-13,32,analytic,total,200,0.0018684744728455214,0.05419495524894662,0.20051129760730207,0.27550703509410057
failed-only-recovery-13,32,matched,estimation,200,0.003530081081375192,0.0038186262637623313,0.005846237842603991,0.005914270307348157
failed-only-recovery-13,32,matched,operator,200,0.0,0.0,0.0,0.0
failed-only-recovery-13,32,matched,total,200,0.003530081081375192,0.0038186262637623313,0.005846237842603991,0.005914270307348157
failed-only-recovery-13,33,analytic,estimation,200,-0.003835394165715633,0.004004686128500235,0.006293796209927122,0.006471934270703139
failed-only-recovery-13,33,analytic,operator,200,0.0012437503717093984,0.04377219583168213,0.1717485817943572,0.23560040057712628
failed-only-recovery-13,33,analytic,total,200,-0.0025916437940062343,0.043781704315926276,0.17399051200801907,0.2295598268139356
failed-only-recovery-13,33,matched,estimation,200,-0.0038340008502897815,0.004000872486096939,0.006292904703661145,0.006405412857999178
failed-only-recovery-13,33,matched,operator,200,0.0,0.0,0.0,0.0
failed-only-recovery-13,33,matched,total,200,-0.0038340008502897815,0.004000872486096939,0.006292904703661145,0.006405412857999178
failed-only-recovery-13,34,analytic,estimation,200,0.0025815050182090155,0.0028739519181637833,0.004661031431836493,0.0047236525372582605
failed-only-recovery-13,34,analytic,operator,200,-0.0007080176173343726,0.020318086783185557,0.10239912266312545,0.12836780959897565
failed-only-recovery-13,34,analytic,total,200,0.001873487400874643,0.020432246706965074,0.10557661504517646,0.13080245917611988
failed-only-recovery-13,34,matched,estimation,200,0.0025812009122302866,0.0028658643994422246,0.004653616658500281,0.004723168156642532
failed-only-recovery-13,34,matched,operator,200,0.0,0.0,0.0,0.0
failed-only-recovery-13,34,matched,total,200,0.0025812009122302866,0.0028658643994422246,0.004653616658500281,0.004723168156642532
failed-only-recovery-13,35,analytic,estimation,200,-0.001915453363931022,0.0021236838733096008,0.003912989170472017,0.00401416256573861
failed-only-recovery-13,35,analytic,operator,200,-0.007814982862601101,0.052058531994864966,0.20339267982294712,0.27141922121099693
failed-only-recovery-13,35,analytic,total,200,-0.009730436226532123,0.052613572557401754,0.20654347193381795,0.2746331775123614
failed-only-recovery-13,35,matched,estimation,200,-0.0018600506768316014,0.0020587698024767767,0.0037277034882497867,0.003968113128533707
failed-only-recovery-13,35,matched,operator,200,0.0,0.0,0.0,0.0
failed-only-recovery-13,35,matched,total,200,-0.0018600506768316014,0.0020587698024767767,0.0037277034882497867,0.003968113128533707
failed-only-recovery-13,36,analytic,estimation,200,0.0006385718556796799,0.0010436186344328592,0.0028989819893536772,0.0029951919292054985
failed-only-recovery-13,36,analytic,operator,200,-0.0041134775382526715,0.024947034657272108,0.08495746438053192,0.1897672773834368
failed-only-recovery-13,36,analytic,total,200,-0.003474905682572992,0.024755913389805734,0.08377167913646072,0.19017940844931835
failed-only-recovery-13,36,matched,estimation,200,0.0006044515159346227,0.0010125859648167001,0.002899554961202311,0.002986647963993505
failed-only-recovery-13,36,matched,operator,200,0.0,0.0,0.0,0.0
failed-only-recovery-13,36,matched,total,200,0.0006044515159346227,0.0010125859648167001,0.002899554961202311,0.002986647963993505
failed-only-recovery-13,37,analytic,estimation,200,-8.207922761726019e-05,0.0003554149188414764,0.0010788843645182233,0.0012836450461479326
failed-only-recovery-13,37,analytic,operator,200,-0.0008763945395328281,0.016816713301523234,0.06041627288826812,0.09762455210394638
failed-only-recovery-13,37,analytic,total,200,-0.0009584737671500883,0.01681556271290831,0.06081328762999039,0.09810307641250698
failed-only-recovery-13,37,matched,estimation,200,-8.113599035169846e-05,0.0003469136593408839,0.0011190654193305033,0.0013425421177463842
failed-only-recovery-13,37,matched,operator,200,0.0,0.0,0.0,0.0
failed-only-recovery-13,37,matched,total,200,-8.113599035169846e-05,0.0003469136593408839,0.0011190654193305033,0.0013425421177463842
failed-only-recovery-13,38,analytic,estimation,200,-0.00022910361466128688,0.0004083268639859305,0.001301090821186568,0.0014250882772461893
failed-only-recovery-13,38,analytic,operator,200,-0.0013496868166818926,0.021028526548693225,0.065812704329093,0.24055759111846683
failed-only-recovery-13,38,analytic,total,200,-0.0015787904313431798,0.02105507449119847,0.06540127738815524,0.2413461512004403
failed-only-recovery-13,38,matched,estimation,200,-0.00022384605687431918,0.0004028973680441599,0.0012952379167363581,0.0013853368524752163
failed-only-recovery-13,38,matched,operator,200,0.0,0.0,0.0,0.0
failed-only-recovery-13,38,matched,total,200,-0.00022384605687431918,0.0004028973680441599,0.0012952379167363581,0.0013853368524752163
failed-only-recovery-13,39,analytic,estimation,200,-0.00020712225241443903,0.00026531064770624914,0.0005995578642545851,0.0006132063720527547
failed-only-recovery-13,39,analytic,operator,200,0.0009516764089461952,0.009190470090915658,0.040536334374545985,0.04864221008096095
failed-only-recovery-13,39,analytic,total,200,0.0007445541565317561,0.00918473266191274,0.040194272080656734,0.04867392845475271
failed-only-recovery-13,39,matched,estimation,200,-0.0002103504018811176,0.00026548728410988933,0.0005993625768612176,0.0006130117302558524
failed-only-recovery-13,39,matched,operator,200,0.0,0.0,0.0,0.0
failed-only-recovery-13,39,matched,total,200,-0.0002103504018811176,0.00026548728410988933,0.0005993625768612176,0.0006130117302558524
failed-only-recovery-13,40,analytic,estimation,200,0.00016884929809313348,0.00021507628932753014,0.0005731814705889349,0.0005738693225705305
failed-only-recovery-13,40,analytic,operator,200,0.00014536483912698083,0.008214547752136453,0.04521847432083869,0.0713476287460253
failed-only-recovery-13,40,analytic,total,200,0.00031421413722011434,0.008223769075154114,0.04500626672889436,0.07163637316536584
failed-only-recovery-13,40,matched,estimation,200,0.00016759634618313576,0.0002125982944009157,0.0005731500863733752,0.0005873035543280114
failed-only-recovery-13,40,matched,operator,200,0.0,0.0,0.0,0.0
failed-only-recovery-13,40,matched,total,200,0.00016759634618313576,0.0002125982944009157,0.0005731500863733752,0.0005873035543280114
failed-only-recovery-13,41,analytic,estimation,200,0.00030414724704611566,0.0013641518940555463,0.003302372855128688,0.0034168355899433234
failed-only-recovery-13,41,analytic,operator,200,0.003752555628152921,0.05173806362625335,0.18290157260365744,0.2523315993015669
failed-only-recovery-13,41,analytic,total,200,0.004056702875199036,0.05183187311594592,0.18380687001601378,0.2518625782769277
failed-only-recovery-13,41,matched,estimation,200,0.0002820233837854439,0.0013384541352796163,0.00330023969679627,0.0034166235758827934
failed-only-recovery-13,41,matched,operator,200,0.0,0.0,0.0,0.0
failed-only-recovery-13,41,matched,total,200,0.0002820233837854439,0.0013384541352796163,0.00330023969679627,0.0034166235758827934
failed-only-recovery-13,42,analytic,estimation,200,0.0006705699416925953,0.0012473063669327835,0.002715013413707501,0.0028592954821660133
failed-only-recovery-13,42,analytic,operator,200,0.002737704513438361,0.07570444454983727,0.2508942611089311,0.3097262025309949
failed-only-recovery-13,42,analytic,total,200,0.003408274455130956,0.07592142690747795,0.25155729487594547,0.31061602632365326
failed-only-recovery-13,42,matched,estimation,200,0.000651796362272364,0.0012007785156387442,0.0025761133622955457,0.002860799472415243
failed-only-recovery-13,42,matched,operator,200,0.0,0.0,0.0,0.0
failed-only-recovery-13,42,matched,total,200,0.000651796362272364,0.0012007785156387442,0.0025761133622955457,0.002860799472415243
failed-only-recovery-13,43,analytic,estimation,200,-0.0017719259946421906,0.002243327231120058,0.004596061658065642,0.004619602225913344
failed-only-recovery-13,43,analytic,operator,200,-0.0023907887702107468,0.04658781522720324,0.18908160516796452,0.24704862169916875
failed-only-recovery-13,43,analytic,total,200,-0.004162714764852938,0.046831925218753935,0.19142202949697712,0.24750748499525965
failed-only-recovery-13,43,matched,estimation,200,-0.0017650960406948094,0.002230064123164426,0.0045960994233659735,0.0046190323593693905
failed-only-recovery-13,43,matched,operator,200,0.0,0.0,0.0,0.0
failed-only-recovery-13,43,matched,total,200,-0.0017650960406948094,0.002230064123164426,0.0045960994233659735,0.0046190323593693905
failed-only-recovery-13,44,analytic,estimation,200,-0.0006210080901222165,0.0012344581890077991,0.004761984861775037,0.00487060625196456
failed-only-recovery-13,44,analytic,operator,200,0.0028993964562542885,0.04577066558587841,0.15435807181066336,0.18058825816408547
failed-only-recovery-13,44,analytic,total,200,0.002278388366132072,0.04590737858669138,0.15922867806262792,0.1853502430258605
failed-only-recovery-13,44,matched,estimation,200,-0.0006190830930714647,0.001202868182558567,0.0046420093696709075,0.004903704766062056
failed-only-recovery-13,44,matched,operator,200,0.0,0.0,0.0,0.0
failed-only-recovery-13,44,matched,total,200,-0.0006190830930714647,0.001202868182558567,0.0046420093696709075,0.004903704766062056
failed-only-recovery-13,45,analytic,estimation,200,-7.157919421847874e-05,0.0007579804104656752,0.0017379537419389968,0.0019750088961987267
failed-only-recovery-13,45,analytic,operator,200,-0.004568573343897636,0.05705733280374616,0.21532615186563855,0.2842587667742223
failed-only-recovery-13,45,analytic,total,200,-0.004640152538116115,0.05722583782626271,0.21519201597659907,0.2847282382536385
failed-only-recovery-13,45,matched,estimation,200,-6.426896988574203e-05,0.0007406781730694146,0.0016858762102987535,0.00178350015334644
failed-only-recovery-13,45,matched,operator,200,0.0,0.0,0.0,0.0
failed-only-recovery-13,45,matched,total,200,-6.426896988574203e-05,0.0007406781730694146,0.0016858762102987535,0.00178350015334644
failed-only-recovery-13,46,analytic,estimation,200,-0.0023716868075570195,0.002450094108497709,0.004024741093209827,0.004352246626432521
failed-only-recovery-13,46,analytic,operator,200,0.0015214423866931508,0.027126828981569123,0.13848119702267203,0.18677898687208772
failed-only-recovery-13,46,analytic,total,200,-0.000850244420863869,0.02713769516570789,0.14073828083506007,0.18516261127505024
failed-only-recovery-13,46,matched,estimation,200,-0.0023679975993083687,0.0024440725415302775,0.0038994626763105,0.0041804749872946245
failed-only-recovery-13,46,matched,operator,200,0.0,0.0,0.0,0.0
failed-only-recovery-13,46,matched,total,200,-0.0023679975993083687,0.0024440725415302775,0.0038994626763105,0.0041804749872946245
failed-only-recovery-13,47,analytic,estimation,200,0.0006074904801426124,0.0008383378585195509,0.0023873979870998596,0.002423440459818793
failed-only-recovery-13,47,analytic,operator,200,0.0007109175228794582,0.04325021594942511,0.2185899969183644,0.2809220150136617
failed-only-recovery-13,47,analytic,total,200,0.0013184080030220705,0.04332452349587139,0.2195587387860572,0.2822984477890869
failed-only-recovery-13,47,matched,estimation,200,0.0006111006048694827,0.000839489445669664,0.002384115870908421,0.0025572701172216217
failed-only-recovery-13,47,matched,operator,200,0.0,0.0,0.0,0.0
failed-only-recovery-13,47,matched,total,200,0.0006111006048694827,0.000839489445669664,0.002384115870908421,0.0025572701172216217
failed-only-recovery-13,48,analytic,estimation,200,0.0007959387535270357,0.0009298988558627814,0.0018600667931446546,0.0018818058083378553
failed-only-recovery-13,48,analytic,operator,200,-0.0031934713359301706,0.03216962010125844,0.1731214539644393,0.19365338182051633
failed-only-recovery-13,48,analytic,total,200,-0.0023975325824031352,0.032170584128750415,0.1731214539644393,0.19479537202311137
failed-only-recovery-13,48,matched,estimation,200,0.0008040025581328228,0.0009320002175176494,0.0018563967345879284,0.0018812139991929433
failed-only-recovery-13,48,matched,operator,200,0.0,0.0,0.0,0.0
failed-only-recovery-13,48,matched,total,200,0.0008040025581328228,0.0009320002175176494,0.0018563967345879284,0.0018812139991929433
failed-only-recovery-13,49,analytic,estimation,200,0.0015806307041319123,0.0019179380180362885,0.003563732948798637,0.0036513388954483306
failed-only-recovery-13,49,analytic,operator,200,7.183575672132699e-05,0.054908855465449255,0.18680662609022175,0.19461915241847366
failed-only-recovery-13,49,analytic,total,200,0.001652466460853239,0.05489505154248665,0.18726252235578672,0.19505181968073254
failed-only-recovery-13,49,matched,estimation,200,0.0015806077480047245,0.0019205887666652493,0.0035595381313217045,0.003565240416226856
failed-only-recovery-13,49,matched,operator,200,0.0,0.0,0.0,0.0
failed-only-recovery-13,49,matched,total,200,0.0015806077480047245,0.0019205887666652493,0.0035595381313217045,0.003565240416226856
failed-only-recovery-13,50,analytic,estimation,200,-0.0013381710406365746,0.0014982788827176794,0.0026455586729151603,0.0027024316109030416
failed-only-recovery-13,50,analytic,operator,200,-0.0015935478179512847,0.057627951532299354,0.17887624340031577,0.32281228594816513
failed-only-recovery-13,50,analytic,total,200,-0.002931718858587859,0.05769402162022066,0.18037266893197446,0.324300061998586
failed-only-recovery-13,50,matched,estimation,200,-0.0013365656814377678,0.0014987596126346528,0.002490882328212485,0.0026912857676091306
failed-only-recovery-13,50,matched,operator,200,0.0,0.0,0.0,0.0
failed-only-recovery-13,50,matched,total,200,-0.0013365656814377678,0.0014987596126346528,0.002490882328212485,0.0026912857676091306
failed-only-recovery-13,51,analytic,estimation,200,-0.00040082034528747036,0.0008200529189820041,0.0023415937181282542,0.0037491176756818123
failed-only-recovery-13,51,analytic,operator,200,0.0023452242629926315,0.05000060434917729,0.1999095438924947,0.2494679664871189
failed-only-recovery-13,51,analytic,total,200,0.0019444039177051611,0.050045795577357576,0.20002857230705734,0.24870636214704578
failed-only-recovery-13,51,matched,estimation,200,-0.00039831349738087723,0.0008200605311499001,0.002534496824496607,0.0028244539501944277
failed-only-recovery-13,51,matched,operator,200,0.0,0.0,0.0,0.0
failed-only-recovery-13,51,matched,total,200,-0.00039831349738087723,0.0008200605311499001,0.002534496824496607,0.0028244539501944277
failed-only-recovery-13,52,analytic,estimation,200,0.000652590579532987,0.001153825732623071,0.0045370678062799374,0.004750260955440178
failed-only-recovery-13,52,analytic,operator,200,-0.003466722777662798,0.03518895216121654,0.1270889512582827,0.18852272889903146
failed-only-recovery-13,52,analytic,total,200,-0.0028141321981298107,0.03525026732091924,0.12680743768756159,0.1888690702357509
failed-only-recovery-13,52,matched,estimation,200,0.0006663693818355147,0.0011670508679687186,0.004698208881457333,0.004919914843296569
failed-only-recovery-13,52,matched,operator,200,0.0,0.0,0.0,0.0
failed-only-recovery-13,52,matched,total,200,0.0006663693818355147,0.0011670508679687186,0.004698208881457333,0.004919914843296569
failed-only-recovery-13,53,analytic,estimation,200,0.0001748336259381738,0.0017646585340756137,0.00773524891101629,0.008137565140508896
failed-only-recovery-13,53,analytic,operator,200,-0.010358311604646482,0.07373375667197234,0.26520140892068994,0.3044555180625509
failed-only-recovery-13,53,analytic,total,200,-0.010183477978708309,0.07372840730561575,0.2650916681343286,0.30442449341406097
failed-only-recovery-13,53,matched,estimation,200,0.00019380041627578977,0.0017679680606985239,0.007724008554533146,0.008138092797333352
failed-only-recovery-13,53,matched,operator,200,0.0,0.0,0.0,0.0
failed-only-recovery-13,53,matched,total,200,0.00019380041627578977,0.0017679680606985239,0.007724008554533146,0.008138092797333352
failed-only-recovery-13,54,analytic,estimation,200,0.00039738806750639277,0.0008197420406191541,0.002211638427429663,0.002366301282093919
failed-only-recovery-13,54,analytic,operator,200,-0.002980386508109022,0.05500930915371019,0.22396757247072757,0.30965813517456536
failed-only-recovery-13,54,analytic,total,200,-0.002582998440602629,0.05510331412831942,0.2239606963312869,0.3114922705811786
failed-only-recovery-13,54,matched,estimation,200,0.00040779733957765636,0.0008204356732551069,0.002176441575389265,0.0024893104117550413
failed-only-recovery-13,54,matched,operator,200,0.0,0.0,0.0,0.0
failed-only-recovery-13,54,matched,total,200,0.00040779733957765636,0.0008204356732551069,0.002176441575389265,0.0024893104117550413
failed-only-recovery-13,55,analytic,estimation,200,-0.0024036130287493516,0.002467168197877425,0.004108208898368604,0.004351921504022971
failed-only-recovery-13,55,analytic,operator,200,-0.0033005965328359345,0.022033045380635045,0.06042153725636612,0.19593093239300396
failed-only-recovery-13,55,analytic,total,200,-0.005704209561585286,0.022526187711943584,0.06196704094070904,0.20028285389702694
failed-only-recovery-13,55,matched,estimation,200,-0.0023909361879848293,0.002454660375571427,0.0037664684903978563,0.004416734084806917
failed-only-recovery-13,55,matched,operator,200,0.0,0.0,0.0,0.0
failed-only-recovery-13,55,matched,total,200,-0.0023909361879848293,0.002454660375571427,0.0037664684903978563,0.004416734084806917
failed-only-recovery-13,56,analytic,estimation,200,0.0015853900198167805,0.0016828500087031858,0.002660740942582951,0.0027230170066122605
failed-only-recovery-13,56,analytic,operator,200,0.0036692156488857186,0.03149085305245837,0.14391968482457734,0.23372889685995846
failed-only-recovery-13,56,analytic,total,200,0.005254605668702499,0.031718891931909514,0.14547628512440844,0.23563336462750356
failed-only-recovery-13,56,matched,estimation,200,0.0015737162141432413,0.0016745094601474852,0.0026600814333874734,0.002723154179455345
failed-only-recovery-13,56,matched,operator,200,0.0,0.0,0.0,0.0
failed-only-recovery-13,56,matched,total,200,0.0015737162141432413,0.0016745094601474852,0.0026600814333874734,0.002723154179455345
failed-only-recovery-13,57,analytic,estimation,200,0.0008356453257532704,0.001070893096548746,0.0022378855604812675,0.0023710771284278787
failed-only-recovery-13,57,analytic,operator,200,0.0036668473479538975,0.03396628636676274,0.16369156227041182,0.18992560342290057
failed-only-recovery-13,57,analytic,total,200,0.004502492673707168,0.03421540524658182,0.16581517733243056,0.19204722121099913
failed-only-recovery-13,57,matched,estimation,200,0.0008177990823851201,0.0010469933621993375,0.0021644300888193357,0.0023665180221977833
failed-only-recovery-13,57,matched,operator,200,0.0,0.0,0.0,0.0
failed-only-recovery-13,57,matched,total,200,0.0008177990823851201,0.0010469933621993375,0.0021644300888193357,0.0023665180221977833
failed-only-recovery-13,58,analytic,estimation,200,0.0013212683908591606,0.0019478376999945855,0.004500614570143835,0.004549712820310914
failed-only-recovery-13,58,analytic,operator,200,-0.0027911279156639457,0.06089648027287295,0.19423539289463287,0.3483527896978236
failed-only-recovery-13,58,analytic,total,200,-0.001469859524804785,0.061280845627754654,0.1981898476566677,0.34907350043507535
failed-only-recovery-13,58,matched,estimation,200,0.0013418064445403551,0.0018867206208280345,0.004266049594477295,0.004675208175328627
failed-only-recovery-13,58,matched,operator,200,0.0,0.0,0.0,0.0
failed-only-recovery-13,58,matched,total,200,0.0013418064445403551,0.0018867206208280345,0.004266049594477295,0.004675208175328627
failed-only-recovery-13,59,analytic,estimation,200,0.0003430218886939469,0.001313633355317897,0.0027221534060047903,0.0028895479849723044
failed-only-recovery-13,59,analytic,operator,200,-0.007488343045208343,0.056687899814453616,0.21726226579610516,0.28866547957335664
failed-only-recovery-13,59,analytic,total,200,-0.007145321156514396,0.0567522932197265,0.21734407759531835,0.28923381740591914
failed-only-recovery-13,59,matched,estimation,200,0.00037378541137587874,0.0013269475815647098,0.0027874879888656195,0.002891457489927439
failed-only-recovery-13,59,matched,operator,200,0.0,0.0,0.0,0.0
failed-only-recovery-13,59,matched,total,200,0.00037378541137587874,0.0013269475815647098,0.0027874879888656195,0.002891457489927439
failed-only-recovery-13,60,analytic,estimation,200,-0.0055091462896078415,0.00573933193983465,0.009477790278463072,0.009610436545020029
failed-only-recovery-13,60,analytic,operator,200,-0.0012246175419389754,0.04239460499219053,0.18640784987061992,0.20617293535707631
failed-only-recovery-13,60,analytic,total,200,-0.006733763831546816,0.04284130345001582,0.1835443834047421,0.21049556472115888
failed-only-recovery-13,60,matched,estimation,200,-0.005497564248562367,0.005729173869730195,0.009320890817607896,0.00961603385264076
failed-only-recovery-13,60,matched,operator,200,0.0,0.0,0.0,0.0
failed-only-recovery-13,60,matched,total,200,-0.005497564248562367,0.005729173869730195,0.009320890817607896,0.00961603385264076
failed-only-recovery-13,61,analytic,estimation,200,0.0025593276294295754,0.0029484233247332623,0.00539995767151602,0.005664170625263365
failed-only-recovery-13,61,analytic,operator,200,0.0008043199466524161,0.03367758810628925,0.14175468157158158,0.1755519874657134
failed-only-recovery-13,61,analytic,total,200,0.0033636475760819916,0.034138093700669885,0.13995870504270994,0.17981864614884527
failed-only-recovery-13,61,matched,estimation,200,0.0025564262900545664,0.002929535484461906,0.005247843808208308,0.005878794053627012
failed-only-recovery-13,61,matched,operator,200,0.0,0.0,0.0,0.0
failed-only-recovery-13,61,matched,total,200,0.0025564262900545664,0.002929535484461906,0.005247843808208308,0.005878794053627012
failed-only-recovery-13,62,analytic,estimation,200,0.0013860949269939222,0.001980662008669561,0.004240158943434658,0.00425420424837597
failed-only-recovery-13,62,analytic,operator,200,-0.0037581700393067964,0.05038107430513459,0.1722378250530197,0.19972626422471915
failed-only-recovery-13,62,analytic,total,200,-0.0023720751123128742,0.050669497396850414,0.1738936465284565,0.20218268100081618
failed-only-recovery-13,62,matched,estimation,200,0.0013942680885598194,0.0019338184968967608,0.0042372052411489,0.004468907622325713
failed-only-recovery-13,62,matched,operator,200,0.0,0.0,0.0,0.0
failed-only-recovery-13,62,matched,total,200,0.0013942680885598194,0.0019338184968967608,0.0042372052411489,0.004468907622325713
failed-only-recovery-13,63,analytic,estimation,200,0.00011114781595330809,0.00043571403824850676,0.0010658008809557862,0.0014961591191525736
failed-only-recovery-13,63,analytic,operator,200,-0.0004906985018901396,0.021089644263080222,0.07187830007569324,0.19575768235483337
failed-only-recovery-13,63,analytic,total,200,-0.0003795506859368315,0.021153093988713435,0.07216792467872747,0.19638442316575566
failed-only-recovery-13,63,matched,estimation,200,0.00011504810673014183,0.00042813805675558667,0.001169311617296942,0.0014451606127584005
failed-only-recovery-13,63,matched,operator,200,0.0,0.0,0.0,0.0
failed-only-recovery-13,63,matched,total,200,0.00011504810673014183,0.00042813805675558667,0.001169311617296942,0.0014451606127584005
failed-only-recovery-13,64,analytic,estimation,200,-0.0002695696415375995,0.0003166341974931126,0.0005630128735849282,0.0006195557587751477
failed-only-recovery-13,64,analytic,operator,200,0.0008573358526045661,0.01826703004234429,0.0686846231000103,0.09492943768291887
failed-only-recovery-13,64,analytic,total,200,0.0005877662110669666,0.01823977784210583,0.06876073302145569,0.09436869898265975
failed-only-recovery-13,64,matched,estimation,200,-0.00026680283643094486,0.0003081581254949016,0.0005814166360498807,0.0005970865418206683
failed-only-recovery-13,64,matched,operator,200,0.0,0.0,0.0,0.0
failed-only-recovery-13,64,matched,total,200,-0.00026680283643094486,0.0003081581254949016,0.0005814166360498807,0.0005970865418206683
failed-only-recovery-13,65,analytic,estimation,200,0.0006548142165218966,0.0007046654301843129,0.0009731228907295941,0.0009821513042957974
failed-only-recovery-13,65,analytic,operator,200,0.0012019390266043576,0.012854003963438955,0.04710187067454611,0.07873703461166315
failed-only-recovery-13,65,analytic,total,200,0.001856753243126254,0.01287398368497541,0.04710187067454611,0.07872588150675375
failed-only-recovery-13,65,matched,estimation,200,0.000656398709744633,0.0007044483981326718,0.0009730914572910754,0.0009820246013514389
failed-only-recovery-13,65,matched,operator,200,0.0,0.0,0.0,0.0
failed-only-recovery-13,65,matched,total,200,0.000656398709744633,0.0007044483981326718,0.0009730914572910754,0.0009820246013514389
failed-only-recovery-13,66,analytic,estimation,200,-0.0002142530952693641,0.0002743241145438476,0.000460367104774026,0.00046605106237886107
failed-only-recovery-13,66,analytic,operator,200,-0.0003273496515895314,0.008832229142787546,0.03735628888777551,0.05134650133823768
failed-only-recovery-13,66,analytic,total,200,-0.0005416027468588954,0.008804722056694298,0.03743679946140919,0.05145770610817232
failed-only-recovery-13,66,matched,estimation,200,-0.00021614017248109362,0.00027252650228812986,0.000471620797167234,0.000493965552934017
failed-only-recovery-13,66,matched,operator,200,0.0,0.0,0.0,0.0
failed-only-recovery-13,66,matched,total,200,-0.00021614017248109362,0.00027252650228812986,0.000471620797167234,0.000493965552934017
failed-only-recovery-13,67,analytic,estimation,200,0.004849394530264342,0.005210685415024463,0.008043086437689029,0.008178984817345691
failed-only-recovery-13,67,analytic,operator,200,0.006538994322968992,0.053241554781070136,0.18732534409738777,0.2207047150675914
failed-only-recovery-13,67,analytic,total,200,0.011388388853233334,0.05416950203654612,0.19316822916636356,0.2244024798258799
failed-only-recovery-13,67,matched,estimation,200,0.004845555547411483,0.00520638354127876,0.007907694378363583,0.008118756002873262
failed-only-recovery-13,67,matched,operator,200,0.0,0.0,0.0,0.0
failed-only-recovery-13,67,matched,total,200,0.004845555547411483,0.00520638354127876,0.007907694378363583,0.008118756002873262
failed-only-recovery-13,68,analytic,estimation,200,-0.0030073069636171344,0.003379786226640142,0.00671420333820727,0.007250874649640249
failed-only-recovery-13,68,analytic,operator,200,0.0037605690622248937,0.05598099209030501,0.21614449862167148,0.22628902250937488
failed-only-recovery-13,68,analytic,total,200,0.000753262098607759,0.056156315343191425,0.21355666006796323,0.22500995000669222
failed-only-recovery-13,68,matched,estimation,200,-0.0030130105338289958,0.0033670081480756363,0.006414856352517262,0.006813141858900917
failed-only-recovery-13,68,matched,operator,200,0.0,0.0,0.0,0.0
failed-only-recovery-13,68,matched,total,200,-0.0030130105338289958,0.0033670081480756363,0.006414856352517262,0.006813141858900917
failed-only-recovery-13,69,analytic,estimation,200,-0.003209223173868357,0.004016493806126019,0.007009866743372228,0.007539995272232591
failed-only-recovery-13,69,analytic,operator,200,-0.00034726965368750016,0.04274991128877518,0.1427797655769636,0.1665796725201839
failed-only-recovery-13,69,analytic,total,200,-0.0035564928275558572,0.04311389097873866,0.1410465512025486,0.165194060816242
failed-only-recovery-13,69,matched,estimation,200,-0.0032389635086475686,0.0040295229862280955,0.007136220714340613,0.007558406297522691
failed-only-recovery-13,69,matched,operator,200,0.0,0.0,0.0,0.0
failed-only-recovery-13,69,matched,total,200,-0.0032389635086475686,0.0040295229862280955,0.007136220714340613,0.007558406297522691
failed-only-recovery-13,70,analytic,estimation,200,0.0005782250544882336,0.001024373173715887,0.002589820430206613,0.0032883469994509085
failed-only-recovery-13,70,analytic,operator,200,0.0017928901452360952,0.05047927159874339,0.19703513860342386,0.23361532523453127
failed-only-recovery-13,70,analytic,total,200,0.0023711151997243287,0.05058254774098629,0.1976323110193821,0.23468544441304678
failed-only-recovery-13,70,matched,estimation,200,0.0005600835978203912,0.0010040692971754774,0.002662816711017202,0.0032870109607254783
failed-only-recovery-13,70,matched,operator,200,0.0,0.0,0.0,0.0
failed-only-recovery-13,70,matched,total,200,0.0005600835978203912,0.0010040692971754774,0.002662816711017202,0.0032870109607254783
failed-only-recovery-13,71,analytic,estimation,200,0.0011119473040548363,0.001648139990746831,0.003687298334408118,0.0038672548439470378
failed-only-recovery-13,71,analytic,operator,200,0.002114505836699832,0.041776006307672565,0.14573127221181326,0.1986876150362551
failed-only-recovery-13,71,analytic,total,200,0.003226453140754668,0.0420055753905799,0.1462053387998781,0.19872283267567636
failed-only-recovery-13,71,matched,estimation,200,0.0011382101410073564,0.001649638865992672,0.0034331120494211637,0.004144612051429963
failed-only-recovery-13,71,matched,operator,200,0.0,0.0,0.0,0.0
failed-only-recovery-13,71,matched,total,200,0.0011382101410073564,0.001649638865992672,0.0034331120494211637,0.004144612051429963
failed-only-recovery-13,72,analytic,estimation,200,-0.0006450564106153467,0.0009875878550380834,0.003189609938202817,0.0035411103433255625
failed-only-recovery-13,72,analytic,operator,200,-0.0009423099452529238,0.014709197899119378,0.07095023930807051,0.11297956965384831
failed-only-recovery-13,72,analytic,total,200,-0.0015873663558682704,0.01497088959418085,0.07449134965139609,0.11349570145392446
failed-only-recovery-13,72,matched,estimation,200,-0.0006382553273308339,0.0009641263338775877,0.003064692880181949,0.003532926086156782
failed-only-recovery-13,72,matched,operator,200,0.0,0.0,0.0,0.0
failed-only-recovery-13,72,matched,total,200,-0.0006382553273308339,0.0009641263338775877,0.003064692880181949,0.003532926086156782
failed-only-recovery-13,73,analytic,estimation,200,-0.0007965912484021133,0.00178885197060183,0.006665571415713112,0.006760765674335367
failed-only-recovery-13,73,analytic,operator,200,0.005283816143529454,0.05530805479421744,0.1948863133067651,0.28264557520227485
failed-only-recovery-13,73,analytic,total,200,0.004487224895127341,0.05540800467031623,0.1954720311754098,0.2819579108508343
failed-only-recovery-13,73,matched,estimation,200,-0.000826587541420931,0.0017886453084912362,0.006420342312220884,0.006837536185756665
failed-only-recovery-13,73,matched,operator,200,0.0,0.0,0.0,0.0
failed-only-recovery-13,73,matched,total,200,-0.000826587541420931,0.0017886453084912362,0.006420342312220884,0.006837536185756665
failed-only-recovery-13,74,analytic,estimation,200,0.0014214635848238746,0.0017195593023934055,0.003423263885892869,0.0034437530018778806
failed-only-recovery-13,74,analytic,operator,200,-0.0011039071347161771,0.05903148607979478,0.19714395342665275,0.282584691278835
failed-only-recovery-13,74,analytic,total,200,0.00031755645010769773,0.05912605808657672,0.19834237416874365,0.28502733743840275
failed-only-recovery-13,74,matched,estimation,200,0.0014232869669889155,0.0017164550293682422,0.0034438532431494417,0.003471968511633783
failed-only-recovery-13,74,matched,operator,200,0.0,0.0,0.0,0.0
failed-only-recovery-13,74,matched,total,200,0.0014232869669889155,0.0017164550293682422,0.0034438532431494417,0.003471968511633783
failed-only-recovery-13,75,analytic,estimation,200,-0.0031713869669340046,0.0033820691772682276,0.006088167744992989,0.006778921061806387
failed-only-recovery-13,75,analytic,operator,200,-0.0018088804719443687,0.045249289149182206,0.19687373248654977,0.23159008658749353
failed-only-recovery-13,75,analytic,total,200,-0.004980267438878373,0.0455255787642017,0.19306848567977342,0.23402885448243022
failed-only-recovery-13,75,matched,estimation,200,-0.003162745796457191,0.003377920389643916,0.006121612696708523,0.006848950983934732
failed-only-recovery-13,75,matched,operator,200,0.0,0.0,0.0,0.0
failed-only-recovery-13,75,matched,total,200,-0.003162745796457191,0.003377920389643916,0.006121612696708523,0.006848950983934732
failed-only-recovery-13,76,analytic,estimation,200,0.0010311918868888721,0.0013618890371328524,0.0031813696549582993,0.003319034037795987
failed-only-recovery-13,76,analytic,operator,200,4.225008295192507e-06,0.038395984402188055,0.15687386828382693,0.20284568123009095
failed-only-recovery-13,76,analytic,total,200,0.0010354168951840646,0.03845264162336759,0.1591186706174222,0.20155817482208604
failed-only-recovery-13,76,matched,estimation,200,0.0010350556621919014,0.0013633105176566495,0.0032013114406908016,0.0033350454094773774
failed-only-recovery-13,76,matched,operator,200,0.0,0.0,0.0,0.0
failed-only-recovery-13,76,matched,total,200,0.0010350556621919014,0.0013633105176566495,0.0032013114406908016,0.0033350454094773774
failed-only-recovery-13,77,analytic,estimation,200,-0.001038149691557131,0.0014047373878359418,0.0027785173363395477,0.0028100550699293736
failed-only-recovery-13,77,analytic,operator,200,-0.0025125707422447977,0.06520371081322777,0.23384454483282452,0.3368108238623277
failed-only-recovery-13,77,analytic,total,200,-0.0035507204338019287,0.0655048253810811,0.2361793174529519,0.33913446340707093
failed-only-recovery-13,77,matched,estimation,200,-0.0010406682505875932,0.001392148718900178,0.0027432501691273536,0.002797851796367823
failed-only-recovery-13,77,matched,operator,200,0.0,0.0,0.0,0.0
failed-only-recovery-13,77,matched,total,200,-0.0010406682505875932,0.001392148718900178,0.0027432501691273536,0.002797851796367823
failed-only-recovery-13,78,analytic,estimation,200,3.5877721726221974e-06,0.0005418582303176648,0.0015931621198381762,0.0016928869247397893
failed-only-recovery-13,78,analytic,operator,200,-0.0006346748355975487,0.035491315178189556,0.12766905613851,0.23561994995351065
failed-only-recovery-13,78,analytic,total,200,-0.0006310870634249266,0.035518332762339816,0.1267211321607242,0.23519840373592227
failed-only-recovery-13,78,matched,estimation,200,6.513833309594214e-06,0.0005295685276456685,0.001599478266638199,0.0017968307919336013
failed-only-recovery-13,78,matched,operator,200,0.0,0.0,0.0,0.0
failed-only-recovery-13,78,matched,total,200,6.513833309594214e-06,0.0005295685276456685,0.001599478266638199,0.0017968307919336013
failed-only-recovery-13,79,analytic,estimation,200,0.00014105444919872297,0.0006176222889739552,0.0018412755116381518,0.0018449430092390973
failed-only-recovery-13,79,analytic,operator,200,-0.0029634192661335016,0.02808677389396817,0.13724425120392866,0.17566384724255774
failed-only-recovery-13,79,analytic,total,200,-0.002822364816934779,0.028113177612158043,0.13647193827401727,0.1763380049775094
failed-only-recovery-13,79,matched,estimation,200,0.00013235753535002518,0.0006083931349663838,0.001899564727707359,0.001961668380461523
failed-only-recovery-13,79,matched,operator,200,0.0,0.0,0.0,0.0
failed-only-recovery-13,79,matched,total,200,0.00013235753535002518,0.0006083931349663838,0.001899564727707359,0.001961668380461523
failed-only-recovery-13,80,analytic,estimation,200,0.0016549666953385956,0.002129414995219605,0.00397598072364258,0.004105984693731912
failed-only-recovery-13,80,analytic,operator,200,-0.0009394435801462075,0.04930178262031549,0.19296609417333388,0.21482581319042682
failed-only-recovery-13,80,analytic,total,200,0.0007155231151923881,0.049435643664678675,0.1968302105665526,0.21397043581996655
failed-only-recovery-13,80,matched,estimation,200,0.0016394306254167382,0.002109478884999288,0.0040504233082993,0.004230980787141458
failed-only-recovery-13,80,matched,operator,200,0.0,0.0,0.0,0.0
failed-only-recovery-13,80,matched,total,200,0.0016394306254167382,0.002109478884999288,0.0040504233082993,0.004230980787141458
failed-only-recovery-13,81,analytic,estimation,200,0.0008945630223352792,0.0016779502659262035,0.004705488912396527,0.005544420930989613
failed-only-recovery-13,81,analytic,operator,200,-0.004215146211943759,0.05205919533259471,0.16970095100400343,0.1907848907843666
failed-only-recovery-13,81,analytic,total,200,-0.0033205831896084797,0.05210184788972892,0.17126895368201303,0.18896906618274345
failed-only-recovery-13,81,matched,estimation,200,0.0009172898761110358,0.0016813236701846538,0.004723294798314237,0.005463527875934293
failed-only-recovery-13,81,matched,operator,200,0.0,0.0,0.0,0.0
failed-only-recovery-13,81,matched,total,200,0.0009172898761110358,0.0016813236701846538,0.004723294798314237,0.005463527875934293
failed-only-recovery-13,82,analytic,estimation,200,-0.00020262822996724452,0.0009332349627421457,0.002306873402682763,0.0026783092834226085
failed-only-recovery-13,82,analytic,operator,200,0.003575907626058212,0.05279573936403645,0.17309304603304454,0.20709277699551154
failed-only-recovery-13,82,analytic,total,200,0.003373279396090967,0.05296876442679383,0.17495736166172626,0.2069479734543973
failed-only-recovery-13,82,matched,estimation,200,-0.00021434976759001896,0.0009029082697997735,0.002302074881041838,0.002428039502765156
failed-only-recovery-13,82,matched,operator,200,0.0,0.0,0.0,0.0
failed-only-recovery-13,82,matched,total,200,-0.00021434976759001896,0.0009029082697997735,0.002302074881041838,0.002428039502765156
failed-only-recovery-13,83,analytic,estimation,200,0.0006392937458937282,0.0010262137926581435,0.002913263310101444,0.002916857713772314
failed-only-recovery-13,83,analytic,operator,200,-0.0019165834848297483,0.03565349032830455,0.139384912168794,0.1809722779468128
failed-only-recovery-13,83,analytic,total,200,-0.0012772897389360203,0.03561181284696546,0.1422766294126912,0.1809393176721823
failed-only-recovery-13,83,matched,estimation,200,0.0006411060942238539,0.0010057187622122092,0.0028053972679214154,0.0028222972344141284
failed-only-recovery-13,83,matched,operator,200,0.0,0.0,0.0,0.0
failed-only-recovery-13,83,matched,total,200,0.0006411060942238539,0.0010057187622122092,0.0028053972679214154,0.0028222972344141284
failed-only-recovery-13,84,analytic,estimation,200,-0.0004346831740837933,0.0006691082990439807,0.0017771119437574312,0.001809385725583576
failed-only-recovery-13,84,analytic,operator,200,0.0008295573558259109,0.0474673778122086,0.16417863759585552,0.21209908256247534
failed-only-recovery-13,84,analytic,total,200,0.0003948741817421173,0.04756998500795922,0.16409672740929915,0.2130596306000011
failed-only-recovery-13,84,matched,estimation,200,-0.00042637824638628647,0.0006506309082284101,0.00176203870570317,0.001894091626816502
failed-only-recovery-13,84,matched,operator,200,0.0,0.0,0.0,0.0
failed-only-recovery-13,84,matched,total,200,-0.00042637824638628647,0.0006506309082284101,0.00176203870570317,0.001894091626816502
failed-only-recovery-13,85,analytic,estimation,200,0.0008064764880470978,0.0011439908886783402,0.0021482495734070906,0.0022364193795116893
failed-only-recovery-13,85,analytic,operator,200,0.0005203987760336487,0.02646766157193932,0.10545721060089625,0.1710471379603137
failed-only-recovery-13,85,analytic,total,200,0.0013268752640807466,0.02662155743391191,0.10523568417656576,0.17306629077653277
failed-only-recovery-13,85,matched,estimation,200,0.0008068768696386131,0.0011346002363449637,0.002148442991416255,0.0022418006585629424
failed-only-recovery-13,85,matched,operator,200,0.0,0.0,0.0,0.0
failed-only-recovery-13,85,matched,total,200,0.0008068768696386131,0.0011346002363449637,0.002148442991416255,0.0022418006585629424
failed-only-recovery-13,86,analytic,estimation,200,-0.0007487634990914732,0.001107335446465555,0.0019381251755022366,0.001980645412410331
failed-only-recovery-13,86,analytic,operator,200,-0.0008090435011608098,0.027642776589378717,0.10355541005497765,0.1555520541291898
failed-only-recovery-13,86,analytic,total,200,-0.0015578070002522828,0.02777842094511098,0.10533524386342905,0.15599750547650426
failed-only-recovery-13,86,matched,estimation,200,-0.0007494722954470314,0.0010957237627608604,0.0019356893189632074,0.0020238401526519734
failed-only-recovery-13,86,matched,operator,200,0.0,0.0,0.0,0.0
failed-only-recovery-13,86,matched,total,200,-0.0007494722954470314,0.0010957237627608604,0.0019356893189632074,0.0020238401526519734
failed-only-recovery-13,87,analytic,estimation,200,-0.0004727414189502635,0.0009304652468936328,0.0021838056381815463,0.0022635412558011936
failed-only-recovery-13,87,analytic,operator,200,-0.004513509480172138,0.02483905214893116,0.096219579355598,0.16213427209847991
failed-only-recovery-13,87,analytic,total,200,-0.004986250899122402,0.024984801397500377,0.09825742980222807,0.1624379027487307
failed-only-recovery-13,87,matched,estimation,200,-0.0004686676882592794,0.0009065503803488914,0.0022009795691997347,0.00234201345960372
failed-only-recovery-13,87,matched,operator,200,0.0,0.0,0.0,0.0
failed-only-recovery-13,87,matched,total,200,-0.0004686676882592794,0.0009065503803488914,0.0022009795691997347,0.00234201345960372
failed-only-recovery-13,88,analytic,estimation,200,0.0013712730735016923,0.0014708079977132967,0.0024064581254746586,0.0024905871403501645
failed-only-recovery-13,88,analytic,operator,200,0.0044819128686227954,0.03266570879697274,0.12684747388287165,0.1792087924183417
failed-only-recovery-13,88,analytic,total,200,0.005853185942124488,0.032990926000199476,0.12810886689045436,0.18131047540499434
failed-only-recovery-13,88,matched,estimation,200,0.001360823344022019,0.0014571369163831618,0.0023418947381866617,0.0023693139435500554
failed-only-recovery-13,88,matched,operator,200,0.0,0.0,0.0,0.0
failed-only-recovery-13,88,matched,total,200,0.001360823344022019,0.0014571369163831618,0.0023418947381866617,0.0023693139435500554
failed-only-recovery-13,89,analytic,estimation,200,0.0007638368124996299,0.0009851162330422937,0.001990498251367434,0.0020806618385169617
failed-only-recovery-13,89,analytic,operator,200,0.00024157468457946475,0.026782930449864024,0.11755590653313785,0.15016924029821094
failed-only-recovery-13,89,analytic,total,200,0.0010054114970790946,0.026848582259793276,0.11640302819468074,0.15036738102240005
failed-only-recovery-13,89,matched,estimation,200,0.0007658190173572315,0.0009797670651779376,0.0019808743246501614,0.0019938942869243137
failed-only-recovery-13,89,matched,operator,200,0.0,0.0,0.0,0.0
failed-only-recovery-13,89,matched,total,200,0.0007658190173572315,0.0009797670651779376,0.0019808743246501614,0.0019938942869243137
failed-only-recovery-13,90,analytic,estimation,200,-0.0022817194913791316,0.002454346074539399,0.006347532231086417,0.0072345791102670365
failed-only-recovery-13,90,analytic,operator,200,-0.0005076640609459388,0.017658695791967518,0.06419323259940501,0.1072735881903738
failed-only-recovery-13,90,analytic,total,200,-0.0027893835523250705,0.017926542700975122,0.06124315822292736,0.10988369426992597
failed-only-recovery-13,90,matched,estimation,200,-0.002270368654006345,0.0024428787107479274,0.006342266806233843,0.007085769394637564
failed-only-recovery-13,90,matched,operator,200,0.0,0.0,0.0,0.0
failed-only-recovery-13,90,matched,total,200,-0.002270368654006345,0.0024428787107479274,0.006342266806233843,0.007085769394637564
failed-only-recovery-13,91,analytic,estimation,200,0.0005910521187384637,0.0007396323782008544,0.0015241917264234572,0.0016280727204557865
failed-only-recovery-13,91,analytic,operator,200,0.0003522387371465444,0.02154886541047435,0.09371432106006258,0.10081095052681452
failed-only-recovery-13,91,analytic,total,200,0.0009432908558850081,0.021653147222105883,0.09445843214799324,0.10196630311452073
failed-only-recovery-13,91,matched,estimation,200,0.0005926368488965681,0.0007356788626467311,0.0015348674017218178,0.00166020701766878
failed-only-recovery-13,91,matched,operator,200,0.0,0.0,0.0,0.0
failed-only-recovery-13,91,matched,total,200,0.0005926368488965681,0.0007356788626467311,0.0015348674017218178,0.00166020701766878
failed-only-recovery-13,92,analytic,estimation,200,0.00020563997055338189,0.0012845025426105007,0.002754449439516471,0.00288359184937792
failed-only-recovery-13,92,analytic,operator,200,0.0018786229892725783,0.06594372271663915,0.21051854693015698,0.334574391228646
failed-only-recovery-13,92,analytic,total,200,0.00208426295982596,0.06624695149295588,0.21339838524770555,0.3364744501647747
failed-only-recovery-13,92,matched,estimation,200,0.0001962100823730257,0.0012326930184602457,0.0025080677970674703,0.0026853113701270637
failed-only-recovery-13,92,matched,operator,200,0.0,0.0,0.0,0.0
failed-only-recovery-13,92,matched,total,200,0.0001962100823730257,0.0012326930184602457,0.0025080677970674703,0.0026853113701270637
failed-only-recovery-13,93,analytic,estimation,200,0.002060621929748299,0.002453873163688687,0.0049410212779987805,0.005076577626984102
failed-only-recovery-13,93,analytic,operator,200,0.008737235133701391,0.06214733193837705,0.19711212397223188,0.22404529595507397
failed-only-recovery-13,93,analytic,total,200,0.01079785706344969,0.0626344079050742,0.1991282450916364,0.22078972946807454
failed-only-recovery-13,93,matched,estimation,200,0.0020555835611006084,0.0024438424863161942,0.004941135058168733,0.005075165240269852
failed-only-recovery-13,93,matched,operator,200,0.0,0.0,0.0,0.0
failed-only-recovery-13,93,matched,total,200,0.0020555835611006084,0.0024438424863161942,0.004941135058168733,0.005075165240269852
failed-only-recovery-13,94,analytic,estimation,200,-0.0022582331273112736,0.002422734319835641,0.003967059528060979,0.004039640382031862
failed-only-recovery-13,94,analytic,operator,200,-0.005789424106617278,0.045114546208218746,0.16848344505442275,0.19861417124369524
failed-only-recovery-13,94,analytic,total,200,-0.008047657233928552,0.04547015543311821,0.16526713636428464,0.1990213156212522
failed-only-recovery-13,94,matched,estimation,200,-0.0022498679063517016,0.0024159416557998858,0.003957565025199727,0.004039225222633391
failed-only-recovery-13,94,matched,operator,200,0.0,0.0,0.0,0.0
failed-only-recovery-13,94,matched,total,200,-0.0022498679063517016,0.0024159416557998858,0.003957565025199727,0.004039225222633391
failed-only-recovery-13,95,analytic,estimation,200,0.0008946178481889115,0.0011476177899716533,0.0023959382337066515,0.002964131505930695
failed-only-recovery-13,95,analytic,operator,200,-0.0005134980363428021,0.047102568958767445,0.1828701071762806,0.22594884985770508
failed-only-recovery-13,95,analytic,total,200,0.00038111981184610946,0.047156318102271874,0.1823643822465033,0.2246239164874484
failed-only-recovery-13,95,matched,estimation,200,0.0008941243315123307,0.0011375728880922277,0.002395134681487665,0.002964224207161581
failed-only-recovery-13,95,matched,operator,200,0.0,0.0,0.0,0.0
failed-only-recovery-13,95,matched,total,200,0.0008941243315123307,0.0011375728880922277,0.002395134681487665,0.002964224207161581
failed-only-recovery-13,96,analytic,estimation,200,-0.0007659275459899914,0.0010136398773943672,0.0020418264046760115,0.0020658608184300903
failed-only-recovery-13,96,analytic,operator,200,-0.005704560910788169,0.04134103733417557,0.1520449550152998,0.23605591435536064
failed-only-recovery-13,96,analytic,total,200,-0.0064704884567781595,0.041560355501598874,0.1520449550152998,0.2375177250806369
failed-only-recovery-13,96,matched,estimation,200,-0.000732633022916046,0.0009816210981319184,0.0020567684190153784,0.0020672193730681965
failed-only-recovery-13,96,matched,operator,200,0.0,0.0,0.0,0.0
failed-only-recovery-13,96,matched,total,200,-0.000732633022916046,0.0009816210981319184,0.0020567684190153784,0.0020672193730681965
failed-only-recovery-13,97,analytic,estimation,200,0.000772731088546816,0.0010742687497929092,0.001957732454202832,0.0021289477553030345
failed-only-recovery-13,97,analytic,operator,200,0.0018838735148767175,0.027036443215452767,0.10689361228403352,0.1488397884691135
failed-only-recovery-13,97,analytic,total,200,0.0026566046034235337,0.027092306728268914,0.10800029018638915,0.1487441200720339
failed-only-recovery-13,97,matched,estimation,200,0.0007688647256685528,0.0010777430031666665,0.001964211355215628,0.0022089989674534127
failed-only-recovery-13,97,matched,operator,200,0.0,0.0,0.0,0.0
failed-only-recovery-13,97,matched,total,200,0.0007688647256685528,0.0010777430031666665,0.001964211355215628,0.0022089989674534127
failed-only-recovery-13,98,analytic,estimation,200,-0.0004304668998946416,0.0007006940105763834,0.0018866609085335106,0.002048066215472044
failed-only-recovery-13,98,analytic,operator,200,0.00111039945819884,0.019509315541701575,0.09946113973189263,0.13638589736882228
failed-only-recovery-13,98,analytic,total,200,0.0006799325583041983,0.01956269228831298,0.09936009603431906,0.13776560958888756
failed-only-recovery-13,98,matched,estimation,200,-0.00043331202308551363,0.0006998644693731386,0.0018867246597155107,0.0021272729632575427
failed-only-recovery-13,98,matched,operator,200,0.0,0.0,0.0,0.0
failed-only-recovery-13,98,matched,total,200,-0.00043331202308551363,0.0006998644693731386,0.0018867246597155107,0.0021272729632575427
failed-only-recovery-13,99,analytic,estimation,200,-0.0002671071914873721,0.0005153151992228555,0.0012123940121316346,0.0012616256429200667
failed-only-recovery-13,99,analytic,operator,200,-0.0014477523205894014,0.023156577216626093,0.09363976172301558,0.12793252492381818
failed-only-recovery-13,99,analytic,total,200,-0.0017148595120767738,0.02326282827843223,0.0940848954302344,0.12855498417956526
failed-only-recovery-13,99,matched,estimation,200,-0.000271506130409634,0.0005169191430598226,0.0012801114971306982,0.0013300906548521785
failed-only-recovery-13,99,matched,operator,200,0.0,0.0,0.0,0.0
failed-only-recovery-13,99,matched,total,200,-0.000271506130409634,0.0005169191430598226,0.0012801114971306982,0.0013300906548521785
failed-only-recovery-13,100,analytic,estimation,200,-2.0652239386606543e-06,0.0004263949466212475,0.0011480351315459325,0.0012447227790121085
failed-only-recovery-13,100,analytic,operator,200,-0.002928015565256493,0.016595448113108736,0.06353820057008121,0.08127406019338772
failed-only-recovery-13,100,analytic,total,200,-0.002930080789195154,0.016633097559686442,0.0636436211275779,0.08153381931628224
failed-only-recovery-13,100,matched,estimation,200,1.8484533345506517e-05,0.0004204877825325154,0.0010582256705922166,0.0012068207574273404
failed-only-recovery-13,100,matched,operator,200,0.0,0.0,0.0,0.0
failed-only-recovery-13,100,matched,total,200,1.8484533345506517e-05,0.0004204877825325154,0.0010582256705922166,0.0012068207574273404
failed-only-recovery-13,101,analytic,estimation,200,-0.0004010203428034188,0.0005605641708706637,0.0012367701588094082,0.0013194661907974525
failed-only-recovery-13,101,analytic,operator,200,-0.0008988948584345706,0.01651753990595597,0.06251876703106699,0.07905383573946428
failed-only-recovery-13,101,analytic,total,200,-0.0012999152012379894,0.016484621643597312,0.06300056525553419,0.07901104730072211
failed-only-recovery-13,101,matched,estimation,200,-0.00039652619626195885,0.000552965364887932,0.001261174199325532,0.0013309025921010575
failed-only-recovery-13,101,matched,operator,200,0.0,0.0,0.0,0.0
failed-only-recovery-13,101,matched,total,200,-0.00039652619626195885,0.000552965364887932,0.001261174199325532,0.0013309025921010575
failed-only-recovery-13,102,analytic,estimation,200,-0.0006047776745425715,0.0008080464579761916,0.0018260751512156892,0.0021062011837875705
failed-only-recovery-13,102,analytic,operator,200,-0.0021086717615996357,0.01867957097711973,0.07762486848495011,0.08915320786762893
failed-only-recovery-13,102,analytic,total,200,-0.002713449436142207,0.018730075752069242,0.07812643615413853,0.0876390876255495
failed-only-recovery-13,102,matched,estimation,200,-0.0005955400449967847,0.0007900823697826422,0.0017170612179264744,0.001960067371788776
failed-only-recovery-13,102,matched,operator,200,0.0,0.0,0.0,0.0
failed-only-recovery-13,102,matched,total,200,-0.0005955400449967847,0.0007900823697826422,0.0017170612179264744,0.001960067371788776
failed-only-recovery-13,103,analytic,estimation,200,0.0011052383594485386,0.0011871758428757698,0.0017752471388586266,0.0019982381100456803
failed-only-recovery-13,103,analytic,operator,200,-0.0016012197903272447,0.015203905742828224,0.055409158662210425,0.07044312331770955
failed-only-recovery-13,103,analytic,total,200,-0.0004959814308787059,0.015170951378401878,0.0543985912792984,0.06944191151845196
failed-only-recovery-13,103,matched,estimation,200,0.0011037832741486876,0.001183723629691607,0.0017765409693683617,0.0018654652430615953
failed-only-recovery-13,103,matched,operator,200,0.0,0.0,0.0,0.0
failed-only-recovery-13,103,matched,total,200,0.0011037832741486876,0.001183723629691607,0.0017765409693683617,0.0018654652430615953
failed-only-recovery-13,104,analytic,estimation,200,0.0014263643076098099,0.0015249640189238763,0.00297082388548775,0.0030020941218003028
failed-only-recovery-13,104,analytic,operator,200,0.00012453197339162375,0.01317629216539582,0.051584420858776014,0.09204472622856019
failed-only-recovery-13,104,analytic,total,200,0.0015508962810014337,0.013237115036860534,0.05366571442108847,0.09022916477149812
failed-only-recovery-13,104,matched,estimation,200,0.0014284606101110766,0.001525904537120481,0.0030182796152217195,0.003047070703856347
failed-only-recovery-13,104,matched,operator,200,0.0,0.0,0.0,0.0
failed-only-recovery-13,104,matched,total,200,0.0014284606101110766,0.001525904537120481,0.0030182796152217195,0.003047070703856347
failed-only-recovery-13,105,analytic,estimation,200,-0.0017279774465314374,0.0018117936586506923,0.0024435983143797357,0.0024617839876911463
failed-only-recovery-13,105,analytic,operator,200,0.0011692545835332616,0.014909730041853888,0.05622013117169375,0.08080834710112092
failed-only-recovery-13,105,analytic,total,200,-0.0005587228629981757,0.014865074921906755,0.05534982681334044,0.07862005218541579
failed-only-recovery-13,105,matched,estimation,200,-0.0017281593441550742,0.0018110686357131834,0.002404961446903775,0.0024575329676516933
failed-only-recovery-13,105,matched,operator,200,0.0,0.0,0.0,0.0
failed-only-recovery-13,105,matched,total,200,-0.0017281593441550742,0.0018110686357131834,0.002404961446903775,0.0024575329676516933
failed-only-recovery-13,106,analytic,estimation,200,0.001932983411690732,0.002379428491754916,0.004638680857169675,0.004938685592336123
failed-only-recovery-13,106,analytic,operator,200,-0.003800304302417965,0.0716619814967329,0.2808312303641689,0.36390425798069037
failed-only-recovery-13,106,analytic,total,200,-0.0018673208907272335,0.07179464955329712,0.2806782861084275,0.36372714234314085
failed-only-recovery-13,106,matched,estimation,200,0.0019270633855362066,0.002366672581956941,0.004615269578100545,0.004907717788533633
failed-only-recovery-13,106,matched,operator,200,0.0,0.0,0.0,0.0
failed-only-recovery-13,106,matched,total,200,0.0019270633855362066,0.002366672581956941,0.004615269578100545,0.004907717788533633
failed-only-recovery-13,107,analytic,estimation,200,0.00022925486226117592,0.0009716817735681507,0.0026369363872884577,0.0028006509422739967
failed-only-recovery-13,107,analytic,operator,200,-0.006008350419259246,0.0631289155711387,0.21811248526653162,0.26073298233665343
failed-only-recovery-13,107,analytic,total,200,-0.005779095556998071,0.06327597149548196,0.21804511763435316,0.2610613349769382
failed-only-recovery-13,107,matched,estimation,200,0.00022449708826878222,0.0009615954546982555,0.0026367337757959852,0.0027994575516854248
failed-only-recovery-13,107,matched,operator,200,0.0,0.0,0.0,0.0
failed-only-recovery-13,107,matched,total,200,0.00022449708826878222,0.0009615954546982555,0.0026367337757959852,0.0027994575516854248
failed-only-recovery-13,108,analytic,estimation,200,-0.0003090176103778512,0.0010108158993495178,0.0017787289783093296,0.0019086328671007458
failed-only-recovery-13,108,analytic,operator,200,-0.005418711720591774,0.04383206856501496,0.15603152167810086,0.20439481344699537
failed-only-recovery-13,108,analytic,total,200,-0.005727729330969627,0.043906805266913894,0.15762065804456898,0.20461195458642414
failed-only-recovery-13,108,matched,estimation,200,-0.0003032966748385253,0.00101817592448926,0.0018070070794720117,0.002100121313469483
failed-only-recovery-13,108,matched,operator,200,0.0,0.0,0.0,0.0
failed-only-recovery-13,108,matched,total,200,-0.0003032966748385253,0.00101817592448926,0.0018070070794720117,0.002100121313469483
failed-only-recovery-13,109,analytic,estimation,200,0.00037750101190457295,0.000975109506255391,0.0020903992241914082,0.002763674083511969
failed-only-recovery-13,109,analytic,operator,200,-0.0020957926620754457,0.04034836432257116,0.1294898348131306,0.18999208801005377
failed-only-recovery-13,109,analytic,total,200,-0.001718291650170873,0.040471098461301896,0.12913896308839723,0.190264763929452
failed-only-recovery-13,109,matched,estimation,200,0.0003814513979907873,0.0009713740139553915,0.0022440163301049587,0.0027860557442673795
failed-only-recovery-13,109,matched,operator,200,0.0,0.0,0.0,0.0
failed-only-recovery-13,109,matched,total,200,0.0003814513979907873,0.0009713740139553915,0.0022440163301049587,0.0027860557442673795
failed-only-recovery-13,110,analytic,estimation,200,-0.00036892649226390574,0.0010093426923716512,0.0038835552347880054,0.004104414279160196
failed-only-recovery-13,110,analytic,operator,200,0.001036355302322718,0.06452549306703775,0.20952047126372542,0.2322738887273434
failed-only-recovery-13,110,analytic,total,200,0.0006674288100588122,0.06472133082862509,0.20943255213177608,0.2320982604941873
failed-only-recovery-13,110,matched,estimation,200,-0.00035510642377203206,0.0009752308368000087,0.0037275472242490615,0.004269257737432586
failed-only-recovery-13,110,matched,operator,200,0.0,0.0,0.0,0.0
failed-only-recovery-13,110,matched,total,200,-0.00035510642377203206,0.0009752308368000087,0.0037275472242490615,0.004269257737432586
failed-only-recovery-13,111,analytic,estimation,200,0.0008685118292802972,0.0011308277651102187,0.002347268794418711,0.002390865399565345
failed-only-recovery-13,111,analytic,operator,200,0.0011495406674104994,0.0341213092412575,0.17273666305279056,0.23694234860422614
failed-only-recovery-13,111,analytic,total,200,0.0020180524966907968,0.03426528621577919,0.17379263522114619,0.23701326094920483
failed-only-recovery-13,111,matched,estimation,200,0.0008673148781627691,0.0011272637663935475,0.0023469836606745953,0.0023901059511503703
failed-only-recovery-13,111,matched,operator,200,0.0,0.0,0.0,0.0
failed-only-recovery-13,111,matched,total,200,0.0008673148781627691,0.0011272637663935475,0.0023469836606745953,0.0023901059511503703
failed-only-recovery-13,112,analytic,estimation,200,0.000275897594429996,0.0005553915067036936,0.002368131587186406,0.0027595543972953607
failed-only-recovery-13,112,analytic,operator,200,0.0009314260981470742,0.0319954145356774,0.17043799209280755,0.23359075232012189
failed-only-recovery-13,112,analytic,total,200,0.00120732369257707,0.03201876505282262,0.1703307965661405,0.23344354838523879
failed-only-recovery-13,112,matched,estimation,200,0.0002811405304948257,0.0005570361805003237,0.002394037472638999,0.0025911768554460757
failed-only-recovery-13,112,matched,operator,200,0.0,0.0,0.0,0.0
failed-only-recovery-13,112,matched,total,200,0.0002811405304948257,0.0005570361805003237,0.002394037472638999,0.0025911768554460757
failed-only-recovery-13,113,analytic,estimation,200,-0.0005626839620463497,0.0007167317583371473,0.0015096491746455776,0.0015412671071501904
failed-only-recovery-13,113,analytic,operator,200,0.0016711699808730578,0.02930072425534203,0.1133868826642242,0.21963755555884432
failed-only-recovery-13,113,analytic,total,200,0.0011084860188267083,0.029312623867805674,0.11321769922718461,0.21985716083188653
failed-only-recovery-13,113,matched,estimation,200,-0.0005639128177990322,0.0007152579719473993,0.0015085935832015451,0.0015411424959919096
failed-only-recovery-13,113,matched,operator,200,0.0,0.0,0.0,0.0
failed-only-recovery-13,113,matched,total,200,-0.0005639128177990322,0.0007152579719473993,0.0015085935832015451,0.0015411424959919096
failed-only-recovery-13,114,analytic,estimation,200,0.0005997717625396236,0.0010568050772159557,0.002916590721636858,0.003012067623696879
failed-only-recovery-13,114,analytic,operator,200,-0.008101069023312854,0.05345058018357496,0.16127810839236026,0.173371171661318
failed-only-recovery-13,114,analytic,total,200,-0.00750129726077323,0.05337815487740607,0.1599252169028404,0.1745567728106946
failed-only-recovery-13,114,matched,estimation,200,0.0006147445269068587,0.001064095286698604,0.0029177887161835336,0.0030607704234948407
failed-only-recovery-13,114,matched,operator,200,0.0,0.0,0.0,0.0
failed-only-recovery-13,114,matched,total,200,0.0006147445269068587,0.001064095286698604,0.0029177887161835336,0.0030607704234948407
failed-only-recovery-13,115,analytic,estimation,200,0.00025812296385962976,0.0006830143922772008,0.0016432772950536467,0.0020159120111242768
failed-only-recovery-13,115,analytic,operator,200,-0.000226766532757307,0.053914158925272064,0.18271672997061417,0.25224306884954256
failed-only-recovery-13,115,analytic,total,200,3.13564311023227e-05,0.05400787644973807,0.18305542275625697,0.25328983065382515
failed-only-recovery-13,115,matched,estimation,200,0.0002612669825968683,0.0006615713374556046,0.001563450490441598,0.002012795886566998
failed-only-recovery-13,115,matched,operator,200,0.0,0.0,0.0,0.0
failed-only-recovery-13,115,matched,total,200,0.0002612669825968683,0.0006615713374556046,0.001563450490441598,0.002012795886566998
failed-only-recovery-13,116,analytic,estimation,200,-0.0009413610122415198,0.0011901044365680625,0.0033870777772834204,0.0036677886715431596
failed-only-recovery-13,116,analytic,operator,200,-0.0043318426398668555,0.04810455150758675,0.20191517705724038,0.2369250746740031
failed-only-recovery-13,116,analytic,total,200,-0.005273203652108375,0.04824890016396782,0.20056745614549887,0.24029147245997745
failed-only-recovery-13,116,matched,estimation,200,-0.0009309244567798218,0.0011764986803197517,0.003361146279745153,0.0036202855578649773
failed-only-recovery-13,116,matched,operator,200,0.0,0.0,0.0,0.0
failed-only-recovery-13,116,matched,total,200,-0.0009309244567798218,0.0011764986803197517,0.003361146279745153,0.0036202855578649773
failed-only-recovery-13,117,analytic,estimation,200,0.0007774277549212248,0.0014645040505161743,0.002798233756322599,0.003130838876503894
failed-only-recovery-13,117,analytic,operator,200,0.0003680748567034304,0.03042395106251848,0.11773049558048976,0.13276981739839958
failed-only-recovery-13,117,analytic,total,200,0.0011455026116246553,0.030579332987250515,0.1182939906630579,0.13325431491489748
failed-only-recovery-13,117,matched,estimation,200,0.0007812022926568855,0.0014599258669780969,0.0027973198381130437,0.0031282533876786367
failed-only-recovery-13,117,matched,operator,200,0.0,0.0,0.0,0.0
failed-only-recovery-13,117,matched,total,200,0.0007812022926568855,0.0014599258669780969,0.0027973198381130437,0.0031282533876786367
failed-only-recovery-13,118,analytic,estimation,200,0.0008824440325480421,0.0012476564791620032,0.0028792895156761755,0.003138084616584935
failed-only-recovery-13,118,analytic,operator,200,0.0012183219550235644,0.05425107035864602,0.17683167048649628,0.2612586660167685
failed-only-recovery-13,118,analytic,total,200,0.0021007659875716066,0.054378537563488975,0.17786860003377347,0.2606835200591117
failed-only-recovery-13,118,matched,estimation,200,0.0008690490575366669,0.0012397508875505482,0.002749432213894565,0.003171350989970456
failed-only-recovery-13,118,matched,operator,200,0.0,0.0,0.0,0.0
failed-only-recovery-13,118,matched,total,200,0.0008690490575366669,0.0012397508875505482,0.002749432213894565,0.003171350989970456
failed-only-recovery-13,119,analytic,estimation,200,-0.00019845275757432673,0.0006227598148628274,0.0011524276944198664,0.0011782058312307386
failed-only-recovery-13,119,analytic,operator,200,0.0026095662690281164,0.057838325638993826,0.22761326442762053,0.2641703221493108
failed-only-recovery-13,119,analytic,total,200,0.0024111135114537894,0.057954907794397895,0.22836893750725712,0.26447291037208176
failed-only-recovery-13,119,matched,estimation,200,-0.00021013021365966987,0.0006079529974634404,0.0011484799393340905,0.0011529901278043986
failed-only-recovery-13,119,matched,operator,200,0.0,0.0,0.0,0.0
failed-only-recovery-13,119,matched,total,200,-0.00021013021365966987,0.0006079529974634404,0.0011484799393340905,0.0011529901278043986
failed-only-recovery-13,120,analytic,estimation,200,-0.0014766094770741643,0.0016336043201804569,0.0033880315752397028,0.003920850327074454
failed-only-recovery-13,120,analytic,operator,200,2.12762223945976e-05,0.02703599939686227,0.15050807705360258,0.17207767656355366
failed-only-recovery-13,120,analytic,total,200,-0.0014553332546795666,0.027067941274389395,0.1519644620551367,0.1694224223872991
failed-only-recovery-13,120,matched,estimation,200,-0.0014808848647643313,0.0016362619629593511,0.003362825992433871,0.0038261039888809467
failed-only-recovery-13,120,matched,operator,200,0.0,0.0,0.0,0.0
failed-only-recovery-13,120,matched,total,200,-0.0014808848647643313,0.0016362619629593511,0.003362825992433871,0.0038261039888809467
failed-only-recovery-13,121,analytic,estimation,200,0.0012070790527676182,0.001323193735378625,0.0020419791112518126,0.0020840352753332403
failed-only-recovery-13,121,analytic,operator,200,-0.0048343395916859225,0.03839397503109783,0.23560308443950306,0.30490764289510885
failed-only-recovery-13,121,analytic,total,200,-0.0036272605389183043,0.03825009093318765,0.23471833977800283,0.3033912417175048
failed-only-recovery-13,121,matched,estimation,200,0.0012113329652435978,0.0013264041105051877,0.002058090663010992,0.0023062667890318966
failed-only-recovery-13,121,matched,operator,200,0.0,0.0,0.0,0.0
failed-only-recovery-13,121,matched,total,200,0.0012113329652435978,0.0013264041105051877,0.002058090663010992,0.0023062667890318966
failed-only-recovery-13,122,analytic,estimation,200,0.0007871278185810493,0.0009787529019224279,0.002034099834822334,0.002077172415093087
failed-only-recovery-13,122,analytic,operator,200,0.0008617882714272211,0.022382862425064813,0.10758419573012928,0.11458243930723555
failed-only-recovery-13,122,analytic,total,200,0.0016489160900082706,0.022473142675331247,0.10760854558282221,0.11663163015180017
failed-only-recovery-13,122,matched,estimation,200,0.0007944899394102999,0.000983730876076419,0.002038736228447635,0.0020456698492413716
failed-only-recovery-13,122,matched,operator,200,0.0,0.0,0.0,0.0
failed-only-recovery-13,122,matched,total,200,0.0007944899394102999,0.000983730876076419,0.002038736228447635,0.0020456698492413716
failed-only-recovery-13,123,analytic,estimation,200,-0.00032860258177277703,0.001111065818750391,0.004901115791962063,0.0053642257690418305
failed-only-recovery-13,123,analytic,operator,200,-0.0015594936219163972,0.04378197075594939,0.1604189115477619,0.18226726785848216
failed-only-recovery-13,123,analytic,total,200,-0.0018880962036891744,0.043678134113383685,0.16037485627353631,0.18266119120829288
failed-only-recovery-13,123,matched,estimation,200,-0.0003212996852804606,0.0011184848993245357,0.00498326846857422,0.005382001109260237
failed-only-recovery-13,123,matched,operator,200,0.0,0.0,0.0,0.0
failed-only-recovery-13,123,matched,total,200,-0.0003212996852804606,0.0011184848993245357,0.00498326846857422,0.005382001109260237
failed-only-recovery-13,124,analytic,estimation,200,-0.00033763065561917267,0.0006417936043942245,0.0017623235875690035,0.0020409931873639486
failed-only-recovery-13,124,analytic,operator,200,0.0059163859236917495,0.06628154013359264,0.24652858083297927,0.4083807883393547
failed-only-recovery-13,124,analytic,total,200,0.005578755268072576,0.06632154200799063,0.24609857293768905,0.40770270001958153
failed-only-recovery-13,124,matched,estimation,200,-0.0003423092533867873,0.0006338233030032471,0.0017676627105305265,0.0020218753796585887
failed-only-recovery-13,124,matched,operator,200,0.0,0.0,0.0,0.0
failed-only-recovery-13,124,matched,total,200,-0.0003423092533867873,0.0006338233030032471,0.0017676627105305265,0.0020218753796585887
failed-only-recovery-13,125,analytic,estimation,200,0.001485182869392998,0.0022191930012404647,0.005333721165377975,0.005372767542014406
failed-only-recovery-13,125,analytic,operator,200,0.0012554405428712061,0.05202126601965666,0.21511593706448173,0.2674767339759906
failed-only-recovery-13,125,analytic,total,200,0.0027406234122642043,0.05238782648907176,0.21395221548922638,0.272245147043502
failed-only-recovery-13,125,matched,estimation,200,0.0014801799219781565,0.0021991654994594975,0.0053361884671286955,0.005372659968440441
failed-only-recovery-13,125,matched,operator,200,0.0,0.0,0.0,0.0
failed-only-recovery-13,125,matched,total,200,0.0014801799219781565,0.0021991654994594975,0.0053361884671286955,0.005372659968440441
failed-only-recovery-13,126,analytic,estimation,200,-0.0007224104809933358,0.0011573748081368138,0.0020842164005165364,0.0023183616484887537
failed-only-recovery-13,126,analytic,operator,200,-0.0005677798237362152,0.04459571611308569,0.19004635239511186,0.25876084271717503
failed-only-recovery-13,126,analytic,total,200,-0.0012901903047295514,0.04491051518900751,0.19109749690616218,0.2586974486980971
failed-only-recovery-13,126,matched,estimation,200,-0.0007278917478486078,0.0011370741121895585,0.002217445433379428,0.0023677762952907244
failed-only-recovery-13,126,matched,operator,200,0.0,0.0,0.0,0.0
failed-only-recovery-13,126,matched,total,200,-0.0007278917478486078,0.0011370741121895585,0.002217445433379428,0.0023677762952907244
failed-only-recovery-13,127,analytic,estimation,200,4.010995132866158e-05,0.0006066340464394279,0.002528448994300714,0.002782696042687327
failed-only-recovery-13,127,analytic,operator,200,0.002956072706021885,0.05442348147376566,0.19614575331625866,0.37175981630647154
failed-only-recovery-13,127,analytic,total,200,0.0029961826573505464,0.05437619935036206,0.19586228323647542,0.3723743941192993
failed-only-recovery-13,127,matched,estimation,200,4.765748512599431e-05,0.0006026608665345217,0.002533358411307862,0.0027806276353818937
failed-only-recovery-13,127,matched,operator,200,0.0,0.0,0.0,0.0
failed-only-recovery-13,127,matched,total,200,4.765748512599431e-05,0.0006026608665345217,0.002533358411307862,0.0027806276353818937
failed-only-recovery-13,128,analytic,estimation,200,-0.00046395539827501914,0.0006316808285924023,0.0010012020317424764,0.0010219487527648452
failed-only-recovery-13,128,analytic,operator,200,0.0011835691986378726,0.011381545790314527,0.03936764473966772,0.1212408787830388
failed-only-recovery-13,128,analytic,total,200,0.0007196138003628536,0.01134071181581084,0.03868002861307682,0.12034999856922787
failed-only-recovery-13,128,matched,estimation,200,-0.00046507288179867593,0.0006316384693294205,0.001011781540410095,0.001057094594347996
failed-only-recovery-13,128,matched,operator,200,0.0,0.0,0.0,0.0
failed-only-recovery-13,128,matched,total,200,-0.00046507288179867593,0.0006316384693294205,0.001011781540410095,0.001057094594347996
failed-only-recovery-13,129,analytic,estimation,200,-0.00029375468441206404,0.0011507116817744735,0.003931711556293127,0.004101942963816274
failed-only-recovery-13,129,analytic,operator,200,-0.002388941474215008,0.06055321959490822,0.2475231141247152,0.3108034743586289
failed-only-recovery-13,129,analytic,total,200,-0.002682696158627072,0.06070963409541521,0.2484668288030048,0.31130254286972747
failed-only-recovery-13,129,matched,estimation,200,-0.00029461030024307785,0.0011445494184259754,0.0038383994787554165,0.004100543662733713
failed-only-recovery-13,129,matched,operator,200,0.0,0.0,0.0,0.0
failed-only-recovery-13,129,matched,total,200,-0.00029461030024307785,0.0011445494184259754,0.0038383994787554165,0.004100543662733713
failed-only-recovery-13,130,analytic,estimation,200,0.0019528075331313296,0.0025947267546242037,0.006745827375302049,0.006867195472710863
failed-only-recovery-13,130,analytic,operator,200,0.00175226645782209,0.0496263313142328,0.1714589796738124,0.20155625708664904
failed-only-recovery-13,130,analytic,total,200,0.0037050739909534197,0.04979963400775955,0.1740434817980384,0.2038419862480284
failed-only-recovery-13,130,matched,estimation,200,0.0019160843274883418,0.0025631731255026965,0.006747484480739363,0.006837020007199657
failed-only-recovery-13,130,matched,operator,200,0.0,0.0,0.0,0.0
failed-only-recovery-13,130,matched,total,200,0.0019160843274883418,0.0025631731255026965,0.006747484480739363,0.006837020007199657
failed-only-recovery-13,131,analytic,estimation,200,-0.002563147867608112,0.0029267832665255235,0.004700834728732062,0.004813943038113944
failed-only-recovery-13,131,analytic,operator,200,0.012485535444838993,0.0565549027385114,0.17760140111573575,0.38410484232635317
failed-only-recovery-13,131,analytic,total,200,0.009922387577230882,0.056236888721574396,0.17697213127182765,0.3836725007122543
failed-only-recovery-13,131,matched,estimation,200,-0.0025897106902125467,0.002951002855973735,0.004677644536424275,0.004751908487656609
failed-only-recovery-13,131,matched,operator,200,0.0,0.0,0.0,0.0
failed-only-recovery-13,131,matched,total,200,-0.0025897106902125467,0.002951002855973735,0.004677644536424275,0.004751908487656609
failed-only-recovery-13,132,analytic,estimation,200,0.0012833052600739975,0.0019489072396152184,0.005245045389429714,0.005470648580251147
failed-only-recovery-13,132,analytic,operator,200,-0.00026766399588990127,0.04243459186350462,0.17848522920573928,0.19756551990514626
failed-only-recovery-13,132,analytic,total,200,0.0010156412641840961,0.04251648521274234,0.17998680384225274,0.19603731145509845
failed-only-recovery-13,132,matched,estimation,200,0.0012764550976609662,0.0019278839953490758,0.005343877716278866,0.005435994249585185
failed-only-recovery-13,132,matched,operator,200,0.0,0.0,0.0,0.0
failed-only-recovery-13,132,matched,total,200,0.0012764550976609662,0.0019278839953490758,0.005343877716278866,0.005435994249585185
failed-only-recovery-13,133,analytic,estimation,200,0.00028260650058636156,0.0010939458133814742,0.004018699423411931,0.004395034702786238
failed-only-recovery-13,133,analytic,operator,200,0.007346380118407912,0.0473331225559667,0.18155225050140006,0.20872849058363785
failed-only-recovery-13,133,analytic,total,200,0.007628986618994273,0.047601052457561924,0.18320979968072698,0.21050736604008058
failed-only-recovery-13,133,matched,estimation,200,0.00026045755127996966,0.0010882059871244194,0.003992046184159714,0.004401366867979761
failed-only-recovery-13,133,matched,operator,200,0.0,0.0,0.0,0.0
failed-only-recovery-13,133,matched,total,200,0.00026045755127996966,0.0010882059871244194,0.003992046184159714,0.004401366867979761
failed-only-recovery-13,134,analytic,estimation,200,0.0028819276482451583,0.0033064250195000548,0.005436713997543197,0.006155783373518409
failed-only-recovery-13,134,analytic,operator,200,-0.004609270344700448,0.05925448642575268,0.20867625831545447,0.31554006627745423
failed-only-recovery-13,134,analytic,total,200,-0.0017273426964552901,0.059132450031779304,0.2120615439296253,0.3163306003173351
failed-only-recovery-13,134,matched,estimation,200,0.002884504499242284,0.003305831871818223,0.00542031287258804,0.006163076755293817
failed-only-recovery-13,134,matched,operator,200,0.0,0.0,0.0,0.0
failed-only-recovery-13,134,matched,total,200,0.002884504499242284,0.003305831871818223,0.00542031287258804,0.006163076755293817
failed-only-recovery-13,135,analytic,estimation,200,-0.000604082723845619,0.0014952331188061731,0.0033160014665661874,0.003360063609005093
failed-only-recovery-13,135,analytic,operator,200,0.00669991816188427,0.05966435193718143,0.1862864939316266,0.2033473658552472
failed-only-recovery-13,135,analytic,total,200,0.006095835438038651,0.059783566538902856,0.18767380578793097,0.2040173195490987
failed-only-recovery-13,135,matched,estimation,200,-0.0006462126598313529,0.001506689156797622,0.0033176497832290153,0.0033585323557506347
failed-only-recovery-13,135,matched,operator,200,0.0,0.0,0.0,0.0
failed-only-recovery-13,135,matched,total,200,-0.0006462126598313529,0.001506689156797622,0.0033176497832290153,0.0033585323557506347
failed-only-recovery-13,136,analytic,estimation,200,-0.00040602416567768305,0.0014501708803757014,0.0032200982499324127,0.0032294563342659677
failed-only-recovery-13,136,analytic,operator,200,0.0005199481961812606,0.035786068405662404,0.14112488805184337,0.17087847343911888
failed-only-recovery-13,136,analytic,total,200,0.00011392403050357748,0.03602811158074093,0.1423753762668688,0.17112579485098955
failed-only-recovery-13,136,matched,estimation,200,-0.00042108431484173765,0.001437458379295921,0.0032194438122291405,0.003235501121575793
failed-only-recovery-13,136,matched,operator,200,0.0,0.0,0.0,0.0
failed-only-recovery-13,136,matched,total,200,-0.00042108431484173765,0.001437458379295921,0.0032194438122291405,0.003235501121575793
failed-only-recovery-13,137,analytic,estimation,200,0.0008918378703689983,0.0014940085346072168,0.0030646603045156318,0.003092456243829367
failed-only-recovery-13,137,analytic,operator,200,0.0032658497994174146,0.029931901072040953,0.13811725471146813,0.15158916497006708
failed-only-recovery-13,137,analytic,total,200,0.004157687669786413,0.030117396497624117,0.13990141472461975,0.1530528316639902
failed-only-recovery-13,137,matched,estimation,200,0.000886273674570668,0.001484998724205913,0.0030811423215774125,0.0031656971009738633
failed-only-recovery-13,137,matched,operator,200,0.0,0.0,0.0,0.0
failed-only-recovery-13,137,matched,total,200,0.000886273674570668,0.001484998724205913,0.0030811423215774125,0.0031656971009738633
failed-only-recovery-13,138,analytic,estimation,200,0.00045653136713561806,0.0010700336178435185,0.002686447281179616,0.0026988278988530068
failed-only-recovery-13,138,analytic,operator,200,0.004270352112437683,0.06367730524483496,0.22144933992186244,0.24602680284705106
failed-only-recovery-13,138,analytic,total,200,0.0047268834795733015,0.06393184959893101,0.2233995063819431,0.24550800360557995
failed-only-recovery-13,138,matched,estimation,200,0.00043586906524315205,0.0010362843892467916,0.0026865382963903728,0.0027257653126996906
failed-only-recovery-13,138,matched,operator,200,0.0,0.0,0.0,0.0
failed-only-recovery-13,138,matched,total,200,0.00043586906524315205,0.0010362843892467916,0.0026865382963903728,0.0027257653126996906
failed-only-recovery-13,139,analytic,estimation,200,-0.00013132768756643682,0.0004456568052993933,0.0012603294908051232,0.0013502481338578676
failed-only-recovery-13,139,analytic,operator,200,0.004318272582946029,0.029845458557437882,0.13517038111916754,0.20112240703900677
failed-only-recovery-13,139,analytic,total,200,0.004186944895379591,0.029833516104296413,0.13449459309184492,0.20081995321582374
failed-only-recovery-13,139,matched,estimation,200,-0.0001317931966017478,0.00043504588675893094,0.0012598765114035793,0.001323384425775398
failed-only-recovery-13,139,matched,operator,200,0.0,0.0,0.0,0.0
failed-only-recovery-13,139,matched,total,200,-0.0001317931966017478,0.00043504588675893094,0.0012598765114035793,0.001323384425775398
failed-only-recovery-13,140,analytic,estimation,200,-0.0008476769619922306,0.001147169978152505,0.0032855269282313637,0.0033049657580404013
failed-only-recovery-13,140,analytic,operator,200,0.0029448942605945698,0.03012029843336163,0.11635858958158071,0.18232245433341676
failed-only-recovery-13,140,analytic,total,200,0.002097217298602339,0.03003491509737934,0.11763408906506048,0.18125955241306638
failed-only-recovery-13,140,matched,estimation,200,-0.0008576350568086762,0.001165158471760037,0.003304888874836598,0.0033327867145620527
failed-only-recovery-13,140,matched,operator,200,0.0,0.0,0.0,0.0
failed-only-recovery-13,140,matched,total,200,-0.0008576350568086762,0.001165158471760037,0.003304888874836598,0.0033327867145620527
failed-only-recovery-13,141,analytic,estimation,200,0.0008056390346072236,0.0015616338106571753,0.0029621412573269668,0.00309565579624671
failed-only-recovery-13,141,analytic,operator,200,0.0010301372097081534,0.04585145037616596,0.15729088044402684,0.18643554689820896
failed-only-recovery-13,141,analytic,total,200,0.0018357762443153769,0.04609437610112221,0.15883616378442145,0.18884168394997458
failed-only-recovery-13,141,matched,estimation,200,0.0007935949972513178,0.001540846362956706,0.002972168163552391,0.0032526444847731373
failed-only-recovery-13,141,matched,operator,200,0.0,0.0,0.0,0.0
failed-only-recovery-13,141,matched,total,200,0.0007935949972513178,0.001540846362956706,0.002972168163552391,0.0032526444847731373
failed-only-recovery-13,142,analytic,estimation,200,0.001793331105102547,0.0023955154190926065,0.005747634777391208,0.005785002418360108
failed-only-recovery-13,142,analytic,operator,200,-0.0027893648064049796,0.048657199686133815,0.17772372843522466,0.2289426883528496
failed-only-recovery-13,142,analytic,total,200,-0.000996033701302433,0.04876491580351085,0.17686978389283547,0.2276295745174306
failed-only-recovery-13,142,matched,estimation,200,0.0018011980732805482,0.0023985663472565373,0.005665064289755106,0.005916026515888073
failed-only-recovery-13,142,matched,operator,200,0.0,0.0,0.0,0.0
failed-only-recovery-13,142,matched,total,200,0.0018011980732805482,0.0023985663472565373,0.005665064289755106,0.005916026515888073
failed-only-recovery-13,143,analytic,estimation,200,-0.0018187445947506098,0.002060251808976969,0.0036928479804353986,0.003740241798082855
failed-only-recovery-13,143,analytic,operator,200,-0.0009486024843037077,0.0417422206005152,0.17020377314815238,0.2106674821015294
failed-only-recovery-13,143,analytic,total,200,-0.0027673470790543176,0.04198652881976826,0.16827475560011207,0.21090330561200005
failed-only-recovery-13,143,matched,estimation,200,-0.0018209345786249604,0.0020540751899176396,0.0035914569225146686,0.003750961517051371
failed-only-recovery-13,143,matched,operator,200,0.0,0.0,0.0,0.0
failed-only-recovery-13,143,matched,total,200,-0.0018209345786249604,0.0020540751899176396,0.0035914569225146686,0.003750961517051371
failed-only-recovery-13,144,analytic,estimation,200,0.0015958759278166456,0.0017462600518851912,0.0034743057290841373,0.0035511477061651586
failed-only-recovery-13,144,analytic,operator,200,-0.005391682538210224,0.027455129930761362,0.11832709146270559,0.14491139281078072
failed-only-recovery-13,144,analytic,total,200,-0.003795806610393578,0.027338170284594947,0.12064303353289618,0.14404984042943947
failed-only-recovery-13,144,matched,estimation,200,0.0016182872799178935,0.0017622253081640581,0.003474246505877354,0.003560590737839653
failed-only-recovery-13,144,matched,operator,200,0.0,0.0,0.0,0.0
failed-only-recovery-13,144,matched,total,200,0.0016182872799178935,0.0017622253081640581,0.003474246505877354,0.003560590737839653
failed-only-recovery-13,145,analytic,estimation,200,1.5356619757664076e-05,0.0008612289349271659,0.0029065335834919104,0.0030589018092703757
failed-only-recovery-13,145,analytic,operator,200,0.0006825297891986333,0.04874148384530249,0.19883515568807078,0.24292975865229086
failed-only-recovery-13,145,analytic,total,200,0.0006978864089562973,0.048849461467867346,0.20009090282381675,0.24322981313199524
failed-only-recovery-13,145,matched,estimation,200,2.590398396606359e-05,0.0008409637229733894,0.0029010710654602256,0.003060723666091558
failed-only-recovery-13,145,matched,operator,200,0.0,0.0,0.0,0.0
failed-only-recovery-13,145,matched,total,200,2.590398396606359e-05,0.0008409637229733894,0.0029010710654602256,0.003060723666091558
failed-only-recovery-13,146,analytic,estimation,200,-0.00010116370161097392,0.0002933672753424812,0.0007687109809177695,0.0009431388261614271
failed-only-recovery-13,146,analytic,operator,200,0.00387257246851516,0.03396311568479128,0.13397422064944162,0.1808544153663199
failed-only-recovery-13,146,analytic,total,200,0.0037714087669041864,0.03399228161039688,0.13397422064944162,0.1808544153663199
failed-only-recovery-13,146,matched,estimation,200,-0.00010339192407598308,0.00028338001809066754,0.0006860027184349415,0.0008335671738538223
failed-only-recovery-13,146,matched,operator,200,0.0,0.0,0.0,0.0
failed-only-recovery-13,146,matched,total,200,-0.00010339192407598308,0.00028338001809066754,0.0006860027184349415,0.0008335671738538223
failed-only-recovery-13,147,analytic,estimation,200,0.00045564415414787486,0.0006596532012638118,0.0019186078516627014,0.0020355159515857424
failed-only-recovery-13,147,analytic,operator,200,0.004183089753710406,0.027506910949800307,0.10931298835107467,0.21440680330174955
failed-only-recovery-13,147,analytic,total,200,0.00463873390785828,0.027699899985595928,0.11134850430266041,0.21623843983314145
failed-only-recovery-13,147,matched,estimation,200,0.00044848362922393067,0.0006443850116725179,0.0018474261860329522,0.0019746732157329694
failed-only-recovery-13,147,matched,operator,200,0.0,0.0,0.0,0.0
failed-only-recovery-13,147,matched,total,200,0.00044848362922393067,0.0006443850116725179,0.0018474261860329522,0.0019746732157329694
failed-only-recovery-13,148,analytic,estimation,200,0.000343523717425923,0.0006673719839098678,0.002106667651808003,0.00225028660304738
failed-only-recovery-13,148,analytic,operator,200,-0.0004005291718005408,0.014579915423392485,0.06547633471906061,0.12769206776171144
failed-only-recovery-13,148,analytic,total,200,-5.70054543746178e-05,0.01462333411654526,0.06648075271564534,0.12762100280015343
failed-only-recovery-13,148,matched,estimation,200,0.0003440864535811725,0.0006655128148365483,0.0021051860497034447,0.0022473479313254163
failed-only-recovery-13,148,matched,operator,200,0.0,0.0,0.0,0.0
failed-only-recovery-13,148,matched,total,200,0.0003440864535811725,0.0006655128148365483,0.0021051860497034447,0.0022473479313254163
failed-only-recovery-13,149,analytic,estimation,200,0.00272221239279551,0.00292627647385001,0.004502660077912224,0.0049367462929327255
failed-only-recovery-13,149,analytic,operator,200,-0.0004949313156980613,0.0549718612253575,0.21383009112632206,0.25770084035295515
failed-only-recovery-13,149,analytic,total,200,0.0022272810770974484,0.05512988493277769,0.21663562581941037,0.25603285487092686
failed-only-recovery-13,149,matched,estimation,200,0.0027020580676155813,0.0029027693706334757,0.0045451128182393274,0.004940150697089196
failed-only-recovery-13,149,matched,operator,200,0.0,0.0,0.0,0.0
failed-only-recovery-13,149,matched,total,200,0.0027020580676155813,0.0029027693706334757,0.0045451128182393274,0.004940150697089196
failed-only-recovery-13,150,analytic,estimation,200,-0.00026652402297172714,0.0012836436421725472,0.0032196718144350545,0.004136389138688523
failed-only-recovery-13,150,analytic,operator,200,0.0017256316140212649,0.052513668000499135,0.20877861553662902,0.2504380396811952
failed-only-recovery-13,150,analytic,total,200,0.001459107591049538,0.05274739170366819,0.20773435255147893,0.25019569186258533
failed-only-recovery-13,150,matched,estimation,200,-0.0002747452211663392,0.0012616063888486754,0.003231738958407282,0.004002207680277481
failed-only-recovery-13,150,matched,operator,200,0.0,0.0,0.0,0.0
failed-only-recovery-13,150,matched,total,200,-0.0002747452211663392,0.0012616063888486754,0.003231738958407282,0.004002207680277481
failed-only-recovery-13,151,analytic,estimation,200,-0.0032430500050532663,0.003538909993597442,0.005568442065875312,0.0058658499543574605
failed-only-recovery-13,151,analytic,operator,200,0.0050799593495282815,0.03712574211797097,0.12040293993211049,0.23280179647849486
failed-only-recovery-13,151,analytic,total,200,0.0018369093444750154,0.03706295999627137,0.11711550521535519,0.2281459384864074
failed-only-recovery-13,151,matched,estimation,200,-0.0032656050125097237,0.003556309962972873,0.005482696003321297,0.005627148079905497
failed-only-recovery-13,151,matched,operator,200,0.0,0.0,0.0,0.0
failed-only-recovery-13,151,matched,total,200,-0.0032656050125097237,0.003556309962972873,0.005482696003321297,0.005627148079905497
failed-only-recovery-13,152,analytic,estimation,200,0.0015709136856457645,0.0018097422459964537,0.00337941516898288,0.003513770138161454
failed-only-recovery-13,152,analytic,operator,200,-0.001636108847944102,0.030456886361720056,0.1392924715708902,0.18212933267682713
failed-only-recovery-13,152,analytic,total,200,-6.519516229833741e-05,0.030638593029359874,0.1391085321746946,0.1816522948374109
failed-only-recovery-13,152,matched,estimation,200,0.001565112856285613,0.0017921939018251884,0.003276692735441733,0.003542698767186936
failed-only-recovery-13,152,matched,operator,200,0.0,0.0,0.0,0.0
failed-only-recovery-13,152,matched,total,200,0.001565112856285613,0.0017921939018251884,0.003276692735441733,0.003542698767186936
failed-only-recovery-13,153,analytic,estimation,200,-9.88661116147629e-05,0.0007905466515392642,0.002146963404911717,0.00257736683266252
failed-only-recovery-13,153,analytic,operator,200,-0.005445282240864205,0.053551698255415114,0.20614435990573404,0.31822765697788524
failed-only-recovery-13,153,analytic,total,200,-0.005544148352478968,0.05363904690590447,0.20650802389633582,0.3184788916523155
failed-only-recovery-13,153,matched,estimation,200,-5.641147840907675e-05,0.0007857569521254705,0.0021942934431713468,0.002376586738158548
failed-only-recovery-13,153,matched,operator,200,0.0,0.0,0.0,0.0
failed-only-recovery-13,153,matched,total,200,-5.641147840907675e-05,0.0007857569521254705,0.0021942934431713468,0.002376586738158548
failed-only-recovery-13,154,analytic,estimation,200,0.0016800003855376733,0.0017556182404277838,0.0024814949296596556,0.002495233179364509
failed-only-recovery-13,154,analytic,operator,200,0.002145040336407571,0.02221693369333622,0.10871909566964044,0.17594226502971602
failed-only-recovery-13,154,analytic,total,200,0.003825040721945244,0.022463293395901637,0.11000326607945476,0.17801786814830495
failed-only-recovery-13,154,matched,estimation,200,0.0016738313560064858,0.0017481076240919372,0.002461674412248538,0.0025007048456653913
failed-only-recovery-13,154,matched,operator,200,0.0,0.0,0.0,0.0
failed-only-recovery-13,154,matched,total,200,0.0016738313560064858,0.0017481076240919372,0.002461674412248538,0.0025007048456653913
failed-only-recovery-13,155,analytic,estimation,200,-0.0007721755136516391,0.0008854859195345844,0.0017765117570294198,0.0018119909830445202
failed-only-recovery-13,155,analytic,operator,200,0.0008502736393908701,0.021735519142431565,0.08948920721967549,0.09938003337607137
failed-only-recovery-13,155,analytic,total,200,7.809812573923112e-05,0.021674290921197503,0.08835950681042137,0.09831851350521456
failed-only-recovery-13,155,matched,estimation,200,-0.000767329684428072,0.0008791557433782068,0.001776340687307254,0.001812101256214227
failed-only-recovery-13,155,matched,operator,200,0.0,0.0,0.0,0.0
failed-only-recovery-13,155,matched,total,200,-0.000767329684428072,0.0008791557433782068,0.001776340687307254,0.001812101256214227
failed-only-recovery-13,156,analytic,estimation,200,-0.00037674759116310656,0.0005800048858308369,0.0011253633683595624,0.0011508697871048731
failed-only-recovery-13,156,analytic,operator,200,-0.0027321058428003415,0.027510231249785154,0.09451955586972606,0.1838152610334776
failed-only-recovery-13,156,analytic,total,200,-0.0031088534339634485,0.027436520004066215,0.09475991277668379,0.18379639512108958
failed-only-recovery-13,156,matched,estimation,200,-0.0003958377065436146,0.000580346317108949,0.0011275444154204076,0.0011536682857079955
failed-only-recovery-13,156,matched,operator,200,0.0,0.0,0.0,0.0
failed-only-recovery-13,156,matched,total,200,-0.0003958377065436146,0.000580346317108949,0.0011275444154204076,0.0011536682857079955
failed-only-recovery-13,157,analytic,estimation,200,0.0031641751733589092,0.003339543127751511,0.005450087995113151,0.005522673042876014
failed-only-recovery-13,157,analytic,operator,200,-0.0016489387170966622,0.0418846365592674,0.15719568302692666,0.21755295039824585
failed-only-recovery-13,157,analytic,total,200,0.0015152364562622473,0.04208157170399431,0.16018178772886238,0.2170076563821825
failed-only-recovery-13,157,matched,estimation,200,0.0031719325142148557,0.0033435169475572284,0.005472111292713189,0.005805352867578328
failed-only-recovery-13,157,matched,operator,200,0.0,0.0,0.0,0.0
failed-only-recovery-13,157,matched,total,200,0.0031719325142148557,0.0033435169475572284,0.005472111292713189,0.005805352867578328
failed-only-recovery-13,158,analytic,estimation,200,-0.0010403356013147372,0.0015607907088202684,0.003352868906619566,0.004279272407214041
failed-only-recovery-13,158,analytic,operator,200,0.006170744090866256,0.04384099699522729,0.16666508717160083,0.1889695836025198
failed-only-recovery-13,158,analytic,total,200,0.005130408489551519,0.043909638062320726,0.16494246664396717,0.1896431390236215
failed-only-recovery-13,158,matched,estimation,200,-0.0010725479364094472,0.001563168677148923,0.003472748092606448,0.004057276472151372
failed-only-recovery-13,158,matched,operator,200,0.0,0.0,0.0,0.0
failed-only-recovery-13,158,matched,total,200,-0.0010725479364094472,0.001563168677148923,0.003472748092606448,0.004057276472151372
failed-only-recovery-13,159,analytic,estimation,200,-0.0032284028478432535,0.003489366574735033,0.0055190369039694875,0.0057201124981813845
failed-only-recovery-13,159,analytic,operator,200,0.001735708483715916,0.03823380792333233,0.14634943953675594,0.17671560642177347
failed-only-recovery-13,159,analytic,total,200,-0.001492694364127338,0.03846101095898744,0.14385360390931567,0.17471091739968336
failed-only-recovery-13,159,matched,estimation,200,-0.003234192646543004,0.003488057534003684,0.0054591640700834,0.005540391431336611
failed-only-recovery-13,159,matched,operator,200,0.0,0.0,0.0,0.0
failed-only-recovery-13,159,matched,total,200,-0.003234192646543004,0.003488057534003684,0.0054591640700834,0.005540391431336611
failed-only-recovery-13,160,analytic,estimation,200,0.0024160137958429543,0.0027531260082902216,0.004643296343077363,0.0047043961930453015
failed-only-recovery-13,160,analytic,operator,200,-0.004809116954687187,0.055857472872032646,0.24677240447168147,0.3323057862599868
failed-only-recovery-13,160,analytic,total,200,-0.002393103158844233,0.055852868886188976,0.246078213247305,0.3311779481859453
failed-only-recovery-13,160,matched,estimation,200,0.0024278735717413883,0.0027613015282311228,0.004736255961423463,0.0048049652904960105
failed-only-recovery-13,160,matched,operator,200,0.0,0.0,0.0,0.0
failed-only-recovery-13,160,matched,total,200,0.0024278735717413883,0.0027613015282311228,0.004736255961423463,0.0048049652904960105
failed-only-recovery-13,161,analytic,estimation,200,0.0014807558359103488,0.0019510133680855964,0.0034919564962024863,0.0038911070271913095
failed-only-recovery-13,161,analytic,operator,200,0.0022592957498510802,0.05386760328201547,0.16958411742907642,0.22110098006337842
failed-only-recovery-13,161,analytic,total,200,0.0037400515857614293,0.054316160997552675,0.16911805099447508,0.22235987194918244
failed-only-recovery-13,161,matched,estimation,200,0.0014617449692220768,0.0018953457219265588,0.003477104443832646,0.0035061201261210595
failed-only-recovery-13,161,matched,operator,200,0.0,0.0,0.0,0.0
failed-only-recovery-13,161,matched,total,200,0.0014617449692220768,0.0018953457219265588,0.003477104443832646,0.0035061201261210595
failed-only-recovery-13,162,analytic,estimation,200,0.0012617627443586208,0.0018908342932424272,0.005737855522240931,0.0077883540013994335
failed-only-recovery-13,162,analytic,operator,200,0.0009991484584135977,0.0418168694952251,0.15881496515463245,0.21318996915296928
failed-only-recovery-13,162,analytic,total,200,0.0022609112027722183,0.042093662777537504,0.159601011644102,0.21240350664962915
failed-only-recovery-13,162,matched,estimation,200,0.0012599141452504714,0.0018847445699468922,0.005969181706385385,0.007633997258642111
failed-only-recovery-13,162,matched,operator,200,0.0,0.0,0.0,0.0
failed-only-recovery-13,162,matched,total,200,0.0012599141452504714,0.0018847445699468922,0.005969181706385385,0.007633997258642111
failed-only-recovery-13,163,analytic,estimation,200,-0.003952667786935159,0.004103528255810555,0.006751342370565239,0.006849117212921807
failed-only-recovery-13,163,analytic,operator,200,0.0015363147398143428,0.031542072981435944,0.144504734753641,0.1816534645766819
failed-only-recovery-13,163,analytic,total,200,-0.002416353047120817,0.03181596960856984,0.15128999978312563,0.18748393105801092
failed-only-recovery-13,163,matched,estimation,200,-0.0039510339138631575,0.0040955379124799456,0.0065202876221317485,0.006804852271486084
failed-only-recovery-13,163,matched,operator,200,0.0,0.0,0.0,0.0
failed-only-recovery-13,163,matched,total,200,-0.0039510339138631575,0.0040955379124799456,0.0065202876221317485,0.006804852271486084
failed-only-recovery-13,164,analytic,estimation,200,0.0024408513027678724,0.002646901615071256,0.0037999707609592814,0.003893298330526207
failed-only-recovery-13,164,analytic,operator,200,0.00040110756143401115,0.02622175987222939,0.13723565665805854,0.184737198481581
failed-only-recovery-13,164,analytic,total,200,0.0028419588642018836,0.026414484090200373,0.1399523847751728,0.18757231662481233
failed-only-recovery-13,164,matched,estimation,200,0.002433269068870131,0.0026395622670326133,0.003811295668282977,0.003898516195838253
failed-only-recovery-13,164,matched,operator,200,0.0,0.0,0.0,0.0
failed-only-recovery-13,164,matched,total,200,0.002433269068870131,0.0026395622670326133,0.003811295668282977,0.003898516195838253
failed-only-recovery-13,165,analytic,estimation,200,3.714045277709651e-05,0.0013396684458017454,0.0031178451318742417,0.0032022265976963116
failed-only-recovery-13,165,analytic,operator,200,0.002480381012698611,0.03583492441299351,0.14171153537503073,0.18441154661604078
failed-only-recovery-13,165,analytic,total,200,0.002517521465475707,0.0361507335908253,0.14152371562960697,0.1869742902804364
failed-only-recovery-13,165,matched,estimation,200,2.5464400412606577e-05,0.001300687104163427,0.003113817165363686,0.0032404482135892643
failed-only-recovery-13,165,matched,operator,200,0.0,0.0,0.0,0.0
failed-only-recovery-13,165,matched,total,200,2.5464400412606577e-05,0.001300687104163427,0.003113817165363686,0.0032404482135892643
failed-only-recovery-13,166,analytic,estimation,200,-0.0011733123243214275,0.001414051762285476,0.0036158562048600462,0.004075565230823086
failed-only-recovery-13,166,analytic,operator,200,0.0022033472474806463,0.026670292546821142,0.10609178910190692,0.2547399576604625
failed-only-recovery-13,166,analytic,total,200,0.0010300349231592188,0.026725074591356125,0.10895547442965314,0.25458231474370874
failed-only-recovery-13,166,matched,estimation,200,-0.0011909482481042692,0.0014211174696444145,0.0036182190387373803,0.004267439130050343
failed-only-recovery-13,166,matched,operator,200,0.0,0.0,0.0,0.0
failed-only-recovery-13,166,matched,total,200,-0.0011909482481042692,0.0014211174696444145,0.0036182190387373803,0.004267439130050343
failed-only-recovery-13,167,analytic,estimation,200,0.0008531610793558176,0.0014567561177522103,0.003924618740160923,0.005613504496963628
failed-only-recovery-13,167,analytic,operator,200,0.0007096366908140092,0.041393339758458124,0.1847934481051584,0.19315129816118803
failed-only-recovery-13,167,analytic,total,200,0.001562797770169827,0.041660760233789916,0.18463357253000423,0.1952115293260348
failed-only-recovery-13,167,matched,estimation,200,0.0008650536962195701,0.0014433210554834043,0.004266548925282887,0.005539287040283725
failed-only-recovery-13,167,matched,operator,200,0.0,0.0,0.0,0.0
failed-only-recovery-13,167,matched,total,200,0.0008650536962195701,0.0014433210554834043,0.004266548925282887,0.005539287040283725
failed-only-recovery-13,168,analytic,estimation,200,0.0017366544918444846,0.001912150638288871,0.0030187401217317,0.0030871454598754844
failed-only-recovery-13,168,analytic,operator,200,0.0014777648578008199,0.0311376525969574,0.10245112214859775,0.29028264355927
failed-only-recovery-13,168,analytic,total,200,0.0032144193496453045,0.031416995856801785,0.10547477562208529,0.29304184007349887
failed-only-recovery-13,168,matched,estimation,200,0.0017185569866865656,0.0018895328864210954,0.0028622208466067,0.003072876140562064
failed-only-recovery-13,168,matched,operator,200,0.0,0.0,0.0,0.0
failed-only-recovery-13,168,matched,total,200,0.0017185569866865656,0.0018895328864210954,0.0028622208466067,0.003072876140562064
failed-only-recovery-14,1,analytic,estimation,200,0.0003819023386343035,0.000677864056606603,0.002061123693238187,0.00247684402525028
failed-only-recovery-14,1,analytic,operator,200,0.0011938920533125998,0.04054855842624704,0.1546079111814862,0.16623020724380383
failed-only-recovery-14,1,analytic,total,200,0.001575794391946903,0.04065103962691435,0.15612227996044364,0.1668901703511267
failed-only-recovery-14,1,matched,estimation,200,0.0003749929331345721,0.0006657103826397858,0.0021150327137022806,0.0025548236149091075
failed-only-recovery-14,1,matched,operator,200,0.0,0.0,0.0,0.0
failed-only-recovery-14,1,matched,total,200,0.0003749929331345721,0.0006657103826397858,0.0021150327137022806,0.0025548236149091075
failed-only-recovery-14,2,analytic,estimation,200,-0.0003392969626737172,0.0009190235761692886,0.002211993331978801,0.0023069143573198336
failed-only-recovery-14,2,analytic,operator,200,-0.0009420663585866498,0.038858782116441656,0.15908289871988718,0.20009574390311458
failed-only-recovery-14,2,analytic,total,200,-0.001281363321260367,0.03897299728135877,0.15927146923984797,0.20023783773974957
failed-only-recovery-14,2,matched,estimation,200,-0.00033891878507334564,0.0009227318990489519,0.0022547543609692244,0.002307642719405145
failed-only-recovery-14,2,matched,operator,200,0.0,0.0,0.0,0.0
failed-only-recovery-14,2,matched,total,200,-0.00033891878507334564,0.0009227318990489519,0.0022547543609692244,0.002307642719405145
failed-only-recovery-14,3,analytic,estimation,200,-0.002547499662321325,0.002751926924782841,0.004198935221168376,0.00425769888856542
failed-only-recovery-14,3,analytic,operator,200,0.0013613293627027373,0.0407409185887607,0.17244946079318207,0.19062384276882627
failed-only-recovery-14,3,analytic,total,200,-0.0011861702996185878,0.04076079548435788,0.17568485807425066,0.1884833257794855
failed-only-recovery-14,3,matched,estimation,200,-0.002554069407525244,0.002758887836793091,0.004186893531005376,0.0042491919219784235
failed-only-recovery-14,3,matched,operator,200,0.0,0.0,0.0,0.0
failed-only-recovery-14,3,matched,total,200,-0.002554069407525244,0.002758887836793091,0.004186893531005376,0.0042491919219784235
failed-only-recovery-14,4,analytic,estimation,200,0.0015072822885626972,0.0018586154030782902,0.0043379241496368515,0.0044741798720009385
failed-only-recovery-14,4,analytic,operator,200,0.0012320588220468048,0.03619367412027493,0.1408577342265363,0.16602969739583812
failed-only-recovery-14,4,analytic,total,200,0.0027393411106095018,0.03641202496337348,0.14265976355569293,0.1661840286925434
failed-only-recovery-14,4,matched,estimation,200,0.0015000737599702068,0.0018488855540323978,0.0043375571944421765,0.0044731687094816674
failed-only-recovery-14,4,matched,operator,200,0.0,0.0,0.0,0.0
failed-only-recovery-14,4,matched,total,200,0.0015000737599702068,0.0018488855540323978,0.0043375571944421765,0.0044731687094816674
failed-only-recovery-14,5,analytic,estimation,200,0.0005343234851970388,0.0008749496066833545,0.0027306340893635817,0.0027599868888568135
failed-only-recovery-14,5,analytic,operator,200,0.003433265182555945,0.0385688316879302,0.1371760109839927,0.2703432082905851
failed-only-recovery-14,5,analytic,total,200,0.003967588667752983,0.03870346664908965,0.1377340321725923,0.27168879196677953
failed-only-recovery-14,5,matched,estimation,200,0.0005281650276067882,0.000867863338418874,0.0023725285454749834,0.0027614153100503636
failed-only-recovery-14,5,matched,operator,200,0.0,0.0,0.0,0.0
failed-only-recovery-14,5,matched,total,200,0.0005281650276067882,0.000867863338418874,0.0023725285454749834,0.0027614153100503636
failed-only-recovery-14,6,analytic,estimation,200,-0.00046346105686053784,0.0007582427940877352,0.0013764480339454321,0.0015635405902589827
failed-only-recovery-14,6,analytic,operator,200,0.0012495408183007218,0.02659329205467769,0.12938369269981623,0.14288246727054202
failed-only-recovery-14,6,analytic,total,200,0.0007860797614401841,0.026644974034522737,0.12887897254134978,0.14245340569219933
failed-only-recovery-14,6,matched,estimation,200,-0.0004691806399056216,0.0007572489262109923,0.0013622327353589592,0.0014502182115692097
failed-only-recovery-14,6,matched,operator,200,0.0,0.0,0.0,0.0
failed-only-recovery-14,6,matched,total,200,-0.0004691806399056216,0.0007572489262109923,0.0013622327353589592,0.0014502182115692097
failed-only-recovery-14,7,analytic,estimation,200,-0.0003316926675375401,0.00045463948385855984,0.0010031554002573606,0.001014200910513255
failed-only-recovery-14,7,analytic,operator,200,0.0003068987238856519,0.01174084164013823,0.05768042216851115,0.08351114490982174
failed-only-recovery-14,7,analytic,total,200,-2.479394365188807e-05,0.01178307882201665,0.058551465542608636,0.08450981753060274
failed-only-recovery-14,7,matched,estimation,200,-0.0003340740588616645,0.0004552616659166394,0.0010292685609950003,0.001084078012915518
failed-only-recovery-14,7,matched,operator,200,0.0,0.0,0.0,0.0
failed-only-recovery-14,7,matched,total,200,-0.0003340740588616645,0.0004552616659166394,0.0010292685609950003,0.001084078012915518
failed-only-recovery-14,8,analytic,estimation,200,-3.909862649269748e-05,0.00010170044230458976,0.0002584323030282859,0.0005280643691857323
failed-only-recovery-14,8,analytic,operator,200,-0.00029918117459307896,0.005163630723301093,0.027160449197076664,0.03164414804401941
failed-only-recovery-14,8,analytic,total,200,-0.00033827980108577647,0.005169780457943137,0.027036176074118484,0.031689542011776525
failed-only-recovery-14,8,matched,estimation,200,-3.9640663505619045e-05,9.947388891266695e-05,0.00025844450963273535,0.000516628577914624
failed-only-recovery-14,8,matched,operator,200,0.0,0.0,0.0,0.0
failed-only-recovery-14,8,matched,total,200,-3.9640663505619045e-05,9.947388891266695e-05,0.00025844450963273535,0.000516628577914624
failed-only-recovery-14,9,analytic,estimation,200,0.0018551617049049542,0.0021670087154550756,0.004087679859083204,0.004111495102851803
failed-only-recovery-14,9,analytic,operator,200,-0.0019044316069698952,0.04713794355285309,0.17350272662073685,0.2764896362392272
failed-only-recovery-14,9,analytic,total,200,-4.926990206494097e-05,0.047193894037908427,0.1723975365727486,0.2760542690492834
failed-only-recovery-14,9,matched,estimation,200,0.0018681479656439933,0.002180544867746471,0.004144922293516151,0.004178887860881941
failed-only-recovery-14,9,matched,operator,200,0.0,0.0,0.0,0.0
failed-only-recovery-14,9,matched,total,200,0.0018681479656439933,0.002180544867746471,0.004144922293516151,0.004178887860881941
failed-only-recovery-14,10,analytic,estimation,200,-0.000920956816348543,0.0011581883394553131,0.002288164876678489,0.002556135321159503
failed-only-recovery-14,10,analytic,operator,200,0.0004182577505309484,0.05369931930283858,0.1978414336079175,0.23352029086938414
failed-only-recovery-14,10,analytic,total,200,-0.0005026990658175949,0.05387849227288335,0.20038486595742366,0.2343228170719877
failed-only-recovery-14,10,matched,estimation,200,-0.0009227667597182152,0.001140725748723623,0.0021961593437308524,0.002303536009060414
failed-only-recovery-14,10,matched,operator,200,0.0,0.0,0.0,0.0
failed-only-recovery-14,10,matched,total,200,-0.0009227667597182152,0.001140725748723623,0.0021961593437308524,0.002303536009060414
failed-only-recovery-14,11,analytic,estimation,200,-0.001369109770157426,0.0016269821396944141,0.0030083693674158862,0.003213891260817947
failed-only-recovery-14,11,analytic,operator,200,-0.001155453052530404,0.03866868216695601,0.13459545198693895,0.1423858337615227
failed-only-recovery-14,11,analytic,total,200,-0.00252456282268783,0.038886661323718465,0.13669124957236883,0.14380640157672164
failed-only-recovery-14,11,matched,estimation,200,-0.0013589854581699135,0.0016098108668656614,0.0029971576269606226,0.003389171314641684
failed-only-recovery-14,11,matched,operator,200,0.0,0.0,0.0,0.0
failed-only-recovery-14,11,matched,total,200,-0.0013589854581699135,0.0016098108668656614,0.0029971576269606226,0.003389171314641684
failed-only-recovery-14,12,analytic,estimation,200,0.0003541923221179338,0.0008036325955303665,0.001991597415361923,0.003535430341168322
failed-only-recovery-14,12,analytic,operator,200,-0.0011162131465490537,0.028987582742667106,0.11739407877258551,0.15594187828111672
failed-only-recovery-14,12,analytic,total,200,-0.0007620208244311199,0.02907645687653523,0.11691119932961225,0.15725389684193591
failed-only-recovery-14,12,matched,estimation,200,0.00035972394682505125,0.0008011130261403374,0.0017735677426520269,0.0036662106670521943
failed-only-recovery-14,12,matched,operator,200,0.0,0.0,0.0,0.0
failed-only-recovery-14,12,matched,total,200,0.00035972394682505125,0.0008011130261403374,0.0017735677426520269,0.0036662106670521943
failed-only-recovery-14,13,analytic,estimation,200,-0.0003768791411077055,0.000767643630264509,0.0020051692505326235,0.0020214798149451596
failed-only-recovery-14,13,analytic,operator,200,-0.0012446263259320019,0.05419767486142934,0.21157258535375245,0.2917982391822423
failed-only-recovery-14,13,analytic,total,200,-0.0016215054670397076,0.05432052784282741,0.21235746970283303,0.29242621941310115
failed-only-recovery-14,13,matched,estimation,200,-0.0003800200392857069,0.0007583673752411282,0.001878126671201269,0.002087990380918059
failed-only-recovery-14,13,matched,operator,200,0.0,0.0,0.0,0.0
failed-only-recovery-14,13,matched,total,200,-0.0003800200392857069,0.0007583673752411282,0.001878126671201269,0.002087990380918059
failed-only-recovery-14,14,analytic,estimation,200,0.00032078866547207,0.0005627895794027787,0.0012580661840708857,0.0012806169475470808
failed-only-recovery-14,14,analytic,operator,200,0.00016322034370002802,0.020829873558470293,0.0799740472714659,0.10550311861954759
failed-only-recovery-14,14,analytic,total,200,0.00048400900917209807,0.020865070384476523,0.08062528356186355,0.105915338725706
failed-only-recovery-14,14,matched,estimation,200,0.0003192017648068185,0.0005633855053791711,0.0012576738778148355,0.0012807648536653227
failed-only-recovery-14,14,matched,operator,200,0.0,0.0,0.0,0.0
failed-only-recovery-14,14,matched,total,200,0.0003192017648068185,0.0005633855053791711,0.0012576738778148355,0.0012807648536653227
failed-only-recovery-14,15,analytic,estimation,200,-0.0003943944683053444,0.0005544891074166774,0.0016380719835439317,0.0016794593441810113
failed-only-recovery-14,15,analytic,operator,200,-0.00122370047064453,0.021936695602222434,0.08275366813622881,0.14873357820201366
failed-only-recovery-14,15,analytic,total,200,-0.0016180949389498745,0.022044392090969884,0.08400112918387281,0.14959536503467363
failed-only-recovery-14,15,matched,estimation,200,-0.0003814049946122687,0.0005335575487368367,0.0016386078507853452,0.0017298036431069863
failed-only-recovery-14,15,matched,operator,200,0.0,0.0,0.0,0.0
failed-only-recovery-14,15,matched,total,200,-0.0003814049946122687,0.0005335575487368367,0.0016386078507853452,0.0017298036431069863
failed-only-recovery-14,16,analytic,estimation,200,-0.0005506675712256611,0.0005930639258238377,0.0008765172083368133,0.001056776825832051
failed-only-recovery-14,16,analytic,operator,200,-0.0003252616756898999,0.012301271976041512,0.044108856614791345,0.05195171262536438
failed-only-recovery-14,16,analytic,total,200,-0.0008759292469155609,0.012345647804416085,0.044477821101416404,0.05118726047539632
failed-only-recovery-14,16,matched,estimation,200,-0.0005520618874139861,0.0005922308621274096,0.000875831268825733,0.0010083050619567047
failed-only-recovery-14,16,matched,operator,200,0.0,0.0,0.0,0.0
failed-only-recovery-14,16,matched,total,200,-0.0005520618874139861,0.0005922308621274096,0.000875831268825733,0.0010083050619567047
failed-only-recovery-14,17,analytic,estimation,200,0.0001134850059155678,0.0002679317719637631,0.000626005295843779,0.0006382064768656326
failed-only-recovery-14,17,analytic,operator,200,-0.0009570299972527349,0.012079162857239605,0.04957814632487567,0.07445139599977038
failed-only-recovery-14,17,analytic,total,200,-0.0008435449913371672,0.01206903030991789,0.04947088123076543,0.07437229081739039
failed-only-recovery-14,17,matched,estimation,200,0.00011893077366431842,0.0002666446146163068,0.0006278672893360038,0.0006385500720903492
failed-only-recovery-14,17,matched,operator,200,0.0,0.0,0.0,0.0
failed-only-recovery-14,17,matched,total,200,0.00011893077366431842,0.0002666446146163068,0.0006278672893360038,0.0006385500720903492
failed-only-recovery-14,18,analytic,estimation,200,0.00033253765487574233,0.00041863668773644403,0.0008522946186858005,0.0009262283879232225
failed-only-recovery-14,18,analytic,operator,200,-0.00025952325963362705,0.008893655591995505,0.047903575254273495,0.05200378051128919
failed-only-recovery-14,18,analytic,total,200,7.301439524211531e-05,0.008881493609172047,0.048524746220604764,0.05159112750116136
failed-only-recovery-14,18,matched,estimation,200,0.0003311189229005411,0.00041538209987266065,0.0008604218497648142,0.0009044162536625544
failed-only-recovery-14,18,matched,operator,200,0.0,0.0,0.0,0.0
failed-only-recovery-14,18,matched,total,200,0.0003311189229005411,0.00041538209987266065,0.0008604218497648142,0.0009044162536625544
failed-only-recovery-14,19,analytic,estimation,200,-0.00039966015092374386,0.0004340255391242535,0.0008089362851019244,0.0008281610422791186
failed-only-recovery-14,19,analytic,operator,200,-0.002616782399225109,0.013506129995786998,0.0621896890517033,0.063466199702458
failed-only-recovery-14,19,analytic,total,200,-0.0030164425501488525,0.01358373443715095,0.06255297090891698,0.06385708469257666
failed-only-recovery-14,19,matched,estimation,200,-0.00039548351623521877,0.00043046724459649955,0.0008088902792582342,0.0008281936201783857
failed-only-recovery-14,19,matched,operator,200,0.0,0.0,0.0,0.0
failed-only-recovery-14,19,matched,total,200,-0.00039548351623521877,0.00043046724459649955,0.0008088902792582342,0.0008281936201783857
failed-only-recovery-14,20,analytic,estimation,200,0.0010025727478260886,0.001381761079265751,0.0029975833572480903,0.0030995205951053206
failed-only-recovery-14,20,analytic,operator,200,-0.003308843975716119,0.05641309551562481,0.1795933436592721,0.2213660203063314
failed-only-recovery-14,20,analytic,total,200,-0.0023062712278900306,0.056725772953448966,0.18195924899589228,0.22202382305830032
failed-only-recovery-14,20,matched,estimation,200,0.0009903453766619695,0.0013218690112040724,0.002546379468523874,0.0029542022400309564
failed-only-recovery-14,20,matched,operator,200,0.0,0.0,0.0,0.0
failed-only-recovery-14,20,matched,total,200,0.0009903453766619695,0.0013218690112040724,0.002546379468523874,0.0029542022400309564
failed-only-recovery-14,21,analytic,estimation,200,0.0003444230759351788,0.0010304985328716781,0.0031331014134441393,0.003342114667252538
failed-only-recovery-14,21,analytic,operator,200,7.465679903731861e-05,0.05208950146007629,0.18641822375104966,0.21194773021136393
failed-only-recovery-14,21,analytic,total,200,0.00041907987497249733,0.05227311258529758,0.18664923815892237,0.2127009666246118
failed-only-recovery-14,21,matched,estimation,200,0.00034458337612585277,0.0010119781945817764,0.00294604086865502,0.003168234176107898
failed-only-recovery-14,21,matched,operator,200,0.0,0.0,0.0,0.0
failed-only-recovery-14,21,matched,total,200,0.00034458337612585277,0.0010119781945817764,0.00294604086865502,0.003168234176107898
failed-only-recovery-14,22,analytic,estimation,200,-0.0028782199652556163,0.0030669934433643375,0.004742005984068154,0.004947952821076407
failed-only-recovery-14,22,analytic,operator,200,0.0008328845492765447,0.04875452807612329,0.1803488729633167,0.21163595194807522
failed-only-recovery-14,22,analytic,total,200,-0.0020453354159790716,0.04880882150510831,0.18296045513423298,0.21513532513210676
failed-only-recovery-14,22,matched,estimation,200,-0.002883770630799003,0.0030675440705209486,0.004737955913216796,0.004814883699067685
failed-only-recovery-14,22,matched,operator,200,0.0,0.0,0.0,0.0
failed-only-recovery-14,22,matched,total,200,-0.002883770630799003,0.0030675440705209486,0.004737955913216796,0.004814883699067685
failed-only-recovery-14,23,analytic,estimation,200,0.0017510353212825181,0.0020014620248326297,0.0028820672561188365,0.0030023301303956362
failed-only-recovery-14,23,analytic,operator,200,0.003094473754020559,0.03781523543494446,0.14505205282889527,0.2649242738080336
failed-only-recovery-14,23,analytic,total,200,0.004845509075303077,0.03793018157640284,0.14776694718575367,0.2659346905911154
failed-only-recovery-14,23,matched,estimation,200,0.0017344028287251754,0.0019887318762135645,0.0029217019973492575,0.003028005572077108
failed-only-recovery-14,23,matched,operator,200,0.0,0.0,0.0,0.0
failed-only-recovery-14,23,matched,total,200,0.0017344028287251754,0.0019887318762135645,0.0029217019973492575,0.003028005572077108
failed-only-recovery-14,24,analytic,estimation,200,0.000754192424859768,0.0012442939505349377,0.002571011992667571,0.002591007623759911
failed-only-recovery-14,24,analytic,operator,200,-0.00686426106028078,0.05526129364898434,0.20589476144457405,0.22268587350667554
failed-only-recovery-14,24,analytic,total,200,-0.006110068635421013,0.05544963352386836,0.20762176262091425,0.22289903086297783
failed-only-recovery-14,24,matched,estimation,200,0.0007775743971689506,0.0012282390565060402,0.0025925460822839863,0.002596432244189817
failed-only-recovery-14,24,matched,operator,200,0.0,0.0,0.0,0.0
failed-only-recovery-14,24,matched,total,200,0.0007775743971689506,0.0012282390565060402,0.0025925460822839863,0.002596432244189817
failed-only-recovery-14,25,analytic,estimation,200,-0.0010582950018791456,0.0012174547590260724,0.002444451054385899,0.002500233672318386
failed-only-recovery-14,25,analytic,operator,200,0.0019369865635844872,0.043108095347461024,0.2017857987772373,0.24782671689567382
failed-only-recovery-14,25,analytic,total,200,0.0008786915617053414,0.04318674909965277,0.201221824597479,0.24795850059318547
failed-only-recovery-14,25,matched,estimation,200,-0.0010656556076960443,0.0012195791682934273,0.002172924376792066,0.0026082855544890815
failed-only-recovery-14,25,matched,operator,200,0.0,0.0,0.0,0.0
failed-only-recovery-14,25,matched,total,200,-0.0010656556076960443,0.0012195791682934273,0.002172924376792066,0.0026082855544890815
failed-only-recovery-14,26,analytic,estimation,200,-0.00040799364392422085,0.0008178780218923456,0.0018478749946543305,0.0019219123688868356
failed-only-recovery-14,26,analytic,operator,200,0.0049807718756456195,0.059999120586735885,0.27655202240586396,0.3493832953850377
failed-only-recovery-14,26,analytic,total,200,0.004572778231721399,0.060192140181758516,0.27746680911701493,0.35038219284390754
failed-only-recovery-14,26,matched,estimation,200,-0.0004298457401823188,0.0007948219323264147,0.0018610225935116187,0.0019595523202816656
failed-only-recovery-14,26,matched,operator,200,0.0,0.0,0.0,0.0
failed-only-recovery-14,26,matched,total,200,-0.0004298457401823188,0.0007948219323264147,0.0018610225935116187,0.0019595523202816656
failed-only-recovery-14,27,analytic,estimation,200,0.002295709260543072,0.0024117642974101823,0.0035685437678913967,0.003713950777856412
failed-only-recovery-14,27,analytic,operator,200,-0.0019171431516125906,0.06231678660785412,0.2375570901594615,0.32506479180531267
failed-only-recovery-14,27,analytic,total,200,0.0003785661089304817,0.062381432004255756,0.2407560639587897,0.32214623510022977
failed-only-recovery-14,27,matched,estimation,200,0.0022856022200287074,0.0023970400442370177,0.00356006845881085,0.003647865713900522
failed-only-recovery-14,27,matched,operator,200,0.0,0.0,0.0,0.0
failed-only-recovery-14,27,matched,total,200,0.0022856022200287074,0.0023970400442370177,0.00356006845881085,0.003647865713900522
failed-only-recovery-14,28,analytic,estimation,200,-0.0036448168073373397,0.003764285242638318,0.004688225101334043,0.004714354193272374
failed-only-recovery-14,28,analytic,operator,200,0.0013690663979458884,0.042890643148598404,0.22022245935050266,0.31748738295163004
failed-only-recovery-14,28,analytic,total,200,-0.0022757504093914513,0.043079149307858305,0.22281699924198395,0.3214426374019306
failed-only-recovery-14,28,matched,estimation,200,-0.0036516090856227525,0.00376608929571599,0.00467070254007429,0.004677073501506701
failed-only-recovery-14,28,matched,operator,200,0.0,0.0,0.0,0.0
failed-only-recovery-14,28,matched,total,200,-0.0036516090856227525,0.00376608929571599,0.00467070254007429,0.004677073501506701
failed-only-recovery-14,29,analytic,estimation,200,0.0014451710245312627,0.001572718119764197,0.0025481510576734756,0.0026763024827441972
failed-only-recovery-14,29,analytic,operator,200,-0.0032128247378702722,0.049786546828697736,0.21440827640615284,0.25151503428363625
failed-only-recovery-14,29,analytic,total,200,-0.0017676537133390095,0.04986660773744741,0.21653668852024416,0.2502900961268852
failed-only-recovery-14,29,matched,estimation,200,0.0014488352141395217,0.0015668066921460811,0.0025234492814211196,0.002678276352200415
failed-only-recovery-14,29,matched,operator,200,0.0,0.0,0.0,0.0
failed-only-recovery-14,29,matched,total,200,0.0014488352141395217,0.0015668066921460811,0.0025234492814211196,0.002678276352200415
failed-only-recovery-14,30,analytic,estimation,200,0.00137438795285673,0.0015127460009033253,0.0025412226497379953,0.0026731601708963604
failed-only-recovery-14,30,analytic,operator,200,0.005017222233852466,0.046536494963177355,0.23816218648571852,0.244330822287617
failed-only-recovery-14,30,analytic,total,200,0.006391610186709196,0.0468727987289838,0.2370522088213619,0.2469138329867941
failed-only-recovery-14,30,matched,estimation,200,0.0013552232864338207,0.0014868232041962937,0.0024013205104133073,0.002437369037018522
failed-only-recovery-14,30,matched,operator,200,0.0,0.0,0.0,0.0
failed-only-recovery-14,30,matched,total,200,0.0013552232864338207,0.0014868232041962937,0.0024013205104133073,0.002437369037018522
failed-only-recovery-14,31,analytic,estimation,200,0.0012368900505458048,0.0015694669646896442,0.0030270877926522055,0.003123172267963603
failed-only-recovery-14,31,analytic,operator,200,-0.0009941374591640548,0.05328505023389898,0.17795058137655795,0.24433651584130692
failed-only-recovery-14,31,analytic,total,200,0.00024275259138174994,0.05339253688278411,0.17771672284985396,0.24514568128156997
failed-only-recovery-14,31,matched,estimation,200,0.0012599843797732396,0.0015678087159163372,0.0031174102250162705,0.003179349250646446
failed-only-recovery-14,31,matched,operator,200,0.0,0.0,0.0,0.0
failed-only-recovery-14,31,matched,total,200,0.0012599843797732396,0.0015678087159163372,0.0031174102250162705,0.003179349250646446
failed-only-recovery-14,32,analytic,estimation,200,0.0035348335936051523,0.0038171181211569855,0.005755563333593672,0.005881107773758776
failed-only-recovery-14,32,analytic,operator,200,-0.0016618694545160798,0.054084728450513556,0.2051143081233568,0.27283570525728784
failed-only-recovery-14,32,analytic,total,200,0.0018729641390890723,0.05419459414296154,0.20050974577826125,0.27550585391109494
failed-only-recovery-14,32,matched,estimation,200,0.003534572623737648,0.0038230029082208894,0.005848507617632628,0.0059175851503842115
failed-only-recovery-14,32,matched,operator,200,0.0,0.0,0.0,0.0
failed-only-recovery-14,32,matched,total,200,0.003534572623737648,0.0038230029082208894,0.005848507617632628,0.0059175851503842115
failed-only-recovery-14,33,analytic,estimation,200,-0.0038186190365383428,0.003988429713023561,0.006293741926673757,0.006471691229260834
failed-only-recovery-14,33,analytic,operator,200,0.0012437503717093984,0.04377219583168213,0.1717485817943572,0.23560040057712628
failed-only-recovery-14,33,analytic,total,200,-0.0025748686648289446,0.04378039162179696,0.17396097848974057,0.22955921539126034
failed-only-recovery-14,33,matched,estimation,200,-0.003817234295663782,0.003984602675152662,0.006292848152373048,0.0064053539308320875
failed-only-recovery-14,33,matched,operator,200,0.0,0.0,0.0,0.0
failed-only-recovery-14,33,matched,total,200,-0.003817234295663782,0.003984602675152662,0.006292848152373048,0.0064053539308320875
failed-only-recovery-14,34,analytic,estimation,200,0.0025806679418884032,0.002874035382016202,0.004659303998313047,0.004721915961261924
failed-only-recovery-14,34,analytic,operator,200,-0.0007080176173343726,0.020318086783185557,0.10239912266312545,0.12836780959897565
failed-only-recovery-14,34,analytic,total,200,0.0018726503245540304,0.020432439789460903,0.10557390342458939,0.13079970332072177
failed-only-recovery-14,34,matched,estimation,200,0.0025803488591757194,0.002865940766883145,0.004651912251578905,0.004721430256859782
failed-only-recovery-14,34,matched,operator,200,0.0,0.0,0.0,0.0
failed-only-recovery-14,34,matched,total,200,0.0025803488591757194,0.002865940766883145,0.004651912251578905,0.004721430256859782
failed-only-recovery-14,35,analytic,estimation,200,-0.0019156071539815022,0.0021239677287709937,0.003912994794381938,0.004014242779642907
failed-only-recovery-14,35,analytic,operator,200,-0.007814982862601101,0.052058531994864966,0.20339267982294712,0.27141922121099693
failed-only-recovery-14,35,analytic,total,200,-0.009730590016582604,0.052613424802591346,0.2065431017785024,0.2746324455125846
failed-only-recovery-14,35,matched,estimation,200,-0.001860291610319778,0.0020591536789543595,0.0037274834195421547,0.003967865576520624
failed-only-recovery-14,35,matched,operator,200,0.0,0.0,0.0,0.0
failed-only-recovery-14,35,matched,total,200,-0.001860291610319778,0.0020591536789543595,0.0037274834195421547,0.003967865576520624
failed-only-recovery-14,36,analytic,estimation,200,0.0006401932769171384,0.0010479458737514625,0.0029364802373552656,0.003034165498218666
failed-only-recovery-14,36,analytic,operator,200,-0.0041134775382526715,0.024947034657272108,0.08495746438053192,0.1897672773834368
failed-only-recovery-14,36,analytic,total,200,-0.0034732842613355336,0.02475545535898079,0.08377270451939828,0.19018004417790524
failed-only-recovery-14,36,matched,estimation,200,0.000606064288666959,0.0010170528202982148,0.0029370652194562474,0.003025400989552285
failed-only-recovery-14,36,matched,operator,200,0.0,0.0,0.0,0.0
failed-only-recovery-14,36,matched,total,200,0.000606064288666959,0.0010170528202982148,0.0029370652194562474,0.003025400989552285
failed-only-recovery-14,37,analytic,estimation,200,-8.324253284319497e-05,0.00035586434272026174,0.001086300735966661,0.0012875426671479645
failed-only-recovery-14,37,analytic,operator,200,-0.0008763945395328281,0.016816713301523234,0.06041627288826812,0.09762455210394638
failed-only-recovery-14,37,analytic,total,200,-0.000959637072376023,0.01681567137849841,0.06080679166010505,0.09810269409511113
failed-only-recovery-14,37,matched,estimation,200,-8.23087200468271e-05,0.0003474110722833865,0.001122757812949196,0.0013463555040462566
failed-only-recovery-14,37,matched,operator,200,0.0,0.0,0.0,0.0
failed-only-recovery-14,37,matched,total,200,-8.23087200468271e-05,0.0003474110722833865,0.001122757812949196,0.0013463555040462566
failed-only-recovery-14,38,analytic,estimation,200,-0.00023024764020443994,0.0004086571540382402,0.0013027357187638255,0.0014271127327378785
failed-only-recovery-14,38,analytic,operator,200,-0.0013496868166818926,0.021028526548693225,0.065812704329093,0.24055759111846683
failed-only-recovery-14,38,analytic,total,200,-0.0015799344568863327,0.021055312808480796,0.06540032919444196,0.2413486286769602
failed-only-recovery-14,38,matched,estimation,200,-0.00022499138546695947,0.0004032101965720283,0.0012972225787981628,0.001387188850217047
failed-only-recovery-14,38,matched,operator,200,0.0,0.0,0.0,0.0
failed-only-recovery-14,38,matched,total,200,-0.00022499138546695947,0.0004032101965720283,0.0012972225787981628,0.001387188850217047
failed-only-recovery-14,39,analytic,estimation,200,-0.00020701875364546838,0.0002652167618419821,0.0005994666431132778,0.0006130549399934182
failed-only-recovery-14,39,analytic,operator,200,0.0009516764089461952,0.009190470090915658,0.040536334374545985,0.04864221008096095
failed-only-recovery-14,39,analytic,total,200,0.0007446576553007267,0.009184787163020439,0.040194292420542066,0.0486745968874982
failed-only-recovery-14,39,matched,estimation,200,-0.00021024074098254997,0.00026539858160252295,0.0005992717901732725,0.0006128606644240087
failed-only-recovery-14,39,matched,operator,200,0.0,0.0,0.0,0.0
failed-only-recovery-14,39,matched,total,200,-0.00021024074098254997,0.00026539858160252295,0.0005992717901732725,0.0006128606644240087
failed-only-recovery-14,40,analytic,estimation,200,0.00016923500240672128,0.0002153666990897211,0.0005726260963030416,0.0005733037784432238
failed-only-recovery-14,40,analytic,operator,200,0.00014536483912698083,0.008214547752136453,0.04521847432083869,0.0713476287460253
failed-only-recovery-14,40,analytic,total,200,0.00031459984153370214,0.00822377485370057,0.04500612405200257,0.0716366026826332
failed-only-recovery-14,40,matched,estimation,200,0.00016798123554511538,0.00021288679068928013,0.0005725946753732947,0.0005866865483328265
failed-only-recovery-14,40,matched,operator,200,0.0,0.0,0.0,0.0
failed-only-recovery-14,40,matched,total,200,0.00016798123554511538,0.00021288679068928013,0.0005725946753732947,0.0005866865483328265
failed-only-recovery-14,41,analytic,estimation,200,0.00028955469509020547,0.0013792351755022598,0.003376564743946542,0.0034978110142975805
failed-only-recovery-14,41,analytic,operator,200,0.003752555628152921,0.05173806362625335,0.18290157260365744,0.2523315993015669
failed-only-recovery-14,41,analytic,total,200,0.0040421103232431265,0.05183008632451886,0.18380586834393095,0.25178604519677683
failed-only-recovery-14,41,matched,estimation,200,0.00026745077248478943,0.0013540571641190381,0.003374422886165407,0.0034975905231922066
failed-only-recovery-14,41,matched,operator,200,0.0,0.0,0.0,0.0
failed-only-recovery-14,41,matched,total,200,0.00026745077248478943,0.0013540571641190381,0.003374422886165407,0.0034975905231922066
failed-only-recovery-14,42,analytic,estimation,200,0.000682102056200352,0.0012568961125906148,0.002755294596244129,0.002900210312785756
failed-only-recovery-14,42,analytic,operator,200,0.002737704513438361,0.07570444454983727,0.2508942611089311,0.3097262025309949
failed-only-recovery-14,42,analytic,total,200,0.003419806569638713,0.07592301409716888,0.2515845070028566,0.310608841700878
failed-only-recovery-14,42,matched,estimation,200,0.000663323750674794,0.0012102374663728287,0.00258338970074376,0.002901663571361679
failed-only-recovery-14,42,matched,operator,200,0.0,0.0,0.0,0.0
failed-only-recovery-14,42,matched,total,200,0.000663323750674794,0.0012102374663728287,0.00258338970074376,0.002901663571361679
failed-only-recovery-14,43,analytic,estimation,200,-0.0017851962920515485,0.002261438003373418,0.0046576202275632195,0.004684703205802387
failed-only-recovery-14,43,analytic,operator,200,-0.0023907887702107468,0.04658781522720324,0.18908160516796452,0.24704862169916875
failed-only-recovery-14,43,analytic,total,200,-0.004175985062262295,0.04683599451931566,0.1914084526742324,0.24755263236608327
failed-only-recovery-14,43,matched,estimation,200,-0.001778397925715379,0.0022481252581816836,0.004656548516648762,0.004684117159388379
failed-only-recovery-14,43,matched,operator,200,0.0,0.0,0.0,0.0
failed-only-recovery-14,43,matched,total,200,-0.001778397925715379,0.0022481252581816836,0.004656548516648762,0.004684117159388379
failed-only-recovery-14,44,analytic,estimation,200,-0.0006194091310033897,0.0012362989244926437,0.004765423566388649,0.004871447234286452
failed-only-recovery-14,44,analytic,operator,200,0.0028993964562542885,0.04577066558587841,0.15435807181066336,0.18058825816408547
failed-only-recovery-14,44,analytic,total,200,0.0022799873252508985,0.04590781030272171,0.1592295190449498,0.18535368173047412
failed-only-recovery-14,44,matched,estimation,200,-0.0006174634848836694,0.0012046896870255958,0.004645183632558669,0.004904478286305913
failed-only-recovery-14,44,matched,operator,200,0.0,0.0,0.0,0.0
failed-only-recovery-14,44,matched,total,200,-0.0006174634848836694,0.0012046896870255958,0.004645183632558669,0.004904478286305913
failed-only-recovery-14,45,analytic,estimation,200,-8.234097413321539e-05,0.0007725866950036701,0.0017399476385192014,0.0020658095283445643
failed-only-recovery-14,45,analytic,operator,200,-0.004568573343897636,0.05705733280374616,0.21532615186563855,0.2842587667742223
failed-only-recovery-14,45,analytic,total,200,-0.004650914318030852,0.057229287396292204,0.2151925796568052,0.28474676175962493
failed-only-recovery-14,45,matched,estimation,200,-7.502002029613821e-05,0.0007549521822549396,0.0017164854972586685,0.0017855403236879328
failed-only-recovery-14,45,matched,operator,200,0.0,0.0,0.0,0.0
failed-only-recovery-14,45,matched,total,200,-7.502002029613821e-05,0.0007549521822549396,0.0017164854972586685,0.0017855403236879328
failed-only-recovery-14,46,analytic,estimation,200,-0.0023724344336244233,0.0024514237938975557,0.004070757525527324,0.004387083744959608
failed-only-recovery-14,46,analytic,operator,200,0.0015214423866931508,0.027126828981569123,0.13848119702267203,0.18677898687208772
failed-only-recovery-14,46,analytic,total,200,-0.0008509920469312725,0.027138644977962298,0.14073581990061262,0.1851633668453032
failed-only-recovery-14,46,matched,estimation,200,-0.0023687664928079676,0.0024454140265188985,0.003945459938500179,0.004215137555032944
failed-only-recovery-14,46,matched,operator,200,0.0,0.0,0.0,0.0
failed-only-recovery-14,46,matched,total,200,-0.0023687664928079676,0.0024454140265188985,0.003945459938500179,0.004215137555032944
failed-only-recovery-14,47,analytic,estimation,200,0.0006052954418239957,0.0008382821844877728,0.0023878034538106774,0.00242414382313888
failed-only-recovery-14,47,analytic,operator,200,0.0007109175228794582,0.04325021594942511,0.2185899969183644,0.2809220150136617
failed-only-recovery-14,47,analytic,total,200,0.0013162129647034538,0.04332438082176193,0.21955932741608652,0.2822986650707049
failed-only-recovery-14,47,matched,estimation,200,0.0006088842385414886,0.0008393897451038728,0.0023845226851200163,0.002557701268320889
failed-only-recovery-14,47,matched,operator,200,0.0,0.0,0.0,0.0
failed-only-recovery-14,47,matched,total,200,0.0006088842385414886,0.0008393897451038728,0.0023845226851200163,0.002557701268320889
failed-only-recovery-14,48,analytic,estimation,200,0.0007932032466155186,0.0009286522563604215,0.0018615492673694778,0.0018836697219863918
failed-only-recovery-14,48,analytic,operator,200,-0.0031934713359301706,0.03216962010125844,0.1731214539644393,0.19365338182051633
failed-only-recovery-14,48,analytic,total,200,-0.0024002680893146526,0.032170500210492746,0.1731214539644393,0.1947955910000282
failed-only-recovery-14,48,matched,estimation,200,0.0008012658816950588,0.0009307434942691045,0.0018578877325566845,0.0018830730659055162
failed-only-recovery-14,48,matched,operator,200,0.0,0.0,0.0,0.0
failed-only-recovery-14,48,matched,total,200,0.0008012658816950588,0.0009307434942691045,0.0018578877325566845,0.0018830730659055162
failed-only-recovery-14,49,analytic,estimation,200,0.0015861675456177555,0.0019237843759030643,0.00357187752949617,0.0036599422021631467
failed-only-recovery-14,49,analytic,operator,200,7.183575672132699e-05,0.054908855465449255,0.18680662609022175,0.19461915241847366
failed-only-recovery-14,49,analytic,total,200,0.0016580033023390823,0.054895065502041374,0.18726523246697374,0.19505444197161317
failed-only-recovery-14,49,matched,estimation,200,0.0015861502748166071,0.0019264231589921279,0.0035677535819756967,0.0035733347773153623
failed-only-recovery-14,49,matched,operator,200,0.0,0.0,0.0,0.0
failed-only-recovery-14,49,matched,total,200,0.0015861502748166071,0.0019264231589921279,0.0035677535819756967,0.0035733347773153623
failed-only-recovery-14,50,analytic,estimation,200,-0.0013427626667294396,0.0015029905744036287,0.002653260148974046,0.0027160432664288386
failed-only-recovery-14,50,analytic,operator,200,-0.0015935478179512847,0.057627951532299354,0.17887624340031577,0.32281228594816513
failed-only-recovery-14,50,analytic,total,200,-0.002936310484680724,0.05769451950439464,0.18037958553077593,0.32430312714052434
failed-only-recovery-14,50,matched,estimation,200,-0.0013411415468240115,0.0015034384111831404,0.0025035195654188602,0.0026988867404726946
failed-only-recovery-14,50,matched,operator,200,0.0,0.0,0.0,0.0
failed-only-recovery-14,50,matched,total,200,-0.0013411415468240115,0.0015034384111831404,0.0025035195654188602,0.0026988867404726946
failed-only-recovery-14,51,analytic,estimation,200,-0.0003994028407114004,0.0008196670772806835,0.002348533485018761,0.0037664914872517774
failed-only-recovery-14,51,analytic,operator,200,0.0023452242629926315,0.05000060434917729,0.1999095438924947,0.2494679664871189
failed-only-recovery-14,51,analytic,total,200,0.0019458214222812312,0.05004576644128892,0.2000338868017636,0.2487121405522208
failed-only-recovery-14,51,matched,estimation,200,-0.0003969188901258339,0.0008198237238195483,0.0025415708341060272,0.002840966959011537
failed-only-recovery-14,51,matched,operator,200,0.0,0.0,0.0,0.0
failed-only-recovery-14,51,matched,total,200,-0.0003969188901258339,0.0008198237238195483,0.0025415708341060272,0.002840966959011537
failed-only-recovery-14,52,analytic,estimation,200,0.0006518765648320799,0.0011532186702853135,0.004537019415361332,0.004750392412928073
failed-only-recovery-14,52,analytic,operator,200,-0.003466722777662798,0.03518895216121654,0.1270889512582827,0.18852272889903146
failed-only-recovery-14,52,analytic,total,200,-0.0028148462128307176,0.035250285629007096,0.12680949289800178,0.18886815156198505
failed-only-recovery-14,52,matched,estimation,200,0.0006656449500533172,0.0011664541090665656,0.004698259704633667,0.004920172958150726
failed-only-recovery-14,52,matched,operator,200,0.0,0.0,0.0,0.0
failed-only-recovery-14,52,matched,total,200,0.0006656449500533172,0.0011664541090665656,0.004698259704633667,0.004920172958150726
failed-only-recovery-14,53,analytic,estimation,200,0.0001742802247154921,0.0017645738218715124,0.007736944874550344,0.008138955150187144
failed-only-recovery-14,53,analytic,operator,200,-0.010358311604646482,0.07373375667197234,0.26520140892068994,0.3044555180625509
failed-only-recovery-14,53,analytic,total,200,-0.010184031379930989,0.07372843214710316,0.2650923426563847,0.30442527829277966
failed-only-recovery-14,53,matched,estimation,200,0.0001932595057091921,0.001767919433516274,0.007725730183963275,0.008139483896106858
failed-only-recovery-14,53,matched,operator,200,0.0,0.0,0.0,0.0
failed-only-recovery-14,53,matched,total,200,0.0001932595057091921,0.001767919433516274,0.007725730183963275,0.008139483896106858
failed-only-recovery-14,54,analytic,estimation,200,0.00039459939933216476,0.0008189187500719002,0.0022095636713289624,0.0023639428452791877
failed-only-recovery-14,54,analytic,operator,200,-0.002980386508109022,0.05500930915371019,0.22396757247072757,0.30965813517456536
failed-only-recovery-14,54,analytic,total,200,-0.002585787108776857,0.055103220341317725,0.2239672383961,0.3114837069793798
failed-only-recovery-14,54,matched,estimation,200,0.0004050105231835336,0.000819676941138571,0.0021764179600164413,0.0024869173919307985
failed-only-recovery-14,54,matched,operator,200,0.0,0.0,0.0,0.0
failed-only-recovery-14,54,matched,total,200,0.0004050105231835336,0.000819676941138571,0.0021764179600164413,0.0024869173919307985
failed-only-recovery-14,55,analytic,estimation,200,-0.002403945392178536,0.002467502237020191,0.004109891451309133,0.004353918740940488
failed-only-recovery-14,55,analytic,operator,200,-0.0033005965328359345,0.022033045380635045,0.06042153725636612,0.19593093239300396
failed-only-recovery-14,55,analytic,total,200,-0.00570454192501447,0.022526373202044078,0.06196883981093859,0.20028485113394445
failed-only-recovery-14,55,matched,estimation,200,-0.0023912674892528716,0.002454989997688121,0.0037678680010776455,0.004418597363670451
failed-only-recovery-14,55,matched,operator,200,0.0,0.0,0.0,0.0
failed-only-recovery-14,55,matched,total,200,-0.0023912674892528716,0.002454989997688121,0.0037678680010776455,0.004418597363670451
failed-only-recovery-14,56,analytic,estimation,200,0.001584453615949459,0.0016818255777856835,0.0026571065702358787,0.002719969775440423
failed-only-recovery-14,56,analytic,operator,200,0.0036692156488857186,0.03149085305245837,0.14391968482457734,0.23372889685995846
failed-only-recovery-14,56,analytic,total,200,0.005253669264835178,0.03171868414337527,0.1454766644852454,0.235632514904126
failed-only-recovery-14,56,matched,estimation,200,0.0015727816885796838,0.0016734850305991295,0.0026564472112351467,0.0027201063605399867
failed-only-recovery-14,56,matched,operator,200,0.0,0.0,0.0,0.0
failed-only-recovery-14,56,matched,total,200,0.0015727816885796838,0.0016734850305991295,0.0026564472112351467,0.0027201063605399867
failed-only-recovery-14,57,analytic,estimation,200,0.0008346604153607345,0.0010698736288478649,0.002236377749485763,0.002369258453234546
failed-only-recovery-14,57,analytic,operator,200,0.0036668473479538975,0.03396628636676274,0.16369156227041182,0.18992560342290057
failed-only-recovery-14,57,analytic,total,200,0.004501507763314632,0.03421527855474025,0.16581403645373238,0.19204595584720183
failed-only-recovery-14,57,matched,estimation,200,0.0008168186167615877,0.0010459688658837753,0.0021630818222435066,0.00236483732992554
failed-only-recovery-14,57,matched,operator,200,0.0,0.0,0.0,0.0
failed-only-recovery-14,57,matched,total,200,0.0008168186167615877,0.0010459688658837753,0.0021630818222435066,0.00236483732992554
failed-only-recovery-14,58,analytic,estimation,200,0.0013178151066821618,0.0019458815684002043,0.004497416734378978,0.004546271043046168
failed-only-recovery-14,58,analytic,operator,200,-0.0027911279156639457,0.06089648027287295,0.19423539289463287,0.3483527896978236
failed-only-recovery-14,58,analytic,total,200,-0.001473312808981784,0.061281237030510485,0.1981873756783431,0.3490819975712964
failed-only-recovery-14,58,matched,estimation,200,0.0013383642314368641,0.0018845736923269224,0.004262117104187668,0.004672450446504883
failed-only-recovery-14,58,matched,operator,200,0.0,0.0,0.0,0.0
failed-only-recovery-14,58,matched,total,200,0.0013383642314368641,0.0018845736923269224,0.004262117104187668,0.004672450446504883
failed-only-recovery-14,59,analytic,estimation,200,0.0003397851086865766,0.0013130395290502923,0.002717702510891054,0.002891360849086047
failed-only-recovery-14,59,analytic,operator,200,-0.007488343045208343,0.056687899814453616,0.21726226579610516,0.28866547957335664
failed-only-recovery-14,59,analytic,total,200,-0.007148557936521766,0.05675275623771985,0.21734704520056156,0.28923271625217917
failed-only-recovery-14,59,matched,estimation,200,0.00037057738176804944,0.0013263037477547833,0.002789717449274802,0.002893233333530608
failed-only-recovery-14,59,matched,operator,200,0.0,0.0,0.0,0.0
failed-only-recovery-14,59,matched,total,200,0.00037057738176804944,0.0013263037477547833,0.002789717449274802,0.002893233333530608
failed-only-recovery-14,60,analytic,estimation,200,-0.00551679223986563,0.005746713347571381,0.009471942947767431,0.009608025033760237
failed-only-recovery-14,60,analytic,operator,200,-0.0012246175419389754,0.04239460499219053,0.18640784987061992,0.20617293535707631
failed-only-recovery-14,60,analytic,total,200,-0.006741409781804605,0.04284259766294728,0.18353844391323748,0.21049948078095154
failed-only-recovery-14,60,matched,estimation,200,-0.00550519601899141,0.0057365504355823506,0.009317902563399372,0.009609161653072018
failed-only-recovery-14,60,matched,operator,200,0.0,0.0,0.0,0.0
failed-only-recovery-14,60,matched,total,200,-0.00550519601899141,0.0057365504355823506,0.009317902563399372,0.009609161653072018
failed-only-recovery-14,61,analytic,estimation,200,0.002559721247828243,0.0029487524687672627,0.005401832252415084,0.005665900458920681
failed-only-recovery-14,61,analytic,operator,200,0.0008043199466524161,0.03367758810628925,0.14175468157158158,0.1755519874657134
failed-only-recovery-14,61,analytic,total,200,0.0033640411944806598,0.03413813243880437,0.13996001034294223,0.17982102662483715
failed-only-recovery-14,61,matched,estimation,200,0.002556826357328679,0.002929847070572858,0.005250197525054789,0.005880845083829023
failed-only-recovery-14,61,matched,operator,200,0.0,0.0,0.0,0.0
failed-only-recovery-14,61,matched,total,200,0.002556826357328679,0.002929847070572858,0.005250197525054789,0.005880845083829023
failed-only-recovery-14,62,analytic,estimation,200,0.0013858474033405829,0.0019811928125960626,0.004242034017662599,0.004256207058544126
failed-only-recovery-14,62,analytic,operator,200,-0.0037581700393067964,0.05038107430513459,0.1722378250530197,0.19972626422471915
failed-only-recovery-14,62,analytic,total,200,-0.002372322635966213,0.05066947726277997,0.17389596318621836,0.20218302189388518
failed-only-recovery-14,62,matched,estimation,200,0.0013940065874250371,0.0019343236116569477,0.004239080812274032,0.004471001314267531
failed-only-recovery-14,62,matched,operator,200,0.0,0.0,0.0,0.0
failed-only-recovery-14,62,matched,total,200,0.0013940065874250371,0.0019343236116569477,0.004239080812274032,0.004471001314267531
failed-only-recovery-14,63,analytic,estimation,200,0.00010678446432368157,0.00043604608393997866,0.0010833828403093437,0.0015145242958668481
failed-only-recovery-14,63,analytic,operator,200,-0.0004906985018901396,0.021089644263080222,0.07187830007569324,0.19575768235483337
failed-only-recovery-14,63,analytic,total,200,-0.00038391403756645804,0.021153874242824017,0.07216729884714347,0.1964045698263267
failed-only-recovery-14,63,matched,estimation,200,0.00011068328748034157,0.0004284015425291086,0.0011528385053343748,0.0014634963705760784
failed-only-recovery-14,63,matched,operator,200,0.0,0.0,0.0,0.0
failed-only-recovery-14,63,matched,total,200,0.00011068328748034157,0.0004284015425291086,0.0011528385053343748,0.0014634963705760784
failed-only-recovery-14,64,analytic,estimation,200,-0.0002699500657021875,0.00031660726178215325,0.000562096508232135,0.0006230400709595907
failed-only-recovery-14,64,analytic,operator,200,0.0008573358526045661,0.01826703004234429,0.0686846231000103,0.09492943768291887
failed-only-recovery-14,64,analytic,total,200,0.0005873857869023786,0.01823983923742932,0.06876030729763383,0.09436958199908549
failed-only-recovery-14,64,matched,estimation,200,-0.00026718170888125607,0.00030812185372223767,0.000580527951525342,0.000600567017508602
failed-only-recovery-14,64,matched,operator,200,0.0,0.0,0.0,0.0
failed-only-recovery-14,64,matched,total,200,-0.00026718170888125607,0.00030812185372223767,0.000580527951525342,0.000600567017508602
failed-only-recovery-14,65,analytic,estimation,200,0.0006542883721928989,0.0007041931561608725,0.0009727666006870139,0.0009817321806620538
failed-only-recovery-14,65,analytic,operator,200,0.0012019390266043576,0.012854003963438955,0.04710187067454611,0.07873703461166315
failed-only-recovery-14,65,analytic,total,200,0.0018562273987972567,0.012873870981001009,0.04710187067454611,0.07872549366796355
failed-only-recovery-14,65,matched,estimation,200,0.0006558749502297058,0.0007039741576942821,0.0009727347049522939,0.0009816054327855817
failed-only-recovery-14,65,matched,operator,200,0.0,0.0,0.0,0.0
failed-only-recovery-14,65,matched,total,200,0.0006558749502297058,0.0007039741576942821,0.0009727347049522939,0.0009816054327855817
failed-only-recovery-14,66,analytic,estimation,200,-0.0002145542184742645,0.00027449170607638597,0.00046062212930715607,0.00046633180682832676
failed-only-recovery-14,66,analytic,operator,200,-0.0003273496515895314,0.008832229142787546,0.03735628888777551,0.05134650133823768
failed-only-recovery-14,66,analytic,total,200,-0.0005419038700637958,0.008804749267814596,0.0374370080057192,0.051457978320944314
failed-only-recovery-14,66,matched,estimation,200,-0.00021644085093893854,0.0002726982555118496,0.0004717472857847793,0.000494189429045111
failed-only-recovery-14,66,matched,operator,200,0.0,0.0,0.0,0.0
failed-only-recovery-14,66,matched,total,200,-0.00021644085093893854,0.0002726982555118496,0.0004717472857847793,0.000494189429045111
failed-only-recovery-14,67,analytic,estimation,200,0.004853729510247187,0.0052154518206151464,0.00805940440375208,0.008187889271848103
failed-only-recovery-14,67,analytic,operator,200,0.006538994322968992,0.053241554781070136,0.18732534409738777,0.2207047150675914
failed-only-recovery-14,67,analytic,total,200,0.011392723833216179,0.05417039259024388,0.19316860988510787,0.22440439606366205
failed-only-recovery-14,67,matched,estimation,200,0.004849854704921847,0.005211098440639058,0.007921056499670565,0.008133826310890546
failed-only-recovery-14,67,matched,operator,200,0.0,0.0,0.0,0.0
failed-only-recovery-14,67,matched,total,200,0.004849854704921847,0.005211098440639058,0.007921056499670565,0.008133826310890546
failed-only-recovery-14,68,analytic,estimation,200,-0.003016009881360809,0.0033930489565576955,0.006804148296694734,0.007362557397229352
failed-only-recovery-14,68,analytic,operator,200,0.0037605690622248937,0.05598099209030501,0.21614449862167148,0.22628902250937488
failed-only-recovery-14,68,analytic,total,200,0.0007445591808640849,0.05615814850055517,0.213550250920416,0.22501198827104651
failed-only-recovery-14,68,matched,estimation,200,-0.003021717379444088,0.003380042072004406,0.006467986221425637,0.006884123971329759
failed-only-recovery-14,68,matched,operator,200,0.0,0.0,0.0,0.0
failed-only-recovery-14,68,matched,total,200,-0.003021717379444088,0.003380042072004406,0.006467986221425637,0.006884123971329759
failed-only-recovery-14,69,analytic,estimation,200,-0.0032601213650061828,0.0040824844054885125,0.007096170349453701,0.007627899439178076
failed-only-recovery-14,69,analytic,operator,200,-0.00034726965368750016,0.04274991128877518,0.1427797655769636,0.1665796725201839
failed-only-recovery-14,69,analytic,total,200,-0.003607391018693683,0.04312088672864827,0.14102162437478039,0.16519471926539042
failed-only-recovery-14,69,matched,estimation,200,-0.003289900344333449,0.004095470069073287,0.007218276874888296,0.007646251591588715
failed-only-recovery-14,69,matched,operator,200,0.0,0.0,0.0,0.0
failed-only-recovery-14,69,matched,total,200,-0.003289900344333449,0.004095470069073287,0.007218276874888296,0.007646251591588715
failed-only-recovery-14,70,analytic,estimation,200,0.000582887145064713,0.0010271839773653647,0.002605320287858426,0.0033069099561957582
failed-only-recovery-14,70,analytic,operator,200,0.0017928901452360952,0.05047927159874339,0.19703513860342386,0.23361532523453127
failed-only-recovery-14,70,analytic,total,200,0.002375777290300808,0.05058204223844541,0.19763641179880698,0.23468931109912866
failed-only-recovery-14,70,matched,estimation,200,0.0005647012623600313,0.001007119626413709,0.002678127510253425,0.003305571798980278
failed-only-recovery-14,70,matched,operator,200,0.0,0.0,0.0,0.0
failed-only-recovery-14,70,matched,total,200,0.0005647012623600313,0.001007119626413709,0.002678127510253425,0.003305571798980278
failed-only-recovery-14,71,analytic,estimation,200,0.0011158672106846897,0.0016535216184489652,0.0037004488540405556,0.0038810012242288527
failed-only-recovery-14,71,analytic,operator,200,0.002114505836699832,0.041776006307672565,0.14573127221181326,0.1986876150362551
failed-only-recovery-14,71,analytic,total,200,0.0032303730473845216,0.042006367315199696,0.1462109877545958,0.19872154671679576
failed-only-recovery-14,71,matched,estimation,200,0.0011420853427855863,0.0016549804051790894,0.0034481116341801843,0.004158512565836325
failed-only-recovery-14,71,matched,operator,200,0.0,0.0,0.0,0.0
failed-only-recovery-14,71,matched,total,200,0.0011420853427855863,0.0016549804051790894,0.0034481116341801843,0.004158512565836325
failed-only-recovery-14,72,analytic,estimation,200,-0.0006480826474621367,0.0009900933038957972,0.0031959613599219783,0.0035493558948296727
failed-only-recovery-14,72,analytic,operator,200,-0.0009423099452529238,0.014709197899119378,0.07095023930807051,0.11297956965384831
failed-only-recovery-14,72,analytic,total,200,-0.0015903925927150606,0.014971427610450028,0.0744995952029002,0.11349641021866935
failed-only-recovery-14,72,matched,estimation,200,-0.000641301170699808,0.0009666238527438448,0.0030705418454143873,0.0035402005673887543
failed-only-recovery-14,72,matched,operator,200,0.0,0.0,0.0,0.0
failed-only-recovery-14,72,matched,total,200,-0.000641301170699808,0.0009666238527438448,0.0030705418454143873,0.0035402005673887543
failed-only-recovery-14,73,analytic,estimation,200,-0.0007985111954985017,0.0018107023879192763,0.006827606834809652,0.006923846553890556
failed-only-recovery-14,73,analytic,operator,200,0.005283816143529454,0.05530805479421744,0.1948863133067651,0.28264557520227485
failed-only-recovery-14,73,analytic,total,200,0.004485304948030952,0.05540916862258706,0.19547706341692794,0.28196158628832757
failed-only-recovery-14,73,matched,estimation,200,-0.0008285291923305398,0.001810338626897886,0.006583643938723904,0.007001086205759233
failed-only-recovery-14,73,matched,operator,200,0.0,0.0,0.0,0.0
failed-only-recovery-14,73,matched,total,200,-0.0008285291923305398,0.001810338626897886,0.006583643938723904,0.007001086205759233
failed-only-recovery-14,74,analytic,estimation,200,0.0014244084985851582,0.0017232581227060906,0.00343134421124347,0.003451830440612702
failed-only-recovery-14,74,analytic,operator,200,-0.0011039071347161771,0.05903148607979478,0.19714395342665275,0.282584691278835
failed-only-recovery-14,74,analytic,total,200,0.00032050136386898144,0.059126106990108604,0.19834274424024065,0.28503222466375155
failed-only-recovery-14,74,matched,estimation,200,0.001426226757258208,0.0017201305972106013,0.003451973242574624,0.003479690653917622
failed-only-recovery-14,74,matched,operator,200,0.0,0.0,0.0,0.0
failed-only-recovery-14,74,matched,total,200,0.001426226757258208,0.0017201305972106013,0.003451973242574624,0.003479690653917622
failed-only-recovery-14,75,analytic,estimation,200,-0.003172224095099036,0.0033848634139259466,0.006147065110175376,0.0068869704088227734
failed-only-recovery-14,75,analytic,operator,200,-0.0018088804719443687,0.045249289149182206,0.19687373248654977,0.23159008658749353
failed-only-recovery-14,75,analytic,total,200,-0.004981104567043405,0.04552523010906259,0.19306692924689367,0.23402329755104284
failed-only-recovery-14,75,matched,estimation,200,-0.0031635790924500317,0.003380747570810226,0.006180540671760437,0.006956987423629962
failed-only-recovery-14,75,matched,operator,200,0.0,0.0,0.0,0.0
failed-only-recovery-14,75,matched,total,200,-0.0031635790924500317,0.003380747570810226,0.006180540671760437,0.006956987423629962
failed-only-recovery-14,76,analytic,estimation,200,0.0010328117401752275,0.0013635350432901557,0.003185378176381093,0.0033225698880228194
failed-only-recovery-14,76,analytic,operator,200,4.225008295192507e-06,0.038395984402188055,0.15687386828382693,0.20284568123009095
failed-only-recovery-14,76,analytic,total,200,0.00103703674847042,0.03845269951387079,0.15911972846693906,0.20155903610801063
failed-only-recovery-14,76,matched,estimation,200,0.0010366932828290033,0.0013649750350363996,0.003206819092267832,0.0033394320692701207
failed-only-recovery-14,76,matched,operator,200,0.0,0.0,0.0,0.0
failed-only-recovery-14,76,matched,total,200,0.0010366932828290033,0.0013649750350363996,0.003206819092267832,0.0033394320692701207
failed-only-recovery-14,77,analytic,estimation,200,-0.0010349946330152778,0.001403209469407014,0.002774984381678891,0.002810237989364195
failed-only-recovery-14,77,analytic,operator,200,-0.0025125707422447977,0.06520371081322777,0.23384454483282452,0.3368108238623277
failed-only-recovery-14,77,analytic,total,200,-0.003547565375260076,0.06550531643263958,0.23617781106637264,0.33913271547018325
failed-only-recovery-14,77,matched,estimation,200,-0.0010374916145267875,0.0013905166362394457,0.002740463405745963,0.0027995271741859673
failed-only-recovery-14,77,matched,operator,200,0.0,0.0,0.0,0.0
failed-only-recovery-14,77,matched,total,200,-0.0010374916145267875,0.0013905166362394457,0.002740463405745963,0.0027995271741859673
failed-only-recovery-14,78,analytic,estimation,200,2.7216174489470143e-06,0.0005428851375811459,0.001599471040610867,0.0016988863362662476
failed-only-recovery-14,78,analytic,operator,200,-0.0006346748355975487,0.035491315178189556,0.12766905613851,0.23561994995351065
failed-only-recovery-14,78,analytic,total,200,-0.0006319532181486018,0.03551834541257825,0.12671930239004667,0.23519612682743762
failed-only-recovery-14,78,matched,estimation,200,5.647511844290166e-06,0.0005305751157311055,0.0016058072848665894,0.0018027932405102476
failed-only-recovery-14,78,matched,operator,200,0.0,0.0,0.0,0.0
failed-only-recovery-14,78,matched,total,200,5.647511844290166e-06,0.0005305751157311055,0.0016058072848665894,0.0018027932405102476
failed-only-recovery-14,79,analytic,estimation,200,0.0001402712732931915,0.0006177253935326824,0.0018424085429464832,0.0018459760646953871
failed-only-recovery-14,79,analytic,operator,200,-0.0029634192661335016,0.02808677389396817,0.13724425120392866,0.17566384724255774
failed-only-recovery-14,79,analytic,total,200,-0.00282314799284031,0.028113188781542592,0.13647007017641807,0.17633576642493903
failed-only-recovery-14,79,matched,estimation,200,0.00013155589760029669,0.0006084999911957209,0.0019006243180279547,0.00196285616998515
failed-only-recovery-14,79,matched,operator,200,0.0,0.0,0.0,0.0
failed-only-recovery-14,79,matched,total,200,0.00013155589760029669,0.0006084999911957209,0.0019006243180279547,0.00196285616998515
failed-only-recovery-14,80,analytic,estimation,200,0.0016577046869174442,0.0021331629008101835,0.003986232334512119,0.004109911595338689
failed-only-recovery-14,80,analytic,operator,200,-0.0009394435801462075,0.04930178262031549,0.19296609417333388,0.21482581319042682
failed-only-recovery-14,80,analytic,total,200,0.0007182611067712368,0.04943637586219654,0.19682980560042967,0.21397093103924747
failed-only-recovery-14,80,matched,estimation,200,0.0016421842598433251,0.0021132393897997466,0.004057457329110337,0.004235136344610924
failed-only-recovery-14,80,matched,operator,200,0.0,0.0,0.0,0.0
failed-only-recovery-14,80,matched,total,200,0.0016421842598433251,0.0021132393897997466,0.004057457329110337,0.004235136344610924
failed-only-recovery-14,81,analytic,estimation,200,0.0008963082066554542,0.0016774752813805604,0.004701504754397234,0.005540682894472848
failed-only-recovery-14,81,analytic,operator,200,-0.004215146211943759,0.05205919533259471,0.16970095100400343,0.1907848907843666
failed-only-recovery-14,81,analytic,total,200,-0.0033188380052883043,0.05210184742824288,0.17127108795240115,0.1889579921249045
failed-only-recovery-14,81,matched,estimation,200,0.0009189968004490981,0.001680819831543471,0.0047195129280548365,0.005459585826561142
failed-only-recovery-14,81,matched,operator,200,0.0,0.0,0.0,0.0
failed-only-recovery-14,81,matched,total,200,0.0009189968004490981,0.001680819831543471,0.0047195129280548365,0.005459585826561142
failed-only-recovery-14,82,analytic,estimation,200,-0.0002019351996267113,0.0009344360228742468,0.0023119363841592744,0.0026774758271315147
failed-only-recovery-14,82,analytic,operator,200,0.003575907626058212,0.05279573936403645,0.17309304603304454,0.20709277699551154
failed-only-recovery-14,82,analytic,total,200,0.0033739724264315006,0.052968795121096715,0.1749551410008371,0.2069451606448729
failed-only-recovery-14,82,matched,estimation,200,-0.00021363281417726812,0.0009042927776129122,0.002293116736362233,0.0024330057423009865
failed-only-recovery-14,82,matched,operator,200,0.0,0.0,0.0,0.0
failed-only-recovery-14,82,matched,total,200,-0.00021363281417726812,0.0009042927776129122,0.002293116736362233,0.0024330057423009865
failed-only-recovery-14,83,analytic,estimation,200,0.0006434472833707044,0.0010276394639154394,0.0029135489951789273,0.0029170646530761735
failed-only-recovery-14,83,analytic,operator,200,-0.0019165834848297483,0.03565349032830455,0.139384912168794,0.1809722779468128
failed-only-recovery-14,83,analytic,total,200,-0.001273136201459044,0.03561139126632477,0.14227499346412703,0.1809455074654417
failed-only-recovery-14,83,matched,estimation,200,0.0006453142030401911,0.0010073255709643686,0.0028064667989648497,0.0028209150114439363
failed-only-recovery-14,83,matched,operator,200,0.0,0.0,0.0,0.0
failed-only-recovery-14,83,matched,total,200,0.0006453142030401911,0.0010073255709643686,0.0028064667989648497,0.0028209150114439363
failed-only-recovery-14,84,analytic,estimation,200,-0.00042925557881445407,0.0006661253803878908,0.001770365002020935,0.0018045014809047188
failed-only-recovery-14,84,analytic,operator,200,0.0008295573558259109,0.0474673778122086,0.16417863759585552,0.21209908256247534
failed-only-recovery-14,84,analytic,total,200,0.00040030177701145674,0.04757033884923483,0.164097371702486,0.21305718025607773
failed-only-recovery-14,84,matched,estimation,200,-0.0004209736537397802,0.0006476494473051218,0.0017552672842711947,0.0018883283981596666
failed-only-recovery-14,84,matched,operator,200,0.0,0.0,0.0,0.0
failed-only-recovery-14,84,matched,total,200,-0.0004209736537397802,0.0006476494473051218,0.0017552672842711947,0.0018883283981596666
failed-only-recovery-14,85,analytic,estimation,200,0.0008034241200214005,0.001143291838092979,0.0021843956780605023,0.002243148249424509
failed-only-recovery-14,85,analytic,operator,200,0.0005203987760336487,0.02646766157193932,0.10545721060089625,0.1710471379603137
failed-only-recovery-14,85,analytic,total,200,0.0013238228960550493,0.02662157477810803,0.10524007071483998,0.1730605834992674
failed-only-recovery-14,85,matched,estimation,200,0.0008038298027581021,0.0011339135934698718,0.002184595854580529,0.0022484950894114952
failed-only-recovery-14,85,matched,operator,200,0.0,0.0,0.0,0.0
failed-only-recovery-14,85,matched,total,200,0.0008038298027581021,0.0011339135934698718,0.002184595854580529,0.0022484950894114952
failed-only-recovery-14,86,analytic,estimation,200,-0.0007352246303009795,0.0011035776585607531,0.001929459714702042,0.0019762763458622823
failed-only-recovery-14,86,analytic,operator,200,-0.0008090435011608098,0.027642776589378717,0.10355541005497765,0.1555520541291898
failed-only-recovery-14,86,analytic,total,200,-0.0015442681314617893,0.027777198070506794,0.10531785031613358,0.15599852210687418
failed-only-recovery-14,86,matched,estimation,200,-0.0007359447268970913,0.0010920768868757675,0.0019270269269070495,0.0020200525073427456
failed-only-recovery-14,86,matched,operator,200,0.0,0.0,0.0,0.0
failed-only-recovery-14,86,matched,total,200,-0.0007359447268970913,0.0010920768868757675,0.0019270269269070495,0.0020200525073427456
failed-only-recovery-14,87,analytic,estimation,200,-0.0004695546243665611,0.0009277176840021221,0.002173001868534641,0.00225262507860835
failed-only-recovery-14,87,analytic,operator,200,-0.004513509480172138,0.02483905214893116,0.096219579355598,0.16213427209847991
failed-only-recovery-14,87,analytic,total,200,-0.0049830641045386995,0.024984053499143465,0.098246858227798,0.16243386264555598
failed-only-recovery-14,87,matched,estimation,200,-0.0004654776531129104,0.0009038642629290238,0.002190129233714533,0.00233088833196593
failed-only-recovery-14,87,matched,operator,200,0.0,0.0,0.0,0.0
failed-only-recovery-14,87,matched,total,200,-0.0004654776531129104,0.0009038642629290238,0.002190129233714533,0.00233088833196593
failed-only-recovery-14,88,analytic,estimation,200,0.0013667332430564005,0.0014660713348073427,0.0023989409266604034,0.0024828471526661122
failed-only-recovery-14,88,analytic,operator,200,0.0044819128686227954,0.03266570879697274,0.12684747388287165,0.1792087924183417
failed-only-recovery-14,88,analytic,total,200,0.005848646111679195,0.032989874457328566,0.12810519124171205,0.18130438374959335
failed-only-recovery-14,88,matched,estimation,200,0.0013562797136775823,0.0014523976422230159,0.0023345562771969197,0.0023619172079339112
failed-only-recovery-14,88,matched,operator,200,0.0,0.0,0.0,0.0
failed-only-recovery-14,88,matched,total,200,0.0013562797136775823,0.0014523976422230159,0.0023345562771969197,0.0023619172079339112
failed-only-recovery-14,89,analytic,estimation,200,0.000761493795833797,0.0009841038894875729,0.0020291239691379026,0.0020732553255253805
failed-only-recovery-14,89,analytic,operator,200,0.00024157468457946475,0.026782930449864024,0.11755590653313785,0.15016924029821094
failed-only-recovery-14,89,analytic,total,200,0.0010030684804132617,0.02684820789415469,0.1164087533723217,0.15037005583399177
failed-only-recovery-14,89,matched,estimation,200,0.0007634653382006975,0.000978791497245984,0.002016898788236965,0.002034131539663586
failed-only-recovery-14,89,matched,operator,200,0.0,0.0,0.0,0.0
failed-only-recovery-14,89,matched,total,200,0.0007634653382006975,0.000978791497245984,0.002016898788236965,0.002034131539663586
failed-only-recovery-14,90,analytic,estimation,200,-0.0022711636644421164,0.002449002226168534,0.006423037722660174,0.007310642861698469
failed-only-recovery-14,90,analytic,operator,200,-0.0005076640609459388,0.017658695791967518,0.06419323259940501,0.1072735881903738
failed-only-recovery-14,90,analytic,total,200,-0.002778827725388055,0.017925666970370697,0.06125646128494633,0.10987903651454026
failed-only-recovery-14,90,matched,estimation,200,-0.002259835003762288,0.0024375553951379685,0.006417751554334439,0.0071620573535322585
failed-only-recovery-14,90,matched,operator,200,0.0,0.0,0.0,0.0
failed-only-recovery-14,90,matched,total,200,-0.002259835003762288,0.0024375553951379685,0.006417751554334439,0.0071620573535322585
failed-only-recovery-14,91,analytic,estimation,200,0.0005898000935723757,0.0007381790663410021,0.0015202441932796185,0.001623876985450079
failed-only-recovery-14,91,analytic,operator,200,0.0003522387371465444,0.02154886541047435,0.09371432106006258,0.10081095052681452
failed-only-recovery-14,91,analytic,total,200,0.00094203883071892,0.021652962044477298,0.09445650994169558,0.10196328149690437
failed-only-recovery-14,91,matched,estimation,200,0.0005913676363338188,0.0007342762146610651,0.0015308921356727012,0.0016559580522533812
failed-only-recovery-14,91,matched,operator,200,0.0,0.0,0.0,0.0
failed-only-recovery-14,91,matched,total,200,0.0005913676363338188,0.0007342762146610651,0.0015308921356727012,0.0016559580522533812
failed-only-recovery-14,92,analytic,estimation,200,0.0002126329188472939,0.001288962753546534,0.0027520579657767663,0.0029045761348186483
failed-only-recovery-14,92,analytic,operator,200,0.0018786229892725783,0.06594372271663915,0.21051854693015698,0.334574391228646
failed-only-recovery-14,92,analytic,total,200,0.0020912559081198725,0.06624762002070442,0.2133998776892168,0.3364804947569093
failed-only-recovery-14,92,matched,estimation,200,0.00020323521745163348,0.0012370579439806757,0.0025222627181573642,0.0026731863375359932
failed-only-recovery-14,92,matched,operator,200,0.0,0.0,0.0,0.0
failed-only-recovery-14,92,matched,total,200,0.00020323521745163348,0.0012370579439806757,0.0025222627181573642,0.0026731863375359932
failed-only-recovery-14,93,analytic,estimation,200,0.002052241340841039,0.0024474868781052188,0.004946846870800714,0.005085575227968597
failed-only-recovery-14,93,analytic,operator,200,0.008737235133701391,0.06214733193837705,0.19711212397223188,0.22404529595507397
failed-only-recovery-14,93,analytic,total,200,0.01078947647454243,0.0626317075572408,0.19910793291048623,0.22079262142525968
failed-only-recovery-14,93,matched,estimation,200,0.002047174107527527,0.0024375400408266916,0.004946983850274256,0.005084143485737269
failed-only-recovery-14,93,matched,operator,200,0.0,0.0,0.0,0.0
failed-only-recovery-14,93,matched,total,200,0.002047174107527527,0.0024375400408266916,0.004946983850274256,0.005084143485737269
failed-only-recovery-14,94,analytic,estimation,200,-0.0022317005194399013,0.002397920910513893,0.003970952513758008,0.004037921152705348
failed-only-recovery-14,94,analytic,operator,200,-0.005789424106617278,0.045114546208218746,0.16848344505442275,0.19861417124369524
failed-only-recovery-14,94,analytic,total,200,-0.00802112462605718,0.0454666961905583,0.16529516582752474,0.19900990575774458
failed-only-recovery-14,94,matched,estimation,200,-0.0022233642859556214,0.0023911670493672937,0.003961437459736428,0.004037506055725837
failed-only-recovery-14,94,matched,operator,200,0.0,0.0,0.0,0.0
failed-only-recovery-14,94,matched,total,200,-0.0022233642859556214,0.0023911670493672937,0.003961437459736428,0.004037506055725837
failed-only-recovery-14,95,analytic,estimation,200,0.0008854363150490377,0.0011432816376982366,0.0024169218152136906,0.0030814231628669697
failed-only-recovery-14,95,analytic,operator,200,-0.0005134980363428021,0.047102568958767445,0.1828701071762806,0.22594884985770508
failed-only-recovery-14,95,analytic,total,200,0.0003719382787062355,0.0471557398291031,0.18238591451011965,0.22461907215874838
failed-only-recovery-14,95,matched,estimation,200,0.00088495762279442,0.0011333543330640336,0.0024170721828813413,0.0030815476662697516
failed-only-recovery-14,95,matched,operator,200,0.0,0.0,0.0,0.0
failed-only-recovery-14,95,matched,total,200,0.00088495762279442,0.0011333543330640336,0.0024170721828813413,0.0030815476662697516
failed-only-recovery-14,96,analytic,estimation,200,-0.0007642846849348984,0.0010115091988287324,0.002036642838505305,0.0020607474039991136
failed-only-recovery-14,96,analytic,operator,200,-0.005704560910788169,0.04134103733417557,0.1520449550152998,0.23605591435536064
failed-only-recovery-14,96,analytic,total,200,-0.006468845595723067,0.041559949957288185,0.1520449550152998,0.23751494202152068
failed-only-recovery-14,96,matched,estimation,200,-0.0007311446350164116,0.0009796154696583947,0.0020516345095103264,0.0020618379402172343
failed-only-recovery-14,96,matched,operator,200,0.0,0.0,0.0,0.0
failed-only-recovery-14,96,matched,total,200,-0.0007311446350164116,0.0009796154696583947,0.0020516345095103264,0.0020618379402172343
failed-only-recovery-14,97,analytic,estimation,200,0.0007743275035251848,0.0010758744142253401,0.001960886789720284,0.0021305562353359786
failed-only-recovery-14,97,analytic,operator,200,0.0018838735148767175,0.027036443215452767,0.10689361228403352,0.1488397884691135
failed-only-recovery-14,97,analytic,total,200,0.002658201018401902,0.027092786038415164,0.10800555297221226,0.1487410835044905
failed-only-recovery-14,97,matched,estimation,200,0.0007704486100800332,0.0010793528052959237,0.0019673559942694485,0.0022104778701002026
failed-only-recovery-14,97,matched,operator,200,0.0,0.0,0.0,0.0
failed-only-recovery-14,97,matched,total,200,0.0007704486100800332,0.0010793528052959237,0.0019673559942694485,0.0022104778701002026
failed-only-recovery-14,98,analytic,estimation,200,-0.00043206752805225753,0.0007023431677891659,0.0018886909990017964,0.0020505667993686583
failed-only-recovery-14,98,analytic,operator,200,0.00111039945819884,0.019509315541701575,0.09946113973189263,0.13638589736882228
failed-only-recovery-14,98,analytic,total,200,0.0006783319301465824,0.019562953542186356,0.09935937085703578,0.13776882958888198
failed-only-recovery-14,98,matched,estimation,200,-0.00043490979360847796,0.0007015075638587928,0.0018887545709550535,0.002129834283234766
failed-only-recovery-14,98,matched,operator,200,0.0,0.0,0.0,0.0
failed-only-recovery-14,98,matched,total,200,-0.00043490979360847796,0.0007015075638587928,0.0018887545709550535,0.002129834283234766
failed-only-recovery-14,99,analytic,estimation,200,-0.00027441272267045893,0.0005206657334925262,0.001225089229984877,0.001276092599178963
failed-only-recovery-14,99,analytic,operator,200,-0.0014477523205894014,0.023156577216626093,0.09363976172301558,0.12793252492381818
failed-only-recovery-14,99,analytic,total,200,-0.0017221650432598604,0.02326383296706049,0.09408807634921251,0.12857087485206503
failed-only-recovery-14,99,matched,estimation,200,-0.00027881559127929204,0.0005224236250380155,0.0012914072785179531,0.0013426033626417477
failed-only-recovery-14,99,matched,operator,200,0.0,0.0,0.0,0.0
failed-only-recovery-14,99,matched,total,200,-0.00027881559127929204,0.0005224236250380155,0.0012914072785179531,0.0013426033626417477
failed-only-recovery-14,100,analytic,estimation,200,-5.793370303842759e-06,0.0004299378888171762,0.0011593973542631808,0.0012538227417673298
failed-only-recovery-14,100,analytic,operator,200,-0.002928015565256493,0.016595448113108736,0.06353820057008121,0.08127406019338772
failed-only-recovery-14,100,analytic,total,200,-0.0029338089355603362,0.016633608664797305,0.0636460789468328,0.08153776960516236
failed-only-recovery-14,100,matched,estimation,200,1.4757388718931929e-05,0.00042391506732676165,0.0010701905757219965,0.001217237675460836
failed-only-recovery-14,100,matched,operator,200,0.0,0.0,0.0,0.0
failed-only-recovery-14,100,matched,total,200,1.4757388718931929e-05,0.00042391506732676165,0.0010701905757219965,0.001217237675460836
failed-only-recovery-14,101,analytic,estimation,200,-0.00040087067663411885,0.0005600969267474547,0.0012403562302635285,0.0013179614955715069
failed-only-recovery-14,101,analytic,operator,200,-0.0008988948584345706,0.01651753990595597,0.06251876703106699,0.07905383573946428
failed-only-recovery-14,101,analytic,total,200,-0.0012997655350686893,0.016484839526840177,0.06300265607832276,0.07901167858367614
failed-only-recovery-14,101,matched,estimation,200,-0.00039638411644784725,0.0005525373406344115,0.001260265932042648,0.0013326940076768823
failed-only-recovery-14,101,matched,operator,200,0.0,0.0,0.0,0.0
failed-only-recovery-14,101,matched,total,200,-0.00039638411644784725,0.0005525373406344115,0.001260265932042648,0.0013326940076768823
failed-only-recovery-14,102,analytic,estimation,200,-0.0006025763614169838,0.0008066080737235068,0.0018331085279298387,0.0021097160075318477
failed-only-recovery-14,102,analytic,operator,200,-0.0021086717615996357,0.01867957097711973,0.07762486848495011,0.08915320786762893
failed-only-recovery-14,102,analytic,total,200,-0.0027112481230166198,0.018729834121964467,0.07812361090307149,0.08763901950286979
failed-only-recovery-14,102,matched,estimation,200,-0.0005933224549788187,0.0007885896362222192,0.0017210546045942632,0.0019669284873130577
failed-only-recovery-14,102,matched,operator,200,0.0,0.0,0.0,0.0
failed-only-recovery-14,102,matched,total,200,-0.0005933224549788187,0.0007885896362222192,0.0017210546045942632,0.0019669284873130577
failed-only-recovery-14,103,analytic,estimation,200,0.0011010891252689512,0.001183787154796359,0.0017724315852707673,0.0019975919757652116
failed-only-recovery-14,103,analytic,operator,200,-0.0016012197903272447,0.015203905742828224,0.055409158662210425,0.07044312331770955
failed-only-recovery-14,103,analytic,total,200,-0.0005001306650582933,0.01517067181058361,0.054402695882344684,0.06944549054656825
failed-only-recovery-14,103,matched,estimation,200,0.0010996311879108928,0.0011803362590154783,0.0017751170328745795,0.0018625168658668173
failed-only-recovery-14,103,matched,operator,200,0.0,0.0,0.0,0.0
failed-only-recovery-14,103,matched,total,200,0.0010996311879108928,0.0011803362590154783,0.0017751170328745795,0.0018625168658668173
failed-only-recovery-14,104,analytic,estimation,200,0.001422804479325724,0.0015212360154810167,0.0029644168063848175,0.002995653536733256
failed-only-recovery-14,104,analytic,operator,200,0.00012453197339162375,0.01317629216539582,0.051584420858776014,0.09204472622856019
failed-only-recovery-14,104,analytic,total,200,0.001547336452717348,0.013236940342753602,0.053661105423170236,0.09023601654224517
failed-only-recovery-14,104,matched,estimation,200,0.0014248852733184398,0.0015221686190257575,0.003011845950183112,0.003040618322322608
failed-only-recovery-14,104,matched,operator,200,0.0,0.0,0.0,0.0
failed-only-recovery-14,104,matched,total,200,0.0014248852733184398,0.0015221686190257575,0.003011845950183112,0.003040618322322608
failed-only-recovery-14,105,analytic,estimation,200,-0.0017257030693840466,0.0018092834894319978,0.0024408391649851646,0.002455266430254066
failed-only-recovery-14,105,analytic,operator,200,0.0011692545835332616,0.014909730041853888,0.05622013117169375,0.08080834710112092
failed-only-recovery-14,105,analytic,total,200,-0.0005564484858507851,0.01486506109125231,0.05535117410561388,0.07862326971533701
failed-only-recovery-14,105,matched,estimation,200,-0.0017259001079192391,0.0018085840014382812,0.002402375155916403,0.0024510410796964865
failed-only-recovery-14,105,matched,operator,200,0.0,0.0,0.0,0.0
failed-only-recovery-14,105,matched,total,200,-0.0017259001079192391,0.0018085840014382812,0.002402375155916403,0.0024510410796964865
failed-only-recovery-14,106,analytic,estimation,200,0.001916713817144467,0.002370544204912943,0.004686250657536917,0.005058719313686816
failed-only-recovery-14,106,analytic,operator,200,-0.003800304302417965,0.0716619814967329,0.2808312303641689,0.36390425798069037
failed-only-recovery-14,106,analytic,total,200,-0.0018835904852734983,0.07179351169423154,0.28068745176388665,0.363728858504215
failed-only-recovery-14,106,matched,estimation,200,0.0019108206330465999,0.0023579145463846875,0.004662568173146919,0.005027376753860641
failed-only-recovery-14,106,matched,operator,200,0.0,0.0,0.0,0.0
failed-only-recovery-14,106,matched,total,200,0.0019108206330465999,0.0023579145463846875,0.004662568173146919,0.005027376753860641
failed-only-recovery-14,107,analytic,estimation,200,0.0002474531250044956,0.0009816004087821043,0.0026833227133300497,0.0028472530979937183
failed-only-recovery-14,107,analytic,operator,200,-0.006008350419259246,0.0631289155711387,0.21811248526653162,0.26073298233665343
failed-only-recovery-14,107,analytic,total,200,-0.005760897294254751,0.06327477661697048,0.21803801640311588,0.261059058205705
failed-only-recovery-14,107,matched,estimation,200,0.00024266402267398483,0.0009714582087212209,0.0026831156442077564,0.0028460563917191983
failed-only-recovery-14,107,matched,operator,200,0.0,0.0,0.0,0.0
failed-only-recovery-14,107,matched,total,200,0.00024266402267398483,0.0009714582087212209,0.0026831156442077564,0.0028460563917191983
failed-only-recovery-14,108,analytic,estimation,200,-0.0003059330269866516,0.0010147626308642003,0.0017965883912531844,0.0019263411698876576
failed-only-recovery-14,108,analytic,operator,200,-0.005418711720591774,0.04383206856501496,0.15603152167810086,0.20439481344699537
failed-only-recovery-14,108,analytic,total,200,-0.005724644747578427,0.043905897921618545,0.15763528391103798,0.20461538654170777
failed-only-recovery-14,108,matched,estimation,200,-0.00030024654990967476,0.0010222366623192489,0.0018179831985662975,0.0021004795118951813
failed-only-recovery-14,108,matched,operator,200,0.0,0.0,0.0,0.0
failed-only-recovery-14,108,matched,total,200,-0.00030024654990967476,0.0010222366623192489,0.0018179831985662975,0.0021004795118951813
failed-only-recovery-14,109,analytic,estimation,200,0.00038195950533340324,0.0009797606200314534,0.002087126531875594,0.002790797066436923
failed-only-recovery-14,109,analytic,operator,200,-0.0020957926620754457,0.04034836432257116,0.1294898348131306,0.18999208801005377
failed-only-recovery-14,109,analytic,total,200,-0.0017138331567420426,0.04047182759091803,0.12916030736248496,0.19027046375531959
failed-only-recovery-14,109,matched,estimation,200,0.0003859223688532888,0.0009759930049637076,0.002271655471508538,0.002813066993479385
failed-only-recovery-14,109,matched,operator,200,0.0,0.0,0.0,0.0
failed-only-recovery-14,109,matched,total,200,0.0003859223688532888,0.0009759930049637076,0.002271655471508538,0.002813066993479385
failed-only-recovery-14,110,analytic,estimation,200,-0.00037074335211220304,0.0010111620993637459,0.003903730409013928,0.004123446838974587
failed-only-recovery-14,110,analytic,operator,200,0.001036355302322718,0.06452549306703775,0.20952047126372542,0.2322738887273434
failed-only-recovery-14,110,analytic,total,200,0.0006656119502105149,0.06472132381064478,0.20944004869511684,0.23209085836456228
failed-only-recovery-14,110,matched,estimation,200,-0.0003569825311815842,0.0009770855442640667,0.0037466452459522515,0.0042848368094867695
failed-only-recovery-14,110,matched,operator,200,0.0,0.0,0.0,0.0
failed-only-recovery-14,110,matched,total,200,-0.0003569825311815842,0.0009770855442640667,0.0037466452459522515,0.0042848368094867695
failed-only-recovery-14,111,analytic,estimation,200,0.0008717797366095706,0.001135881072334743,0.002374376319719984,0.002418819184216714
failed-only-recovery-14,111,analytic,operator,200,0.0011495406674104994,0.0341213092412575,0.17273666305279056,0.23694234860422614
failed-only-recovery-14,111,analytic,total,200,0.00202132040402007,0.03426663310310621,0.17379447433667328,0.2370159358712809
failed-only-recovery-14,111,matched,estimation,200,0.0008705742469491645,0.0011323208184511602,0.0023740837128106707,0.002418041608344988
failed-only-recovery-14,111,matched,operator,200,0.0,0.0,0.0,0.0
failed-only-recovery-14,111,matched,total,200,0.0008705742469491645,0.0011323208184511602,0.0023740837128106707,0.002418041608344988
failed-only-recovery-14,112,analytic,estimation,200,0.00027587804438921335,0.0005580612557370485,0.0023891778582205703,0.002774367829182278
failed-only-recovery-14,112,analytic,operator,200,0.0009314260981470742,0.0319954145356774,0.17043799209280755,0.23359075232012189
failed-only-recovery-14,112,analytic,total,200,0.0012073041425362874,0.0320188300142638,0.17033111708630286,0.23344300113889688
failed-only-recovery-14,112,matched,estimation,200,0.0002811086738133783,0.0005596915884665044,0.0024185375280725285,0.00260629078064345
failed-only-recovery-14,112,matched,operator,200,0.0,0.0,0.0,0.0
failed-only-recovery-14,112,matched,total,200,0.0002811086738133783,0.0005596915884665044,0.0024185375280725285,0.00260629078064345
failed-only-recovery-14,113,analytic,estimation,200,-0.000562986086923923,0.0007169932671748769,0.0015069827465423735,0.001539420667229674
failed-only-recovery-14,113,analytic,operator,200,0.0016711699808730578,0.02930072425534203,0.1133868826642242,0.21963755555884432
failed-only-recovery-14,113,analytic,total,200,0.001108183893949135,0.029312649170386677,0.11321707875778592,0.2198562744654108
failed-only-recovery-14,113,matched,estimation,200,-0.0005642043594515938,0.0007155127935178863,0.0015059303764668464,0.0015392954280852855
failed-only-recovery-14,113,matched,operator,200,0.0,0.0,0.0,0.0
failed-only-recovery-14,113,matched,total,200,-0.0005642043594515938,0.0007155127935178863,0.0015059303764668464,0.0015392954280852855
failed-only-recovery-14,114,analytic,estimation,200,0.0006072258970708292,0.0010634171028844183,0.002949688489801705,0.003044107844741628
failed-only-recovery-14,114,analytic,operator,200,-0.008101069023312854,0.05345058018357496,0.16127810839236026,0.173371171661318
failed-only-recovery-14,114,analytic,total,200,-0.007493843126242025,0.05337801711720957,0.15992996777376547,0.17455747460170878
failed-only-recovery-14,114,matched,estimation,200,0.0006221675165848543,0.0010707564549440858,0.002949050472027981,0.003092448298060546
failed-only-recovery-14,114,matched,operator,200,0.0,0.0,0.0,0.0
failed-only-recovery-14,114,matched,total,200,0.0006221675165848543,0.0010707564549440858,0.002949050472027981,0.003092448298060546
failed-only-recovery-14,115,analytic,estimation,200,0.0002576847010601753,0.0006868982501883969,0.0016779687206707194,0.002055326791501111
failed-only-recovery-14,115,analytic,operator,200,-0.000226766532757307,0.053914158925272064,0.18271672997061417,0.25224306884954256
failed-only-recovery-14,115,analytic,total,200,3.091816830286831e-05,0.054007619321055564,0.18305835480266464,0.2532890740767443
failed-only-recovery-14,115,matched,estimation,200,0.00026085058451509645,0.0006656764220761165,0.0015941293074202,0.0020521723598836417
failed-only-recovery-14,115,matched,operator,200,0.0,0.0,0.0,0.0
failed-only-recovery-14,115,matched,total,200,0.00026085058451509645,0.0006656764220761165,0.0015941293074202,0.0020521723598836417
failed-only-recovery-14,116,analytic,estimation,200,-0.0009236069918420267,0.001177294844517218,0.0033851423829721616,0.003672275721806395
failed-only-recovery-14,116,analytic,operator,200,-0.0043318426398668555,0.04810455150758675,0.20191517705724038,0.2369250746740031
failed-only-recovery-14,116,analytic,total,200,-0.005255449631708882,0.048246837036570116,0.20056430634500844,0.24028631078646195
failed-only-recovery-14,116,matched,estimation,200,-0.0009131403256549608,0.0011635740806980235,0.003361085624649207,0.003624473140130924
failed-only-recovery-14,116,matched,operator,200,0.0,0.0,0.0,0.0
failed-only-recovery-14,116,matched,total,200,-0.0009131403256549608,0.0011635740806980235,0.003361085624649207,0.003624473140130924
failed-only-recovery-14,117,analytic,estimation,200,0.0007736492947486302,0.0014601868919591945,0.002768627856884809,0.003101014246688294
failed-only-recovery-14,117,analytic,operator,200,0.0003680748567034304,0.03042395106251848,0.11773049558048976,0.13276981739839958
failed-only-recovery-14,117,analytic,total,200,0.0011417241514520605,0.030579186666442368,0.1182898227556975,0.133250101104652
failed-only-recovery-14,117,matched,estimation,200,0.0007774115370799283,0.0014556059346683384,0.0027677264997039153,0.0031007854964126835
failed-only-recovery-14,117,matched,operator,200,0.0,0.0,0.0,0.0
failed-only-recovery-14,117,matched,total,200,0.0007774115370799283,0.0014556059346683384,0.0027677264997039153,0.0031007854964126835
failed-only-recovery-14,118,analytic,estimation,200,0.0008832055067018993,0.0012483141929389612,0.002899603008450713,0.0031556727890245106
failed-only-recovery-14,118,analytic,operator,200,0.0012183219550235644,0.05425107035864602,0.17683167048649628,0.2612586660167685
failed-only-recovery-14,118,analytic,total,200,0.002101527461725464,0.05437741723456227,0.17786081603247927,0.2606800388134497
failed-only-recovery-14,118,matched,estimation,200,0.0008697991387908019,0.0012404186255424421,0.002768984915753503,0.003189135601578519
failed-only-recovery-14,118,matched,operator,200,0.0,0.0,0.0,0.0
failed-only-recovery-14,118,matched,total,200,0.0008697991387908019,0.0012404186255424421,0.002768984915753503,0.003189135601578519
failed-only-recovery-14,119,analytic,estimation,200,-0.00019975796337964782,0.000622385638119019,0.0011512217888789977,0.00117809883860176
failed-only-recovery-14,119,analytic,operator,200,0.0026095662690281164,0.057838325638993826,0.22761326442762053,0.2641703221493108
failed-only-recovery-14,119,analytic,total,200,0.0024098083056484686,0.05795465952012732,0.2283801199298935,0.2644716473029084
failed-only-recovery-14,119,matched,estimation,200,-0.00021144411428194293,0.0006076585683943747,0.0011480524241891943,0.0011521673906025875
failed-only-recovery-14,119,matched,operator,200,0.0,0.0,0.0,0.0
failed-only-recovery-14,119,matched,total,200,-0.00021144411428194293,0.0006076585683943747,0.0011480524241891943,0.0011521673906025875
failed-only-recovery-14,120,analytic,estimation,200,-0.0014756781054194325,0.0016326458401933826,0.00338644558913348,0.003918877851793123
failed-only-recovery-14,120,analytic,operator,200,2.12762223945976e-05,0.02703599939686227,0.15050807705360258,0.17207767656355366
failed-only-recovery-14,120,analytic,total,200,-0.001454401883024835,0.027067441043504184,0.15196156772989855,0.16941738924097227
failed-only-recovery-14,120,matched,estimation,200,-0.0014799339089077682,0.001635310689476933,0.0033608952014305693,0.003824196095903565
failed-only-recovery-14,120,matched,operator,200,0.0,0.0,0.0,0.0
failed-only-recovery-14,120,matched,total,200,-0.0014799339089077682,0.001635310689476933,0.0033608952014305693,0.003824196095903565
failed-only-recovery-14,121,analytic,estimation,200,0.0012065188335923641,0.0013225629545151872,0.002041780397550541,0.002082431417342878
failed-only-recovery-14,121,analytic,operator,200,-0.0048343395916859225,0.03839397503109783,0.23560308443950306,0.30490764289510885
failed-only-recovery-14,121,analytic,total,200,-0.0036278207580935583,0.038250168666588584,0.23471891452186688,0.303392242870674
failed-only-recovery-14,121,matched,estimation,200,0.0012107667997921807,0.0013257669984998103,0.002056293558745259,0.0023042442658574025
failed-only-recovery-14,121,matched,operator,200,0.0,0.0,0.0,0.0
failed-only-recovery-14,121,matched,total,200,0.0012107667997921807,0.0013257669984998103,0.002056293558745259,0.0023042442658574025
failed-only-recovery-14,122,analytic,estimation,200,0.0007863553834049353,0.0009779066500650775,0.0020326175023724913,0.0020756193059782713
failed-only-recovery-14,122,analytic,operator,200,0.0008617882714272211,0.022382862425064813,0.10758419573012928,0.11458243930723555
failed-only-recovery-14,122,analytic,total,200,0.0016481436548321565,0.022473051235244235,0.10760854558282221,0.11663009975075933
failed-only-recovery-14,122,matched,estimation,200,0.0007937268734034676,0.0009828872161306195,0.0020372460383664692,0.002044203295219149
failed-only-recovery-14,122,matched,operator,200,0.0,0.0,0.0,0.0
failed-only-recovery-14,122,matched,total,200,0.0007937268734034676,0.0009828872161306195,0.0020372460383664692,0.002044203295219149
failed-only-recovery-14,123,analytic,estimation,200,-0.00033370982227405024,0.0011071848359002654,0.00487112211669638,0.0053344190579061035
failed-only-recovery-14,123,analytic,operator,200,-0.0015594936219163972,0.04378197075594939,0.1604189115477619,0.18226726785848216
failed-only-recovery-14,123,analytic,total,200,-0.0018932034441904474,0.04367843446608362,0.16036318553650175,0.18266514734829498
failed-only-recovery-14,123,matched,estimation,200,-0.0003264180827610204,0.0011143571456629074,0.004953603361227632,0.005352282755549442
failed-only-recovery-14,123,matched,operator,200,0.0,0.0,0.0,0.0
failed-only-recovery-14,123,matched,total,200,-0.0003264180827610204,0.0011143571456629074,0.004953603361227632,0.005352282755549442
failed-only-recovery-14,124,analytic,estimation,200,-0.00032652131208775047,0.0006413275528382176,0.0017974204866271215,0.0020778301384840603
failed-only-recovery-14,124,analytic,operator,200,0.0059163859236917495,0.06628154013359264,0.24652858083297927,0.4083807883393547
failed-only-recovery-14,124,analytic,total,200,0.005589864611603998,0.06632360278393926,0.24610853709434977,0.4077348856144874
failed-only-recovery-14,124,matched,estimation,200,-0.00033123297102195456,0.0006332173562902984,0.0018028364930855467,0.0020589806601152283
failed-only-recovery-14,124,matched,operator,200,0.0,0.0,0.0,0.0
failed-only-recovery-14,124,matched,total,200,-0.00033123297102195456,0.0006332173562902984,0.0018028364930855467,0.0020589806601152283
failed-only-recovery-14,125,analytic,estimation,200,0.0015246241063981672,0.002277969065797486,0.005496568166643512,0.005537117450671841
failed-only-recovery-14,125,analytic,operator,200,0.0012554405428712061,0.05202126601965666,0.21511593706448173,0.2674767339759906
failed-only-recovery-14,125,analytic,total,200,0.002780064649269373,0.05239910522413918,0.2139137070374295,0.2723987393597102
failed-only-recovery-14,125,matched,estimation,200,0.0015195793045257233,0.0022576867183264336,0.005500739331124223,0.005536976700252161
failed-only-recovery-14,125,matched,operator,200,0.0,0.0,0.0,0.0
failed-only-recovery-14,125,matched,total,200,0.0015195793045257233,0.0022576867183264336,0.005500739331124223,0.005536976700252161
failed-only-recovery-14,126,analytic,estimation,200,-0.0007216415304977465,0.0011663146338204134,0.002175197792099237,0.0023221737385070718
failed-only-recovery-14,126,analytic,operator,200,-0.0005677798237362152,0.04459571611308569,0.19004635239511186,0.25876084271717503
failed-only-recovery-14,126,analytic,total,200,-0.0012894213542339618,0.04491151231537668,0.19110107225268638,0.2586938243356446
failed-only-recovery-14,126,matched,estimation,200,-0.0007271145547249194,0.001146073465575581,0.002212745403559868,0.0023724310688204575
failed-only-recovery-14,126,matched,operator,200,0.0,0.0,0.0,0.0
failed-only-recovery-14,126,matched,total,200,-0.0007271145547249194,0.001146073465575581,0.002212745403559868,0.0023724310688204575
failed-only-recovery-14,127,analytic,estimation,200,3.8779452833361245e-05,0.0006040396323436761,0.0025178308481876854,0.002767654006599063
failed-only-recovery-14,127,analytic,operator,200,0.002956072706021885,0.05442348147376566,0.19614575331625866,0.37175981630647154
failed-only-recovery-14,127,analytic,total,200,0.0029948521588552463,0.054376394128271804,0.19585828275483894,0.3723827001929918
failed-only-recovery-14,127,matched,estimation,200,4.636534468993344e-05,0.0005999025019232195,0.0025235142316661907,0.002765546278781894
failed-only-recovery-14,127,matched,operator,200,0.0,0.0,0.0,0.0
failed-only-recovery-14,127,matched,total,200,4.636534468993344e-05,0.0005999025019232195,0.0025235142316661907,0.002765546278781894
failed-only-recovery-14,128,analytic,estimation,200,-0.00046127178857723603,0.0006302851819770136,0.0010137504217009319,0.0010345292308212573
failed-only-recovery-14,128,analytic,operator,200,0.0011835691986378726,0.011381545790314527,0.03936764473966772,0.1212408787830388
failed-only-recovery-14,128,analytic,total,200,0.0007222974100606366,0.011341138272471208,0.03868425978336995,0.12035063813101568
failed-only-recovery-14,128,matched,estimation,200,-0.00046236267676583366,0.0006302440427867738,0.0010243737418550447,0.0010699662961902168
failed-only-recovery-14,128,matched,operator,200,0.0,0.0,0.0,0.0
failed-only-recovery-14,128,matched,total,200,-0.00046236267676583366,0.0006302440427867738,0.0010243737418550447,0.0010699662961902168
failed-only-recovery-14,129,analytic,estimation,200,-0.0002910422844819327,0.0011500416961731951,0.00393527367504154,0.0041056767867422295
failed-only-recovery-14,129,analytic,operator,200,-0.002388941474215008,0.06055321959490822,0.2475231141247152,0.3108034743586289
failed-only-recovery-14,129,analytic,total,200,-0.002679983758696941,0.06070857212464211,0.24846654803749005,0.31130098455637756
failed-only-recovery-14,129,matched,estimation,200,-0.0002920110407702491,0.0011438579791401508,0.0038417821725955648,0.004104499136819317
failed-only-recovery-14,129,matched,operator,200,0.0,0.0,0.0,0.0
failed-only-recovery-14,129,matched,total,200,-0.0002920110407702491,0.0011438579791401508,0.0038417821725955648,0.004104499136819317
failed-only-recovery-14,130,analytic,estimation,200,0.00198777896742216,0.002641603552658874,0.006912508489737235,0.007033018123277168
failed-only-recovery-14,130,analytic,operator,200,0.00175226645782209,0.0496263313142328,0.1714589796738124,0.20155625708664904
failed-only-recovery-14,130,analytic,total,200,0.0037400454252442504,0.04980516210963024,0.17404452866416253,0.2038721522694798
failed-only-recovery-14,130,matched,estimation,200,0.0019510277984568938,0.002609960219569807,0.006912073251380102,0.0070056528791579975
failed-only-recovery-14,130,matched,operator,200,0.0,0.0,0.0,0.0
failed-only-recovery-14,130,matched,total,200,0.0019510277984568938,0.002609960219569807,0.006912073251380102,0.0070056528791579975
failed-only-recovery-14,131,analytic,estimation,200,-0.0025425655473353547,0.002915197019538844,0.004711212699633149,0.004823655460612641
failed-only-recovery-14,131,analytic,operator,200,0.012485535444838993,0.0565549027385114,0.17760140111573575,0.38410484232635317
failed-only-recovery-14,131,analytic,total,200,0.009942969897503639,0.05624242385017427,0.17697037297797247,0.3837846495120291
failed-only-recovery-14,131,matched,estimation,200,-0.002569110838106104,0.0029392725996222856,0.0046880067192287544,0.004762757104845194
failed-only-recovery-14,131,matched,operator,200,0.0,0.0,0.0,0.0
failed-only-recovery-14,131,matched,total,200,-0.002569110838106104,0.0029392725996222856,0.0046880067192287544,0.004762757104845194
failed-only-recovery-14,132,analytic,estimation,200,0.0012849012521603841,0.001959391002309522,0.005337611733207792,0.005583998189193862
failed-only-recovery-14,132,analytic,operator,200,-0.00026766399588990127,0.04243459186350462,0.17848522920573928,0.19756551990514626
failed-only-recovery-14,132,analytic,total,200,0.001017237256270483,0.042514994617168636,0.17998469134412787,0.19603589197436505
failed-only-recovery-14,132,matched,estimation,200,0.0012780030428706816,0.0019384188232466043,0.0054597126698265885,0.005541418986059865
failed-only-recovery-14,132,matched,operator,200,0.0,0.0,0.0,0.0
failed-only-recovery-14,132,matched,total,200,0.0012780030428706816,0.0019384188232466043,0.0054597126698265885,0.005541418986059865
failed-only-recovery-14,133,analytic,estimation,200,0.0002822370628593475,0.0011093644510377471,0.004171626977706011,0.004555278563064924
failed-only-recovery-14,133,analytic,operator,200,0.007346380118407912,0.0473331225559667,0.18155225050140006,0.20872849058363785
failed-only-recovery-14,133,analytic,total,200,0.00762861718126726,0.04760234949767186,0.1831988345597793,0.21050049382335667
failed-only-recovery-14,133,matched,estimation,200,0.00026007168725743495,0.0011043216956071167,0.0041448032933890655,0.004561815034130001
failed-only-recovery-14,133,matched,operator,200,0.0,0.0,0.0,0.0
failed-only-recovery-14,133,matched,total,200,0.00026007168725743495,0.0011043216956071167,0.0041448032933890655,0.004561815034130001
failed-only-recovery-14,134,analytic,estimation,200,0.0028839324220865936,0.0033100669191151815,0.005442724365963825,0.006288556275708013
failed-only-recovery-14,134,analytic,operator,200,-0.004609270344700448,0.05925448642575268,0.20867625831545447,0.31554006627745423
failed-only-recovery-14,134,analytic,total,200,-0.0017253379226138544,0.05913165511525253,0.2120558819046939,0.31632313088526937
failed-only-recovery-14,134,matched,estimation,200,0.0028864883744492624,0.003309464731379317,0.0054262263723070525,0.006296018137832204
failed-only-recovery-14,134,matched,operator,200,0.0,0.0,0.0,0.0
failed-only-recovery-14,134,matched,total,200,0.0028864883744492624,0.003309464731379317,0.0054262263723070525,0.006296018137832204
failed-only-recovery-14,135,analytic,estimation,200,-0.000586229092102154,0.0015042025822971452,0.00331827353425701,0.003362527752841127
failed-only-recovery-14,135,analytic,operator,200,0.00669991816188427,0.05966435193718143,0.1862864939316266,0.2033473658552472
failed-only-recovery-14,135,analytic,total,200,0.006113689069782117,0.05978609394446286,0.18767571439814962,0.20404477191491943
failed-only-recovery-14,135,matched,estimation,200,-0.000628344036053432,0.001515239773580766,0.003319915004107138,0.0033610038938952083
failed-only-recovery-14,135,matched,operator,200,0.0,0.0,0.0,0.0
failed-only-recovery-14,135,matched,total,200,-0.000628344036053432,0.001515239773580766,0.003319915004107138,0.0033610038938952083
failed-only-recovery-14,136,analytic,estimation,200,-0.0003901470753175481,0.001452695949491274,0.0032203551119354967,0.0032289261055212237
failed-only-recovery-14,136,analytic,operator,200,0.0005199481961812606,0.035786068405662404,0.14112488805184337,0.17087847343911888
failed-only-recovery-14,136,analytic,total,200,0.00012980112086371246,0.03602937376777741,0.14240989864554626,0.17114885337470698
failed-only-recovery-14,136,matched,estimation,200,-0.0004052363446406486,0.001439763184225392,0.003217121400342561,0.0032359059791470246
failed-only-recovery-14,136,matched,operator,200,0.0,0.0,0.0,0.0
failed-only-recovery-14,136,matched,total,200,-0.0004052363446406486,0.001439763184225392,0.003217121400342561,0.0032359059791470246
failed-only-recovery-14,137,analytic,estimation,200,0.0008905085401187875,0.0014939637965676945,0.0030682648159489623,0.003096876777057056
failed-only-recovery-14,137,analytic,operator,200,0.0032658497994174146,0.029931901072040953,0.13811725471146813,0.15158916497006708
failed-only-recovery-14,137,analytic,total,200,0.004156358339536202,0.030116919715807756,0.13989876784768168,0.15304995315814174
failed-only-recovery-14,137,matched,estimation,200,0.0008849496934001222,0.0014849359222923776,0.00308472572987023,0.003170708085780183
failed-only-recovery-14,137,matched,operator,200,0.0,0.0,0.0,0.0
failed-only-recovery-14,137,matched,total,200,0.0008849496934001222,0.0014849359222923776,0.00308472572987023,0.003170708085780183
failed-only-recovery-14,138,analytic,estimation,200,0.0004641496755396331,0.001073578742728446,0.0027022124289417526,0.002714104060043021
failed-only-recovery-14,138,analytic,operator,200,0.004270352112437683,0.06367730524483496,0.22144933992186244,0.24602680284705106
failed-only-recovery-14,138,analytic,total,200,0.004734501787977316,0.0639312040132054,0.2234039288356938,0.2455051203315987
failed-only-recovery-14,138,matched,estimation,200,0.0004434587801267633,0.0010399996185920149,0.00270231576307306,0.002740214317977163
failed-only-recovery-14,138,matched,operator,200,0.0,0.0,0.0,0.0
failed-only-recovery-14,138,matched,total,200,0.0004434587801267633,0.0010399996185920149,0.00270231576307306,0.002740214317977163
failed-only-recovery-14,139,analytic,estimation,200,-0.00013135582902288646,0.00044571852439149583,0.0012587703417610285,0.0013474134731703558
failed-only-recovery-14,139,analytic,operator,200,0.004318272582946029,0.029845458557437882,0.13517038111916754,0.20112240703900677
failed-only-recovery-14,139,analytic,total,200,0.004186916753923142,0.029833436405180914,0.13449436116654562,0.2008199605629632
failed-only-recovery-14,139,matched,estimation,200,-0.00013182093841962867,0.0004351118939972595,0.0012583315428673636,0.0013209658983757144
failed-only-recovery-14,139,matched,operator,200,0.0,0.0,0.0,0.0
failed-only-recovery-14,139,matched,total,200,-0.00013182093841962867,0.0004351118939972595,0.0012583315428673636,0.0013209658983757144
failed-only-recovery-14,140,analytic,estimation,200,-0.0008455936867217317,0.0011455250740028146,0.003288108048571381,0.0033078924042048152
failed-only-recovery-14,140,analytic,operator,200,0.0029448942605945698,0.03012029843336163,0.11635858958158071,0.18232245433341676
failed-only-recovery-14,140,analytic,total,200,0.0020993005738728383,0.030034911483175143,0.11763452480560935,0.1812592117234956
failed-only-recovery-14,140,matched,estimation,200,-0.00085554113941514,0.0011635199722765247,0.0033074698530354274,0.0033357177789193893
failed-only-recovery-14,140,matched,operator,200,0.0,0.0,0.0,0.0
failed-only-recovery-14,140,matched,total,200,-0.00085554113941514,0.0011635199722765247,0.0033074698530354274,0.0033357177789193893
failed-only-recovery-14,141,analytic,estimation,200,0.0008051728350461252,0.0015606647633139201,0.0029599900814767377,0.0030917309472903165
failed-only-recovery-14,141,analytic,operator,200,0.0010301372097081534,0.04585145037616596,0.15729088044402684,0.18643554689820896
failed-only-recovery-14,141,analytic,total,200,0.0018353100447542786,0.04609446478782776,0.15883769488265786,0.18883951435757063
failed-only-recovery-14,141,matched,estimation,200,0.0007931594869657651,0.001539920373546369,0.002969932702832856,0.0032488414092549656
failed-only-recovery-14,141,matched,operator,200,0.0,0.0,0.0,0.0
failed-only-recovery-14,141,matched,total,200,0.0007931594869657651,0.001539920373546369,0.002969932702832856,0.0032488414092549656
failed-only-recovery-14,142,analytic,estimation,200,0.0018025727823134633,0.0024081855087536136,0.005779497437213732,0.005816351859620872
failed-only-recovery-14,142,analytic,operator,200,-0.0027893648064049796,0.048657199686133815,0.17772372843522466,0.2289426883528496
failed-only-recovery-14,142,analytic,total,200,-0.0009867920240915165,0.04876519833011851,0.17686068364408836,0.22762980712166636
failed-only-recovery-14,142,matched,estimation,200,0.0018104456657279022,0.0024112526709503075,0.005696928022538628,0.005947714944205762
failed-only-recovery-14,142,matched,operator,200,0.0,0.0,0.0,0.0
failed-only-recovery-14,142,matched,total,200,0.0018104456657279022,0.0024112526709503075,0.005696928022538628,0.005947714944205762
failed-only-recovery-14,143,analytic,estimation,200,-0.001806834147214686,0.0020523496407192122,0.0036816322725184425,0.003730712200259806
failed-only-recovery-14,143,analytic,operator,200,-0.0009486024843037077,0.0417422206005152,0.17020377314815238,0.2106674821015294
failed-only-recovery-14,143,analytic,total,200,-0.0027554366315183936,0.04198610560992328,0.16827902766131153,0.21094430118716734
failed-only-recovery-14,143,matched,estimation,200,-0.0018090365649609194,0.0020461188851406474,0.0035835042594273836,0.0037414188195177
failed-only-recovery-14,143,matched,operator,200,0.0,0.0,0.0,0.0
failed-only-recovery-14,143,matched,total,200,-0.0018090365649609194,0.0020461188851406474,0.0035835042594273836,0.0037414188195177
failed-only-recovery-14,144,analytic,estimation,200,0.0015987099457697807,0.0017504355406284368,0.003478153278850926,0.003553309546727723
failed-only-recovery-14,144,analytic,operator,200,-0.005391682538210224,0.027455129930761362,0.11832709146270559,0.14491139281078072
failed-only-recovery-14,144,analytic,total,200,-0.003792972592440443,0.0273385349117382,0.12064297132008295,0.14405201873998164
failed-only-recovery-14,144,matched,estimation,200,0.0016211558906180138,0.0017664238401789753,0.003478093835021623,0.0035627579446680935
failed-only-recovery-14,144,matched,operator,200,0.0,0.0,0.0,0.0
failed-only-recovery-14,144,matched,total,200,0.0016211558906180138,0.0017664238401789753,0.003478093835021623,0.0035627579446680935
failed-only-recovery-14,145,analytic,estimation,200,1.7327071295811616e-05,0.0008614477922605302,0.0029152824021068113,0.0030682809546715983
failed-only-recovery-14,145,analytic,operator,200,0.0006825297891986333,0.04874148384530249,0.19883515568807078,0.24292975865229086
failed-only-recovery-14,145,analytic,total,200,0.0006998568604944448,0.04884907786338736,0.20009027433787588,0.24322793736865214
failed-only-recovery-14,145,matched,estimation,200,2.786720712525191e-05,0.0008412996104492235,0.002909769950594443,0.00307010932566798
failed-only-recovery-14,145,matched,operator,200,0.0,0.0,0.0,0.0
failed-only-recovery-14,145,matched,total,200,2.786720712525191e-05,0.0008412996104492235,0.002909769950594443,0.00307010932566798
failed-only-recovery-14,146,analytic,estimation,200,-0.00010107240818830591,0.00029365823025539664,0.0007663833929398289,0.0009388320062209965
failed-only-recovery-14,146,analytic,operator,200,0.00387257246851516,0.03396311568479128,0.13397422064944162,0.1808544153663199
failed-only-recovery-14,146,analytic,total,200,0.003771500060326854,0.03399222701133255,0.13397422064944162,0.1808544153663199
failed-only-recovery-14,146,matched,estimation,200,-0.00010328998389340701,0.00028370019371514664,0.0006845475474104024,0.0008303053597456395
failed-only-recovery-14,146,matched,operator,200,0.0,0.0,0.0,0.0
failed-only-recovery-14,146,matched,total,200,-0.00010328998389340701,0.00028370019371514664,0.0006845475474104024,0.0008303053597456395
failed-only-recovery-14,147,analytic,estimation,200,0.00045477743472004876,0.0006590884685371555,0.001914828119046752,0.0020316336116109057
failed-only-recovery-14,147,analytic,operator,200,0.004183089753710406,0.027506910949800307,0.10931298835107467,0.21440680330174955
failed-only-recovery-14,147,analytic,total,200,0.004637867188430454,0.027699627928900437,0.11134462196268557,0.2162366586880014
failed-only-recovery-14,147,matched,estimation,200,0.00044763353283738436,0.0006438826166127199,0.001843813112824333,0.0019707994227572967
failed-only-recovery-14,147,matched,operator,200,0.0,0.0,0.0,0.0
failed-only-recovery-14,147,matched,total,200,0.00044763353283738436,0.0006438826166127199,0.001843813112824333,0.0019707994227572967
failed-only-recovery-14,148,analytic,estimation,200,0.00034342083187138627,0.000668637608097174,0.0021157141659369216,0.002260002936346872
failed-only-recovery-14,148,analytic,operator,200,-0.0004005291718005408,0.014579915423392485,0.06547633471906061,0.12769206776171144
failed-only-recovery-14,148,analytic,total,200,-5.7108339929154564e-05,0.014623363072926896,0.06648148863522242,0.12761967916266792
failed-only-recovery-14,148,matched,estimation,200,0.000343981780094195,0.0006667775161195348,0.0021141201972227908,0.0022570289192651583
failed-only-recovery-14,148,matched,operator,200,0.0,0.0,0.0,0.0
failed-only-recovery-14,148,matched,total,200,0.000343981780094195,0.0006667775161195348,0.0021141201972227908,0.0022570289192651583
failed-only-recovery-14,149,analytic,estimation,200,0.002721048018247067,0.0029246575462608605,0.0044959458024177446,0.004924619089578863
failed-only-recovery-14,149,analytic,operator,200,-0.0004949313156980613,0.0549718612253575,0.21383009112632206,0.25770084035295515
failed-only-recovery-14,149,analytic,total,200,0.0022261167025490057,0.05512964946820234,0.21661120131437478,0.2560243942054715
failed-only-recovery-14,149,matched,estimation,200,0.002700841213708269,0.002901094414264857,0.0045284501256870335,0.004927961671203573
failed-only-recovery-14,149,matched,operator,200,0.0,0.0,0.0,0.0
failed-only-recovery-14,149,matched,total,200,0.002700841213708269,0.002901094414264857,0.0045284501256870335,0.004927961671203573
failed-only-recovery-14,150,analytic,estimation,200,-0.0002609148594418968,0.001287885315863247,0.003241380253359516,0.004136591554610103
failed-only-recovery-14,150,analytic,operator,200,0.0017256316140212649,0.052513668000499135,0.20877861553662902,0.2504380396811952
failed-only-recovery-14,150,analytic,total,200,0.0014647167545793682,0.05274814577152455,0.20773081955667344,0.25019469560817686
failed-only-recovery-14,150,matched,estimation,200,-0.0002691460418768721,0.0012658308892611928,0.0032548458175150063,0.004002846371168989
failed-only-recovery-14,150,matched,operator,200,0.0,0.0,0.0,0.0
failed-only-recovery-14,150,matched,total,200,-0.0002691460418768721,0.0012658308892611928,0.0032548458175150063,0.004002846371168989
failed-only-recovery-14,151,analytic,estimation,200,-0.00325086862697998,0.003548341940192729,0.0055882873996184745,0.005898582332450664
failed-only-recovery-14,151,analytic,operator,200,0.0050799593495282815,0.03712574211797097,0.12040293993211049,0.23280179647849486
failed-only-recovery-14,151,analytic,total,200,0.0018290907225483012,0.03706277225500657,0.11711686244559083,0.228116192539488
failed-only-recovery-14,151,matched,estimation,200,-0.003273429777113262,0.003565743169084641,0.005498521909143794,0.005633138808255556
failed-only-recovery-14,151,matched,operator,200,0.0,0.0,0.0,0.0
failed-only-recovery-14,151,matched,total,200,-0.003273429777113262,0.003565743169084641,0.005498521909143794,0.005633138808255556
failed-only-recovery-14,152,analytic,estimation,200,0.0015735427740128937,0.0018126543829438471,0.0033846563596761636,0.0035198417105543056
failed-only-recovery-14,152,analytic,operator,200,-0.001636108847944102,0.030456886361720056,0.1392924715708902,0.18212933267682713
failed-only-recovery-14,152,analytic,total,200,-6.256607393120821e-05,0.030638783311611118,0.1391040827017785,0.18164886939798358
failed-only-recovery-14,152,matched,estimation,200,0.001567751743925611,0.001795134956845933,0.0032818458327332767,0.003548591614874641
failed-only-recovery-14,152,matched,operator,200,0.0,0.0,0.0,0.0
failed-only-recovery-14,152,matched,total,200,0.001567751743925611,0.001795134956845933,0.0032818458327332767,0.003548591614874641
failed-only-recovery-14,153,analytic,estimation,200,-0.00010507754804059081,0.000793937288764768,0.002149361375639147,0.002610436570980146
failed-only-recovery-14,153,analytic,operator,200,-0.005445282240864205,0.053551698255415114,0.20614435990573404,0.31822765697788524
failed-only-recovery-14,153,analytic,total,200,-0.005550359788904796,0.05364068107790263,0.2065117822668131,0.31848578426796903
failed-only-recovery-14,153,matched,estimation,200,-6.254935106073182e-05,0.0007889625305480667,0.0022022061627604006,0.002412102792067383
failed-only-recovery-14,153,matched,operator,200,0.0,0.0,0.0,0.0
failed-only-recovery-14,153,matched,total,200,-6.254935106073182e-05,0.0007889625305480667,0.0022022061627604006,0.002412102792067383
failed-only-recovery-14,154,analytic,estimation,200,0.001679632128580934,0.0017558756718248627,0.0024828630558575426,0.002496147721067765
failed-only-recovery-14,154,analytic,operator,200,0.002145040336407571,0.02221693369333622,0.10871909566964044,0.17594226502971602
failed-only-recovery-14,154,analytic,total,200,0.003824672464988505,0.022462567553207722,0.11000356241630072,0.17801934513808979
failed-only-recovery-14,154,matched,estimation,200,0.0016734387109357165,0.0017484077806676065,0.002462970231085271,0.0025016682317788863
failed-only-recovery-14,154,matched,operator,200,0.0,0.0,0.0,0.0
failed-only-recovery-14,154,matched,total,200,0.0016734387109357165,0.0017484077806676065,0.002462970231085271,0.0025016682317788863
failed-only-recovery-14,155,analytic,estimation,200,-0.0007723849825359999,0.000885918800442476,0.0017773588356519987,0.0018128516462125877
failed-only-recovery-14,155,analytic,operator,200,0.0008502736393908701,0.021735519142431565,0.08948920721967549,0.09938003337607137
failed-only-recovery-14,155,analytic,total,200,7.788865685487022e-05,0.021674329012431576,0.08835925940289041,0.09831828182389
failed-only-recovery-14,155,matched,estimation,200,-0.0007675426749430707,0.0008795936019178135,0.0017771880169925591,0.0018129617161830591
failed-only-recovery-14,155,matched,operator,200,0.0,0.0,0.0,0.0
failed-only-recovery-14,155,matched,total,200,-0.0007675426749430707,0.0008795936019178135,0.0017771880169925591,0.0018129617161830591
failed-only-recovery-14,156,analytic,estimation,200,-0.0003766237084508996,0.0005801113594474326,0.0011256098048349622,0.0011511218429863038
failed-only-recovery-14,156,analytic,operator,200,-0.0027321058428003415,0.027510231249785154,0.09451955586972606,0.1838152610334776
failed-only-recovery-14,156,analytic,total,200,-0.0031087295512512414,0.027436510869168946,0.09475987374821035,0.1837963064827648
failed-only-recovery-14,156,matched,estimation,200,-0.00039571926522821753,0.0005804473230629567,0.0011277904776270456,0.0011539212211309421
failed-only-recovery-14,156,matched,operator,200,0.0,0.0,0.0,0.0
failed-only-recovery-14,156,matched,total,200,-0.00039571926522821753,0.0005804473230629567,0.0011277904776270456,0.0011539212211309421
failed-only-recovery-14,157,analytic,estimation,200,0.0031676862620650605,0.003343663058698366,0.005459495810284043,0.005532314262542415
failed-only-recovery-14,157,analytic,operator,200,-0.0016489387170966622,0.0418846365592674,0.15719568302692666,0.21755295039824585
failed-only-recovery-14,157,analytic,total,200,0.0015187475449683979,0.042081895703109794,0.16018606372667854,0.21700645941733498
failed-only-recovery-14,157,matched,estimation,200,0.0031754648038775975,0.0033476646665269133,0.005481469024791963,0.005815299839428634
failed-only-recovery-14,157,matched,operator,200,0.0,0.0,0.0,0.0
failed-only-recovery-14,157,matched,total,200,0.0031754648038775975,0.0033476646665269133,0.005481469024791963,0.005815299839428634
failed-only-recovery-14,158,analytic,estimation,200,-0.0010390526772111833,0.0015614287237939231,0.0033603895345075685,0.004293243187251772
failed-only-recovery-14,158,analytic,operator,200,0.006170744090866256,0.04384099699522729,0.16666508717160083,0.1889695836025198
failed-only-recovery-14,158,analytic,total,200,0.005131691413655073,0.043910454387454445,0.16494575765064545,0.18964743472481527
failed-only-recovery-14,158,matched,estimation,200,-0.0010712933481863808,0.0015636665026338556,0.0034800021618632826,0.004071271178058389
failed-only-recovery-14,158,matched,operator,200,0.0,0.0,0.0,0.0
failed-only-recovery-14,158,matched,total,200,-0.0010712933481863808,0.0015636665026338556,0.0034800021618632826,0.004071271178058389
failed-only-recovery-14,159,analytic,estimation,200,-0.0032430297177800916,0.0035053972799857047,0.00554310608919284,0.005747712214979717
failed-only-recovery-14,159,analytic,operator,200,0.001735708483715916,0.03823380792333233,0.14634943953675594,0.17671560642177347
failed-only-recovery-14,159,analytic,total,200,-0.0015073212340641756,0.03846259198153036,0.14384581985107192,0.17469541679889428
failed-only-recovery-14,159,matched,estimation,200,-0.003248805577275859,0.003504102996191644,0.005485404119141224,0.005567840140277502
failed-only-recovery-14,159,matched,operator,200,0.0,0.0,0.0,0.0
failed-only-recovery-14,159,matched,total,200,-0.003248805577275859,0.003504102996191644,0.005485404119141224,0.005567840140277502
failed-only-recovery-14,160,analytic,estimation,200,0.002417417141200129,0.0027555400293999277,0.0046477214118472165,0.004709540493405662
failed-only-recovery-14,160,analytic,operator,200,-0.004809116954687187,0.055857472872032646,0.24677240447168147,0.3323057862599868
failed-only-recovery-14,160,analytic,total,200,-0.0023916998134870583,0.05585294598042851,0.2460726455588239,0.3311739905344144
failed-only-recovery-14,160,matched,estimation,200,0.0024292883903501527,0.0027637684388507402,0.00474114997359365,0.004809573014415536
failed-only-recovery-14,160,matched,operator,200,0.0,0.0,0.0,0.0
failed-only-recovery-14,160,matched,total,200,0.0024292883903501527,0.0027637684388507402,0.00474114997359365,0.004809573014415536
failed-only-recovery-14,161,analytic,estimation,200,0.0014868853826409292,0.001958105703288806,0.0035024148412247103,0.0039009763196724556
failed-only-recovery-14,161,analytic,operator,200,0.0022592957498510802,0.05386760328201547,0.16958411742907642,0.22110098006337842
failed-only-recovery-14,161,analytic,total,200,0.00374618113249201,0.054317168395677025,0.16912792028695622,0.22235590396869298
failed-only-recovery-14,161,matched,estimation,200,0.001467869792860177,0.0019024905553820242,0.0034859568933320872,0.00351538735736745
failed-only-recovery-14,161,matched,operator,200,0.0,0.0,0.0,0.0
failed-only-recovery-14,161,matched,total,200,0.001467869792860177,0.0019024905553820242,0.0034859568933320872,0.00351538735736745
failed-only-recovery-14,162,analytic,estimation,200,0.0012577487180993646,0.0018969841217965405,0.005822222831894042,0.007878131132653898
failed-only-recovery-14,162,analytic,operator,200,0.0009991484584135977,0.0418168694952251,0.15881496515463245,0.21318996915296928
failed-only-recovery-14,162,analytic,total,200,0.002256897176512962,0.04209312333683641,0.15957260791863348,0.212405764587907
failed-only-recovery-14,162,matched,estimation,200,0.001255845393459417,0.0018910311987389047,0.006053626343055285,0.00772347227120429
failed-only-recovery-14,162,matched,operator,200,0.0,0.0,0.0,0.0
failed-only-recovery-14,162,matched,total,200,0.001255845393459417,0.0018910311987389047,0.006053626343055285,0.00772347227120429
failed-only-recovery-14,163,analytic,estimation,200,-0.003956072211621906,0.004107068237308365,0.00675909839184935,0.006856274948436436
failed-only-recovery-14,163,analytic,operator,200,0.0015363147398143428,0.031542072981435944,0.144504734753641,0.1816534645766819
failed-only-recovery-14,163,analytic,total,200,-0.0024197574718075633,0.03181605368003055,0.1512961464071958,0.18749085459862308
failed-only-recovery-14,163,matched,estimation,200,-0.003954438833343999,0.004099090351674909,0.006528178931014178,0.006811933400103443
failed-only-recovery-14,163,matched,operator,200,0.0,0.0,0.0,0.0
failed-only-recovery-14,163,matched,total,200,-0.003954438833343999,0.004099090351674909,0.006528178931014178,0.006811933400103443
failed-only-recovery-14,164,analytic,estimation,200,0.002440789838327106,0.0026477454697353543,0.003797783388803877,0.003893816806291861
failed-only-recovery-14,164,analytic,operator,200,0.00040110756143401115,0.02622175987222939,0.13723565665805854,0.184737198481581
failed-only-recovery-14,164,analytic,total,200,0.002841897399761117,0.026415197781025787,0.13995520808426348,0.18757539594135214
failed-only-recovery-14,164,matched,estimation,200,0.002433198921260582,0.0026403803859625648,0.0038091647729465716,0.0038990641246359203
failed-only-recovery-14,164,matched,operator,200,0.0,0.0,0.0,0.0
failed-only-recovery-14,164,matched,total,200,0.002433198921260582,0.0026403803859625648,0.0038091647729465716,0.0038990641246359203
failed-only-recovery-14,165,analytic,estimation,200,2.720812755956377e-05,0.0013469415533713704,0.003118150795017649,0.0032037572035429895
failed-only-recovery-14,165,analytic,operator,200,0.002480381012698611,0.03583492441299351,0.14171153537503073,0.18441154661604078
failed-only-recovery-14,165,analytic,total,200,0.0025075891402581746,0.03615098321739565,0.14152139196444802,0.18697650113304565
failed-only-recovery-14,165,matched,estimation,200,1.5505115821660312e-05,0.0013081772858750138,0.0031147845066372137,0.0032419955655255683
failed-only-recovery-14,165,matched,operator,200,0.0,0.0,0.0,0.0
failed-only-recovery-14,165,matched,total,200,1.5505115821660312e-05,0.0013081772858750138,0.0031147845066372137,0.0032419955655255683
failed-only-recovery-14,166,analytic,estimation,200,-0.0011721369276711032,0.0014141119169476645,0.0036255728745716587,0.004084678295807054
failed-only-recovery-14,166,analytic,operator,200,0.0022033472474806463,0.026670292546821142,0.10609178910190692,0.2547399576604625
failed-only-recovery-14,166,analytic,total,200,0.001031210319809543,0.0267257800285908,0.10897235284556908,0.2545823802737748
failed-only-recovery-14,166,matched,estimation,200,-0.001189762564278795,0.0014211132651122226,0.0036279439266216906,0.004276901866065996
failed-only-recovery-14,166,matched,operator,200,0.0,0.0,0.0,0.0
failed-only-recovery-14,166,matched,total,200,-0.001189762564278795,0.0014211132651122226,0.0036279439266216906,0.004276901866065996
failed-only-recovery-14,167,analytic,estimation,200,0.0008361536814997263,0.0014536758373454198,0.003932169308988431,0.005644091460168532
failed-only-recovery-14,167,analytic,operator,200,0.0007096366908140092,0.041393339758458124,0.1847934481051584,0.19315129816118803
failed-only-recovery-14,167,analytic,total,200,0.0015457903723137356,0.041660582531599315,0.18464971164845984,0.19519279776883192
failed-only-recovery-14,167,matched,estimation,200,0.0008480498117858034,0.0014399208678482435,0.00429035272729017,0.0055697787788289155
failed-only-recovery-14,167,matched,operator,200,0.0,0.0,0.0,0.0
failed-only-recovery-14,167,matched,total,200,0.0008480498117858034,0.0014399208678482435,0.00429035272729017,0.0055697787788289155
failed-only-recovery-14,168,analytic,estimation,200,0.0017384568765635045,0.0019143120579706119,0.0030214137405856767,0.0030906288114582736
failed-only-recovery-14,168,analytic,operator,200,0.0014777648578008199,0.0311376525969574,0.10245112214859775,0.29028264355927
failed-only-recovery-14,168,analytic,total,200,0.003216221734364324,0.03141727500729289,0.10547816478516125,0.2930452614406085
failed-only-recovery-14,168,matched,estimation,200,0.0017203473566861115,0.0018916833186874379,0.0028646357509582443,0.0030760994027627664
failed-only-recovery-14,168,matched,operator,200,0.0,0.0,0.0,0.0
failed-only-recovery-14,168,matched,total,200,0.0017203473566861115,0.0018916833186874379,0.0028646357509582443,0.0030760994027627664
