state_id,alpha,serial_id,qualified,A,truth_A,input_A,error_A,B,truth_B,input_B,error_B,C,truth_C,input_C,error_C
baseline-best-28,0,1,True,7.02193029266171,7.0,7.014983454261828,0.021930292661710205,0.5006700895866601,0.5,0.5006700895866601,0.0006700895866601497,-0.5924569879603302,-0.592,-0.5930831725930814,-0.00045698796033022404
baseline-best-28,0,2,True,5.994490391825485,6.0,5.9911146565021225,-0.005509608174515179,0.49973866680794166,0.5,0.49973866680794166,-0.00026133319205834393,0.2428943119657146,0.244,0.24515494342880295,-0.0011056880342854014
baseline-best-28,0,3,True,6.033325537473295,6.0,6.018750736346137,0.03332553747329481,0.5010547590387352,0.5,0.5010547590387352,0.001054759038735198,0.5587366589625915,0.559,0.5615401618309154,-0.00026334103740854875
baseline-best-28,0,4,True,7.993086588194563,8.0,8.000017983317747,-0.006913411805436809,0.4998623423840209,0.5,0.4998623423840209,-0.0001376576159791143,-0.6648616375052454,-0.665,-0.6675525948377169,0.00013836249475462914
baseline-best-28,0,5,True,6.012757989901904,6.0,6.020044223588184,0.012757989901904132,0.5004618081522624,0.5,0.5004618081522624,0.00046180815226237737,-0.27358337778793496,-0.274,-0.27592169482640605,0.00041662221206506533
baseline-best-28,0,6,True,6.009566610389118,6.0,6.014140818106266,0.009566610389118324,0.5002793496992273,0.5,0.5002793496992273,0.0002793496992272715,0.07232023815083369,0.073,0.07241739042966526,-0.0006797618491663077
baseline-best-28,0,7,True,16.006891205905657,16.0,16.004920537409042,0.006891205905656506,0.5000584211641425,0.5,0.5000584211641425,5.8421164142452575e-05,-0.1415843941598694,-0.141,-0.1410880220852972,-0.0005843941598694113
baseline-best-28,0,8,True,6.002933240302075,6.0,6.00324317981215,0.0029332403020747577,0.5001007016307941,0.5,0.5001007016307941,0.00010070163079411998,-0.06986845215283582,-0.07,-0.07018134995555728,0.00013154784716418177
baseline-best-28,0,9,True,7.012073723015502,7.0,7.0163979412176385,0.012073723015501692,0.5004557912719491,0.5,0.5004557912719491,0.00045579127194905755,-0.5899938330522282,-0.589,-0.5917472431261869,-0.0009938330522282213
baseline-best-28,0,10,True,5.992256294211545,6.0,5.991432004078723,-0.007743705788454847,0.49971507655631664,0.5,0.49971507655631664,-0.0002849234436833603,0.2353214012672383,0.235,0.23614193964111108,0.00032140126723831375
baseline-best-28,0,11,True,6.0056418557691975,6.0,6.007855572415117,0.005641855769197512,0.5001919524017013,0.5,0.5001919524017013,0.0001919524017013341,0.5588775065744014,0.559,0.5600298444661562,-0.00012249342559866871
baseline-best-28,0,12,True,8.002442900536362,8.0,8.002095805827139,0.0024429005363622025,0.5000695910924838,0.5,0.5000695910924838,6.959109248383388e-05,-0.6560760270510043,-0.656,-0.6565552178636033,-7.602705100429041e-05
baseline-best-28,0,13,True,5.991874166444722,6.0,5.992402145543509,-0.00812583355527785,0.49973767969807315,0.5,0.49973767969807315,-0.00026232030192685496,-0.1550991924589728,-0.156,-0.1558177907235096,0.0009008075410271987
baseline-best-28,0,14,True,6.009049781278308,6.0,6.008579772181128,0.009049781278307911,0.5003433251834623,0.5,0.5003433251834623,0.0003433251834622508,0.00651381950329384,0.007,0.006249303535987528,-0.00048618049670615983
baseline-best-28,0,15,True,6.006617851685251,6.0,6.004883154460864,0.006617851685250642,0.5002282548410959,0.5,0.5002282548410959,0.00022825484109589844,-0.20423401727934534,-0.204,-0.20415580891952737,-0.00023401727934535543
baseline-best-28,0,16,True,6.009782275740141,6.0,6.006806121791227,0.009782275740141344,0.5003124298826342,0.5,0.5003124298826342,0.0003124298826342464,-0.20579750340080363,-0.205,-0.20483740713516602,-0.0007975034008036452
baseline-best-28,0,17,True,6.0038716011194015,6.0,6.003412188510764,0.0038716011194015465,0.5001161001708639,0.5,0.5001161001708639,0.00011610017086394198,-0.17730038259372746,-0.177,-0.17748371439361021,-0.0003003825937274718
baseline-best-28,0,18,True,6.001415922016553,6.0,6.003161455030835,0.0014159220165526065,0.5000337406215977,0.5,0.5000337406215977,3.3740621597666554e-05,-0.1788758588583906,-0.179,-0.17961841650639468,0.00012414114160938516
baseline-best-28,0,19,True,6.0043135364794615,6.0,6.005784928528115,0.004313536479461533,0.5001486479475465,0.5,0.5001486479475465,0.00014864794754654298,-0.18204064275542264,-0.182,-0.1817884143057506,-4.06427554226485e-05
baseline-best-28,0,20,True,7.013591686178411,7.0,7.002774916227775,0.013591686178410889,0.5004411766584764,0.5,0.5004411766584764,0.0004411766584764276,-0.590783187356487,-0.59,-0.5922422527389682,-0.0007831873564870806
baseline-best-28,0,21,True,6.009423297003109,6.0,6.00191231796303,0.009423297003109177,0.5002906388560376,0.5,0.5002906388560376,0.0002906388560376394,0.2395306337932812,0.24,0.23952245717827536,-0.0004693662067187798
baseline-best-28,0,22,True,5.9964517683998,6.0,5.984881625455935,-0.0035482316001997916,0.49987146340634914,0.5,0.49987146340634914,-0.00012853659365086312,0.5576170787815402,0.558,0.5630537607707612,-0.00038292121845984184
baseline-best-28,0,23,True,7.990360496318984,8.0,7.991642808845202,-0.00963950368101596,0.4997648204881326,0.5,0.4997648204881326,-0.0002351795118674116,-0.6569167364181796,-0.658,-0.6592100995526017,0.0010832635818204261
baseline-best-28,0,24,True,5.993181295560526,6.0,6.00271250119292,-0.006818704439473855,0.4997446284199284,0.5,0.4997446284199284,-0.0002553715800716061,-0.2146833438450447,-0.215,-0.21637781486550667,0.0003166561549552971
baseline-best-28,0,25,True,5.9978195703002894,6.0,5.996403339237467,-0.002180429699710551,0.4999592661253823,0.5,0.4999592661253823,-4.0733874617726595e-05,-0.18977427704788002,-0.19,-0.18844604434511802,0.00022572295211997773
baseline-best-28,0,26,True,6.000695172972666,6.0,5.998177579791406,0.0006951729726658584,0.5000659013079534,0.5,0.5000659013079534,6.590130795336435e-05,0.1161977981427229,0.116,0.11655186642593443,0.0001977981427228881
baseline-best-28,0,27,True,6.992291707383916,7.0,6.998492121508055,-0.0077082926160843,0.4997391052449655,0.5,0.4997391052449655,-0.0002608947550344909,-0.6041686387464126,-0.604,-0.6067719196971818,-0.00016863874641259713
baseline-best-28,0,28,True,5.998009525944812,6.0,5.994366702985237,-0.0019904740551881517,0.49995962767229685,0.5,0.49995962767229685,-4.037232770315313e-05,0.9019615605137044,0.901,0.9060425462350856,0.0009615605137043293
baseline-best-28,0,29,True,6.999381337380919,7.0,6.999038443909977,-0.0006186626190807232,0.49997316485383286,0.5,0.49997316485383286,-2.683514616713678e-05,-0.9084111051667281,-0.908,-0.9100635519892915,-0.000411105166728043
baseline-best-28,0,30,True,6.997317327509916,7.0,6.997063842524171,-0.002682672490084137,0.4999150005696409,0.5,0.4999150005696409,-8.499943035911173e-05,-0.9061797929506811,-0.906,-0.9077286175964042,-0.00017979295068104584
baseline-best-28,0,31,True,7.007397765519507,7.0,7.013791787974003,0.007397765519507438,0.5002289555520358,0.5,0.5002289555520358,0.00022895555203583662,-0.5836986156490128,-0.584,-0.5854998332693226,0.0003013843509871439
baseline-best-28,0,32,True,5.980207875714665,6.0,5.985190090244748,-0.019792124285334722,0.4992870702126263,0.5,0.4992870702126263,-0.0007129297873736951,0.23441942393070878,0.235,0.2318167778585097,-0.000580576069291211
baseline-best-28,0,33,True,6.014492655226107,6.0,6.008587026641086,0.014492655226106876,0.500516819374485,0.5,0.500516819374485,0.0005168193744850003,0.5637768663572347,0.563,0.5679129060187781,0.000776866357234729
baseline-best-28,0,34,True,7.997475688476041,8.0,8.000080226487242,-0.002524311523958822,0.499969605138637,0.5,0.499969605138637,-3.0394861363025605e-05,-0.663457109773794,-0.663,-0.6656972664294503,-0.00045710977379398443
baseline-best-28,0,35,True,5.999123179474458,6.0,6.006368341157411,-0.0008768205255416106,0.49998962742125325,0.5,0.49998962742125325,-1.0372578746753458e-05,-0.1524796241072508,-0.153,-0.15139911485230276,0.0005203758927491975
baseline-best-28,0,36,True,6.000808137947693,6.0,6.00249832562085,0.0008081379476934103,0.500069499101267,0.5,0.500069499101267,6.949910126696768e-05,0.02232891341251214,0.022,0.020920799160572483,0.0003289134125121426
baseline-best-28,0,37,True,7.000232255162825,7.0,6.998678845834407,0.0002322551628246572,0.5000251127893708,0.5,0.5000251127893708,2.511278937078476e-05,-0.29601071584120436,-0.296,-0.2957493317525387,-1.0715841204378407e-05
baseline-best-28,0,38,True,5.999908366177363,6.0,5.997468598972132,-9.1633822637327e-05,0.499955171585956,0.5,0.499955171585956,-4.482841404401805e-05,-0.18261092712628985,-0.182,-0.18107762754561377,-0.0006109271262898508
baseline-best-28,0,39,True,6.0038972644934105,6.0,6.003989059280588,0.003897264493410546,0.5001115376491027,0.5,0.5001115376491027,0.0001115376491026554,-0.012495081169256895,-0.012,-0.012250264344253203,-0.0004950811692568946
baseline-best-28,0,40,True,6.999796255862104,7.0,6.999599753182412,-0.00020374413789614465,0.500005594413528,0.5,0.500005594413528,5.594413527987285e-06,-0.22449105686607773,-0.225,-0.22528436443186148,0.0005089431339222739
baseline-best-28,0,41,True,6.999581555701677,7.0,6.992896301282652,-0.0004184442983232728,0.4999813251024,0.5,0.4999813251024,-1.8674897599990636e-05,-0.5681617988622613,-0.568,-0.5679168796323183,-0.00016179886226130868
baseline-best-28,0,42,True,5.985736502873951,6.0,5.991758248235055,-0.014263497126049351,0.4994900919527605,0.5,0.4994900919527605,-0.0005099080472394935,0.24572848351430576,0.246,0.2451278981180185,-0.00027151648569423426
baseline-best-28,0,43,True,6.025390481560446,6.0,6.030520914784274,0.025390481560446432,0.5007992968849472,0.5,0.5007992968849472,0.000799296884947176,0.570186704517897,0.57,0.5694550218062292,0.00018670451789704057
baseline-best-28,0,44,True,7.9873506689779825,8.0,7.987184960882033,-0.012649331022017485,0.4997397982690011,0.5,0.4997397982690011,-0.000260201730998888,-0.672244250763074,-0.673,-0.6721574523114605,0.0007557492369260066
baseline-best-28,0,45,True,6.014616785832897,6.0,6.018694027213548,0.014616785832896717,0.5005321311504219,0.5,0.5005321311504219,0.0005321311504219439,-0.2759606807136097,-0.276,-0.27754199694820614,3.931928639033799e-05
baseline-best-28,0,46,True,5.998878012946874,6.0,5.992026822245847,-0.001121987053125828,0.4999689991382605,0.5,0.4999689991382605,-3.100086173951633e-05,0.7033750570430803,0.704,0.706876456441694,-0.0006249429569196163
baseline-best-28,0,47,True,8.003695326226318,8.0,8.00541426366614,0.003695326226317519,0.5001024221917544,0.5,0.5001024221917544,0.00010242219175438105,-0.7707682929190193,-0.771,-0.7723108319880831,0.00023170708098074755
baseline-best-28,0,48,True,8.00495471524051,8.0,8.007099402144135,0.004954715240510055,0.5001078722184451,0.5,0.5001078722184451,0.0001078722184451042,-0.7611008900538244,-0.761,-0.7629380404923896,-0.00010089005382440952
baseline-best-28,0,49,True,7.015097765301971,7.0,7.016539415255735,0.015097765301971044,0.5005167940572542,0.5,0.5005167940572542,0.000516794057254244,-0.5765968995565613,-0.575,-0.5774173613034627,-0.001596899556561393
baseline-best-28,0,50,True,6.037171733026023,6.0,6.004812098828647,0.037171733026022835,0.501152667373224,0.5,0.501152667373224,0.0011526673732239479,0.23280612477471996,0.234,0.23480139990595308,-0.0011938752252800555
baseline-best-28,0,51,True,6.022312216259639,6.0,6.0120219434368165,0.022312216259638973,0.5006394809740775,0.5,0.5006394809740775,0.0006394809740775109,0.565985000930449,0.568,0.5683236692747908,-0.002014999069550938
baseline-best-28,0,52,True,7.999965806783079,8.0,8.004840320144472,-3.419321692099686e-05,0.4999848502251321,0.5,0.4999848502251321,-1.5149774867884158e-05,-0.6803467091275852,-0.681,-0.6827206838283194,0.0006532908724148356
baseline-best-28,0,53,True,5.9908253853421165,6.0,5.987480554609047,-0.009174614657883495,0.4996364390177179,0.5,0.4996364390177179,-0.000363560982282074,-0.20654115096403816,-0.207,-0.20632812027195213,0.000458849035961828
baseline-best-28,0,54,True,6.009306505963691,6.0,6.0029672679037445,0.00930650596369098,0.500381487102936,0.5,0.500381487102936,0.00038148710293595123,-0.22230830793380885,-0.223,-0.2233134552370602,0.0006916920661911574
baseline-best-28,0,55,True,6.0040933582405,6.0,5.995312646979002,0.004093358240499612,0.5001400703077873,0.5,0.5001400703077873,0.0001400703077872878,0.6917438355671861,0.693,0.6964611381390307,-0.0012561644328138444
baseline-best-28,0,56,True,8.014834410026921,8.0,8.02151796449982,0.014834410026921319,0.5003822043437851,0.5,0.5003822043437851,0.0003822043437851086,-0.772442982123649,-0.772,-0.7757316681821992,-0.0004429821236490161
baseline-best-28,0,57,True,8.010598324112351,8.0,8.008651024461109,0.010598324112351065,0.5002513631826374,0.5,0.5002513631826374,0.00025136318263740964,-0.7642439255445154,-0.764,-0.7655653240974853,-0.00024392554451535542
baseline-best-28,0,58,True,7.017639847618862,7.0,7.01074858969169,0.01763984761886217,0.5005724111359536,0.5,0.5005724111359536,0.0005724111359536321,-0.5851751498196097,-0.585,-0.5864639607948946,-0.0001751498196097545
baseline-best-28,0,59,True,5.982648339646575,6.0,5.976233357182562,-0.017351660353424947,0.4994286333869888,0.5,0.4994286333869888,-0.0005713666130112149,0.23815897614775008,0.238,0.2396253684077846,0.00015897614775009505
baseline-best-28,0,60,True,6.005382505375638,6.0,5.992213027677664,0.005382505375638225,0.5001836481351839,0.5,0.5001836481351839,0.00018364813518390033,0.5621609739923178,0.561,0.5678492784755527,0.0011609739923177376
baseline-best-28,0,61,True,7.993439154963957,8.0,7.991544717741476,-0.006560845036043261,0.4998217501414568,0.5,0.4998217501414568,-0.0001782498585432002,-0.652052533351391,-0.652,-0.6542626376661337,-5.253335139099313e-05
baseline-best-28,0,62,True,5.996557583517679,6.0,5.999342562055407,-0.003442416482321242,0.49989019214203334,0.5,0.49989019214203334,-0.00010980785796665948,-0.213700544369637,-0.214,-0.2145476498958849,0.00029945563036298806
baseline-best-28,0,63,True,6.0015125401826035,6.0,6.000311078920342,0.0015125401826034945,0.5000738362819821,0.5,0.5000738362819821,7.383628198209813e-05,-0.16392978870548303,-0.164,-0.1637804481628043,7.021129451698083e-05
baseline-best-28,0,64,True,6.00152164701282,6.0,5.9958007887745985,0.001521647012819649,0.5000308111552993,0.5,0.5000308111552993,3.0811155299348414e-05,-0.19135946322485392,-0.191,-0.19013597953596206,-0.0003594632248539176
baseline-best-28,0,65,True,6.001658132947699,6.0,6.001302370113633,0.0016581329476990092,0.5000536439409234,0.5,0.5000536439409234,5.364394092344238e-05,0.037011216814084924,0.037,0.036261745381191035,1.1216814084925864e-05
baseline-best-28,0,66,True,6.997130059863859,7.0,6.996389046442343,-0.002869940136140947,0.49992418475301253,0.5,0.49992418475301253,-7.581524698746511e-05,-0.39778093567374595,-0.398,-0.39739852758845357,0.00021906432625407035
baseline-best-28,0,67,True,7.00974599985051,7.0,7.00890571837519,0.009745999850509612,0.5002845824959202,0.5,0.5002845824959202,0.000284582495920227,-0.5802449400738771,-0.579,-0.5858335584577126,-0.0012449400738770988
baseline-best-28,0,68,True,6.054474143327969,6.0,6.034792240570639,0.05447414332796896,0.5017682694716892,0.5,0.5017682694716892,0.0017682694716891767,0.191377593157414,0.193,0.1943543736193163,-0.0016224068425859939
baseline-best-28,0,69,True,6.005797006120281,6.0,6.000885598586931,0.005797006120280557,0.5000653747902271,0.5,0.5000653747902271,6.537479022705739e-05,0.5651905812297547,0.567,0.5678154203112241,-0.001809418770245208
baseline-best-28,0,70,True,7.993749094977481,8.0,7.9992099232642815,-0.006250905022518793,0.4997947211807296,0.5,0.4997947211807296,-0.0002052788192704047,-0.6695544855538469,-0.671,-0.6735074613269884,0.001445514446153151
baseline-best-28,0,71,True,6.01390528169691,6.0,6.00743764143059,0.013905281696909633,0.5003371803080172,0.5,0.5003371803080172,0.0003371803080172153,0.07756698241007622,0.079,0.0772368487153601,-0.0014330175899237851
baseline-best-28,0,72,True,7.99503560148483,8.0,7.991388003224491,-0.004964398515170387,0.49989910775253693,0.5,0.49989910775253693,-0.00010089224746306913,-0.4877934654888232,-0.489,-0.4871785880602163,0.0012065345111768044
baseline-best-28,0,73,True,7.0185322564137005,7.0,7.01582143444077,0.018532256413700487,0.5006095677277261,0.5,0.5006095677277261,0.0006095677277261347,-0.5727777711598738,-0.573,-0.5736822728696098,0.00022222884012612631
baseline-best-28,0,74,True,6.012703135714452,6.0,6.02203768104662,0.012703135714452252,0.5004078529717829,0.5,0.5004078529717829,0.00040785297178291824,0.16821954102243228,0.169,0.16599491890595575,-0.0007804589775677329
baseline-best-28,0,75,True,5.9939720757607615,6.0,5.992724803933239,-0.00602792423923848,0.4997422674384807,0.5,0.4997422674384807,-0.00025773256151928603,0.5648457513899926,0.565,0.5688218588099397,-0.0001542486100073459
baseline-best-28,0,76,True,7.995080690579017,8.0,7.999248951758943,-0.004919309420983176,0.49987009501611224,0.5,0.49987009501611224,-0.00012990498388776306,-0.6582727814877233,-0.659,-0.660440189914862,0.0007272185122767505
baseline-best-28,0,77,True,6.012765423011568,6.0,6.0111454856289,0.012765423011567911,0.5003422700937067,0.5,0.5003422700937067,0.00034227009370668693,0.23104044395223147,0.232,0.23258819692691582,-0.0009595560477685394
baseline-best-28,0,78,True,7.989874725064026,8.0,7.993570124715773,-0.010125274935973927,0.49968768839088484,0.5,0.49968768839088484,-0.00031231160911515676,-0.4934369998035314,-0.494,-0.4944323055436806,0.0005630001964685993
baseline-best-28,0,79,True,6.0060508098074115,6.0,6.005774613214969,0.006050809807411461,0.5002401012531345,0.5,0.5002401012531345,0.0002401012531344504,-0.4129460475604639,-0.413,-0.4131831975008122,5.395243953609796e-05
baseline-best-28,0,80,True,7.000312209427415,7.0,7.014136777717684,0.00031220942741505553,0.5000081954324955,0.5,0.5000081954324955,8.19543249552801e-06,-0.5859293081544615,-0.586,-0.5882618734715712,7.069184553842867e-05
baseline-best-28,0,81,True,6.003386555862014,6.0,5.99820322496959,0.0033865558620140845,0.5001148412072084,0.5,0.5001148412072084,0.00011484120720839375,0.23526539485436623,0.235,0.23492978192605032,0.00026539485436624655
baseline-best-28,0,82,True,5.982825678605108,6.0,5.973330373712872,-0.017174321394891834,0.49946250291478883,0.5,0.49946250291478883,-0.0005374970852111693,0.5603848342319664,0.561,0.56313597321561,-0.0006151657680336653
baseline-best-28,0,83,True,7.998596559071255,8.0,8.000097594732662,-0.0014034409287448923,0.499953973262127,0.5,0.499953973262127,-4.6026737873017254e-05,-0.6610770632508213,-0.662,-0.6624572388162333,0.0009229367491787599
baseline-best-28,0,84,True,5.98964618148645,6.0,5.972754813539874,-0.010353818513549662,0.49963102318200475,0.5,0.49963102318200475,-0.00036897681799524795,-0.147763232938502,-0.148,-0.1457479517265399,0.00023676706149799998
baseline-best-28,0,85,True,6.005758260173207,6.0,6.0044097538390675,0.005758260173206686,0.5002008852619608,0.5,0.5002008852619608,0.0002008852619608259,-0.04378469481018592,-0.044,-0.04487043771889595,0.0002153051898140801
baseline-best-28,0,86,True,5.996218320713562,6.0,5.9965399641494255,-0.0037816792864378,0.4998511183210808,0.5,0.4998511183210808,-0.00014888167891918824,-0.18223137336001669,-0.182,-0.1808070026560906,-0.00023137336001669007
baseline-best-28,0,87,True,6.005586251357623,6.0,6.0075123463845035,0.005586251357622807,0.5002098818076552,0.5,0.5002098818076552,0.00020988180765524334,-0.18252802953510125,-0.182,-0.18236258998755903,-0.0005280295351012543
baseline-best-28,0,88,True,6.012761478338052,6.0,6.012497554914271,0.012761478338052079,0.5004543365886172,0.5,0.5004543365886172,0.00045433658861715465,-0.33418211797400815,-0.334,-0.33644113007892945,-0.00018211797400813357
baseline-best-28,0,89,True,6.005710563491424,6.0,6.008750581802971,0.005710563491423848,0.5001861147605595,0.5,0.5001861147605595,0.00018611476055951925,-0.3449671417697412,-0.345,-0.3466544046578356,3.2858230258780985e-05
baseline-best-28,0,90,True,6.005145824599383,6.0,6.000726533106456,0.005145824599383175,0.500159119675947,0.5,0.500159119675947,0.00015911967594695042,0.402359153574427,0.403,0.40548405024301304,-0.0006408464255730495
baseline-best-28,0,91,True,8.007420169069876,8.0,8.008571765750078,0.007420169069876081,0.5001902823577349,0.5,0.5001902823577349,0.00019028235773488333,-0.5682094421312331,-0.568,-0.569228348964314,-0.0002094421312331951
baseline-best-28,0,92,True,7.016561139805916,7.0,7.023934272085543,0.01656113980591556,0.5005299540559908,0.5,0.5005299540559908,0.0005299540559907667,-0.5889430186373646,-0.589,-0.5895621779636577,5.6981362635322164e-05
baseline-best-28,0,93,True,5.993975165750599,6.0,5.987611418590984,-0.006024834249401145,0.499797480357426,0.5,0.499797480357426,-0.00020251964257400612,0.2325271069104732,0.233,0.23127195634299033,-0.00047289308952680464
baseline-best-28,0,94,True,5.990301857513928,6.0,5.987157004418106,-0.009698142486072037,0.4996470412914352,0.5,0.4996470412914352,-0.00035295870856477674,0.5654248489451004,0.565,0.5686098148651798,0.00042484894510042004
baseline-best-28,0,95,True,7.986492534247749,8.0,7.982664649915037,-0.013507465752250702,0.49968890482068407,0.5,0.49968890482068407,-0.00031109517931593444,-0.6676905019248186,-0.669,-0.6688297928734422,0.0013094980751814367
baseline-best-28,0,96,True,6.016347684552873,6.0,6.016687614076209,0.01634768455287272,0.5005582552937038,0.5,0.5005582552937038,0.000558255293703791,-0.1333461756955841,-0.133,-0.13232301404944263,-0.00034617569558409444
baseline-best-28,0,97,True,5.990697922417908,6.0,5.99165521658943,-0.009302077582091783,0.4996539651824951,0.5,0.4996539651824951,-0.0003460348175048922,-0.17524911365959933,-0.175,-0.17549618293845598,-0.0002491136595993426
baseline-best-28,0,98,True,5.997913887200941,6.0,5.99566876548026,-0.0020861127990592365,0.49993104306096775,0.5,0.49993104306096775,-6.895693903224975e-05,-0.08263940976050373,-0.083,-0.08235093272068116,0.0003605902394962779
baseline-best-28,0,99,True,6.0033949177137345,6.0,5.998824258739782,0.0033949177137344577,0.5001479479541905,0.5,0.5001479479541905,0.000147947954190486,0.013835904759162791,0.013,0.013160366410934824,0.0008359047591627918
baseline-best-28,0,100,True,6.998720237231636,7.0,6.998600958376667,-0.0012797627683642787,0.49998875001798854,0.5,0.49998875001798854,-1.12499820114631e-05,-0.3098113191320144,-0.31,-0.3097756730420133,0.00018868086798562445
baseline-best-28,0,101,True,5.993094748170389,6.0,5.9939094928642485,-0.006905251829611103,0.49977789521852073,0.5,0.49977789521852073,-0.00022210478147927093,0.19472918900473263,0.195,0.19545849552938843,-0.00027081099526737873
baseline-best-28,0,102,True,6.002339889049964,6.0,6.006959010842791,0.0023398890499644054,0.5000921940967682,0.5,0.5000921940967682,9.219409676819446e-05,-0.23054107206018876,-0.23,-0.2292140955772654,-0.0005410720601887464
baseline-best-28,0,103,True,5.998596305097055,6.0,6.0029582849401955,-0.0014036949029447854,0.4999279091468931,0.5,0.4999279091468931,-7.209085310688756e-05,-0.26772941867503186,-0.268,-0.2699583497141641,0.00027058132496815546
baseline-best-28,0,104,True,6.008333499018382,6.0,6.008732931587156,0.008333499018381652,0.5002720218764631,0.5,0.5002720218764631,0.00027202187646313547,-0.21346109059696092,-0.213,-0.2155867758405309,-0.00046109059696092247
baseline-best-28,0,105,True,6.000095709862799,6.0,5.994818875267254,9.570986279872074e-05,0.4999902353609677,0.5,0.4999902353609677,-9.764639032294742e-06,-0.1900327951895197,-0.19,-0.18726104671646895,-3.279518951970761e-05
baseline-best-28,0,106,True,6.998594935829465,7.0,6.996902709740327,-0.0014050641705347644,0.4999562448949685,0.5,0.4999562448949685,-4.3755105031517694e-05,-0.5853721427700544,-0.585,-0.5868814582740567,-0.0003721427700544844
baseline-best-28,0,107,True,5.99577758204129,6.0,6.001151570068467,-0.004222417958709812,0.4998261350518066,0.5,0.4998261350518066,-0.00017386494819338072,0.24441335618481314,0.244,0.24477929715895055,0.0004133561848131406
baseline-best-28,0,108,True,5.983433233577193,6.0,5.9877796027558725,-0.016566766422807078,0.49948891060536216,0.5,0.49948891060536216,-0.0005110893946378425,0.5609850573172288,0.561,0.5621034347210113,-1.4942682771246218e-05
baseline-best-28,0,109,True,8.01601964821845,8.0,8.026006173649842,0.01601964821844959,0.5004527419164941,0.5,0.5004527419164941,0.0004527419164941371,-0.6641864483979779,-0.664,-0.6659740163186895,-0.0001864483979778786
baseline-best-28,0,110,True,6.004428617157386,6.0,6.0032856034098705,0.004428617157386405,0.5001470224785174,0.5,0.5001470224785174,0.00014702247851738903,-0.2377597313637148,-0.238,-0.23670733946864633,0.00024026863628517914
baseline-best-28,0,111,True,5.998421219997216,6.0,5.995182590720808,-0.0015787800027844412,0.4999338972735488,0.5,0.4999338972735488,-6.610272645118931e-05,0.672069254921365,0.673,0.6724271662821245,-0.000930745078634998
baseline-best-28,0,112,True,8.010624195084588,8.0,8.01257607931241,0.01062419508458845,0.5002832714417402,0.5,0.5002832714417402,0.00028327144174022933,-0.658981159995787,-0.659,-0.6603168428861418,1.8840004213038775e-05
baseline-best-28,0,113,True,7.010873620819974,7.0,7.005289102873844,0.010873620819974228,0.5003244780966568,0.5,0.5003244780966568,0.0003244780966568106,-0.8722832148565131,-0.872,-0.8713281920745638,-0.0002832148565130588
baseline-best-28,0,114,True,7.012570589079807,7.0,7.018361947616095,0.012570589079807348,0.5003202468801694,0.5,0.5003202468801694,0.00032024688016940583,-0.5841893026719946,-0.584,-0.585391336359243,-0.00018930267199468442
baseline-best-28,0,115,True,6.009077872745364,6.0,5.997702968099279,0.009077872745364424,0.500276318706987,0.5,0.500276318706987,0.0002763187069869666,0.2328120373474887,0.234,0.23405813957519325,-0.0011879626525113096
baseline-best-28,0,116,True,6.018510959734724,6.0,6.008859269426201,0.01851095973472372,0.5005560954769868,0.5,0.5005560954769868,0.0005560954769867621,0.5624260908186856,0.562,0.5631357243042237,0.00042609081868549836
baseline-best-28,0,117,True,7.990804823833161,8.0,7.990399409102295,-0.009195176166839403,0.4997750566343447,0.5,0.4997750566343447,-0.0002249433656553168,-0.6657621010467167,-0.666,-0.6669479651762676,0.0002378989532832998
baseline-best-28,0,118,True,6.005583119994229,6.0,6.006474864914098,0.005583119994229335,0.5001507034431996,0.5,0.5001507034431996,0.00015070344319956241,-0.21236833019659826,-0.212,-0.21310030125783064,-0.0003683301965982655
baseline-best-28,0,119,True,5.993932669594008,6.0,5.985342028802339,-0.006067330405992166,0.49979338260875106,0.5,0.49979338260875106,-0.00020661739124894218,-0.19013991805585212,-0.191,-0.189334088972905,0.0008600819441478835
baseline-best-28,0,120,True,5.997964304879433,6.0,5.992536925420769,-0.002035695120566672,0.4999828671638924,0.5,0.4999828671638924,-1.7132836107602856e-05,0.6669491321465352,0.667,0.6695607761062133,-5.086785346486433e-05
baseline-best-28,0,121,True,8.010414284384835,8.0,8.011724289083714,0.010414284384834716,0.500279614482671,0.5,0.500279614482671,0.00027961448267099787,-0.6534867384968912,-0.653,-0.6557577761353443,-0.0004867384968911814
baseline-best-28,0,122,True,7.009524169566849,7.0,7.0083935225765615,0.009524169566849316,0.50029501545608,0.5,0.50029501545608,0.00029501545608001667,-0.8776065088291148,-0.877,-0.8784908992914885,-0.0006065088291148379
baseline-best-28,0,123,True,6.998479015476459,7.0,6.994796565650508,-0.0015209845235411024,0.4999161755606159,0.5,0.4999161755606159,-8.382443938409478e-05,-0.558551856370966,-0.558,-0.556967454355708,-0.0005518563709659974
baseline-best-28,0,124,True,6.019060252365081,6.0,6.012145900500173,0.019060252365081354,0.500563461393646,0.5,0.500563461393646,0.0005634613936460475,0.1855093074844497,0.186,0.18545663937598164,-0.0004906925155503117
baseline-best-28,0,125,True,6.004219686873085,6.0,6.006009306348538,0.004219686873084605,0.5001612798909693,0.5,0.5001612798909693,0.000161279890969257,0.5732659412210436,0.574,0.5727378641798815,-0.0007340587789563813
baseline-best-28,0,126,True,8.013299839466416,8.0,8.01535561677531,0.01329983946641633,0.5003797870855691,0.5,0.5003797870855691,0.00037978708556907215,-0.6942216073247929,-0.694,-0.6937017038183085,-0.00022160732479292733
baseline-best-28,0,127,True,6.017670662481382,6.0,6.02158062521072,0.017670662481381605,0.5005386851526588,0.5,0.5005386851526588,0.0005386851526587577,0.09526032568405285,0.096,0.09465987699390488,-0.000739674315947153
baseline-best-28,0,128,True,16.004567076959994,16.0,16.000841130000374,0.004567076959993699,0.5000395722785315,0.5,0.5000395722785315,3.957227853146339e-05,-0.2852352279784416,-0.285,-0.2845544655160343,-0.00023522797844161003
baseline-best-28,0,129,True,7.015584836312222,7.0,7.021818306581173,0.01558483631222174,0.5004449679874916,0.5,0.5004449679874916,0.0004449679874916068,-0.5918653817891667,-0.592,-0.5929536579349612,0.00013461821083327052
baseline-best-28,0,130,True,6.002012278428785,6.0,6.0136786559737,0.0020122784287845974,0.49997283296808687,0.5,0.49997283296808687,-2.716703191313341e-05,0.26619434389445207,0.267,0.26601658719289695,-0.0008056561055479472
baseline-best-28,0,131,True,6.01758149478866,6.0,6.007059923583085,0.01758149478865967,0.5005033212731917,0.5,0.5005033212731917,0.000503321273191748,0.5597837169815522,0.56,0.5640561752339593,-0.00021628301844789366
baseline-best-28,0,132,True,7.988822211691397,8.0,7.989775488327587,-0.011177788308603276,0.4997781220778381,0.5,0.4997781220778381,-0.00022187792216188384,-0.6722278518177439,-0.673,-0.6735850027838471,0.0007721481822561271
baseline-best-28,0,133,True,6.041257616653439,6.0,6.039647580518551,0.0412576166534393,0.5013695365364638,0.5,0.5013695365364638,0.0013695365364637668,-0.3941717336579367,-0.392,-0.3934808801295947,-0.0021717336579366586
baseline-best-28,0,134,True,6.999923900531352,7.0,7.009234308248329,-7.609946864839401e-05,0.5000702272942616,0.5,0.5000702272942616,7.022729426164886e-05,-0.5882669822287198,-0.588,-0.5919306585223159,-0.00026698222871979205
baseline-best-28,0,135,True,5.993769821625879,6.0,5.995463935285158,-0.006230178374121209,0.4997528764546744,0.5,0.4997528764546744,-0.00024712354532557823,0.215619205282695,0.215,0.21588555102449927,0.0006192052826949901
baseline-best-28,0,136,True,5.984381889506265,6.0,5.974009600878714,-0.01561811049373496,0.49953835778550376,0.5,0.49953835778550376,-0.00046164221449623843,0.5591937758145826,0.56,0.5628948161743214,-0.0008062241854174257
baseline-best-28,0,137,True,8.015883330398717,8.0,8.020071303376612,0.01588333039871692,0.5004341996811257,0.5,0.5004341996811257,0.00043419968112567986,-0.6609900782132644,-0.661,-0.6632512796549929,9.921786735644922e-06
baseline-best-28,0,138,True,5.995782757949208,6.0,5.9995031628673265,-0.004217242050792436,0.49991645963268155,0.5,0.49991645963268155,-8.35403673184465e-05,-0.0040919983433191955,-0.005,-0.006071670723896377,0.0009080016566808046
baseline-best-28,0,139,True,6.008005914747318,6.0,6.006773927601951,0.00800591474731771,0.5003032845595919,0.5,0.5003032845595919,0.0003032845595919431,-0.36269941398886474,-0.362,-0.36276686667216457,-0.0006994139888647499
baseline-best-28,0,140,True,5.999804040198121,6.0,5.995603788821276,-0.00019595980187858686,0.4999557674231818,0.5,0.4999557674231818,-4.423257681818171e-05,-0.3605089684423325,-0.36,-0.3588981658763321,-0.0005089684423325025
baseline-best-28,0,141,True,7.0177644022950965,7.0,7.018267155466487,0.01776440229509646,0.5006006345018823,0.5,0.5006006345018823,0.0006006345018823023,-0.5897887823660514,-0.59,-0.5901912016470983,0.0002112176339486016
baseline-best-28,0,142,True,5.992150596650438,6.0,5.989744040429235,-0.007849403349561968,0.49972224931232573,0.5,0.49972224931232573,-0.0002777506876742719,0.2138326379617697,0.214,0.21372228242146704,-0.00016736203823028428
baseline-best-28,0,143,True,5.993650994900983,6.0,5.987034661687987,-0.0063490050990173685,0.49979025852048975,0.5,0.49979025852048975,-0.00020974147951025035,0.5605238553552562,0.56,0.5637504305240779,0.0005238553552561198
baseline-best-28,0,144,True,7.999381015774776,8.0,8.00679811598296,-0.0006189842252242173,0.4999984048882256,0.5,0.4999984048882256,-1.5951117743884247e-06,-0.6567472253464849,-0.657,-0.6589534808417938,0.00025277465351514206
baseline-best-28,0,145,True,6.003431918722578,6.0,5.994646822013253,0.0034319187225779757,0.5000839955179867,0.5,0.5000839955179867,8.399551798665694e-05,-0.0321168459492496,-0.032,-0.03161364942264365,-0.0001168459492495999
baseline-best-28,0,146,True,6.009566591345928,6.0,5.999125534620339,0.009566591345928188,0.5002953441173635,0.5,0.5002953441173635,0.0002953441173635385,-0.15463332093336024,-0.154,-0.1532550890819591,-0.000633320933360243
baseline-best-28,0,147,True,6.004719822727629,6.0,6.005720035839196,0.004719822727628831,0.5001791244759154,0.5,0.5001791244759154,0.00017912447591539316,-0.36009627409562284,-0.36,-0.3609515424355193,-9.627409562285028e-05
baseline-best-28,0,148,True,6.001026604235365,6.0,5.999343481540912,0.0010266042353652693,0.5000287688445499,0.5,0.5000287688445499,2.876884454994233e-05,-0.3319335052943246,-0.332,-0.33221808575123835,6.649470567543503e-05
baseline-best-28,0,149,True,7.00689986117281,7.0,7.007436276935815,0.006899861172810162,0.5001929367075135,0.5,0.5001929367075135,0.00019293670751352465,-0.593484377407865,-0.593,-0.595277111986029,-0.00048437740786499983
baseline-best-28,0,150,True,6.016600658436269,6.0,5.995545551066321,0.016600658436268567,0.5005229245113534,0.5,0.5005229245113534,0.0005229245113533842,0.2409965869384723,0.242,0.24324610657661738,-0.0010034130615276804
baseline-best-28,0,151,True,6.006457687295319,6.0,5.997629376274536,0.006457687295318593,0.5001676031077169,0.5,0.5001676031077169,0.00016760310771690712,0.556952037168388,0.557,0.5604917040360347,-4.796283161201398e-05
baseline-best-28,0,152,True,8.001748534229462,8.0,8.00807122427154,0.0017485342294616402,0.5000678395915986,0.5,0.5000678395915986,6.783959159861741e-05,-0.6632107450959778,-0.663,-0.6657517797554254,-0.00021074509597773794
baseline-best-28,0,153,True,6.002089683680749,6.0,5.987384628071109,0.0020896836807491326,0.5000367754446622,0.5,0.5000367754446622,3.677544466218485e-05,-0.23520013103172877,-0.235,-0.23411183836898627,-0.00020013103172877855
baseline-best-28,0,154,True,6.000025794520453,6.0,6.000589417801724,2.5794520452926406e-05,0.5000334472574827,0.5,0.5000334472574827,3.344725748266608e-05,0.0495034491559503,0.049,0.0469792350400737,0.0005034491559502974
baseline-best-28,0,155,True,5.993486325309669,6.0,5.987655809001788,-0.00651367469033115,0.4997822289917955,0.5,0.4997822289917955,-0.00021777100820452588,-0.35879018348940533,-0.359,-0.3565602194241545,0.00020981651059465145
baseline-best-28,0,156,True,6.002579367423088,6.0,6.000358035257345,0.0025793674230882857,0.5000979267123963,0.5,0.5000979267123963,9.792671239627904e-05,-0.3613628237606893,-0.361,-0.36058366890333493,-0.00036282376068930144
baseline-best-28,0,157,True,6.984956323583507,7.0,6.996201058273997,-0.015043676416492957,0.4994835375664686,0.5,0.4994835375664686,-0.0005164624335313728,-0.5652305983830115,-0.566,-0.5699829482830145,0.0007694016169884632
baseline-best-28,0,158,True,5.984894105878411,6.0,5.982373357474586,-0.015105894121589358,0.4994827772903634,0.5,0.4994827772903634,-0.0005172227096366111,0.10838725428552659,0.108,0.11060695156319074,0.000387254285526592
baseline-best-28,0,159,True,6.004550658547165,6.0,5.998341404939745,0.004550658547165298,0.5001718585302487,0.5,0.5001718585302487,0.000171858530248703,0.5816977869805805,0.581,0.5847055253695432,0.0006977869805805392
baseline-best-28,0,160,True,8.007331277111259,8.0,8.011051800146623,0.007331277111259027,0.5001994088739062,0.5,0.5001994088739062,0.00019940887390623718,-0.6691131869797037,-0.668,-0.6714351743384452,-0.0011131869797036398
baseline-best-28,0,161,True,6.987435202886739,7.0,6.990497932286499,-0.012564797113260973,0.49958218910051355,0.5,0.49958218910051355,-0.00041781089948644823,-0.31014627230784386,-0.31,-0.31128901902298384,-0.00014627230784386436
baseline-best-28,0,162,True,5.9852410562757745,6.0,5.980240302018955,-0.014758943724225482,0.4995170826585381,0.5,0.4995170826585381,-0.0004829173414618859,0.17067854710009228,0.17,0.1699827601219988,0.0006785471000922694
baseline-best-28,0,163,True,6.000467172285088,6.0,5.99448381366889,0.00046717228508796893,0.5000673143776792,0.5,0.5000673143776792,6.731437767915072e-05,0.5677241770042012,0.567,0.5715716049232501,0.000724177004201243
baseline-best-28,0,164,True,7.997725918074536,8.0,8.005472648786034,-0.0022740819254636335,0.4999679521651073,0.5,0.4999679521651073,-3.204783489269003e-05,-0.6701785819996503,-0.67,-0.6731298960660419,-0.00017858199965026245
baseline-best-28,0,165,True,6.006090836250491,6.0,6.005230090789933,0.006090836250490561,0.5002456488400392,0.5,0.5002456488400392,0.0002456488400391921,-0.1959891201542766,-0.196,-0.19649378087847844,1.0879845723399395e-05
baseline-best-28,0,166,True,5.997156659232892,6.0,5.991614479422774,-0.002843340767108238,0.49987511183474576,0.5,0.49987511183474576,-0.0001248881652542444,-0.16539089484188177,-0.165,-0.16289469341069662,-0.0003908948418817615
baseline-best-28,0,167,True,6.011836432871396,6.0,6.014099216907237,0.01183643287139624,0.5004124464480426,0.5,0.5004124464480426,0.00041244644804261377,0.020905880308274182,0.021,0.019066763165324574,-9.411969172581913e-05
baseline-best-28,0,168,True,7.997063748310208,8.0,7.995048779932747,-0.0029362516897917246,0.4999260692129296,0.5,0.4999260692129296,-7.393078707040868e-05,-0.00040989010300582847,0.0,-0.0011484778476256571,-0.00040989010300582847
baseline-best-28,0.1,1,True,7.0196768678726755,7.0,7.014983454261828,0.01967686787267553,0.5006700895866601,0.5,0.5006700895866601,0.0006700895866601497,-0.5926271893157362,-0.592,-0.5930831725930814,-0.0006271893157362429
baseline-best-28,0.1,2,True,5.992797897423048,6.0,5.9911146565021225,-0.007202102576951752,0.49973866680794166,0.5,0.49973866680794166,-0.00026133319205834393,0.24355826447862847,0.244,0.24515494342880295,-0.00044173552137152794
baseline-best-28,0.1,3,True,6.020679101607779,6.0,6.018750736346137,0.020679101607779415,0.5010547590387352,0.5,0.5010547590387352,0.001054759038735198,0.5588165378615028,0.559,0.5615401618309154,-0.00018346213849729232
baseline-best-28,0.1,4,True,7.992704059312459,8.0,8.000017983317747,-0.007295940687541247,0.4998623423840209,0.5,0.4998623423840209,-0.0001376576159791143,-0.6646772809992865,-0.665,-0.6675525948377169,0.0003227190007135672
baseline-best-28,0.1,5,True,6.0128275647584495,6.0,6.020044223588184,0.012827564758449483,0.5004618081522624,0.5,0.5004618081522624,0.00046180815226237737,-0.2740284518121159,-0.274,-0.27592169482640605,-2.8451812115859454e-05
baseline-best-28,0.1,6,True,6.009398701369303,6.0,6.014140818106266,0.009398701369303097,0.5002793496992273,0.5,0.5002793496992273,0.0002793496992272715,0.07242999034381604,0.073,0.07241739042966526,-0.0005700096561839507
baseline-best-28,0.1,7,True,16.006309332062564,16.0,16.004920537409042,0.00630933206256401,0.5000584211641425,0.5,0.5000584211641425,5.8421164142452575e-05,-0.1414249127916933,-0.141,-0.1410880220852972,-0.0004249127916933215
baseline-best-28,0.1,8,True,6.003153215723894,6.0,6.00324317981215,0.003153215723894043,0.5001007016307941,0.5,0.5001007016307941,0.00010070163079411998,-0.06998945540001333,-0.07,-0.07018134995555728,1.0544599986672676e-05
baseline-best-28,0.1,9,True,7.010351483234207,7.0,7.0163979412176385,0.010351483234207315,0.5004557912719491,0.5,0.5004557912719491,0.00045579127194905755,-0.5897263312170029,-0.589,-0.5917472431261869,-0.0007263312170029401
baseline-best-28,0.1,10,True,5.9917694929556005,6.0,5.991432004078723,-0.008230507044399538,0.49971507655631664,0.5,0.49971507655631664,-0.0002849234436833603,0.23541725430558372,0.235,0.23614193964111108,0.0004172543055837308
baseline-best-28,0.1,11,True,6.005823530508978,6.0,6.007855572415117,0.005823530508978436,0.5001919524017013,0.5,0.5001919524017013,0.0001919524017013341,0.5587601731342445,0.559,0.5600298444661562,-0.00023982686575552137
baseline-best-28,0.1,12,True,8.00242421846481,8.0,8.002095805827139,0.002424218464810224,0.5000695910924838,0.5,0.5000695910924838,6.959109248383388e-05,-0.6560361009498694,-0.656,-0.6565552178636033,-3.610094986938872e-05
baseline-best-28,0.1,13,True,5.992307854552739,6.0,5.992402145543509,-0.007692145447260934,0.49973767969807315,0.5,0.49973767969807315,-0.00026232030192685496,-0.15529061135169037,-0.156,-0.1558177907235096,0.0007093886483096334
baseline-best-28,0.1,14,True,6.008779919431324,6.0,6.008579772181128,0.008779919431323613,0.5003433251834623,0.5,0.5003433251834623,0.0003433251834622508,0.006570761684142693,0.007,0.006249303535987528,-0.0004292383158573075
baseline-best-28,0.1,15,True,6.006715095670474,6.0,6.004883154460864,0.006715095670474014,0.5002282548410959,0.5,0.5002282548410959,0.00022825484109589844,-0.20430238221849192,-0.204,-0.20415580891952737,-0.0003023822184919367
baseline-best-28,0.1,16,True,6.00938180628235,6.0,6.006806121791227,0.009381806282349636,0.5003124298826342,0.5,0.5003124298826342,0.0003124298826342464,-0.20568751602907104,-0.205,-0.20483740713516602,-0.0006875160290710502
baseline-best-28,0.1,17,True,6.003814074560861,6.0,6.003412188510764,0.003814074560860803,0.5001161001708639,0.5,0.5001161001708639,0.00011610017086394198,-0.17725261120578648,-0.177,-0.17748371439361021,-0.0002526112057864849
baseline-best-28,0.1,18,True,6.001390828660066,6.0,6.003161455030835,0.0013908286600656794,0.5000337406215977,0.5,0.5000337406215977,3.3740621597666554e-05,-0.17893114376255734,-0.179,-0.17961841650639468,6.88562374426549e-05
baseline-best-28,0.1,19,True,6.004368002705394,6.0,6.005784928528115,0.004368002705393614,0.5001486479475465,0.5,0.5001486479475465,0.00014864794754654298,-0.1820607539774856,-0.182,-0.1817884143057506,-6.075397748561695e-05
baseline-best-28,0.1,20,True,7.012452509307479,7.0,7.002774916227775,0.012452509307479431,0.5004411766584764,0.5,0.5004411766584764,0.0004411766584764276,-0.5907881628400201,-0.59,-0.5922422527389682,-0.0007881628400201457
baseline-best-28,0.1,21,True,6.0090606897738335,6.0,6.00191231796303,0.009060689773833452,0.5002906388560376,0.5,0.5002906388560376,0.0002906388560376394,0.23968395540724152,0.24,0.23952245717827536,-0.00031604459275846875
baseline-best-28,0.1,22,True,5.996345190360602,6.0,5.984881625455935,-0.0036548096393982377,0.49987146340634914,0.5,0.49987146340634914,-0.00012853659365086312,0.557648190297914,0.558,0.5630537607707612,-0.0003518097020860367
baseline-best-28,0.1,23,True,7.990956583001579,8.0,7.991642808845202,-0.009043416998420817,0.4997648204881326,0.5,0.4997648204881326,-0.0002351795118674116,-0.6570437111860086,-0.658,-0.6592100995526017,0.0009562888139914572
baseline-best-28,0.1,24,True,5.993123092694365,6.0,6.00271250119292,-0.0068769073056351715,0.4997446284199284,0.5,0.4997446284199284,-0.0002553715800716061,-0.21471267453092166,-0.215,-0.21637781486550667,0.00028732546907833667
baseline-best-28,0.1,25,True,5.997943501277028,6.0,5.996403339237467,-0.0020564987229718668,0.4999592661253823,0.5,0.4999592661253823,-4.0733874617726595e-05,-0.18982112556247133,-0.19,-0.18844604434511802,0.0001788744375286755
baseline-best-28,0.1,26,True,6.000733660209216,6.0,5.998177579791406,0.0007336602092156141,0.5000659013079534,0.5,0.5000659013079534,6.590130795336435e-05,0.1162156673812944,0.116,0.11655186642593443,0.00021566738129438767
baseline-best-28,0.1,27,True,6.992408503891137,7.0,6.998492121508055,-0.007591496108863005,0.4997391052449655,0.5,0.4997391052449655,-0.0002608947550344909,-0.6041573872994126,-0.604,-0.6067719196971818,-0.00015738729941261465
baseline-best-28,0.1,28,True,5.998059526688978,6.0,5.994366702985237,-0.001940473311021762,0.49995962767229685,0.5,0.49995962767229685,-4.037232770315313e-05,0.9019204889019149,0.901,0.9060425462350856,0.0009204889019148732
baseline-best-28,0.1,29,True,6.999396242745477,7.0,6.999038443909977,-0.0006037572545229963,0.49997316485383286,0.5,0.49997316485383286,-2.683514616713678e-05,-0.9083995829621131,-0.908,-0.9100635519892915,-0.0003995829621130653
baseline-best-28,0.1,30,True,6.997316752479226,7.0,6.997063842524171,-0.002683247520773868,0.4999150005696409,0.5,0.4999150005696409,-8.499943035911173e-05,-0.9061622301566887,-0.906,-0.9077286175964042,-0.000162230156688703
baseline-best-28,0.1,31,True,7.00754959205232,7.0,7.013791787974003,0.0075495920523200866,0.5002289555520358,0.5,0.5002289555520358,0.00022895555203583662,-0.5837639686298195,-0.584,-0.5854998332693226,0.00023603137018046727
baseline-best-28,0.1,32,True,5.983891851008299,6.0,5.985190090244748,-0.016108148991700766,0.4992870702126263,0.5,0.4992870702126263,-0.0007129297873736951,0.23447569053584366,0.235,0.2318167778585097,-0.0005243094641563251
baseline-best-28,0.1,33,True,6.013767868520774,6.0,6.008587026641086,0.013767868520774051,0.500516819374485,0.5,0.500516819374485,0.0005168193744850003,0.5635212079264201,0.563,0.5679129060187781,0.0005212079264201863
baseline-best-28,0.1,34,True,7.997420868690281,8.0,8.000080226487242,-0.002579131309719429,0.499969605138637,0.5,0.499969605138637,-3.0394861363025605e-05,-0.6632852654067017,-0.663,-0.6656972664294503,-0.00028526540670170686
baseline-best-28,0.1,35,True,5.999657547530866,6.0,6.006368341157411,-0.0003424524691340025,0.49998962742125325,0.5,0.49998962742125325,-1.0372578746753458e-05,-0.15262009365968351,-0.153,-0.15139911485230276,0.0003799063403164826
baseline-best-28,0.1,36,True,6.001155620766199,6.0,6.00249832562085,0.001155620766199128,0.500069499101267,0.5,0.500069499101267,6.949910126696768e-05,0.022242956014064067,0.022,0.020920799160572483,0.0002429560140640684
baseline-best-28,0.1,37,True,7.000248777254807,7.0,6.998678845834407,0.0002487772548072087,0.5000251127893708,0.5,0.5000251127893708,2.511278937078476e-05,-0.29598791384963496,-0.296,-0.2957493317525387,1.2086150365020476e-05
baseline-best-28,0.1,38,True,5.99964932046073,6.0,5.997468598972132,-0.00035067953927025997,0.499955171585956,0.5,0.499955171585956,-4.482841404401805e-05,-0.18246112739294498,-0.182,-0.18107762754561377,-0.0004611273929449877
baseline-best-28,0.1,39,True,6.003815308068163,6.0,6.003989059280588,0.0038153080681633256,0.5001115376491027,0.5,0.5001115376491027,0.0001115376491026554,-0.012455386077156431,-0.012,-0.012250264344253203,-0.0004553860771564309
baseline-best-28,0.1,40,True,6.999891660738975,7.0,6.999599753182412,-0.00010833926102460367,0.500005594413528,0.5,0.500005594413528,5.594413527987285e-06,-0.22459316647057365,-0.225,-0.22528436443186148,0.0004068335294263592
baseline-best-28,0.1,41,True,6.999436411577846,7.0,6.992896301282652,-0.0005635884221542042,0.4999813251024,0.5,0.4999813251024,-1.8674897599990636e-05,-0.5680834106742161,-0.568,-0.5679168796323183,-8.341067421613335e-05
baseline-best-28,0.1,42,True,5.985957985779437,6.0,5.991758248235055,-0.014042014220563281,0.4994900919527605,0.5,0.4994900919527605,-0.0005099080472394935,0.24575157435603726,0.246,0.2451278981180185,-0.0002484256439627408
baseline-best-28,0.1,43,True,6.021306071012537,6.0,6.030520914784274,0.02130607101253723,0.5007992968849472,0.5,0.5007992968849472,0.000799296884947176,0.570208368422569,0.57,0.5694550218062292,0.00020836842256899413
baseline-best-28,0.1,44,True,7.987893923703809,8.0,7.987184960882033,-0.01210607629619087,0.4997397982690011,0.5,0.4997397982690011,-0.000260201730998888,-0.6724009838110416,-0.673,-0.6721574523114605,0.0005990161889584122
baseline-best-28,0.1,45,True,6.01393370538275,6.0,6.018694027213548,0.013933705382750183,0.5005321311504219,0.5,0.5005321311504219,0.0005321311504219439,-0.27595889368298365,-0.276,-0.27754199694820614,4.1106317016370575e-05
baseline-best-28,0.1,46,True,5.9989155364995375,6.0,5.992026822245847,-0.0010844635004625403,0.4999689991382605,0.5,0.4999689991382605,-3.100086173951633e-05,0.7033771658127392,0.704,0.706876456441694,-0.0006228341872607235
baseline-best-28,0.1,47,True,8.003777754137044,8.0,8.00541426366614,0.0037777541370438428,0.5001024221917544,0.5,0.5001024221917544,0.00010242219175438105,-0.7708007771365147,-0.771,-0.7723108319880831,0.00019922286348528218
baseline-best-28,0.1,48,True,8.004822354323347,8.0,8.007099402144135,0.004822354323346545,0.5001078722184451,0.5,0.5001078722184451,0.0001078722184451042,-0.7610678435595049,-0.761,-0.7629380404923896,-6.784355950484322e-05
baseline-best-28,0.1,49,True,7.011123167441351,7.0,7.016539415255735,0.011123167441351,0.5005167940572542,0.5,0.5005167940572542,0.000516794057254244,-0.5762656114348688,-0.575,-0.5774173613034627,-0.0012656114348688075
baseline-best-28,0.1,50,True,6.018006268732138,6.0,6.004812098828647,0.01800626873213762,0.501152667373224,0.5,0.501152667373224,0.0011526673732239479,0.23333350048102955,0.234,0.23480139990595308,-0.0006664995189704648
baseline-best-28,0.1,51,True,6.016537367154084,6.0,6.0120219434368165,0.016537367154083604,0.5006394809740775,0.5,0.5006394809740775,0.0006394809740775109,0.566548026518026,0.568,0.5683236692747908,-0.0014519734819739005
baseline-best-28,0.1,52,True,7.999274078834676,8.0,8.004840320144472,-0.0007259211653236619,0.4999848502251321,0.5,0.4999848502251321,-1.5149774867884158e-05,-0.6804595706513396,-0.681,-0.6827206838283194,0.0005404293486604983
baseline-best-28,0.1,53,True,5.98952635464283,6.0,5.987480554609047,-0.010473645357169659,0.4996364390177179,0.5,0.4996364390177179,-0.000363560982282074,-0.2063091991793387,-0.207,-0.20632812027195213,0.0006908008206612803
baseline-best-28,0.1,54,True,6.009575338152773,6.0,6.0029672679037445,0.009575338152773227,0.500381487102936,0.5,0.500381487102936,0.00038148710293595123,-0.22265637911542235,-0.223,-0.2233134552370602,0.00034362088457765005
baseline-best-28,0.1,55,True,6.004246689291258,6.0,5.995312646979002,0.004246689291258043,0.5001400703077873,0.5,0.5001400703077873,0.0001400703077872878,0.6918328370712319,0.693,0.6964611381390307,-0.0011671629287680618
baseline-best-28,0.1,56,True,8.014394132302627,8.0,8.02151796449982,0.014394132302626872,0.5003822043437851,0.5,0.5003822043437851,0.0003822043437851086,-0.7724293090374266,-0.772,-0.7757316681821992,-0.0004293090374265507
baseline-best-28,0.1,57,True,8.01032610362044,8.0,8.008651024461109,0.010326103620439397,0.5002513631826374,0.5,0.5002513631826374,0.00025136318263740964,-0.7641861038251234,-0.764,-0.7655653240974853,-0.00018610382512340706
baseline-best-28,0.1,58,True,7.0158711472206345,7.0,7.01074858969169,0.01587114722063454,0.5005724111359536,0.5,0.5005724111359536,0.0005724111359536321,-0.5852722373470176,-0.585,-0.5864639607948946,-0.00027223734701764535
baseline-best-28,0.1,59,True,5.984295989714937,6.0,5.976233357182562,-0.015704010285062964,0.4994286333869888,0.5,0.4994286333869888,-0.0005713666130112149,0.23804759197688583,0.238,0.2396253684077846,4.759197688583572e-05
baseline-best-28,0.1,60,True,6.00533602560673,6.0,5.992213027677664,0.005336025606729855,0.5001836481351839,0.5,0.5001836481351839,0.00018364813518390033,0.5617195683886195,0.561,0.5678492784755527,0.0007195683886194182
baseline-best-28,0.1,61,True,7.993229414653382,8.0,7.991544717741476,-0.006770585346617786,0.4998217501414568,0.5,0.4998217501414568,-0.0001782498585432002,-0.6519518098597441,-0.652,-0.6542626376661337,4.81901402559215e-05
baseline-best-28,0.1,62,True,5.996608484794685,6.0,5.999342562055407,-0.003391515205315443,0.49989019214203334,0.5,0.49989019214203334,-0.00010980785796665948,-0.21359089765656553,-0.214,-0.2145476498958849,0.00040910234343446983
baseline-best-28,0.1,63,True,6.001492732839624,6.0,6.000311078920342,0.0014927328396243666,0.5000738362819821,0.5,0.5000738362819821,7.383628198209813e-05,-0.16395406968782342,-0.164,-0.1637804481628043,4.5930312176589716e-05
baseline-best-28,0.1,64,True,6.001620793516494,6.0,5.9958007887745985,0.0016207935164942455,0.5000308111552993,0.5,0.5000308111552993,3.0811155299348414e-05,-0.1914009282774611,-0.191,-0.19013597953596206,-0.0004009282774611045
baseline-best-28,0.1,65,True,6.0016164311240034,6.0,6.001302370113633,0.001616431124003448,0.5000536439409234,0.5,0.5000536439409234,5.364394092344238e-05,0.037050190896207744,0.037,0.036261745381191035,5.019089620774547e-05
baseline-best-28,0.1,66,True,6.9971224571168475,7.0,6.996389046442343,-0.0028775428831524508,0.49992418475301253,0.5,0.49992418475301253,-7.581524698746511e-05,-0.39779215289309966,-0.398,-0.39739852758845357,0.00020784710690036068
baseline-best-28,0.1,67,True,7.0078137108315595,7.0,7.00890571837519,0.007813710831559462,0.5002845824959202,0.5,0.5002845824959202,0.000284582495920227,-0.5797722170453686,-0.579,-0.5858335584577126,-0.0007722170453686727
baseline-best-28,0.1,68,True,6.007706803589201,6.0,6.034792240570639,0.007706803589201172,0.5017682694716892,0.5,0.5017682694716892,0.0017682694716891767,0.1922043274262361,0.193,0.1943543736193163,-0.0007956725737638948
baseline-best-28,0.1,69,True,6.003126792714024,6.0,6.000885598586931,0.0031267927140241625,0.5000653747902271,0.5,0.5000653747902271,6.537479022705739e-05,0.5664344430092989,0.567,0.5678154203112241,-0.0005655569907010438
baseline-best-28,0.1,70,True,7.993693790609568,8.0,7.9992099232642815,-0.006306209390431583,0.4997947211807296,0.5,0.4997947211807296,-0.0002052788192704047,-0.6702220265445299,-0.671,-0.6735074613269884,0.000777973455470149
baseline-best-28,0.1,71,True,6.010945732595284,6.0,6.00743764143059,0.010945732595284419,0.5003371803080172,0.5,0.5003371803080172,0.0003371803080172153,0.07830273248347985,0.079,0.0772368487153601,-0.0006972675165201475
baseline-best-28,0.1,72,True,7.995526042276748,8.0,7.991388003224491,-0.004473957723251765,0.49989910775253693,0.5,0.49989910775253693,-0.00010089224746306913,-0.48840986364910455,-0.489,-0.4871785880602163,0.0005901363508954427
baseline-best-28,0.1,73,True,7.013919280522199,7.0,7.01582143444077,0.013919280522198818,0.5006095677277261,0.5,0.5006095677277261,0.0006095677277261347,-0.5734258125216976,-0.573,-0.5736822728696098,-0.0004258125216975994
baseline-best-28,0.1,74,True,6.011744558963204,6.0,6.02203768104662,0.011744558963203922,0.5004078529717829,0.5,0.5004078529717829,0.00040785297178291824,0.16845292391665787,0.169,0.16599491890595575,-0.0005470760833421462
baseline-best-28,0.1,75,True,5.993663112450126,6.0,5.992724803933239,-0.006336887549873715,0.4997422674384807,0.5,0.4997422674384807,-0.00025773256151928603,0.564995030825648,0.565,0.5688218588099397,-4.9691743519986176e-06
baseline-best-28,0.1,76,True,7.995176709191956,8.0,7.999248951758943,-0.004823290808044334,0.49987009501611224,0.5,0.49987009501611224,-0.00012990498388776306,-0.6584106430013948,-0.659,-0.660440189914862,0.0005893569986051839
baseline-best-28,0.1,77,True,6.0117776163069365,6.0,6.0111454856289,0.011777616306936523,0.5003422700937067,0.5,0.5003422700937067,0.00034227009370668693,0.23130543644571536,0.232,0.23258819692691582,-0.0006945635542846551
baseline-best-28,0.1,78,True,7.9894913159747265,8.0,7.993570124715773,-0.010508684025273496,0.49968768839088484,0.5,0.49968768839088484,-0.00031231160911515676,-0.4933530285095094,-0.494,-0.4944323055436806,0.0006469714904905888
baseline-best-28,0.1,79,True,6.006547429315042,6.0,6.005774613214969,0.006547429315041597,0.5002401012531345,0.5,0.5002401012531345,0.0002401012531344504,-0.41323837214033776,-0.413,-0.4131831975008122,-0.00023837214033778364
baseline-best-28,0.1,80,True,7.000296147699759,7.0,7.014136777717684,0.0002961476997587198,0.5000081954324955,0.5,0.5000081954324955,8.19543249552801e-06,-0.5859654503477041,-0.586,-0.5882618734715712,3.454965229587881e-05
baseline-best-28,0.1,81,True,6.003498258610053,6.0,5.99820322496959,0.003498258610052929,0.5001148412072084,0.5,0.5001148412072084,0.00011484120720839375,0.23522387835230846,0.235,0.23492978192605032,0.00022387835230847086
baseline-best-28,0.1,82,True,5.983812883920367,6.0,5.973330373712872,-0.016187116079633412,0.49946250291478883,0.5,0.49946250291478883,-0.0005374970852111693,0.5604568975273393,0.561,0.56313597321561,-0.0005431024726607614
baseline-best-28,0.1,83,True,7.998728745149075,8.0,8.000097594732662,-0.0012712548509252741,0.499953973262127,0.5,0.499953973262127,-4.6026737873017254e-05,-0.6611867296153866,-0.662,-0.6624572388162333,0.0008132703846134293
baseline-best-28,0.1,84,True,5.989994521612396,6.0,5.972754813539874,-0.010005478387603794,0.49963102318200475,0.5,0.49963102318200475,-0.00036897681799524795,-0.14776926850985417,-0.148,-0.1457479517265399,0.00023073149014582461
baseline-best-28,0.1,85,True,6.0057815740643266,6.0,6.0044097538390675,0.005781574064326556,0.5002008852619608,0.5,0.5002008852619608,0.0002008852619608259,-0.04379777272114304,-0.044,-0.04487043771889595,0.00020222727885695763
baseline-best-28,0.1,86,True,5.996115333703476,6.0,5.9965399641494255,-0.003884666296523953,0.4998511183210808,0.5,0.4998511183210808,-0.00014888167891918824,-0.1822052626630272,-0.182,-0.1808070026560906,-0.0002052626630272003
baseline-best-28,0.1,87,True,6.00550016545381,6.0,6.0075123463845035,0.0055001654538102684,0.5002098818076552,0.5,0.5002098818076552,0.00020988180765524334,-0.18252495813178513,-0.182,-0.18236258998755903,-0.0005249581317851304
baseline-best-28,0.1,88,True,6.012257680019641,6.0,6.012497554914271,0.01225768001964056,0.5004543365886172,0.5,0.5004543365886172,0.00045433658861715465,-0.3341622104302308,-0.334,-0.33644113007892945,-0.0001622104302307914
baseline-best-28,0.1,89,True,6.00567847808579,6.0,6.008750581802971,0.00567847808579014,0.5001861147605595,0.5,0.5001861147605595,0.00018611476055951925,-0.3449686044857873,-0.345,-0.3466544046578356,3.139551421266207e-05
baseline-best-28,0.1,90,True,6.0050751284157595,6.0,6.000726533106456,0.005075128415759522,0.500159119675947,0.5,0.500159119675947,0.00015911967594695042,0.40236388262645656,0.403,0.40548405024301304,-0.0006361173735434655
baseline-best-28,0.1,91,True,8.007335033564926,8.0,8.008571765750078,0.007335033564926263,0.5001902823577349,0.5,0.5001902823577349,0.00019028235773488333,-0.568206795418103,-0.568,-0.569228348964314,-0.00020679541810308955
baseline-best-28,0.1,92,True,7.015615352668753,7.0,7.023934272085543,0.015615352668753246,0.5005299540559908,0.5,0.5005299540559908,0.0005299540559907667,-0.5889797057184811,-0.589,-0.5895621779636577,2.029428151884005e-05
baseline-best-28,0.1,93,True,5.993615247097972,6.0,5.987611418590984,-0.006384752902027557,0.499797480357426,0.5,0.499797480357426,-0.00020251964257400612,0.23257540572130747,0.233,0.23127195634299033,-0.0004245942786925416
baseline-best-28,0.1,94,True,5.990549279958274,6.0,5.987157004418106,-0.00945072004172598,0.4996470412914352,0.5,0.4996470412914352,-0.00035295870856477674,0.5654850178820182,0.565,0.5686098148651798,0.00048501788201826823
baseline-best-28,0.1,95,True,7.987159971757042,8.0,7.982664649915037,-0.012840028242957935,0.49968890482068407,0.5,0.49968890482068407,-0.00031109517931593444,-0.6678884556231817,-0.669,-0.6688297928734422,0.0011115443768183741
baseline-best-28,0.1,96,True,6.015168281526603,6.0,6.016687614076209,0.015168281526602989,0.5005582552937038,0.5,0.5005582552937038,0.000558255293703791,-0.13327726561518624,-0.133,-0.13232301404944263,-0.00027726561518623405
baseline-best-28,0.1,97,True,5.990884907701012,6.0,5.99165521658943,-0.009115092298988436,0.4996539651824951,0.5,0.4996539651824951,-0.0003460348175048922,-0.17525430801189798,-0.175,-0.17549618293845598,-0.00025430801189799124
baseline-best-28,0.1,98,True,5.997939096857327,6.0,5.99566876548026,-0.002060903142672821,0.49993104306096775,0.5,0.49993104306096775,-6.895693903224975e-05,-0.08265925500056791,-0.083,-0.08235093272068116,0.0003407449994320966
baseline-best-28,0.1,99,True,6.003468444295689,6.0,5.998824258739782,0.0034684442956889328,0.5001479479541905,0.5,0.5001479479541905,0.000147947954190486,0.013816502010441718,0.013,0.013160366410934824,0.0008165020104417189
baseline-best-28,0.1,100,True,6.99880091349672,7.0,6.998600958376667,-0.0011990865032798226,0.49998875001798854,0.5,0.49998875001798854,-1.12499820114631e-05,-0.3098202297193806,-0.31,-0.3097756730420133,0.0001797702806193846
baseline-best-28,0.1,101,True,5.993156263418584,6.0,5.9939094928642485,-0.006843736581416238,0.49977789521852073,0.5,0.49977789521852073,-0.00022210478147927093,0.19474425694889608,0.195,0.19545849552938843,-0.00025574305110392936
baseline-best-28,0.1,102,True,6.002424139843197,6.0,6.006959010842791,0.002424139843197004,0.5000921940967682,0.5,0.5000921940967682,9.219409676819446e-05,-0.2305661951209784,-0.23,-0.2292140955772654,-0.0005661951209783855
baseline-best-28,0.1,103,True,5.998549882840059,6.0,6.0029582849401955,-0.0014501171599405893,0.4999279091468931,0.5,0.4999279091468931,-7.209085310688756e-05,-0.2677211950958359,-0.268,-0.2699583497141641,0.0002788049041640983
baseline-best-28,0.1,104,True,6.008199010175015,6.0,6.008732931587156,0.008199010175014898,0.5002720218764631,0.5,0.5002720218764631,0.00027202187646313547,-0.21342277869456813,-0.213,-0.2155867758405309,-0.00042277869456813777
baseline-best-28,0.1,105,True,6.000098145991406,6.0,5.994818875267254,9.814599140600677e-05,0.4999902353609677,0.5,0.4999902353609677,-9.764639032294742e-06,-0.1900513021127922,-0.19,-0.18726104671646895,-5.130211279219532e-05
baseline-best-28,0.1,106,True,6.998372164320009,7.0,6.996902709740327,-0.0016278356799910298,0.4999562448949685,0.5,0.4999562448949685,-4.3755105031517694e-05,-0.5852514726434851,-0.585,-0.5868814582740567,-0.0002514726434851289
baseline-best-28,0.1,107,True,5.995476606142295,6.0,6.001151570068467,-0.004523393857705393,0.4998261350518066,0.5,0.4998261350518066,-0.00017386494819338072,0.24436427075004613,0.244,0.24477929715895055,0.0003642707500461362
baseline-best-28,0.1,108,True,5.984380997006052,6.0,5.9877796027558725,-0.01561900299394825,0.49948891060536216,0.5,0.49948891060536216,-0.0005110893946378425,0.5609673841011154,0.561,0.5621034347210113,-3.261589888470251e-05
baseline-best-28,0.1,109,True,8.015005532462752,8.0,8.026006173649842,0.015005532462751603,0.5004527419164941,0.5,0.5004527419164941,0.0004527419164941371,-0.6641336399927078,-0.664,-0.6659740163186895,-0.00013363999270776805
baseline-best-28,0.1,110,True,6.004147191149856,6.0,6.0032856034098705,0.004147191149855622,0.5001470224785174,0.5,0.5001470224785174,0.00014702247851738903,-0.23773611765290534,-0.238,-0.23670733946864633,0.00026388234709465164
baseline-best-28,0.1,111,True,5.997977279369919,6.0,5.995182590720808,-0.002022720630081132,0.4999338972735488,0.5,0.4999338972735488,-6.610272645118931e-05,0.6722150166777507,0.673,0.6724271662821245,-0.0007849833222492997
baseline-best-28,0.1,112,True,8.010626743106274,8.0,8.01257607931241,0.01062674310627365,0.5002832714417402,0.5,0.5002832714417402,0.00028327144174022933,-0.6590993091723838,-0.659,-0.6603168428861418,-9.93091723837658e-05
baseline-best-28,0.1,113,True,7.010394215322312,7.0,7.005289102873844,0.010394215322311773,0.5003244780966568,0.5,0.5003244780966568,0.0003244780966568106,-0.8722482645292967,-0.872,-0.8713281920745638,-0.0002482645292967156
baseline-best-28,0.1,114,True,7.012494613111047,7.0,7.018361947616095,0.012494613111046604,0.5003202468801694,0.5,0.5003202468801694,0.00032024688016940583,-0.58425513873944,-0.584,-0.585391336359243,-0.00025513873944005283
baseline-best-28,0.1,115,True,6.008613949148665,6.0,5.997702968099279,0.008613949148664979,0.500276318706987,0.5,0.500276318706987,0.0002763187069869666,0.23291147543051144,0.234,0.23405813957519325,-0.0010885245694885748
baseline-best-28,0.1,116,True,6.017435793255435,6.0,6.008859269426201,0.017435793255435428,0.5005560954769868,0.5,0.5005560954769868,0.0005560954769867621,0.5623696771310459,0.562,0.5631357243042237,0.00036967713104585354
baseline-best-28,0.1,117,True,7.990735970026015,8.0,7.990399409102295,-0.00926402997398501,0.4997750566343447,0.5,0.4997750566343447,-0.0002249433656553168,-0.6657266745302213,-0.666,-0.6669479651762676,0.0002733254697787624
baseline-best-28,0.1,118,True,6.005343846663043,6.0,6.006474864914098,0.005343846663042662,0.5001507034431996,0.5,0.5001507034431996,0.00015070344319956241,-0.21233234602777976,-0.212,-0.21310030125783064,-0.00033234602777976185
baseline-best-28,0.1,119,True,5.993930377955932,6.0,5.985342028802339,-0.006069622044067913,0.49979338260875106,0.5,0.49979338260875106,-0.00020661739124894218,-0.19015677073497492,-0.191,-0.189334088972905,0.0008432292650250861
baseline-best-28,0.1,120,True,5.998017085995807,6.0,5.992536925420769,-0.001982914004193148,0.4999828671638924,0.5,0.4999828671638924,-1.7132836107602856e-05,0.6669130322627694,0.667,0.6695607761062133,-8.696773723060325e-05
baseline-best-28,0.1,121,True,8.010159669207335,8.0,8.011724289083714,0.010159669207334687,0.500279614482671,0.5,0.500279614482671,0.00027961448267099787,-0.6534571568574218,-0.653,-0.6557577761353443,-0.0004571568574217588
baseline-best-28,0.1,122,True,7.009283559637812,7.0,7.0083935225765615,0.009283559637811578,0.50029501545608,0.5,0.50029501545608,0.00029501545608001667,-0.877569020056575,-0.877,-0.8784908992914885,-0.0005690200565749981
baseline-best-28,0.1,123,True,6.997980561656889,7.0,6.994796565650508,-0.002019438343110913,0.4999161755606159,0.5,0.4999161755606159,-8.382443938409478e-05,-0.5584519914027265,-0.558,-0.556967454355708,-0.0004519914027264482
baseline-best-28,0.1,124,True,6.017858337200067,6.0,6.012145900500173,0.017858337200067353,0.500563461393646,0.5,0.500563461393646,0.0005634613936460475,0.18560517701280504,0.186,0.18545663937598164,-0.0003948229871949538
baseline-best-28,0.1,125,True,6.004434373500872,6.0,6.006009306348538,0.0044343735008718355,0.5001612798909693,0.5,0.5001612798909693,0.000161279890969257,0.5732427322037809,0.574,0.5727378641798815,-0.0007572677962190966
baseline-best-28,0.1,126,True,8.012787995446965,8.0,8.01535561677531,0.012787995446965184,0.5003797870855691,0.5,0.5003797870855691,0.00037978708556907215,-0.6942066883532245,-0.694,-0.6937017038183085,-0.00020668835322457113
baseline-best-28,0.1,127,True,6.016691793494372,6.0,6.02158062521072,0.01669179349437222,0.5005386851526588,0.5,0.5005386851526588,0.0005386851526587577,0.09530684872676838,0.096,0.09465987699390488,-0.0006931512732316208
baseline-best-28,0.1,128,True,16.004458415643768,16.0,16.000841130000374,0.004458415643767921,0.5000395722785315,0.5,0.5000395722785315,3.957227853146339e-05,-0.2852317518686912,-0.285,-0.2845544655160343,-0.00023175186869123232
baseline-best-28,0.1,129,True,7.014500655417205,7.0,7.021818306581173,0.01450065541720491,0.5004449679874916,0.5,0.5004449679874916,0.0004449679874916068,-0.5919787692647047,-0.592,-0.5929536579349612,2.1230735295252323e-05
baseline-best-28,0.1,130,True,6.000609123828525,6.0,6.0136786559737,0.0006091238285250711,0.49997283296808687,0.5,0.49997283296808687,-2.716703191313341e-05,0.2662922080276031,0.267,0.26601658719289695,-0.0007077919723968984
baseline-best-28,0.1,131,True,6.016222743760516,6.0,6.007059923583085,0.016222743760516245,0.5005033212731917,0.5,0.5005033212731917,0.000503321273191748,0.5598197317207574,0.56,0.5640561752339593,-0.00018026827924266797
baseline-best-28,0.1,132,True,7.989671627621319,8.0,7.989775488327587,-0.010328372378681117,0.4997781220778381,0.5,0.4997781220778381,-0.00022187792216188384,-0.6723727679823681,-0.673,-0.6735850027838471,0.000627232017631929
baseline-best-28,0.1,133,True,6.01589980930937,6.0,6.039647580518551,0.01589980930936985,0.5013695365364638,0.5,0.5013695365364638,0.0013695365364637668,-0.3930691361489137,-0.392,-0.3934808801295947,-0.0010691361489136852
baseline-best-28,0.1,134,True,7.00050859738868,7.0,7.009234308248329,0.0005085973886798101,0.5000702272942616,0.5,0.5000702272942616,7.022729426164886e-05,-0.5883544499607875,-0.588,-0.5919306585223159,-0.00035444996078748403
baseline-best-28,0.1,135,True,5.993841388802828,6.0,5.995463935285158,-0.0061586111971720925,0.4997528764546744,0.5,0.4997528764546744,-0.00024712354532557823,0.21564189319771826,0.215,0.21588555102449927,0.0006418931977182629
baseline-best-28,0.1,136,True,5.984269280445261,6.0,5.974009600878714,-0.015730719554738926,0.49953835778550376,0.5,0.49953835778550376,-0.00046164221449623843,0.5593286866390139,0.56,0.5628948161743214,-0.0006713133609861366
baseline-best-28,0.1,137,True,8.01513853011931,8.0,8.020071303376612,0.015138530119310545,0.5004341996811257,0.5,0.5004341996811257,0.00043419968112567986,-0.6610587994326318,-0.661,-0.6632512796549929,-5.8799432631762016e-05
baseline-best-28,0.1,138,True,5.996142507492091,6.0,5.9995031628673265,-0.0038574925079091216,0.49991645963268155,0.5,0.49991645963268155,-8.35403673184465e-05,-0.004250637083751932,-0.005,-0.006071670723896377,0.0007493629162480678
baseline-best-28,0.1,139,True,6.008031316388111,6.0,6.006773927601951,0.008031316388111165,0.5003032845595919,0.5,0.5003032845595919,0.0003032845595919431,-0.36268848616462357,-0.362,-0.36276686667216457,-0.0006884861646235807
baseline-best-28,0.1,140,True,5.999530364220355,6.0,5.995603788821276,-0.00046963577964476144,0.4999557674231818,0.5,0.4999557674231818,-4.423257681818171e-05,-0.3603787088865191,-0.36,-0.3588981658763321,-0.00037870888651908574
baseline-best-28,0.1,141,True,7.015193757966544,7.0,7.018267155466487,0.015193757966543764,0.5006006345018823,0.5,0.5006006345018823,0.0006006345018823023,-0.5897394107386635,-0.59,-0.5901912016470983,0.00026058926133643023
baseline-best-28,0.1,142,True,5.9919412991588334,6.0,5.989744040429235,-0.008058700841166555,0.49972224931232573,0.5,0.49972224931232573,-0.0002777506876742719,0.21394993641301782,0.214,0.21372228242146704,-5.006358698217417e-05
baseline-best-28,0.1,143,True,5.99365035486459,6.0,5.987034661687987,-0.006349645135410142,0.49979025852048975,0.5,0.49979025852048975,-0.00020974147951025035,0.5604080946007671,0.56,0.5637504305240779,0.0004080946007670727
baseline-best-28,0.1,144,True,7.999461011262184,8.0,8.00679811598296,-0.000538988737815771,0.4999984048882256,0.5,0.4999984048882256,-1.5951117743884247e-06,-0.6567411934765854,-0.657,-0.6589534808417938,0.00025880652341458976
baseline-best-28,0.1,145,True,6.003361724918012,6.0,5.994646822013253,0.003361724918011788,0.5000839955179867,0.5,0.5000839955179867,8.399551798665694e-05,-0.03214236841261193,-0.032,-0.03161364942264365,-0.00014236841261192762
baseline-best-28,0.1,146,True,6.009514578011343,6.0,5.999125534620339,0.009514578011343033,0.5002953441173635,0.5,0.5002953441173635,0.0002953441173635385,-0.15465499746130848,-0.154,-0.1532550890819591,-0.0006549974613084819
baseline-best-28,0.1,147,True,6.0047325326915395,6.0,6.005720035839196,0.004732532691539504,0.5001791244759154,0.5,0.5001791244759154,0.00017912447591539316,-0.3601001791917843,-0.36,-0.3609515424355193,-0.00010017919178428869
baseline-best-28,0.1,148,True,6.001003278812968,6.0,5.999343481540912,0.0010032788129681336,0.5000287688445499,0.5,0.5000287688445499,2.876884454994233e-05,-0.3319114505969616,-0.332,-0.33221808575123835,8.854940303842929e-05
baseline-best-28,0.1,149,True,7.0066143994557875,7.0,7.007436276935815,0.006614399455787456,0.5001929367075135,0.5,0.5001929367075135,0.00019293670751352465,-0.5934488891784582,-0.593,-0.595277111986029,-0.00044888917845820053
baseline-best-28,0.1,150,True,6.014780303618807,6.0,5.995545551066321,0.014780303618806556,0.5005229245113534,0.5,0.5005229245113534,0.0005229245113533842,0.24119426649780631,0.242,0.24324610657661738,-0.0008057335021936785
baseline-best-28,0.1,151,True,6.006384154671989,6.0,5.997629376274536,0.006384154671988718,0.5001676031077169,0.5,0.5001676031077169,0.00016760310771690712,0.5568929398603498,0.557,0.5604917040360347,-0.00010706013965022798
baseline-best-28,0.1,152,True,8.001935676127822,8.0,8.00807122427154,0.0019356761278217505,0.5000678395915986,0.5,0.5000678395915986,6.783959159861741e-05,-0.6632105594883133,-0.663,-0.6657517797554254,-0.00021055948831327775
baseline-best-28,0.1,153,True,6.001837267938494,6.0,5.987384628071109,0.001837267938493703,0.5000367754446622,0.5,0.5000367754446622,3.677544466218485e-05,-0.2351673441621891,-0.235,-0.23411183836898627,-0.0001673441621891092
baseline-best-28,0.1,154,True,6.000290334605366,6.0,6.000589417801724,0.0002903346053662048,0.5000334472574827,0.5,0.5000334472574827,3.344725748266608e-05,0.04936057419684642,0.049,0.0469792350400737,0.00036057419684641656
baseline-best-28,0.1,155,True,5.993520902580588,6.0,5.987655809001788,-0.006479097419411772,0.4997822289917955,0.5,0.4997822289917955,-0.00021777100820452588,-0.35873288948501014,-0.359,-0.3565602194241545,0.0002671105149898434
baseline-best-28,0.1,156,True,6.002650632490613,6.0,6.000358035257345,0.0026506324906128143,0.5000979267123963,0.5,0.5000979267123963,9.792671239627904e-05,-0.36132431354571964,-0.361,-0.36058366890333493,-0.00032431354571965665
baseline-best-28,0.1,157,True,6.9874470441016765,7.0,6.996201058273997,-0.012552955898323503,0.4994835375664686,0.5,0.4994835375664686,-0.0005164624335313728,-0.5653601947952471,-0.566,-0.5699829482830145,0.0006398052047528191
baseline-best-28,0.1,158,True,5.985770926979559,6.0,5.982373357474586,-0.01422907302044063,0.4994827772903634,0.5,0.4994827772903634,-0.0005172227096366111,0.10836162669804499,0.108,0.11060695156319074,0.0003616266980449867
baseline-best-28,0.1,159,True,6.0047948147044306,6.0,5.998341404939745,0.00479481470443055,0.5001718585302487,0.5,0.5001718585302487,0.000171858530248703,0.5816571211653626,0.581,0.5847055253695432,0.0006571211653626507
baseline-best-28,0.1,160,True,8.007288798738545,8.0,8.011051800146623,0.0072887987385446,0.5001994088739062,0.5,0.5001994088739062,0.00019940887390623718,-0.6690888053820552,-0.668,-0.6714351743384452,-0.0010888053820551358
baseline-best-28,0.1,161,True,6.987815039966765,7.0,6.990497932286499,-0.01218496003323466,0.49958218910051355,0.5,0.49958218910051355,-0.00041781089948644823,-0.3100892849877586,-0.31,-0.31128901902298384,-8.928498775861993e-05
baseline-best-28,0.1,162,True,5.986303289673823,6.0,5.980240302018955,-0.01369671032617692,0.4995170826585381,0.5,0.4995170826585381,-0.0004829173414618859,0.1705622894747703,0.17,0.1699827601219988,0.0005622894747703
baseline-best-28,0.1,163,True,6.00077333896172,6.0,5.99448381366889,0.0007733389617197162,0.5000673143776792,0.5,0.5000673143776792,6.731437767915072e-05,0.5676288050031356,0.567,0.5715716049232501,0.0006288050031356684
baseline-best-28,0.1,164,True,7.99779903936274,8.0,8.005472648786034,-0.002200960637259719,0.4999679521651073,0.5,0.4999679521651073,-3.204783489269003e-05,-0.6701575587363077,-0.67,-0.6731298960660419,-0.00015755873630762807
baseline-best-28,0.1,165,True,6.00633341227964,6.0,6.005230090789933,0.006333412279640349,0.5002456488400392,0.5,0.5002456488400392,0.0002456488400391921,-0.19602388096520706,-0.196,-0.19649378087847844,-2.388096520705707e-05
baseline-best-28,0.1,166,True,5.99701697766311,6.0,5.991614479422774,-0.0029830223368900732,0.49987511183474576,0.5,0.49987511183474576,-0.0001248881652542444,-0.16531030970661445,-0.165,-0.16289469341069662,-0.00031030970661444224
baseline-best-28,0.1,167,True,6.011632433489834,6.0,6.014099216907237,0.011632433489833893,0.5004124464480426,0.5,0.5004124464480426,0.00041244644804261377,0.020856591916995782,0.021,0.019066763165324574,-0.0001434080830042192
baseline-best-28,0.1,168,True,7.996840672374233,8.0,7.995048779932747,-0.0031593276257666503,0.4999260692129296,0.5,0.4999260692129296,-7.393078707040868e-05,-0.0002971993109066823,0.0,-0.0011484778476256571,-0.0002971993109066823
baseline-best-28,0.5,1,False,6.992345258149058,7.0,7.014983454261828,-0.0076547418509420595,0.5006700895866601,0.5,0.5006700895866601,0.0006700895866601497,-0.5922220907478346,-0.592,-0.5930831725930814,-0.00022209074783463567
baseline-best-28,0.5,2,False,5.994585106899652,6.0,5.9911146565021225,-0.0054148931003483725,0.49973866680794166,0.5,0.49973866680794166,-0.00026133319205834393,0.24401247495267614,0.244,0.24515494342880295,1.2474952676144735e-05
baseline-best-28,0.5,3,False,5.986743957984334,6.0,6.018750736346137,-0.01325604201566577,0.5010547590387352,0.5,0.5010547590387352,0.001054759038735198,0.5589401265853701,0.559,0.5615401618309154,-5.987341462998508e-05
baseline-best-28,0.5,4,False,7.994655081685844,8.0,8.000017983317747,-0.005344918314156288,0.4998623423840209,0.5,0.4998623423840209,-0.0001376576159791143,-0.6647396151442199,-0.665,-0.6675525948377169,0.00026038485578017134
baseline-best-28,0.5,5,False,5.999860854125631,6.0,6.020044223588184,-0.00013914587436936188,0.5004618081522624,0.5,0.5004618081522624,0.00046180815226237737,-0.27414448965858507,-0.274,-0.27592169482640605,-0.00014448965858504526
baseline-best-28,0.5,6,False,6.005510565865341,6.0,6.014140818106266,0.005510565865341377,0.5002793496992273,0.5,0.5002793496992273,0.0002793496992272715,0.07271250285319628,0.073,0.07241739042966526,-0.00028749714680371963
baseline-best-28,0.5,7,False,16.004841122576174,16.0,16.004920537409042,0.004841122576173973,0.5000584211641425,0.5,0.5000584211641425,5.8421164142452575e-05,-0.14121663236250395,-0.141,-0.1410880220852972,-0.00021663236250396567
baseline-best-28,0.5,8,False,6.00340265243149,6.0,6.00324317981215,0.003402652431489628,0.5001007016307941,0.5,0.5001007016307941,0.00010070163079411998,-0.07015247793929152,-0.07,-0.07018134995555728,-0.00015247793929151765
baseline-best-28,0.5,9,False,6.99515260929001,7.0,7.0163979412176385,-0.004847390709990407,0.5004557912719491,0.5,0.5004557912719491,0.00045579127194905755,-0.5892212069608981,-0.589,-0.5917472431261869,-0.00022120696089811265
baseline-best-28,0.5,10,False,5.997827422921563,6.0,5.991432004078723,-0.002172577078437321,0.49971507655631664,0.5,0.49971507655631664,-0.0002849234436833603,0.23519440100392244,0.235,0.23614193964111108,0.0001944010039224564
baseline-best-28,0.5,11,False,6.004795398266559,6.0,6.007855572415117,0.004795398266558948,0.5001919524017013,0.5,0.5001919524017013,0.0001919524017013341,0.5587619645523949,0.559,0.5600298444661562,-0.00023803544760514495
baseline-best-28,0.5,12,False,8.002260677569211,8.0,8.002095805827139,0.0022606775692111114,0.5000695910924838,0.5,0.5000695910924838,6.959109248383388e-05,-0.6560852942516381,-0.656,-0.6565552178636033,-8.529425163805726e-05
baseline-best-28,0.5,13,False,5.996555481686401,6.0,5.992402145543509,-0.003444518313599154,0.49973767969807315,0.5,0.49973767969807315,-0.00026232030192685496,-0.15565997334830847,-0.156,-0.1558177907235096,0.00034002665169152735
baseline-best-28,0.5,14,False,6.003006596131024,6.0,6.008579772181128,0.00300659613102372,0.5003433251834623,0.5,0.5003433251834623,0.0003433251834622508,0.006737530678436204,0.007,0.006249303535987528,-0.000262469321563796
baseline-best-28,0.5,15,False,6.003788352330392,6.0,6.004883154460864,0.0037883523303916533,0.5002282548410959,0.5,0.5002282548410959,0.00022825484109589844,-0.20418632653464067,-0.204,-0.20415580891952737,-0.0001863265346406795
baseline-best-28,0.5,16,False,6.00271385728079,6.0,6.006806121791227,0.0027138572807903216,0.5003124298826342,0.5,0.5003124298826342,0.0003124298826342464,-0.2052094341687033,-0.205,-0.20483740713516602,-0.00020943416870330966
baseline-best-28,0.5,17,False,6.003260783888294,6.0,6.003412188510764,0.0032607838882938722,0.5001161001708639,0.5,0.5001161001708639,0.00011610017086394198,-0.177189712293335,-0.177,-0.17748371439361021,-0.00018971229333500372
baseline-best-28,0.5,18,False,6.0009853782537,6.0,6.003161455030835,0.0009853782537003752,0.5000337406215977,0.5,0.5000337406215977,3.3740621597666554e-05,-0.1790232392602351,-0.179,-0.17961841650639468,-2.3239260235119463e-05
baseline-best-28,0.5,19,False,6.003478703191381,6.0,6.005784928528115,0.003478703191380994,0.5001486479475465,0.5,0.5001486479475465,0.00014864794754654298,-0.18211507817311046,-0.182,-0.1817884143057506,-0.00011507817311046109
baseline-best-28,0.5,20,False,6.996812631531816,7.0,7.002774916227775,-0.0031873684681835712,0.5004411766584764,0.5,0.5004411766584764,0.0004411766584764276,-0.5903300261584928,-0.59,-0.5922422527389682,-0.00033002615849286876
baseline-best-28,0.5,21,False,6.0047707958078576,6.0,6.00191231796303,0.004770795807857553,0.5002906388560376,0.5,0.5002906388560376,0.0002906388560376394,0.24005774385335293,0.24,0.23952245717827536,5.774385335294285e-05
baseline-best-28,0.5,22,False,5.995691911104532,6.0,5.984881625455935,-0.004308088895467854,0.49987146340634914,0.5,0.49987146340634914,-0.00012853659365086312,0.5577745840121171,0.558,0.5630537607707612,-0.0002254159878829487
baseline-best-28,0.5,23,False,8.000670844057172,8.0,7.991642808845202,0.0006708440571721042,0.4997648204881326,0.5,0.4997648204881326,-0.0002351795118674116,-0.6576401599906501,-0.658,-0.6592100995526017,0.0003598400093499654
baseline-best-28,0.5,24,False,5.997545993182835,6.0,6.00271250119292,-0.002454006817164789,0.4997446284199284,0.5,0.4997446284199284,-0.0002553715800716061,-0.21492367101804122,-0.215,-0.21637781486550667,7.632898195877869e-05
baseline-best-28,0.5,25,False,5.998746186565439,6.0,5.996403339237467,-0.0012538134345607688,0.4999592661253823,0.5,0.4999592661253823,-4.0733874617726595e-05,-0.18993358290672646,-0.19,-0.18844604434511802,6.641709327354084e-05
baseline-best-28,0.5,26,False,6.001663253653874,6.0,5.998177579791406,0.001663253653873653,0.5000659013079534,0.5,0.5000659013079534,6.590130795336435e-05,0.11605657760228366,0.116,0.11655186642593443,5.6577602283655604e-05
baseline-best-28,0.5,27,False,6.9990121154167575,7.0,6.998492121508055,-0.0009878845832425043,0.4997391052449655,0.5,0.4997391052449655,-0.0002608947550344909,-0.6040858520744633,-0.604,-0.6067719196971818,-8.585207446332177e-05
baseline-best-28,0.5,28,False,5.998544301543207,6.0,5.994366702985237,-0.001455698456792831,0.49995962767229685,0.5,0.49995962767229685,-4.037232770315313e-05,0.9014204596550961,0.901,0.9060425462350856,0.00042045965509607264
baseline-best-28,0.5,29,False,6.999164902064182,7.0,6.999038443909977,-0.000835097935818041,0.49997316485383286,0.5,0.49997316485383286,-2.683514616713678e-05,-0.9081360422369422,-0.908,-0.9100635519892915,-0.00013604223694219097
baseline-best-28,0.5,30,False,6.997342161306952,7.0,6.997063842524171,-0.0026578386930475872,0.4999150005696409,0.5,0.4999150005696409,-8.499943035911173e-05,-0.9059589080572109,-0.906,-0.9077286175964042,4.109194278911765e-05
baseline-best-28,0.5,31,False,7.004134604463606,7.0,7.013791787974003,0.004134604463605918,0.5002289555520358,0.5,0.5002289555520358,0.00022895555203583662,-0.5839148942299236,-0.584,-0.5854998332693226,8.510577007636577e-05
baseline-best-28,0.5,32,False,6.008367939415122,6.0,5.985190090244748,0.008367939415122372,0.4992870702126263,0.5,0.4992870702126263,-0.0007129297873736951,0.23486767828645275,0.235,0.2318167778585097,-0.00013232171354723987
baseline-best-28,0.5,33,False,5.998720498136945,6.0,6.008587026641086,-0.0012795018630553656,0.500516819374485,0.5,0.500516819374485,0.0005168193744850003,0.5631331706744792,0.563,0.5679129060187781,0.000133170674479266
baseline-best-28,0.5,34,False,7.9983439741922675,8.0,8.000080226487242,-0.0016560258077324974,0.499969605138637,0.5,0.499969605138637,-3.0394861363025605e-05,-0.6630218366555733,-0.663,-0.6656972664294503,-2.1836655573315156e-05
baseline-best-28,0.5,35,False,6.0002071496258695,6.0,6.006368341157411,0.00020714962586954044,0.49998962742125325,0.5,0.49998962742125325,-1.0372578746753458e-05,-0.15301931221684853,-0.153,-0.15139911485230276,-1.9312216848532682e-05
baseline-best-28,0.5,36,False,6.001832498893579,6.0,6.00249832562085,0.0018324988935791708,0.500069499101267,0.5,0.500069499101267,6.949910126696768e-05,0.022106907997157314,0.022,0.020920799160572483,0.00010690799715731489
baseline-best-28,0.5,37,False,7.000600509149931,7.0,6.998678845834407,0.0006005091499305948,0.5000251127893708,0.5,0.5000251127893708,2.511278937078476e-05,-0.2960837887915725,-0.296,-0.2957493317525387,-8.37887915725033e-05
baseline-best-28,0.5,38,False,5.9989756158135386,6.0,5.997468598972132,-0.0010243841864614467,0.499955171585956,0.5,0.499955171585956,-4.482841404401805e-05,-0.18208293281056728,-0.182,-0.18107762754561377,-8.293281056728774e-05
baseline-best-28,0.5,39,False,6.003126833252814,6.0,6.003989059280588,0.003126833252814265,0.5001115376491027,0.5,0.5001115376491027,0.0001115376491026554,-0.012227063527281964,-0.012,-0.012250264344253203,-0.0002270635272819642
baseline-best-28,0.5,40,False,7.000129983396017,7.0,6.999599753182412,0.00012998339601733022,0.500005594413528,0.5,0.500005594413528,5.594413527987285e-06,-0.22488824716260053,-0.225,-0.22528436443186148,0.00011175283739947584
baseline-best-28,0.5,41,False,6.9996529920656885,7.0,6.992896301282652,-0.0003470079343115273,0.4999813251024,0.5,0.4999813251024,-1.8674897599990636e-05,-0.568129165458339,-0.568,-0.5679168796323183,-0.00012916545833907556
baseline-best-28,0.5,42,False,6.005153893202119,6.0,5.991758248235055,0.005153893202119342,0.4994900919527605,0.5,0.4994900919527605,-0.0005099080472394935,0.24606851906724445,0.246,0.2451278981180185,6.851906724444912e-05
baseline-best-28,0.5,43,False,5.986753216183901,6.0,6.030520914784274,-0.013246783816098784,0.5007992968849472,0.5,0.5007992968849472,0.000799296884947176,0.5698748011040905,0.57,0.5694550218062292,-0.00012519889590945077
baseline-best-28,0.5,44,False,7.998697691389494,8.0,7.987184960882033,-0.0013023086105059534,0.4997397982690011,0.5,0.4997397982690011,-0.000260201730998888,-0.6727096298936514,-0.673,-0.6721574523114605,0.00029037010634869187
baseline-best-28,0.5,45,False,5.9970595608693635,6.0,6.018694027213548,-0.002940439130636463,0.5005321311504219,0.5,0.5005321311504219,0.0005321311504219439,-0.2759576501903418,-0.276,-0.27754199694820614,4.2349809658226434e-05
baseline-best-28,0.5,46,False,5.998554926090652,6.0,5.992026822245847,-0.0014450739093483378,0.4999689991382605,0.5,0.4999689991382605,-3.100086173951633e-05,0.7037380501233879,0.704,0.706876456441694,-0.0002619498766120998
baseline-best-28,0.5,47,False,8.003693253068551,8.0,8.00541426366614,0.003693253068551172,0.5001024221917544,0.5,0.5001024221917544,0.00010242219175438105,-0.7710428006785878,-0.771,-0.7723108319880831,-4.280067858775105e-05
baseline-best-28,0.5,48,False,8.004146542449352,8.0,8.007099402144135,0.004146542449351642,0.5001078722184451,0.5,0.5001078722184451,0.0001078722184451042,-0.7611085713229852,-0.761,-0.7629380404923896,-0.00010857132298514038
baseline-best-28,0.5,49,False,6.99070499263829,7.0,7.016539415255735,-0.009295007361710184,0.5005167940572542,0.5,0.5005167940572542,0.000516794057254244,-0.5752373371081331,-0.575,-0.5774173613034627,-0.0002373371081331177
baseline-best-28,0.5,50,False,5.972014492754214,6.0,6.004812098828647,-0.027985507245785968,0.501152667373224,0.5,0.501152667373224,0.0011526673732239479,0.23379909597612633,0.234,0.23480139990595308,-0.00020090402387368256
baseline-best-28,0.5,51,False,5.994422222051969,6.0,6.0120219434368165,-0.0055777779480310485,0.5006394809740775,0.5,0.5006394809740775,0.0006394809740775109,0.5676787509986077,0.568,0.5683236692747908,-0.0003212490013922986
baseline-best-28,0.5,52,False,7.9992089502680646,8.0,8.004840320144472,-0.0007910497319354448,0.4999848502251321,0.5,0.4999848502251321,-1.5149774867884158e-05,-0.6808662899987732,-0.681,-0.6827206838283194,0.00013371000122686105
baseline-best-28,0.5,53,False,5.9998114137764,6.0,5.987480554609047,-0.00018858622359996247,0.4996364390177179,0.5,0.4996364390177179,-0.000363560982282074,-0.2067627938603665,-0.207,-0.20632812027195213,0.00023720613963348902
baseline-best-28,0.5,54,False,6.001513261662077,6.0,6.0029672679037445,0.0015132616620769923,0.500381487102936,0.5,0.500381487102936,0.00038148710293595123,-0.22305868914710136,-0.223,-0.2233134552370602,-5.868914710135953e-05
baseline-best-28,0.5,55,False,6.003611496938895,6.0,5.995312646979002,0.0036114969388947316,0.5001400703077873,0.5,0.5001400703077873,0.0001400703077872878,0.6926192931006476,0.693,0.6964611381390307,-0.00038070689935232327
baseline-best-28,0.5,56,False,7.998252904024166,8.0,8.02151796449982,-0.001747095975834334,0.5003822043437851,0.5,0.5003822043437851,0.0003822043437851086,-0.7721424439969019,-0.772,-0.7757316681821992,-0.00014244399690188647
baseline-best-28,0.5,57,False,8.003145289703713,8.0,8.008651024461109,0.0031452897037134164,0.5002513631826374,0.5,0.5002513631826374,0.00025136318263740964,-0.7641981530156896,-0.764,-0.7655653240974853,-0.00019815301568959498
baseline-best-28,0.5,58,False,6.99320649709681,7.0,7.01074858969169,-0.006793502903190252,0.5005724111359536,0.5,0.5005724111359536,0.0005724111359536321,-0.5851273808617683,-0.585,-0.5864639607948946,-0.00012738086176833363
baseline-best-28,0.5,59,False,6.00321628777868,6.0,5.976233357182562,0.0032162877786801047,0.4994286333869888,0.5,0.4994286333869888,-0.0005713666130112149,0.23802355431399716,0.238,0.2396253684077846,2.3554313997170562e-05
baseline-best-28,0.5,60,False,6.005146968315952,6.0,5.992213027677664,0.005146968315951739,0.5001836481351839,0.5,0.5001836481351839,0.00018364813518390033,0.5611289059078052,0.561,0.5678492784755527,0.00012890590780512134
baseline-best-28,0.5,61,False,7.996544260758013,8.0,7.991544717741476,-0.003455739241987388,0.4998217501414568,0.5,0.4998217501414568,-0.0001782498585432002,-0.6519262528300105,-0.652,-0.6542626376661337,7.374716998953534e-05
baseline-best-28,0.5,62,False,5.9974097373866355,6.0,5.999342562055407,-0.00259026261336448,0.49989019214203334,0.5,0.49989019214203334,-0.00010980785796665948,-0.21380216281102507,-0.214,-0.2145476498958849,0.0001978371889749253
baseline-best-28,0.5,63,False,6.002100987948451,6.0,6.000311078920342,0.0021009879484505944,0.5000738362819821,0.5,0.5000738362819821,7.383628198209813e-05,-0.16407254057680698,-0.164,-0.1637804481628043,-7.254057680697312e-05
baseline-best-28,0.5,64,False,6.0012174519927814,6.0,5.9958007887745985,0.0012174519927814487,0.5000308111552993,0.5,0.5000308111552993,3.0811155299348414e-05,-0.19117568109900504,-0.191,-0.19013597953596206,-0.00017568109900503726
baseline-best-28,0.5,65,False,6.00170583149243,6.0,6.001302370113633,0.0017058314924298656,0.5000536439409234,0.5,0.5000536439409234,5.364394092344238e-05,0.03693816819706798,0.037,0.036261745381191035,-6.183180293201779e-05
baseline-best-28,0.5,66,False,6.997317067691087,7.0,6.996389046442343,-0.002682932308912811,0.49992418475301253,0.5,0.49992418475301253,-7.581524698746511e-05,-0.3978012296294022,-0.398,-0.39739852758845357,0.00019877037059784497
baseline-best-28,0.5,67,False,6.998306029319984,7.0,7.00890571837519,-0.001693970680015866,0.5002845824959202,0.5,0.5002845824959202,0.000284582495920227,-0.5793238562642047,-0.579,-0.5858335584577126,-0.0003238562642047249
baseline-best-28,0.5,68,False,5.9388617782192545,6.0,6.034792240570639,-0.06113822178074546,0.5017682694716892,0.5,0.5017682694716892,0.0017682694716891767,0.19272109068015983,0.193,0.1943543736193163,-0.000278909319840176
baseline-best-28,0.5,69,False,6.002550367771447,6.0,6.000885598586931,0.0025503677714473483,0.5000653747902271,0.5,0.5000653747902271,6.537479022705739e-05,0.5669497611803535,0.567,0.5678154203112241,-5.023881964649757e-05
baseline-best-28,0.5,70,False,7.998014258719527,8.0,7.9992099232642815,-0.001985741280472908,0.4997947211807296,0.5,0.4997947211807296,-0.0002052788192704047,-0.6708193350395637,-0.671,-0.6735074613269884,0.00018066496043633862
baseline-best-28,0.5,71,False,6.002865302281404,6.0,6.00743764143059,0.0028653022814042473,0.5003371803080172,0.5,0.5003371803080172,0.0003371803080172153,0.07876069082418619,0.079,0.0772368487153601,-0.00023930917581381494
baseline-best-28,0.5,72,False,7.996057158225879,8.0,7.991388003224491,-0.003942841774120964,0.49989910775253693,0.5,0.49989910775253693,-0.00010089224746306913,-0.4887113503818963,-0.489,-0.4871785880602163,0.00028864961810370904
baseline-best-28,0.5,73,False,6.984448236847103,7.0,7.01582143444077,-0.015551763152896747,0.5006095677277261,0.5,0.5006095677277261,0.0006095677277261347,-0.5731589807881448,-0.573,-0.5736822728696098,-0.00015898078814480243
baseline-best-28,0.5,74,False,5.998717571124894,6.0,6.02203768104662,-0.0012824288751058788,0.5004078529717829,0.5,0.5004078529717829,0.00040785297178291824,0.16889028981097393,0.169,0.16599491890595575,-0.00010971018902608543
baseline-best-28,0.5,75,False,5.997233534719538,6.0,5.992724803933239,-0.002766465280462427,0.4997422674384807,0.5,0.4997422674384807,-0.00025773256151928603,0.5651042899709833,0.565,0.5688218588099397,0.00010428997098332893
baseline-best-28,0.5,76,False,7.996806647508146,8.0,7.999248951758943,-0.003193352491853929,0.49987009501611224,0.5,0.49987009501611224,-0.00012990498388776306,-0.6588182818453178,-0.659,-0.660440189914862,0.00018171815468226438
baseline-best-28,0.5,77,False,6.000842691059502,6.0,6.0111454856289,0.0008426910595016324,0.5003422700937067,0.5,0.5003422700937067,0.00034227009370668693,0.23184260427215744,0.232,0.23258819692691582,-0.0001573957278425686
baseline-best-28,0.5,78,False,8.002533657267435,8.0,7.993570124715773,0.002533657267434819,0.49968768839088484,0.5,0.49968768839088484,-0.00031231160911515676,-0.49386019759091637,-0.494,-0.4944323055436806,0.00013980240908362251
baseline-best-28,0.5,79,False,6.0021421196416,6.0,6.005774613214969,0.0021421196415998267,0.5002401012531345,0.5,0.5002401012531345,0.0002401012531344504,-0.4131931607281241,-0.413,-0.4131831975008122,-0.0001931607281241421
baseline-best-28,0.5,80,False,7.000504925800603,7.0,7.014136777717684,0.0005049258006026847,0.5000081954324955,0.5,0.5000081954324955,8.19543249552801e-06,-0.58604158548932,-0.586,-0.5882618734715712,-4.158548931998407e-05
baseline-best-28,0.5,81,False,6.00376167380021,6.0,5.99820322496959,0.003761673800210197,0.5001148412072084,0.5,0.5001148412072084,0.00011484120720839375,0.23495913742290642,0.235,0.23492978192605032,-4.0862577093569996e-05
baseline-best-28,0.5,82,False,6.001217200276121,6.0,5.973330373712872,0.0012172002761206002,0.49946250291478883,0.5,0.49946250291478883,-0.0005374970852111693,0.560887389706263,0.561,0.56313597321561,-0.00011261029373710318
baseline-best-28,0.5,83,False,7.998450830284507,8.0,8.000097594732662,-0.001549169715493015,0.499953973262127,0.5,0.499953973262127,-4.6026737873017254e-05,-0.6617188347433551,-0.662,-0.6624572388162333,0.00028116525664489966
baseline-best-28,0.5,84,False,5.999077157196069,6.0,5.972754813539874,-0.0009228428039307346,0.49963102318200475,0.5,0.49963102318200475,-0.00036897681799524795,-0.1479756811550556,-0.148,-0.1457479517265399,2.431884494438763e-05
baseline-best-28,0.5,85,False,6.004724869080172,6.0,6.0044097538390675,0.0047248690801717785,0.5002008852619608,0.5,0.5002008852619608,0.0002008852619608259,-0.04383472390963106,-0.044,-0.04487043771889595,0.00016527609036894042
baseline-best-28,0.5,86,False,5.996007614248627,6.0,5.9965399641494255,-0.003992385751373284,0.4998511183210808,0.5,0.4998511183210808,-0.00014888167891918824,-0.1820483648504063,-0.182,-0.1808070026560906,-4.836485040629612e-05
baseline-best-28,0.5,87,False,6.00185024612367,6.0,6.0075123463845035,0.0018502461236700185,0.5002098818076552,0.5,0.5002098818076552,0.00020988180765524334,-0.18236017521408543,-0.182,-0.18236258998755903,-0.0003601752140854342
baseline-best-28,0.5,88,False,6.00209079138683,6.0,6.012497554914271,0.002090791386829771,0.5004543365886172,0.5,0.5004543365886172,0.00045433658861715465,-0.33399063155154585,-0.334,-0.33644113007892945,9.368448454172285e-06
baseline-best-28,0.5,89,False,6.004221370886679,6.0,6.008750581802971,0.0042213708866789545,0.5001861147605595,0.5,0.5001861147605595,0.00018611476055951925,-0.3449612329100533,-0.345,-0.3466544046578356,3.876708994665634e-05
baseline-best-28,0.5,90,False,6.003914059517065,6.0,6.000726533106456,0.003914059517065027,0.500159119675947,0.5,0.500159119675947,0.00015911967594695042,0.4024831363126911,0.403,0.40548405024301304,-0.0005168636873089105
baseline-best-28,0.5,91,False,8.00397025004563,8.0,8.008571765750078,0.003970250045629342,0.5001902823577349,0.5,0.5001902823577349,0.00019028235773488333,-0.5680989847010975,-0.568,-0.569228348964314,-9.898470109759305e-05
baseline-best-28,0.5,92,False,6.988010214491111,7.0,7.023934272085543,-0.01198978550888885,0.5005299540559908,0.5,0.5005299540559908,0.0005299540559907667,-0.5889630313059453,-0.589,-0.5895621779636577,3.696869405467318e-05
baseline-best-28,0.5,93,False,5.994733727650411,6.0,5.987611418590984,-0.005266272349588874,0.499797480357426,0.5,0.499797480357426,-0.00020251964257400612,0.23295110313328551,0.233,0.23127195634299033,-4.8896866714498444e-05
baseline-best-28,0.5,94,False,5.998036261072709,6.0,5.987157004418106,-0.001963738927290848,0.4996470412914352,0.5,0.4996470412914352,-0.00035295870856477674,0.5652082586425651,0.565,0.5686098148651798,0.00020825864256512894
baseline-best-28,0.5,95,False,7.998097175600553,8.0,7.982664649915037,-0.0019028243994467786,0.49968890482068407,0.5,0.49968890482068407,-0.00031109517931593444,-0.6685600333865713,-0.669,-0.6688297928734422,0.0004399666134287106
baseline-best-28,0.5,96,False,5.9962568420563125,6.0,6.016687614076209,-0.003743157943687514,0.5005582552937038,0.5,0.5005582552937038,0.000558255293703791,-0.1330238573512712,-0.133,-0.13232301404944263,-2.3857351271194815e-05
baseline-best-28,0.5,97,False,5.9986470988080685,6.0,5.99165521658943,-0.0013529011919315437,0.4996539651824951,0.5,0.4996539651824951,-0.0003460348175048922,-0.17507119460918297,-0.175,-0.17549618293845598,-7.119460918297849e-05
baseline-best-28,0.5,98,False,5.998328317610438,6.0,5.99566876548026,-0.0016716823895617239,0.49993104306096775,0.5,0.49993104306096775,-6.895693903224975e-05,-0.08288388649263612,-0.083,-0.08235093272068116,0.00011611350736388804
baseline-best-28,0.5,99,False,6.003641567547321,6.0,5.998824258739782,0.003641567547321145,0.5001479479541905,0.5,0.5001479479541905,0.000147947954190486,0.01326785607385242,0.013,0.013160366410934824,0.00026785607385242105
baseline-best-28,0.5,100,False,6.999505569828512,7.0,6.998600958376667,-0.0004944301714884247,0.49998875001798854,0.5,0.49998875001798854,-1.12499820114631e-05,-0.3098810028214175,-0.31,-0.3097756730420133,0.0001189971785824917
baseline-best-28,0.5,101,False,5.996559379301749,6.0,5.9939094928642485,-0.003440620698251351,0.49977789521852073,0.5,0.49977789521852073,-0.00022210478147927093,0.19490155203873963,0.195,0.19545849552938843,-9.844796126037836e-05
baseline-best-28,0.5,102,False,6.002457604053002,6.0,6.006959010842791,0.002457604053001994,0.5000921940967682,0.5,0.5000921940967682,9.219409676819446e-05,-0.23039732896990753,-0.23,-0.2292140955772654,-0.00039732896990751776
baseline-best-28,0.5,103,False,5.9983439848307265,6.0,6.0029582849401955,-0.0016560151692734948,0.4999279091468931,0.5,0.4999279091468931,-7.209085310688756e-05,-0.26776033491784434,-0.268,-0.2699583497141641,0.00023966508215567117
baseline-best-28,0.5,104,False,6.0028005808300176,6.0,6.008732931587156,0.0028005808300175516,0.5002720218764631,0.5,0.5002720218764631,0.00027202187646313547,-0.21312772883133005,-0.213,-0.2155867758405309,-0.00012772883133005397
baseline-best-28,0.5,105,False,5.999856012249743,6.0,5.994818875267254,-0.00014398775025714627,0.4999902353609677,0.5,0.4999902353609677,-9.764639032294742e-06,-0.1900797783323156,-0.19,-0.18726104671646895,-7.977833231559428e-05
baseline-best-28,0.5,106,False,6.998748990267572,7.0,6.996902709740327,-0.0012510097324280878,0.4999562448949685,0.5,0.4999562448949685,-4.3755105031517694e-05,-0.5850178595127403,-0.585,-0.5868814582740567,-1.785951274035913e-05
baseline-best-28,0.5,107,False,5.996710259131453,6.0,6.001151570068467,-0.003289740868546609,0.4998261350518066,0.5,0.4998261350518066,-0.00017386494819338072,0.2441346474571239,0.244,0.24477929715895055,0.0001346474571239098
baseline-best-28,0.5,108,False,6.001258920991652,6.0,5.9877796027558725,0.001258920991651813,0.49948891060536216,0.5,0.49948891060536216,-0.0005110893946378425,0.5610382013600512,0.561,0.5621034347210113,3.820136005117103e-05
baseline-best-28,0.5,109,False,7.990763926637634,8.0,8.026006173649842,-0.009236073362366426,0.5004527419164941,0.5,0.5004527419164941,0.0004527419164941371,-0.664072320216648,-0.664,-0.6659740163186895,-7.232021664793642e-05
baseline-best-28,0.5,110,False,6.003940856326473,6.0,6.0032856034098705,0.003940856326472897,0.5001470224785174,0.5,0.5001470224785174,0.00014702247851738903,-0.2379930109471435,-0.238,-0.23670733946864633,6.989052856481992e-06
baseline-best-28,0.5,111,False,5.9973154242449,6.0,5.995182590720808,-0.0026845757550999494,0.4999338972735488,0.5,0.4999338972735488,-6.610272645118931e-05,0.6727449720362082,0.673,0.6724271662821245,-0.0002550279637918429
baseline-best-28,0.5,112,False,8.0012441495029,8.0,8.01257607931241,0.0012441495029005267,0.5002832714417402,0.5,0.5002832714417402,0.00028327144174022933,-0.6590744476205326,-0.659,-0.6603168428861418,-7.444762053254728e-05
baseline-best-28,0.5,113,False,7.000576139165712,7.0,7.005289102873844,0.0005761391657124193,0.5003244780966568,0.5,0.5003244780966568,0.0003244780966568106,-0.8720636095411766,-0.872,-0.8713281920745638,-6.360954117656803e-05
baseline-best-28,0.5,114,False,7.000440612753203,7.0,7.018361947616095,0.00044061275320306237,0.5003202468801694,0.5,0.5003202468801694,0.00032024688016940583,-0.5841171864134207,-0.584,-0.585391336359243,-0.00011718641342073344
baseline-best-28,0.5,115,False,5.999483709029341,6.0,5.997702968099279,-0.0005162909706593055,0.500276318706987,0.5,0.500276318706987,0.0002763187069869666,0.233647871347786,0.234,0.23405813957519325,-0.00035212865221401213
baseline-best-28,0.5,116,False,6.000835469632416,6.0,6.008859269426201,0.000835469632415986,0.5005560954769868,0.5,0.5005560954769868,0.0005560954769867621,0.5621945425007608,0.562,0.5631357243042237,0.00019454250076078594
baseline-best-28,0.5,117,False,7.9972026026130925,8.0,7.990399409102295,-0.002797397386907541,0.4997750566343447,0.5,0.4997750566343447,-0.0002249433656553168,-0.6659117009960809,-0.666,-0.6669479651762676,8.829900391915668e-05
baseline-best-28,0.5,118,False,6.003899781568355,6.0,6.006474864914098,0.0038997815683545767,0.5001507034431996,0.5,0.5001507034431996,0.00015070344319956241,-0.21217965181238613,-0.212,-0.21310030125783064,-0.00017965181238613348
baseline-best-28,0.5,119,False,5.997512855541112,6.0,5.985342028802339,-0.002487144458887869,0.49979338260875106,0.5,0.49979338260875106,-0.00020661739124894218,-0.19069899104247023,-0.191,-0.189334088972905,0.0003010089575297692
baseline-best-28,0.5,120,False,5.998876766699487,6.0,5.992536925420769,-0.0011232333005128936,0.4999828671638924,0.5,0.4999828671638924,-1.7132836107602856e-05,0.6669821447966685,0.667,0.6695607761062133,-1.7855203331529346e-05
baseline-best-28,0.5,121,False,7.999309574264403,8.0,8.011724289083714,-0.0006904257355966337,0.500279614482671,0.5,0.500279614482671,0.00027961448267099787,-0.6531454345716623,-0.653,-0.6557577761353443,-0.00014543457166227292
baseline-best-28,0.5,122,False,6.999839980826177,7.0,7.0083935225765615,-0.0001600191738226897,0.50029501545608,0.5,0.50029501545608,0.00029501545608001667,-0.8772092025694915,-0.877,-0.8784908992914885,-0.00020920256949152893
baseline-best-28,0.5,123,False,6.997329188146581,7.0,6.994796565650508,-0.0026708118534193304,0.4999161755606159,0.5,0.4999161755606159,-8.382443938409478e-05,-0.5581465412739348,-0.558,-0.556967454355708,-0.0001465412739347638
baseline-best-28,0.5,124,False,5.9995196794201116,6.0,6.012145900500173,-0.0004803205798884491,0.500563461393646,0.5,0.500563461393646,0.0005634613936460475,0.18593850303744897,0.186,0.18545663937598164,-6.14969625510331e-05
baseline-best-28,0.5,125,False,6.0042565313707925,6.0,6.006009306348538,0.004256531370792516,0.5001612798909693,0.5,0.5001612798909693,0.000161279890969257,0.5736973951356376,0.574,0.5727378641798815,-0.0003026048643623991
baseline-best-28,0.5,126,False,7.999402314003476,8.0,8.01535561677531,-0.000597685996524433,0.5003797870855691,0.5,0.5003797870855691,0.00037978708556907215,-0.6942062347077517,-0.694,-0.6937017038183085,-0.00020623470775171793
baseline-best-28,0.5,127,False,5.996531424658018,6.0,6.02158062521072,-0.003468575341981861,0.5005386851526588,0.5,0.5005386851526588,0.0005386851526587577,0.09576238257156561,0.096,0.09465987699390488,-0.0002376174284343946
baseline-best-28,0.5,128,False,16.00342102264109,16.0,16.000841130000374,0.003421022641088456,0.5000395722785315,0.5,0.5000395722785315,3.957227853146339e-05,-0.285174459235374,-0.285,-0.2845544655160343,-0.00017445923537401375
baseline-best-28,0.5,129,False,7.001132062749583,7.0,7.021818306581173,0.0011320627495834401,0.5004449679874916,0.5,0.5004449679874916,0.0004449679874916068,-0.5921435124208786,-0.592,-0.5929536579349612,-0.00014351242087862204
baseline-best-28,0.5,130,False,5.99874931180385,6.0,6.0136786559737,-0.0012506881961495964,0.49997283296808687,0.5,0.49997283296808687,-2.716703191313341e-05,0.26689338426920184,0.267,0.26601658719289695,-0.00010661573079817632
baseline-best-28,0.5,131,False,5.99993153185703,6.0,6.007059923583085,-6.846814297034598e-05,0.5005033212731917,0.5,0.5005033212731917,0.000503321273191748,0.5598614571740774,0.56,0.5640561752339593,-0.00013854282592262734
baseline-best-28,0.5,132,False,7.995722738865173,8.0,7.989775488327587,-0.0042772611348267375,0.4997781220778381,0.5,0.4997781220778381,-0.00022187792216188384,-0.6726352002574374,-0.673,-0.6735850027838471,0.00036479974256264924
baseline-best-28,0.5,133,False,5.989710855445821,6.0,6.039647580518551,-0.01028914455417862,0.5013695365364638,0.5,0.5013695365364638,0.0013695365364637668,-0.3923987756857614,-0.392,-0.3934808801295947,-0.00039877568576141
baseline-best-28,0.5,134,False,7.001591623436154,7.0,7.009234308248329,0.0015916234361537107,0.5000702272942616,0.5,0.5000702272942616,7.022729426164886e-05,-0.588127969463592,-0.588,-0.5919306585223159,-0.00012796946359205918
baseline-best-28,0.5,135,False,5.999277847667483,6.0,5.995463935285158,-0.0007221523325169343,0.4997528764546744,0.5,0.4997528764546744,-0.00024712354532557823,0.21512919464538136,0.215,0.21588555102449927,0.0001291946453813586
baseline-best-28,0.5,136,False,5.998152603969588,6.0,5.974009600878714,-0.0018473960304117298,0.49953835778550376,0.5,0.49953835778550376,-0.00046164221449623843,0.5598982683539714,0.56,0.5628948161743214,-0.0001017316460286688
baseline-best-28,0.5,137,False,7.994113503889113,8.0,8.020071303376612,-0.005886496110886874,0.5004341996811257,0.5,0.5004341996811257,0.00043419968112567986,-0.6610461999770888,-0.661,-0.6632512796549929,-4.6199977088767774e-05
baseline-best-28,0.5,138,False,5.997479347461091,6.0,5.9995031628673265,-0.002520652538908763,0.49991645963268155,0.5,0.49991645963268155,-8.35403673184465e-05,-0.004787993085351576,-0.005,-0.006071670723896377,0.00021200691464842453
baseline-best-28,0.5,139,False,5.999814685851803,6.0,6.006773927601951,-0.00018531414819733527,0.5003032845595919,0.5,0.5003032845595919,0.0003032845595919431,-0.3621897759215559,-0.362,-0.36276686667216457,-0.0001897759215558903
baseline-best-28,0.5,140,False,5.998723431371774,6.0,5.995603788821276,-0.0012765686282261157,0.4999557674231818,0.5,0.4999557674231818,-4.423257681818171e-05,-0.35997153850041985,-0.36,-0.3588981658763321,2.8461499580134664e-05
baseline-best-28,0.5,141,False,6.985690911072308,7.0,7.018267155466487,-0.014309088927691782,0.5006006345018823,0.5,0.5006006345018823,0.0006006345018823023,-0.5899255836102771,-0.59,-0.5901912016470983,7.441638972283116e-05
baseline-best-28,0.5,142,False,5.999353769153197,6.0,5.989744040429235,-0.0006462308468027089,0.49972224931232573,0.5,0.49972224931232573,-0.0002777506876742719,0.21407257204720684,0.214,0.21372228242146704,7.257204720684252e-05
baseline-best-28,0.5,143,False,5.997762773553789,6.0,5.987034661687987,-0.00223722644621116,0.49979025852048975,0.5,0.49979025852048975,-0.00020974147951025035,0.5600595068495927,0.56,0.5637504305240779,5.950684959266095e-05
baseline-best-28,0.5,144,False,7.999931904178985,8.0,8.00679811598296,-6.809582101485745e-05,0.4999984048882256,0.5,0.4999984048882256,-1.5951117743884247e-06,-0.6568869983893991,-0.657,-0.6589534808417938,0.00011300161060090463
baseline-best-28,0.5,145,False,6.0026094836609385,6.0,5.994646822013253,0.002609483660938494,0.5000839955179867,0.5,0.5000839955179867,8.399551798665694e-05,-0.03211088475876599,-0.032,-0.03161364942264365,-0.00011088475876598614
baseline-best-28,0.5,146,False,6.00225014611603,6.0,5.999125534620339,0.0022501461160295833,0.5002953441173635,0.5,0.5002953441173635,0.0002953441173635385,-0.15428047509090478,-0.154,-0.1532550890819591,-0.00028047509090478595
baseline-best-28,0.5,147,False,6.002257456554215,6.0,6.005720035839196,0.0022574565542150538,0.5001791244759154,0.5,0.5001791244759154,0.00017912447591539316,-0.36012087215706434,-0.36,-0.3609515424355193,-0.00012087215706435561
baseline-best-28,0.5,148,False,6.0007742837749944,6.0,5.999343481540912,0.0007742837749944442,0.5000287688445499,0.5,0.5000287688445499,2.876884454994233e-05,-0.3319743899432579,-0.332,-0.33221808575123835,2.5610056742120246e-05
baseline-best-28,0.5,149,False,7.002331986790533,7.0,7.007436276935815,0.002331986790532703,0.5001929367075135,0.5,0.5001929367075135,0.00019293670751352465,-0.5931098782620917,-0.593,-0.595277111986029,-0.0001098782620917449
baseline-best-28,0.5,150,False,5.996218110988222,6.0,5.995545551066321,-0.0037818890117780057,0.5005229245113534,0.5,0.5005229245113534,0.0005229245113533842,0.24176648941147486,0.242,0.24324610657661738,-0.00023351058852513762
baseline-best-28,0.5,151,False,6.0038263679595465,6.0,5.997629376274536,0.003826367959546495,0.5001676031077169,0.5,0.5001676031077169,0.00016760310771690712,0.5569787562919797,0.557,0.5604917040360347,-2.124370802036868e-05
baseline-best-28,0.5,152,False,8.002206894829822,8.0,8.00807122427154,0.002206894829821948,0.5000678395915986,0.5,0.5000678395915986,6.783959159861741e-05,-0.6631823400327538,-0.663,-0.6657517797554254,-0.00018234003275374722
baseline-best-28,0.5,153,False,6.001008855964081,6.0,5.987384628071109,0.0010088559640806238,0.5000367754446622,0.5,0.5000367754446622,3.677544466218485e-05,-0.23502307862383393,-0.235,-0.23411183836898627,-2.307862383393866e-05
baseline-best-28,0.5,154,False,6.001069100542202,6.0,6.000589417801724,0.001069100542202328,0.5000334472574827,0.5,0.5000334472574827,3.344725748266608e-05,0.04897121486508292,0.049,0.0469792350400737,-2.87851349170809e-05
baseline-best-28,0.5,155,False,5.996973774011786,6.0,5.987655809001788,-0.003026225988214115,0.4997822289917955,0.5,0.4997822289917955,-0.00021777100820452588,-0.3587662935844545,-0.359,-0.3565602194241545,0.0002337064155454871
baseline-best-28,0.5,156,False,6.002690100301879,6.0,6.000358035257345,0.002690100301879106,0.5000979267123963,0.5,0.5000979267123963,9.792671239627904e-05,-0.3611849774296083,-0.361,-0.36058366890333493,-0.00018497742960832397
baseline-best-28,0.5,157,False,7.01412586016041,7.0,6.996201058273997,0.014125860160410397,0.4994835375664686,0.5,0.4994835375664686,-0.0005164624335313728,-0.5659566220951744,-0.566,-0.5699829482830145,4.337790482555892e-05
baseline-best-28,0.5,158,False,6.0059148797472135,6.0,5.982373357474586,0.005914879747213497,0.4994827772903634,0.5,0.4994827772903634,-0.0005172227096366111,0.10808962831627736,0.108,0.11060695156319074,8.962831627735979e-05
baseline-best-28,0.5,159,False,6.004895864904841,6.0,5.998341404939745,0.004895864904841396,0.5001718585302487,0.5,0.5001718585302487,0.000171858530248703,0.5811318438910709,0.581,0.5847055253695432,0.0001318438910709041
baseline-best-28,0.5,160,False,8.001357339793312,8.0,8.011051800146623,0.0013573397933122067,0.5001994088739062,0.5,0.5001994088739062,0.00019940887390623718,-0.6683568406918434,-0.668,-0.6714351743384452,-0.0003568406918433853
baseline-best-28,0.5,161,False,7.0017283603309135,7.0,6.990497932286499,0.0017283603309135032,0.49958218910051355,0.5,0.49958218910051355,-0.00041781089948644823,-0.30999398109328696,-0.31,-0.31128901902298384,6.018906713034511e-06
baseline-best-28,0.5,162,False,6.00624198518828,6.0,5.980240302018955,0.006241985188279564,0.4995170826585381,0.5,0.4995170826585381,-0.0004829173414618859,0.17006266324149896,0.17,0.1699827601219988,6.26632414989503e-05
baseline-best-28,0.5,163,False,6.002221628476807,6.0,5.99448381366889,0.0022216284768070693,0.5000673143776792,0.5,0.5000673143776792,6.731437767915072e-05,0.5671002169567047,0.567,0.5715716049232501,0.00010021695670470177
baseline-best-28,0.5,164,False,7.998282337048899,8.0,8.005472648786034,-0.0017176629511013175,0.4999679521651073,0.5,0.4999679521651073,-3.204783489269003e-05,-0.6699904181538835,-0.67,-0.6731298960660419,9.581846116546444e-06
baseline-best-28,0.5,165,False,6.00295788173374,6.0,6.005230090789933,0.0029578817337396757,0.5002456488400392,0.5,0.5002456488400392,0.0002456488400391921,-0.19614224008552147,-0.196,-0.19649378087847844,-0.00014224008552146672
baseline-best-28,0.5,166,False,5.996101033830987,6.0,5.991614479422774,-0.003898966169012752,0.49987511183474576,0.5,0.49987511183474576,-0.0001248881652542444,-0.16486623928342564,-0.165,-0.16289469341069662,0.00013376071657436595
baseline-best-28,0.5,167,False,5.999319322178611,6.0,6.014099216907237,-0.0006806778213892528,0.5004124464480426,0.5,0.5004124464480426,0.00041244644804261377,0.020962971658398392,0.021,0.019066763165324574,-3.702834160160956e-05
baseline-best-28,0.5,168,False,7.9966524799437195,8.0,7.995048779932747,-0.003347520056280473,0.4999260692129296,0.5,0.4999260692129296,-7.393078707040868e-05,8.460299760235003e-05,0.0,-0.0011484778476256571,8.460299760235003e-05
baseline-best-28,1,1,False,6.979307277833539,7.0,7.014983454261828,-0.02069272216646123,0.5006700895866601,0.5,0.5006700895866601,0.0006700895866601497,-0.5921420964875157,-0.592,-0.5930831725930814,-0.00014209648751573045
baseline-best-28,1,2,False,5.997529975130427,6.0,5.9911146565021225,-0.0024700248695728177,0.49973866680794166,0.5,0.49973866680794166,-0.00026133319205834393,0.24399586642532653,0.244,0.24515494342880295,-4.133574673464979e-06
baseline-best-28,1,3,False,5.974201419250279,6.0,6.018750736346137,-0.02579858074972119,0.5010547590387352,0.5,0.5010547590387352,0.001054759038735198,0.558981163838854,0.559,0.5615401618309154,-1.8836161146063013e-05
baseline-best-28,1,4,False,7.997165103544423,8.0,8.000017983317747,-0.0028348964555773293,0.4998623423840209,0.5,0.4998623423840209,-0.0001376576159791143,-0.664851447340557,-0.665,-0.6675525948377169,0.0001485526594430242
baseline-best-28,1,5,False,5.993995166430077,6.0,6.020044223588184,-0.006004833569923207,0.5004618081522624,0.5,0.5004618081522624,0.00046180815226237737,-0.27410642073413566,-0.274,-0.27592169482640605,-0.00010642073413563713
baseline-best-28,1,6,False,6.00003707798477,6.0,6.014140818106266,3.707798476959567e-05,0.5002793496992273,0.5,0.5002793496992273,0.0002793496992272715,0.072861293561432,0.073,0.07241739042966526,-0.0001387064385679898
baseline-best-28,1,7,False,16.002557240224505,16.0,16.004920537409042,0.0025572402245046533,0.5000584211641425,0.5,0.5000584211641425,5.8421164142452575e-05,-0.14113325203730157,-0.141,-0.1410880220852972,-0.00013325203730157886
baseline-best-28,1,8,False,6.002845759590146,6.0,6.00324317981215,0.002845759590146102,0.5001007016307941,0.5,0.5001007016307941,0.00010070163079411998,-0.07013262543044398,-0.07,-0.07018134995555728,-0.00013262543044396946
baseline-best-28,1,9,False,6.989233344831088,7.0,7.0163979412176385,-0.010766655168912287,0.5004557912719491,0.5,0.5004557912719491,0.00045579127194905755,-0.5891678357748107,-0.589,-0.5917472431261869,-0.00016783577481072065
baseline-best-28,1,10,False,6.001689711204093,6.0,5.991432004078723,0.0016897112040927809,0.49971507655631664,0.5,0.49971507655631664,-0.0002849234436833603,0.23514404691694965,0.235,0.23614193964111108,0.00014404691694966387
baseline-best-28,1,11,False,6.00245681809911,6.0,6.007855572415117,0.002456818099109803,0.5001919524017013,0.5,0.5001919524017013,0.0001919524017013341,0.5588550445693363,0.559,0.5600298444661562,-0.00014495543066372907
baseline-best-28,1,12,False,8.00210260752282,8.0,8.002095805827139,0.002102607522820321,0.5000695910924838,0.5,0.5000695910924838,6.959109248383388e-05,-0.6561028973134165,-0.656,-0.6565552178636033,-0.00010289731341650565
baseline-best-28,1,13,False,6.000983056328885,6.0,5.992402145543509,0.00098305632888529,0.49973767969807315,0.5,0.49973767969807315,-0.00026232030192685496,-0.15581437608588472,-0.156,-0.1558177907235096,0.00018562391411527934
baseline-best-28,1,14,False,5.99889902933178,6.0,6.008579772181128,-0.0011009706682196807,0.5003433251834623,0.5,0.5003433251834623,0.0003433251834622508,0.006853687671038777,0.007,0.006249303535987528,-0.00014631232896122285
baseline-best-28,1,15,False,6.001236980146851,6.0,6.004883154460864,0.001236980146851252,0.5002282548410959,0.5,0.5002282548410959,0.00022825484109589844,-0.20414837118869966,-0.204,-0.20415580891952737,-0.00014837118869967525
baseline-best-28,1,16,False,5.998879337497365,6.0,6.006806121791227,-0.0011206625026352057,0.5003124298826342,0.5,0.5003124298826342,0.0003124298826342464,-0.2051343056294416,-0.205,-0.20483740713516602,-0.00013430562944161117
baseline-best-28,1,17,False,6.0027021485464545,6.0,6.003412188510764,0.0027021485464544526,0.5001161001708639,0.5,0.5001161001708639,0.00011610017086394198,-0.17712800670299592,-0.177,-0.17748371439361021,-0.00012800670299592531
baseline-best-28,1,18,False,6.000881794232094,6.0,6.003161455030835,0.000881794232094002,0.5000337406215977,0.5,0.5000337406215977,3.3740621597666554e-05,-0.17902936898221897,-0.179,-0.17961841650639468,-2.936898221897466e-05
baseline-best-28,1,19,False,6.0014816120293775,6.0,6.005784928528115,0.001481612029377466,0.5001486479475465,0.5,0.5001486479475465,0.00014864794754654298,-0.18207712904993853,-0.182,-0.1817884143057506,-7.712904993853464e-05
baseline-best-28,1,20,False,6.989407457341931,7.0,7.002774916227775,-0.010592542658068638,0.5004411766584764,0.5,0.5004411766584764,0.0004411766584764276,-0.590187641636785,-0.59,-0.5922422527389682,-0.00018764163678508528
baseline-best-28,1,21,False,6.00063467668414,6.0,6.00191231796303,0.0006346766841396345,0.5002906388560376,0.5,0.5002906388560376,0.0002906388560376394,0.24001756429755702,0.24,0.23952245717827536,1.756429755703226e-05
baseline-best-28,1,22,False,5.996565622490461,6.0,5.984881625455935,-0.0034343775095386775,0.49987146340634914,0.5,0.49987146340634914,-0.00012853659365086312,0.5579134401545799,0.558,0.5630537607707612,-8.655984542016437e-05
baseline-best-28,1,23,False,8.004295615236511,8.0,7.991642808845202,0.004295615236511452,0.4997648204881326,0.5,0.4997648204881326,-0.0002351795118674116,-0.6577953217373459,-0.658,-0.6592100995526017,0.00020467826265413436
baseline-best-28,1,24,False,6.001370632520032,6.0,6.00271250119292,0.0013706325200315561,0.4997446284199284,0.5,0.4997446284199284,-0.0002553715800716061,-0.21494938687224255,-0.215,-0.21637781486550667,5.061312775744842e-05
baseline-best-28,1,25,False,5.99881454792893,6.0,5.996403339237467,-0.0011854520710699035,0.4999592661253823,0.5,0.4999592661253823,-4.0733874617726595e-05,-0.18993344142251345,-0.19,-0.18844604434511802,6.655857748655292e-05
baseline-best-28,1,26,False,6.0016837595167365,6.0,5.998177579791406,0.0016837595167364938,0.5000659013079534,0.5,0.5000659013079534,6.590130795336435e-05,0.11599917898449394,0.116,0.11655186642593443,-8.210155060667246e-07
baseline-best-28,1,27,False,7.001825502611078,7.0,6.998492121508055,0.001825502611078278,0.4997391052449655,0.5,0.4997391052449655,-0.0002608947550344909,-0.6040445802571374,-0.604,-0.6067719196971818,-4.458025713738323e-05
baseline-best-28,1,28,False,5.998639363277563,6.0,5.994366702985237,-0.0013606367224365812,0.49995962767229685,0.5,0.49995962767229685,-4.037232770315313e-05,0.9012931612655529,0.901,0.9060425462350856,0.00029316126555289923
baseline-best-28,1,29,False,6.999113929429135,7.0,6.999038443909977,-0.000886070570865094,0.49997316485383286,0.5,0.49997316485383286,-2.683514616713678e-05,-0.9080660023280592,-0.908,-0.9100635519892915,-6.600232805920037e-05
baseline-best-28,1,30,False,6.997821572369585,7.0,6.997063842524171,-0.002178427630415314,0.4999150005696409,0.5,0.4999150005696409,-8.499943035911173e-05,-0.9059416808704359,-0.906,-0.9077286175964042,5.831912956411056e-05
baseline-best-28,1,31,False,6.999460490784679,7.0,7.013791787974003,-0.0005395092153213099,0.5002289555520358,0.5,0.5002289555520358,0.00022895555203583662,-0.5839567320791336,-0.584,-0.5854998332693226,4.3267920866396636e-05
baseline-best-28,1,32,False,6.020785679099925,6.0,5.985190090244748,0.020785679099924792,0.4992870702126263,0.5,0.4992870702126263,-0.0007129297873736951,0.2349326932739743,0.235,0.2318167778585097,-6.730672602567322e-05
baseline-best-28,1,33,False,5.992977013211888,6.0,6.008587026641086,-0.007022986788111751,0.500516819374485,0.5,0.500516819374485,0.0005168193744850003,0.563089941065432,0.563,0.5679129060187781,8.994106543203095e-05
baseline-best-28,1,34,False,7.998552740106212,8.0,8.000080226487242,-0.0014472598937880221,0.499969605138637,0.5,0.499969605138637,-3.0394861363025605e-05,-0.6630029005769149,-0.663,-0.6656972664294503,-2.9005769148771066e-06
baseline-best-28,1,35,False,6.000004517051392,6.0,6.006368341157411,4.517051391594862e-06,0.49998962742125325,0.5,0.49998962742125325,-1.0372578746753458e-05,-0.15303008470053867,-0.153,-0.15139911485230276,-3.0084700538668407e-05
baseline-best-28,1,36,False,6.0016953441765155,6.0,6.00249832562085,0.001695344176515512,0.500069499101267,0.5,0.500069499101267,6.949910126696768e-05,0.022065160673802157,0.022,0.020920799160572483,6.516067380215804e-05
baseline-best-28,1,37,False,7.000644026507711,7.0,6.998678845834407,0.0006440265077110041,0.5000251127893708,0.5,0.5000251127893708,2.511278937078476e-05,-0.2960886215054756,-0.296,-0.2957493317525387,-8.862150547561676e-05
baseline-best-28,1,38,False,5.998887851344917,6.0,5.997468598972132,-0.0011121486550829118,0.499955171585956,0.5,0.499955171585956,-4.482841404401805e-05,-0.1820333293762169,-0.182,-0.18107762754561377,-3.332937621691734e-05
baseline-best-28,1,39,False,6.001963681185082,6.0,6.003989059280588,0.0019636811850816116,0.5001115376491027,0.5,0.5001115376491027,0.0001115376491026554,-0.012145740241773898,-0.012,-0.012250264344253203,-0.00014574024177389788
baseline-best-28,1,40,False,7.00014578062026,7.0,6.999599753182412,0.00014578062025982774,0.500005594413528,0.5,0.500005594413528,5.594413527987285e-06,-0.22492869374929192,-0.225,-0.22528436443186148,7.130625070808638e-05
baseline-best-28,1,41,False,6.999701356784121,7.0,6.992896301282652,-0.00029864321587869114,0.4999813251024,0.5,0.4999813251024,-1.8674897599990636e-05,-0.5681177581260166,-0.568,-0.5679168796323183,-0.00011775812601666491
baseline-best-28,1,42,False,6.009578768093288,6.0,5.991758248235055,0.009578768093287948,0.4994900919527605,0.5,0.4994900919527605,-0.0005099080472394935,0.2460998082967153,0.246,0.2451278981180185,9.9808296715298e-05
baseline-best-28,1,43,False,5.981473123272338,6.0,6.030520914784274,-0.018526876727661623,0.5007992968849472,0.5,0.5007992968849472,0.000799296884947176,0.5698608673074521,0.57,0.5694550218062292,-0.00013913269254783867
baseline-best-28,1,44,False,8.002154414979024,8.0,7.987184960882033,0.002154414979024466,0.4997397982690011,0.5,0.4997397982690011,-0.000260201730998888,-0.6728049997298617,-0.673,-0.6721574523114605,0.00019500027013830135
baseline-best-28,1,45,False,5.99115738157466,6.0,6.018694027213548,-0.008842618425339843,0.5005321311504219,0.5,0.5005321311504219,0.0005321311504219439,-0.2759827271715031,-0.276,-0.27754199694820614,1.7272828496950332e-05
baseline-best-28,1,46,False,5.998541087362013,6.0,5.992026822245847,-0.00145891263798692,0.4999689991382605,0.5,0.4999689991382605,-3.100086173951633e-05,0.7038191812620262,0.704,0.706876456441694,-0.00018081873797370918
baseline-best-28,1,47,False,8.002383731844226,8.0,8.00541426366614,0.0023837318442261335,0.5001024221917544,0.5,0.5001024221917544,0.00010242219175438105,-0.7710334731770674,-0.771,-0.7723108319880831,-3.3473177067366855e-05
baseline-best-28,1,48,False,8.00282026701193,8.0,8.007099402144135,0.0028202670119306106,0.5001078722184451,0.5,0.5001078722184451,0.0001078722184451042,-0.7610756594661191,-0.761,-0.7629380404923896,-7.565946611909347e-05
baseline-best-28,1,49,False,7.004140427407813,7.0,7.016539415255735,0.00414042740781273,0.5005167940572542,0.5,0.5005167940572542,0.000516794057254244,-0.5751471675102995,-0.575,-0.5774173613034627,-0.00014716751029952846
baseline-best-28,1,50,False,5.955423679680328,6.0,6.004812098828647,-0.04457632031967229,0.501152667373224,0.5,0.501152667373224,0.0011526673732239479,0.23384689952511542,0.234,0.23480139990595308,-0.00015310047488459322
baseline-best-28,1,51,False,5.987657382489897,6.0,6.0120219434368165,-0.012342617510102905,0.5006394809740775,0.5,0.5006394809740775,0.0006394809740775109,0.5678499022357035,0.568,0.5683236692747908,-0.00015009776429641963
baseline-best-28,1,52,False,7.999300848058562,8.0,8.004840320144472,-0.0006991519414381031,0.4999848502251321,0.5,0.4999848502251321,-1.5149774867884158e-05,-0.6809364344597917,-0.681,-0.6827206838283194,6.356554020836569e-05
baseline-best-28,1,53,False,6.004516054950417,6.0,5.987480554609047,0.004516054950417292,0.4996364390177179,0.5,0.4996364390177179,-0.000363560982282074,-0.20685487563166935,-0.207,-0.20632812027195213,0.00014512436833064024
baseline-best-28,1,54,False,5.996482984358312,6.0,6.0029672679037445,-0.0035170156416883813,0.500381487102936,0.5,0.500381487102936,0.00038148710293595123,-0.2230689259276361,-0.223,-0.2233134552370602,-6.892592763610428e-05
baseline-best-28,1,55,False,6.002550263187191,6.0,5.995312646979002,0.002550263187191426,0.5001400703077873,0.5,0.5001400703077873,0.0001400703077872878,0.6928020662589298,0.693,0.6964611381390307,-0.00019793374107013317
baseline-best-28,1,56,False,7.989001458604332,8.0,8.02151796449982,-0.010998541395667694,0.5003822043437851,0.5,0.5003822043437851,0.0003822043437851086,-0.7720807643823402,-0.772,-0.7757316681821992,-8.076438234017047e-05
baseline-best-28,1,57,False,7.998172491315578,8.0,8.008651024461109,-0.0018275086844221633,0.5002513631826374,0.5,0.5002513631826374,0.00025136318263740964,-0.7641296034652143,-0.764,-0.7655653240974853,-0.00012960346521428967
baseline-best-28,1,58,False,6.98422083507133,7.0,7.01074858969169,-0.015779164928670042,0.5005724111359536,0.5,0.5005724111359536,0.0005724111359536321,-0.5851286717450723,-0.585,-0.5864639607948946,-0.0001286717450723618
baseline-best-28,1,59,False,6.008169199736351,6.0,5.976233357182562,0.008169199736350663,0.4994286333869888,0.5,0.4994286333869888,-0.0005713666130112149,0.23807301168527836,0.238,0.2396253684077846,7.301168527837354e-05
baseline-best-28,1,60,False,6.00327334358732,6.0,5.992213027677664,0.003273343587319566,0.5001836481351839,0.5,0.5001836481351839,0.00018364813518390033,0.561071161888603,0.561,0.5678492784755527,7.116188860289974e-05
baseline-best-28,1,61,False,7.9987666831780215,8.0,7.991544717741476,-0.0012333168219784696,0.4998217501414568,0.5,0.4998217501414568,-0.0001782498585432002,-0.6519456172408582,-0.652,-0.6542626376661337,5.4382759141824444e-05
baseline-best-28,1,62,False,5.997726846864694,6.0,5.999342562055407,-0.002273153135305961,0.49989019214203334,0.5,0.49989019214203334,-0.00010980785796665948,-0.21384365183354465,-0.214,-0.2145476498958849,0.0001563481664553501
baseline-best-28,1,63,False,6.002074477081794,6.0,6.000311078920342,0.0020744770817939795,0.5000738362819821,0.5,0.5000738362819821,7.383628198209813e-05,-0.1641043613022256,-0.164,-0.1637804481628043,-0.00010436130222560291
baseline-best-28,1,64,False,6.001123809151413,6.0,5.9958007887745985,0.001123809151413191,0.5000308111552993,0.5,0.5000308111552993,3.0811155299348414e-05,-0.19112130840928182,-0.191,-0.19013597953596206,-0.0001213084092818173
baseline-best-28,1,65,False,6.001685299704121,6.0,6.001302370113633,0.0016852997041212348,0.5000536439409234,0.5,0.5000536439409234,5.364394092344238e-05,0.03692774619969707,0.037,0.036261745381191035,-7.225380030292938e-05
baseline-best-28,1,66,False,6.99771351646397,7.0,6.996389046442343,-0.002286483536029671,0.49992418475301253,0.5,0.49992418475301253,-7.581524698746511e-05,-0.3978365616747506,-0.398,-0.39739852758845357,0.00016343832524939872
baseline-best-28,1,67,False,6.988647047656793,7.0,7.00890571837519,-0.011352952343207434,0.5002845824959202,0.5,0.5002845824959202,0.000284582495920227,-0.5792222989654909,-0.579,-0.5858335584577126,-0.0002222989654909746
baseline-best-28,1,68,False,5.9930873523357455,6.0,6.034792240570639,-0.006912647664254479,0.5017682694716892,0.5,0.5017682694716892,0.0017682694716891767,0.1928706878373499,0.193,0.1943543736193163,-0.00012931216265010814
baseline-best-28,1,69,False,6.001125300598595,6.0,6.000885598586931,0.0011253005985949471,0.5000653747902271,0.5,0.5000653747902271,6.537479022705739e-05,0.5669698259132926,0.567,0.5678154203112241,-3.017408670735744e-05
baseline-best-28,1,70,False,8.00152582733622,8.0,7.9992099232642815,0.001525827336219976,0.4997947211807296,0.5,0.4997947211807296,-0.0002052788192704047,-0.6709101550645041,-0.671,-0.6735074613269884,8.984493549590855e-05
baseline-best-28,1,71,False,5.996831945977081,6.0,6.00743764143059,-0.0031680540229190868,0.5003371803080172,0.5,0.5003371803080172,0.0003371803080172153,0.07885102464999251,0.079,0.0772368487153601,-0.00014897535000749085
baseline-best-28,1,72,False,7.997688848813782,8.0,7.991388003224491,-0.0023111511862179412,0.49989910775253693,0.5,0.49989910775253693,-0.00010089224746306913,-0.48882557986075603,-0.489,-0.4871785880602163,0.00017442013924395816
baseline-best-28,1,73,False,6.975575671143123,7.0,7.01582143444077,-0.02442432885687662,0.5006095677277261,0.5,0.5006095677277261,0.0006095677277261347,-0.5731126992513379,-0.573,-0.5736822728696098,-0.00011269925133794434
baseline-best-28,1,74,False,5.992692045084012,6.0,6.02203768104662,-0.007307954915988013,0.5004078529717829,0.5,0.5004078529717829,0.00040785297178291824,0.16896480422273258,0.169,0.16599491890595575,-3.5195777267432726e-05
baseline-best-28,1,75,False,6.001213337836394,6.0,5.992724803933239,0.0012133378363943237,0.4997422674384807,0.5,0.4997422674384807,-0.00025773256151928603,0.5650707733989643,0.565,0.5688218588099397,7.077339896432999e-05
baseline-best-28,1,76,False,8.000996551546324,8.0,7.999248951758943,0.0009965515463239427,0.49987009501611224,0.5,0.49987009501611224,-0.00012990498388776306,-0.6589356566951136,-0.659,-0.660440189914862,6.434330488647166e-05
baseline-best-28,1,77,False,5.996875635694383,6.0,6.0111454856289,-0.0031243643056173553,0.5003422700937067,0.5,0.5003422700937067,0.00034227009370668693,0.23188728465584646,0.232,0.23258819692691582,-0.00011271534415355222
baseline-best-28,1,78,False,8.007068778367044,8.0,7.993570124715773,0.007068778367044004,0.49968768839088484,0.5,0.49968768839088484,-0.00031231160911515676,-0.4938888673286054,-0.494,-0.4944323055436806,0.00011113267139462035
baseline-best-28,1,79,False,5.99922655101061,6.0,6.005774613214969,-0.0007734489893902463,0.5002401012531345,0.5,0.5002401012531345,0.0002401012531344504,-0.4131112608809444,-0.413,-0.4131831975008122,-0.00011126088094443043
baseline-best-28,1,80,False,7.000334063351652,7.0,7.014136777717684,0.00033406335165242496,0.5000081954324955,0.5,0.5000081954324955,8.19543249552801e-06,-0.5860237894288945,-0.586,-0.5882618734715712,-2.3789428894582798e-05
baseline-best-28,1,81,False,6.002409437964136,6.0,5.99820322496959,0.002409437964136174,0.5001148412072084,0.5,0.5001148412072084,0.00011484120720839375,0.23496069605370773,0.235,0.23492978192605032,-3.930394629225731e-05
baseline-best-28,1,82,False,6.007931382480895,6.0,5.973330373712872,0.007931382480895088,0.49946250291478883,0.5,0.49946250291478883,-0.0005374970852111693,0.56094668563488,0.561,0.56313597321561,-5.3314365120016305e-05
baseline-best-28,1,83,False,7.998411327444962,8.0,8.000097594732662,-0.0015886725550382508,0.499953973262127,0.5,0.499953973262127,-4.6026737873017254e-05,-0.6618004945826479,-0.662,-0.6624572388162333,0.00019950541735214156
baseline-best-28,1,84,False,6.004978793425786,6.0,5.972754813539874,0.004978793425785888,0.49963102318200475,0.5,0.49963102318200475,-0.00036897681799524795,-0.1479807113721194,-0.148,-0.1457479517265399,1.928862788058705e-05
baseline-best-28,1,85,False,6.0025660821412865,6.0,6.0044097538390675,0.0025660821412865076,0.5002008852619608,0.5,0.5002008852619608,0.0002008852619608259,-0.043931945993699616,-0.044,-0.04487043771889595,6.805400630038178e-05
baseline-best-28,1,86,False,5.9975273861213285,6.0,5.9965399641494255,-0.0024726138786714813,0.4998511183210808,0.5,0.4998511183210808,-0.00014888167891918824,-0.18199272426662685,-0.182,-0.1808070026560906,7.2757333731410245e-06
baseline-best-28,1,87,False,6.000896267851223,6.0,6.0075123463845035,0.0008962678512229871,0.5002098818076552,0.5,0.5002098818076552,0.00020988180765524334,-0.18223463516499824,-0.182,-0.18236258998755903,-0.0002346351649982481
baseline-best-28,1,88,False,5.9907009333803956,6.0,6.012497554914271,-0.009299066619604446,0.5004543365886172,0.5,0.5004543365886172,0.00045433658861715465,-0.33399272552965614,-0.334,-0.33644113007892945,7.274470343876516e-06
baseline-best-28,1,89,False,6.002192330344304,6.0,6.008750581802971,0.0021923303443038833,0.5001861147605595,0.5,0.5001861147605595,0.00018611476055951925,-0.345015211008909,-0.345,-0.3466544046578356,-1.5211008908999624e-05
baseline-best-28,1,90,False,6.002631649563726,6.0,6.000726533106456,0.0026316495637264126,0.500159119675947,0.5,0.500159119675947,0.00015911967594695042,0.40274320146924675,0.403,0.40548405024301304,-0.0002567985307532772
baseline-best-28,1,91,False,8.001024569647141,8.0,8.008571765750078,0.0010245696471411492,0.5001902823577349,0.5,0.5001902823577349,0.00019028235773488333,-0.5681007786973176,-0.568,-0.569228348964314,-0.00010077869731761613
baseline-best-28,1,92,False,6.978701155593579,7.0,7.023934272085543,-0.021298844406421047,0.5005299540559908,0.5,0.5005299540559908,0.0005299540559907667,-0.5889773949837912,-0.589,-0.5895621779636577,2.2605016208765427e-05
baseline-best-28,1,93,False,5.997654847292809,6.0,5.987611418590984,-0.002345152707190934,0.499797480357426,0.5,0.499797480357426,-0.00020251964257400612,0.23298275974046043,0.233,0.23127195634299033,-1.7240259539585967e-05
baseline-best-28,1,94,False,6.00330305732846,6.0,5.987157004418106,0.003303057328460035,0.4996470412914352,0.5,0.4996470412914352,-0.00035295870856477674,0.5651499122977063,0.565,0.5686098148651798,0.00014991229770633385
baseline-best-28,1,95,False,8.005141998625508,8.0,7.982664649915037,0.005141998625507682,0.49968890482068407,0.5,0.49968890482068407,-0.00031109517931593444,-0.6687865595641598,-0.669,-0.6688297928734422,0.00021344043584026196
baseline-best-28,1,96,False,5.9889843341635345,6.0,6.016687614076209,-0.011015665836465516,0.5005582552937038,0.5,0.5005582552937038,0.000558255293703791,-0.13307255056703857,-0.133,-0.13232301404944263,-7.255056703855955e-05
baseline-best-28,1,97,False,6.002278089318874,6.0,5.99165521658943,0.002278089318873633,0.4996539651824951,0.5,0.4996539651824951,-0.0003460348175048922,-0.17496433948555026,-0.175,-0.17549618293845598,3.566051444972573e-05
baseline-best-28,1,98,False,5.998347518438051,6.0,5.99566876548026,-0.0016524815619494149,0.49993104306096775,0.5,0.49993104306096775,-6.895693903224975e-05,-0.08291952873726038,-0.083,-0.08235093272068116,8.047126273962035e-05
baseline-best-28,1,99,False,6.001492385256095,6.0,5.998824258739782,0.0014923852560952966,0.5001479479541905,0.5,0.5001479479541905,0.000147947954190486,0.013125589312891695,0.013,0.013160366410934824,0.0001255893128916958
baseline-best-28,1,100,False,6.999640260830487,7.0,6.998600958376667,-0.00035973916951270724,0.49998875001798854,0.5,0.49998875001798854,-1.12499820114631e-05,-0.3099439754370918,-0.31,-0.3097756730420133,5.60245629082079e-05
baseline-best-28,1,101,False,5.998694868423244,6.0,5.9939094928642485,-0.0013051315767560467,0.49977789521852073,0.5,0.49977789521852073,-0.00022210478147927093,0.19498151351882517,0.195,0.19545849552938843,-1.8486481174834202e-05
baseline-best-28,1,102,False,6.001886157778488,6.0,6.006959010842791,0.0018861577784878847,0.5000921940967682,0.5,0.5000921940967682,9.219409676819446e-05,-0.23025730174361128,-0.23,-0.2292140955772654,-0.00025730174361127123
baseline-best-28,1,103,False,5.998516047910076,6.0,6.0029582849401955,-0.0014839520899236902,0.4999279091468931,0.5,0.4999279091468931,-7.209085310688756e-05,-0.2678355877599497,-0.268,-0.2699583497141641,0.00016441224005031563
baseline-best-28,1,104,False,5.999495115071406,6.0,6.008732931587156,-0.0005048849285937962,0.5002720218764631,0.5,0.5002720218764631,0.00027202187646313547,-0.21308870180254702,-0.213,-0.2155867758405309,-8.870180254702542e-05
baseline-best-28,1,105,False,5.999748966605527,6.0,5.994818875267254,-0.00025103339447341,0.4999902353609677,0.5,0.4999902353609677,-9.764639032294742e-06,-0.19003672582518272,-0.19,-0.18726104671646895,-3.6725825182715166e-05
baseline-best-28,1,106,False,6.998744983243245,7.0,6.996902709740327,-0.0012550167567546566,0.4999562448949685,0.5,0.4999562448949685,-4.3755105031517694e-05,-0.5849789799425358,-0.585,-0.5868814582740567,2.1020057464182784e-05
baseline-best-28,1,107,False,5.999600760525765,6.0,6.001151570068467,-0.0003992394742349248,0.4998261350518066,0.5,0.4998261350518066,-0.00017386494819338072,0.24407045428971205,0.244,0.24477929715895055,7.045428971205747e-05
baseline-best-28,1,108,False,6.010931482280344,6.0,5.9877796027558725,0.010931482280343907,0.49948891060536216,0.5,0.49948891060536216,-0.0005110893946378425,0.5610127613095576,0.561,0.5621034347210113,1.276130955751853e-05
baseline-best-28,1,109,False,7.981686000105302,8.0,8.026006173649842,-0.01831399989469773,0.5004527419164941,0.5,0.5004527419164941,0.0004527419164941371,-0.6640686596519324,-0.664,-0.6659740163186895,-6.86596519323679e-05
baseline-best-28,1,110,False,6.0027208409166946,6.0,6.0032856034098705,0.0027208409166945557,0.5001470224785174,0.5,0.5001470224785174,0.00014702247851738903,-0.23799541539675526,-0.238,-0.23670733946864633,4.584603244733865e-06
baseline-best-28,1,111,False,5.997455221450048,6.0,5.995182590720808,-0.0025447785499519426,0.4999338972735488,0.5,0.4999338972735488,-6.610272645118931e-05,0.672860520421948,0.673,0.6724271662821245,-0.00013947957805204858
baseline-best-28,1,112,False,7.995726124430177,8.0,8.01257607931241,-0.004273875569823282,0.5002832714417402,0.5,0.5002832714417402,0.00028327144174022933,-0.6590530158753841,-0.659,-0.6603168428861418,-5.301587538408814e-05
baseline-best-28,1,113,False,6.99552529806098,7.0,7.005289102873844,-0.004474701939019887,0.5003244780966568,0.5,0.5003244780966568,0.0003244780966568106,-0.8720378751906831,-0.872,-0.8713281920745638,-3.787519068310097e-05
baseline-best-28,1,114,False,6.993691019771614,7.0,7.018361947616095,-0.006308980228386218,0.5003202468801694,0.5,0.5003202468801694,0.00032024688016940583,-0.5840836895860394,-0.584,-0.585391336359243,-8.36895860394371e-05
baseline-best-28,1,115,False,5.997286930961333,6.0,5.997702968099279,-0.002713069038667193,0.500276318706987,0.5,0.500276318706987,0.0002763187069869666,0.23381938834327345,0.234,0.23405813957519325,-0.0001806116567265592
baseline-best-28,1,116,False,5.990715420656851,6.0,6.008859269426201,-0.009284579343148636,0.5005560954769868,0.5,0.5005560954769868,0.0005560954769867621,0.5621037270991258,0.562,0.5631357243042237,0.00010372709912576106
baseline-best-28,1,117,False,8.002254117943506,8.0,7.990399409102295,0.002254117943506273,0.4997750566343447,0.5,0.4997750566343447,-0.0002249433656553168,-0.6659338841734409,-0.666,-0.6669479651762676,6.611582655913217e-05
baseline-best-28,1,118,False,6.001905442955578,6.0,6.006474864914098,0.0019054429555778185,0.5001507034431996,0.5,0.5001507034431996,0.00015070344319956241,-0.21212455264579408,-0.212,-0.21310030125783064,-0.00012455264579408487
baseline-best-28,1,119,False,6.00043100991704,6.0,5.985342028802339,0.0004310099170403703,0.49979338260875106,0.5,0.49979338260875106,-0.00020661739124894218,-0.19080628278422843,-0.191,-0.189334088972905,0.0001937172157715772
baseline-best-28,1,120,False,5.999210906445199,6.0,5.992536925420769,-0.00078909355480139,0.4999828671638924,0.5,0.4999828671638924,-1.7132836107602856e-05,0.6669646821101458,0.667,0.6695607761062133,-3.5317889854225015e-05
baseline-best-28,1,121,False,7.994334112509491,8.0,8.011724289083714,-0.005665887490509114,0.500279614482671,0.5,0.500279614482671,0.00027961448267099787,-0.6530720425238465,-0.653,-0.6557577761353443,-7.20425238465161e-05
baseline-best-28,1,122,False,6.995839526926002,7.0,7.0083935225765615,-0.004160473073998361,0.50029501545608,0.5,0.50029501545608,0.00029501545608001667,-0.8771302842456626,-0.877,-0.8784908992914885,-0.0001302842456626374
baseline-best-28,1,123,False,6.99832918546587,7.0,6.994796565650508,-0.0016708145341297609,0.4999161755606159,0.5,0.4999161755606159,-8.382443938409478e-05,-0.5580764730505967,-0.558,-0.556967454355708,-7.647305059665932e-05
baseline-best-28,1,124,False,5.9894268003108095,6.0,6.012145900500173,-0.01057319968919046,0.500563461393646,0.5,0.500563461393646,0.0005634613936460475,0.18598481727140717,0.186,0.18545663937598164,-1.5182728592827432e-05
baseline-best-28,1,125,False,6.004586966214356,6.0,6.006009306348538,0.004586966214356281,0.5001612798909693,0.5,0.5001612798909693,0.000161279890969257,0.5738117472647555,0.574,0.5727378641798815,-0.00018825273524447628
baseline-best-28,1,126,False,7.990434540760234,8.0,8.01535561677531,-0.009565459239765595,0.5003797870855691,0.5,0.5003797870855691,0.00037978708556907215,-0.6940937683379487,-0.694,-0.6937017038183085,-9.376833794871864e-05
baseline-best-28,1,127,False,5.988846200722698,6.0,6.02158062521072,-0.011153799277302312,0.5005386851526588,0.5,0.5005386851526588,0.0005386851526587577,0.09583070627654379,0.096,0.09465987699390488,-0.00016929372345621252
baseline-best-28,1,128,False,16.002794951736682,16.0,16.000841130000374,0.002794951736682094,0.5000395722785315,0.5,0.5000395722785315,3.957227853146339e-05,-0.28513546859129774,-0.285,-0.2845544655160343,-0.00013546859129776045
baseline-best-28,1,129,False,6.9917617057889405,7.0,7.021818306581173,-0.008238294211059483,0.5004449679874916,0.5,0.5004449679874916,0.0004449679874916068,-0.5920477674722986,-0.592,-0.5929536579349612,-4.7767472298620994e-05
baseline-best-28,1,130,False,5.998819166617539,6.0,6.0136786559737,-0.0011808333824614436,0.49997283296808687,0.5,0.49997283296808687,-2.716703191313341e-05,0.26694692184222674,0.267,0.26601658719289695,-5.307815777327862e-05
baseline-best-28,1,131,False,5.9943099515153415,6.0,6.007059923583085,-0.005690048484658483,0.5005033212731917,0.5,0.5005033212731917,0.000503321273191748,0.5598718641791598,0.56,0.5640561752339593,-0.00012813582084025832
baseline-best-28,1,132,False,8.000738215583443,8.0,7.989775488327587,0.0007382155834427806,0.4997781220778381,0.5,0.4997781220778381,-0.00022187792216188384,-0.6727639991485493,-0.673,-0.6735850027838471,0.0002360008514507017
baseline-best-28,1,133,False,6.028933150279944,6.0,6.039647580518551,0.028933150279944364,0.5013695365364638,0.5,0.5013695365364638,0.0013695365364637668,-0.3922084832864439,-0.392,-0.3934808801295947,-0.00020848328644390568
baseline-best-28,1,134,False,7.001796791206326,7.0,7.009234308248329,0.0017967912063259206,0.5000702272942616,0.5,0.5000702272942616,7.022729426164886e-05,-0.5881169586423273,-0.588,-0.5919306585223159,-0.0001169586423273028
baseline-best-28,1,135,False,6.001948569348448,6.0,5.995463935285158,0.0019485693484480038,0.4997528764546744,0.5,0.4997528764546744,-0.00024712354532557823,0.21509493765684023,0.215,0.21588555102449927,9.493765684023825e-05
baseline-best-28,1,136,False,5.993840076526047,6.0,5.974009600878714,-0.0061599234739526665,0.49953835778550376,0.5,0.49953835778550376,-0.00046164221449623843,0.5599281580956114,0.56,0.5628948161743214,-7.184190438869198e-05
baseline-best-28,1,137,False,8.001660590132552,8.0,8.020071303376612,0.0016605901325519312,0.5004341996811257,0.5,0.5004341996811257,0.00043419968112567986,-0.661028328748197,-0.661,-0.6632512796549929,-2.832874819691522e-05
baseline-best-28,1,138,False,5.998133146214653,6.0,5.9995031628673265,-0.0018668537853470113,0.49991645963268155,0.5,0.49991645963268155,-8.35403673184465e-05,-0.004880232684639828,-0.005,-0.006071670723896377,0.0001197673153601718
baseline-best-28,1,139,False,5.9960773876427425,6.0,6.006773927601951,-0.003922612357257549,0.5003032845595919,0.5,0.5003032845595919,0.0003032845595919431,-0.36211247122025725,-0.362,-0.36276686667216457,-0.00011247122025725975
baseline-best-28,1,140,False,5.998714345843012,6.0,5.995603788821276,-0.0012856541569883362,0.4999557674231818,0.5,0.4999557674231818,-4.423257681818171e-05,-0.35993786119102233,-0.36,-0.3588981658763321,6.2138808977652e-05
baseline-best-28,1,141,False,6.994863066334676,7.0,7.018267155466487,-0.005136933665323973,0.5006006345018823,0.5,0.5006006345018823,0.0006006345018823023,-0.5899900118550159,-0.59,-0.5901912016470983,9.988144984096614e-06
baseline-best-28,1,142,False,6.00044668972213,6.0,5.989744040429235,0.0004466897221302446,0.49972224931232573,0.5,0.49972224931232573,-0.0002777506876742719,0.21401932500244433,0.214,0.21372228242146704,1.932500244433699e-05
baseline-best-28,1,143,False,6.00176737628123,6.0,5.987034661687987,0.0017673762812302485,0.49979025852048975,0.5,0.49979025852048975,-0.00020974147951025035,0.5600376561234301,0.56,0.5637504305240779,3.76561234300965e-05
baseline-best-28,1,144,False,7.999898997677623,8.0,8.00679811598296,-0.00010100232237686413,0.4999984048882256,0.5,0.4999984048882256,-1.5951117743884247e-06,-0.6569334302771932,-0.657,-0.6589534808417938,6.656972280683071e-05
baseline-best-28,1,145,False,6.002340648111177,6.0,5.994646822013253,0.0023406481111774013,0.5000839955179867,0.5,0.5000839955179867,8.399551798665694e-05,-0.03206114347355414,-0.032,-0.03161364942264365,-6.114347355413996e-05
baseline-best-28,1,146,False,5.997185330262185,6.0,5.999125534620339,-0.0028146697378153007,0.5002953441173635,0.5,0.5002953441173635,0.0002953441173635385,-0.1541700900972574,-0.154,-0.1532550890819591,-0.0001700900972574082
baseline-best-28,1,147,False,5.999032766752144,6.0,6.005720035839196,-0.0009672332478558587,0.5001791244759154,0.5,0.5001791244759154,0.00017912447591539316,-0.36005094198486903,-0.36,-0.3609515424355193,-5.094198486904622e-05
baseline-best-28,1,148,False,6.000836827178407,6.0,5.999343481540912,0.0008368271784071624,0.5000287688445499,0.5,0.5000287688445499,2.876884454994233e-05,-0.33201391173808675,-0.332,-0.33221808575123835,-1.3911738086735959e-05
baseline-best-28,1,149,False,6.998843619277293,7.0,7.007436276935815,-0.0011563807227066292,0.5001929367075135,0.5,0.5001929367075135,0.00019293670751352465,-0.5930872953527395,-0.593,-0.595277111986029,-8.729535273954703e-05
baseline-best-28,1,150,False,5.990015485852163,6.0,5.995545551066321,-0.009984514147837409,0.5005229245113534,0.5,0.5005229245113534,0.0005229245113533842,0.2418829073542898,0.242,0.24324610657661738,-0.00011709264571019284
baseline-best-28,1,151,False,6.001474223595265,6.0,5.997629376274536,0.0014742235952649452,0.5001676031077169,0.5,0.5001676031077169,0.00016760310771690712,0.5569850485801565,0.557,0.5604917040360347,-1.4951419843534097e-05
baseline-best-28,1,152,False,8.002100627850767,8.0,8.00807122427154,0.002100627850767367,0.5000678395915986,0.5,0.5000678395915986,6.783959159861741e-05,-0.6631656407217542,-0.663,-0.6657517797554254,-0.00016564072175417888
baseline-best-28,1,153,False,6.001038962036744,6.0,5.987384628071109,0.0010389620367439178,0.5000367754446622,0.5,0.5000367754446622,3.677544466218485e-05,-0.2350378595151932,-0.235,-0.23411183836898627,-3.7859515193222615e-05
baseline-best-28,1,154,False,6.001162841275787,6.0,6.000589417801724,0.0011628412757866968,0.5000334472574827,0.5,0.5000334472574827,3.344725748266608e-05,0.048929145731338636,0.049,0.0469792350400737,-7.085426866136613e-05
baseline-best-28,1,155,False,6.001273653723738,6.0,5.987655809001788,0.0012736537237376666,0.4997822289917955,0.5,0.4997822289917955,-0.00021777100820452588,-0.35886081415526616,-0.359,-0.3565602194241545,0.00013918584473382456
baseline-best-28,1,156,False,6.001986269637541,6.0,6.000358035257345,0.001986269637541227,0.5000979267123963,0.5,0.5000979267123963,9.792671239627904e-05,-0.361115464063995,-0.361,-0.36058366890333493,-0.00011546406399498554
baseline-best-28,1,157,False,7.0203336251218245,7.0,6.996201058273997,0.02033362512182446,0.4994835375664686,0.5,0.4994835375664686,-0.0005164624335313728,-0.5659474227453166,-0.566,-0.5699829482830145,5.257725468332808e-05
baseline-best-28,1,158,False,6.0124500631404105,6.0,5.982373357474586,0.012450063140410528,0.4994827772903634,0.5,0.4994827772903634,-0.0005172227096366111,0.1080618608126748,0.108,0.11060695156319074,6.186081267479937e-05
baseline-best-28,1,159,False,6.002391795436283,6.0,5.998341404939745,0.002391795436283317,0.5001718585302487,0.5,0.5001718585302487,0.000171858530248703,0.5810721894646825,0.581,0.5847055253695432,7.218946468257048e-05
baseline-best-28,1,160,False,7.997304414591219,8.0,8.011051800146623,-0.0026955854087811204,0.5001994088739062,0.5,0.5001994088739062,0.00019940887390623718,-0.6682275307596229,-0.668,-0.6714351743384452,-0.00022753075962289593
baseline-best-28,1,161,False,7.008351785842838,7.0,6.990497932286499,0.008351785842838133,0.49958218910051355,0.5,0.49958218910051355,-0.00041781089948644823,-0.30995499075277516,-0.31,-0.31128901902298384,4.500924722483646e-05
baseline-best-28,1,162,False,6.012813030863752,6.0,5.980240302018955,0.012813030863751962,0.4995170826585381,0.5,0.4995170826585381,-0.0004829173414618859,0.17002864273305185,0.17,0.1699827601219988,2.8642733051836844e-05
baseline-best-28,1,163,False,6.002107827601417,6.0,5.99448381366889,0.002107827601417256,0.5000673143776792,0.5,0.5000673143776792,6.731437767915072e-05,0.5670666946072893,0.567,0.5715716049232501,6.669460728936372e-05
baseline-best-28,1,164,False,7.998414306209366,8.0,8.005472648786034,-0.0015856937906342239,0.4999679521651073,0.5,0.4999679521651073,-3.204783489269003e-05,-0.6699834822495077,-0.67,-0.6731298960660419,1.651775049238413e-05
baseline-best-28,1,165,False,5.998872554943576,6.0,6.005230090789933,-0.0011274450564240368,0.5002456488400392,0.5,0.5002456488400392,0.0002456488400391921,-0.1960978601547215,-0.196,-0.19649378087847844,-9.786015472149079e-05
baseline-best-28,1,166,False,5.998139874199347,6.0,5.991614479422774,-0.0018601258006532007,0.49987511183474576,0.5,0.49987511183474576,-0.0001248881652542444,-0.1649090275308845,-0.165,-0.16289469341069662,9.097246911551893e-05
baseline-best-28,1,167,False,5.994208358107844,6.0,6.014099216907237,-0.005791641892155752,0.5004124464480426,0.5,0.5004124464480426,0.00041244644804261377,0.020943121060865082,0.021,0.019066763165324574,-5.687893913491893e-05
baseline-best-28,1,168,False,7.997192074741057,8.0,7.995048779932747,-0.0028079252589430226,0.4999260692129296,0.5,0.4999260692129296,-7.393078707040868e-05,6.57658072250955e-05,0.0,-0.0011484778476256571,6.57658072250955e-05
baseline-recovery-32,0,1,True,7.021930292672892,7.0,7.014983454261828,0.02193029267289237,0.5006700895866601,0.5,0.5006700895866601,0.0006700895866601497,-0.5924569882912645,-0.592,-0.5930831725930814,-0.000456988291264504
baseline-recovery-32,0,2,True,5.994490390924838,6.0,5.9911146565021225,-0.005509609075161848,0.49973866680794166,0.5,0.49973866680794166,-0.00026133319205834393,0.2428943129016127,0.244,0.24515494342880295,-0.0011056870983872924
baseline-recovery-32,0,3,True,6.033325541177957,6.0,6.018750736346137,0.03332554117795716,0.5010547590387352,0.5,0.5010547590387352,0.001054759038735198,0.5587366581319262,0.559,0.5615401618309154,-0.00026334186807386306
baseline-recovery-32,0,4,True,7.9930865931522845,8.0,8.000017983317747,-0.006913406847715464,0.4998623423840209,0.5,0.4998623423840209,-0.0001376576159791143,-0.6648616382742439,-0.665,-0.6675525948377169,0.00013836172575609762
baseline-recovery-32,0,5,True,6.012757988923697,6.0,6.020044223588184,0.012757988923697283,0.5004618081522624,0.5,0.5004618081522624,0.00046180815226237737,-0.2735833779080401,-0.274,-0.27592169482640605,0.0004166220919599173
baseline-recovery-32,0,6,True,6.009566609305997,6.0,6.014140818106266,0.009566609305997176,0.5002793496992273,0.5,0.5002793496992273,0.0002793496992272715,0.07232023840212831,0.073,0.07241739042966526,-0.0006797615978716837
baseline-recovery-32,0,7,True,16.006891206104736,16.0,16.004920537409042,0.006891206104736369,0.5000584211641425,0.5,0.5000584211641425,5.8421164142452575e-05,-0.14158439430060424,-0.141,-0.1410880220852972,-0.0005843943006042518
baseline-recovery-32,0,8,True,6.002933240421781,6.0,6.00324317981215,0.0029332404217807806,0.5001007016307941,0.5,0.5001007016307941,0.00010070163079411998,-0.069868452139354,-0.07,-0.07018134995555728,0.00013154786064600854
baseline-recovery-32,0,9,True,7.012073726161538,7.0,7.0163979412176385,0.012073726161538012,0.5004557912719491,0.5,0.5004557912719491,0.00045579127194905755,-0.5899938330261877,-0.589,-0.5917472431261869,-0.0009938330261877182
baseline-recovery-32,0,10,True,5.99225629213469,6.0,5.991432004078723,-0.007743707865309979,0.49971507655631664,0.5,0.49971507655631664,-0.0002849234436833603,0.23532140083450753,0.235,0.23614193964111108,0.00032140083450754586
baseline-recovery-32,0,11,True,6.005641862585905,6.0,6.007855572415117,0.005641862585904711,0.5001919524017013,0.5,0.5001919524017013,0.0001919524017013341,0.558877507101582,0.559,0.5600298444661562,-0.00012249289841803623
baseline-recovery-32,0,12,True,8.002442893563906,8.0,8.002095805827139,0.0024428935639058125,0.5000695910924838,0.5,0.5000695910924838,6.959109248383388e-05,-0.656076025804902,-0.656,-0.6565552178636033,-7.602580490195798e-05
baseline-recovery-32,0,13,True,5.9918741730256135,6.0,5.992402145543509,-0.008125826974386463,0.49973767969807315,0.5,0.49973767969807315,-0.00026232030192685496,-0.1550991946564103,-0.156,-0.1558177907235096,0.000900805343589689
baseline-recovery-32,0,14,True,6.009049778931455,6.0,6.008579772181128,0.009049778931455421,0.5003433251834623,0.5,0.5003433251834623,0.0003433251834622508,0.006513821685259745,0.007,0.006249303535987528,-0.000486178314740255
baseline-recovery-32,0,15,True,6.006617850241526,6.0,6.004883154460864,0.006617850241526391,0.5002282548410959,0.5,0.5002282548410959,0.00022825484109589844,-0.20423401741323777,-0.204,-0.20415580891952737,-0.00023401741323778036
baseline-recovery-32,0,16,True,6.009782275092483,6.0,6.006806121791227,0.009782275092483417,0.5003124298826342,0.5,0.5003124298826342,0.0003124298826342464,-0.2057975039685675,-0.205,-0.20483740713516602,-0.0007975039685675089
baseline-recovery-32,0,17,True,6.003871602111701,6.0,6.003412188510764,0.0038716021117011223,0.5001161001708639,0.5,0.5001161001708639,0.00011610017086394198,-0.1773003832515887,-0.177,-0.17748371439361021,-0.0003003832515887095
baseline-recovery-32,0,18,True,6.001415922742686,6.0,6.003161455030835,0.0014159227426864263,0.5000337406215977,0.5,0.5000337406215977,3.3740621597666554e-05,-0.1788758591520338,-0.179,-0.17961841650639468,0.00012414084796619207
baseline-recovery-32,0,19,True,6.004313537436208,6.0,6.005784928528115,0.004313537436208215,0.5001486479475465,0.5,0.5001486479475465,0.00014864794754654298,-0.18204064244487736,-0.182,-0.1817884143057506,-4.064244487736457e-05
baseline-recovery-32,0,20,True,7.013591673288838,7.0,7.002774916227775,0.013591673288837924,0.5004411766584764,0.5,0.5004411766584764,0.0004411766584764276,-0.5907831819662341,-0.59,-0.5922422527389682,-0.0007831819662341699
baseline-recovery-32,0,21,True,6.009423240896325,6.0,6.00191231796303,0.009423240896325069,0.5002906388560376,0.5,0.5002906388560376,0.0002906388560376394,0.2395306101541018,0.24,0.23952245717827536,-0.0004693898458981993
baseline-recovery-32,0,22,True,5.99645209875463,6.0,5.984882335206393,-0.0035479012453700776,0.4998714711910159,0.5,0.4998714711910159,-0.00012852880898411856,0.5576171354051855,0.558,0.5630536485580206,-0.00038286459481451374
baseline-recovery-32,0,23,True,7.990359852837803,8.0,7.991642011169964,-0.009640147162197188,0.49976480172366944,0.5,0.49976480172366944,-0.00023519827633056156,-0.6569167577582927,-0.658,-0.6592100372404873,0.001083242241707305
baseline-recovery-32,0,24,True,5.993181305262888,6.0,6.00271250119292,-0.006818694737112274,0.4997446284199284,0.5,0.4997446284199284,-0.0002553715800716061,-0.21468334659230676,-0.215,-0.21637781486550667,0.00031665340769324035
baseline-recovery-32,0,25,True,5.997819542951327,6.0,5.996403339237467,-0.002180457048672757,0.4999592661253823,0.5,0.4999592661253823,-4.0733874617726595e-05,-0.18977426458846078,-0.19,-0.18844604434511802,0.00022573541153922405
baseline-recovery-32,0,26,True,6.000695164280628,6.0,5.998177579791406,0.0006951642806276581,0.5000659013079534,0.5,0.5000659013079534,6.590130795336435e-05,0.11619779620824025,0.116,0.11655186642593443,0.00019779620824024458
baseline-recovery-32,0,27,True,6.992291718475906,7.0,6.998492121508055,-0.007708281524093863,0.4997391052449655,0.5,0.4997391052449655,-0.0002608947550344909,-0.6041686442976084,-0.604,-0.6067719196971818,-0.00016864429760843347
baseline-recovery-32,0,28,True,5.998009522708018,6.0,5.994366702985237,-0.0019904772919820957,0.49995962767229685,0.5,0.49995962767229685,-4.037232770315313e-05,0.9019615655249066,0.901,0.9060425462350856,0.0009615655249065602
baseline-recovery-32,0,29,True,6.999381334546652,7.0,6.999038443909977,-0.0006186654533477665,0.49997316485383286,0.5,0.49997316485383286,-2.683514616713678e-05,-0.9084111056764315,-0.908,-0.9100635519892915,-0.0004111056764314336
baseline-recovery-32,0,30,True,6.997317326144193,7.0,6.997063842524171,-0.002682673855806783,0.4999150005696409,0.5,0.4999150005696409,-8.499943035911173e-05,-0.9061797939992825,-0.906,-0.9077286175964042,-0.00017979399928247375
baseline-recovery-32,0,31,True,7.0073959858512405,7.0,7.013788901917958,0.007395985851240461,0.5002288991338764,0.5,0.5002288991338764,0.00022889913387635907,-0.583698604250067,-0.584,-0.5854998521936147,0.00030139574993293117
baseline-recovery-32,0,32,True,5.980208291994193,6.0,5.985189736071992,-0.01979170800580743,0.4992870892219265,0.5,0.4992870892219265,-0.0007129107780735056,0.2344195317934991,0.235,0.2318174104420011,-0.0005804682065009004
baseline-recovery-32,0,33,True,6.01449126949477,6.0,6.008586090475966,0.014491269494770087,0.5005167741868787,0.5,0.5005167741868787,0.0005167741868786768,0.563776784569751,0.563,0.5679125802068912,0.0007767845697510545
baseline-recovery-32,0,34,True,7.997475969392724,8.0,8.000080903214881,-0.0025240306072760177,0.4999696088949967,0.5,0.4999696088949967,-3.0391105003302332e-05,-0.6634570879559407,-0.663,-0.6656972135357357,-0.00045708795594068263
baseline-recovery-32,0,35,True,5.9991226971351965,6.0,6.006368055047794,-0.0008773028648034753,0.4999896128157688,0.5,0.4999896128157688,-1.0387184231186453e-05,-0.15247963024264194,-0.153,-0.15139938399208347,0.0005203697573580579
baseline-recovery-32,0,36,True,6.000808222428386,6.0,6.00249832562085,0.0008082224283860739,0.500069499101267,0.5,0.500069499101267,6.949910126696768e-05,0.022328877680870465,0.022,0.020920799160572483,0.0003288776808704659
baseline-recovery-32,0,37,True,7.000232328930712,7.0,6.998678845834407,0.00023232893071156724,0.5000251127893708,0.5,0.5000251127893708,2.511278937078476e-05,-0.29601073377530535,-0.296,-0.2957493317525387,-1.073377530536046e-05
baseline-recovery-32,0,38,True,5.999908311185937,6.0,5.997468598972132,-9.168881406296236e-05,0.499955171585956,0.5,0.499955171585956,-4.482841404401805e-05,-0.1826108830687309,-0.182,-0.18107762754561377,-0.0006108830687309164
baseline-recovery-32,0,39,True,6.003897231972426,6.0,6.003989059280588,0.003897231972426418,0.5001115376491027,0.5,0.5001115376491027,0.0001115376491026554,-0.01249505172557401,-0.012,-0.012250264344253203,-0.0004950517255740104
baseline-recovery-32,0,40,True,6.999796283532929,7.0,6.999599753182412,-0.000203716467071402,0.500005594413528,0.5,0.500005594413528,5.594413527987285e-06,-0.2244910865900235,-0.225,-0.22528436443186148,0.0005089134099764969
baseline-recovery-32,0,41,True,6.999581668863589,7.0,6.992896966140891,-0.0004183311364114317,0.4999813341696994,0.5,0.4999813341696994,-1.8665830300579334e-05,-0.5681617545620693,-0.568,-0.5679172244242265,-0.00016175456206934946
baseline-recovery-32,0,42,True,5.985736012893477,6.0,5.991757172561072,-0.014263987106523324,0.49949007893264197,0.5,0.49949007893264197,-0.0005099210673580323,0.24572853434052952,0.246,0.24512843659110076,-0.00027146565947047674
baseline-recovery-32,0,43,True,6.025387991493854,6.0,6.030518334488591,0.0253879914938544,0.5007992213926448,0.5,0.5007992213926448,0.0007992213926447667,0.5701867903092587,0.57,0.5694550901872373,0.00018679030925872198
baseline-recovery-32,0,44,True,7.987352379944075,8.0,7.9871873193548035,-0.012647620055925124,0.4997398428909509,0.5,0.4997398428909509,-0.0002601571090490862,-0.6722443569480058,-0.673,-0.6721577137225888,0.0007556430519942703
baseline-recovery-32,0,45,True,6.014616272694342,6.0,6.018693022029373,0.014616272694341959,0.5005321116574888,0.5,0.5005321116574888,0.0005321116574887874,-0.27596069846176424,-0.276,-0.2775420475299178,3.9301538235780864e-05
baseline-recovery-32,0,46,True,5.998878567127848,6.0,5.992027849235413,-0.0011214328721518285,0.49996901561105567,0.5,0.49996901561105567,-3.0984388944332864e-05,0.7033750567269194,0.704,0.7068762915044675,-0.0006249432730806026
baseline-recovery-32,0,47,True,8.003695368465833,8.0,8.005414217505015,0.003695368465832516,0.500102422087184,0.5,0.500102422087184,0.00010242208718402868,-0.7707683120623927,-0.771,-0.7723107514062733,0.00023168793760730555
baseline-recovery-32,0,48,True,8.004955064083154,8.0,8.007099730782347,0.004955064083153715,0.5001078826305538,0.5,0.5001078826305538,0.00010788263055383496,-0.7611009142840314,-0.761,-0.7629379743067479,-0.00010091428403136149
baseline-recovery-32,0,49,True,7.015095650660017,7.0,7.016536503185892,0.015095650660017057,0.500516721194262,0.5,0.500516721194262,0.0005167211942620487,-0.5765968051530016,-0.575,-0.5774173113693662,-0.0015968051530016458
baseline-recovery-32,0,50,True,6.037171534809415,6.0,6.004810952766757,0.03717153480941526,0.5011526652458695,0.5,0.5011526652458695,0.001152665245869544,0.23280620561745405,0.234,0.23480184592470812,-0.0011937943825459651
baseline-recovery-32,0,51,True,6.022310384351788,6.0,6.012019861747436,0.022310384351787782,0.5006394286191839,0.5,0.5006394286191839,0.0006394286191838683,0.5659850130968657,0.568,0.5683237931876616,-0.002014986903134286
baseline-recovery-32,0,52,True,7.999966835956523,8.0,8.004841775313915,-3.316404347675217e-05,0.4999848758223664,0.5,0.4999848758223664,-1.5124177633607516e-05,-0.6803467647962749,-0.681,-0.6827209183729399,0.0006532352037251776
baseline-recovery-32,0,53,True,5.990825320526194,6.0,5.98748060980282,-0.009174679473805902,0.49963643534347596,0.5,0.49963643534347596,-0.00036356465652404024,-0.206541194579491,-0.207,-0.20632846864072887,0.0004588054205089953
baseline-recovery-32,0,54,True,6.009306567150382,6.0,6.002968046998276,0.00930656715038225,0.5003814867211309,0.5,0.5003814867211309,0.0003814867211309192,-0.2223083752769823,-0.223,-0.22331349719321195,0.0006916247230177031
baseline-recovery-32,0,55,True,6.004093153292625,6.0,5.995312551793153,0.00409315329262494,0.5001400614896797,0.5,0.5001400614896797,0.00014006148967971033,0.6917439204275634,0.693,0.6964611587524041,-0.0012560795724365637
baseline-recovery-32,0,56,True,8.014832500658269,8.0,8.021515013834799,0.014832500658268799,0.5003821543492291,0.5,0.5003821543492291,0.000382154349229058,-0.7724428949987825,-0.772,-0.7757313681648133,-0.0004428949987824726
baseline-recovery-32,0,57,True,8.010597270305183,8.0,8.008649879482661,0.010597270305183315,0.5002513360986944,0.5,0.5002513360986944,0.0002513360986944324,-0.7642439080259551,-0.764,-0.7655653368607681,-0.00024390802595508632
baseline-recovery-32,0,58,True,7.017639157090069,7.0,7.010747925175157,0.017639157090068913,0.5005723880448939,0.5,0.5005723880448939,0.0005723880448939012,-0.5851750563003796,-0.585,-0.5864640998095901,-0.00017505630037961684
baseline-recovery-32,0,59,True,5.982647266354096,6.0,5.976232362658664,-0.01735273364590384,0.49942860076500273,0.5,0.49942860076500273,-0.0005713992349972719,0.2381590053446247,0.238,0.2396257808614787,0.0001590053446247075
baseline-recovery-32,0,60,True,6.005381712510581,6.0,5.992212844943621,0.00538171251058106,0.5001836221780911,0.5,0.5001836221780911,0.00018362217809109183,0.562160889237204,0.561,0.5678488806968227,0.0011608892372039215
baseline-recovery-32,0,61,True,7.993436242997871,8.0,7.991541481739651,-0.0065637570021293,0.4998216913437706,0.5,0.4998216913437706,-0.00017830865622942005,-0.6520521944302352,-0.652,-0.6542623404669277,-5.219443023518622e-05
baseline-recovery-32,0,62,True,5.9965574072297345,6.0,5.999342195189105,-0.0034425927702654846,0.4998901806167948,0.5,0.4998901806167948,-0.0001098193832052008,-0.21370056273551052,-0.214,-0.2145478553313474,0.0002994372644894716
baseline-recovery-32,0,63,True,6.0015132164563925,6.0,6.0003127306980915,0.0015132164563924633,0.5000738601724688,0.5,0.5000738601724688,7.386017246879817e-05,-0.16392980928508336,-0.164,-0.16378065649362564,7.019071491665141e-05
baseline-recovery-32,0,64,True,6.001521733923792,6.0,5.995801291123798,0.00152173392379229,0.5000308124016397,0.5,0.5000308124016397,3.081240163971266e-05,-0.1913594741347102,-0.191,-0.19013598142596144,-0.00035947413471018597
baseline-recovery-32,0,65,True,6.001657978771242,6.0,6.00130195020399,0.0016579787712416305,0.5000536378954318,0.5,0.5000536378954318,5.363789543177955e-05,0.03701123655897752,0.037,0.03626190392370991,1.1236558977521793e-05
baseline-recovery-32,0,66,True,6.997130806836547,7.0,6.996390034671592,-0.002869193163452799,0.4999242061137357,0.5,0.4999242061137357,-7.579388626427486e-05,-0.3977809845134665,-0.398,-0.39739870950203576,0.00021901548653352476
baseline-recovery-32,0,67,True,7.009744723060758,7.0,7.0089032024844125,0.009744723060758353,0.5002845467025949,0.5,0.5002845467025949,0.0002845467025949233,-0.580244878183614,-0.579,-0.5858332168200465,-0.0012448781836140732
baseline-recovery-32,0,68,True,6.054471141879977,6.0,6.034788205188054,0.05447114187997659,0.5017681692610283,0.5,0.5017681692610283,0.0017681692610282962,0.1913776416801035,0.193,0.19435457244851695,-0.0016223583198965164
baseline-recovery-32,0,69,True,6.0057976801024,6.0,6.00088592364758,0.0057976801023995606,0.5000654024891179,0.5,0.5000654024891179,6.540248911790503e-05,0.5651906287571715,0.567,0.5678155334219191,-0.001809371242828428
baseline-recovery-32,0,70,True,7.993748907180282,8.0,7.9992098375974825,-0.006251092819717918,0.49979471491954053,0.5,0.49979471491954053,-0.00020528508045947191,-0.6695545290028385,-0.671,-0.6735075215648272,0.0014454709971615243
baseline-recovery-32,0,71,True,6.013902491686377,6.0,6.007434522334468,0.013902491686376806,0.5003371008091404,0.5,0.5003371008091404,0.0003371008091404004,0.07756722393571762,0.079,0.07723717842675784,-0.0014327760642823817
baseline-recovery-32,0,72,True,7.99503594785114,8.0,7.991388832941861,-0.004964052148859643,0.49989911665487097,0.5,0.49989911665487097,-0.00010088334512903252,-0.48779355845251565,-0.489,-0.48717887418715294,0.0012064415474843382
baseline-recovery-32,0,73,True,7.01853197404664,7.0,7.015820619636724,0.018531974046640087,0.5006095605634872,0.5,0.5006095605634872,0.0006095605634871548,-0.5727778728039884,-0.573,-0.5736826920221674,0.00022212719601155673
baseline-recovery-32,0,74,True,6.012701419586164,6.0,6.0220353190507865,0.012701419586163887,0.5004077963046928,0.5,0.5004077963046928,0.0004077963046927868,0.16821974121355418,0.169,0.16599554560722557,-0.000780258786445831
baseline-recovery-32,0,75,True,5.993968009305239,6.0,5.992719015481442,-0.006031990694761014,0.49974213912871934,0.5,0.49974213912871934,-0.0002578608712806574,0.5648456386028934,0.565,0.5688212544708318,-0.0001543613971065616
baseline-recovery-32,0,76,True,7.995082912398286,8.0,7.999250515565188,-0.004917087601714165,0.4998701605046866,0.5,0.4998701605046866,-0.00012983949531342187,-0.6582726302030946,-0.659,-0.6604397296914463,0.0007273697969054638
baseline-recovery-32,0,77,True,6.01276264743629,6.0,6.011142386093262,0.012762647436289853,0.5003421912951069,0.5,0.5003421912951069,0.0003421912951069306,0.2310406697122768,0.232,0.23258842366045235,-0.0009593302877232146
baseline-recovery-32,0,78,True,7.989875050677508,8.0,7.99356959565151,-0.010124949322491972,0.49968769753037195,0.5,0.49968769753037195,-0.0003123024696280452,-0.4934370769899322,-0.494,-0.4944321843169884,0.0005629230100677729
baseline-recovery-32,0,79,True,6.006050842789168,6.0,6.005775070260278,0.0060508427891683425,0.500240099944282,0.5,0.500240099944282,0.00024009994428197956,-0.4129461403472783,-0.413,-0.41318354302408694,5.385965272169946e-05
baseline-recovery-32,0,80,True,7.000318112514036,7.0,7.014143044345792,0.00031811251403635055,0.5000083497736393,0.5,0.5000083497736393,8.349773639282354e-06,-0.5859293639009946,-0.586,-0.5882610476631563,7.063609900537227e-05
baseline-recovery-32,0,81,True,6.003399084674103,6.0,5.998219345085574,0.0033990846741032144,0.5001152248049201,0.5,0.5001152248049201,0.0001152248049200999,0.23526454470793198,0.235,0.2349289085529702,0.00026454470793199625
baseline-recovery-32,0,82,True,5.982836198446116,6.0,5.973346351229284,-0.01716380155388375,0.4994627779204036,0.5,0.4994627779204036,-0.0005372220795963889,0.5603846647399157,0.561,0.5631325598010224,-0.0006153352600843931
baseline-recovery-32,0,83,True,7.998579878842683,8.0,8.000065626907144,-0.0014201211573166006,0.49995351331187327,0.5,0.49995351331187327,-4.648668812673451e-05,-0.6610762236974913,-0.662,-0.6624518018173949,0.0009237763025087276
baseline-recovery-32,0,84,True,5.989649123192179,6.0,5.972762157538115,-0.010350876807820875,0.49963108139582835,0.5,0.49963108139582835,-0.000368918604171653,-0.14776378170265494,-0.148,-0.1457510814100941,0.00023621829734504773
baseline-recovery-32,0,85,True,6.0057636917530335,6.0,6.0044107713281,0.005763691753033484,0.5002010961890165,0.5,0.5002010961890165,0.00020109618901653636,-0.043783884119138174,-0.044,-0.04486588875096934,0.00021611588086182382
baseline-recovery-32,0,86,True,5.996210931966726,6.0,5.996531210680404,-0.00378906803327439,0.4998508712315493,0.5,0.4998508712315493,-0.00014912876845069034,-0.1822315973481018,-0.182,-0.18080849246009975,-0.00023159734810179744
baseline-recovery-32,0,87,True,6.0055780762095505,6.0,6.007503725057601,0.005578076209550531,0.5002095974548683,0.5,0.5002095974548683,0.00020959745486825998,-0.1825282637145271,-0.182,-0.18236402500874646,-0.0005282637145271052
baseline-recovery-32,0,88,True,6.012766822642687,6.0,6.012503825425155,0.012766822642687359,0.5004545296567885,0.5,0.5004545296567885,0.0004545296567884938,-0.3341818563760912,-0.334,-0.33644081500491496,-0.00018185637609119398
baseline-recovery-32,0,89,True,6.005714588125812,6.0,6.0087543612858045,0.00571458812581227,0.5001862579894013,0.5,0.5001862579894013,0.0001862579894013061,-0.34496678672291853,-0.345,-0.3466540181056221,3.321327708144528e-05
baseline-recovery-32,0,90,True,6.005142486817885,6.0,6.000724498709879,0.005142486817884873,0.5001589949193191,0.5,0.5001589949193191,0.00015899491931914422,0.4023584684140394,0.403,0.4054830701897643,-0.0006415315859606419
baseline-recovery-32,0,91,True,8.007421342811178,8.0,8.008572566376742,0.007421342811177567,0.500190306080517,0.5,0.500190306080517,0.0001903060805169554,-0.5682092023831384,-0.568,-0.5692278830551825,-0.00020920238313848483
baseline-recovery-32,0,92,True,7.016563874851329,7.0,7.023936444878383,0.01656387485132882,0.5005300401084962,0.5,0.5005300401084962,0.0005300401084962214,-0.588943276826734,-0.589,-0.5895617018304106,5.672317326599341e-05
baseline-recovery-32,0,93,True,5.99397562556841,6.0,5.987613313184332,-0.006024374431589763,0.499797495600222,0.5,0.499797495600222,-0.00020250439977798074,0.23252701742577486,0.233,0.23127201137383602,-0.00047298257422515033
baseline-recovery-32,0,94,True,5.990309244783936,6.0,5.987170242901674,-0.009690755216063884,0.49964723870947925,0.5,0.49964723870947925,-0.00035276129052075333,0.5654243071113952,0.565,0.5686070132538812,0.00042430711139529453
baseline-recovery-32,0,95,True,7.986477508200082,8.0,7.982645092760355,-0.013522491799918157,0.4996885263046761,0.5,0.4996885263046761,-0.0003114736953239161,-0.6676894340649902,-0.669,-0.6688273000429327,0.0013105659350098886
baseline-recovery-32,0,96,True,6.01634849156487,6.0,6.016689139982468,0.016348491564870393,0.5005582684082135,0.5,0.5005582684082135,0.0005582684082134914,-0.13334616550777917,-0.133,-0.13232295843485603,-0.00034616550777916144
baseline-recovery-32,0,97,True,5.990697575936904,6.0,5.99165521658943,-0.009302424063095671,0.4996539651824951,0.5,0.4996539651824951,-0.0003460348175048922,-0.17524894044625955,-0.175,-0.17549618293845598,-0.00024894044625956013
baseline-recovery-32,0,98,True,5.997914133054778,6.0,5.99566876548026,-0.002085866945222392,0.49993104306096775,0.5,0.49993104306096775,-6.895693903224975e-05,-0.08263957798944183,-0.083,-0.08235093272068116,0.00036042201055817846
baseline-recovery-32,0,99,True,6.003394925157066,6.0,5.998824258739782,0.0033949251570657424,0.5001479479541905,0.5,0.5001479479541905,0.000147947954190486,0.01383584113237473,0.013,0.013160366410934824,0.0008358411323747313
baseline-recovery-32,0,100,True,6.998720212837093,7.0,6.998600958376667,-0.0012797871629066648,0.49998875001798854,0.5,0.49998875001798854,-1.12499820114631e-05,-0.3098112598465446,-0.31,-0.3097756730420133,0.0001887401534553801
baseline-recovery-32,0,101,True,5.993094726318027,6.0,5.9939094928642485,-0.006905273681972801,0.49977789521852073,0.5,0.49977789521852073,-0.00022210478147927093,0.19472920319291823,0.195,0.19545849552938843,-0.0002707968070817801
baseline-recovery-32,0,102,True,6.0023399814185545,6.0,6.006959010842791,0.0023399814185545154,0.5000921940967682,0.5,0.5000921940967682,9.219409676819446e-05,-0.2305410949019232,-0.23,-0.2292140955772654,-0.0005410949019231948
baseline-recovery-32,0,103,True,5.998596299559042,6.0,6.0029582849401955,-0.0014037004409583886,0.4999279091468931,0.5,0.4999279091468931,-7.209085310688756e-05,-0.2677294260468145,-0.268,-0.2699583497141641,0.0002705739531855267
baseline-recovery-32,0,104,True,6.008333472956157,6.0,6.008732931587156,0.008333472956157273,0.5002720218764631,0.5,0.5002720218764631,0.00027202187646313547,-0.2134610594116436,-0.213,-0.2155867758405309,-0.000461059411643594
baseline-recovery-32,0,105,True,6.000095688096654,6.0,5.994818875267254,9.568809665427835e-05,0.4999902353609677,0.5,0.4999902353609677,-9.764639032294742e-06,-0.1900327966633485,-0.19,-0.18726104671646895,-3.279666334848885e-05
baseline-recovery-32,0,106,True,6.998595291713885,7.0,6.996903460904273,-0.0014047082861150528,0.49995629429217886,0.5,0.49995629429217886,-4.370570782114003e-05,-0.5853721360030122,-0.585,-0.586881222097948,-0.0003721360030122245
baseline-recovery-32,0,107,True,5.9957722187879625,6.0,6.001145309979811,-0.004227781212037485,0.4998259726339218,0.5,0.4998259726339218,-0.0001740273660781888,0.2444135706836391,0.244,0.24478016825506865,0.0004135706836390918
baseline-recovery-32,0,108,True,5.983444345990161,6.0,5.987790493143895,-0.016555654009838605,0.4994892052097315,0.5,0.4994892052097315,-0.0005107947902684984,0.560984920472283,0.561,0.5621041243777077,-1.5079527717065666e-05
baseline-recovery-32,0,109,True,8.016017148075626,8.0,8.026004451319205,0.016017148075626153,0.5004526753498976,0.5,0.5004526753498976,0.00045267534989756886,-0.6641865569867592,-0.664,-0.6659745180725243,-0.00018655698675917876
baseline-recovery-32,0,110,True,6.004426098694681,6.0,6.003281412579879,0.004426098694681357,0.5001469545603818,0.5,0.5001469545603818,0.00014695456038182897,-0.2377594397008394,-0.238,-0.23670715807093426,0.00024056029916058597
baseline-recovery-32,0,111,True,5.998420741443239,6.0,5.995182603440675,-0.0015792585567613315,0.49993388745351414,0.5,0.49993388745351414,-6.611254648586362e-05,0.6720691810542689,0.673,0.6724267887620619,-0.0009308189457311045
baseline-recovery-32,0,112,True,8.010625156081872,8.0,8.012577399082113,0.010625156081871978,0.5002832933566547,0.5,0.5002832933566547,0.00028329335665466804,-0.6589812308898642,-0.659,-0.6603168595004146,1.8769110135874456e-05
baseline-recovery-32,0,113,True,7.010873881733176,7.0,7.005289029106202,0.010873881733176383,0.5003244793305489,0.5,0.5003244793305489,0.0003244793305489102,-0.8722832427936977,-0.872,-0.8713279782423362,-0.00028324279369773553
baseline-recovery-32,0,114,True,7.012560517288946,7.0,7.018354584386127,0.012560517288945583,0.5003199235438461,0.5,0.5003199235438461,0.00031992354384613453,-0.584189808297483,-0.584,-0.5853942266329006,-0.00018980829748305172
baseline-recovery-32,0,115,True,6.009092482199315,6.0,5.997715015626946,0.009092482199315022,0.5002768278783307,0.5,0.5002768278783307,0.000276827878330721,0.2328126513340759,0.234,0.23406193623882118,-0.0011873486659241261
baseline-recovery-32,0,116,True,6.018481480159887,6.0,6.008832134187373,0.018481480159887376,0.5005551720981614,0.5,0.5005551720981614,0.0005551720981613606,0.5624262682072498,0.562,0.5631319050981306,0.0004262682072497803
baseline-recovery-32,0,117,True,7.990826257604166,8.0,7.9904331980201,-0.009173742395834239,0.49977554709735766,0.5,0.49977554709735766,-0.00022445290264233586,-0.6657634944584541,-0.666,-0.6669517158129695,0.0002365055415459727
baseline-recovery-32,0,118,True,6.0055737623523395,6.0,6.006462580275481,0.0055737623523395285,0.5001503967493933,0.5,0.5001503967493933,0.00015039674939332226,-0.2123682807523402,-0.212,-0.21309972466521837,-0.0003682807523402165
baseline-recovery-32,0,119,True,5.993931303419009,6.0,5.985342501423952,-0.006068696580991073,0.49979332066764304,0.5,0.49979332066764304,-0.00020667933235696268,-0.19014003255118264,-0.191,-0.1893350129297558,0.0008599674488173614
baseline-recovery-32,0,120,True,5.997967307460454,6.0,5.992543018721114,-0.00203269253954641,0.499982984177757,0.5,0.499982984177757,-1.701582224300502e-05,0.6669496431095377,0.667,0.6695603207228061,-5.035689046228864e-05
baseline-recovery-32,0,121,True,8.010414156245865,8.0,8.011723960195201,0.010414156245865058,0.5002796066143302,0.5,0.5002796066143302,0.00027960661433024114,-0.6534870958007242,-0.653,-0.6557576816749231,-0.0004870958007241466
baseline-recovery-32,0,122,True,7.009522316927259,7.0,7.008389813027951,0.009522316927259133,0.500294947336362,0.5,0.500294947336362,0.0002949473363620392,-0.8776066911527364,-0.877,-0.8784902127418568,-0.0006066911527363716
baseline-recovery-32,0,123,True,6.998471854121444,7.0,6.9947926200045725,-0.0015281458785558755,0.4999157379951681,0.5,0.4999157379951681,-8.426200483191426e-05,-0.558550155115877,-0.558,-0.5569613776059918,-0.0005501551158769713
baseline-recovery-32,0,124,True,6.019046794695228,6.0,6.01215980803352,0.019046794695228186,0.5005630132460503,0.5,0.5005630132460503,0.0005630132460503479,0.18550756415118413,0.186,0.18545607949300297,-0.0004924358488158642
baseline-recovery-32,0,125,True,6.004255621219973,6.0,6.006034664069253,0.004255621219972916,0.5001623219326259,0.5,0.5001623219326259,0.00016232193262588623,0.5732691389540816,0.574,0.5727488201005858,-0.0007308610459183518
baseline-recovery-32,0,126,True,8.013247966287336,8.0,8.015268640400919,0.013247966287336155,0.5003784553750563,0.5,0.5003784553750563,0.0003784553750563191,-0.694221264884271,-0.694,-0.6937005228859254,-0.00022126488427109958
baseline-recovery-32,0,127,True,6.017725132002924,6.0,6.021702526251421,0.017725132002923694,0.5005403937242792,0.5,0.5005403937242792,0.0005403937242791645,0.09525642280024503,0.096,0.09461810640593564,-0.0007435771997549717
baseline-recovery-32,0,128,True,16.00450268591953,16.0,16.000664308655946,0.004502685919529625,0.5000388080425875,0.5,0.5000388080425875,3.880804258749038e-05,-0.2852303541521772,-0.285,-0.28450873674972343,-0.00023035415217720345
baseline-recovery-32,0,129,True,7.015516227340289,7.0,7.0217102822951345,0.01551622734028868,0.5004428052300839,0.5,0.5004428052300839,0.00044280523008388695,-0.5918643969497657,-0.592,-0.5929465103185655,0.00013560305023430086
baseline-recovery-32,0,130,True,6.002025147804419,6.0,6.013709959809201,0.002025147804419092,0.4999732884395022,0.5,0.4999732884395022,-2.6711560497827413e-05,0.2661948644700896,0.267,0.26600575544294963,-0.0008051355299104057
baseline-recovery-32,0,131,True,6.017596206714663,6.0,6.00708211027553,0.01759620671466333,0.5005038092791733,0.5,0.5005038092791733,0.0005038092791732618,0.559782926063873,0.56,0.5640574065287154,-0.0002170739361270213
baseline-recovery-32,0,132,True,7.988828841152588,8.0,7.989785798623132,-0.01117115884741171,0.49977823653889997,0.5,0.49977823653889997,-0.00022176346110003298,-0.6722287662169628,-0.673,-0.6735849558629424,0.0007712337830372284
baseline-recovery-32,0,133,True,6.041251681703073,6.0,6.039637250869541,0.041251681703072585,0.5013693949312192,0.5,0.5013693949312192,0.0013693949312192366,-0.39417169931918006,-0.392,-0.3934757855101702,-0.0021716993191800427
baseline-recovery-32,0,134,True,6.9999180637083755,7.0,7.009233820372977,-8.193629162445148e-05,0.5000700282228768,0.5,0.5000700282228768,7.002822287682786e-05,-0.5882669564277035,-0.588,-0.5919317198668774,-0.00026695642770357964
baseline-recovery-32,0,135,True,5.993767442683207,6.0,5.995461164355103,-0.006232557316793397,0.49975283790961283,0.5,0.49975283790961283,-0.0002471620903871652,0.2156198939795777,0.215,0.21588617645631936,0.000619893979577707
baseline-recovery-32,0,136,True,5.98437805767712,6.0,5.974006307911924,-0.015621942322879612,0.4995382860926337,0.5,0.4995382860926337,-0.00046171390736632345,0.5591939050403152,0.56,0.5628948764639914,-0.0008060949596848666
baseline-recovery-32,0,137,True,8.015882566835172,8.0,8.020069843091113,0.015882566835172085,0.5004341834737656,0.5,0.5004341834737656,0.0004341834737655592,-0.660990033192102,-0.661,-0.663251109767684,9.966807897998642e-06
baseline-recovery-32,0,138,True,5.99578284580675,6.0,5.9995032584807975,-0.004217154193249861,0.4999164970095012,0.5,0.4999164970095012,-8.350299049880716e-05,-0.004092006778379958,-0.005,-0.006071614521579517,0.0009079932216200419
baseline-recovery-32,0,139,True,6.008007079460338,6.0,6.006774516704013,0.008007079460337962,0.5003032834369618,0.5,0.5003032834369618,0.0003032834369618431,-0.36269978781846157,-0.362,-0.36276714379261576,-0.0006997878184615836
baseline-recovery-32,0,140,True,5.999802373404122,6.0,5.995601253032555,-0.00019762659587829745,0.4999557103265191,0.5,0.4999557103265191,-4.428967348091284e-05,-0.36050891853614603,-0.36,-0.358897889946587,-0.0005089185361460413
baseline-recovery-32,0,141,True,7.017768947070493,7.0,7.018272046906729,0.01776894707049337,0.5006007822854323,0.5,0.5006007822854323,0.0006007822854322553,-0.5897889600760005,-0.59,-0.5901908867557548,0.000211039923999512
baseline-recovery-32,0,142,True,5.992148428241178,6.0,5.98974430652886,-0.007851571758822118,0.4997221676371836,0.5,0.4997221676371836,-0.00027783236281642143,0.21383240086770522,0.214,0.21372062172557654,-0.00016759913229477674
baseline-recovery-32,0,143,True,5.99365639855799,6.0,5.98704185631556,-0.006343601442010183,0.49979041247524086,0.5,0.49979041247524086,-0.0002095875247591361,0.5605234775868976,0.56,0.5637502711576093,0.000523477586897525
baseline-recovery-32,0,144,True,7.99937765988111,8.0,8.006794397188035,-0.0006223401188902855,0.4999983350348342,0.5,0.4999983350348342,-1.6649651657929532e-06,-0.6567470075149523,-0.657,-0.6589530623071002,0.00025299248504773164
baseline-recovery-32,0,145,True,6.003433099032025,6.0,5.994647027242109,0.0034330990320246,0.5000840394619976,0.5,0.5000840394619976,8.403946199764256e-05,-0.0321167173547408,-0.032,-0.03161227257636807,-0.00011671735474080153
baseline-recovery-32,0,146,True,6.009560427898421,6.0,5.999117496173612,0.009560427898421153,0.500295174266263,0.5,0.500295174266263,0.0002951742662630208,-0.15463286800351966,-0.154,-0.1532547338882723,-0.0006328680035196654
baseline-recovery-32,0,147,True,6.004718593767,6.0,6.0057185417208485,0.004718593766999568,0.5001790750181314,0.5,0.5001790750181314,0.0001790750181314138,-0.3600963535049828,-0.36,-0.3609519286759513,-9.63535049828268e-05
baseline-recovery-32,0,148,True,6.0010244898209395,6.0,5.999340260412137,0.0010244898209395004,0.5000287151673743,0.5,0.5000287151673743,2.8715167374349093e-05,-0.33193342702554485,-0.332,-0.3322178331520786,6.657297445517019e-05
baseline-recovery-32,0,149,True,7.006894761577659,7.0,7.007433756250899,0.00689476157765867,0.5001928400951096,0.5,0.5001928400951096,0.0001928400951095588,-0.5934835607850881,-0.593,-0.5952769081351992,-0.00048356078508815514
baseline-recovery-32,0,150,True,6.016600722628362,6.0,5.995546479427697,0.016600722628361986,0.5005229157373927,0.5,0.5005229157373927,0.0005229157373927151,0.24099626905165428,0.242,0.2432460659205083,-0.0010037309483457157
baseline-recovery-32,0,151,True,6.006457923446326,6.0,5.997629376274536,0.006457923446325786,0.5001676031077169,0.5,0.5001676031077169,0.00016760310771690712,0.5569517511999228,0.557,0.5604917040360347,-4.824880007725518e-05
baseline-recovery-32,0,152,True,8.001748895239066,8.0,8.00807122427154,0.0017488952390660728,0.5000678395915986,0.5,0.5000678395915986,6.783959159861741e-05,-0.6632106822137204,-0.663,-0.6657517797554254,-0.0002106822137203368
baseline-recovery-32,0,153,True,6.002090517563551,6.0,5.987386570795791,0.002090517563551053,0.5000368074224688,0.5,0.5000368074224688,3.680742246880975e-05,-0.23520001685008954,-0.235,-0.23411215804822955,-0.0002000168500895516
baseline-recovery-32,0,154,True,6.000027693677864,6.0,6.00059134438473,2.7693677863815935e-05,0.5000334934033454,0.5,0.5000334934033454,3.349340334535267e-05,0.04950317647338468,0.049,0.04697938482771444,0.0005031764733846797
baseline-recovery-32,0,155,True,5.993488505475345,6.0,5.987659051449161,-0.006511494524654715,0.49978229685285785,0.5,0.49978229685285785,-0.00021770314714214534,-0.35879027163536825,-0.359,-0.35656063271178123,0.00020972836463173383
baseline-recovery-32,0,156,True,6.002579499154515,6.0,6.0003586241672435,0.0025794991545149415,0.5000979389013931,0.5,0.5000979389013931,9.793890139309092e-05,-0.3613626940268766,-0.361,-0.36058368432445376,-0.0003626940268766088
baseline-recovery-32,0,157,True,6.984955795553125,7.0,6.996201058273997,-0.015044204446875042,0.4994835375664686,0.5,0.4994835375664686,-0.0005164624335313728,-0.5652302274275444,-0.566,-0.5699829482830145,0.0007697725724555848
baseline-recovery-32,0,158,True,5.9848935737251425,6.0,5.982373357474586,-0.015106426274857476,0.4994827772903634,0.5,0.4994827772903634,-0.0005172227096366111,0.10838723253279521,0.108,0.11060695156319074,0.00038723253279521197
baseline-recovery-32,0,159,True,6.004550454675856,6.0,5.998341404939745,0.00455045467585613,0.5001718585302487,0.5,0.5001718585302487,0.000171858530248703,0.5816978009294309,0.581,0.5847055253695432,0.0006978009294309473
baseline-recovery-32,0,160,True,8.007331185488725,8.0,8.011051800146623,0.007331185488725467,0.5001994088739062,0.5,0.5001994088739062,0.00019940887390623718,-0.6691131865151186,-0.668,-0.6714351743384452,-0.0011131865151186027
baseline-recovery-32,0,161,True,6.987435300610409,7.0,6.990497932286499,-0.012564699389590928,0.49958218910051355,0.5,0.49958218910051355,-0.00041781089948644823,-0.31014632011097226,-0.31,-0.31128901902298384,-0.0001463201109722645
baseline-recovery-32,0,162,True,5.985240992328807,6.0,5.980240302018955,-0.014759007671193203,0.4995170826585381,0.5,0.4995170826585381,-0.0004829173414618859,0.1706785928718838,0.17,0.1699827601219988,0.000678592871883793
baseline-recovery-32,0,163,True,6.000467170681465,6.0,5.99448381366889,0.00046717068146495677,0.5000673143776792,0.5,0.5000673143776792,6.731437767915072e-05,0.56772416070651,0.567,0.5715716049232501,0.0007241607065100464
baseline-recovery-32,0,164,True,7.997725893162628,8.0,8.005472648786034,-0.0022741068373717255,0.4999679521651073,0.5,0.4999679521651073,-3.204783489269003e-05,-0.6701785728579447,-0.67,-0.6731298960660419,-0.00017857285794464772
baseline-recovery-32,0,165,True,6.006090870502664,6.0,6.005230090789933,0.006090870502664103,0.5002456488400392,0.5,0.5002456488400392,0.0002456488400391921,-0.19598913919287395,-0.196,-0.19649378087847844,1.0860807126061855e-05
baseline-recovery-32,0,166,True,5.997156673159141,6.0,5.991614479422774,-0.002843326840858751,0.49987511183474576,0.5,0.49987511183474576,-0.0001248881652542444,-0.16539090050648234,-0.165,-0.16289469341069662,-0.0003909005064823279
baseline-recovery-32,0,167,True,6.011836396554023,6.0,6.014099216907237,0.011836396554023132,0.5004124464480426,0.5,0.5004124464480426,0.00041244644804261377,0.020905907948379484,0.021,0.019066763165324574,-9.409205162051737e-05
baseline-recovery-32,0,168,True,7.997063739238356,8.0,7.995048779932747,-0.002936260761644327,0.4999260692129296,0.5,0.4999260692129296,-7.393078707040868e-05,-0.0004098907278135887,0.0,-0.0011484778476256571,-0.0004098907278135887
baseline-recovery-32,0.1,1,True,7.019676151562052,7.0,7.014983454261828,0.01967615156205227,0.5006700895866601,0.5,0.5006700895866601,0.0006700895866601497,-0.5926271841431286,-0.592,-0.5930831725930814,-0.0006271841431286784
baseline-recovery-32,0.1,2,True,5.992797691450237,6.0,5.9911146565021225,-0.0072023085497630035,0.49973866680794166,0.5,0.49973866680794166,-0.00026133319205834393,0.24355834498592754,0.244,0.24515494342880295,-0.00044165501407245067
baseline-recovery-32,0.1,3,True,6.020677053200346,6.0,6.018750736346137,0.020677053200346407,0.5010547590387352,0.5,0.5010547590387352,0.001054759038735198,0.558816531951029,0.559,0.5615401618309154,-0.00018346804897106939
baseline-recovery-32,0.1,4,True,7.992704065796438,8.0,8.000017983317747,-0.0072959342035616714,0.4998623423840209,0.5,0.4998623423840209,-0.0001376576159791143,-0.664677257652364,-0.665,-0.6675525948377169,0.00032274234763607357
baseline-recovery-32,0.1,5,True,6.012827502343588,6.0,6.020044223588184,0.01282750234358776,0.5004618081522624,0.5,0.5004618081522624,0.00046180815226237737,-0.27402850204191675,-0.274,-0.27592169482640605,-2.8502041916733667e-05
baseline-recovery-32,0.1,6,True,6.009398667159926,6.0,6.014140818106266,0.009398667159926433,0.5002793496992273,0.5,0.5002793496992273,0.0002793496992272715,0.07243000497580156,0.073,0.07241739042966526,-0.0005699950241984386
baseline-recovery-32,0.1,7,True,16.00630925287316,16.0,16.004920537409042,0.006309252873158755,0.5000584211641425,0.5,0.5000584211641425,5.8421164142452575e-05,-0.1414248919035892,-0.141,-0.1410880220852972,-0.000424891903589214
baseline-recovery-32,0.1,8,True,6.003153246424905,6.0,6.00324317981215,0.0031532464249046654,0.5001007016307941,0.5,0.5001007016307941,0.00010070163079411998,-0.06998947165968739,-0.07,-0.07018134995555728,1.0528340312621065e-05
baseline-recovery-32,0.1,9,True,7.010351082128076,7.0,7.0163979412176385,0.010351082128075895,0.5004557912719491,0.5,0.5004557912719491,0.00045579127194905755,-0.5897262871494191,-0.589,-0.5917472431261869,-0.0007262871494191359
baseline-recovery-32,0.1,10,True,5.991769453391127,6.0,5.991432004078723,-0.008230546608873013,0.49971507655631664,0.5,0.49971507655631664,-0.0002849234436833603,0.2354172577061015,0.235,0.23614193964111108,0.0004172577061015148
baseline-recovery-32,0.1,11,True,6.0058235485413825,6.0,6.007855572415117,0.005823548541382451,0.5001919524017013,0.5,0.5001919524017013,0.0001919524017013341,0.5587601650683021,0.559,0.5600298444661562,-0.00023983493169799086
baseline-recovery-32,0.1,12,True,8.002424217002911,8.0,8.002095805827139,0.0024242170029111776,0.5000695910924838,0.5,0.5000695910924838,6.959109248383388e-05,-0.6560361013995182,-0.656,-0.6565552178636033,-3.610139951815139e-05
baseline-recovery-32,0.1,13,True,5.992307917929675,6.0,5.992402145543509,-0.007692082070325235,0.49973767969807315,0.5,0.49973767969807315,-0.00026232030192685496,-0.15529063641885182,-0.156,-0.1558177907235096,0.0007093635811481758
baseline-recovery-32,0.1,14,True,6.008779836123154,6.0,6.008579772181128,0.008779836123154361,0.5003433251834623,0.5,0.5003433251834623,0.0003433251834622508,0.006570769700686997,0.007,0.006249303535987528,-0.00042923029931300326
baseline-recovery-32,0.1,15,True,6.006715090676263,6.0,6.004883154460864,0.006715090676262747,0.5002282548410959,0.5,0.5002282548410959,0.00022825484109589844,-0.20430238729582428,-0.204,-0.20415580891952737,-0.0003023872958242968
baseline-recovery-32,0.1,16,True,6.0093817204559095,6.0,6.006806121791227,0.00938172045590946,0.5003124298826342,0.5,0.5003124298826342,0.0003124298826342464,-0.20568749626356742,-0.205,-0.20483740713516602,-0.0006874962635674275
baseline-recovery-32,0.1,17,True,6.00381406953077,6.0,6.003412188510764,0.0038140695307697925,0.5001161001708639,0.5,0.5001161001708639,0.00011610017086394198,-0.17725260821166838,-0.177,-0.17748371439361021,-0.00025260821166839253
baseline-recovery-32,0.1,18,True,6.001390825774344,6.0,6.003161455030835,0.0013908257743437957,0.5000337406215977,0.5,0.5000337406215977,3.3740621597666554e-05,-0.17893115419390754,-0.179,-0.17961841650639468,6.884580609245461e-05
baseline-recovery-32,0.1,19,True,6.004368007852902,6.0,6.005784928528115,0.004368007852901812,0.5001486479475465,0.5,0.5001486479475465,0.00014864794754654298,-0.18206075476305478,-0.182,-0.1817884143057506,-6.0754763054782224e-05
baseline-recovery-32,0.1,20,True,7.012452123767764,7.0,7.002774916227775,0.012452123767763723,0.5004411766584764,0.5,0.5004411766584764,0.0004411766584764276,-0.5907881464484356,-0.59,-0.5922422527389682,-0.0007881464484356115
baseline-recovery-32,0.1,21,True,6.009060548868823,6.0,6.00191231796303,0.009060548868823126,0.5002906388560376,0.5,0.5002906388560376,0.0002906388560376394,0.23968395377345034,0.24,0.23952245717827536,-0.0003160462265496544
baseline-recovery-32,0.1,22,True,5.996345496387829,6.0,5.984882335206393,-0.0036545036121706787,0.4998714711910159,0.5,0.4998714711910159,-0.00012852880898411856,0.5576482578628601,0.558,0.5630536485580206,-0.0003517421371399543
baseline-recovery-32,0.1,23,True,7.990956082945223,8.0,7.991642011169964,-0.00904391705477714,0.49976480172366944,0.5,0.49976480172366944,-0.00023519827633056156,-0.6570437520266451,-0.658,-0.6592100372404873,0.0009562479733549178
baseline-recovery-32,0.1,24,True,5.993123113667183,6.0,6.00271250119292,-0.006876886332817023,0.4997446284199284,0.5,0.4997446284199284,-0.0002553715800716061,-0.21471268855445078,-0.215,-0.21637781486550667,0.00028731144554922095
baseline-recovery-32,0.1,25,True,5.997943497846556,6.0,5.996403339237467,-0.0020565021534437733,0.4999592661253823,0.5,0.4999592661253823,-4.0733874617726595e-05,-0.18982111698584386,-0.19,-0.18844604434511802,0.00017888301415613928
baseline-recovery-32,0.1,26,True,6.000733665992271,6.0,5.998177579791406,0.0007336659922714261,0.5000659013079534,0.5,0.5000659013079534,6.590130795336435e-05,0.11621566561340507,0.116,0.11655186642593443,0.00021566561340506663
baseline-recovery-32,0.1,27,True,6.992408547410925,7.0,6.998492121508055,-0.007591452589075232,0.4997391052449655,0.5,0.4997391052449655,-0.0002608947550344909,-0.6041573909166338,-0.604,-0.6067719196971818,-0.0001573909166338039
baseline-recovery-32,0.1,28,True,5.998059533700257,6.0,5.994366702985237,-0.0019404662997430933,0.49995962767229685,0.5,0.49995962767229685,-4.037232770315313e-05,0.9019204858865246,0.901,0.9060425462350856,0.0009204858865246024
baseline-recovery-32,0.1,29,True,6.999396239135065,7.0,6.999038443909977,-0.0006037608649354098,0.49997316485383286,0.5,0.49997316485383286,-2.683514616713678e-05,-0.9083995802112848,-0.908,-0.9100635519892915,-0.00039958021128472243
baseline-recovery-32,0.1,30,True,6.997316750647992,7.0,6.997063842524171,-0.0026832493520076994,0.4999150005696409,0.5,0.4999150005696409,-8.499943035911173e-05,-0.9061622279213295,-0.906,-0.9077286175964042,-0.00016222792132947195
baseline-recovery-32,0.1,31,True,7.0075478652112935,7.0,7.013788901917958,0.00754786521129347,0.5002288991338764,0.5,0.5002288991338764,0.00022889913387635907,-0.583763970132829,-0.584,-0.5854998521936147,0.00023602986717097263
baseline-recovery-32,0.1,32,True,5.983893292501926,6.0,5.985189736071992,-0.01610670749807408,0.4992870892219265,0.5,0.4992870892219265,-0.0007129107780735056,0.2344757750543368,0.235,0.2318174104420011,-0.0005242249456631765
baseline-recovery-32,0.1,33,True,6.013766526152081,6.0,6.008586090475966,0.013766526152081404,0.5005167741868787,0.5,0.5005167741868787,0.0005167741868786768,0.5635211098231613,0.563,0.5679125802068912,0.0005211098231613365
baseline-recovery-32,0.1,34,True,7.997421116127697,8.0,8.000080903214881,-0.002578883872303095,0.4999696088949967,0.5,0.4999696088949967,-3.0391105003302332e-05,-0.6632852214147111,-0.663,-0.6656972135357357,-0.00028522141471110096
baseline-recovery-32,0.1,35,True,5.999657162881739,6.0,6.006368055047794,-0.0003428371182607748,0.4999896128157688,0.5,0.4999896128157688,-1.0387184231186453e-05,-0.1526201194642985,-0.153,-0.15139938399208347,0.00037988053570151004
baseline-recovery-32,0.1,36,True,6.001155731650028,6.0,6.00249832562085,0.0011557316500283576,0.500069499101267,0.5,0.500069499101267,6.949910126696768e-05,0.022242921524977408,0.022,0.020920799160572483,0.00024292152497740888
baseline-recovery-32,0.1,37,True,7.000248825181487,7.0,6.998678845834407,0.0002488251814867226,0.5000251127893708,0.5,0.5000251127893708,2.511278937078476e-05,-0.2959879227952389,-0.296,-0.2957493317525387,1.2077204761096194e-05
baseline-recovery-32,0.1,38,True,5.9996492369900345,6.0,5.997468598972132,-0.0003507630099655046,0.499955171585956,0.5,0.499955171585956,-4.482841404401805e-05,-0.18246107381773807,-0.182,-0.18107762754561377,-0.000461073817738078
baseline-recovery-32,0.1,39,True,6.0038152756092344,6.0,6.003989059280588,0.0038152756092344475,0.5001115376491027,0.5,0.5001115376491027,0.0001115376491026554,-0.012455360328643294,-0.012,-0.012250264344253203,-0.0004553603286432933
baseline-recovery-32,0.1,40,True,6.9998916991364055,7.0,6.999599753182412,-0.00010830086359447932,0.500005594413528,0.5,0.500005594413528,5.594413527987285e-06,-0.22459320421208176,-0.225,-0.22528436443186148,0.000406795787918246
baseline-recovery-32,0.1,41,True,6.999436604273608,7.0,6.992896966140891,-0.0005633957263917466,0.4999813341696994,0.5,0.4999813341696994,-1.8665830300579334e-05,-0.5680833659114753,-0.568,-0.5679172244242265,-8.336591147539707e-05
baseline-recovery-32,0.1,42,True,5.985957876501715,6.0,5.991757172561072,-0.014042123498285264,0.49949007893264197,0.5,0.49949007893264197,-0.0005099210673580323,0.24575161066170093,0.246,0.24512843659110076,-0.00024838933829907095
baseline-recovery-32,0.1,43,True,6.0213040432467135,6.0,6.030518334488591,0.021304043246713533,0.5007992213926448,0.5,0.5007992213926448,0.0007992213926447667,0.5702083660825925,0.57,0.5694550901872373,0.0002083660825925593
baseline-recovery-32,0.1,44,True,7.987895651970987,8.0,7.9871873193548035,-0.012104348029012613,0.4997398428909509,0.5,0.4997398428909509,-0.0002601571090490862,-0.6724010571405579,-0.673,-0.6721577137225888,0.0005989428594421753
baseline-recovery-32,0.1,45,True,6.013933131991841,6.0,6.018693022029373,0.013933131991841208,0.5005321116574888,0.5,0.5005321116574888,0.0005321116574887874,-0.2759588893088547,-0.276,-0.2775420475299178,4.111069114531851e-05
baseline-recovery-32,0.1,46,True,5.998916101395065,6.0,5.992027849235413,-0.001083898604934852,0.49996901561105567,0.5,0.49996901561105567,-3.0984388944332864e-05,0.7033771514699692,0.704,0.7068762915044675,-0.0006228485300308062
baseline-recovery-32,0.1,47,True,8.003777797128459,8.0,8.005414217505015,0.0037777971284587153,0.500102422087184,0.5,0.500102422087184,0.00010242208718402868,-0.7708007942125779,-0.771,-0.7723107514062733,0.0001992057874221631
baseline-recovery-32,0.1,48,True,8.004822692086755,8.0,8.007099730782347,0.004822692086754898,0.5001078826305538,0.5,0.5001078826305538,0.00010788263055383496,-0.7610678630102792,-0.761,-0.7629379743067479,-6.786301027916775e-05
baseline-recovery-32,0.1,49,True,7.011121844934814,7.0,7.016536503185892,0.01112184493481383,0.500516721194262,0.5,0.500516721194262,0.0005167211942620487,-0.5762655051912224,-0.575,-0.5774173113693662,-0.0012655051912224824
baseline-recovery-32,0.1,50,True,6.018003628244211,6.0,6.004810952766757,0.018003628244210645,0.5011526652458695,0.5,0.5011526652458695,0.001152665245869544,0.23333358771924792,0.234,0.23480184592470812,-0.0006664122807520934
baseline-recovery-32,0.1,51,True,6.016535402549035,6.0,6.012019861747436,0.016535402549035183,0.5006394286191839,0.5,0.5006394286191839,0.0006394286191838683,0.5665481260570383,0.568,0.5683237931876616,-0.0014518739429616456
baseline-recovery-32,0.1,52,True,7.999275098467455,8.0,8.004841775313915,-0.000724901532544564,0.4999848758223664,0.5,0.4999848758223664,-1.5124177633607516e-05,-0.6804596662852245,-0.681,-0.6827209183729399,0.000540333714775576
baseline-recovery-32,0.1,53,True,5.989526245857874,6.0,5.98748060980282,-0.010473754142125813,0.49963643534347596,0.5,0.49963643534347596,-0.00036356465652404024,-0.20630920817071735,-0.207,-0.20632846864072887,0.0006907918292826387
baseline-recovery-32,0.1,54,True,6.0095753837870864,6.0,6.002968046998276,0.009575383787086444,0.5003814867211309,0.5,0.5003814867211309,0.0003814867211309192,-0.22265647393014787,-0.223,-0.22331349719321195,0.00034352606985213474
baseline-recovery-32,0.1,55,True,6.004246499581419,6.0,5.995312551793153,0.004246499581419094,0.5001400614896797,0.5,0.5001400614896797,0.00014006148967971033,0.6918329266580068,0.693,0.6964611587524041,-0.0011670733419931745
baseline-recovery-32,0.1,56,True,8.014392349652352,8.0,8.021515013834799,0.014392349652352365,0.5003821543492291,0.5,0.5003821543492291,0.000382154349229058,-0.7724292372217548,-0.772,-0.7757313681648133,-0.00042923722175480794
baseline-recovery-32,0.1,57,True,8.010325025400732,8.0,8.008649879482661,0.010325025400732102,0.5002513360986944,0.5,0.5002513360986944,0.0002513360986944324,-0.7641860724739831,-0.764,-0.7655653368607681,-0.0001860724739830566
baseline-recovery-32,0.1,58,True,7.015870260898781,7.0,7.010747925175157,0.015870260898781297,0.5005723880448939,0.5,0.5005723880448939,0.0005723880448939012,-0.5852721716873283,-0.585,-0.5864640998095901,-0.0002721716873282931
baseline-recovery-32,0.1,59,True,5.98429562955112,6.0,5.976232362658664,-0.015704370448879956,0.49942860076500273,0.5,0.49942860076500273,-0.0005713992349972719,0.23804759590227756,0.238,0.2396257808614787,4.75959022775696e-05
baseline-recovery-32,0.1,60,True,6.005335376663524,6.0,5.992212844943621,0.005335376663524016,0.5001836221780911,0.5,0.5001836221780911,0.00018362217809109183,0.5617194650246016,0.561,0.5678488806968227,0.0007194650246015177
baseline-recovery-32,0.1,61,True,7.993226617004089,8.0,7.991541481739651,-0.006773382995911348,0.4998216913437706,0.5,0.4998216913437706,-0.00017830865622942005,-0.6519514735319045,-0.652,-0.6542623404669277,4.8526468095499986e-05
baseline-recovery-32,0.1,62,True,5.99660835524201,6.0,5.999342195189105,-0.003391644757989809,0.4998901806167948,0.5,0.4998901806167948,-0.0001098193832052008,-0.21359091461256646,-0.214,-0.2145478553313474,0.0004090853874335332
baseline-recovery-32,0.1,63,True,6.001493463566614,6.0,6.0003127306980915,0.0014934635666143947,0.5000738601724688,0.5,0.5000738601724688,7.386017246879817e-05,-0.1639541054370577,-0.164,-0.16378065649362564,4.589456294229466e-05
baseline-recovery-32,0.1,64,True,6.001620856558041,6.0,5.995801291123798,0.0016208565580413392,0.5000308124016397,0.5,0.5000308124016397,3.081240163971266e-05,-0.19140092463014996,-0.191,-0.19013598142596144,-0.00040092463014995694
baseline-recovery-32,0.1,65,True,6.001616280908042,6.0,6.00130195020399,0.0016162809080420004,0.5000536378954318,0.5,0.5000536378954318,5.363789543177955e-05,0.03705020543556663,0.037,0.03626190392370991,5.0205435566628986e-05
baseline-recovery-32,0.1,66,True,6.9971232086635,7.0,6.996390034671592,-0.002876791336499984,0.4999242061137357,0.5,0.4999242061137357,-7.579388626427486e-05,-0.3977922026860087,-0.398,-0.39739870950203576,0.0002077973139913425
baseline-recovery-32,0.1,67,True,7.0078126028929635,7.0,7.0089032024844125,0.007812602892963483,0.5002845467025949,0.5,0.5002845467025949,0.0002845467025949233,-0.5797721469319506,-0.579,-0.5858332168200465,-0.0007721469319506014
baseline-recovery-32,0.1,68,True,6.007704545123559,6.0,6.034788205188054,0.0077045451235591145,0.5017681692610283,0.5,0.5017681692610283,0.0017681692610282962,0.19220431935134255,0.193,0.19435457244851695,-0.0007956806486574541
baseline-recovery-32,0.1,69,True,6.00312754815325,6.0,6.00088592364758,0.003127548153250004,0.5000654024891179,0.5,0.5000654024891179,6.540248911790503e-05,0.5664344887364289,0.567,0.5678155334219191,-0.0005655112635710724
baseline-recovery-32,0.1,70,True,7.993693558374845,8.0,7.9992098375974825,-0.006306441625154591,0.49979471491954053,0.5,0.49979471491954053,-0.00020528508045947191,-0.6702220545529687,-0.671,-0.6735075215648272,0.0007779454470313585
baseline-recovery-32,0.1,71,True,6.0109431856779825,6.0,6.007434522334468,0.01094318567798247,0.5003371008091404,0.5,0.5003371008091404,0.0003371008091404004,0.07830293380509384,0.079,0.07723717842675784,-0.0006970661949061568
baseline-recovery-32,0.1,72,True,7.995526423561042,8.0,7.991388832941861,-0.004473576438957849,0.49989911665487097,0.5,0.49989911665487097,-0.00010088334512903252,-0.4884099350282244,-0.489,-0.48717887418715294,0.0005900649717756057
baseline-recovery-32,0.1,73,True,7.013917325997191,7.0,7.015820619636724,0.013917325997191199,0.5006095605634872,0.5,0.5006095605634872,0.0006095605634871548,-0.5734258571991367,-0.573,-0.5736826920221674,-0.0004258571991367921
baseline-recovery-32,0.1,74,True,6.011743059350268,6.0,6.0220353190507865,0.01174305935026787,0.5004077963046928,0.5,0.5004077963046928,0.0004077963046927868,0.16845313711196433,0.169,0.16599554560722557,-0.0005468628880356818
baseline-recovery-32,0.1,75,True,5.993659417846548,6.0,5.992719015481442,-0.0063405821534523454,0.49974213912871934,0.5,0.49974213912871934,-0.0002578608712806574,0.5649948976834606,0.565,0.5688212544708318,-5.102316539384866e-06
baseline-recovery-32,0.1,76,True,7.99517914236567,8.0,7.999250515565188,-0.004820857634330267,0.4998701605046866,0.5,0.4998701605046866,-0.00012983949531342187,-0.6584105501621131,-0.659,-0.6604397296914463,0.0005894498378868906
baseline-recovery-32,0.1,77,True,6.011774947483351,6.0,6.011142386093262,0.011774947483351283,0.5003421912951069,0.5,0.5003421912951069,0.0003421912951069306,0.23130563177800084,0.232,0.23258842366045235,-0.0006943682219991698
baseline-recovery-32,0.1,78,True,7.989491777748928,8.0,7.99356959565151,-0.010508222251072397,0.49968769753037195,0.5,0.49968769753037195,-0.0003123024696280452,-0.4933531160848952,-0.494,-0.4944321843169884,0.0006468839151048122
baseline-recovery-32,0.1,79,True,6.00654743133918,6.0,6.005775070260278,0.006547431339179788,0.500240099944282,0.5,0.500240099944282,0.00024009994428197956,-0.41323844665799225,-0.413,-0.41318354302408694,-0.00023844665799227505
baseline-recovery-32,0.1,80,True,7.000301907731044,7.0,7.014143044345792,0.00030190773104443736,0.5000083497736393,0.5,0.5000083497736393,8.349773639282354e-06,-0.585965491269909,-0.586,-0.5882610476631563,3.4508730090920814e-05
baseline-recovery-32,0.1,81,True,6.003510713390311,6.0,5.998219345085574,0.003510713390310727,0.5001152248049201,0.5,0.5001152248049201,0.0001152248049200999,0.2352230413359805,0.235,0.2349289085529702,0.00022304133598050058
baseline-recovery-32,0.1,82,True,5.983821845890201,6.0,5.973346351229284,-0.016178154109798726,0.4994627779204036,0.5,0.4994627779204036,-0.0005372220795963889,0.5604568576475224,0.561,0.5631325598010224,-0.0005431423524776546
baseline-recovery-32,0.1,83,True,7.998712214630377,8.0,8.000065626907144,-0.0012877853696231512,0.49995351331187327,0.5,0.49995351331187327,-4.648668812673451e-05,-0.6611859677631018,-0.662,-0.6624518018173949,0.0008140322368982433
baseline-recovery-32,0.1,84,True,5.9899972505447465,6.0,5.972762157538115,-0.010002749455253479,0.49963108139582835,0.5,0.49963108139582835,-0.000368918604171653,-0.14776979625676342,-0.148,-0.1457510814100941,0.00023020374323656778
baseline-recovery-32,0.1,85,True,6.005787106597384,6.0,6.0044107713281,0.0057871065973840174,0.5002010961890165,0.5,0.5002010961890165,0.00020109618901653636,-0.04379705363840661,-0.044,-0.04486588875096934,0.00020294636159338963
baseline-recovery-32,0.1,86,True,5.996107837746393,6.0,5.996531210680404,-0.003892162253606557,0.4998508712315493,0.5,0.4998508712315493,-0.00014912876845069034,-0.18220542274549528,-0.182,-0.18080849246009975,-0.00020542274549528727
baseline-recovery-32,0.1,87,True,6.005492329462886,6.0,6.007503725057601,0.005492329462885692,0.5002095974548683,0.5,0.5002095974548683,0.00020959745486825998,-0.18252516067430422,-0.182,-0.18236402500874646,-0.0005251606743042203
baseline-recovery-32,0.1,88,True,6.012262365271296,6.0,6.012503825425155,0.01226236527129565,0.5004545296567885,0.5,0.5004545296567885,0.0004545296567884938,-0.3341619432413847,-0.334,-0.33644081500491496,-0.00016194324138468774
baseline-recovery-32,0.1,89,True,6.005682502205724,6.0,6.0087543612858045,0.005682502205724305,0.5001862579894013,0.5,0.5001862579894013,0.0001862579894013061,-0.3449682930446014,-0.345,-0.3466540181056221,3.170695539855828e-05
baseline-recovery-32,0.1,90,True,6.005071770398066,6.0,6.000724498709879,0.005071770398066278,0.5001589949193191,0.5,0.5001589949193191,0.00015899491931914422,0.40236324839369597,0.403,0.4054830701897643,-0.0006367516063040535
baseline-recovery-32,0.1,91,True,8.007336219201795,8.0,8.008572566376742,0.007336219201794947,0.500190306080517,0.5,0.500190306080517,0.0001903060805169554,-0.568206581043039,-0.568,-0.5692278830551825,-0.00020658104303905578
baseline-recovery-32,0.1,92,True,7.01561703591355,7.0,7.023936444878383,0.015617035913550126,0.5005300401084962,0.5,0.5005300401084962,0.0005300401084962214,-0.5889799711651398,-0.589,-0.5895617018304106,2.002883486018625e-05
baseline-recovery-32,0.1,93,True,5.993615680411268,6.0,5.987613313184332,-0.00638431958873209,0.499797495600222,0.5,0.499797495600222,-0.00020250439977798074,0.23257527828482866,0.233,0.23127201137383602,-0.0004247217151713556
baseline-recovery-32,0.1,94,True,5.9905555937281765,6.0,5.987170242901674,-0.009444406271823524,0.49964723870947925,0.5,0.49964723870947925,-0.00035276129052075333,0.5654847581954576,0.565,0.5686070132538812,0.0004847581954576796
baseline-recovery-32,0.1,95,True,7.987146914572366,8.0,7.982645092760355,-0.012853085427633637,0.4996885263046761,0.5,0.4996885263046761,-0.0003114736953239161,-0.6678877569632566,-0.669,-0.6688273000429327,0.0011122430367433989
baseline-recovery-32,0.1,96,True,6.0151686393136625,6.0,6.016689139982468,0.015168639313662524,0.5005582684082135,0.5,0.5005582684082135,0.0005582684082134914,-0.13327719901758822,-0.133,-0.13232295843485603,-0.0002771990175882144
baseline-recovery-32,0.1,97,True,5.990884676865171,6.0,5.99165521658943,-0.009115323134828657,0.4996539651824951,0.5,0.4996539651824951,-0.0003460348175048922,-0.17525419808469564,-0.175,-0.17549618293845598,-0.0002541980846956504
baseline-recovery-32,0.1,98,True,5.997939281588948,6.0,5.99566876548026,-0.0020607184110517096,0.49993104306096775,0.5,0.49993104306096775,-6.895693903224975e-05,-0.0826593856213875,-0.083,-0.08235093272068116,0.00034061437861250543
baseline-recovery-32,0.1,99,True,6.003468438174606,6.0,5.998824258739782,0.003468438174605737,0.5001479479541905,0.5,0.5001479479541905,0.000147947954190486,0.013816469548206443,0.013,0.013160366410934824,0.000816469548206444
baseline-recovery-32,0.1,100,True,6.998800921304019,7.0,6.998600958376667,-0.0011990786959810151,0.49998875001798854,0.5,0.49998875001798854,-1.12499820114631e-05,-0.3098201858341967,-0.31,-0.3097756730420133,0.00017981416580331588
baseline-recovery-32,0.1,101,True,5.993156265907858,6.0,5.9939094928642485,-0.006843734092141673,0.49977789521852073,0.5,0.49977789521852073,-0.00022210478147927093,0.19474426553459873,0.195,0.19545849552938843,-0.00025573446540128053
baseline-recovery-32,0.1,102,True,6.002424236121335,6.0,6.006959010842791,0.0024242361213353547,0.5000921940967682,0.5,0.5000921940967682,9.219409676819446e-05,-0.23056622817487762,-0.23,-0.2292140955772654,-0.0005662281748776143
baseline-recovery-32,0.1,103,True,5.998549870241282,6.0,6.0029582849401955,-0.001450129758717722,0.4999279091468931,0.5,0.4999279091468931,-7.209085310688756e-05,-0.2677211994590216,-0.268,-0.2699583497141641,0.0002788005409783967
baseline-recovery-32,0.1,104,True,6.008198956722098,6.0,6.008732931587156,0.008198956722098139,0.5002720218764631,0.5,0.5002720218764631,0.00027202187646313547,-0.21342274335587436,-0.213,-0.2155867758405309,-0.00042274335587436096
baseline-recovery-32,0.1,105,True,6.000098138338056,6.0,5.994818875267254,9.813833805605299e-05,0.4999902353609677,0.5,0.4999902353609677,-9.764639032294742e-06,-0.19005130875077592,-0.19,-0.18726104671646895,-5.130875077591357e-05
baseline-recovery-32,0.1,106,True,6.998372674990575,7.0,6.996903460904273,-0.0016273250094247516,0.49995629429217886,0.5,0.49995629429217886,-4.370570782114003e-05,-0.5852515295057716,-0.585,-0.586881222097948,-0.0002515295057716749
baseline-recovery-32,0.1,107,True,5.995471283509412,6.0,6.001145309979811,-0.00452871649058828,0.4998259726339218,0.5,0.4998259726339218,-0.0001740273660781888,0.24436445152355307,0.244,0.24478016825506865,0.00036445152355307764
baseline-recovery-32,0.1,108,True,5.98439038354494,6.0,5.987790493143895,-0.015609616455059871,0.4994892052097315,0.5,0.4994892052097315,-0.0005107947902684984,0.5609673913226302,0.561,0.5621041243777077,-3.260867736987194e-05
baseline-recovery-32,0.1,109,True,8.01500245014602,8.0,8.026004451319205,0.015002450146020863,0.5004526753498976,0.5,0.5004526753498976,0.00045267534989756886,-0.664133703807009,-0.664,-0.6659745180725243,-0.00013370380700894469
baseline-recovery-32,0.1,110,True,6.004144794006903,6.0,6.003281412579879,0.004144794006903041,0.5001469545603818,0.5,0.5001469545603818,0.00014695456038182897,-0.2377358579555619,-0.238,-0.23670715807093426,0.0002641420444380871
baseline-recovery-32,0.1,111,True,5.997976786286037,6.0,5.995182603440675,-0.002023213713963301,0.49993388745351414,0.5,0.49993388745351414,-6.611254648586362e-05,0.6722149694807151,0.673,0.6724267887620619,-0.0007850305192849127
baseline-recovery-32,0.1,112,True,8.010627596498018,8.0,8.012577399082113,0.010627596498018477,0.5002832933566547,0.5,0.5002832933566547,0.00028329335665466804,-0.6590993803057683,-0.659,-0.6603168595004146,-9.938030576828183e-05
baseline-recovery-32,0.1,113,True,7.010394402388208,7.0,7.005289029106202,0.01039440238820788,0.5003244793305489,0.5,0.5003244793305489,0.0003244793305489102,-0.8722482899776319,-0.872,-0.8713279782423362,-0.0002482899776319325
baseline-recovery-32,0.1,114,True,7.012484684318634,7.0,7.018354584386127,0.012484684318634365,0.5003199235438461,0.5,0.5003199235438461,0.00031992354384613453,-0.584255535810847,-0.584,-0.5853942266329006,-0.0002555358108470296
baseline-recovery-32,0.1,115,True,6.008627417454928,6.0,5.997715015626946,0.008627417454928121,0.5002768278783307,0.5,0.5002768278783307,0.000276827878330721,0.23291189038342355,0.234,0.23406193623882118,-0.0010881096165764603
baseline-recovery-32,0.1,116,True,6.017411954650055,6.0,6.008832134187373,0.017411954650055073,0.5005551720981614,0.5,0.5005551720981614,0.0005551720981613606,0.5623698204339267,0.562,0.5631319050981306,0.00036982043392663755
baseline-recovery-32,0.1,117,True,7.990756075272472,8.0,7.9904331980201,-0.009243924727527997,0.49977554709735766,0.5,0.49977554709735766,-0.00022445290264233586,-0.6657278793931,-0.666,-0.6669517158129695,0.00027212060690007256
baseline-recovery-32,0.1,118,True,6.005334638785607,6.0,6.006462580275481,0.0053346387856070265,0.5001503967493933,0.5,0.5001503967493933,0.00015039674939332226,-0.21233221881496728,-0.212,-0.21309972466521837,-0.00033221881496728334
baseline-recovery-32,0.1,119,True,5.993928904889749,6.0,5.985342501423952,-0.006071095110250724,0.49979332066764304,0.5,0.49979332066764304,-0.00020667933235696268,-0.19015681872701645,-0.191,-0.1893350129297558,0.0008431812729835508
baseline-recovery-32,0.1,120,True,5.998020219736514,6.0,5.992543018721114,-0.0019797802634862194,0.499982984177757,0.5,0.499982984177757,-1.701582224300502e-05,0.666913429655285,0.667,0.6695603207228061,-8.657034471504232e-05
baseline-recovery-32,0.1,121,True,8.010159438695219,8.0,8.011723960195201,0.010159438695218626,0.5002796066143302,0.5,0.5002796066143302,0.00027960661433024114,-0.6534574582097195,-0.653,-0.6557576816749231,-0.0004574582097194302
baseline-recovery-32,0.1,122,True,7.009281851405799,7.0,7.008389813027951,0.009281851405798847,0.500294947336362,0.5,0.500294947336362,0.0002949473363620392,-0.8775691851515939,-0.877,-0.8784902127418568,-0.0005691851515938762
baseline-recovery-32,0.1,123,True,6.997972911829113,7.0,6.9947926200045725,-0.002027088170886593,0.4999157379951681,0.5,0.4999157379951681,-8.426200483191426e-05,-0.5584506338060371,-0.558,-0.5569613776059918,-0.0004506338060370485
baseline-recovery-32,0.1,124,True,6.017845685696507,6.0,6.01215980803352,0.01784568569650702,0.5005630132460503,0.5,0.5005630132460503,0.0005630132460503479,0.18560386867521378,0.186,0.18545607949300297,-0.0003961313247862197
baseline-recovery-32,0.1,125,True,6.004469873314408,6.0,6.006034664069253,0.004469873314407735,0.5001623219326259,0.5,0.5001623219326259,0.00016232193262588623,0.5732453205147086,0.574,0.5727488201005858,-0.0007546794852913985
baseline-recovery-32,0.1,126,True,8.01274449120858,8.0,8.015268640400919,0.012744491208579234,0.5003784553750563,0.5,0.5003784553750563,0.0003784553750563191,-0.6942065738561511,-0.694,-0.6937005228859254,-0.00020657385615119317
baseline-recovery-32,0.1,127,True,6.0167344582907205,6.0,6.021702526251421,0.01673445829072051,0.5005403937242792,0.5,0.5005403937242792,0.0005403937242791645,0.09530388788367286,0.096,0.09461810640593564,-0.0006961121163271411
baseline-recovery-32,0.1,128,True,16.004392710387684,16.0,16.000664308655946,0.004392710387683962,0.5000388080425875,0.5,0.5000388080425875,3.880804258749038e-05,-0.2852269883375732,-0.285,-0.28450873674972343,-0.00022698833757323067
baseline-recovery-32,0.1,129,True,7.014442358816693,7.0,7.0217102822951345,0.014442358816692646,0.5004428052300839,0.5,0.5004428052300839,0.00044280523008388695,-0.5919780348288955,-0.592,-0.5929465103185655,2.196517110442109e-05
baseline-recovery-32,0.1,130,True,6.000622224456763,6.0,6.013709959809201,0.0006222244567632984,0.4999732884395022,0.5,0.4999732884395022,-2.6711560497827413e-05,0.2662926697815955,0.267,0.26600575544294963,-0.0007073302184045227
baseline-recovery-32,0.1,131,True,6.016231837910044,6.0,6.00708211027553,0.0162318379100439,0.5005038092791733,0.5,0.5005038092791733,0.0005038092791732618,0.5598195552631962,0.56,0.5640574065287154,-0.0001804447368038975
baseline-recovery-32,0.1,132,True,7.989678550691951,8.0,7.989785798623132,-0.010321449308048791,0.49977823653889997,0.5,0.49977823653889997,-0.00022176346110003298,-0.6723739151720354,-0.673,-0.6735849558629424,0.000626084827964668
baseline-recovery-32,0.1,133,True,6.015882178024499,6.0,6.039637250869541,0.01588217802449865,0.5013693949312192,0.5,0.5013693949312192,0.0013693949312192366,-0.3930687397332203,-0.392,-0.3934757855101702,-0.001068739733220303
baseline-recovery-32,0.1,134,True,7.000502838722484,7.0,7.009233820372977,0.0005028387224843556,0.5000700282228768,0.5,0.5000700282228768,7.002822287682786e-05,-0.5883545243444623,-0.588,-0.5919317198668774,-0.00035452434446237024
baseline-recovery-32,0.1,135,True,5.99383904406829,6.0,5.995461164355103,-0.006160955931710177,0.49975283790961283,0.5,0.49975283790961283,-0.0002471620903871652,0.21564254518750964,0.215,0.21588617645631936,0.0006425451875096411
baseline-recovery-32,0.1,136,True,5.984265715538214,6.0,5.974006307911924,-0.01573428446178582,0.4995382860926337,0.5,0.4995382860926337,-0.00046171390736632345,0.5593288494510004,0.56,0.5628948764639914,-0.0006711505489996883
baseline-recovery-32,0.1,137,True,8.015137939020704,8.0,8.020069843091113,0.015137939020704039,0.5004341834737656,0.5,0.5004341834737656,0.0004341834737655592,-0.6610588624100658,-0.661,-0.663251109767684,-5.88624100658075e-05
baseline-recovery-32,0.1,138,True,5.99614290557707,6.0,5.9995032584807975,-0.0038570944229299187,0.4999164970095012,0.5,0.4999164970095012,-8.350299049880716e-05,-0.0042507352948716725,-0.005,-0.006071614521579517,0.0007492647051283276
baseline-recovery-32,0.1,139,True,6.008032233116651,6.0,6.006774516704013,0.008032233116651355,0.5003032834369618,0.5,0.5003032834369618,0.0003032834369618431,-0.36268877128313276,-0.362,-0.36276714379261576,-0.0006887712831327719
baseline-recovery-32,0.1,140,True,5.999528665353513,6.0,5.995601253032555,-0.0004713346464866319,0.4999557103265191,0.5,0.4999557103265191,-4.428967348091284e-05,-0.3603786168497153,-0.36,-0.358897889946587,-0.0003786168497152964
baseline-recovery-32,0.1,141,True,7.015194909205048,7.0,7.018272046906729,0.01519490920504829,0.5006007822854323,0.5,0.5006007822854323,0.0006007822854322553,-0.5897394775961209,-0.59,-0.5901908867557548,0.0002605224038790821
baseline-recovery-32,0.1,142,True,5.991938897909057,6.0,5.98974430652886,-0.00806110209094335,0.4997221676371836,0.5,0.4997221676371836,-0.00027783236281642143,0.2139498108791113,0.214,0.21372062172557654,-5.018912088869398e-05
baseline-recovery-32,0.1,143,True,5.993655396947944,6.0,5.98704185631556,-0.006344603052055753,0.49979041247524086,0.5,0.49979041247524086,-0.0002095875247591361,0.5604077472619573,0.56,0.5637502711576093,0.00040774726195724753
baseline-recovery-32,0.1,144,True,7.999457809199294,8.0,8.006794397188035,-0.000542190800706166,0.4999983350348342,0.5,0.4999983350348342,-1.6649651657929532e-06,-0.6567410222595449,-0.657,-0.6589530623071002,0.0002589777404551352
baseline-recovery-32,0.1,145,True,6.003362862146222,6.0,5.994647027242109,0.0033628621462220565,0.5000840394619976,0.5,0.5000840394619976,8.403946199764256e-05,-0.032142291902901306,-0.032,-0.03161227257636807,-0.00014229190290130506
baseline-recovery-32,0.1,146,True,6.009508781963494,6.0,5.999117496173612,0.00950878196349425,0.500295174266263,0.5,0.500295174266263,0.0002951742662630208,-0.15465460403198295,-0.154,-0.1532547338882723,-0.0006546040319829471
baseline-recovery-32,0.1,147,True,6.004731387564603,6.0,6.0057185417208485,0.004731387564603118,0.5001790750181314,0.5,0.5001790750181314,0.0001790750181314138,-0.3601002537895365,-0.36,-0.3609519286759513,-0.00010025378953648634
baseline-recovery-32,0.1,148,True,6.001001191866548,6.0,5.999340260412137,0.0010011918665480124,0.5000287151673743,0.5,0.5000287151673743,2.8715167374349093e-05,-0.33191134868109307,-0.332,-0.3322178331520786,8.865131890695155e-05
baseline-recovery-32,0.1,149,True,7.006609479328002,7.0,7.007433756250899,0.006609479328002266,0.5001928400951096,0.5,0.5001928400951096,0.0001928400951095588,-0.5934481780657843,-0.593,-0.5952769081351992,-0.0004481780657843437
baseline-recovery-32,0.1,150,True,6.014779649434583,6.0,5.995546479427697,0.01477964943458332,0.5005229157373927,0.5,0.5005229157373927,0.0005229157373927151,0.2411940858621195,0.242,0.2432460659205083,-0.0008059141378805035
baseline-recovery-32,0.1,151,True,6.006384307450121,6.0,5.997629376274536,0.006384307450121085,0.5001676031077169,0.5,0.5001676031077169,0.00016760310771690712,0.5568926096651727,0.557,0.5604917040360347,-0.00010739033482731752
baseline-recovery-32,0.1,152,True,8.001936060167658,8.0,8.00807122427154,0.0019360601676581268,0.5000678395915986,0.5,0.5000678395915986,6.783959159861741e-05,-0.6632105006919667,-0.663,-0.6657517797554254,-0.0002105006919667085
baseline-recovery-32,0.1,153,True,6.001837871669904,6.0,5.987386570795791,0.0018378716699043451,0.5000368074224688,0.5,0.5000368074224688,3.680742246880975e-05,-0.23516719991533844,-0.235,-0.23411215804822955,-0.0001671999153384507
baseline-recovery-32,0.1,154,True,6.000292181100111,6.0,6.00059134438473,0.0002921811001108665,0.5000334934033454,0.5,0.5000334934033454,3.349340334535267e-05,0.04936027229596064,0.049,0.04697938482771444,0.0003602722959606397
baseline-recovery-32,0.1,155,True,5.993522892919491,6.0,5.987659051449161,-0.006477107080509192,0.49978229685285785,0.5,0.49978229685285785,-0.00021770314714214534,-0.3587329259641173,-0.359,-0.35656063271178123,0.000267074035882664
baseline-recovery-32,0.1,156,True,6.002650929292626,6.0,6.0003586241672435,0.002650929292626003,0.5000979389013931,0.5,0.5000979389013931,9.793890139309092e-05,-0.3613242174595218,-0.361,-0.36058368432445376,-0.000324217459521825
baseline-recovery-32,0.1,157,True,6.987447239096223,7.0,6.996201058273997,-0.012552760903776772,0.4994835375664686,0.5,0.4994835375664686,-0.0005164624335313728,-0.5653598279806971,-0.566,-0.5699829482830145,0.000640172019302887
baseline-recovery-32,0.1,158,True,5.985770332053546,6.0,5.982373357474586,-0.014229667946453972,0.4994827772903634,0.5,0.4994827772903634,-0.0005172227096366111,0.10836163173105706,0.108,0.11060695156319074,0.00036163173105706325
baseline-recovery-32,0.1,159,True,6.004794575280606,6.0,5.998341404939745,0.004794575280605784,0.5001718585302487,0.5,0.5001718585302487,0.000171858530248703,0.581657107288901,0.581,0.5847055253695432,0.0006571072889010043
baseline-recovery-32,0.1,160,True,8.00728848288204,8.0,8.011051800146623,0.0072884828820392045,0.5001994088739062,0.5,0.5001994088739062,0.00019940887390623718,-0.6690887369469796,-0.668,-0.6714351743384452,-0.0010887369469795294
baseline-recovery-32,0.1,161,True,6.987815320611402,7.0,6.990497932286499,-0.01218467938859824,0.49958218910051355,0.5,0.49958218910051355,-0.00041781089948644823,-0.3100893529731491,-0.31,-0.31128901902298384,-8.935297314910384e-05
baseline-recovery-32,0.1,162,True,5.986303561944624,6.0,5.980240302018955,-0.013696438055376348,0.4995170826585381,0.5,0.4995170826585381,-0.0004829173414618859,0.17056231268394528,0.17,0.1699827601219988,0.0005623126839452708
baseline-recovery-32,0.1,163,True,6.000773429353419,6.0,5.99448381366889,0.000773429353419175,0.5000673143776792,0.5,0.5000673143776792,6.731437767915072e-05,0.5676287605573658,0.567,0.5715716049232501,0.0006287605573658261
baseline-recovery-32,0.1,164,True,7.997799023066907,8.0,8.005472648786034,-0.0022009769330928464,0.4999679521651073,0.5,0.4999679521651073,-3.204783489269003e-05,-0.6701575368232492,-0.67,-0.6731298960660419,-0.0001575368232491492
baseline-recovery-32,0.1,165,True,6.006333473452091,6.0,6.005230090789933,0.0063334734520905656,0.5002456488400392,0.5,0.5002456488400392,0.0002456488400391921,-0.196023897427757,-0.196,-0.19649378087847844,-2.389742775699144e-05
baseline-recovery-32,0.1,166,True,5.9970169498722985,6.0,5.991614479422774,-0.002983050127701503,0.49987511183474576,0.5,0.49987511183474576,-0.0001248881652542444,-0.1653103024619591,-0.165,-0.16289469341069662,-0.0003103024619590944
baseline-recovery-32,0.1,167,True,6.011632345709801,6.0,6.014099216907237,0.011632345709800873,0.5004124464480426,0.5,0.5004124464480426,0.00041244644804261377,0.02085662627448584,0.021,0.019066763165324574,-0.00014337372551416136
baseline-recovery-32,0.1,168,True,7.9968406363744435,8.0,7.995048779932747,-0.003159363625556466,0.4999260692129296,0.5,0.4999260692129296,-7.393078707040868e-05,-0.0002971794929971217,0.0,-0.0011484778476256571,-0.0002971794929971217
baseline-recovery-32,0.5,1,False,6.992342813776443,7.0,7.014983454261828,-0.0076571862235566,0.5006700895866601,0.5,0.5006700895866601,0.0006700895866601497,-0.5922220748535216,-0.592,-0.5930831725930814,-0.0002220748535216588
baseline-recovery-32,0.5,2,False,5.994586077291203,6.0,5.9911146565021225,-0.0054139227087972586,0.49973866680794166,0.5,0.49973866680794166,-0.00026133319205834393,0.24401247116062483,0.244,0.24515494342880295,1.2471160624832889e-05
baseline-recovery-32,0.5,3,False,5.986741674952345,6.0,6.018750736346137,-0.013258325047655006,0.5010547590387352,0.5,0.5010547590387352,0.001054759038735198,0.558940133927313,0.559,0.5615401618309154,-5.986607268704258e-05
baseline-recovery-32,0.5,4,False,7.99465553735765,8.0,8.000017983317747,-0.005344462642350223,0.4998623423840209,0.5,0.4998623423840209,-0.0001376576159791143,-0.6647396398598868,-0.665,-0.6675525948377169,0.00026036014011321384
baseline-recovery-32,0.5,5,False,5.999859872127172,6.0,6.020044223588184,-0.00014012787282791095,0.5004618081522624,0.5,0.5004618081522624,0.00046180815226237737,-0.27414449071542857,-0.274,-0.27592169482640605,-0.00014449071542854686
baseline-recovery-32,0.5,6,False,6.005509876509284,6.0,6.014140818106266,0.0055098765092838065,0.5002793496992273,0.5,0.5002793496992273,0.0002793496992272715,0.07271253452267454,0.073,0.07241739042966526,-0.0002874654773254576
baseline-recovery-32,0.5,7,False,16.00484081956593,16.0,16.004920537409042,0.004840819565931298,0.5000584211641425,0.5,0.5000584211641425,5.8421164142452575e-05,-0.14121661447200784,-0.141,-0.1410880220852972,-0.00021661447200785333
baseline-recovery-32,0.5,8,False,6.003402613988178,6.0,6.00324317981215,0.0034026139881779827,0.5001007016307941,0.5,0.5001007016307941,0.00010070163079411998,-0.07015248165372391,-0.07,-0.07018134995555728,-0.00015248165372390432
baseline-recovery-32,0.5,9,False,6.995151490242357,7.0,7.0163979412176385,-0.004848509757643171,0.5004557912719491,0.5,0.5004557912719491,0.00045579127194905755,-0.5892211933796664,-0.589,-0.5917472431261869,-0.00022119337966641783
baseline-recovery-32,0.5,10,False,5.997828086505756,6.0,5.991432004078723,-0.002171913494244393,0.49971507655631664,0.5,0.49971507655631664,-0.0002849234436833603,0.23519438394299028,0.235,0.23614193964111108,0.00019438394299028938
baseline-recovery-32,0.5,11,False,6.0047946448155685,6.0,6.007855572415117,0.004794644815568461,0.5001919524017013,0.5,0.5001919524017013,0.0001919524017013341,0.5587619932104124,0.559,0.5600298444661562,-0.00023800678958763033
baseline-recovery-32,0.5,12,False,8.002260667309375,8.0,8.002095805827139,0.0022606673093754637,0.5000695910924838,0.5,0.5000695910924838,6.959109248383388e-05,-0.6560852990461835,-0.656,-0.6565552178636033,-8.52990461834846e-05
baseline-recovery-32,0.5,13,False,5.996555989668713,6.0,5.992402145543509,-0.0034440103312869397,0.49973767969807315,0.5,0.49973767969807315,-0.00026232030192685496,-0.1556600048344726,-0.156,-0.1558177907235096,0.00033999516552740694
baseline-recovery-32,0.5,14,False,6.003005861487594,6.0,6.008579772181128,0.003005861487594075,0.5003433251834623,0.5,0.5003433251834623,0.0003433251834622508,0.006737561420572855,0.007,0.006249303535987528,-0.0002624385794271454
baseline-recovery-32,0.5,15,False,6.003787555483554,6.0,6.004883154460864,0.00378755548355425,0.5002282548410959,0.5,0.5002282548410959,0.00022825484109589844,-0.2041863124159371,-0.204,-0.20415580891952737,-0.00018631241593711212
baseline-recovery-32,0.5,16,False,6.002713044865861,6.0,6.006806121791227,0.002713044865861214,0.5003124298826342,0.5,0.5003124298826342,0.0003124298826342464,-0.20520941630466016,-0.205,-0.20483740713516602,-0.00020941630466017602
baseline-recovery-32,0.5,17,False,6.003260663202682,6.0,6.003412188510764,0.003260663202682146,0.5001161001708639,0.5,0.5001161001708639,0.00011610017086394198,-0.1771896953989152,-0.177,-0.17748371439361021,-0.00018969539891519616
baseline-recovery-32,0.5,18,False,6.000985333854476,6.0,6.003161455030835,0.000985333854475634,0.5000337406215977,0.5,0.5000337406215977,3.3740621597666554e-05,-0.1790232380243455,-0.179,-0.17961841650639468,-2.323802434550659e-05
baseline-recovery-32,0.5,19,False,6.003478240335858,6.0,6.005784928528115,0.003478240335858196,0.5001486479475465,0.5,0.5001486479475465,0.00014864794754654298,-0.18211506902245675,-0.182,-0.1817884143057506,-0.0001150690224567541
baseline-recovery-32,0.5,20,False,6.996810959711285,7.0,7.002774916227775,-0.0031890402887153613,0.5004411766584764,0.5,0.5004411766584764,0.0004411766584764276,-0.5903299817440476,-0.59,-0.5922422527389682,-0.00032998174404763603
baseline-recovery-32,0.5,21,False,6.004770064193375,6.0,6.00191231796303,0.004770064193374779,0.5002906388560376,0.5,0.5002906388560376,0.0002906388560376394,0.2400577417368938,0.24,0.23952245717827536,5.7741736893796025e-05
baseline-recovery-32,0.5,22,False,5.995692128147223,6.0,5.984882335206393,-0.004307871852777367,0.4998714711910159,0.5,0.4998714711910159,-0.00012852880898411856,0.5577746267234205,0.558,0.5630536485580206,-0.00022537327657956574
baseline-recovery-32,0.5,23,False,8.000672197010655,8.0,7.991642011169964,0.0006721970106546848,0.49976480172366944,0.5,0.49976480172366944,-0.00023519827633056156,-0.6576401982755122,-0.658,-0.6592100372404873,0.000359801724487796
baseline-recovery-32,0.5,24,False,5.99754686741001,6.0,6.00271250119292,-0.0024531325899896927,0.4997446284199284,0.5,0.4997446284199284,-0.0002553715800716061,-0.2149236895824939,-0.215,-0.21637781486550667,7.631041750610912e-05
baseline-recovery-32,0.5,25,False,5.998746225784026,6.0,5.996403339237467,-0.0012537742159741683,0.4999592661253823,0.5,0.4999592661253823,-4.0733874617726595e-05,-0.1899335814883115,-0.19,-0.18844604434511802,6.641851168850965e-05
baseline-recovery-32,0.5,26,False,6.001663305132939,6.0,5.998177579791406,0.001663305132939108,0.5000659013079534,0.5,0.5000659013079534,6.590130795336435e-05,0.11605655939172922,0.116,0.11655186642593443,5.65593917292162e-05
baseline-recovery-32,0.5,27,False,6.999012903351573,7.0,6.998492121508055,-0.0009870966484273325,0.4997391052449655,0.5,0.4997391052449655,-0.0002608947550344909,-0.6040858437753044,-0.604,-0.6067719196971818,-8.584377530440612e-05
baseline-recovery-32,0.5,28,False,5.998544326935295,6.0,5.994366702985237,-0.0014556730647052873,0.49995962767229685,0.5,0.49995962767229685,-4.037232770315313e-05,0.9014204220416867,0.901,0.9060425462350856,0.0004204220416866855
baseline-recovery-32,0.5,29,False,6.999164885166503,7.0,6.999038443909977,-0.0008351148334968528,0.49997316485383286,0.5,0.49997316485383286,-2.683514616713678e-05,-0.9081360220419109,-0.908,-0.9100635519892915,-0.00013602204191087708
baseline-recovery-32,0.5,30,False,6.997342195282175,7.0,6.997063842524171,-0.002657804717824952,0.4999150005696409,0.5,0.4999150005696409,-8.499943035911173e-05,-0.9059588954626178,-0.906,-0.9077286175964042,4.110453738226383e-05
baseline-recovery-32,0.5,31,False,7.004134746085485,7.0,7.013788901917958,0.004134746085484586,0.5002288991338764,0.5,0.5002288991338764,0.00022889913387635907,-0.5839149215396379,-0.584,-0.5854998521936147,8.507846036209799e-05
baseline-recovery-32,0.5,32,False,6.008369740488227,6.0,5.985189736071992,0.00836974048822725,0.4992870892219265,0.5,0.4992870892219265,-0.0007129107780735056,0.23486770557754746,0.235,0.2318174104420011,-0.00013229442245252243
baseline-recovery-32,0.5,33,False,5.998719880206271,6.0,6.008586090475966,-0.0012801197937291064,0.5005167741868787,0.5,0.5005167741868787,0.0005167741868786768,0.5631331476142237,0.563,0.5679125802068912,0.00013314761422378307
baseline-recovery-32,0.5,34,False,7.99834418770398,8.0,8.000080903214881,-0.001655812296020187,0.4999696088949967,0.5,0.4999696088949967,-3.0391105003302332e-05,-0.6630218337755565,-0.663,-0.6656972135357357,-2.1833775556423518e-05
baseline-recovery-32,0.5,35,False,6.000206670117038,6.0,6.006368055047794,0.00020667011703778826,0.4999896128157688,0.5,0.4999896128157688,-1.0387184231186453e-05,-0.153019296473673,-0.153,-0.15139938399208347,-1.92964736729917e-05
baseline-recovery-32,0.5,36,False,6.001832491122832,6.0,6.00249832562085,0.00183249112283157,0.500069499101267,0.5,0.500069499101267,6.949910126696768e-05,0.022106900899149795,0.022,0.020920799160572483,0.00010690089914979634
baseline-recovery-32,0.5,37,False,7.000600532180229,7.0,6.998678845834407,0.0006005321802291519,0.5000251127893708,0.5,0.5000251127893708,2.511278937078476e-05,-0.29608380034350784,-0.296,-0.2957493317525387,-8.380034350785603e-05
baseline-recovery-32,0.5,38,False,5.998975595448055,6.0,5.997468598972132,-0.0010244045519449685,0.499955171585956,0.5,0.499955171585956,-4.482841404401805e-05,-0.182082923157111,-0.182,-0.18107762754561377,-8.29231571110034e-05
baseline-recovery-32,0.5,39,False,6.00312667544185,6.0,6.003989059280588,0.0031266754418499687,0.5001115376491027,0.5,0.5001115376491027,0.0001115376491026554,-0.012227041458866187,-0.012,-0.012250264344253203,-0.0002270414588661871
baseline-recovery-32,0.5,40,False,7.0001299984133,7.0,6.999599753182412,0.00012999841329985884,0.500005594413528,0.5,0.500005594413528,5.594413527987285e-06,-0.22488825854549963,-0.225,-0.22528436443186148,0.00011174145450038031
baseline-recovery-32,0.5,41,False,6.999653226977529,7.0,6.992896966140891,-0.000346773022471325,0.4999813341696994,0.5,0.4999813341696994,-1.8665830300579334e-05,-0.5681291447225487,-0.568,-0.5679172244242265,-0.00012914472254876852
baseline-recovery-32,0.5,42,False,6.00515563267527,6.0,5.991757172561072,0.00515563267526975,0.49949007893264197,0.5,0.49949007893264197,-0.0005099210673580323,0.24606851435685706,0.246,0.24512843659110076,6.851435685706342e-05
baseline-recovery-32,0.5,43,False,5.986752870064723,6.0,6.030518334488591,-0.013247129935277435,0.5007992213926448,0.5,0.5007992213926448,0.0007992213926447667,0.5698747917677737,0.57,0.5694550901872373,-0.00012520823222628152
baseline-recovery-32,0.5,44,False,7.998697151624516,8.0,7.9871873193548035,-0.0013028483754835563,0.4997398428909509,0.5,0.4997398428909509,-0.0002601571090490862,-0.6727096173385831,-0.673,-0.6721577137225888,0.00029038266141689917
baseline-recovery-32,0.5,45,False,5.9970590913194775,6.0,6.018693022029373,-0.002940908680522547,0.5005321116574888,0.5,0.5005321116574888,0.0005321116574887874,-0.2759576635720313,-0.276,-0.2775420475299178,4.23364279687477e-05
baseline-recovery-32,0.5,46,False,5.998555490933727,6.0,5.992027849235413,-0.0014445090662729143,0.49996901561105567,0.5,0.49996901561105567,-3.0984388944332864e-05,0.7037380471724339,0.704,0.7068762915044675,-0.00026195282756602545
baseline-recovery-32,0.5,47,False,8.003693095544621,8.0,8.005414217505015,0.003693095544621272,0.500102422087184,0.5,0.500102422087184,0.00010242208718402868,-0.771042802405739,-0.771,-0.7723107514062733,-4.280240573895089e-05
baseline-recovery-32,0.5,48,False,8.004146619288191,8.0,8.007099730782347,0.004146619288190934,0.5001078826305538,0.5,0.5001078826305538,0.00010788263055383496,-0.7611085833422354,-0.761,-0.7629379743067479,-0.00010858334223540211
baseline-recovery-32,0.5,49,False,6.9907065341097985,7.0,7.016536503185892,-0.009293465890201524,0.500516721194262,0.5,0.500516721194262,0.0005167211942620487,-0.5752372921186194,-0.575,-0.5774173113693662,-0.00023729211861944766
baseline-recovery-32,0.5,50,False,5.972011815260399,6.0,6.004810952766757,-0.027988184739601074,0.5011526652458695,0.5,0.5011526652458695,0.001152665245869544,0.23379909679379673,0.234,0.23480184592470812,-0.00020090320620327895
baseline-recovery-32,0.5,51,False,5.994422097720792,6.0,6.012019861747436,-0.005577902279208402,0.5006394286191839,0.5,0.5006394286191839,0.0006394286191838683,0.5676787620923339,0.568,0.5683237931876616,-0.00032123790766602767
baseline-recovery-32,0.5,52,False,7.999209884495252,8.0,8.004841775313915,-0.0007901155047482789,0.4999848758223664,0.5,0.4999848758223664,-1.5124177633607516e-05,-0.6808663263807705,-0.681,-0.6827209183729399,0.00013367361922955734
baseline-recovery-32,0.5,53,False,5.999812860174337,6.0,5.98748060980282,-0.00018713982566342935,0.49963643534347596,0.5,0.49963643534347596,-0.00036356465652404024,-0.206762811385982,-0.207,-0.20632846864072887,0.0002371886140180024
baseline-recovery-32,0.5,54,False,6.001511650670675,6.0,6.002968046998276,0.0015116506706753796,0.5003814867211309,0.5,0.5003814867211309,0.0003814867211309192,-0.22305869307249768,-0.223,-0.22331349719321195,-5.869307249767308e-05
baseline-recovery-32,0.5,55,False,6.003611218242983,6.0,5.995312551793153,0.0036112182429830497,0.5001400614896797,0.5,0.5001400614896797,0.00014006148967971033,0.6926193584142274,0.693,0.6964611587524041,-0.00038064158577255647
baseline-recovery-32,0.5,56,False,7.99825276223228,8.0,8.021515013834799,-0.0017472377677201223,0.5003821543492291,0.5,0.5003821543492291,0.000382154349229058,-0.7721424278649861,-0.772,-0.7757313681648133,-0.00014242786498608329
baseline-recovery-32,0.5,57,False,8.00314456568488,8.0,8.008649879482661,0.003144565684879197,0.5002513360986944,0.5,0.5002513360986944,0.0002513360986944324,-0.7641981305592966,-0.764,-0.7655653368607681,-0.0001981305592966276
baseline-recovery-32,0.5,58,False,6.9932060415975785,7.0,7.010747925175157,-0.006793958402421474,0.5005723880448939,0.5,0.5005723880448939,0.0005723880448939012,-0.5851273482988949,-0.585,-0.5864640998095901,-0.00012734829889493593
baseline-recovery-32,0.5,59,False,6.003219658583164,6.0,5.976232362658664,0.0032196585831636426,0.49942860076500273,0.5,0.49942860076500273,-0.0005713992349972719,0.23802353908532503,0.238,0.2396257808614787,2.3539085325041675e-05
baseline-recovery-32,0.5,60,False,6.005145841004189,6.0,5.992212844943621,0.005145841004188689,0.5001836221780911,0.5,0.5001836221780911,0.00018362217809109183,0.5611287777491032,0.561,0.5678488806968227,0.00012877774910313722
baseline-recovery-32,0.5,61,False,7.996545299452135,8.0,7.991541481739651,-0.0034547005478646753,0.4998216913437706,0.5,0.4998216913437706,-0.00017830865622942005,-0.6519260582646345,-0.652,-0.6542623404669277,7.394173536556803e-05
baseline-recovery-32,0.5,62,False,5.997409687380692,6.0,5.999342195189105,-0.0025903126193078663,0.4998901806167948,0.5,0.4998901806167948,-0.0001098193832052008,-0.21380216660098128,-0.214,-0.2145478553313474,0.00019783339901871533
baseline-recovery-32,0.5,63,False,6.002101663352727,6.0,6.0003127306980915,0.002101663352727101,0.5000738601724688,0.5,0.5000738601724688,7.386017246879817e-05,-0.16407258715127412,-0.164,-0.16378065649362564,-7.258715127411719e-05
baseline-recovery-32,0.5,64,False,6.0012174856586205,6.0,5.995801291123798,0.001217485658620454,0.5000308124016397,0.5,0.5000308124016397,3.081240163971266e-05,-0.19117566511863057,-0.191,-0.19013598142596144,-0.0001756651186305691
baseline-recovery-32,0.5,65,False,6.0017056726755,6.0,6.00130195020399,0.0017056726754995921,0.5000536378954318,0.5,0.5000536378954318,5.363789543177955e-05,0.03693817895787217,0.037,0.03626190392370991,-6.182104212782563e-05
baseline-recovery-32,0.5,66,False,6.997317762141345,7.0,6.996390034671592,-0.0026822378586546236,0.4999242061137357,0.5,0.4999242061137357,-7.579388626427486e-05,-0.39780127547312766,-0.398,-0.39739870950203576,0.00019872452687236253
baseline-recovery-32,0.5,67,False,6.998309377646827,7.0,7.0089032024844125,-0.00169062235317341,0.5002845467025949,0.5,0.5002845467025949,0.0002845467025949233,-0.5793237589529068,-0.579,-0.5858332168200465,-0.00032375895290681633
baseline-recovery-32,0.5,68,False,5.938861566057636,6.0,6.034788205188054,-0.0611384339423644,0.5017681692610283,0.5,0.5017681692610283,0.0017681692610282962,0.19272098507273835,0.193,0.19435457244851695,-0.00027901492726165045
baseline-recovery-32,0.5,69,False,6.002551348899611,6.0,6.00088592364758,0.00255134889961095,0.5000654024891179,0.5,0.5000654024891179,6.540248911790503e-05,0.5669497366169377,0.567,0.5678155334219191,-5.026338306224343e-05
baseline-recovery-32,0.5,70,False,7.998013895918128,8.0,7.9992098375974825,-0.001986104081871609,0.49979471491954053,0.5,0.49979471491954053,-0.00020528508045947191,-0.6708192143313143,-0.671,-0.6735075215648272,0.00018078566868573454
baseline-recovery-32,0.5,71,False,6.0028666933563155,6.0,6.007434522334468,0.0028666933563155084,0.5003371008091404,0.5,0.5003371008091404,0.0003371008091404004,0.0787607480051538,0.079,0.07723717842675784,-0.0002392519948462013
baseline-recovery-32,0.5,72,False,7.9960575206654685,8.0,7.991388832941861,-0.003942479334531512,0.49989911665487097,0.5,0.49989911665487097,-0.00010088334512903252,-0.48871137715534935,-0.489,-0.48717887418715294,0.00028862284465064336
baseline-recovery-32,0.5,73,False,6.9844466144788,7.0,7.015820619636724,-0.015553385521199559,0.5006095605634872,0.5,0.5006095605634872,0.0006095605634871548,-0.573159003504191,-0.573,-0.5736826920221674,-0.00015900350419106868
baseline-recovery-32,0.5,74,False,5.998718102313481,6.0,6.0220353190507865,-0.0012818976865194287,0.5004077963046928,0.5,0.5004077963046928,0.0004077963046927868,0.16889031178328298,0.169,0.16599554560722557,-0.00010968821671702988
baseline-recovery-32,0.5,75,False,5.997234560831391,6.0,5.992719015481442,-0.002765439168609163,0.49974213912871934,0.5,0.49974213912871934,-0.0002578608712806574,0.565104176863707,0.565,0.5688212544708318,0.00010417686370700618
baseline-recovery-32,0.5,76,False,7.996807632147943,8.0,7.999250515565188,-0.0031923678520566767,0.4998701605046866,0.5,0.4998701605046866,-0.00012983949531342187,-0.6588181977218219,-0.659,-0.6604397296914463,0.00018180227817810035
baseline-recovery-32,0.5,77,False,6.000843361892159,6.0,6.011142386093262,0.0008433618921586117,0.5003421912951069,0.5,0.5003421912951069,0.0003421912951069306,0.23184268231935806,0.232,0.23258842366045235,-0.00015731768064194962
baseline-recovery-32,0.5,78,False,8.002534177978674,8.0,7.99356959565151,0.002534177978674279,0.49968769753037195,0.5,0.49968769753037195,-0.0003123024696280452,-0.49386024225353453,-0.494,-0.4944321843169884,0.00013975774646546313
baseline-recovery-32,0.5,79,False,6.002141106411795,6.0,6.005775070260278,0.0021411064117948797,0.500240099944282,0.5,0.500240099944282,0.00024009994428197956,-0.4131931503751042,-0.413,-0.41318354302408694,-0.00019315037510420074
baseline-recovery-32,0.5,80,False,7.0005100777676885,7.0,7.014143044345792,0.0005100777676885215,0.5000083497736393,0.5,0.5000083497736393,8.349773639282354e-06,-0.5860416276611498,-0.586,-0.5882610476631563,-4.162766114979011e-05
baseline-recovery-32,0.5,81,False,6.003770909010963,6.0,5.998219345085574,0.003770909010962775,0.5001152248049201,0.5,0.5001152248049201,0.0001152248049200999,0.23495842632565403,0.235,0.2349289085529702,-4.157367434595716e-05
baseline-recovery-32,0.5,82,False,6.001213538971637,6.0,5.973346351229284,0.001213538971637007,0.4994627779204036,0.5,0.4994627779204036,-0.0005372220795963889,0.5608876808176632,0.561,0.5631325598010224,-0.0001123191823368952
baseline-recovery-32,0.5,83,False,7.9984345997284425,8.0,8.000065626907144,-0.0015654002715574933,0.49995351331187327,0.5,0.49995351331187327,-4.648668812673451e-05,-0.6617182173558358,-0.662,-0.6624518018173949,0.00028178264416423016
baseline-recovery-32,0.5,84,False,5.999076070938023,6.0,5.972762157538115,-0.0009239290619769136,0.49963108139582835,0.5,0.49963108139582835,-0.000368918604171653,-0.1479757300263963,-0.148,-0.1457510814100941,2.4269973603691097e-05
baseline-recovery-32,0.5,85,False,6.004725781300723,6.0,6.0044107713281,0.00472578130072332,0.5002010961890165,0.5,0.5002010961890165,0.00020109618901653636,-0.04383474763798677,-0.044,-0.04486588875096934,0.00016525236201322957
baseline-recovery-32,0.5,86,False,5.996003878704569,6.0,5.996531210680404,-0.003996121295431365,0.4998508712315493,0.5,0.4998508712315493,-0.00014912876845069034,-0.18204802587199523,-0.182,-0.18080849246009975,-4.8025871995233116e-05
baseline-recovery-32,0.5,87,False,6.0018528284898105,6.0,6.007503725057601,0.0018528284898104985,0.5002095974548683,0.5,0.5002095974548683,0.00020959745486825998,-0.18236008591486058,-0.182,-0.18236402500874646,-0.00036008591486058616
baseline-recovery-32,0.5,88,False,6.002082551264599,6.0,6.012503825425155,0.0020825512645989974,0.5004545296567885,0.5,0.5004545296567885,0.0004545296567884938,-0.33399080493818545,-0.334,-0.33644081500491496,9.19506181457086e-06
baseline-recovery-32,0.5,89,False,6.004222108604484,6.0,6.0087543612858045,0.004222108604484021,0.5001862579894013,0.5,0.5001862579894013,0.0001862579894013061,-0.3449614044128309,-0.345,-0.3466540181056221,3.859558716906575e-05
baseline-recovery-32,0.5,90,False,6.00391286924321,6.0,6.000724498709879,0.003912869243210437,0.5001589949193191,0.5,0.5001589949193191,0.00015899491931914422,0.40248325972927185,0.403,0.4054830701897643,-0.0005167402707281776
baseline-recovery-32,0.5,91,False,8.003968723574111,8.0,8.008572566376742,0.003968723574111266,0.500190306080517,0.5,0.500190306080517,0.0001903060805169554,-0.568098921812966,-0.568,-0.5692278830551825,-9.892181296600189e-05
baseline-recovery-32,0.5,92,False,6.9880072710513055,7.0,7.023936444878383,-0.01199272894869452,0.5005300401084962,0.5,0.5005300401084962,0.0005300401084962214,-0.5889633996053042,-0.589,-0.5895617018304106,3.660039469577381e-05
baseline-recovery-32,0.5,93,False,5.994733975599189,6.0,5.987613313184332,-0.00526602440081092,0.499797495600222,0.5,0.499797495600222,-0.00020250439977798074,0.2329512108279998,0.233,0.23127201137383602,-4.8789172000213155e-05
baseline-recovery-32,0.5,94,False,5.998033398962313,6.0,5.987170242901674,-0.001966601037686644,0.49964723870947925,0.5,0.49964723870947925,-0.00035276129052075333,0.5652082682193743,0.565,0.5686070132538812,0.00020826821937436346
baseline-recovery-32,0.5,95,False,7.998111217953389,8.0,7.982645092760355,-0.001888782046610693,0.4996885263046761,0.5,0.4996885263046761,-0.0003114736953239161,-0.6685601119249918,-0.669,-0.6688273000429327,0.00043988807500827676
baseline-recovery-32,0.5,96,False,5.996254800288515,6.0,6.016689139982468,-0.0037451997114850144,0.5005582684082135,0.5,0.5005582684082135,0.0005582684082134914,-0.13302379258785477,-0.133,-0.13232295843485603,-2.3792587854759573e-05
baseline-recovery-32,0.5,97,False,5.998647776009328,6.0,5.99165521658943,-0.0013522239906720301,0.4996539651824951,0.5,0.4996539651824951,-0.0003460348175048922,-0.17507118702640137,-0.175,-0.17549618293845598,-7.118702640138141e-05
baseline-recovery-32,0.5,98,False,5.998328395061282,6.0,5.99566876548026,-0.0016716049387177634,0.49993104306096775,0.5,0.49993104306096775,-6.895693903224975e-05,-0.0828839241903124,-0.083,-0.08235093272068116,0.0001160758096876019
baseline-recovery-32,0.5,99,False,6.003641359706007,6.0,5.998824258739782,0.003641359706007208,0.5001479479541905,0.5,0.5001479479541905,0.000147947954190486,0.013267822653828086,0.013,0.013160366410934824,0.0002678226538280863
baseline-recovery-32,0.5,100,False,6.99950561513576,7.0,6.998600958376667,-0.0004943848642398052,0.49998875001798854,0.5,0.49998875001798854,-1.12499820114631e-05,-0.30988100944159613,-0.31,-0.3097756730420133,0.00011899055840386419
baseline-recovery-32,0.5,101,False,5.99655987453385,6.0,5.9939094928642485,-0.0034401254661498015,0.49977789521852073,0.5,0.49977789521852073,-0.00022210478147927093,0.19490158952066053,0.195,0.19545849552938843,-9.8410479339478e-05
baseline-recovery-32,0.5,102,False,6.002457678870984,6.0,6.006959010842791,0.002457678870984026,0.5000921940967682,0.5,0.5000921940967682,9.219409676819446e-05,-0.230397342894215,-0.23,-0.2292140955772654,-0.0003973428942150026
baseline-recovery-32,0.5,103,False,5.998343994663505,6.0,6.0029582849401955,-0.0016560053364953475,0.4999279091468931,0.5,0.4999279091468931,-7.209085310688756e-05,-0.26776036351534327,-0.268,-0.2699583497141641,0.0002396364846567467
baseline-recovery-32,0.5,104,False,6.0027996000648205,6.0,6.008732931587156,0.0027996000648204955,0.5002720218764631,0.5,0.5002720218764631,0.00027202187646313547,-0.21312767975797833,-0.213,-0.2155867758405309,-0.00012767975797833842
baseline-recovery-32,0.5,105,False,5.999855987109743,6.0,5.994818875267254,-0.00014401289025656183,0.4999902353609677,0.5,0.4999902353609677,-9.764639032294742e-06,-0.19007977478800023,-0.19,-0.18726104671646895,-7.97747880002253e-05
baseline-recovery-32,0.5,106,False,6.99875086215809,7.0,6.996903460904273,-0.001249137841909942,0.49995629429217886,0.5,0.49995629429217886,-4.370570782114003e-05,-0.585018004627744,-0.585,-0.586881222097948,-1.8004627744039325e-05
baseline-recovery-32,0.5,107,False,5.996712581961409,6.0,6.001145309979811,-0.0032874180385906726,0.4998259726339218,0.5,0.4998259726339218,-0.0001740273660781888,0.24413463492194862,0.244,0.24478016825506865,0.00013463492194862314
baseline-recovery-32,0.5,108,False,6.001243552017112,6.0,5.987790493143895,0.001243552017111682,0.4994892052097315,0.5,0.4994892052097315,-0.0005107947902684984,0.5610382464113599,0.561,0.5621041243777077,3.8246411359854626e-05
baseline-recovery-32,0.5,109,False,7.99076239173909,8.0,8.026004451319205,-0.009237608260909802,0.5004526753498976,0.5,0.5004526753498976,0.00045267534989756886,-0.6640721716472403,-0.664,-0.6659745180725243,-7.217164724027114e-05
baseline-recovery-32,0.5,110,False,6.003939995219398,6.0,6.003281412579879,0.003939995219398362,0.5001469545603818,0.5,0.5001469545603818,0.00014695456038182897,-0.23799306444788113,-0.238,-0.23670715807093426,6.935552118864097e-06
baseline-recovery-32,0.5,111,False,5.997315144283321,6.0,5.995182603440675,-0.002684855716679202,0.49993388745351414,0.5,0.49993388745351414,-6.611254648586362e-05,0.6727451162739182,0.673,0.6724267887620619,-0.00025488372608184484
baseline-recovery-32,0.5,112,False,8.001240823722464,8.0,8.012577399082113,0.001240823722463702,0.5002832933566547,0.5,0.5002832933566547,0.00028329335665466804,-0.6590744382005956,-0.659,-0.6603168595004146,-7.443820059560569e-05
baseline-recovery-32,0.5,113,False,7.000574295071739,7.0,7.005289029106202,0.000574295071738895,0.5003244793305489,0.5,0.5003244793305489,0.0003244793305489102,-0.8720636423819366,-0.872,-0.8713279782423362,-6.364238193656835e-05
baseline-recovery-32,0.5,114,False,7.000450474309582,7.0,7.018354584386127,0.0004504743095816721,0.5003199235438461,0.5,0.5003199235438461,0.00031992354384613453,-0.5841172101372938,-0.584,-0.5853942266329006,-0.00011721013729382168
baseline-recovery-32,0.5,115,False,5.999467968416186,6.0,5.997715015626946,-0.0005320315838144296,0.5002768278783307,0.5,0.5002768278783307,0.000276827878330721,0.23364774042409897,0.234,0.23406193623882118,-0.00035225957590104273
baseline-recovery-32,0.5,116,False,6.000876744081054,6.0,6.008832134187373,0.0008767440810544258,0.5005551720981614,0.5,0.5005551720981614,0.0005551720981613606,0.5621944831420561,0.562,0.5631319050981306,0.00019448314205605666
baseline-recovery-32,0.5,117,False,7.997181831109918,8.0,7.9904331980201,-0.002818168890081907,0.49977554709735766,0.5,0.49977554709735766,-0.00022445290264233586,-0.6659114753956389,-0.666,-0.6669517158129695,8.852460436115095e-05
baseline-recovery-32,0.5,118,False,6.003897989827791,6.0,6.006462580275481,0.00389798982779066,0.5001503967493933,0.5,0.5001503967493933,0.00015039674939332226,-0.21217959226566435,-0.212,-0.21309972466521837,-0.00017959226566435782
baseline-recovery-32,0.5,119,False,5.997515884011669,6.0,5.985342501423952,-0.0024841159883308706,0.49979332066764304,0.5,0.49979332066764304,-0.00020667933235696268,-0.19069898723953654,-0.191,-0.1893350129297558,0.00030101276046345937
baseline-recovery-32,0.5,120,False,5.998880848371279,6.0,5.992543018721114,-0.0011191516287212266,0.499982984177757,0.5,0.499982984177757,-1.701582224300502e-05,0.6669819948329963,0.667,0.6695603207228061,-1.8005167003787292e-05
baseline-recovery-32,0.5,121,False,7.999308152089066,8.0,8.011723960195201,-0.0006918479109341291,0.5002796066143302,0.5,0.5002796066143302,0.00027960661433024114,-0.653145400782702,-0.653,-0.6557576816749231,-0.00014540078270197654
baseline-recovery-32,0.5,122,False,6.999840911364621,7.0,7.008389813027951,-0.0001590886353790566,0.500294947336362,0.5,0.500294947336362,0.0002949473363620392,-0.877209205043257,-0.877,-0.8784902127418568,-0.00020920504325694367
baseline-recovery-32,0.5,123,False,6.997318925805651,7.0,6.9947926200045725,-0.0026810741943492644,0.4999157379951681,0.5,0.4999157379951681,-8.426200483191426e-05,-0.5581459917725372,-0.558,-0.5569613776059918,-0.00014599177253715734
baseline-recovery-32,0.5,124,False,5.999532233144297,6.0,6.01215980803352,-0.0004677668557029335,0.5005630132460503,0.5,0.5005630132460503,0.0005630132460503479,0.18593794402626798,0.186,0.18545607949300297,-6.205597373201699e-05
baseline-recovery-32,0.5,125,False,6.00428157908605,6.0,6.006034664069253,0.00428157908604998,0.5001623219326259,0.5,0.5001623219326259,0.00016232193262588623,0.5736976767485836,0.574,0.5727488201005858,-0.00030232325141632543
baseline-recovery-32,0.5,126,False,7.999440517351405,8.0,8.015268640400919,-0.0005594826485948445,0.5003784553750563,0.5,0.5003784553750563,0.0003784553750563191,-0.6942063219332156,-0.694,-0.6937005228859254,-0.0002063219332156807
baseline-recovery-32,0.5,127,False,5.996453184532403,6.0,6.021702526251421,-0.003546815467596609,0.5005403937242792,0.5,0.5005403937242792,0.0005403937242791645,0.09576230725202109,0.096,0.09461810640593564,-0.0002376927479789126
baseline-recovery-32,0.5,128,False,16.00336395308921,16.0,16.000664308655946,0.0033639530892095593,0.5000388080425875,0.5,0.5000388080425875,3.880804258749038e-05,-0.28517128322090546,-0.285,-0.28450873674972343,-0.00017128322090548265
baseline-recovery-32,0.5,129,False,7.0011796663127175,7.0,7.0217102822951345,0.0011796663127174867,0.5004428052300839,0.5,0.5004428052300839,0.00044280523008388695,-0.5921433683196432,-0.592,-0.5929465103185655,-0.00014336831964323338
baseline-recovery-32,0.5,130,False,5.998765482904514,6.0,6.013709959809201,-0.001234517095485721,0.4999732884395022,0.5,0.4999732884395022,-2.6711560497827413e-05,0.26689286916375077,0.267,0.26600575544294963,-0.00010713083624924735
baseline-recovery-32,0.5,131,False,5.999916074263813,6.0,6.00708211027553,-8.392573618731802e-05,0.5005038092791733,0.5,0.5005038092791733,0.0005038092791732618,0.5598616990300571,0.56,0.5640574065287154,-0.0001383009699429394
baseline-recovery-32,0.5,132,False,7.995722444074225,8.0,7.989785798623132,-0.004277555925774834,0.49977823653889997,0.5,0.49977823653889997,-0.00022176346110003298,-0.6726354418876633,-0.673,-0.6735849558629424,0.0003645581123367103
baseline-recovery-32,0.5,133,False,5.989782190065444,6.0,6.039637250869541,-0.010217809934555788,0.5013693949312192,0.5,0.5013693949312192,0.0013693949312192366,-0.3923985730309286,-0.392,-0.3934757855101702,-0.0003985730309286062
baseline-recovery-32,0.5,134,False,7.001586705976305,7.0,7.009233820372977,0.0015867059763046143,0.5000700282228768,0.5,0.5000700282228768,7.002822287682786e-05,-0.5881278215257053,-0.588,-0.5919317198668774,-0.00012782152570534056
baseline-recovery-32,0.5,135,False,5.999279853449921,6.0,5.995461164355103,-0.000720146550079015,0.49975283790961283,0.5,0.49975283790961283,-0.0002471620903871652,0.215129201606949,0.215,0.21588617645631936,0.00012920160694901428
baseline-recovery-32,0.5,136,False,5.998156015071927,6.0,5.974006307911924,-0.0018439849280733611,0.4995382860926337,0.5,0.4995382860926337,-0.00046171390736632345,0.5598982961574854,0.56,0.5628948764639914,-0.00010170384251462217
baseline-recovery-32,0.5,137,False,7.994113046197071,8.0,8.020069843091113,-0.005886953802929362,0.5004341834737656,0.5,0.5004341834737656,0.0004341834737655592,-0.6610462434273938,-0.661,-0.663251109767684,-4.6243427393788394e-05
baseline-recovery-32,0.5,138,False,5.997480148556616,6.0,5.9995032584807975,-0.002519851443383736,0.4999164970095012,0.5,0.4999164970095012,-8.350299049880716e-05,-0.004788055130209542,-0.005,-0.006071614521579517,0.0002119448697904579
baseline-recovery-32,0.5,139,False,5.999813279276178,6.0,6.006774516704013,-0.00018672072382219795,0.5003032834369618,0.5,0.5003032834369618,0.0003032834369618431,-0.3621897434533175,-0.362,-0.36276714379261576,-0.00018974345331751463
baseline-recovery-32,0.5,140,False,5.998721871476424,6.0,5.995601253032555,-0.0012781285235758943,0.4999557103265191,0.5,0.4999557103265191,-4.428967348091284e-05,-0.35997145799760377,-0.36,-0.358897889946587,2.8542002396214627e-05
baseline-recovery-32,0.5,141,False,6.985678676479146,7.0,7.018272046906729,-0.014321323520854357,0.5006007822854323,0.5,0.5006007822854323,0.0006007822854322553,-0.5899256658624293,-0.59,-0.5901908867557548,7.433413757063079e-05
baseline-recovery-32,0.5,142,False,5.999357134607118,6.0,5.98974430652886,-0.0006428653928818306,0.4997221676371836,0.5,0.4997221676371836,-0.00027783236281642143,0.2140726259048488,0.214,0.21372062172557654,7.262590484879983e-05
baseline-recovery-32,0.5,143,False,5.997758720955206,6.0,5.98704185631556,-0.002241279044794098,0.49979041247524086,0.5,0.49979041247524086,-0.0002095875247591361,0.5600594711285382,0.56,0.5637502711576093,5.9471128538102214e-05
baseline-recovery-32,0.5,144,False,7.9999292294008475,8.0,8.006794397188035,-7.077059915250317e-05,0.4999983350348342,0.5,0.4999983350348342,-1.6649651657929532e-06,-0.6568868667253138,-0.657,-0.6589530623071002,0.00011313327468620571
baseline-recovery-32,0.5,145,False,6.00261093122933,6.0,5.994647027242109,0.0026109312293298714,0.5000840394619976,0.5,0.5000840394619976,8.403946199764256e-05,-0.032111031743125316,-0.032,-0.03161227257636807,-0.00011103174312531577
baseline-recovery-32,0.5,146,False,6.0022538260950045,6.0,5.999117496173612,0.002253826095004463,0.500295174266263,0.5,0.500295174266263,0.0002951742662630208,-0.15428043208753958,-0.154,-0.1532547338882723,-0.0002804320875395838
baseline-recovery-32,0.5,147,False,6.0022581030099635,6.0,6.0057185417208485,0.0022581030099635413,0.5001790750181314,0.5,0.5001790750181314,0.0001790750181314138,-0.36012085974847685,-0.36,-0.3609519286759513,-0.00012085974847686476
baseline-recovery-32,0.5,148,False,6.000772862143479,6.0,5.999340260412137,0.0007728621434788252,0.5000287151673743,0.5,0.5000287151673743,2.8715167374349093e-05,-0.3319743262539786,-0.332,-0.3322178331520786,2.5673746021415145e-05
baseline-recovery-32,0.5,149,False,7.002332522804994,7.0,7.007433756250899,0.002332522804993964,0.5001928400951096,0.5,0.5001928400951096,0.0001928400951095588,-0.5931096770460936,-0.593,-0.5952769081351992,-0.00010967704609365914
baseline-recovery-32,0.5,150,False,5.996215358985836,6.0,5.995546479427697,-0.003784641014163981,0.5005229157373927,0.5,0.5005229157373927,0.0005229157373927151,0.24176648363117756,0.242,0.2432460659205083,-0.00023351636882243398
baseline-recovery-32,0.5,151,False,6.003826027657764,6.0,5.997629376274536,0.003826027657764186,0.5001676031077169,0.5,0.5001676031077169,0.00016760310771690712,0.5569787220038979,0.557,0.5604917040360347,-2.1277996102186947e-05
baseline-recovery-32,0.5,152,False,8.002207050032014,8.0,8.00807122427154,0.0022070500320143793,0.5000678395915986,0.5,0.5000678395915986,6.783959159861741e-05,-0.6631823418197297,-0.663,-0.6657517797554254,-0.0001823418197296478
baseline-recovery-32,0.5,153,False,6.001009596913106,6.0,5.987386570795791,0.0010095969131063143,0.5000368074224688,0.5,0.5000368074224688,3.680742246880975e-05,-0.23502306761944722,-0.235,-0.23411215804822955,-2.3067619447231236e-05
baseline-recovery-32,0.5,154,False,6.001070517341546,6.0,6.00059134438473,0.0010705173415459512,0.5000334934033454,0.5,0.5000334934033454,3.349340334535267e-05,0.048971089735169046,0.049,0.04697938482771444,-2.8910264830955823e-05
baseline-recovery-32,0.5,155,False,5.996972797318486,6.0,5.987659051449161,-0.0030272026815136854,0.49978229685285785,0.5,0.49978229685285785,-0.00021770314714214534,-0.3587662436202186,-0.359,-0.35656063271178123,0.0002337563797814024
baseline-recovery-32,0.5,156,False,6.002690522229197,6.0,6.0003586241672435,0.0026905222291970787,0.5000979389013931,0.5,0.5000979389013931,9.793890139309092e-05,-0.36118499656932723,-0.361,-0.36058368432445376,-0.00018499656932724484
baseline-recovery-32,0.5,157,False,7.0141290443627025,7.0,6.996201058273997,0.014129044362702459,0.4994835375664686,0.5,0.4994835375664686,-0.0005164624335313728,-0.5659566312892333,-0.566,-0.5699829482830145,4.3368710766600316e-05
baseline-recovery-32,0.5,158,False,6.005915681789311,6.0,5.982373357474586,0.005915681789311122,0.4994827772903634,0.5,0.4994827772903634,-0.0005172227096366111,0.10808966637741402,0.108,0.11060695156319074,8.966637741401884e-05
baseline-recovery-32,0.5,159,False,6.004895558122141,6.0,5.998341404939745,0.0048955581221408195,0.5001718585302487,0.5,0.5001718585302487,0.000171858530248703,0.581131817790321,0.581,0.5847055253695432,0.00013181779032100938
baseline-recovery-32,0.5,160,False,8.001355865469028,8.0,8.011051800146623,0.0013558654690282168,0.5001994088739062,0.5,0.5001994088739062,0.00019940887390623718,-0.6683567535030049,-0.668,-0.6714351743384452,-0.00035675350300490294
baseline-recovery-32,0.5,161,False,7.00172939220329,7.0,6.990497932286499,0.0017293922032903808,0.49958218910051355,0.5,0.49958218910051355,-0.00041781089948644823,-0.3099940024622922,-0.31,-0.31128901902298384,5.997537707802536e-06
baseline-recovery-32,0.5,162,False,6.0062449313284425,6.0,5.980240302018955,0.0062449313284425045,0.4995170826585381,0.5,0.4995170826585381,-0.0004829173414618859,0.17006264702070287,0.17,0.1699827601219988,6.26470207028551e-05
baseline-recovery-32,0.5,163,False,6.002221664454641,6.0,5.99448381366889,0.0022216644546411146,0.5000673143776792,0.5,0.5000673143776792,6.731437767915072e-05,0.5671001916953933,0.567,0.5715716049232501,0.00010019169539332573
baseline-recovery-32,0.5,164,False,7.99828237912374,8.0,8.005472648786034,-0.0017176208762599288,0.4999679521651073,0.5,0.4999679521651073,-3.204783489269003e-05,-0.6699904081189133,-0.67,-0.6731298960660419,9.591881086734588e-06
baseline-recovery-32,0.5,165,False,6.002956699868071,6.0,6.005230090789933,0.002956699868071233,0.5002456488400392,0.5,0.5002456488400392,0.0002456488400391921,-0.1961422252445235,-0.196,-0.19649378087847844,-0.00014222524452348062
baseline-recovery-32,0.5,166,False,5.996101118222492,6.0,5.991614479422774,-0.0038988817775083007,0.49987511183474576,0.5,0.49987511183474576,-0.0001248881652542444,-0.16486621966797935,-0.165,-0.16289469341069662,0.00013378033202066097
baseline-recovery-32,0.5,167,False,5.999318488803707,6.0,6.014099216907237,-0.0006815111962925613,0.5004124464480426,0.5,0.5004124464480426,0.00041244644804261377,0.02096296689182513,0.021,0.019066763165324574,-3.7033108174870655e-05
baseline-recovery-32,0.5,168,False,7.99665256496899,8.0,7.995048779932747,-0.003347435031010093,0.4999260692129296,0.5,0.4999260692129296,-7.393078707040868e-05,8.460513046707346e-05,0.0,-0.0011484778476256571,8.460513046707346e-05
baseline-recovery-32,1,1,False,6.979311838486736,7.0,7.014983454261828,-0.020688161513263914,0.5006700895866601,0.5,0.5006700895866601,0.0006700895866601497,-0.5921421150606705,-0.592,-0.5930831725930814,-0.00014211506067052238
baseline-recovery-32,1,2,False,5.9975258161201035,6.0,5.9911146565021225,-0.0024741838798965077,0.49973866680794166,0.5,0.49973866680794166,-0.00026133319205834393,0.24399587810641288,0.244,0.24515494342880295,-4.121893587116787e-06
baseline-recovery-32,1,3,False,5.974206152806115,6.0,6.018750736346137,-0.025793847193885,0.5010547590387352,0.5,0.5010547590387352,0.001054759038735198,0.558981203891122,0.559,0.5615401618309154,-1.8796108878005313e-05
baseline-recovery-32,1,4,False,7.997164170572276,8.0,8.000017983317747,-0.0028358294277239793,0.4998623423840209,0.5,0.4998623423840209,-0.0001376576159791143,-0.6648514372026904,-0.665,-0.6675525948377169,0.00014856279730968147
baseline-recovery-32,1,5,False,5.993999771582276,6.0,6.020044223588184,-0.006000228417724074,0.5004618081522624,0.5,0.5004618081522624,0.00046180815226237737,-0.27410645755884205,-0.274,-0.27592169482640605,-0.00010645755884203245
baseline-recovery-32,1,6,False,6.000039500062762,6.0,6.014140818106266,3.950006276198792e-05,0.5002793496992273,0.5,0.5002793496992273,0.0002793496992272715,0.07286125400671425,0.073,0.07241739042966526,-0.000138745993285741
baseline-recovery-32,1,7,False,16.002556929647074,16.0,16.004920537409042,0.002556929647074213,0.5000584211641425,0.5,0.5000584211641425,5.8421164142452575e-05,-0.14113323491741198,-0.141,-0.1410880220852972,-0.00013323491741198956
baseline-recovery-32,1,8,False,6.0028457304590015,6.0,6.00324317981215,0.0028457304590014942,0.5001007016307941,0.5,0.5001007016307941,0.00010070163079411998,-0.07013263016394614,-0.07,-0.07018134995555728,-0.00013263016394612914
baseline-recovery-32,1,9,False,6.9892328272324615,7.0,7.0163979412176385,-0.010767172767538469,0.5004557912719491,0.5,0.5004557912719491,0.00045579127194905755,-0.5891678504232043,-0.589,-0.5917472431261869,-0.00016785042320432986
baseline-recovery-32,1,10,False,6.001690108410075,6.0,5.991432004078723,0.0016901084100746644,0.49971507655631664,0.5,0.49971507655631664,-0.0002849234436833603,0.235144034770886,0.235,0.23614193964111108,0.00014403477088600902
baseline-recovery-32,1,11,False,6.0024567432695815,6.0,6.007855572415117,0.0024567432695814517,0.5001919524017013,0.5,0.5001919524017013,0.0001919524017013341,0.5588550412246438,0.559,0.5600298444661562,-0.000144958775356252
baseline-recovery-32,1,12,False,8.002102550367278,8.0,8.002095805827139,0.0021025503672778,0.5000695910924838,0.5,0.5000695910924838,6.959109248383388e-05,-0.6561028913128588,-0.656,-0.6565552178636033,-0.00010289131285878828
baseline-recovery-32,1,13,False,6.000983627980288,6.0,5.992402145543509,0.0009836279802879488,0.49973767969807315,0.5,0.49973767969807315,-0.00026232030192685496,-0.15581437795942032,-0.156,-0.1558177907235096,0.0001856220405796749
baseline-recovery-32,1,14,False,5.99889850589997,6.0,6.008579772181128,-0.0011014941000295764,0.5003433251834623,0.5,0.5003433251834623,0.0003433251834622508,0.006853691954642419,0.007,0.006249303535987528,-0.00014630804535758091
baseline-recovery-32,1,15,False,6.0012367771046895,6.0,6.004883154460864,0.0012367771046895015,0.5002282548410959,0.5,0.5002282548410959,0.00022825484109589844,-0.20414836434239192,-0.204,-0.20415580891952737,-0.0001483643423919323
baseline-recovery-32,1,16,False,5.998879045864848,6.0,6.006806121791227,-0.001120954135151564,0.5003124298826342,0.5,0.5003124298826342,0.0003124298826342464,-0.20513430060016066,-0.205,-0.20483740713516602,-0.00013430060016067502
baseline-recovery-32,1,17,False,6.002702087348685,6.0,6.003412188510764,0.002702087348684934,0.5001161001708639,0.5,0.5001161001708639,0.00011610017086394198,-0.17712800335138393,-0.177,-0.17748371439361021,-0.00012800335138393737
baseline-recovery-32,1,18,False,6.0008817920318,6.0,6.003161455030835,0.0008817920317998329,0.5000337406215977,0.5,0.5000337406215977,3.3740621597666554e-05,-0.17902936946122155,-0.179,-0.17961841650639468,-2.9369461221562254e-05
baseline-recovery-32,1,19,False,6.001481483370974,6.0,6.005784928528115,0.0014814833709744235,0.5001486479475465,0.5,0.5001486479475465,0.00014864794754654298,-0.18207712763524295,-0.182,-0.1817884143057506,-7.712763524295174e-05
baseline-recovery-32,1,20,False,6.98940702686864,7.0,7.002774916227775,-0.010592973131360317,0.5004411766584764,0.5,0.5004411766584764,0.0004411766584764276,-0.5901876263283053,-0.59,-0.5922422527389682,-0.00018762632830537918
baseline-recovery-32,1,21,False,6.000634078566772,6.0,6.00191231796303,0.0006340785667715565,0.5002906388560376,0.5,0.5002906388560376,0.0002906388560376394,0.2400175644519537,0.24,0.23952245717827536,1.7564451953722138e-05
baseline-recovery-32,1,22,False,5.996565865516536,6.0,5.984882335206393,-0.0034341344834638576,0.4998714711910159,0.5,0.4998714711910159,-0.00012852880898411856,0.5579134645803183,0.558,0.5630536485580206,-8.65354196817325e-05
baseline-recovery-32,1,23,False,8.004297055887406,8.0,7.991642011169964,0.004297055887406032,0.49976480172366944,0.5,0.49976480172366944,-0.00023519827633056156,-0.6577953401953313,-0.658,-0.6592100372404873,0.00020465980466877198
baseline-recovery-32,1,24,False,6.001371015554389,6.0,6.00271250119292,0.001371015554388677,0.4997446284199284,0.5,0.4997446284199284,-0.0002553715800716061,-0.2149493946276523,-0.215,-0.21637781486550667,5.060537234768958e-05
baseline-recovery-32,1,25,False,5.998814550504851,6.0,5.996403339237467,-0.0011854494951490935,0.4999592661253823,0.5,0.4999592661253823,-4.0733874617726595e-05,-0.1899334390339394,-0.19,-0.18844604434511802,6.656096606061368e-05
baseline-recovery-32,1,26,False,6.00168373459212,6.0,5.998177579791406,0.001683734592120345,0.5000659013079534,0.5,0.5000659013079534,6.590130795336435e-05,0.11599917578363043,0.116,0.11655186642593443,-8.242163695715288e-07
baseline-recovery-32,1,27,False,7.001825760404357,7.0,6.998492121508055,0.0018257604043565578,0.4997391052449655,0.5,0.4997391052449655,-0.0002608947550344909,-0.6040445769220226,-0.604,-0.6067719196971818,-4.4576922022643295e-05
baseline-recovery-32,1,28,False,5.9986393753324805,6.0,5.994366702985237,-0.0013606246675195166,0.49995962767229685,0.5,0.49995962767229685,-4.037232770315313e-05,0.9012931500795361,0.901,0.9060425462350856,0.0002931500795361197
baseline-recovery-32,1,29,False,6.999113926848868,7.0,6.999038443909977,-0.000886073151131761,0.49997316485383286,0.5,0.49997316485383286,-2.683514616713678e-05,-0.9080659959103591,-0.908,-0.9100635519892915,-6.599591035905128e-05
baseline-recovery-32,1,30,False,6.997821674528555,7.0,6.997063842524171,-0.0021783254714451417,0.4999150005696409,0.5,0.4999150005696409,-8.499943035911173e-05,-0.9059416821981796,-0.906,-0.9077286175964042,5.831780182041779e-05
baseline-recovery-32,1,31,False,6.999461408205511,7.0,7.013788901917958,-0.0005385917944886742,0.5002288991338764,0.5,0.5002288991338764,0.00022889913387635907,-0.5839567475570734,-0.584,-0.5854998521936147,4.325244292657793e-05
baseline-recovery-32,1,32,False,6.020784788194747,6.0,5.985189736071992,0.020784788194746717,0.4992870892219265,0.5,0.4992870892219265,-0.0007129107780735056,0.23493270946346062,0.235,0.2318174104420011,-6.729053653936612e-05
baseline-recovery-32,1,33,False,5.992977634557742,6.0,6.008586090475966,-0.007022365442257872,0.5005167741868787,0.5,0.5005167741868787,0.0005167741868786768,0.5630899243739459,0.563,0.5679125802068912,8.992437394594877e-05
baseline-recovery-32,1,34,False,7.998552891216828,8.0,8.000080903214881,-0.0014471087831715579,0.4999696088949967,0.5,0.4999696088949967,-3.0391105003302332e-05,-0.6630028988923946,-0.663,-0.6656972135357357,-2.8988923945760803e-06
baseline-recovery-32,1,35,False,6.000004062303451,6.0,6.006368055047794,4.062303450957927e-06,0.4999896128157688,0.5,0.4999896128157688,-1.0387184231186453e-05,-0.15303006374699699,-0.153,-0.15139938399208347,-3.0063746996988883e-05
baseline-recovery-32,1,36,False,6.001695301811166,6.0,6.00249832562085,0.0016953018111660612,0.500069499101267,0.5,0.500069499101267,6.949910126696768e-05,0.022065162919946875,0.022,0.020920799160572483,6.516291994687617e-05
baseline-recovery-32,1,37,False,7.000644035425309,7.0,6.998678845834407,0.0006440354253092195,0.5000251127893708,0.5,0.5000251127893708,2.511278937078476e-05,-0.29608862705737404,-0.296,-0.2957493317525387,-8.862705737405774e-05
baseline-recovery-32,1,38,False,5.998887856905773,6.0,5.997468598972132,-0.001112143094227136,0.499955171585956,0.5,0.499955171585956,-4.482841404401805e-05,-0.18203333377014055,-0.182,-0.18107762754561377,-3.333377014055894e-05
baseline-recovery-32,1,39,False,6.00196358198078,6.0,6.003989059280588,0.0019635819807799493,0.5001115376491027,0.5,0.5001115376491027,0.0001115376491026554,-0.012145734292089184,-0.012,-0.012250264344253203,-0.00014573429208918423
baseline-recovery-32,1,40,False,7.000145786994926,7.0,6.999599753182412,0.00014578699492595604,0.500005594413528,0.5,0.500005594413528,5.594413527987285e-06,-0.22492869346311622,-0.225,-0.22528436443186148,7.130653688378064e-05
baseline-recovery-32,1,41,False,6.9997016269550905,7.0,6.992896966140891,-0.000298373044909539,0.4999813341696994,0.5,0.4999813341696994,-1.8665830300579334e-05,-0.5681177374159786,-0.568,-0.5679172244242265,-0.00011773741597864706
baseline-recovery-32,1,42,False,6.009578617614143,6.0,5.991757172561072,0.009578617614143248,0.49949007893264197,0.5,0.49949007893264197,-0.0005099210673580323,0.24609979575185068,0.246,0.24512843659110076,9.979575185067868e-05
baseline-recovery-32,1,43,False,5.98147906846375,6.0,6.030518334488591,-0.018520931536249563,0.5007992213926448,0.5,0.5007992213926448,0.0007992213926447667,0.5698608598564612,0.57,0.5694550901872373,-0.00013914014353877402
baseline-recovery-32,1,44,False,8.00215167521364,8.0,7.9871873193548035,0.002151675213639237,0.4997398428909509,0.5,0.4997398428909509,-0.0002601571090490862,-0.6728049727714365,-0.673,-0.6721577137225888,0.00019502722856357124
baseline-recovery-32,1,45,False,5.991157496319978,6.0,6.018693022029373,-0.008842503680021707,0.5005321116574888,0.5,0.5005321116574888,0.0005321116574887874,-0.2759827322033693,-0.276,-0.2775420475299178,1.7267796630748844e-05
baseline-recovery-32,1,46,False,5.998541680550217,6.0,5.992027849235413,-0.0014583194497825858,0.49996901561105567,0.5,0.49996901561105567,-3.0984388944332864e-05,0.703819171681564,0.704,0.7068762915044675,-0.00018082831843591052
baseline-recovery-32,1,47,False,8.002383386435818,8.0,8.005414217505015,0.0023833864358184798,0.500102422087184,0.5,0.500102422087184,0.00010242208718402868,-0.771033470937185,-0.771,-0.7723107514062733,-3.347093718497618e-05
baseline-recovery-32,1,48,False,8.002819747926239,8.0,8.007099730782347,0.002819747926238847,0.5001078826305538,0.5,0.5001078826305538,0.00010788263055383496,-0.761075653203199,-0.761,-0.7629379743067479,-7.565320319902202e-05
baseline-recovery-32,1,49,False,7.004135351810784,7.0,7.016536503185892,0.004135351810783838,0.500516721194262,0.5,0.500516721194262,0.0005167211942620487,-0.5751471567030065,-0.575,-0.5774173113693662,-0.00014715670300657901
baseline-recovery-32,1,50,False,5.955419570319828,6.0,6.004810952766757,-0.04458042968017217,0.5011526652458695,0.5,0.5011526652458695,0.001152665245869544,0.23384691816893524,0.234,0.23480184592470812,-0.0001530818310647719
baseline-recovery-32,1,51,False,5.987659062338494,6.0,6.012019861747436,-0.01234093766150579,0.5006394286191839,0.5,0.5006394286191839,0.0006394286191838683,0.5678499023692731,0.568,0.5683237931876616,-0.0001500976307268198
baseline-recovery-32,1,52,False,7.999301865348996,8.0,8.004841775313915,-0.0006981346510039899,0.4999848758223664,0.5,0.4999848758223664,-1.5124177633607516e-05,-0.6809364988521381,-0.681,-0.6827209183729399,6.350114786191075e-05
baseline-recovery-32,1,53,False,6.004516834941335,6.0,5.98748060980282,0.004516834941335368,0.49963643534347596,0.5,0.49963643534347596,-0.00036356465652404024,-0.20685487395276111,-0.207,-0.20632846864072887,0.0001451260472388749
baseline-recovery-32,1,54,False,5.99648246901384,6.0,6.002968046998276,-0.0035175309861603665,0.5003814867211309,0.5,0.5003814867211309,0.0003814867211309192,-0.2230689300034976,-0.223,-0.22331349719321195,-6.893000349758593e-05
baseline-recovery-32,1,55,False,6.002550280709537,6.0,5.995312551793153,0.0025502807095367785,0.5001400614896797,0.5,0.5001400614896797,0.00014006148967971033,0.6928020753651787,0.693,0.6964611587524041,-0.0001979246348212671
baseline-recovery-32,1,56,False,7.989004283581418,8.0,8.021515013834799,-0.010995716418581658,0.5003821543492291,0.5,0.5003821543492291,0.000382154349229058,-0.7720807650283394,-0.772,-0.7757313681648133,-8.076502833942456e-05
baseline-recovery-32,1,57,False,7.99817309615784,8.0,8.008649879482661,-0.0018269038421596662,0.5002513360986944,0.5,0.5002513360986944,0.0002513360986944324,-0.7641295913314028,-0.764,-0.7655653368607681,-0.00012959133140277856
baseline-recovery-32,1,58,False,6.9842223101071825,7.0,7.010747925175157,-0.01577768989281747,0.5005723880448939,0.5,0.5005723880448939,0.0005723880448939012,-0.5851286617615162,-0.585,-0.5864640998095901,-0.00012866176151626885
baseline-recovery-32,1,59,False,6.00817019367086,6.0,5.976232362658664,0.008170193670859582,0.49942860076500273,0.5,0.49942860076500273,-0.0005713992349972719,0.23807301667309888,0.238,0.2396257808614787,7.301667309889126e-05
baseline-recovery-32,1,60,False,6.003273930047548,6.0,5.992212844943621,0.00327393004754839,0.5001836221780911,0.5,0.5001836221780911,0.00018362217809109183,0.5610711139380591,0.561,0.5678488806968227,7.111393805903088e-05
baseline-recovery-32,1,61,False,7.998767867118906,8.0,7.991541481739651,-0.0012321328810935839,0.4998216913437706,0.5,0.4998216913437706,-0.00017830865622942005,-0.6519455346889641,-0.652,-0.6542623404669277,5.446531103592278e-05
baseline-recovery-32,1,62,False,5.9977269038930485,6.0,5.999342195189105,-0.0022730961069514777,0.4998901806167948,0.5,0.4998901806167948,-0.0001098193832052008,-0.2138436717910609,-0.214,-0.2145478553313474,0.00015632820893909938
baseline-recovery-32,1,63,False,6.002074824836854,6.0,6.0003127306980915,0.002074824836854283,0.5000738601724688,0.5,0.5000738601724688,7.386017246879817e-05,-0.16410436857120228,-0.164,-0.16378065649362564,-0.0001043685712022735
baseline-recovery-32,1,64,False,6.001123834891194,6.0,5.995801291123798,0.0011238348911941642,0.5000308124016397,0.5,0.5000308124016397,3.081240163971266e-05,-0.1911213057303124,-0.191,-0.19013598142596144,-0.00012130573031240988
baseline-recovery-32,1,65,False,6.001685138952498,6.0,6.00130195020399,0.0016851389524976668,0.5000536378954318,0.5,0.5000536378954318,5.363789543177955e-05,0.03692774786377906,0.037,0.03626190392370991,-7.225213622093912e-05
baseline-recovery-32,1,66,False,6.997713786481627,7.0,6.996390034671592,-0.0022862135183734367,0.4999242061137357,0.5,0.4999242061137357,-7.579388626427486e-05,-0.39783657420579216,-0.398,-0.39739870950203576,0.00016342579420786096
baseline-recovery-32,1,67,False,6.988647764370838,7.0,7.0089032024844125,-0.011352235629161989,0.5002845467025949,0.5,0.5002845467025949,0.0002845467025949233,-0.5792222467613979,-0.579,-0.5858332168200465,-0.0002222467613979262
baseline-recovery-32,1,68,False,5.993094016378478,6.0,6.034788205188054,-0.006905983621521727,0.5017681692610283,0.5,0.5017681692610283,0.0017681692610282962,0.19287062273989972,0.193,0.19435457244851695,-0.0001293772601002885
baseline-recovery-32,1,69,False,6.001125302058005,6.0,6.00088592364758,0.0011253020580053175,0.5000654024891179,0.5,0.5000654024891179,6.540248911790503e-05,0.5669698892841586,0.567,0.5678155334219191,-3.011071584135827e-05
baseline-recovery-32,1,70,False,8.001525360111462,8.0,7.9992098375974825,0.0015253601114615378,0.49979471491954053,0.5,0.49979471491954053,-0.00020528508045947191,-0.6709100431888428,-0.671,-0.6735075215648272,8.995681115719911e-05
baseline-recovery-32,1,71,False,5.996835104106333,6.0,6.007434522334468,-0.0031648958936667526,0.5003371008091404,0.5,0.5003371008091404,0.0003371008091404004,0.07885103006445929,0.079,0.07723717842675784,-0.00014896993554071314
baseline-recovery-32,1,72,False,7.997688700562181,8.0,7.991388832941861,-0.0023112994378191587,0.49989911665487097,0.5,0.49989911665487097,-0.00010088334512903252,-0.4888255723483617,-0.489,-0.48717887418715294,0.0001744276516382759
baseline-recovery-32,1,73,False,6.975574029019677,7.0,7.015820619636724,-0.02442597098032273,0.5006095605634872,0.5,0.5006095605634872,0.0006095605634871548,-0.5731127818798607,-0.573,-0.5736826920221674,-0.00011278187986074606
baseline-recovery-32,1,74,False,5.9926956124004525,6.0,6.0220353190507865,-0.007304387599547546,0.5004077963046928,0.5,0.5004077963046928,0.0004077963046927868,0.168964791964918,0.169,0.16599554560722557,-3.5208035082001654e-05
baseline-recovery-32,1,75,False,6.001211475211989,6.0,5.992719015481442,0.001211475211989388,0.49974213912871934,0.5,0.49974213912871934,-0.0002578608712806574,0.5650706375988355,0.565,0.5688212544708318,7.063759883552123e-05
baseline-recovery-32,1,76,False,8.00099440030377,8.0,7.999250515565188,0.0009944003037691829,0.4998701605046866,0.5,0.4998701605046866,-0.00012983949531342187,-0.6589355039473479,-0.659,-0.6604397296914463,6.449605265212988e-05
baseline-recovery-32,1,77,False,5.996877711735632,6.0,6.011142386093262,-0.0031222882643682226,0.5003421912951069,0.5,0.5003421912951069,0.0003421912951069306,0.23188735603969335,0.232,0.23258842366045235,-0.00011264396030666313
baseline-recovery-32,1,78,False,8.007067998099707,8.0,7.99356959565151,0.00706799809970704,0.49968769753037195,0.5,0.49968769753037195,-0.0003123024696280452,-0.4938888860415964,-0.494,-0.4944321843169884,0.00011111395840357474
baseline-recovery-32,1,79,False,5.999226318017136,6.0,6.005775070260278,-0.0007736819828636499,0.500240099944282,0.5,0.500240099944282,0.00024009994428197956,-0.4131112830640761,-0.413,-0.41318354302408694,-0.00011128306407609534
baseline-recovery-32,1,80,False,7.0003389265742255,7.0,7.014143044345792,0.00033892657422551764,0.5000083497736393,0.5,0.5000083497736393,8.349773639282354e-06,-0.5860237170683311,-0.586,-0.5882610476631563,-2.3717068331152724e-05
baseline-recovery-32,1,81,False,6.002406372801414,6.0,5.998219345085574,0.0024063728014143138,0.5001152248049201,0.5,0.5001152248049201,0.0001152248049200999,0.23496009489498787,0.235,0.2349289085529702,-3.990510501211686e-05
baseline-recovery-32,1,82,False,6.00793224825049,6.0,5.973346351229284,0.00793224825048977,0.4994627779204036,0.5,0.4994627779204036,-0.0005372220795963889,0.5609470339151489,0.561,0.5631325598010224,-5.296608485116927e-05
baseline-recovery-32,1,83,False,7.998396924843794,8.0,8.000065626907144,-0.0016030751562059464,0.49995351331187327,0.5,0.49995351331187327,-4.648668812673451e-05,-0.661800050138393,-0.662,-0.6624518018173949,0.00019994986160698502
baseline-recovery-32,1,84,False,6.004984156446149,6.0,5.972762157538115,0.004984156446148802,0.49963108139582835,0.5,0.49963108139582835,-0.000368918604171653,-0.14798062091269218,-0.148,-0.1457510814100941,1.937908730781368e-05
baseline-recovery-32,1,85,False,6.002563646726197,6.0,6.0044107713281,0.002563646726197355,0.5002010961890165,0.5,0.5002010961890165,0.00020109618901653636,-0.04393205995009445,-0.044,-0.04486588875096934,6.794004990554742e-05
baseline-recovery-32,1,86,False,5.997529763562724,6.0,5.996531210680404,-0.00247023643727573,0.4998508712315493,0.5,0.4998508712315493,-0.00014912876845069034,-0.18199249897007758,-0.182,-0.18080849246009975,7.501029922418745e-06
baseline-recovery-32,1,87,False,6.0009006962012394,6.0,6.007503725057601,0.0009006962012394482,0.5002095974548683,0.5,0.5002095974548683,0.00020959745486825998,-0.1822345775175518,-0.182,-0.18236402500874646,-0.0002345775175517928
baseline-recovery-32,1,88,False,5.990690376277959,6.0,6.012503825425155,-0.009309623722041138,0.5004545296567885,0.5,0.5004545296567885,0.0004545296567884938,-0.33399289755345607,-0.334,-0.33644081500491496,7.1024465439495366e-06
baseline-recovery-32,1,89,False,6.0021898825169835,6.0,6.0087543612858045,0.002189882516983488,0.5001862579894013,0.5,0.5001862579894013,0.0001862579894013061,-0.3450152400908773,-0.345,-0.3466540181056221,-1.5240090877333135e-05
baseline-recovery-32,1,90,False,6.00263171263544,6.0,6.000724498709879,0.002631712635439598,0.5001589949193191,0.5,0.5001589949193191,0.00015899491931914422,0.4027432928758109,0.403,0.4054830701897643,-0.0002567071241891261
baseline-recovery-32,1,91,False,8.001023590371483,8.0,8.008572566376742,0.0010235903714832517,0.500190306080517,0.5,0.500190306080517,0.0001903060805169554,-0.5681007717924614,-0.568,-0.5692278830551825,-0.00010077179246148482
baseline-recovery-32,1,92,False,6.978701017113607,7.0,7.023936444878383,-0.021298982886393425,0.5005300401084962,0.5,0.5005300401084962,0.0005300401084962214,-0.5889777755264349,-0.589,-0.5895617018304106,2.2224473565035652e-05
baseline-recovery-32,1,93,False,5.997652662441701,6.0,5.987613313184332,-0.0023473375582989675,0.499797495600222,0.5,0.499797495600222,-0.00020250439977798074,0.23298281904554274,0.233,0.23127201137383602,-1.718095445726875e-05
baseline-recovery-32,1,94,False,6.003295608314986,6.0,5.987170242901674,0.0032956083149864313,0.49964723870947925,0.5,0.49964723870947925,-0.00035276129052075333,0.5651500682658808,0.565,0.5686070132538812,0.00015006826588082056
baseline-recovery-32,1,95,False,8.005160649900686,8.0,7.982645092760355,0.0051606499006862094,0.4996885263046761,0.5,0.4996885263046761,-0.0003114736953239161,-0.6687866717699587,-0.669,-0.6688273000429327,0.00021332823004138746
baseline-recovery-32,1,96,False,5.988985231113175,6.0,6.016689139982468,-0.011014768886824733,0.5005582684082135,0.5,0.5005582684082135,0.0005582684082134914,-0.13307245004334387,-0.133,-0.13232295843485603,-7.245004334385796e-05
baseline-recovery-32,1,97,False,6.0022771263755255,6.0,5.99165521658943,0.0022771263755254623,0.4996539651824951,0.5,0.4996539651824951,-0.0003460348175048922,-0.17496435663706497,-0.175,-0.17549618293845598,3.564336293501724e-05
baseline-recovery-32,1,98,False,5.99834752413494,6.0,5.99566876548026,-0.0016524758650602323,0.49993104306096775,0.5,0.49993104306096775,-6.895693903224975e-05,-0.08291951349003351,-0.083,-0.08235093272068116,8.048650996649032e-05
baseline-recovery-32,1,99,False,6.001492343421442,6.0,5.998824258739782,0.0014923434214422215,0.5001479479541905,0.5,0.5001479479541905,0.000147947954190486,0.013125583341433057,0.013,0.013160366410934824,0.00012558334143305747
baseline-recovery-32,1,100,False,6.999640288601212,7.0,6.998600958376667,-0.0003597113987883205,0.49998875001798854,0.5,0.49998875001798854,-1.12499820114631e-05,-0.30994400004733497,-0.31,-0.3097756730420133,5.5999952665031216e-05
baseline-recovery-32,1,101,False,5.998695012023641,6.0,5.9939094928642485,-0.0013049879763586958,0.49977789521852073,0.5,0.49977789521852073,-0.00022210478147927093,0.19498154158799946,0.195,0.19545849552938843,-1.8458412000543767e-05
baseline-recovery-32,1,102,False,6.00188633713943,6.0,6.006959010842791,0.0018863371394299833,0.5000921940967682,0.5,0.5000921940967682,9.219409676819446e-05,-0.23025734021127564,-0.23,-0.2292140955772654,-0.00025734021127563067
baseline-recovery-32,1,103,False,5.998516033311904,6.0,6.0029582849401955,-0.0014839666880961389,0.4999279091468931,0.5,0.4999279091468931,-7.209085310688756e-05,-0.2678355928674532,-0.268,-0.2699583497141641,0.00016440713254683992
baseline-recovery-32,1,104,False,5.999494842944802,6.0,6.008732931587156,-0.0005051570551977136,0.5002720218764631,0.5,0.5002720218764631,0.00027202187646313547,-0.21308866460336937,-0.213,-0.2155867758405309,-8.866460336937054e-05
baseline-recovery-32,1,105,False,5.999748970380942,6.0,5.994818875267254,-0.00025102961905787424,0.4999902353609677,0.5,0.4999902353609677,-9.764639032294742e-06,-0.19003673887301614,-0.19,-0.18726104671646895,-3.6738873016139983e-05
baseline-recovery-32,1,106,False,6.998746614861826,7.0,6.996903460904273,-0.001253385138173968,0.49995629429217886,0.5,0.49995629429217886,-4.370570782114003e-05,-0.5849791374665186,-0.585,-0.586881222097948,2.0862533481325052e-05
baseline-recovery-32,1,107,False,5.99960606084618,6.0,6.001145309979811,-0.00039393915382035516,0.4998259726339218,0.5,0.4998259726339218,-0.0001740273660781888,0.24407043012360094,0.244,0.24478016825506865,7.043012360094525e-05
baseline-recovery-32,1,108,False,6.010916780778086,6.0,5.987790493143895,0.010916780778085666,0.4994892052097315,0.5,0.4994892052097315,-0.0005107947902684984,0.5610127706148246,0.561,0.5621041243777077,1.277061482451991e-05
baseline-recovery-32,1,109,False,7.9816833772103655,8.0,8.026004451319205,-0.01831662278963453,0.5004526753498976,0.5,0.5004526753498976,0.00045267534989756886,-0.6640685207036413,-0.664,-0.6659745180725243,-6.852070364127272e-05
baseline-recovery-32,1,110,False,6.002721665667019,6.0,6.003281412579879,0.0027216656670185913,0.5001469545603818,0.5,0.5001469545603818,0.00014695456038182897,-0.23799545226550833,-0.238,-0.23670715807093426,4.547734491655575e-06
baseline-recovery-32,1,111,False,5.997455030015801,6.0,5.995182603440675,-0.0025449699841990636,0.49993388745351414,0.5,0.49993388745351414,-6.611254648586362e-05,0.6728605906853048,0.673,0.6724267887620619,-0.0001394093146952491
baseline-recovery-32,1,112,False,7.995724015289686,8.0,8.012577399082113,-0.004275984710313985,0.5002832933566547,0.5,0.5002832933566547,0.00028329335665466804,-0.6590530168280233,-0.659,-0.6603168595004146,-5.3016828023277895e-05
baseline-recovery-32,1,113,False,6.995524717035858,7.0,7.005289029106202,-0.004475282964142124,0.5003244793305489,0.5,0.5003244793305489,0.0003244793305489102,-0.8720379101835888,-0.872,-0.8713279782423362,-3.7910183588785173e-05
baseline-recovery-32,1,114,False,6.993714420980884,7.0,7.018354584386127,-0.006285579019116305,0.5003199235438461,0.5,0.5003199235438461,0.00031992354384613453,-0.584083790791671,-0.584,-0.5853942266329006,-8.379079167109005e-05
baseline-recovery-32,1,115,False,5.99726829742367,6.0,5.997715015626946,-0.002731702576330264,0.5002768278783307,0.5,0.5002768278783307,0.000276827878330721,0.23381931062784783,0.234,0.23406193623882118,-0.00018068937215218184
baseline-recovery-32,1,116,False,5.990753258752173,6.0,6.008832134187373,-0.009246741247826762,0.5005551720981614,0.5,0.5005551720981614,0.0005551720981613606,0.5621034559033818,0.562,0.5631319050981306,0.00010345590338178834
baseline-recovery-32,1,117,False,8.00222747534212,8.0,7.9904331980201,0.002227475342120755,0.49977554709735766,0.5,0.49977554709735766,-0.00022445290264233586,-0.6659335665444338,-0.666,-0.6669517158129695,6.643345556622826e-05
baseline-recovery-32,1,118,False,6.001911522254427,6.0,6.006462580275481,0.0019115222544270338,0.5001503967493933,0.5,0.5001503967493933,0.00015039674939332226,-0.21212462895506703,-0.212,-0.21309972466521837,-0.00012462895506704097
baseline-recovery-32,1,119,False,6.000432319404786,6.0,5.985342501423952,0.0004323194047861634,0.49979332066764304,0.5,0.49979332066764304,-0.00020667933235696268,-0.190806254216859,-0.191,-0.1893350129297558,0.00019374578314099167
baseline-recovery-32,1,120,False,5.9992148841999935,6.0,5.992543018721114,-0.0007851158000065084,0.499982984177757,0.5,0.499982984177757,-1.701582224300502e-05,0.6669645257607061,0.667,0.6695603207228061,-3.5474239293953325e-05
baseline-recovery-32,1,121,False,7.994334136222952,8.0,8.011723960195201,-0.005665863777047697,0.5002796066143302,0.5,0.5002796066143302,0.00027960661433024114,-0.6530720238945613,-0.653,-0.6557576816749231,-7.202389456129055e-05
baseline-recovery-32,1,122,False,6.995840903536563,7.0,7.008389813027951,-0.004159096463436818,0.500294947336362,0.5,0.500294947336362,0.0002949473363620392,-0.8771302416936239,-0.877,-0.8784902127418568,-0.00013024169362385596
baseline-recovery-32,1,123,False,6.99832847340272,7.0,6.9947926200045725,-0.001671526597280426,0.4999157379951681,0.5,0.4999157379951681,-8.426200483191426e-05,-0.5580758175686075,-0.558,-0.5569613776059918,-7.581756860741695e-05
baseline-recovery-32,1,124,False,5.989455911179386,6.0,6.01215980803352,-0.010544088820614306,0.5005630132460503,0.5,0.5005630132460503,0.0005630132460503479,0.1859842741355952,0.186,0.18545607949300297,-1.5725864404791956e-05
baseline-recovery-32,1,125,False,6.004615671832094,6.0,6.006034664069253,0.004615671832094215,0.5001623219326259,0.5,0.5001623219326259,0.00016232193262588623,0.5738119489902341,0.574,0.5727488201005858,-0.00018805100976582168
baseline-recovery-32,1,126,False,7.990498649319088,8.0,8.015268640400919,-0.009501350680912068,0.5003784553750563,0.5,0.5003784553750563,0.0003784553750563191,-0.6940935272561904,-0.694,-0.6937005228859254,-9.35272561904954e-05
baseline-recovery-32,1,127,False,5.9887569077291305,6.0,6.021702526251421,-0.011243092270869504,0.5005403937242792,0.5,0.5005403937242792,0.0005403937242791645,0.0958304810786616,0.096,0.09461810640593564,-0.00016951892133840185
baseline-recovery-32,1,128,False,16.002778769783806,16.0,16.000664308655946,0.002778769783805757,0.5000388080425875,0.5,0.5000388080425875,3.880804258749038e-05,-0.2851345663361253,-0.285,-0.28450873674972343,-0.0001345663361252969
baseline-recovery-32,1,129,False,6.991884312370092,7.0,7.0217102822951345,-0.008115687629907775,0.5004428052300839,0.5,0.5004428052300839,0.00044280523008388695,-0.5920476189552016,-0.592,-0.5929465103185655,-4.7618955201667035e-05
baseline-recovery-32,1,130,False,5.998831893247558,6.0,6.013709959809201,-0.0011681067524422772,0.4999732884395022,0.5,0.4999732884395022,-2.6711560497827413e-05,0.26694614795959865,0.267,0.26600575544294963,-5.3852040401369816e-05
baseline-recovery-32,1,131,False,5.99429357274889,6.0,6.00708211027553,-0.005706427251110036,0.5005038092791733,0.5,0.5005038092791733,0.0005038092791732618,0.5598720793715177,0.56,0.5640574065287154,-0.00012792062848232533
baseline-recovery-32,1,132,False,8.000729844832579,8.0,7.989785798623132,0.0007298448325787632,0.49977823653889997,0.5,0.49977823653889997,-0.00022176346110003298,-0.6727639947541555,-0.673,-0.6735849558629424,0.00023600524584455052
baseline-recovery-32,1,133,False,6.028930746323595,6.0,6.039637250869541,0.028930746323594825,0.5013693949312192,0.5,0.5013693949312192,0.0013693949312192366,-0.3922083748832,-0.392,-0.3934757855101702,-0.00020837488319996877
baseline-recovery-32,1,134,False,7.0017941497673695,7.0,7.009233820372977,0.0017941497673694684,0.5000700282228768,0.5,0.5000700282228768,7.002822287682786e-05,-0.5881169701285408,-0.588,-0.5919317198668774,-0.00011697012854083866
baseline-recovery-32,1,135,False,6.001952845209985,6.0,5.995461164355103,0.0019528452099848437,0.49975283790961283,0.5,0.49975283790961283,-0.0002471620903871652,0.2150949037804879,0.215,0.21588617645631936,9.490378048790382e-05
baseline-recovery-32,1,136,False,5.9938127137825274,6.0,5.974006307911924,-0.006187286217472554,0.4995382860926337,0.5,0.4995382860926337,-0.00046171390736632345,0.5599282606121873,0.56,0.5628948764639914,-7.173938781279698e-05
baseline-recovery-32,1,137,False,8.001699491591465,8.0,8.020069843091113,0.0016994915914647635,0.5004341834737656,0.5,0.5004341834737656,0.0004341834737655592,-0.6610284222415608,-0.661,-0.663251109767684,-2.84222415607438e-05
baseline-recovery-32,1,138,False,5.998132724675086,6.0,5.9995032584807975,-0.0018672753249138196,0.4999164970095012,0.5,0.4999164970095012,-8.350299049880716e-05,-0.004880190758184628,-0.005,-0.006071614521579517,0.00011980924181537178
baseline-recovery-32,1,139,False,5.996077294032594,6.0,6.006774516704013,-0.003922705967405626,0.5003032834369618,0.5,0.5003032834369618,0.0003032834369618431,-0.36211251299159486,-0.362,-0.36276714379261576,-0.00011251299159487083
baseline-recovery-32,1,140,False,5.9987128299633685,6.0,5.995601253032555,-0.0012871700366314798,0.4999557103265191,0.5,0.4999557103265191,-4.428967348091284e-05,-0.3599377925225683,-0.36,-0.358897889946587,6.220747743168609e-05
baseline-recovery-32,1,141,False,6.9949169257422295,7.0,7.018272046906729,-0.005083074257770548,0.5006007822854323,0.5,0.5006007822854323,0.0006007822854322553,-0.5899901260029796,-0.59,-0.5901908867557548,9.873997020348746e-06
baseline-recovery-32,1,142,False,6.000448159871046,6.0,5.98974430652886,0.00044815987104573907,0.4997221676371836,0.5,0.4997221676371836,-0.00027783236281642143,0.21401937991211642,0.214,0.21372062172557654,1.937991211642398e-05
baseline-recovery-32,1,143,False,6.0017643470038555,6.0,5.98704185631556,0.0017643470038555265,0.49979041247524086,0.5,0.49979041247524086,-0.0002095875247591361,0.5600375783529928,0.56,0.5637502711576093,3.7578352992784225e-05
baseline-recovery-32,1,144,False,7.99989604059688,8.0,8.006794397188035,-0.00010395940311980212,0.4999983350348342,0.5,0.4999983350348342,-1.6649651657929532e-06,-0.6569332046766551,-0.657,-0.6589530623071002,6.679532334497029e-05
baseline-recovery-32,1,145,False,6.002341303393804,6.0,5.994647027242109,0.002341303393803784,0.5000840394619976,0.5,0.5000840394619976,8.403946199764256e-05,-0.03206119361351562,-0.032,-0.03161227257636807,-6.11936135156213e-05
baseline-recovery-32,1,146,False,5.9971920471073235,6.0,5.999117496173612,-0.0028079528926765462,0.500295174266263,0.5,0.500295174266263,0.0002951742662630208,-0.15417000876967377,-0.154,-0.1532547338882723,-0.00017000876967376843
baseline-recovery-32,1,147,False,5.999034313381318,6.0,6.0057185417208485,-0.0009656866186817936,0.5001790750181314,0.5,0.5001790750181314,0.0001790750181314138,-0.3600509688196818,-0.36,-0.3609519286759513,-5.0968819681807e-05
baseline-recovery-32,1,148,False,6.000835483432067,6.0,5.999340260412137,0.0008354834320671856,0.5000287151673743,0.5,0.5000287151673743,2.8715167374349093e-05,-0.33201390799320313,-0.332,-0.3322178331520786,-1.3907993203110536e-05
baseline-recovery-32,1,149,False,6.998846710932143,7.0,7.007433756250899,-0.0011532890678571661,0.5001928400951096,0.5,0.5001928400951096,0.0001928400951095588,-0.5930873374401087,-0.593,-0.5952769081351992,-8.733744010869238e-05
baseline-recovery-32,1,150,False,5.9900168685392945,6.0,5.995546479427697,-0.009983131460705508,0.5005229157373927,0.5,0.5005229157373927,0.0005229157373927151,0.24188292052123309,0.242,0.2432460659205083,-0.00011707947876690716
baseline-recovery-32,1,151,False,6.001474167238235,6.0,5.997629376274536,0.0014741672382347915,0.5001676031077169,0.5,0.5001676031077169,0.00016760310771690712,0.5569850698007867,0.557,0.5604917040360347,-1.4930199213392115e-05
baseline-recovery-32,1,152,False,8.002100641515835,8.0,8.00807122427154,0.002100641515834667,0.5000678395915986,0.5,0.5000678395915986,6.783959159861741e-05,-0.6631656610954312,-0.663,-0.6657517797554254,-0.0001656610954311466
baseline-recovery-32,1,153,False,6.001039961203089,6.0,5.987386570795791,0.0010399612030891348,0.5000368074224688,0.5,0.5000368074224688,3.680742246880975e-05,-0.23503792603968773,-0.235,-0.23411215804822955,-3.792603968774677e-05
baseline-recovery-32,1,154,False,6.001164246169041,6.0,6.00059134438473,0.0011642461690408723,0.5000334934033454,0.5,0.5000334934033454,3.349340334535267e-05,0.04892908198175209,0.049,0.04697938482771444,-7.091801824791327e-05
baseline-recovery-32,1,155,False,6.001272793364808,6.0,5.987659051449161,0.0012727933648077894,0.49978229685285785,0.5,0.49978229685285785,-0.00021770314714214534,-0.358860861924355,-0.359,-0.35656063271178123,0.00013913807564497338
baseline-recovery-32,1,156,False,6.001986173051249,6.0,6.0003586241672435,0.0019861730512493736,0.5000979389013931,0.5,0.5000979389013931,9.793890139309092e-05,-0.36111545205873047,-0.361,-0.36058368432445376,-0.00011545205873048081
baseline-recovery-32,1,157,False,7.02033456915267,7.0,6.996201058273997,0.020334569152669957,0.4994835375664686,0.5,0.4994835375664686,-0.0005164624335313728,-0.5659474384381311,-0.566,-0.5699829482830145,5.256156186883576e-05
baseline-recovery-32,1,158,False,6.012450770100055,6.0,5.982373357474586,0.01245077010005513,0.4994827772903634,0.5,0.4994827772903634,-0.0005172227096366111,0.10806187481300406,0.108,0.11060695156319074,6.18748130040564e-05
baseline-recovery-32,1,159,False,6.0023916612084305,6.0,5.998341404939745,0.0023916612084304845,0.5001718585302487,0.5,0.5001718585302487,0.000171858530248703,0.5810721096000687,0.581,0.5847055253695432,7.210960006875933e-05
baseline-recovery-32,1,160,False,7.997303712201409,8.0,8.011051800146623,-0.0026962877985914346,0.5001994088739062,0.5,0.5001994088739062,0.00019940887390623718,-0.6682274379125218,-0.668,-0.6714351743384452,-0.00022743791252177736
baseline-recovery-32,1,161,False,7.008352743921329,7.0,6.990497932286499,0.008352743921329342,0.49958218910051355,0.5,0.49958218910051355,-0.00041781089948644823,-0.30995497341717226,-0.31,-0.31128901902298384,4.5026582827734085e-05
baseline-recovery-32,1,162,False,6.012813479449667,6.0,5.980240302018955,0.012813479449667042,0.4995170826585381,0.5,0.4995170826585381,-0.0004829173414618859,0.1700286234533383,0.17,0.1699827601219988,2.8623453338288973e-05
baseline-recovery-32,1,163,False,6.002107839160722,6.0,5.99448381366889,0.0021078391607218805,0.5000673143776792,0.5,0.5000673143776792,6.731437767915072e-05,0.5670666867437278,0.567,0.5715716049232501,6.668674372789507e-05
baseline-recovery-32,1,164,False,7.9984143240987455,8.0,8.005472648786034,-0.0015856759012544686,0.4999679521651073,0.5,0.4999679521651073,-3.204783489269003e-05,-0.6699834774470375,-0.67,-0.6731298960660419,1.6522552962583426e-05
baseline-recovery-32,1,165,False,5.99887223681394,6.0,6.005230090789933,-0.0011277631860595605,0.5002456488400392,0.5,0.5002456488400392,0.0002456488400391921,-0.1960978427972627,-0.196,-0.19649378087847844,-9.784279726268719e-05
baseline-recovery-32,1,166,False,5.998140190865241,6.0,5.991614479422774,-0.0018598091347588053,0.49987511183474576,0.5,0.49987511183474576,-0.0001248881652542444,-0.16490905213990648,-0.165,-0.16289469341069662,9.094786009353206e-05
baseline-recovery-32,1,167,False,5.994207697044802,6.0,6.014099216907237,-0.005792302955198281,0.5004124464480426,0.5,0.5004124464480426,0.00041244644804261377,0.020943136552542124,0.021,0.019066763165324574,-5.686344745787705e-05
baseline-recovery-32,1,168,False,7.9971921960332,8.0,7.995048779932747,-0.0028078039667995824,0.4999260692129296,0.5,0.4999260692129296,-7.393078707040868e-05,6.576326661553062e-05,0.0,-0.0011484778476256571,6.576326661553062e-05
failed-only-best-6,0,1,True,7.014866932202575,7.0,7.0109325596115095,0.014866932202575178,0.5004580811710355,0.5,0.5004580811710355,0.00045808117103551815,-0.5921497964163679,-0.592,-0.5930928022526232,-0.00014979641636791996
failed-only-best-6,0,2,True,5.993977171532852,6.0,5.991208624808962,-0.006022828467147967,0.4997383043257315,0.5,0.4997383043257315,-0.0002616956742684806,0.24307209229102056,0.244,0.24521799265402391,-0.0009279077089794363
failed-only-best-6,0,3,True,6.0283857591369765,6.0,6.017203963813699,0.028385759136976496,0.5009053962511569,0.5,0.5009053962511569,0.0009053962511569313,0.5589575995845191,0.559,0.5611606822435669,-4.2400415480980946e-05
failed-only-best-6,0,4,True,7.99549743274794,8.0,8.002372953743286,-0.004502567252059997,0.4999173984928021,0.5,0.4999173984928021,-8.260150719791026e-05,-0.665074506138882,-0.665,-0.6673591718202978,-7.450613888193569e-05
failed-only-best-6,0,5,True,6.0116294074917755,6.0,6.017957239884586,0.011629407491775545,0.5004201239558947,0.5,0.5004201239558947,0.0004201239558947467,-0.2737135554902191,-0.274,-0.2757925056222613,0.0002864445097809365
failed-only-best-6,0,6,True,6.008549766895043,6.0,6.01248425977174,0.008549766895042943,0.5002463458328068,0.5,0.5002463458328068,0.00024634583280680467,0.07237926165303243,0.073,0.07257301840038559,-0.0006207383469675615
failed-only-best-6,0,7,True,16.006277835606674,16.0,16.004501586921982,0.006277835606674387,0.500055446958807,0.5,0.500055446958807,5.5446958806992797e-05,-0.1414749134159363,-0.141,-0.14112573548687773,-0.00047491341593630665
failed-only-best-6,0,8,True,6.003054661613102,6.0,6.003290760547973,0.00305466161310175,0.5001025030077423,0.5,0.5001025030077423,0.00010250300774228283,-0.06993270475938769,-0.07,-0.07017748291573718,6.729524061231673e-05
failed-only-best-6,0,9,True,7.00820141108991,7.0,7.011138570889192,0.008201411089910238,0.5003154374929958,0.5,0.5003154374929958,0.00031543749299578483,-0.5898589270626661,-0.589,-0.5914363211459903,-0.0008589270626661039
failed-only-best-6,0,10,True,5.998398731111189,6.0,5.997722412636315,-0.0016012688888107363,0.4999203373524401,0.5,0.4999203373524401,-7.966264755987496e-05,0.23519326896532675,0.235,0.2361112630993279,0.0001932689653267594
failed-only-best-6,0,11,True,6.005546077082753,6.0,6.007466690187045,0.005546077082753342,0.5001843049770052,0.5,0.5001843049770052,0.00018430497700516746,0.55880976890775,0.559,0.5599734040943205,-0.0001902310922500261
failed-only-best-6,0,12,True,8.003054276823859,8.0,8.003299074582676,0.003054276823858615,0.5000844007761016,0.5,0.5000844007761016,8.44007761016119e-05,-0.6560952033161309,-0.656,-0.6566288213592251,-9.52033161308874e-05
failed-only-best-6,0,13,True,5.9951463847406465,6.0,5.9952804299420075,-0.004853615259353461,0.4998320003735927,0.5,0.4998320003735927,-0.00016799962640728916,-0.15543346223699822,-0.156,-0.15588040708153877,0.0005665377630017787
failed-only-best-6,0,14,True,6.009339357596836,6.0,6.00818761815441,0.00933935759683635,0.500343841530458,0.5,0.500343841530458,0.0003438415304579667,0.006455841325245155,0.007,0.005940784119647548,-0.0005441586747548452
failed-only-best-6,0,15,True,6.006185221361609,6.0,6.004116969411864,0.006185221361609372,0.5002123886169351,0.5,0.5002123886169351,0.0002123886169350664,-0.20409145721714683,-0.204,-0.2038386733706321,-9.14572171468453e-05
failed-only-best-6,0,16,True,6.009831263476256,6.0,6.0065288030093065,0.009831263476256069,0.5003211600222911,0.5,0.5003211600222911,0.0003211600222911004,-0.20562776162076704,-0.205,-0.20451312178563402,-0.0006277616207670533
failed-only-best-6,0,17,True,6.003419685154891,6.0,6.002592597509118,0.0034196851548911056,0.5000990124904897,0.5,0.5000990124904897,9.901249048971383e-05,-0.17736745136039117,-0.177,-0.17770629223894557,-0.00036745136039118
failed-only-best-6,0,18,True,6.000641647164,6.0,6.001839210869717,0.0006416471639996146,0.5000018646861798,0.5,0.5000018646861798,1.8646861797977365e-06,-0.1789628312945082,-0.179,-0.1798128148756159,3.7168705491780196e-05
failed-only-best-6,0,19,True,6.007398995246034,6.0,6.004967826560263,0.007398995246034268,0.5002536475644732,0.5,0.5002536475644732,0.0002536475644732139,-0.1821478688679173,-0.182,-0.18138820896902988,-0.0001478688679173168
failed-only-best-6,0,20,True,7.011207943190417,7.0,7.000953090437794,0.011207943190417069,0.5003573035687318,0.5,0.5003573035687318,0.0003573035687317594,-0.5905993624705391,-0.59,-0.5921378397305175,-0.0005993624705391554
failed-only-best-6,0,21,True,6.009538093436768,6.0,6.002187985249567,0.009538093436767703,0.5002971532558518,0.5,0.5002971532558518,0.00029715325585177865,0.23953307471535615,0.24,0.23954450194014265,-0.0004669252846438432
failed-only-best-6,0,22,True,5.997253182254696,6.0,5.985949740153244,-0.002746817745303609,0.49989412600102356,0.5,0.49989412600102356,-0.00010587399897643568,0.5576217272564633,0.558,0.5627087225518173,-0.000378272743536745
failed-only-best-6,0,23,True,7.990193289615857,8.0,7.991340352152177,-0.009806710384142825,0.4997569378706802,0.5,0.4997569378706802,-0.0002430621293197932,-0.6569588478877076,-0.658,-0.6591774082924231,0.0010411521122923872
failed-only-best-6,0,24,True,5.995012670913825,6.0,6.003029170201911,-0.004987329086175052,0.4998083098279756,0.5,0.4998083098279756,-0.00019169017202441685,-0.21481222801837796,-0.215,-0.2162119079539131,0.0001877719816220369
failed-only-best-6,0,25,True,5.99762443749212,6.0,5.996390599463197,-0.002375562507880069,0.4999475847372485,0.5,0.4999475847372485,-5.241526275151509e-05,-0.18975645288523105,-0.19,-0.18868971214063945,0.00024354711476895496
failed-only-best-6,0,26,True,5.999713942667991,6.0,5.997134179462288,-0.00028605733200937067,0.5000302323373453,0.5,0.5000302323373453,3.0232337345337257e-05,0.11621947255766354,0.116,0.1166553338190216,0.00021947255766353868
failed-only-best-6,0,27,True,6.993040769667871,7.0,6.998718874537209,-0.006959230332128641,0.49976606089008324,0.5,0.49976606089008324,-0.0002339391099167587,-0.6041344765370151,-0.604,-0.6064318407746243,-0.00013447653701514906
failed-only-best-6,0,28,True,5.997901924278122,6.0,5.995136500161228,-0.0020980757218778123,0.4999529424543557,0.5,0.4999529424543557,-4.7057545644324517e-05,0.9018239036290611,0.901,0.9053003971391687,0.0008239036290610402
failed-only-best-6,0,29,True,6.998986708650106,7.0,6.999470965268093,-0.0010132913498939189,0.49996118150325614,0.5,0.49996118150325614,-3.8818496743864284e-05,-0.9083151998310572,-0.908,-0.9098049824652661,-0.0003151998310572113
failed-only-best-6,0,30,True,6.997860272717701,7.0,6.997569357043592,-0.002139727282298942,0.4999330635705934,0.5,0.4999330635705934,-6.693642940658329e-05,-0.9061612594632815,-0.906,-0.9074794760215887,-0.00016125946328149343
failed-only-best-6,0,31,True,7.005411838468564,7.0,7.0108146726743765,0.005411838468564412,0.5001680105518901,0.5,0.5001680105518901,0.0001680105518900854,-0.5836653183612981,-0.584,-0.58527460801976,0.0003346816387018725
failed-only-best-6,0,32,True,5.980886136265616,6.0,5.98496893828583,-0.019113863734384395,0.4993178415679609,0.5,0.4993178415679609,-0.000682158432039115,0.2344992423585098,0.235,0.2323186914946576,-0.0005007576414901849
failed-only-best-6,0,33,True,6.0133735796737255,6.0,6.007859348803889,0.013373579673725544,0.5004784232479151,0.5,0.5004784232479151,0.00047842324791513846,0.56377867881249,0.563,0.5676465918831233,0.0007786788124900523
failed-only-best-6,0,34,True,7.997673101599538,8.0,8.000695092157526,-0.00232689840046163,0.4999690915363121,0.5,0.4999690915363121,-3.090846368791755e-05,-0.6635037626520472,-0.663,-0.665679866513771,-0.0005037626520472127
failed-only-best-6,0,35,True,5.998631658755475,6.0,6.005025277508891,-0.0013683412445253396,0.4999749544215087,0.5,0.4999749544215087,-2.5045578491311726e-05,-0.15249607801065795,-0.153,-0.15170682455155005,0.0005039219893420432
failed-only-best-6,0,36,True,6.000206602710325,6.0,6.0011882032619175,0.00020660271032468813,0.5000444812150684,0.5,0.5000444812150684,4.448121506839264e-05,0.022321000155571563,0.022,0.021393489087490395,0.0003210001555715644
failed-only-best-6,0,37,True,7.000061932780456,7.0,6.9992339511761035,6.193278045607542e-05,0.5000185020601273,0.5,0.5000185020601273,1.850206012732336e-05,-0.2960077211228239,-0.296,-0.29613544814891346,-7.72112282393378e-06
failed-only-best-6,0,38,True,5.999629954477737,6.0,5.997784619988818,-0.00037004552226260756,0.49994960803316774,0.5,0.49994960803316774,-5.039196683226388e-05,-0.18252181202438858,-0.182,-0.18133847468303016,-0.0005218120243885849
failed-only-best-6,0,39,True,6.004296117861954,6.0,6.003967648428247,0.004296117861954052,0.5001275348529504,0.5,0.5001275348529504,0.0001275348529503617,-0.012484438744040578,-0.012,-0.011925483307967069,-0.00048443874404057764
failed-only-best-6,0,40,True,7.0000825628505625,7.0,6.9999364416421646,8.256285056251755e-05,0.5000133675956807,0.5,0.5000133675956807,1.3367595680713329e-05,-0.22456856588149504,-0.225,-0.22538162853455626,0.00043143411850496416
failed-only-best-6,0,41,True,6.99753766179877,7.0,6.992292649492352,-0.0024623382012300965,0.49991796550788076,0.5,0.49991796550788076,-8.203449211924285e-05,-0.5681029054290035,-0.568,-0.568223141395805,-0.0001029054290035969
failed-only-best-6,0,42,True,5.985623557778357,6.0,5.992771558269457,-0.014376442221642804,0.49949472260070615,0.5,0.49949472260070615,-0.0005052773992938464,0.24588292275740845,0.246,0.24558757757279798,-0.00011707724259155117
failed-only-best-6,0,43,True,6.021448270165043,6.0,6.026023451444704,0.021448270165042693,0.5006797958085113,0.5,0.5006797958085113,0.0006797958085112965,0.5702415091352122,0.57,0.5696698442511536,0.00024150913521225892
failed-only-best-6,0,44,True,7.988614337013772,8.0,7.988708143742928,-0.01138566298622834,0.4997633656585471,0.5,0.4997633656585471,-0.00023663434145287932,-0.6723274639053063,-0.673,-0.6723763270584516,0.0006725360946937542
failed-only-best-6,0,45,True,6.0128918142971,6.0,6.016944045671825,0.012891814297099735,0.5004728042420458,0.5,0.5004728042420458,0.00047280424204576565,-0.27596040277933137,-0.276,-0.277605603377994,3.9597220668652344e-05
failed-only-best-6,0,46,True,5.99942394011866,6.0,5.9927385344093205,-0.0005760598813395745,0.49998255875579917,0.5,0.49998255875579917,-1.744124420083315e-05,0.7033585459539816,0.704,0.7068822121260616,-0.0006414540460183416
failed-only-best-6,0,47,True,8.00361659191416,8.0,8.005179290969897,0.003616591914159528,0.500098177623269,0.5,0.500098177623269,9.817762326902457e-05,-0.770794433813968,-0.771,-0.7722943454509246,0.000205566186032069
failed-only-best-6,0,48,True,8.004889594308894,8.0,8.007022870326043,0.004889594308894019,0.5001086211016603,0.5,0.5001086211016603,0.00010862110166032224,-0.761082964534888,-0.761,-0.7629177949784498,-8.296453488798594e-05
failed-only-best-6,0,49,True,7.0144603138779065,7.0,7.014713591489294,0.014460313877906472,0.5004925966873642,0.5,0.5004925966873642,0.0004925966873642329,-0.5765259590428977,-0.575,-0.5773233552206982,-0.001525959042897762
failed-only-best-6,0,50,True,6.036598132042406,6.0,6.0040049757954925,0.03659813204240603,0.5011392641805249,0.5,0.5011392641805249,0.0011392641805249015,0.23284531374227735,0.234,0.23499995095110043,-0.0011546862577226646
failed-only-best-6,0,51,True,6.021832831142894,6.0,6.012187590005447,0.021832831142893916,0.5006276258888629,0.5,0.5006276258888629,0.0006276258888628927,0.5660707755495767,0.568,0.5680953013222177,-0.001929224450423206
failed-only-best-6,0,52,True,8.000156701414074,8.0,8.004411739656385,0.00015670141407397864,0.4999850831120401,0.5,0.4999850831120401,-1.4916887959903757e-05,-0.6804324236424418,-0.681,-0.682531830663859,0.0005675763575582193
failed-only-best-6,0,53,True,5.990716886052126,6.0,5.987792191211192,-0.009283113947874178,0.4996294530399201,0.5,0.4996294530399201,-0.0003705469600798761,-0.20658279795573217,-0.207,-0.20657455760419954,0.00041720204426781704
failed-only-best-6,0,54,True,6.010278539344958,6.0,6.004194724531313,0.010278539344957593,0.5004125816764146,0.5,0.5004125816764146,0.00041258167641455845,-0.22235293727554348,-0.223,-0.22295487557794116,0.0006470627244565264
failed-only-best-6,0,55,True,6.003745805738277,6.0,5.996639759855425,0.003745805738277319,0.5001281133456277,0.5,0.5001281133456277,0.0001281133456276784,0.6917239115718489,0.693,0.695220242764534,-0.0012760884281510787
failed-only-best-6,0,56,True,8.014363514348217,8.0,8.019550878467873,0.01436351434821681,0.5003703756384591,0.5,0.5003703756384591,0.00037037563845909727,-0.7723769735660159,-0.772,-0.7748167382887194,-0.00037697356601584797
failed-only-best-6,0,57,True,8.010957087304103,8.0,8.008796429747658,0.010957087304102942,0.5002619840251992,0.5,0.5002619840251992,0.00026198402519916897,-0.7642470494583583,-0.764,-0.7651642053395189,-0.00024704945835829495
failed-only-best-6,0,58,True,7.016786056418091,7.0,7.011017417661423,0.016786056418091277,0.5005433041036775,0.5,0.5005433041036775,0.0005433041036775332,-0.5851769810942894,-0.585,-0.5865374989948562,-0.0001769810942894301
failed-only-best-6,0,59,True,5.9822479368444945,6.0,5.976142014055358,-0.017752063155505482,0.499418017638441,0.5,0.499418017638441,-0.0005819823615589859,0.23821768315422642,0.238,0.23983943656622606,0.00021768315422643347
failed-only-best-6,0,60,True,6.005024692846456,6.0,5.9922720037726815,0.005024692846456347,0.5001722354881647,0.5,0.5001722354881647,0.00017223548816469592,0.562142029193046,0.561,0.5674925058304678,0.001142029193045957
failed-only-best-6,0,61,True,7.992859142894422,8.0,7.99072749056229,-0.007140857105578213,0.4998053482904937,0.5,0.4998053482904937,-0.0001946517095062772,-0.6520317416932607,-0.652,-0.6541852058862417,-3.174169326070064e-05
failed-only-best-6,0,62,True,5.996986382014238,6.0,5.999289756070248,-0.0030136179857622736,0.49990547956450415,0.5,0.49990547956450415,-9.452043549584843e-05,-0.2137303560528011,-0.214,-0.21465515480622482,0.00026964394719888873
failed-only-best-6,0,63,True,6.001831703117377,6.0,6.001070462909245,0.0018317031173769038,0.5000826287862021,0.5,0.5000826287862021,8.262878620213243e-05,-0.1639628016383669,-0.164,-0.16386907053556404,3.719836163310064e-05
failed-only-best-6,0,64,True,6.001705830681,6.0,5.996368034791601,0.0017058306809998314,0.500036530469837,0.5,0.500036530469837,3.6530469836981716e-05,-0.19136008072531677,-0.191,-0.19016636827112376,-0.0003600807253167637
failed-only-best-6,0,65,True,6.001637872063287,6.0,6.0013380757597545,0.001637872063287027,0.5000537657393799,0.5,0.5000537657393799,5.3765739379874056e-05,0.03702084623519071,0.037,0.03627703803953373,2.0846235190712104e-05
failed-only-best-6,0,66,True,6.9970392838353845,7.0,6.996333312181774,-0.0029607161646154623,0.4999210580706769,0.5,0.4999210580706769,-7.89419293231175e-05,-0.39778319936443074,-0.398,-0.3973970188111376,0.00021680063556928086
failed-only-best-6,0,67,True,7.0092061650234605,7.0,7.0070467975463355,0.0092061650234605,0.500274739438988,0.5,0.500274739438988,0.00027473943898803643,-0.5802018990975026,-0.579,-0.5853541486476473,-0.0012018990975026789
failed-only-best-6,0,68,True,6.052102079323599,6.0,6.031642635689204,0.05210207932359889,0.5016900424647946,0.5,0.5016900424647946,0.00169004246479465,0.19145259677264262,0.193,0.19440930929080014,-0.0015474032273573857
failed-only-best-6,0,69,True,6.0059868161684316,6.0,6.000729758173228,0.005986816168431552,0.5000802650643882,0.5,0.5000802650643882,8.026506438818526e-05,0.5652188138681199,0.567,0.567764386428511,-0.0017811861318800526
failed-only-best-6,0,70,True,7.99679312409528,8.0,8.00212129196237,-0.003206875904719908,0.4998842596744237,0.5,0.4998842596744237,-0.00011574032557631897,-0.6697734274572145,-0.671,-0.6732793982318644,0.0012265725427855756
failed-only-best-6,0,71,True,6.012159724749343,6.0,6.0057012034625075,0.012159724749342793,0.5002889977917384,0.5,0.5002889977917384,0.0002889977917384101,0.07771832593866802,0.079,0.07742552517885412,-0.0012816740613319777
failed-only-best-6,0,72,True,7.9953452022869715,8.0,7.992072214258704,-0.004654797713028458,0.49990661925889807,0.5,0.49990661925889807,-9.338074110193384e-05,-0.48786856289590097,-0.489,-0.4873655505162293,0.00113143710409902
failed-only-best-6,0,73,True,7.016227591142088,7.0,7.013663334411103,0.016227591142087938,0.5005305334691007,0.5,0.5005305334691007,0.0005305334691007024,-0.5727159503194261,-0.573,-0.5738648393716079,0.00028404968057382796
failed-only-best-6,0,74,True,6.008799852834137,6.0,6.016822826011777,0.008799852834137312,0.5002811632339662,0.5,0.5002811632339662,0.00028116323396620846,0.1684209666708266,0.169,0.16667638550734187,-0.0005790333291734173
failed-only-best-6,0,75,True,5.992826991979061,6.0,5.9910947122914155,-0.007173008020939342,0.49971398909825926,0.5,0.49971398909825926,-0.00028601090174074084,0.5649216992870729,0.565,0.5687033798661966,-7.830071292702634e-05
failed-only-best-6,0,76,True,7.99542086385537,8.0,7.999431687816485,-0.004579136144630347,0.49987740861860247,0.5,0.49987740861860247,-0.0001225913813975299,-0.6583547381938649,-0.659,-0.6604963942930049,0.0006452618061351112
failed-only-best-6,0,77,True,6.010485676044088,6.0,6.008349213927932,0.010485676044088343,0.5002801761108442,0.5,0.5002801761108442,0.00028017611084418803,0.23120869739674282,0.232,0.23266129983806869,-0.0007913026032571879
failed-only-best-6,0,78,True,7.990596522555553,8.0,7.993770878699515,-0.009403477444447361,0.4997091422242658,0.5,0.4997091422242658,-0.0002908577757341768,-0.4935199482769384,-0.494,-0.4943845715983186,0.00048005172306159194
failed-only-best-6,0,79,True,6.005909591342771,6.0,6.00569452093278,0.005909591342771137,0.5002314682763579,0.5,0.5002314682763579,0.00023146827635789347,-0.41301624336301,-0.413,-0.4133549153754794,-1.6243363010037815e-05
failed-only-best-6,0,80,True,6.999772303706744,7.0,7.01288418754514,-0.00022769629325569696,0.4999921078030688,0.5,0.4999921078030688,-7.89219693120291e-06,-0.5859234490374885,-0.586,-0.5881255498305321,7.655096251146798e-05
failed-only-best-6,0,81,True,6.0029283289059086,6.0,5.998801796866568,0.0029283289059085504,0.5001000209497279,0.5,0.5001000209497279,0.0001000209497279414,0.23526176173110488,0.235,0.23496864320126853,0.0002617617311048981
failed-only-best-6,0,82,True,5.982484892741605,6.0,5.9732375283612615,-0.017515107258394558,0.4994507316706601,0.5,0.4994507316706601,-0.0005492683293398803,0.560431942669839,0.561,0.563030727684445,-0.0005680573301610758
failed-only-best-6,0,83,True,7.998180517136598,8.0,7.999333917757897,-0.0018194828634019444,0.49994415564220035,0.5,0.49994415564220035,-5.584435779965036e-05,-0.6610893979894098,-0.662,-0.6623214923761123,0.0009106020105902335
failed-only-best-6,0,84,True,5.991064630217926,6.0,5.975562950274482,-0.008935369782074432,0.49967861364239335,0.5,0.49967861364239335,-0.0003213863576066456,-0.14781260575935665,-0.148,-0.1459140630663764,0.00018739424064334598
failed-only-best-6,0,85,True,6.006233711929822,6.0,6.005631342612932,0.006233711929821695,0.5002155384819175,0.5,0.5002155384819175,0.0002155384819174655,-0.04386254345844776,-0.044,-0.045287627228965496,0.0001374565415522347
failed-only-best-6,0,86,True,5.996872275713745,6.0,5.997099611289937,-0.0031277242862550736,0.49987501431892023,0.5,0.49987501431892023,-0.00012498568107977004,-0.1822054617496744,-0.182,-0.180546844595603,-0.000205461749674396
failed-only-best-6,0,87,True,6.006423973022223,6.0,6.00811833113035,0.00642397302222264,0.5002385155784658,0.5,0.5002385155784658,0.00023851557846576998,-0.18253028066214744,-0.182,-0.1820415040376808,-0.0005302806621474421
failed-only-best-6,0,88,True,6.012998785562362,6.0,6.012675493933303,0.012998785562362336,0.5004629115731707,0.5,0.5004629115731707,0.0004629115731706879,-0.33422412013538105,-0.334,-0.3366302301068036,-0.00022412013538103404
failed-only-best-6,0,89,True,6.005412901709872,6.0,6.008726426162777,0.0054129017098718535,0.5001744633096379,0.5,0.5001744633096379,0.00017446330963788448,-0.3449662601690819,-0.345,-0.34689167871226906,3.3739830918089186e-05
failed-only-best-6,0,90,True,6.0057788322347605,6.0,6.001203927486338,0.0057788322347605,0.5001790025839891,0.5,0.5001790025839891,0.000179002583989063,0.40235754631878634,0.403,0.4056305282356159,-0.0006424536812136838
failed-only-best-6,0,91,True,8.00774184597529,8.0,8.008788006552376,0.007741845975289152,0.5001998772340055,0.5,0.5001998772340055,0.00019987723400549662,-0.5682293071676008,-0.568,-0.5692173713206548,-0.00022930716760083403
failed-only-best-6,0,92,True,7.01489705339419,7.0,7.021839203544023,0.014897053394189896,0.500475605316396,0.5,0.500475605316396,0.00047560531639601056,-0.5888395827714116,-0.589,-0.5895733457663046,0.00016041722858839425
failed-only-best-6,0,93,True,5.993057861772723,6.0,5.9880013460537915,-0.006942138227277184,0.4997637513850333,0.5,0.4997637513850333,-0.00023624861496668315,0.23249512633121677,0.233,0.23155332381422036,-0.00050487366878324
failed-only-best-6,0,94,True,5.9944934629792455,6.0,5.990796711116034,-0.005506537020754543,0.49978352049570113,0.5,0.49978352049570113,-0.00021647950429887208,0.5654454316766461,0.565,0.5684169919291419,0.00044543167664612415
failed-only-best-6,0,95,True,7.987132341528423,8.0,7.983971951584479,-0.012867658471576782,0.49970565753726554,0.5,0.49970565753726554,-0.00029434246273446485,-0.6678949561778232,-0.669,-0.6690141848450597,0.0011050438221767989
failed-only-best-6,0,96,True,6.015853253244926,6.0,6.0162217037570285,0.015853253244926258,0.5005371472246072,0.5,0.5005371472246072,0.0005371472246071818,-0.13335809289009967,-0.133,-0.1325809542115527,-0.00035809289009966494
failed-only-best-6,0,97,True,5.994351471250468,6.0,5.9942354223776695,-0.0056485287495320335,0.49977530595264286,0.5,0.49977530595264286,-0.0002246940473571435,-0.17525606842178326,-0.175,-0.1754088242232815,-0.00025606842178327316
failed-only-best-6,0,98,True,5.998456115650453,6.0,5.996403413153947,-0.0015438843495472199,0.4999378679514639,0.5,0.4999378679514639,-6.21320485361121e-05,-0.08266626453284316,-0.083,-0.08247479230097778,0.00033373546715684266
failed-only-best-6,0,99,True,6.003681731668332,6.0,5.998923446624051,0.003681731668332411,0.5001463067333847,0.5,0.5001463067333847,0.00014630673338467126,0.01345860390599374,0.013,0.013059709886211466,0.00045860390599374024
failed-only-best-6,0,100,True,6.9996757469840825,7.0,6.998605760024255,-0.00032425301591754163,0.5000063864797485,0.5,0.5000063864797485,6.38647974848805e-06,-0.3099659732991471,-0.31,-0.3099358548118722,3.402670085289605e-05
failed-only-best-6,0,101,True,5.999158543546221,6.0,5.998498358448297,-0.0008414564537790881,0.4999801647233841,0.5,0.4999801647233841,-1.983527661592044e-05,0.19474865806362898,0.195,0.19561965922956287,-0.00025134193637102453
failed-only-best-6,0,102,True,6.001346066491175,6.0,6.005919915625524,0.0013460664911750797,0.5000573962408204,0.5,0.5000573962408204,5.7396240820351e-05,-0.23022435715477607,-0.23,-0.22927448536671208,-0.00022435715477606144
failed-only-best-6,0,103,True,5.998153871697324,6.0,6.0010400292585055,-0.0018461283026756092,0.4999076787965034,0.5,0.4999076787965034,-9.232120349661477e-05,-0.26788064139518586,-0.268,-0.2697715846205496,0.00011935860481415705
failed-only-best-6,0,104,True,6.007380005473226,6.0,6.007496181587211,0.007380005473225815,0.5002376818040964,0.5,0.5002376818040964,0.00023768180409644568,-0.21353739940803887,-0.213,-0.21525190853813111,-0.0005373994080388744
failed-only-best-6,0,105,True,6.000901645870293,6.0,5.996425523258954,0.0009016458702930663,0.5000209268650848,0.5,0.5000209268650848,2.0926865084813784e-05,-0.18993684702628563,-0.19,-0.18769645925384632,6.31529737143699e-05
failed-only-best-6,0,106,True,6.996744256636606,7.0,6.996662980403095,-0.0032557433633941812,0.49989546924068745,0.5,0.49989546924068745,-0.00010453075931254885,-0.5853672864333337,-0.585,-0.586943013289752,-0.00036728643333372446
failed-only-best-6,0,107,True,5.993844825599816,6.0,5.998989186261428,-0.0061551744001837605,0.4997668145503492,0.5,0.4997668145503492,-0.0002331854496507857,0.2445067672302704,0.244,0.24484392145313244,0.0005067672302704052
failed-only-best-6,0,108,True,5.985473890285749,6.0,5.988377010116582,-0.014526109714251056,0.49955193895455074,0.5,0.49955193895455074,-0.00044806104544925507,0.5610321557474358,0.561,0.5626618921006613,3.215574743575811e-05
failed-only-best-6,0,109,True,8.014054641206886,8.0,8.022960390660929,0.014054641206886487,0.5003905368059801,0.5,0.5003905368059801,0.00039053680598011287,-0.6642655667797641,-0.664,-0.6661148530709001,-0.0002655667797640815
failed-only-best-6,0,110,True,6.003847975716093,6.0,6.002612505310956,0.0038479757160931882,0.5001352172485112,0.5,0.5001352172485112,0.0001352172485111769,-0.2377293168612263,-0.238,-0.23687224951449698,0.0002706831387736808
failed-only-best-6,0,111,True,5.998451595733916,6.0,5.995292311935981,-0.001548404266084269,0.49993808281895274,0.5,0.49993808281895274,-6.191718104725519e-05,0.6720987524111989,0.673,0.6725723679344839,-0.0009012475888011684
failed-only-best-6,0,112,True,8.010544068827702,8.0,8.01247904278654,0.010544068827702091,0.5002782209744383,0.5,0.5002782209744383,0.0002782209744383035,-0.6590324295993245,-0.659,-0.6603691043920092,-3.242959932447942e-05
failed-only-best-6,0,113,True,7.0100935837885885,7.0,7.004572352585648,0.01009358378858849,0.5003011510320925,0.5,0.5003011510320925,0.00030115103209249483,-0.8722340618337119,-0.872,-0.871334670106177,-0.00023406183371188494
failed-only-best-6,0,114,True,7.010889776176876,7.0,7.016309666186057,0.010889776176876254,0.5002711227679787,0.5,0.5002711227679787,0.00027112276797869317,-0.5841399172861442,-0.584,-0.5857071121482317,-0.00013991728614426435
failed-only-best-6,0,115,True,6.006652058261649,6.0,5.995350338197524,0.006652058261648719,0.5001992123652532,0.5,0.5001992123652532,0.00019921236525322072,0.2328173974432393,0.234,0.23412100026603988,-0.0011826025567607257
failed-only-best-6,0,116,True,6.0203178783970905,6.0,6.011136422448133,0.02031787839709054,0.5006101203329214,0.5,0.5006101203329214,0.0006101203329214044,0.562613647030417,0.562,0.5630324731195737,0.0006136470304169972
failed-only-best-6,0,117,True,7.989110501365691,8.0,7.988627809536433,-0.010889498634308659,0.49972738981082465,0.5,0.49972738981082465,-0.0002726101891753485,-0.6659066133781841,-0.666,-0.6670216104332831,9.338662181590518e-05
failed-only-best-6,0,118,True,6.006864852643741,6.0,6.0068663941988225,0.006864852643740704,0.5001973050623366,0.5,0.5001973050623366,0.00019730506233661682,-0.2124283724883071,-0.212,-0.21277481642640317,-0.0004283724883070994
failed-only-best-6,0,119,True,5.996098518502471,6.0,5.988515561520912,-0.0039014814975288914,0.49986903080065276,0.5,0.49986903080065276,-0.00013096919934724172,-0.19016519663906772,-0.191,-0.189256957351762,0.0008348033609322791
failed-only-best-6,0,120,True,5.998673096123207,6.0,5.995568501867051,-0.0013269038767926844,0.4999982862874513,0.5,0.4999982862874513,-1.7137125487010074e-06,0.6667453362914219,0.667,0.6679651690854896,-0.00025466370857818443
failed-only-best-6,0,121,True,8.011584138280803,8.0,8.012566887616135,0.011584138280802847,0.5003113248605067,0.5,0.5003113248605067,0.00031132486050666763,-0.6534453023200958,-0.653,-0.6550380650299255,-0.000445302320095764
failed-only-best-6,0,122,True,7.0109942145444055,7.0,7.0099133883055025,0.010994214544405523,0.5003436909648319,0.5,0.5003436909648319,0.00034369096483188866,-0.8776015630711055,-0.877,-0.8777817849391132,-0.000601563071105482
failed-only-best-6,0,123,True,6.99296546171934,7.0,6.9890661053004814,-0.00703453828066003,0.4997407130827343,0.5,0.4997407130827343,-0.00025928691726567754,-0.5583909265122767,-0.558,-0.5569295354739512,-0.0003909265122766792
failed-only-best-6,0,124,True,6.015989747667278,6.0,6.009925619295915,0.015989747667277676,0.5004732116543461,0.5,0.5004732116543461,0.00047321165434610624,0.18561756103104915,0.186,0.18580116815849573,-0.00038243896895084895
failed-only-best-6,0,125,True,6.004109171550232,6.0,6.004932160831507,0.004109171550232382,0.5001544788655933,0.5,0.5001544788655933,0.00015447886559327717,0.5735370191834225,0.574,0.5733213529266947,-0.00046298081657747403
failed-only-best-6,0,126,True,8.010286784617971,8.0,8.010591506799365,0.010286784617971279,0.5002985872049471,0.5,0.5002985872049471,0.00029858720494713165,-0.694306026969067,-0.694,-0.6937097375247729,-0.0003060269690670081
failed-only-best-6,0,127,True,6.020728056064624,6.0,6.027914792688475,0.020728056064624134,0.5006375673296701,0.5,0.5006375673296701,0.0006375673296701301,0.0950903236865588,0.096,0.09318607396754389,-0.0009096763134412017
failed-only-best-6,0,128,True,16.006438239074296,16.0,16.00178202271657,0.0064382390742956375,0.5000578260874521,0.5,0.5000578260874521,5.7826087452084174e-05,-0.28534953735445395,-0.285,-0.28386187386452916,-0.00034953735445397704
failed-only-best-6,0,129,True,7.00695737772072,7.0,7.010154189613166,0.006957377720720359,0.5001698346433927,0.5,0.5001698346433927,0.00016983464339270782,-0.5916342919746754,-0.592,-0.5925799054682273,0.0003657080253245404
failed-only-best-6,0,130,True,5.999984453485878,6.0,6.011745578273935,-1.55465141222777e-05,0.4999253136774032,0.5,0.4999253136774032,-7.46863225967731e-05,0.26643225033606943,0.267,0.26597594030793803,-0.0005677496639305835
failed-only-best-6,0,131,True,6.017386790045802,6.0,6.007493111232354,0.017386790045802236,0.5005071053790651,0.5,0.5005071053790651,0.0005071053790650648,0.559792352684265,0.56,0.5639344187945148,-0.00020764731573508222
failed-only-best-6,0,132,True,7.9902075299686794,8.0,7.990795139544381,-0.009792470031320555,0.4998057537553411,0.5,0.4998057537553411,-0.00019424624465891327,-0.6724337573409442,-0.673,-0.6735736666244787,0.0005662426590558045
failed-only-best-6,0,133,True,6.037599928526127,6.0,6.036356617217906,0.03759992852612726,0.5012577007980812,0.5,0.5012577007980812,0.001257700798081185,-0.39403565274048663,-0.392,-0.39334734677299893,-0.0020356527404866154
failed-only-best-6,0,134,True,6.997614756885977,7.0,7.0059820471428935,-0.0023852431140234387,0.4999918710408637,0.5,0.4999918710408637,-8.128959136322056e-06,-0.5881902008465139,-0.588,-0.5918226769271671,-0.00019020084651388824
failed-only-best-6,0,135,True,5.993100484542566,6.0,5.99544375791377,-0.006899515457433836,0.49974023864766065,0.5,0.49974023864766065,-0.0002597613523393494,0.2156455684790685,0.215,0.21597111133963182,0.0006455684790684924
failed-only-best-6,0,136,True,5.985629507193035,6.0,5.976203696553015,-0.014370492806964563,0.4995804087742535,0.5,0.4995804087742535,-0.000419591225746474,0.5593309776389769,0.56,0.5626917897805989,-0.0006690223610231749
failed-only-best-6,0,137,True,8.0143359035076,8.0,8.017997826597576,0.014335903507600278,0.5003910446048864,0.5,0.5003910446048864,0.00039104460488637027,-0.6610556261225087,-0.661,-0.6630387612571796,-5.562612250864518e-05
failed-only-best-6,0,138,True,5.9964155814268985,6.0,5.999888458122815,-0.0035844185731015443,0.4999417993991577,0.5,0.4999417993991577,-5.8200600842273076e-05,-0.004148701695010872,-0.005,-0.006038282981570384,0.000851298304989128
failed-only-best-6,0,139,True,6.007544685086405,6.0,6.006636152225099,0.007544685086404712,0.5002779784670544,0.5,0.5002779784670544,0.0002779784670543517,-0.3627218327498642,-0.362,-0.362768889394245,-0.0007218327498642041
failed-only-best-6,0,140,True,5.9991659110431454,6.0,5.995621619906828,-0.0008340889568545506,0.4999402252622447,0.5,0.4999402252622447,-5.977473775531372e-05,-0.3604311220932132,-0.36,-0.3589496783573618,-0.0004311220932132209
failed-only-best-6,0,141,True,7.014557124497115,7.0,7.015632154670357,0.01455712449711477,0.5004990448589189,0.5,0.5004990448589189,0.00049904485891894,-0.5897658001455686,-0.59,-0.5903291443237211,0.000234199854431405
failed-only-best-6,0,142,True,5.991520682016728,6.0,5.988744853932022,-0.008479317983272061,0.4997077218062816,0.5,0.4997077218062816,-0.00029227819371840935,0.21392168637672765,0.214,0.21396074162385545,-7.831362327234692e-05
failed-only-best-6,0,143,True,5.993344556472226,6.0,5.986711745213352,-0.006655443527773919,0.4997825557715784,0.5,0.4997825557715784,-0.00021744422842162603,0.5605171126495132,0.56,0.5636032006900722,0.0005171126495131517
failed-only-best-6,0,144,True,7.999088980314154,8.0,8.00603332228668,-0.0009110196858461705,0.4999896272234041,0.5,0.4999896272234041,-1.037277659587943e-05,-0.6567586228289287,-0.657,-0.6589023019096242,0.00024137717107131085
failed-only-best-6,0,145,True,6.002313677291731,6.0,5.9929689815157525,0.0023136772917311532,0.5000523171294586,0.5,0.5000523171294586,5.2317129458634426e-05,-0.032071005977532194,-0.032,-0.031389312664538274,-7.100597753219307e-05
failed-only-best-6,0,146,True,6.007861919947563,6.0,5.997943043931864,0.00786191994756269,0.5002449109730853,0.5,0.5002449109730853,0.0002449109730853216,-0.15450769960635888,-0.154,-0.15325725254082476,-0.0005076996063588801
failed-only-best-6,0,147,True,6.00556408865091,6.0,6.006398071617922,0.005564088650910293,0.5002038511562344,0.5,0.5002038511562344,0.00020385115623444694,-0.36019955314998625,-0.36,-0.3611508797474043,-0.0001995531499862646
failed-only-best-6,0,148,True,6.0008104596223095,6.0,5.999126814723609,0.0008104596223095228,0.5000260027687987,0.5,0.5000260027687987,2.6002768798716325e-05,-0.33193691103381295,-0.332,-0.33218424615799147,6.308896618706372e-05
failed-only-best-6,0,149,True,7.005484376281423,7.0,7.005821737031367,0.0054843762814229535,0.5001523830918798,0.5,0.5001523830918798,0.00015238309187981525,-0.5933893453146618,-0.593,-0.5952353609487722,-0.00038934531466183753
failed-only-best-6,0,150,True,6.01802233485426,6.0,5.996958266091014,0.01802233485426008,0.5005733960258598,0.5,0.5005733960258598,0.0005733960258598181,0.2409814422004636,0.242,0.24328084271454092,-0.0010185577995363848
failed-only-best-6,0,151,True,6.007218265493541,6.0,5.997797968219693,0.007218265493540876,0.5001911057696081,0.5,0.5001911057696081,0.0001911057696081242,0.5568219428935693,0.557,0.5605745304793112,-0.00017805710643070682
failed-only-best-6,0,152,True,8.002320293321082,8.0,8.008615567798818,0.0023202933210821897,0.5000800139451403,0.5,0.5000800139451403,8.001394514034477e-05,-0.663222586591505,-0.663,-0.665764722385265,-0.00022258659150498072
failed-only-best-6,0,153,True,6.001792589167183,6.0,5.987814231876969,0.0017925891671826122,0.5000254713066283,0.5,0.5000254713066283,2.5471306628332968e-05,-0.23517924961048192,-0.235,-0.2342599214124728,-0.00017924961048193522
failed-only-best-6,0,154,True,6.000549999664067,6.0,6.000971042390635,0.0005499996640674354,0.5000477574419737,0.5,0.5000477574419737,4.775744197371701e-05,0.04946312379466356,0.049,0.047236422796240546,0.00046312379466355996
failed-only-best-6,0,155,True,5.994620292940354,6.0,5.989604115161542,-0.005379707059645966,0.4998231899703442,0.5,0.4998231899703442,-0.00017681002965580506,-0.35882937161997963,-0.359,-0.35686853614581815,0.00017062838002035452
failed-only-best-6,0,156,True,6.003582295055639,6.0,6.001302593747047,0.0035822950556392286,0.5001309196143333,0.5,0.5001309196143333,0.00013091961433331356,-0.36141000314344873,-0.361,-0.3607277280084267,-0.000410003143448745
failed-only-best-6,0,157,True,6.9851335026479076,7.0,6.997019558191374,-0.014866497352092445,0.4994908956360002,0.5,0.4994908956360002,-0.0005091043639998127,-0.5651632255095276,-0.566,-0.570132036024814,0.0008367744904723695
failed-only-best-6,0,158,True,5.9850869349358335,6.0,5.982731940208913,-0.014913065064166453,0.4994925083130285,0.5,0.4994925083130285,-0.0005074916869715063,0.10839415697946955,0.108,0.11045587691953616,0.00039415697946955375
failed-only-best-6,0,159,True,6.003942496125495,6.0,5.997299684326841,0.003942496125494799,0.5001585370322769,0.5,0.5001585370322769,0.000158537032276862,0.5816371562612311,0.581,0.5850127276891559,0.0006371562612311754
failed-only-best-6,0,160,True,8.007303393305444,8.0,8.011452218673766,0.007303393305443606,0.500204674232713,0.5,0.500204674232713,0.0002046742327129758,-0.6690353386269667,-0.668,-0.6716941851487712,-0.0010353386269666975
failed-only-best-6,0,161,True,6.988124580447609,7.0,6.990424442615316,-0.011875419552390909,0.49960132515052885,0.5,0.49960132515052885,-0.00039867484947114784,-0.31008726526017255,-0.31,-0.31080265172940535,-8.72652601725532e-05
failed-only-best-6,0,162,True,5.984664716935844,6.0,5.9799507165048436,-0.015335283064156435,0.49949167996829574,0.5,0.49949167996829574,-0.0005083200317042569,0.17061295202216953,0.17,0.16940030549436208,0.0006129520221695162
failed-only-best-6,0,163,True,6.003711386235611,6.0,5.998329862407415,0.0037113862356106253,0.5001706955877494,0.5,0.5001706955877494,0.0001706955877494032,0.567696095060582,0.567,0.5715220835148033,0.0006960950605821026
failed-only-best-6,0,164,True,7.998553115303507,8.0,8.007551957318105,-0.0014468846964925675,0.4999918990961958,0.5,0.4999918990961958,-8.100903804209025e-06,-0.670286436354285,-0.67,-0.6734669400461218,-0.00028643635428493575
failed-only-best-6,0,165,True,6.006181398357854,6.0,6.0043909036611645,0.006181398357854029,0.5002487246474162,0.5,0.5002487246474162,0.0002487246474162097,-0.1959590798210584,-0.196,-0.1961017037320418,4.0920178941611374e-05
failed-only-best-6,0,166,True,5.998384699501181,6.0,5.992361769358916,-0.0016153004988188613,0.49992099770489185,0.5,0.49992099770489185,-7.900229510815482e-05,-0.16544719229457636,-0.165,-0.16280191077116513,-0.00044719229457634846
failed-only-best-6,0,167,True,6.010795374516903,6.0,6.012695104554235,0.010795374516902712,0.5003781499485422,0.5,0.5003781499485422,0.00037814994854223904,0.02092876713654677,0.021,0.018887938146795052,-7.123286345322999e-05
failed-only-best-6,0,168,True,7.997270768584528,8.0,7.995073143166797,-0.0027292314154721,0.4999314901105523,0.5,0.4999314901105523,-6.850988944767655e-05,-0.00046238792479116886,0.0,-0.0009997240227302422,-0.00046238792479116886
