parameters,prediction,serial_id,n,A,B,C,truth_A,truth_B,truth_C,error_A,error_B,error_C,reference_A,reference_B,reference_C,qualified,stationarity,condition,reference_difference,loss
AB,analytic,1,100,6.989367591592367,0.5003040471671539,-0.592,7.0,0.5,-0.592,-0.010632408407633243,0.0003040471671539313,0.0,6.989367584708625,0.5003040469485541,-0.592,True,5.099444246673693e-11,7.209372272743302,9.848876148734977e-10,0.002828658982118216
AB,analytic,2,100,5.983745444714268,0.4990043586924708,0.244,6.0,0.5,0.244,-0.016254555285732053,-0.0009956413075292159,0.0,5.9837455064051825,0.4990043606355033,0.244,True,2.280525470825321e-11,8.41108936371531,1.0309749058164228e-08,0.0009859926905223936
AB,analytic,3,100,6.0612086865548935,0.5029129556015347,0.559,6.0,0.5,0.559,0.06120868655489353,0.002912955601534706,0.0,6.061208860020145,0.5029129607155396,0.559,True,1.2163132040491052e-09,8.968343215700814,2.861891993135026e-08,0.0015596474477577074
AB,analytic,4,100,7.995714990579379,0.49986963892979563,-0.665,8.0,0.5,-0.665,-0.004285009420621044,-0.0001303610702043656,0.0,7.995714754932298,0.49986963240898863,-0.665,True,3.170022361879122e-09,7.2214849233028096,2.947167086283329e-08,0.000796739935455339
AB,analytic,5,100,6.034140791182412,0.5017658793640049,-0.274,6.0,0.5,-0.274,0.03414079118241187,0.001765879364004852,0.0,6.034140664218285,0.5017658749229266,-0.274,True,6.414144112311425e-10,7.602087942840439,2.1040962020180792e-08,0.0019480274004973746
AB,analytic,6,100,5.932133165803636,0.4974885767686879,0.073,6.0,0.5,0.073,-0.06786683419636397,-0.0025114232313120932,0.0,5.932133116922202,0.4974885751661004,0.073,True,2.190300605914e-10,8.119489777807342,8.240110706446523e-09,0.0011279945240589505
AB,analytic,7,100,16.01596894915942,0.5002043606760811,-0.141,16.0,0.5,-0.141,0.0159689491594186,0.00020436067608109454,0.0,16.015968410001317,0.500204353921103,-0.141,True,2.1905840648593304e-09,7.944362724422432,3.366378287741456e-08,0.00022442415365460624
AB,analytic,8,100,6.0008542776221985,0.5000241529779659,-0.07,6.0,0.5,-0.07,0.0008542776221984738,2.4152977965874456e-05,0.0,6.000854339549743,0.500024155055509,-0.07,True,7.165009725523332e-10,7.914808663303257,1.0319788044469542e-08,1.9967755262277585e-05
AB,analytic,9,100,7.070886415711079,0.5023705162799043,-0.589,7.0,0.5,-0.589,0.07088641571107868,0.0023705162799042556,0.0,7.07088646107886,0.5023705177080727,-0.589,True,1.109219167397457e-09,7.235916166474708,6.416137747543811e-09,0.003595696929135428
AB,analytic,10,100,5.953149639558785,0.4984057376050739,0.235,6.0,0.5,0.235,-0.04685036044121471,-0.0015942623949261048,0.0,5.953149659062051,0.49840573822282985,0.235,True,5.0466945719467734e-11,8.391099982836149,3.2761255446419386e-09,0.0035068984591269834
AB,analytic,11,100,5.978916266487817,0.4989821015135368,0.559,6.0,0.5,0.559,-0.0210837335121834,-0.0010178984864632201,0.0,5.978916293776324,0.4989821023232414,0.559,True,5.8462098899658774e-12,8.920582510726984,4.564122679240382e-09,0.0012795639340118159
AB,analytic,12,100,7.995607839062191,0.4999851170892323,-0.656,8.0,0.5,-0.656,-0.004392160937809031,-1.4882910767677338e-05,0.0,7.9956078837215125,0.49998511832346126,-0.656,True,7.124872643727655e-10,7.233071252442086,5.5854817074111195e-09,0.0006688532614454853
AB,analytic,13,100,5.953580329776161,0.49768723243428764,-0.156,6.0,0.5,-0.156,-0.046419670223839304,-0.002312767565712359,0.0,5.953580277592547,0.4976872306451451,-0.156,True,3.803693915720931e-10,7.7527311408699076,8.765081007389747e-09,0.00445403391804642
AB,analytic,14,100,6.00828911692112,0.5003042070762886,0.007,6.0,0.5,0.007,0.008289116921120332,0.00030420707628864285,0.0,6.008288960113262,0.5003042019034035,0.007,True,1.5982801338500877e-09,8.042206461845913,2.609858733529551e-08,0.0005531951832474886
AB,analytic,15,100,6.013284562598695,0.5004331369258561,-0.204,6.0,0.5,-0.204,0.01328456259869526,0.00043313692585611463,0.0,6.013284559218983,0.5004331368093318,-0.204,True,2.4230170323765576e-11,7.70261727272012,5.620410068193909e-10,0.00018528996699159367
AB,analytic,16,100,6.0124430081031734,0.500296094854206,-0.205,6.0,0.5,-0.205,0.012443008103173447,0.00029609485420600823,0.0,6.012442947271346,0.5002960927567006,-0.205,True,7.598468059358869e-10,7.699758041944947,1.0117655584132586e-08,0.00018553533859128716
AB,analytic,17,100,6.00094226910901,0.4999168217116786,-0.177,6.0,0.5,-0.177,0.0009422691090099633,-8.317828832138385e-05,0.0,6.0009422082845285,0.499916819624541,-0.177,True,7.191747988421639e-10,7.741000801378718,1.0135821796621877e-08,8.485978273664894e-05
AB,analytic,18,100,5.9961151179949255,0.4998325719112199,-0.179,6.0,0.5,-0.179,-0.0038848820050745303,-0.0001674280887801194,0.0,5.996114942257783,0.49983256587434716,-0.179,True,2.1607280678558735e-09,7.7367882364305585,2.930850037291299e-08,8.286105976730321e-05
AB,analytic,19,100,6.012509453515527,0.5002646560870975,-0.182,6.0,0.5,-0.182,0.012509453515527014,0.00026465608709747013,0.0,6.012509355381335,0.5002646527204326,-0.182,True,1.2092320810121183e-09,7.736599455009556,1.632166952693414e-08,0.0001983013115527994
AB,analytic,20,100,7.0387251532814545,0.50191446753285,-0.59,7.0,0.5,-0.59,0.03872515328145454,0.0019144675328499616,0.0,7.038724929367255,0.5019144604541886,-0.59,True,1.614555248066794e-09,7.2279287226082545,3.1811754871239595e-08,0.003856033708090629
AB,analytic,21,100,5.910495977253152,0.49730034438547704,0.24,6.0,0.5,0.24,-0.08950402274684777,-0.0026996556145229555,0.0,5.910495938333142,0.4973003431478045,0.24,True,1.41493495731303e-10,8.38833266197835,6.584897523908021e-09,0.004284602238856406
AB,analytic,22,100,6.0122479131126605,0.5006507030860724,0.558,6.0,0.5,0.558,0.012247913112660491,0.0006507030860724017,0.0,6.012248153637032,0.5006507102063509,0.558,True,8.559526873177659e-10,8.939311391258627,4.0005729128344454e-08,0.0024624382141517527
AB,analytic,23,100,8.006412961724605,0.5000737042539506,-0.658,8.0,0.5,-0.658,0.006412961724604926,7.370425395059055e-05,0.0,8.006413196688891,0.5000737107413759,-0.658,True,3.3246926924944953e-09,7.232282632637891,2.9347009762995613e-08,0.0008789057491086666
AB,analytic,24,100,5.974159032121121,0.49775326767823236,-0.215,6.0,0.5,-0.215,-0.025840967878878907,-0.0022467323217676416,0.0,5.974158982985078,0.49775326597790887,-0.215,True,4.248086906528252e-10,7.659629960388925,8.224763104885785e-09,0.005137421816857689
AB,analytic,25,100,6.041035037596926,0.501845766059913,-0.19,6.0,0.5,-0.19,0.041035037596926394,0.0018457660599130454,0.0,6.041034818025867,0.5018457585269754,-0.19,True,1.812453320005691e-09,7.739247129588458,3.6346595864101245e-08,0.001513275214946189
AB,analytic,26,100,5.894382760082479,0.49711647890952865,0.116,6.0,0.5,0.116,-0.10561723991752103,-0.0028835210904713526,0.0,5.894382721224124,0.4971164776396369,0.116,True,2.5712665174517194e-10,8.185931455224512,6.5924383158992744e-09,0.006356958250606275
AB,analytic,27,100,6.999387482366694,0.49947829694296864,-0.604,7.0,0.5,-0.604,-0.0006125176333062754,-0.0005217030570313641,0.0,6.999387486631521,0.4994782970782467,-0.604,True,8.706031623404611e-11,7.188949854977918,6.093144022002865e-10,0.0041119657275530885
AB,analytic,28,100,5.983958012207245,0.499430224386138,0.901,6.0,0.5,0.901,-0.016041987792754675,-0.0005697756138620114,0.0,5.983957972835768,0.499430223287948,0.901,True,2.442442954468147e-10,9.48139495526009,6.579504326960097e-09,6.045181479818853e-05
AB,analytic,29,100,7.022759592653623,0.5007284142809468,-0.908,7.0,0.5,-0.908,0.022759592653622818,0.0007284142809468319,0.0,7.022759583864234,0.5007284139843946,-0.908,True,1.5663603221010418e-10,6.779861242911198,1.2515576898789334e-09,0.002145524170664648
AB,analytic,30,100,6.95214698288783,0.4991600249516183,-0.906,7.0,0.5,-0.906,-0.04785301711217027,-0.0008399750483816804,0.0,6.952146997223151,0.4991600254389296,-0.906,True,3.7443350909208945e-10,6.763937338309962,2.061999175237431e-09,0.0032208427620824087
AB,analytic,31,100,6.971107055131611,0.49879888085113805,-0.584,7.0,0.5,-0.584,-0.02889294486838878,-0.001201119148861951,0.0,6.97110722475132,0.49879888622576296,-0.584,True,3.137185933412288e-10,7.209052978295293,2.4331817462052622e-08,0.002917073073991627
AB,analytic,32,100,6.026589411844631,0.5005160677673225,0.235,6.0,0.5,0.235,0.026589411844630817,0.0005160677673224923,0.0,6.0265890590156035,0.500516056681683,0.235,True,1.5214010457305836e-09,8.412656405264237,5.854538997373525e-08,0.0034217078322610873
AB,analytic,33,100,6.032624627132357,0.5010552804457974,0.563,6.0,0.5,0.563,0.03262462713235692,0.0010552804457973908,0.0,6.03262481173444,0.50105528589225,0.563,True,9.400072317409751e-10,8.950541449771201,3.0600623893293075e-08,0.0011264546843052924
AB,analytic,34,100,8.008057714376118,0.5002997970142203,-0.663,8.0,0.5,-0.663,0.008057714376118241,0.00029979701422033767,0.0,8.008057706638338,0.500299796800329,-0.663,True,4.894159090169452e-11,7.227821231191112,9.662493041815004e-10,0.0005494795071507058
AB,analytic,35,100,5.895722676037836,0.4942665455154518,-0.153,6.0,0.5,-0.153,-0.10427732396216438,-0.005733454484548206,0.0,5.895722802447593,0.4942665498602784,-0.153,True,1.5908558758107358e-09,7.724812861438376,2.1440926170389495e-08,0.0037174895858624268
AB,analytic,36,100,6.009735137855393,0.4997527575386964,0.022,6.0,0.5,0.022,0.009735137855392928,-0.0002472424613035873,0.0,6.009735164530782,0.49975275841484085,0.022,True,2.0788201109486934e-09,8.06058346346997,4.4386962617318414e-09,0.00050405431585708
AB,analytic,37,100,6.99416094999112,0.49985723763578593,-0.296,7.0,0.5,-0.296,-0.0058390500088796315,-0.0001427623642140663,0.0,6.994160769571722,0.4998572322350706,-0.296,True,2.0616829416969893e-09,7.616323252947308,2.5795717287921938e-08,0.00026121541052567826
AB,analytic,38,100,6.001121194600868,0.5001054766356768,-0.182,6.0,0.5,-0.182,0.001121194600868236,0.00010547663567683774,0.0,6.001121355584351,0.5001054821675954,-0.182,True,2.056346045046809e-09,7.734621559455021,2.6825566924196407e-08,0.00020612013752198627
AB,analytic,39,100,6.0030721979587645,0.5000765461270311,-0.012,6.0,0.5,-0.012,0.0030721979587644554,7.654612703111852e-05,0.0,6.0030723023172,0.500076549584819,-0.012,True,1.113286145251811e-09,8.009103879328945,1.7384171040305683e-08,4.5939111649219745e-05
AB,analytic,40,100,6.9869822360422855,0.4996959199828958,-0.225,7.0,0.5,-0.225,-0.013017763957714479,-0.0003040800171041913,0.0,6.986982165226352,0.49969591788945505,-0.225,True,2.814293327873107e-10,7.712836511066479,1.0135410563421127e-08,0.00010507125377555595
AB,analytic,41,100,6.974709928053575,0.49967358807406503,-0.568,7.0,0.5,-0.568,-0.025290071946424852,-0.00032641192593496626,0.0,6.9747099293745265,0.4996735881158496,-0.568,True,3.605232084864246e-11,7.236985196246875,1.893915821131859e-10,0.0027634982441516183
AB,analytic,42,100,5.906163754096469,0.4977623354646528,0.246,6.0,0.5,0.246,-0.0938362459035309,-0.0022376645353471836,0.0,5.906163726606995,0.4977623345902192,0.246,True,9.112557379285592e-11,8.404067976526244,4.65437040910127e-09,0.007277345718657329
AB,analytic,43,100,5.96719792029841,0.4989952490715266,0.57,6.0,0.5,0.57,-0.032802079701590436,-0.001004750928473408,0.0,5.96719796456636,0.49899525038468956,0.57,True,1.166297474010117e-10,8.940399065861033,7.418548949988935e-09,0.0015236817437133227
AB,analytic,44,100,7.963413639054208,0.499252921986491,-0.673,8.0,0.5,-0.673,-0.03658636094579215,-0.0007470780135089838,0.0,7.963413585198871,0.49925292048953485,-0.673,True,1.4702756903208943e-10,7.204743556935076,6.762845623726398e-09,0.002277938246577342
AB,analytic,45,100,5.936741481637154,0.496608521685246,-0.276,6.0,0.5,-0.276,-0.06325851836284624,-0.003391478314754004,0.0,5.936741494350825,0.4966085221329666,-0.276,True,1.2647569609338694e-10,7.550062334648043,2.1415234294702165e-09,0.004444305340360427
AB,analytic,46,100,6.000873178965746,0.5003824241201276,0.704,6.0,0.5,0.704,0.0008731789657456801,0.0003824241201275669,0.0,6.000873347243611,0.5003824289760224,0.704,True,3.512457318898295e-10,9.174188519602941,2.8042229136071946e-08,0.0001369646685633387
AB,analytic,47,100,8.041291157718032,0.5010271267066179,-0.771,8.0,0.5,-0.771,0.04129115771803171,0.0010271267066178646,0.0,8.041290923339808,0.5010271201233694,-0.771,True,8.951218848951148e-11,7.105230619775546,2.914683959316251e-08,0.0013041692743037253
AB,analytic,48,100,8.025960737945743,0.5004477845845731,-0.761,8.0,0.5,-0.761,0.025960737945743162,0.00044778458457306325,0.0,8.025960729594573,0.5004477843502372,-0.761,True,7.326205608128788e-11,7.112271037263935,1.040519720259476e-09,0.0008075836958004937
AB,analytic,49,100,7.073440802167749,0.5021244264554833,-0.575,7.0,0.5,-0.575,0.07344080216774884,0.002124426455483275,0.0,7.073440746136098,0.5021244246982205,-0.575,True,5.714721333729363e-10,7.253998784052791,7.921413636964779e-09,0.0030773760613772416
AB,analytic,50,100,6.144717005149893,0.5051498646932516,0.234,6.0,0.5,0.234,0.14471700514989294,0.005149864693251627,0.0,6.144717303260124,0.5051498739620696,0.234,True,1.2348664758309195e-09,8.462363500326076,4.851488132171042e-08,0.005658102583320428
AB,analytic,51,100,6.015685174818667,0.5009271966893403,0.568,6.0,0.5,0.568,0.015685174818666603,0.0009271966893402706,0.0,6.015685370062411,0.5009272024578226,0.568,True,8.9733307238031e-10,8.95927258469269,3.2455777308248804e-08,0.0026113346956188445
AB,analytic,52,100,8.019410875916646,0.5003989031330534,-0.681,8.0,0.5,-0.681,0.019410875916646475,0.0003989031330533521,0.0,8.019410868222806,0.5003989029199977,-0.681,True,5.827057381861473e-11,7.207836790167452,9.594021743776015e-10,0.0013604847465309901
AB,analytic,53,100,6.005730289484736,0.49700030045082905,-0.207,6.0,0.5,-0.207,0.005730289484736417,-0.0029996995491709533,0.0,6.005730253761948,0.4970002992254881,-0.207,True,7.514165123176627e-10,7.667769222744541,5.948117308157553e-09,0.006400228164381327
AB,analytic,54,100,6.108197582253237,0.5032681125111128,-0.223,6.0,0.5,-0.223,0.10819758225323728,0.0032681125111128084,0.0,6.108197458745032,0.5032681082801949,-0.223,True,2.24351454300664e-11,7.702241911842082,2.0220073725112502e-08,0.004134510916438279
AB,analytic,55,100,6.010605559693986,0.5004357637496699,0.693,6.0,0.5,0.693,0.010605559693986244,0.00043576374966991516,0.0,6.01060573166153,0.500435768715291,0.693,True,4.0130609389443864e-10,9.15535910270985,2.861068434594536e-08,4.0493734364422e-05
AB,analytic,56,100,7.984065632320097,0.49988370349190353,-0.772,8.0,0.5,-0.772,-0.015934367679903083,-0.00011629650809646952,0.0,7.9840654759143375,0.4998836990743669,-0.772,True,2.289382381925322e-09,7.090988849332914,1.958973869425963e-08,0.0012293442985135206
AB,analytic,57,100,7.9461573828753105,0.49894905147219465,-0.764,8.0,0.5,-0.764,-0.05384261712468952,-0.001050948527805351,0.0,7.94615762462843,0.4989490583121054,-0.764,True,3.1053209288216853e-10,7.09108404137591,3.0423901861180866e-08,0.0013907857813341019
AB,analytic,58,100,6.983463207770866,0.5000513212030216,-0.585,7.0,0.5,-0.585,-0.01653679222913418,5.132120302164811e-05,0.0,6.983463373544336,0.5000513264618305,-0.585,True,2.7384837217562726e-09,7.216815926304506,2.373800242645868e-08,0.0031799559404988116
AB,analytic,59,100,6.044265468485004,0.5003505454999002,0.238,6.0,0.5,0.238,0.0442654684850039,0.0003505454999002122,0.0,6.044265598080094,0.5003505495567891,0.238,True,1.6406083635636656e-09,8.414309145602125,2.144099859805493e-08,0.003904730192395615
AB,analytic,60,100,5.95883662865548,0.49896658555306245,0.561,6.0,0.5,0.561,-0.04116337134451964,-0.0010334144469375528,0.0,5.958836654959969,0.49896658633561514,0.561,True,5.817508444510874e-12,8.926643750799045,4.414366408814805e-09,0.0012310080652410433
AB,analytic,61,100,7.971859281507033,0.49938832855048776,-0.652,8.0,0.5,-0.652,-0.028140718492966954,-0.0006116714495122411,0.0,7.971859273624595,0.4993883283323768,-0.652,True,1.0281695683550816e-10,7.2318144549394425,9.887828592086805e-10,0.0006521701435982481
AB,analytic,62,100,6.067033201856359,0.5022406808545492,-0.214,6.0,0.5,-0.214,0.06703320185635864,0.002240680854549204,0.0,6.067033066680886,0.5022406762099444,-0.214,True,1.1998157712640849e-09,7.705340371279317,2.2280325176357765e-08,0.0033144959444287025
AB,analytic,63,100,6.016760668920986,0.5007784902319536,-0.164,6.0,0.5,-0.164,0.01676066892098582,0.0007784902319536435,0.0,6.016760545862298,0.5007784860252511,-0.164,True,2.646793507461872e-11,7.770512745711513,2.0452647937288124e-08,0.00012873626992752882
AB,analytic,64,100,6.055432777209466,0.5023044329012589,-0.191,6.0,0.5,-0.191,0.055432777209466266,0.0023044329012589237,0.0,6.055432592876729,0.5023044265856625,-0.191,True,1.9517973151907515e-09,7.742484530281708,3.0440885779816265e-08,0.0005854574766365958
AB,analytic,65,100,5.996233913661584,0.4999358456083819,0.037,6.0,0.5,0.037,-0.0037660863384161303,-6.415439161810976e-05,0.0,5.996233886907217,0.4999358447300982,0.037,True,2.4575016084318335e-10,8.086873196430302,4.461861746437749e-09,0.00014163958534351895
AB,analytic,66,100,6.996688993531064,0.4998312900090654,-0.398,7.0,0.5,-0.398,-0.0033110064689356733,-0.00016870999093460126,0.0,6.9966892034940384,0.4998312964141881,-0.398,True,2.8169929546744116e-09,7.475249420747441,3.000890392748547e-08,0.0001539885720015877
AB,analytic,67,100,6.935208952055084,0.49884017570880756,-0.579,7.0,0.5,-0.579,-0.06479104794491608,-0.001159824291192435,0.0,6.935209129531253,0.4988401813597819,-0.579,True,2.9911773161149385e-10,7.212066245197708,2.5590600882745013e-08,0.0022995101534397495
AB,analytic,68,100,6.020902511586311,0.5012034376889847,0.193,6.0,0.5,0.193,0.020902511586310624,0.0012034376889846765,0.0,6.0209024403956715,0.5012034354287687,0.193,True,8.57665598013512e-10,8.353445687601674,1.1823914940410463e-08,0.004266886981261382
AB,analytic,69,100,6.025533213285959,0.5002850641224206,0.567,6.0,0.5,0.567,0.025533213285958922,0.0002850641224205752,0.0,6.02553349043019,0.5002850722924691,0.567,True,5.046989255970493e-10,8.946292067612376,4.5994969832991896e-08,0.0016435165800199906
AB,analytic,70,100,7.911587573164885,0.49762075592496935,-0.671,8.0,0.5,-0.671,-0.08841242683511474,-0.002379244075030651,0.0,7.911587473812801,0.4976207531547846,-0.671,True,1.1420147894753434e-09,7.191963929233916,1.2557793612777862e-08,0.0013777828165731137
AB,analytic,71,100,5.990138822962854,0.4996374049226735,0.079,6.0,0.5,0.079,-0.00986117703714573,-0.00036259507732649965,0.0,5.990139135094808,0.4996374150858871,0.079,True,9.312169525603092e-10,8.151631326785662,5.210763006027588e-08,0.0024618347566274477
AB,analytic,72,100,8.009708042972486,0.5001684241427247,-0.489,8.0,0.5,-0.489,0.009708042972485842,0.00016842414272466577,0.0,8.009707886723206,0.5001684199525288,-0.489,True,1.7829483399223573e-09,7.437439496051435,1.9507487581657343e-08,7.760324628675696e-05
AB,analytic,73,100,6.990481876507867,0.5012730850484577,-0.573,7.0,0.5,-0.573,-0.00951812349213288,0.0012730850484576894,0.0,6.990481911697337,0.5012730861640219,-0.573,True,6.703071815782129e-11,7.241942468821802,5.033911888921202e-09,0.004039751333988148
AB,analytic,74,100,5.960053978001363,0.49874885742213015,0.169,6.0,0.5,0.169,-0.03994602199863717,-0.001251142577869846,0.0,5.960054032130341,0.4987488591584884,0.169,True,4.403297793902364e-11,8.288060505764001,9.081960910534806e-09,0.004672924640773331
AB,analytic,75,100,5.9488842469824075,0.4980418172495114,0.565,6.0,0.5,0.565,-0.051115753017592525,-0.0019581827504885907,0.0,5.9488842414446435,0.49804181708486656,0.565,True,1.702952063809937e-11,8.920638777913775,9.308912050070399e-10,0.0017571677260262866
AB,analytic,76,100,7.9649461416653295,0.49905606414988474,-0.659,8.0,0.5,-0.659,-0.03505385833467045,-0.0009439358501152628,0.0,7.964946383247743,0.49905607084401143,-0.659,True,2.1054632195868667e-10,7.220602255883635,3.033070180326231e-08,0.0012018861741127634
AB,analytic,77,100,5.91036179359514,0.4969114156618504,0.232,6.0,0.5,0.232,-0.0896382064048602,-0.0030885843381496247,0.0,5.91036177615811,0.4969114151068215,0.232,True,1.8218419933164714e-10,8.370623886765392,2.9502474141085028e-09,0.004696562125809062
AB,analytic,78,100,8.009157890269018,0.5003975252771795,-0.494,8.0,0.5,-0.494,0.009157890269017699,0.00039752527717951125,0.0,8.009157884110508,0.5003975251117891,-0.494,True,3.8716692772138476e-11,7.433032385116505,7.689335421611437e-10,0.0012584849958928279
AB,analytic,79,100,6.01085776164273,0.5003268467756093,-0.413,6.0,0.5,-0.413,0.01085776164272989,0.0003268467756093463,0.0,6.0108577565867405,0.50032684659298,-0.413,True,4.001010830123007e-11,7.364392011993318,8.4114274624611e-10,0.0006676222118159484
AB,analytic,80,100,7.075717684549441,0.5019216450929972,-0.586,7.0,0.5,-0.586,0.07571768454944117,0.0019216450929971929,0.0,7.075717447021714,0.5019216376336071,-0.586,True,1.8167399869038814e-09,7.2377721808322555,3.356941837624265e-08,0.0028362350587109297
AB,analytic,81,100,6.049176740215082,0.5017063316608754,0.235,6.0,0.5,0.235,0.049176740215082226,0.0017063316608754153,0.0,6.049176898882464,0.5017063366383975,0.235,True,1.5738227312108712e-09,8.426165083857592,2.6229581992397942e-08,0.0022455505599555067
AB,analytic,82,100,5.910495256887594,0.49703494359656053,0.561,6.0,0.5,0.561,-0.08950474311240608,-0.00296505640343947,0.0,5.9104952417716685,0.4970349431448718,0.561,True,4.123829369788203e-11,8.90487866954331,2.557471877276541e-09,0.0018710745676805785
AB,analytic,83,100,8.005756792554035,0.4998412045502941,-0.662,8.0,0.5,-0.662,0.005756792554034718,-0.000158795449705873,0.0,8.005756991719617,0.49984121005064797,-0.662,True,2.8957862424252205e-09,7.225934796972867,2.4877795068042637e-08,0.0008488916255741693
AB,analytic,84,100,5.911768692278685,0.49659280245593806,-0.148,6.0,0.5,-0.148,-0.0882313077213146,-0.003407197544061935,0.0,5.911768699142834,0.49659280269206735,-0.148,True,8.600017821277143e-11,7.754072991013874,1.1610989384300843e-09,0.0033609469247946866
AB,analytic,85,100,6.038904963555092,0.5017019249918582,-0.044,6.0,0.5,-0.044,0.03890496355509221,0.0017019249918581725,0.0,6.038904788440398,0.5017019191675983,-0.044,True,1.265125587745726e-09,7.9743061574683205,2.8997756274950562e-08,0.000669467171622323
AB,analytic,86,100,5.974254319153451,0.49867158598618255,-0.182,6.0,0.5,-0.182,-0.025745680846548602,-0.0013284140138174472,0.0,5.97425440252473,0.49867158885607477,-0.182,True,1.5153240108880777e-10,7.720588029979451,1.3955093498249572e-08,0.0006356342758128294
AB,analytic,87,100,6.0483138638884855,0.5012695137689,-0.182,6.0,0.5,-0.182,0.048313863888485464,0.0012695137689000546,0.0,6.048313887027245,0.501269514559446,-0.182,True,2.589461446773392e-11,7.747356212660258,3.825654518796107e-09,0.0005902641779782224
AB,analytic,88,100,6.0287402211419865,0.5018018559045135,-0.334,6.0,0.5,-0.334,0.02874022114198649,0.0018018559045135385,0.0,6.0287400858913465,0.5018018511051462,-0.334,True,7.071653510975137e-10,7.504724613964014,2.243431215474344e-08,0.0013183840105746875
AB,analytic,89,100,6.029258899201172,0.5014894674094267,-0.345,6.0,0.5,-0.345,0.02925889920117175,0.0014894674094266813,0.0,6.029258851751764,0.5014894657228337,-0.345,True,3.722099249046887e-11,7.484560110997214,7.869857432162625e-09,0.0008671953666658802
AB,analytic,90,100,6.003162836082552,0.5001681584483189,0.403,6.0,0.5,0.403,0.0031628360825521895,0.00016815844831885585,0.0,6.003162811344701,0.5001681576937552,0.403,True,6.007727096532733e-10,8.681987601536253,4.120802909122368e-09,0.00016308534339891758
AB,analytic,91,100,8.00446317139469,0.5002728944990354,-0.568,8.0,0.5,-0.568,0.00446317139468988,0.0002728944990354476,0.0,8.004463164433714,0.5002728943096603,-0.568,True,3.795689857714697e-11,7.342208952361262,8.696368072070146e-10,0.000510776825988259
AB,analytic,92,100,7.016738491832891,0.5012419288049578,-0.589,7.0,0.5,-0.589,0.016738491832891,0.0012419288049577704,0.0,7.016738546080074,0.5012419305228559,-0.589,True,6.895497435412488e-11,7.222544034634554,7.731110741774913e-09,0.0038567990275585017
AB,analytic,93,100,5.92659645961487,0.4986098155424446,0.233,6.0,0.5,0.233,-0.0734035403851303,-0.001390184457555399,0.0,5.926596496881004,0.4986098167287583,0.233,True,4.247225959073218e-11,8.392072772196043,6.287948605603486e-09,0.004682383377011639
AB,analytic,94,100,5.927178394901458,0.4971592427483961,0.565,6.0,0.5,0.565,-0.07282160509854219,-0.002840757251603876,0.0,5.92717837763282,0.4971592422339694,0.565,True,3.470768862010791e-11,8.910655444858108,2.9134669018746594e-09,0.001971849578704552
AB,analytic,95,100,7.960848618034965,0.4993464875712529,-0.669,8.0,0.5,-0.669,-0.03915138196503509,-0.0006535124287471161,0.0,7.960848600664391,0.4993464870884798,-0.669,True,1.1801548718754336e-10,7.209893126569401,2.1820003300814754e-09,0.0009960120914308964
AB,analytic,96,100,6.000357703395119,0.49925856063955915,-0.133,6.0,0.5,-0.133,0.00035770339511920213,-0.0007414393604408542,0.0,6.000357513273018,0.4992585541848286,-0.133,True,5.000920383697135e-11,7.805880503632819,3.1685127882618396e-08,0.0024059043141792433
AB,analytic,97,100,5.9699042229430805,0.49912125483359565,-0.175,6.0,0.5,-0.175,-0.03009577705691946,-0.0008787451664043489,0.0,5.9699044266533585,0.4991212618470643,-0.175,True,7.401351138365128e-11,7.735654169033288,3.4122870890530047e-08,0.0009449909920658933
AB,analytic,98,100,6.013005293609613,0.5005789865779764,-0.083,6.0,0.5,-0.083,0.013005293609612778,0.0005789865779763925,0.0,6.0130052837733095,0.5005789862474043,-0.083,True,1.874176858828462e-11,7.899497045947879,1.6358381287070674e-09,0.0003565845263522551
AB,analytic,99,100,6.06777484642251,0.5023818910681989,0.013,6.0,0.5,0.013,0.06777484642250986,0.0023818910681988603,0.0,6.067774657075355,0.5023818848666276,0.013,True,1.8002845806892845e-09,8.073871932416056,3.120536928884833e-08,0.00052883874506243
AB,analytic,100,100,6.991778291883897,0.49919041421116306,-0.31,7.0,0.5,-0.31,-0.008221708116103343,-0.0008095857888369418,0.0,6.991778112054605,0.4991904088195629,-0.31,True,8.548135428304619e-11,7.591361737119656,2.5720107874518037e-08,0.0003925699697744027
AB,analytic,101,100,5.988596093189874,0.4994051631756366,0.195,6.0,0.5,0.195,-0.011403906810126152,-0.0005948368243633984,0.0,5.988596244926379,0.4994051680010716,0.195,True,1.230319346654493e-11,8.336548606223673,2.5337574772551707e-08,0.00034791814868390033
AB,analytic,102,100,6.069277310682454,0.5022119402239381,-0.23,6.0,0.5,-0.23,0.06927731068245357,0.0022119402239381136,0.0,6.069277200353987,0.5022119364215758,-0.23,True,8.202830575799841e-10,7.679380495845477,1.8178188392980902e-08,0.00044653256406918944
AB,analytic,103,100,5.984124568060756,0.4991509614793388,-0.268,6.0,0.5,-0.268,-0.01587543193924379,-0.000849038520661205,0.0,5.984124404210995,0.49915095573672824,-0.268,True,9.242540168068435e-11,7.586727720252626,2.7380740399165274e-08,0.00033761999075270876
AB,analytic,104,100,6.0273272781617715,0.5009611585213545,-0.213,6.0,0.5,-0.213,0.027327278161771495,0.0009611585213544771,0.0,6.027327455361731,0.5009611646344534,-0.213,True,3.128322498467786e-11,7.6934811998217585,2.9399424688117768e-08,0.0002889381077548549
AB,analytic,105,100,5.980425586293283,0.49949614777389356,-0.19,6.0,0.5,-0.19,-0.01957441370671731,-0.0005038522261064382,0.0,5.980425468790598,0.49949614371961143,-0.19,True,3.261129563410441e-11,7.715258896191151,1.9647880108181877e-08,0.0002549168532974037
AB,analytic,106,100,7.0206927961058865,0.5014755601108764,-0.585,7.0,0.5,-0.585,0.02069279610588648,0.0014755601108763505,0.0,7.020692735496721,0.5014755581931999,-0.585,True,6.015578974804676e-11,7.2300147522257365,8.63293231116805e-09,0.004486419548499084
AB,analytic,107,100,6.0481395956005946,0.5003168081247996,0.244,6.0,0.5,0.244,0.048139595600594554,0.00031680812479961684,0.0,6.04813973036283,0.5003168123356557,0.244,True,1.5305874321991826e-09,8.423294442324233,2.22816008155901e-08,0.0043584963946411955
AB,analytic,108,100,5.989902486088622,0.499064446433567,0.561,6.0,0.5,0.561,-0.010097513911378364,-0.0009355535664329895,0.0,5.989902552763371,0.49906444840819675,0.561,True,2.359394341796249e-10,8.923402615244445,1.113119098180997e-08,0.0023252067942580662
AB,analytic,109,100,8.041296687204811,0.5009579842825255,-0.664,8.0,0.5,-0.664,0.04129668720481128,0.0009579842825254703,0.0,8.041296499056159,0.5009579790967612,-0.664,True,7.170946364078576e-11,7.234065920448074,2.339780007285465e-08,0.0013564729489910182
AB,analytic,110,100,5.8763965383678585,0.49558015559604623,-0.238,6.0,0.5,-0.238,-0.12360346163214153,-0.004419844403953765,0.0,5.876396526563628,0.49558015518024207,-0.238,True,9.555900836370463e-11,7.598654365638505,2.00875322230204e-09,0.005949737037101694
AB,analytic,111,100,5.984794344610388,0.49938551664259656,0.673,6.0,0.5,0.673,-0.015205655389611827,-0.0006144833574034392,0.0,5.984794218407009,0.4993855129767391,0.673,True,9.375890688372534e-10,9.110580124057726,2.108733768207646e-08,0.00012860327740086365
AB,analytic,112,100,7.9787337445307305,0.49971967625738606,-0.659,8.0,0.5,-0.659,-0.021266255469269524,-0.00028032374261394155,0.0,7.978733745415906,0.4997196762819045,-0.659,True,2.8259724463229053e-11,7.226103257930123,1.1094185076318495e-10,0.0006967468311846088
AB,analytic,113,100,6.983587478548251,0.4995139804958375,-0.872,7.0,0.5,-0.872,-0.016412521451749207,-0.00048601950416249373,0.0,6.9835874833594325,0.49951398065749414,-0.872,True,1.4227630714722876e-10,6.8177480871644445,6.889269572040905e-10,0.0009704678775391937
AB,analytic,114,100,7.046029684028637,0.5013966425186058,-0.584,7.0,0.5,-0.584,0.04602968402863716,0.0013966425186058284,0.0,7.046029655544057,0.5013966416213128,-0.584,True,6.212202014215848e-11,7.233817989760697,4.04264263782303e-09,0.0026907621046789844
AB,analytic,115,100,6.030682937201194,0.5017235300600978,0.234,6.0,0.5,0.234,0.03068293720119364,0.0017235300600978443,0.0,6.03068309043636,0.5017235348823588,0.234,True,1.5566638842877771e-09,8.425924015851885,2.5409255382807552e-08,0.0030253780197852854
AB,analytic,116,100,6.05416505654641,0.5015229176846671,0.562,6.0,0.5,0.562,0.05416505654640957,0.0015229176846670578,0.0,6.054165166300794,0.5015229209153372,0.562,True,7.262561701747605e-10,8.952850284786521,1.812873967472432e-08,0.001741060496651313
AB,analytic,117,100,7.938547730317034,0.4984554047382975,-0.666,8.0,0.5,-0.666,-0.0614522696829658,-0.001544595261702475,0.0,7.938547832035637,0.49845540756679335,-0.666,True,4.941926556405049e-10,7.205800392455325,1.2813250556913132e-08,0.0008119759760449175
AB,analytic,118,100,5.989547100656847,0.49995249975103784,-0.212,6.0,0.5,-0.212,-0.010452899343152744,-4.750024896216232e-05,0.0,5.9895470845818,0.4999524991940964,-0.212,True,1.6544013085344012e-10,7.684178352400322,2.683850181172663e-09,0.002147158938853682
AB,analytic,119,100,6.056530579049399,0.5021457421068797,-0.191,6.0,0.5,-0.191,0.056530579049399066,0.002145742106879678,0.0,6.056530528840055,0.5021457403874898,-0.191,True,7.300465561524507e-11,7.741113065954561,8.290116525046717e-09,0.0036887423322031253
AB,analytic,120,100,6.014875265708545,0.5007163839740244,0.667,6.0,0.5,0.667,0.014875265708544916,0.0007163839740244038,0.0,6.014875431548456,0.5007163887843266,0.667,True,5.832354009119316e-10,9.1169330030746,2.757162847016318e-08,0.00017763859823081518
AB,analytic,121,100,8.037536935554407,0.5006948944269898,-0.653,8.0,0.5,-0.653,0.037536935554406625,0.0006948944269897783,0.0,8.037536928776724,0.5006948942405556,-0.653,True,6.802339451300458e-11,7.245312881809165,8.432536571400269e-10,0.0017391782297585174
AB,analytic,122,100,7.007115610890419,0.5003445552965469,-0.877,7.0,0.5,-0.877,0.0071156108904189,0.0003445552965468668,0.0,7.007115601196787,0.5003445549710892,-0.877,True,1.1027268854177472e-10,6.818310715188757,1.3833982787536917e-09,0.00047938416885938585
AB,analytic,123,100,7.065392973949461,0.5022549871698817,-0.558,7.0,0.5,-0.558,0.06539297394946075,0.002254987169881706,0.0,7.065392743639575,0.5022549799598608,-0.558,True,2.5905416872765834e-09,7.277470042585453,3.259689682914151e-08,0.00222865798535256
AB,analytic,124,100,5.92611266683579,0.4980246352193566,0.186,6.0,0.5,0.186,-0.07388733316421003,-0.0019753647806434182,0.0,5.926112654843867,0.49802463483436205,0.186,True,9.103249596207651e-11,8.308657252806873,2.023573240054562e-09,0.00490827944310089
AB,analytic,125,100,6.06807408410776,0.5020806644928612,0.574,6.0,0.5,0.574,0.06807408410776006,0.0020806644928611506,0.0,6.068074090349319,0.50208066467595,0.574,True,1.3012169727932778e-10,8.978792855331195,1.0285898254527052e-09,0.0017138281228233066
AB,analytic,126,100,8.08234658079503,0.502226648654893,-0.694,8.0,0.5,-0.694,0.08234658079502921,0.002226648654892971,0.0,8.082346353094575,0.5022266423633783,-0.694,True,2.0591435564776653e-09,7.209904533357861,2.8172567430906943e-08,0.0011229713373144261
AB,analytic,127,100,5.999689935895737,0.5004767767537734,0.096,6.0,0.5,0.096,-0.00031006410426304143,0.00047677675377344464,0.0,5.999689756376402,0.5004767709290124,0.096,True,1.146616674528338e-09,8.188346696937565,2.992143549335914e-08,0.003937602891535226
AB,analytic,128,100,16.001702802617945,0.5000826010848819,-0.285,16.0,0.5,-0.285,0.0017028026179453093,8.260108488189477e-05,0.0,16.001703134024027,0.500082605287433,-0.285,True,1.4670552859065774e-09,7.855778079986819,2.0710675511758935e-08,5.7744842391905785e-05
AB,analytic,129,100,7.123877974962732,0.5033874615973065,-0.592,7.0,0.5,-0.592,0.12387797496273212,0.003387461597306518,0.0,7.123877794295502,0.5033874559404771,-0.592,True,5.5941379652575714e-11,7.2443399719638295,2.536079802943315e-08,0.004564682564029206
AB,analytic,130,100,6.015915723005917,0.5002438767265714,0.267,6.0,0.5,0.267,0.015915723005917037,0.00024387672657144588,0.0,6.015915850942074,0.5002438807258623,0.267,True,1.2081040795411155e-09,8.46166947545144,2.1266280970270815e-08,0.00278894356859637
AB,analytic,131,100,5.968663466650391,0.5000660452444293,0.56,6.0,0.5,0.56,-0.0313365333496094,6.604524442932469e-05,0.0,5.968663294224375,0.5000660401130574,0.56,True,1.893028072458336e-10,8.940253729954637,2.888854710122265e-08,0.0017141369812100052
AB,analytic,132,100,7.970465284648278,0.49919675702428884,-0.673,8.0,0.5,-0.673,-0.029534715351721808,-0.0008032429757111603,0.0,7.970465206903658,0.4991967548657295,-0.673,True,1.6532308144855013e-10,7.205119890216378,9.75408809180423e-09,0.0007403059812329686
AB,analytic,133,100,5.984171046495998,0.5007274035174107,-0.392,6.0,0.5,-0.392,-0.01582895350400193,0.0007274035174107407,0.0,5.984171042188274,0.5007274033616573,-0.392,True,5.245704971686813e-11,7.398290604921817,7.19853079374072e-10,0.0027727267805526777
AB,analytic,134,100,7.032277859416181,0.5004006473349235,-0.588,7.0,0.5,-0.588,0.03227785941618144,0.00040064733492350957,0.0,7.032277852730733,0.5004006471241875,-0.588,True,5.692417411289776e-11,7.22048235206631,9.506803873200688e-10,0.002523262514039732
AB,analytic,135,100,5.915592577458319,0.49842589939883275,0.215,6.0,0.5,0.215,-0.08440742254168132,-0.0015741006011672498,0.0,5.9155925993208625,0.4984259000983245,0.215,True,5.2688136748238616e-11,8.36119538705237,3.6957487197227905e-09,0.004328839895215836
AB,analytic,136,100,5.954295483178456,0.49924875857479645,0.56,6.0,0.5,0.56,-0.045704516821544416,-0.0007512414252035526,0.0,5.9542956913223675,0.4992487647750078,0.56,True,9.515163731871958e-10,8.929999390003989,3.4956932385352416e-08,0.0016343905942325255
AB,analytic,137,100,7.972730362064212,0.499729022270701,-0.661,8.0,0.5,-0.661,-0.027269637935788182,-0.00027097772929901565,0.0,7.9727303628201796,0.4997290222916657,-0.661,True,2.6570121331848926e-11,7.2231399730787444,9.481917717706889e-11,0.0007956421539818194
AB,analytic,138,100,5.812581052150306,0.49379624127851174,-0.005,6.0,0.5,-0.005,-0.18741894784969393,-0.006203758721488262,0.0,5.812580860859372,0.49379623481959733,-0.005,True,1.5225139642631645e-10,7.956144648937212,3.2909809340744656e-08,0.004419847711799861
AB,analytic,139,100,6.048133393117033,0.5030978406124466,-0.362,6.0,0.5,-0.362,0.04813339311703313,0.0030978406124465563,0.0,6.0481332473378675,0.5030978354101815,-0.362,True,2.8757896353799546e-11,7.471014173149201,2.4103166407301567e-08,0.0015256398243527636
AB,analytic,140,100,5.9815679747298285,0.4997603649558389,-0.36,6.0,0.5,-0.36,-0.018432025270171515,-0.0002396350441610795,0.0,5.981568022592933,0.4997603666710654,-0.36,True,7.622307190220611e-10,7.442812057977463,8.001765491930205e-09,0.0014161318775486446
AB,analytic,141,100,7.122079585865843,0.5044248492595027,-0.59,7.0,0.5,-0.59,0.12207958586584322,0.004424849259502706,0.0,7.122079686998689,0.504424852433306,-0.59,True,7.050499344346198e-11,7.253576884778689,1.4199903755949548e-08,0.0023647501249117998
AB,analytic,142,100,6.1222031369467125,0.503609385424049,0.214,6.0,0.5,0.214,0.12220313694671248,0.003609385424048983,0.0,6.1222030872670175,0.503609383871901,0.214,True,6.92343746348109e-12,8.411733746869315,8.11467602645214e-09,0.003586630187939348
AB,analytic,143,100,5.945869409622628,0.4975951225272429,0.56,6.0,0.5,0.56,-0.05413059037737167,-0.002404877472757083,0.0,5.945869391788097,0.49759512199661676,0.56,True,2.6797706637531716e-11,8.906273233840492,2.9994824905401355e-09,0.0016259532558837182
AB,analytic,144,100,8.029338116719769,0.5003491649786797,-0.657,8.0,0.5,-0.657,0.029338116719769047,0.00034916497867965024,0.0,8.029338109101527,0.5003491647689088,-0.657,True,5.209966603990833e-11,7.2374912843941495,9.488007512533183e-10,0.0008458672956877076
AB,analytic,145,100,6.014033401237315,0.5007577163640581,-0.032,6.0,0.5,-0.032,0.01403340123731489,0.0007577163640580808,0.0,6.014033231193522,0.5007577107093407,-0.032,True,1.6961618123773813e-11,7.98383229631023,2.827450097522971e-08,0.0031518484802124857
AB,analytic,146,100,5.950550251763435,0.4987656349633029,-0.154,6.0,0.5,-0.154,-0.04944974823656523,-0.0012343650366971048,0.0,5.950550343805957,0.4987656381262261,-0.154,True,1.2214786624672534e-10,7.76554863874609,1.546790073700305e-08,0.0009700440036358646
AB,analytic,147,100,5.927797814349445,0.4985150835419255,-0.36,6.0,0.5,-0.36,-0.07220218565055525,-0.0014849164580745255,0.0,5.9277978903052775,0.49851508628305435,-0.36,True,3.1455104150336157e-10,7.428430561031728,1.2813499066624342e-08,0.0010932340307852199
AB,analytic,148,100,6.005902059172778,0.5002218302451035,-0.332,6.0,0.5,-0.332,0.005902059172777641,0.0002218302451034715,0.0,6.005901988063779,0.5002218277212829,-0.332,True,1.0247258643850383e-09,7.493754208396317,1.1839853195863477e-08,2.3516709356364714e-05
AB,analytic,149,100,7.104713803314632,0.5030182418698447,-0.593,7.0,0.5,-0.593,0.10471380331463198,0.0030182418698446734,0.0,7.1047136098377495,0.5030182357976759,-0.593,True,3.943954610827629e-11,7.238397278054609,2.7232185260562867e-08,0.002843369335829414
AB,analytic,150,100,6.012774709733445,0.500840303863217,0.242,6.0,0.5,0.242,0.012774709733444745,0.0008403038632169846,0.0,6.012774713137404,0.5008403039703118,0.242,True,1.0556748965540934e-09,8.428946100833208,5.661211428887403e-10,0.003722063109452375
AB,analytic,151,100,5.978329952168156,0.49977543941220154,0.557,6.0,0.5,0.557,-0.021670047831843675,-0.00022456058779846133,0.0,5.978329965903077,0.4997754398204121,0.557,True,4.14086529576404e-10,8.929469346263605,2.29745109999415e-09,0.0015339793856270717
AB,analytic,152,100,8.001002941248906,0.5002067154999501,-0.663,8.0,0.5,-0.663,0.0010029412489060974,0.0002067154999501053,0.0,8.001002918385558,0.5002067148674664,-0.663,True,2.486849214981297e-10,7.22653286449147,2.8575603228264137e-09,0.0004588960641884257
AB,analytic,153,100,5.917183553194554,0.4952658085460792,-0.235,6.0,0.5,-0.235,-0.0828164468054462,-0.0047341914539207886,0.0,5.917183642486234,0.4952658116644687,-0.235,True,6.878122997072805e-11,7.603533509656967,1.5090232993061913e-08,0.003673221718920563
AB,analytic,154,100,5.974186065115188,0.49940955837006396,0.049,6.0,0.5,0.049,-0.02581393488481165,-0.0005904416299360449,0.0,5.974186260870511,0.4994095647975598,0.049,True,2.0194299250543515e-11,8.100864198669738,3.276685970516785e-08,0.00039196615861450027
AB,analytic,155,100,5.966754694110079,0.49911064416918355,-0.359,6.0,0.5,-0.359,-0.03324530588992136,-0.0008893558308164518,0.0,5.966754553833254,0.499110639137058,-0.359,True,1.2975701191403231e-10,7.438207071583276,2.3509735528614884e-08,0.0007746568577254848
AB,analytic,156,100,5.965569609775265,0.4980033051407823,-0.361,6.0,0.5,-0.361,-0.03443039022473471,-0.001996694859217718,0.0,5.965569590054569,0.49800330443460317,-0.361,True,5.258393884505303e-10,7.426791229559907,3.3057524221743577e-09,0.0012628981649411702
AB,analytic,157,100,7.045888961007993,0.5012423313893666,-0.566,7.0,0.5,-0.566,0.04588896100799289,0.00124233138936658,0.0,7.045889014022386,0.5012423330528715,-0.566,True,6.438913889979069e-11,7.257685649972508,7.52415951629839e-09,0.0019761753802219274
AB,analytic,158,100,5.943833477607317,0.498425754993821,0.108,6.0,0.5,0.108,-0.05616652239268305,-0.001574245006178976,0.0,5.943833505648913,0.4984257559064105,0.108,True,8.066688106239393e-11,8.186182479576981,4.717762650228126e-09,0.001997442770125125
AB,analytic,159,100,6.022742861221503,0.5008494117012087,0.581,6.0,0.5,0.581,0.02274286122150304,0.0008494117012086688,0.0,6.022743061535799,0.5008494175983816,0.581,True,8.526304839970677e-10,8.978090127287924,3.325964494428718e-08,0.0015293662836567746
AB,analytic,160,100,8.040573421124497,0.5007320263947539,-0.668,8.0,0.5,-0.668,0.040573421124497244,0.000732026394753893,0.0,8.040573414304461,0.5007320262067293,-0.668,True,7.12771504535722e-11,7.227744501555051,8.482027007561753e-10,0.002669913060324337
AB,analytic,161,100,7.073309861194305,0.5021251881639336,-0.31,7.0,0.5,-0.31,0.07330986119430527,0.002125188163933589,0.0,7.0733098187882515,0.5021251869002378,-0.31,True,3.6950858266031597e-10,7.620543574367101,5.9952207116268765e-09,0.004291603397656699
AB,analytic,162,100,5.940331299488862,0.49853087490567505,0.17,6.0,0.5,0.17,-0.05966870051113826,-0.0014691250943249523,0.0,5.94033133437853,0.49853087602780416,0.17,True,5.814710351854352e-11,8.288017194948408,5.873353871968394e-09,0.0026166435484437658
AB,analytic,163,100,6.111100621570996,0.5034964313476198,0.567,6.0,0.5,0.567,0.11110062157099598,0.0034964313476197884,0.0,6.111100362118527,0.503496423759315,0.567,True,1.3890467165074937e-09,8.982895460003489,4.245593148489443e-08,0.0011923363911656945
AB,analytic,164,100,7.993090274402594,0.4998054631477178,-0.67,8.0,0.5,-0.67,-0.006909725597406435,-0.00019453685228221218,0.0,7.993090374090966,0.49980546590928376,-0.67,True,1.522660860734196e-09,7.21478263553523,1.2471818477978339e-08,0.0004819180081198426
AB,analytic,165,100,6.041045089251861,0.5020984699668527,-0.196,6.0,0.5,-0.196,0.04104508925186057,0.0020984699668527007,0.0,6.0410450787218375,0.5020984696049384,-0.196,True,6.398854927420715e-10,7.731788456033671,1.7430797022938073e-09,0.0016487280527895459
AB,analytic,166,100,5.98021779853422,0.4994173503550011,-0.165,6.0,0.5,-0.165,-0.019782201465780247,-0.0005826496449988783,0.0,5.980217656462857,0.4994173454800086,-0.165,True,3.844875319454994e-11,7.75493563041074,2.3756887702170854e-08,0.0004381306166145027
AB,analytic,167,100,6.024010083511889,0.5006670217320384,0.021,6.0,0.5,0.021,0.024010083511888602,0.0006670217320383642,0.0,6.024009942600702,0.5006670171059356,0.021,True,7.604760247147826e-11,8.068632167765564,2.3391592106506946e-08,0.002161575356182715
AB,analytic,168,100,7.963046828394587,0.49924577205865933,0.0,8.0,0.5,0.0,-0.036953171605413004,-0.0007542279413406683,0.0,7.963047072226977,0.49924577812451626,0.0,True,3.423892919222998e-11,8.019831947606383,3.0620488315965374e-08,0.0003688383518184304
AB,matched,1,100,6.999999894316428,0.49999999601940626,-0.592,7.0,0.5,-0.592,-1.0568357211582224e-07,-3.980593743513339e-09,0.0,6.999999963428028,0.49999999820929986,-0.592,True,1.2106645039728325e-09,7.20960400365474,9.873085765646945e-09,1.3170897995820316e-15
AB,matched,2,100,6.000000000508701,0.5000000005236851,0.244,6.0,0.5,0.244,5.087006371695679e-10,5.236850952883287e-10,0.0,6.00000002350826,0.5000000012475586,0.244,True,1.9579093753595037e-10,8.423886061954322,3.833259916677042e-09,1.6245065131731128e-15
AB,matched,3,100,5.999999938545813,0.49999999799024825,0.559,6.0,0.5,0.559,-6.145418662839575e-08,-2.009751753906386e-09,0.0,5.9999997699004926,0.49999999299367176,0.559,True,7.153445089519005e-11,8.934615680265077,2.810755375778679e-08,1.5794595800064011e-15
AB,matched,4,100,7.999999895179997,0.49999999621878316,-0.665,8.0,0.5,-0.665,-1.0482000334377517e-07,-3.781216839637835e-09,0.0,7.999999973546425,0.49999999838722853,-0.665,True,1.1868595311471491e-09,7.2237576052793955,9.79580353408049e-09,1.6503468203379753e-15
AB,matched,5,100,5.999999936535404,0.4999999959617694,-0.274,6.0,0.5,-0.274,-6.346459624495537e-08,-4.038230583258695e-09,0.0,5.99999998380635,0.4999999976193978,-0.274,True,7.126552931315296e-10,7.586204726930813,7.878491066003695e-09,1.002304782931871e-15
AB,matched,6,100,5.99999993207497,0.4999999969940105,0.073,6.0,0.5,0.073,-6.792503004504624e-08,-3.005989512860907e-09,0.0,5.999999962515115,0.4999999979856553,0.073,True,3.087961376633624e-10,8.147448223333889,5.073357469556378e-09,1.5262192796735578e-15
AB,matched,7,100,15.999999861204532,0.49999999765572767,-0.141,16.0,0.5,-0.141,-1.387954675635683e-07,-2.3442723318112257e-09,0.0,15.999999958091268,0.4999999988705163,-0.141,True,4.2269117711247905e-10,7.943501062685745,6.05542095831331e-09,7.235605875604303e-15
AB,matched,8,100,5.999999870094783,0.499999994683607,-0.07,6.0,0.5,-0.07,-1.2990521724987047e-07,-5.316392992504859e-09,0.0,5.999999907257012,0.4999999959306976,-0.07,True,4.4071108938664823e-10,7.915953251342291,6.193704904029109e-09,1.2142024588915463e-15
AB,matched,9,100,6.999999877360876,0.4999999957078475,-0.589,7.0,0.5,-0.589,-1.2263912374521624e-07,-4.2921525222894275e-09,0.0,6.9999999462961595,0.4999999978908799,-0.589,True,1.2032563163206109e-09,7.213848779641401,9.847897684047652e-09,1.6649951079515053e-15
AB,matched,10,100,5.9999999540424716,0.5000000001615311,0.235,6.0,0.5,0.235,-4.595752844949175e-08,1.6153112181171991e-10,0.0,5.999999977415361,0.5000000008985029,0.235,True,2.0075639138354993e-10,8.409355602097884,3.895481581610494e-09,1.3755030622363587e-15
AB,matched,11,100,5.999999966509773,0.4999999988301169,0.559,6.0,0.5,0.559,-3.349022659193679e-08,-1.1698830792994386e-09,0.0,5.999999798126742,0.49999999384104643,0.559,True,7.158827739049197e-11,8.934702017278752,2.8063838668963286e-08,1.4743513138143093e-15
AB,matched,12,100,7.999999913413798,0.4999999977652399,-0.656,8.0,0.5,-0.656,-8.658620220813873e-08,-2.234760099195654e-09,0.0,7.999999991319553,0.4999999999174412,-0.656,True,1.169057540129259e-09,7.234405658416764,9.738219463614713e-09,1.3492654786801856e-15
AB,matched,13,100,5.99999996489593,0.49999999899147995,-0.156,6.0,0.5,-0.156,-3.510406987317083e-08,-1.008520045253647e-09,0.0,6.000000006253617,0.500000000405059,-0.156,True,5.412453112050206e-10,7.776896817131343,6.892947834952885e-09,1.2583386742006503e-15
AB,matched,14,100,6.000000001821882,0.5000000006962727,0.007,6.0,0.5,0.007,1.8218822006588198e-09,6.962727061576857e-10,0.0,6.0000000353289895,0.5000000018027368,0.007,True,3.649194207721881e-10,8.040349646447325,5.584517852281039e-09,1.05942698094294e-15
AB,matched,15,100,5.999999974713151,0.49999999947804946,-0.204,6.0,0.5,-0.204,-2.5286849059114047e-08,-5.219505383458056e-10,0.0,6.000000018463542,0.5000000009889688,-0.204,True,6.059243491839855e-10,7.699317105796742,7.291731788508504e-09,1.127352510941321e-15
AB,matched,16,100,5.999999951507942,0.49999999794913236,-0.205,6.0,0.5,-0.205,-4.8492058368765356e-08,-2.0508676423780514e-09,0.0,5.9999999952684995,0.49999999946075735,-0.205,True,6.067382134798535e-10,7.6979153698380065,7.293426313093563e-09,1.1937274721060457e-15
AB,matched,17,100,5.999999876792169,0.49999999515838056,-0.177,6.0,0.5,-0.177,-1.2320783060459917e-07,-4.8416194387002065e-09,0.0,5.999999919167718,0.49999999661326605,-0.177,True,5.683775099727894e-10,7.743024170444548,7.0625914957448495e-09,1.225368561847069e-15
AB,matched,18,100,5.99999993718333,0.49999999774005244,-0.179,6.0,0.5,-0.179,-6.281667008778413e-08,-2.2599475624218712e-09,0.0,5.999999979635031,0.49999999919812094,-0.179,True,5.707433815388345e-10,7.739659977365618,7.075283494229455e-09,6.989064124568104e-16
AB,matched,19,100,5.999999920147209,0.49999999690355185,-0.182,6.0,0.5,-0.182,-7.985279104616438e-08,-3.096448153439013e-09,0.0,5.999999962758746,0.4999999983681597,-0.182,True,5.749086941550186e-10,7.734988359510767,7.101922945697091e-09,9.043740823902519e-16
AB,matched,20,100,6.999999962595673,0.49999999931615347,-0.59,7.0,0.5,-0.59,-3.7404326747036976e-08,-6.838465349545686e-10,0.0,7.0000000315987,0.5000000015018384,-0.59,True,1.2058515676320155e-09,7.212527454893073,9.857575156057777e-09,1.805391998211888e-15
AB,matched,21,100,5.999999896981762,0.4999999963498623,0.24,6.0,0.5,0.24,-1.0301823838432256e-07,-3.6501376921016515e-09,0.0,5.999999920132757,0.4999999970790895,0.24,True,1.9785485963881255e-10,8.417604960101658,3.8584993492098226e-09,8.752162169377507e-16
AB,matched,22,100,6.000000122941601,0.5000000034231251,0.558,6.0,0.5,0.558,1.229416008996509e-07,3.4231251166971788e-09,0.0,5.9999999551893115,0.4999999984520028,0.558,True,7.17872162077282e-11,8.933029762726514,2.7958714325919902e-08,1.5269015730348137e-15
AB,matched,23,100,7.99999988021616,0.49999999656965055,-0.658,8.0,0.5,-0.658,-1.1978383973598739e-07,-3.430349448940717e-09,0.0,7.9999999582162955,0.4999999987252807,-0.658,True,1.1728166745360454e-09,7.232219005999911,9.750016955876452e-09,1.2637832073658582e-15
AB,matched,24,100,5.999999956714241,0.49999999810974,-0.215,6.0,0.5,-0.215,-4.3285758977162914e-08,-1.8902600040782147e-09,0.0,6.000000000984757,0.4999999996422668,-0.215,True,6.211914474127497e-10,7.681784867956231,7.378419355766406e-09,1.1586373627033335e-15
AB,matched,25,100,5.999999937247867,0.4999999966404939,-0.19,6.0,0.5,-0.19,-6.275213326745188e-08,-3.359506117739386e-09,0.0,5.999999980260468,0.49999999812134455,-0.19,True,5.858441748147755e-10,7.722004208938896,7.16876693700818e-09,1.1457935438779838e-15
AB,matched,26,100,5.999999904608397,0.4999999964952394,0.116,6.0,0.5,0.116,-9.539160306104577e-08,-3.5047605928539838e-09,0.0,5.999999933139786,0.49999999741653817,0.116,True,2.766774050028099e-10,8.2166067872846,4.755231520838622e-09,1.2599724408069079e-15
AB,matched,27,100,6.999999877689833,0.49999999518566685,-0.604,7.0,0.5,-0.604,-1.2231016732755506e-07,-4.814333154357087e-09,0.0,6.999999947407847,0.49999999740011297,-0.604,True,1.2387493247869585e-09,7.193157135528711,9.959716428063519e-09,1.4035774355320935e-15
AB,matched,28,100,5.999999991731019,0.49999999939813944,0.901,6.0,0.5,0.901,-8.268981055437052e-09,-6.018605613888894e-10,0.0,6.0000000629338714,0.5000000013814546,0.901,True,1.3168260545024495e-11,9.489638453242547,1.1867141959350729e-08,1.3190074352127451e-15
AB,matched,29,100,6.999999939709989,0.49999999834075987,-0.908,7.0,0.5,-0.908,-6.02900112056659e-08,-1.6592401341775087e-09,0.0,7.0000000251659,0.5000000012304553,-0.908,True,2.234375163436546e-09,6.773709590839574,1.2207987212127924e-08,6.648096886156931e-16
AB,matched,30,100,6.999999938599117,0.49999999859468847,-0.906,7.0,0.5,-0.906,-6.140088260053744e-08,-1.4053115338086286e-09,0.0,7.000000023886959,0.5000000014774024,-0.906,True,2.2237253177121115e-09,6.776622445904992,1.2183977340985834e-08,8.452313519063708e-16
AB,matched,31,100,6.99999988552186,0.49999999758658287,-0.584,7.0,0.5,-0.584,-1.144781398565442e-07,-2.413417132807183e-09,0.0,6.999999954188164,0.4999999997589205,-0.584,True,1.1914406756643896e-09,7.220909453081559,9.809472029073984e-09,1.7220670250964932e-15
AB,matched,32,100,6.000000031506894,0.5000000011362954,0.235,6.0,0.5,0.235,3.150689398268014e-08,1.1362953911131513e-09,0.0,6.000000054883787,0.5000000018733602,0.235,True,2.007995863301444e-10,8.409188290619115,3.8961488493609195e-09,1.4736789315511387e-15
AB,matched,33,100,6.000000102773867,0.5000000028750655,0.563,6.0,0.5,0.563,1.027738667502831e-07,2.8750655189924146e-09,0.0,5.999999929886101,0.49999999775641596,0.563,True,7.041044782507798e-11,8.94105933990593,2.881462707930557e-08,1.8104974682779405e-15
AB,matched,34,100,7.999999947203823,0.4999999988175109,-0.663,8.0,0.5,-0.663,-5.27961772078811e-08,-1.182489106632545e-09,0.0,8.000000025439375,0.5000000009815194,-0.663,True,1.1823636492295557e-09,7.226279313144409,9.77944400125611e-09,1.7685236414701053e-15
AB,matched,35,100,5.999999902455794,0.4999999956017336,-0.153,6.0,0.5,-0.153,-9.754420560170729e-08,-4.398266417737773e-09,0.0,5.999999943664691,0.4999999970092713,-0.153,True,5.374493803170593e-10,7.781515161175347,6.8681495210565115e-09,1.3935589790270993e-15
AB,matched,36,100,5.999999924726858,0.499999997265536,0.022,6.0,0.5,0.022,-7.527314238586769e-08,-2.7344639885740207e-09,0.0,5.999999957510768,0.4999999983447429,0.022,True,3.5125832138249844e-10,8.064767244597116,5.4639851549060955e-09,1.3832669383807457e-15
AB,matched,37,100,6.999999929969658,0.49999999838524384,-0.296,7.0,0.5,-0.296,-7.003034241392925e-08,-1.6147561621160378e-09,0.0,6.999999983892261,0.4999999999987463,-0.296,True,6.797011751807383e-10,7.61877237904557,7.703229056499779e-09,1.3696862974285687e-15
AB,matched,38,100,5.9999999368614025,0.4999999976502135,-0.182,6.0,0.5,-0.182,-6.31385974614318e-08,-2.3497864765076315e-09,0.0,5.999999979493101,0.4999999991154081,-0.182,True,5.752526598288911e-10,7.734532417465271,7.105283052892354e-09,1.1775528700129192e-15
AB,matched,39,100,6.000000032302578,0.5000000009228494,-0.012,6.0,0.5,-0.012,3.2302578389931114e-08,9.228493524915393e-10,0.0,6.0000000666915785,0.500000002062906,-0.012,True,3.82378894172608e-10,8.009622391353163,5.731499951627123e-09,8.436931880932226e-16
AB,matched,40,100,6.999999960628777,0.4999999988379865,-0.225,7.0,0.5,-0.225,-3.9371222726458655e-08,-1.162013485433988e-09,0.0,7.000000010987597,0.5000000003250206,-0.225,True,5.899277324598828e-10,7.717296367627764,7.194117036821021e-09,1.3705867434267592e-15
AB,matched,41,100,7.000000023183057,0.5000000014774764,-0.568,7.0,0.5,-0.568,2.3183057251685568e-08,1.4774763634761712e-09,0.0,7.000000091058386,0.5000000036179304,-0.568,True,1.155887920682535e-09,7.242705471019312,9.69647536941612e-09,1.4803837520868007e-15
AB,matched,42,100,6.000000017214239,0.4999999994613651,0.246,6.0,0.5,0.246,1.7214238923202174e-08,-5.386349144487212e-10,0.0,6.000000040098635,0.5000000001813812,0.246,True,1.9439701194479947e-10,8.427551969651942,3.8140659264671845e-09,1.4048684702722301e-15
AB,matched,43,100,6.000000022283052,0.5000000007172102,0.57,6.0,0.5,0.57,2.2283051848148716e-08,7.172101801344866e-10,0.0,5.9999998429402215,0.49999999541458234,0.57,True,6.867431563015377e-11,8.952275754472089,2.9890471616366274e-08,1.866216801812682e-15
AB,matched,44,100,7.999999963731207,0.49999999911613974,-0.673,8.0,0.5,-0.673,-3.6268793301985625e-08,-8.838602627569969e-10,0.0,8.000000042510072,0.5000000012989071,-0.673,True,1.2030020244100779e-09,7.213971622562903,9.847358098800651e-09,1.3554083901710745e-15
AB,matched,45,100,5.9999999026495,0.49999999500298864,-0.276,6.0,0.5,-0.276,-9.735050010561963e-08,-4.997011360252657e-09,0.0,5.999999950009156,0.4999999966644136,-0.276,True,7.157407048762585e-10,7.583006495077432,7.893276024539163e-09,1.152022766900024e-15
AB,matched,46,100,5.999999939160165,0.49999999878961904,0.704,6.0,0.5,0.704,-6.083983539184601e-08,-1.2103809621244466e-09,0.0,6.00000012762944,0.5000000042270742,0.704,True,3.9557728863645355e-11,9.16989190308861,3.141154528873603e-08,1.0397545109996088e-15
AB,matched,47,100,7.999999911574825,0.4999999980044398,-0.771,8.0,0.5,-0.771,-8.842517473794942e-08,-1.9955602170718123e-09,0.0,7.9999999954435115,0.500000000368663,-0.771,True,1.41999146909458e-09,7.095605713105073,1.0483585783236646e-08,1.4381272686087226e-15
AB,matched,48,100,7.999999931638798,0.49999999803735357,-0.761,8.0,0.5,-0.761,-6.83612020324631e-08,-1.9626464342614725e-09,0.0,8.000000014979769,0.5000000003825772,-0.761,True,1.3958857769202828e-09,7.108042318577594,1.0417621301639293e-08,1.2449709962587497e-15
AB,matched,49,100,6.999999955993602,0.499999999753796,-0.575,7.0,0.5,-0.575,-4.4006397637019745e-08,-2.4620400163044565e-10,0.0,7.000000024246387,0.5000000019091622,-0.575,True,1.1718582658466338e-09,7.233218540220411,9.750397788699092e-09,1.2689968496827687e-15
AB,matched,50,100,6.000000017314402,0.5000000019080684,0.234,6.0,0.5,0.234,1.7314402356305436e-08,1.908068369971261e-09,0.0,6.000000040703788,0.500000002645714,0.234,True,2.0108092619875488e-10,8.40796626430195,3.898230896800207e-09,1.3930931958946867e-15
AB,matched,51,100,5.999999901169304,0.4999999963606318,0.568,6.0,0.5,0.568,-9.883069562732771e-08,-3.63936819569588e-09,0.0,5.999999723869562,0.499999991116312,0.568,True,6.91999120191338e-11,8.949234282656292,2.9549957486589296e-08,1.3987631838258303e-15
AB,matched,52,100,7.99999988940143,0.49999999678586,-0.681,8.0,0.5,-0.681,-1.1059857030204512e-07,-3.214140009699662e-09,0.0,7.999999968560373,0.49999999898234715,-0.681,True,1.2188277438930988e-09,7.2044137172096745,9.894867963906293e-09,1.4798348308787928e-15
AB,matched,53,100,5.9999999563012105,0.49999999795012506,-0.207,6.0,0.5,-0.207,-4.369878947585448e-08,-2.049874936460583e-09,0.0,6.000000000167401,0.49999999946601165,-0.207,True,6.096623711758796e-10,7.694651570193651,7.3110317797734044e-09,1.3406701677579549e-15
AB,matched,54,100,6.000000007840546,0.5000000008242348,-0.223,6.0,0.5,-0.223,7.840545990234205e-09,8.24234791529932e-10,0.0,6.000000052503099,0.5000000023730111,-0.223,True,6.327544889354919e-10,7.668716826202841,7.443758729404852e-09,1.1473826844876313e-15
AB,matched,55,100,5.999999920614619,0.49999999828205843,0.693,6.0,0.5,0.693,-7.938538093554826e-08,-1.7179415667811782e-09,0.0,6.0000001169179376,0.5000000039568092,0.693,True,4.1528595326307786e-11,9.152008349211638,3.271721911067825e-08,1.1962012943830859e-15
AB,matched,56,100,7.999999926513064,0.49999999792803035,-0.772,8.0,0.5,-0.772,-7.348693564779296e-08,-2.0719696514071018e-09,0.0,8.000000010453022,0.5000000002946491,-0.772,True,1.4227489179849374e-09,7.09435880284786,1.049249463719462e-08,1.698678461069074e-15
AB,matched,57,100,7.999999903545163,0.4999999978835752,-0.764,8.0,0.5,-0.764,-9.645483700637669e-08,-2.1164248131810837e-09,0.0,7.999999987071402,0.5000000002353213,-0.764,True,1.4036130896397548e-09,7.10418498595114,1.0440779924178933e-08,1.6178918401225328e-15
AB,matched,58,100,6.999999895826022,0.49999999572622533,-0.585,7.0,0.5,-0.585,-1.0417397788842209e-07,-4.2737746674959e-09,0.0,6.999999964572348,0.49999999790157956,-0.585,True,1.1943248648287626e-09,7.219375280635394,9.820903759019892e-09,1.0584505865057199e-15
AB,matched,59,100,5.999999981206851,0.49999999940707934,0.238,6.0,0.5,0.238,-1.8793149259010988e-08,-5.929206570165491e-10,0.0,6.000000004450229,0.5000000001394921,0.238,True,1.9905955526190298e-10,8.413967867618705,3.873896311969963e-09,1.4778739841907693e-15
AB,matched,60,100,6.000000069405316,0.5000000012658717,0.561,6.0,0.5,0.561,6.940531616095313e-08,1.2658717407632025e-09,0.0,5.999999898718632,0.49999999621063407,0.561,True,7.099000247053875e-11,8.937976523456236,2.8447780394605215e-08,1.8565676212908065e-15
AB,matched,61,100,7.9999998926027756,0.49999999772579906,-0.652,8.0,0.5,-0.652,-1.0739722444697009e-07,-2.2742009386789164e-09,0.0,7.999999970297975,0.49999999987074345,-0.652,True,1.161083723560314e-09,7.239381434497921,9.711899986972813e-09,1.5716014169005346e-15
AB,matched,62,100,5.999999899432587,0.4999999959223326,-0.214,6.0,0.5,-0.214,-1.0056741306385675e-07,-4.077667425939069e-09,0.0,5.999999943666623,0.49999999745314166,-0.214,True,6.199992640358998e-10,7.683042808438988,7.37233940082347e-09,1.1623221857745805e-15
AB,matched,63,100,6.000000005910911,0.5000000001427783,-0.164,6.0,0.5,-0.164,5.910910871875785e-09,1.427783447027764e-10,0.0,6.000000047657244,0.5000000015719507,-0.164,True,5.514805770236945e-10,7.763789700783074,6.957722194932404e-09,1.3826211258534546e-15
AB,matched,64,100,5.999999949870737,0.49999999748071566,-0.191,6.0,0.5,-0.191,-5.012926340697277e-08,-2.5192843366994566e-09,0.0,5.999999992948166,0.4999999989641196,-0.191,True,5.874398277971492e-10,7.720319768431472,7.17957161233734e-09,9.127274953519103e-16
AB,matched,65,100,5.999999889199774,0.4999999956276414,0.037,6.0,0.5,0.037,-1.1080022588316751e-07,-4.3723585863020276e-09,0.0,5.999999921315587,0.4999999966815473,0.037,True,3.386140936685909e-10,8.088700747873219,5.3526355901973296e-09,1.0895303299331394e-15
AB,matched,66,100,6.999999978928964,0.49999999883308777,-0.398,7.0,0.5,-0.398,-2.1071035583020148e-08,-1.1669122335078441e-09,0.0,7.00000003803727,0.5000000006363157,-0.398,True,8.307673187312892e-10,7.47761744198049,8.444043640611154e-09,1.2291109660356332e-15
AB,matched,67,100,6.999999939292843,0.49999999849112453,-0.579,7.0,0.5,-0.579,-6.070715663497595e-08,-1.508875469014015e-09,0.0,7.000000007690277,0.5000000006528076,-0.579,True,1.1798141546310089e-09,7.227757955526855,9.771061917085108e-09,1.529723466844393e-15
AB,matched,68,100,5.999999947474152,0.4999999976985904,0.193,6.0,0.5,0.193,-5.252584767134749e-08,-2.301409618432615e-09,0.0,5.999999972615629,0.4999999984979899,0.193,True,2.2524698542520403e-10,8.341424205584714,4.190246095169481e-09,1.4215758481944775e-15
AB,matched,69,100,5.999999945501084,0.4999999996754564,0.567,6.0,0.5,0.567,-5.449891560260767e-08,-3.2454361420519717e-10,0.0,5.999999769230904,0.4999999944605853,0.567,True,6.947437361182793e-11,8.947844027449985,2.9378363712516442e-08,1.774774228595074e-15
AB,matched,70,100,8.000000006552904,0.500000001223366,-0.671,8.0,0.5,-0.671,6.55290399720343e-09,1.2233659640870087e-09,0.0,8.000000085214912,0.5000000034021308,-0.671,True,1.1986169902470687e-09,7.216695410617321,9.832750953077322e-09,1.3586460585447552e-15
AB,matched,71,100,5.99999994091085,0.49999999755482555,0.079,6.0,0.5,0.079,-5.908914957331035e-08,-2.445174451803922e-09,0.0,5.9999999710761225,0.4999999985363363,0.079,True,3.040717944512024e-10,8.157112398940269,5.027545367238296e-09,1.3360734360998934e-15
AB,matched,72,100,7.999999930477913,0.4999999991917982,-0.489,8.0,0.5,-0.489,-6.952208675414795e-08,-8.082017832755639e-10,0.0,7.999999999738305,0.5000000010512519,-0.489,True,8.800073875465857e-10,7.436737483866456,8.657549011309537e-09,1.1109240990836694e-15
AB,matched,73,100,6.999999880859531,0.499999997210701,-0.573,7.0,0.5,-0.573,-1.1914046904593079e-07,-2.789299013983282e-09,0.0,6.999999948929555,0.4999999993594869,-0.573,True,1.1659044980399166e-09,7.236074992771521,9.724289254358235e-09,1.3848230390980061e-15
AB,matched,74,100,6.000000048533329,0.5000000018608098,0.169,6.0,0.5,0.169,4.853332935539356e-08,1.8608098395489492e-09,0.0,6.000000074694132,0.5000000026965761,0.169,True,2.4016540313660425e-10,8.302545528504726,4.3601336812613096e-09,1.5758262536756251e-15
AB,matched,75,100,6.000000003193688,0.4999999991958782,0.565,6.0,0.5,0.565,3.1936879807403784e-09,-8.041218246823689e-10,0.0,5.9999998288526415,0.49999999403605566,0.565,True,6.998901037209745e-11,8.944519681837129,2.9056841065913582e-08,1.9879429976090434e-15
AB,matched,76,100,7.999999964830095,0.499999998940149,-0.659,8.0,0.5,-0.659,-3.516990521035268e-08,-1.059850984752586e-09,0.0,8.000000042864931,0.5000000010971076,-0.659,True,1.1745321542777438e-09,7.230984664234499,9.754354494044718e-09,1.2323657797239331e-15
AB,matched,77,100,5.999999971030061,0.4999999986922068,0.232,6.0,0.5,0.232,-2.896993933632075e-08,-1.3077932070615361e-09,0.0,5.999999994517496,0.49999999943324686,0.232,True,2.023334782289604e-10,8.404686868093362,3.914572521566674e-09,1.3443622882589185e-15
AB,matched,78,100,7.999999871191698,0.4999999962725637,-0.494,8.0,0.5,-0.494,-1.2880830180250769e-07,-3.727436304057363e-09,0.0,7.999999940717053,0.4999999981408827,-0.494,True,8.876957044678582e-10,7.430627512543513,8.690669359720315e-09,1.6666165227469053e-15
AB,matched,79,100,5.999999958444762,0.49999999812764667,-0.413,6.0,0.5,-0.413,-4.155523836146813e-08,-1.872353327936338e-09,0.0,6.0000000127989646,0.5000000000938912,-0.413,True,9.780151306266992e-10,7.362051094287904,9.059033800063805e-09,7.942581625154814e-16
AB,matched,80,100,6.999999913053527,0.499999996628198,-0.586,7.0,0.5,-0.586,-8.694647313234327e-08,-3.371802004270563e-09,0.0,6.999999981807221,0.49999999880409574,-0.586,True,1.1957418592280563e-09,7.218183323216224,9.821956353152315e-09,1.3156561951431742e-15
AB,matched,81,100,6.000000068922735,0.5000000013548288,0.235,6.0,0.5,0.235,6.892273507475011e-08,1.354828804700503e-09,0.0,6.000000092304667,0.5000000020920644,0.235,True,2.008385798656812e-10,8.409299003314622,3.896988597744275e-09,1.3127820479546287e-15
AB,matched,82,100,6.000000060406589,0.5000000026619557,0.561,6.0,0.5,0.561,6.040658906414365e-08,2.661955655902659e-09,0.0,5.999999889773701,0.49999999760820313,0.561,True,7.100169573484947e-11,8.937995672145892,2.843881442424398e-08,2.1375439444819603e-15
AB,matched,83,100,7.999999850633583,0.49999999637095216,-0.662,8.0,0.5,-0.662,-1.4936641701268627e-07,-3.629047840014721e-09,0.0,7.999999928806727,0.49999999853287924,-0.662,True,1.180240845786088e-09,7.227396580349908,9.771643137230857e-09,1.5668125188035799e-15
AB,matched,84,100,5.99999993276937,0.4999999971664723,-0.148,6.0,0.5,-0.148,-6.723062995206419e-08,-2.83352769026024e-09,0.0,5.999999973744238,0.4999999985645022,-0.148,True,5.312787544771062e-10,7.78973869425822,6.829144687063683e-09,1.301886189626777e-15
AB,matched,85,100,5.999999965730451,0.4999999993857392,-0.044,6.0,0.5,-0.044,-3.426954897634005e-08,-6.142608088843815e-10,0.0,6.000000001637814,0.5000000005841173,-0.044,True,4.136207860230114e-10,7.95796602048749,5.984560549190296e-09,1.6189139257813452e-15
AB,matched,86,100,5.999999924352827,0.4999999971141941,-0.182,6.0,0.5,-0.182,-7.564717297015022e-08,-2.885805927554941e-09,0.0,5.999999966957287,0.4999999985784575,-0.182,True,5.748306507071517e-10,7.73481656587474,7.100743439779614e-09,9.523652305766301e-16
AB,matched,87,100,5.999999964723658,0.49999999824590086,-0.182,6.0,0.5,-0.182,-3.5276341847634285e-08,-1.7540991437137166e-09,0.0,6.000000007345287,0.4999999997108553,-0.182,True,5.75030481761586e-10,7.735103644021737,7.103604806787441e-09,1.1168424153390494e-15
AB,matched,88,100,5.999999949332229,0.4999999987347964,-0.334,6.0,0.5,-0.334,-5.066777131190747e-08,-1.2652036085469831e-09,0.0,5.999999999597156,0.5000000005210734,-0.334,True,8.166900255205278e-10,7.489505520297373,8.377487889147711e-09,1.0784379678274092e-15
AB,matched,89,100,5.999999948410358,0.4999999979383231,-0.345,6.0,0.5,-0.345,-5.15896418917805e-08,-2.0616768847681044e-09,0.0,5.9999999992586535,0.499999999749785,-0.345,True,8.37769975138047e-10,7.471936879520919,8.47471589305851e-09,1.0138920400631097e-15
AB,matched,90,100,5.999999963413153,0.49999999909520615,0.403,6.0,0.5,0.403,-3.658684732954498e-08,-9.047938509532116e-10,0.0,5.999999961627893,0.4999999990407279,0.403,True,1.2192398004094756e-10,8.681863653460663,2.975433251275828e-10,1.4698604332754709e-15
AB,matched,91,100,7.999999903807342,0.4999999975691864,-0.568,8.0,0.5,-0.568,-9.619265828320067e-08,-2.430813605958093e-09,0.0,7.9999999771454835,0.4999999995648178,-0.568,True,1.0067862747085634e-09,7.341232274511354,9.167267748898666e-09,1.3271249453251654e-15
AB,matched,92,100,6.99999989362256,0.49999999768515047,-0.589,7.0,0.5,-0.589,-1.063774401899309e-07,-2.3148495342795172e-09,0.0,6.99999996258372,0.49999999986885973,-0.589,True,1.2037274542018684e-09,7.213757236274341,9.851594386618801e-09,1.280006510412617e-15
AB,matched,93,100,5.999999950744245,0.49999999799223505,0.233,6.0,0.5,0.233,-4.925575503023083e-08,-2.007764954292668e-09,0.0,5.999999974182588,0.4999999987315278,0.233,True,2.017240652018407e-10,8.405978495979669,3.906390487166532e-09,1.4418949202900974e-15
AB,matched,94,100,6.000000044784262,0.5000000009516808,0.565,6.0,0.5,0.565,4.4784261632457856e-08,9.516808452403325e-10,0.0,5.999999870451537,0.4999999957922019,0.565,True,6.999806111481058e-11,8.94438530152927,2.905545382587672e-08,1.7920554634525695e-15
AB,matched,95,100,7.9999999506615955,0.49999999815320006,-0.669,8.0,0.5,-0.669,-4.9338404473076025e-08,-1.8467999352012043e-09,0.0,8.00000002927549,0.5000000003299974,-0.669,True,1.1955306660052191e-09,7.218974882632975,9.826736832707434e-09,1.6863279603436885e-15
AB,matched,96,100,5.99999999343983,0.49999999969012326,-0.133,6.0,0.5,-0.133,-6.5601701848549965e-09,-3.098767353826304e-10,0.0,6.000000033681042,0.5000000010587112,-0.133,True,5.127646601537305e-10,7.814018560957326,6.706868652401236e-09,1.183860919300476e-15
AB,matched,97,100,5.999999931640975,0.4999999979218548,-0.175,6.0,0.5,-0.175,-6.835902510715641e-08,-2.078145211470428e-09,0.0,5.999999973946074,0.4999999993736509,-0.175,True,5.661319437252145e-10,7.746070827050126,7.050849860535639e-09,1.4654778735143498e-15
AB,matched,98,100,5.999999927919376,0.49999999767690234,-0.083,6.0,0.5,-0.083,-7.208062413610605e-08,-2.3230976586852137e-09,0.0,5.999999965676421,0.49999999894740216,-0.083,True,4.5438845023104787e-10,7.894679011458573,6.292840951021938e-09,1.4286209234993836e-15
AB,matched,99,100,5.999999928726037,0.49999999686205143,0.013,6.0,0.5,0.013,-7.1273962731766e-08,-3.1379485676552576e-09,0.0,5.9999999619352575,0.49999999795731753,0.013,True,3.5930210585982525e-10,8.0502609064871,5.534870078883895e-09,1.292522307242386e-15
AB,matched,100,100,6.999999905050124,0.49999999748710483,-0.31,7.0,0.5,-0.31,-9.494987640579211e-08,-2.5128951697261925e-09,0.0,6.999999959680162,0.4999999991260698,-0.31,True,6.987485109769988e-10,7.59969142314625,7.804291226507739e-09,1.1180587489235004e-15
AB,matched,101,100,5.999999989935482,0.499999999567078,0.195,6.0,0.5,0.195,-1.0064518107810727e-08,-4.3292197604571925e-10,0.0,6.000000014989064,0.5000000003633553,0.195,True,2.2400009769766602e-10,8.344746963866157,4.1755970428779685e-09,1.486179311251564e-15
AB,matched,102,100,5.99999994935617,0.49999999842215065,-0.23,6.0,0.5,-0.23,-5.0643829574426036e-08,-1.577849351175331e-09,0.0,5.999999994402158,0.49999999998663147,-0.23,True,6.436301057718072e-10,7.657316434883997,7.507664571111092e-09,9.909596814157725e-16
AB,matched,103,100,5.999999962890431,0.499999998521968,-0.268,6.0,0.5,-0.268,-3.7109568751247934e-08,-1.4780319745888448e-09,0.0,6.000000009822956,0.5000000001654987,-0.268,True,7.022812286811288e-10,7.596114489070909,7.822087409420783e-09,1.055975833846753e-15
AB,matched,104,100,5.999999996506962,0.5000000015988599,-0.213,6.0,0.5,-0.213,-3.4930378589592692e-09,1.5988599333383036e-09,0.0,6.000000040673983,0.5000000031271125,-0.213,True,6.182687884358964e-10,7.684880064934368,7.3611701420167874e-09,1.0386717137091672e-15
AB,matched,105,100,5.99999990809842,0.4999999959274586,-0.19,6.0,0.5,-0.19,-9.190157967964296e-08,-4.072541415212072e-09,0.0,5.999999951112621,0.4999999974084411,-0.19,True,5.858815698728384e-10,7.721939795532048,7.169033573391686e-09,1.2359815780828534e-15
AB,matched,106,100,6.999999983104482,0.499999999044618,-0.585,7.0,0.5,-0.585,-1.6895517873649624e-08,-9.553819957375254e-10,0.0,7.000000051864923,0.5000000012203494,-0.585,True,1.1945569447006903e-09,7.2193747399063115,9.822920055312653e-09,1.3275108103420615e-15
AB,matched,107,100,5.999999899857378,0.49999999675681855,0.244,6.0,0.5,0.244,-1.0014262219470993e-07,-3.2431814456224117e-09,0.0,5.999999922820988,0.49999999747957435,0.244,True,1.9547160359392424e-10,8.424041800977937,3.82726847733716e-09,2.049467741616392e-15
AB,matched,108,100,5.999999940300848,0.4999999985426052,0.561,6.0,0.5,0.561,-5.969915228831724e-08,-1.457394815940205e-09,0.0,5.999999769984525,0.4999999934981919,0.561,True,7.106915693996894e-11,8.937786198462012,2.8386054086241848e-08,2.092966693260126e-15
AB,matched,109,100,7.9999998842483135,0.4999999961383234,-0.664,8.0,0.5,-0.664,-1.1575168645805434e-07,-3.861676589611562e-09,0.0,7.999999962571284,0.4999999983051688,-0.664,True,1.1850144908294216e-09,7.22486495482289,9.790371337256678e-09,1.5258038889921923e-15
AB,matched,110,100,5.999999938165472,0.4999999975173725,-0.238,6.0,0.5,-0.238,-6.183452772035025e-08,-2.4826274924727443e-09,0.0,5.999999983567236,0.49999999909695725,-0.238,True,6.549829731754645e-10,7.6444606258812335,7.566960708397794e-09,1.3931245671356687e-15
AB,matched,111,100,5.9999999357766525,0.499999997075052,0.673,6.0,0.5,0.673,-6.422334752897996e-08,-2.9249480060222766e-09,0.0,6.000000146966466,0.5000000032021974,0.673,True,4.532737275529428e-11,9.119687391285373,3.519830133665541e-08,1.7411799357391787e-15
AB,matched,112,100,7.999999908534953,0.4999999980908775,-0.659,8.0,0.5,-0.659,-9.146504709178771e-08,-1.9091225267331424e-09,0.0,7.999999986600899,0.5000000002487079,-0.659,True,1.1750240473021852e-09,7.230994031726736,9.758243229819697e-09,1.5265677698163913e-15
AB,matched,113,100,6.999999908427888,0.49999999730797945,-0.872,7.0,0.5,-0.872,-9.157211167121204e-08,-2.6920205509206596e-09,0.0,6.999999992026164,0.5000000001134081,-0.872,True,2.082503536200032e-09,6.823489346284531,1.1942610850369062e-08,8.861331400063188e-16
AB,matched,114,100,6.999999924474987,0.49999999813856877,-0.584,7.0,0.5,-0.584,-7.552501291030467e-08,-1.8614312313758319e-09,0.0,6.999999993126866,0.5000000003104191,-0.584,True,1.1911840561699839e-09,7.220869701492651,9.807411273688753e-09,2.1823713244903968e-15
AB,matched,115,100,5.999999934171126,0.49999999699888575,0.234,6.0,0.5,0.234,-6.582887390749192e-08,-3.001114246004022e-09,0.0,5.999999957561333,0.49999999773654424,0.234,True,2.0108940873603546e-10,8.407987877705587,3.898367878325627e-09,1.4447738958863825e-15
AB,matched,116,100,5.999999899424581,0.4999999971977968,0.562,6.0,0.5,0.562,-1.0057541910413192e-07,-2.8022031917096513e-09,0.0,5.999999727981301,0.4999999921212811,0.562,True,7.077908530503132e-11,8.939311826649156,2.857388048181474e-08,1.8970622892031433e-15
AB,matched,117,100,7.999999894925503,0.49999999648030696,-0.666,8.0,0.5,-0.666,-1.0507449665908553e-07,-3.519693037024041e-09,0.0,7.999999973364116,0.49999999865112227,-0.666,True,1.1892436049294127e-09,7.222384037243778,9.804826649921803e-09,2.0312110337694905e-15
AB,matched,118,100,5.9999999617930895,0.4999999993438348,-0.212,6.0,0.5,-0.212,-3.820691052425218e-08,-6.561651777481359e-10,0.0,6.000000005946625,0.500000000871265,-0.212,True,6.173826916761657e-10,7.686370637763831,7.3589226491336285e-09,1.2350401231059454e-15
AB,matched,119,100,6.000000000898714,0.5000000000495612,-0.191,6.0,0.5,-0.191,8.987139921146081e-10,4.956124399768669e-11,0.0,6.000000043977111,0.5000000015330928,-0.191,True,5.874246901733787e-10,7.720507678676481,7.17973275565834e-09,1.1041528691833575e-15
AB,matched,120,100,5.999999918799988,0.4999999970006942,0.667,6.0,0.5,0.667,-8.120001204758864e-08,-2.99930580371921e-09,0.0,6.000000134804942,0.5000000032744899,0.667,True,4.656300412819242e-11,9.109986572891389,3.600082491908128e-08,1.959972848095988e-15
AB,matched,121,100,7.9999999155969,0.4999999974430026,-0.653,8.0,0.5,-0.653,-8.440309962054471e-08,-2.556997391600646e-09,0.0,7.999999993351423,0.4999999995900586,-0.653,True,1.1631326305892953e-09,7.238332316008996,9.719315360618454e-09,1.648810570426458e-15
AB,matched,122,100,6.999999936830399,0.4999999984217567,-0.877,7.0,0.5,-0.877,-6.316960110552827e-08,-1.5782433138156193e-09,0.0,7.000000020677337,0.5000000012383082,-0.877,True,2.1025506654117907e-09,6.816676170655643,1.1978134004809161e-08,1.0641941425923215e-15
AB,matched,123,100,6.999999945718879,0.4999999980368834,-0.558,7.0,0.5,-0.558,-5.42811209314209e-08,-1.963116613712401e-09,0.0,7.000000013075423,0.5000000001568878,-0.558,True,1.1336508819521424e-09,7.256876072473864,9.62236345946762e-09,1.7177314239893147e-15
AB,matched,124,100,5.999999995055265,0.49999999968042697,0.186,6.0,0.5,0.186,-4.944735287892854e-09,-3.195730347016479e-10,0.0,6.000000020520299,0.5000000004912174,0.186,True,2.2978213321859105e-10,8.329971392584833,4.2441724064006965e-09,1.5397151018483366e-15
AB,matched,125,100,5.999999946687028,0.49999999740777945,0.574,6.0,0.5,0.574,-5.3312971814989396e-08,-2.5922205493245087e-09,0.0,5.999999763885205,0.49999999200670614,0.574,True,6.773098402835958e-11,8.95874651098202,3.046697084674785e-08,1.4296534507253987e-15
AB,matched,126,100,7.999999994909012,0.5000000002509698,-0.694,8.0,0.5,-0.694,-5.090988075551195e-09,2.509698004971028e-10,0.0,8.000000074824639,0.5000000024735062,-0.694,True,1.2472668468252477e-09,7.188702901603981,9.989453282170709e-09,1.4474743452973746e-15
AB,matched,127,100,6.000000000325416,0.5000000007809776,0.096,6.0,0.5,0.096,3.254161384802501e-10,7.809776159106718e-10,0.0,6.000000029745051,0.5000000017348235,0.096,True,2.9131682239013293e-10,8.184287900899164,4.903272430417978e-09,1.4142582795287344e-15
AB,matched,128,100,15.999999899311506,0.49999999802034256,-0.285,16.0,0.5,-0.285,-1.0068849398692237e-07,-1.9796574379782328e-09,0.0,16.000000003123066,0.49999999933696165,-0.285,True,4.813481460002829e-10,7.856416569516124,6.488222513544624e-09,5.500759292839677e-15
AB,matched,129,100,6.99999991089124,0.4999999976608522,-0.592,7.0,0.5,-0.592,-8.91087603704932e-08,-2.339147819885312e-09,0.0,6.999999979965395,0.49999999984953947,-0.592,True,1.2098666667995478e-09,7.20990528837229,9.867736497450067e-09,1.807447423966173e-15
AB,matched,130,100,5.999999970285901,0.4999999983582251,0.267,6.0,0.5,0.267,-2.971409873708808e-08,-1.641774882710223e-09,0.0,5.999999992314184,0.49999999904840436,0.267,True,1.8329027584235783e-10,8.461370728939782,3.671380389594565e-09,1.8965297216095836e-15
AB,matched,131,100,5.9999998166509005,0.4999999945063066,0.56,6.0,0.5,0.56,-1.833490994584963e-07,-5.4936933890914474e-09,0.0,5.999999647155971,0.49999998948536384,0.56,True,7.129052852578521e-11,8.936207431645128,2.8249155730416227e-08,1.957687573237567e-15
AB,matched,132,100,7.9999999073953125,0.4999999971156648,-0.673,8.0,0.5,-0.673,-9.260468747385175e-08,-2.88433521511422e-09,0.0,7.999999986186802,0.4999999992988437,-0.673,True,1.2032313351886307e-09,7.213943953402268,9.848936239140003e-09,1.4181557976371217e-15
AB,matched,133,100,5.999999967566636,0.4999999991837601,-0.392,6.0,0.5,-0.392,-3.2433364438588796e-08,-8.162399089961525e-10,0.0,6.000000020826869,0.5000000011012304,-0.392,True,9.322777403973415e-10,7.396070106806141,8.876705561985076e-09,8.802111089032561e-16
AB,matched,134,100,6.999999959095678,0.49999999945022683,-0.588,7.0,0.5,-0.588,-4.0904321707557756e-08,-5.497731714321219e-10,0.0,7.000000028003301,0.5000000016320554,-0.588,True,1.2013154443141999e-09,7.215406269959645,9.843946063325132e-09,1.2567677061049542e-15
AB,matched,135,100,5.999999870966326,0.4999999950100426,0.215,6.0,0.5,0.215,-1.2903367441197133e-07,-4.989957391732247e-09,0.0,5.9999998951648195,0.499999995776033,0.215,True,2.1205015692405028e-10,8.37691565544615,4.033082383028208e-09,1.7406401286350176e-15
AB,matched,136,100,5.999999963119626,0.499999998059108,0.56,6.0,0.5,0.56,-3.688037431004432e-08,-1.940892002672001e-09,0.0,5.9999997941451575,0.4999999930536396,0.56,True,7.142031261678794e-11,8.936054383362066,2.816241153900926e-08,1.5628211505070352e-15
AB,matched,137,100,7.999999831773489,0.4999999954167427,-0.661,8.0,0.5,-0.661,-1.6822651094372532e-07,-4.583257273704788e-09,0.0,7.999999909949864,0.49999999757834723,-0.661,True,1.1790966816945282e-09,7.228657337616297,9.772046948382277e-09,1.483734610075052e-15
AB,matched,138,100,6.00000001810508,0.5000000011206348,-0.005,6.0,0.5,-0.005,1.810508010180456e-08,1.1206348071723937e-09,0.0,6.0000000521521795,0.500000002247752,-0.005,True,3.756683305751751e-10,8.021073525113243,5.674516511019538e-09,1.4421519186143434e-15
AB,matched,139,100,5.999999964277571,0.49999999893252456,-0.362,6.0,0.5,-0.362,-3.572242857075025e-08,-1.0674754413741994e-09,0.0,6.00000001602133,0.5000000007828118,-0.362,True,8.713641146669006e-10,7.444078815992447,8.623959745499927e-09,8.522627332492218e-16
AB,matched,140,100,5.999999971391048,0.500000000218318,-0.36,6.0,0.5,-0.36,-2.860895165213151e-08,2.183180303205745e-10,0.0,6.0000000230221335,0.500000002063666,-0.36,True,8.672311409084819e-10,7.447253861798611,8.605180831152085e-09,6.344916396430874e-16
AB,matched,141,100,6.999999910487787,0.4999999972755927,-0.59,7.0,0.5,-0.59,-8.951221275310672e-08,-2.72440731086121e-09,0.0,6.999999979453731,0.4999999994600284,-0.59,True,1.2051475166348463e-09,7.212591935930479,9.852277752731092e-09,1.7604828161977445e-15
AB,matched,142,100,5.999999975952033,0.49999999916014876,0.214,6.0,0.5,0.214,-2.404796717314639e-08,-8.398512441054606e-10,0.0,6.000000000169054,0.49999999992691,0.214,True,2.1241192876847451e-10,8.375418511538001,4.0361702127521565e-09,1.564636401784819e-15
AB,matched,143,100,5.999999936300786,0.4999999978244222,0.56,6.0,0.5,0.56,-6.369921390358968e-08,-2.175577773488868e-09,0.0,5.999999766842355,0.4999999928044094,0.56,True,7.130011156647455e-11,8.936303459028203,2.8243072181050143e-08,1.7211948597477355e-15
AB,matched,144,100,7.999999839589156,0.4999999949430616,-0.657,8.0,0.5,-0.657,-1.6041084371920533e-07,-5.056938423564361e-09,0.0,7.999999917494647,0.49999999709570553,-0.657,True,1.170190904299556e-09,7.233359710473947,9.738186468833632e-09,1.6911809073149433e-15
AB,matched,145,100,5.99999994446588,0.49999999828689357,-0.032,6.0,0.5,-0.032,-5.553412041336969e-08,-1.7131064344866331e-09,0.0,5.9999999797963035,0.49999999946307566,-0.032,True,4.016085117419982e-10,7.977210779881424,5.8884040064592955e-09,1.2165610177722322e-15
AB,matched,146,100,5.999999923124636,0.4999999966849309,-0.154,6.0,0.5,-0.154,-7.687536385247995e-08,-3.3150691081118566e-09,0.0,5.999999964380564,0.49999999809443085,-0.154,True,5.386552885589906e-10,7.780148451810979,6.8759879680030865e-09,8.632068954880503e-16
AB,matched,147,100,5.999999945565695,0.4999999989090457,-0.36,6.0,0.5,-0.36,-5.443430506346658e-08,-1.0909543268766697e-09,0.0,5.999999997207749,0.5000000007548766,-0.36,True,8.673737817866353e-10,7.4475204251403575,8.607009035423059e-09,9.717041606139016e-16
AB,matched,148,100,5.999999993742572,0.5000000007646405,-0.332,6.0,0.5,-0.332,-6.257428353251271e-09,7.646404620587077e-10,0.0,6.000000043964204,0.5000000025485072,-0.332,True,8.139712127267294e-10,7.492637396859929,8.370271969712066e-09,8.644591605553449e-16
AB,matched,149,100,6.999999970855885,0.4999999993176428,-0.593,7.0,0.5,-0.593,-2.9144114677137622e-08,-6.823572262781852e-10,0.0,7.000000039993237,0.5000000015087819,-0.593,True,1.2124353411096555e-09,7.208446169182325,9.876764492649629e-09,1.223194816078808e-15
AB,matched,150,100,6.000000001092493,0.49999999975702375,0.242,6.0,0.5,0.242,1.0924932070111026e-09,-2.4297625023095293e-10,0.0,6.000000024158979,0.5000000004832679,0.242,True,1.9676382134895566e-10,8.420319052483086,3.844414252929941e-09,1.152363553693289e-15
AB,matched,151,100,5.999999944028835,0.4999999973334712,0.557,6.0,0.5,0.557,-5.597116459199469e-08,-2.6665287755633926e-09,0.0,5.9999997778959715,0.4999999924091986,0.557,True,7.218320305642972e-11,8.931373056186386,2.768881090999694e-08,1.206582705045597e-15
AB,matched,152,100,7.999999853445944,0.49999999646631954,-0.663,8.0,0.5,-0.663,-1.4655405600194626e-07,-3.533680459355537e-09,0.0,7.99999993168811,0.4999999986305799,-0.663,True,1.1824891510516562e-09,7.226281372914843,9.780270787931714e-09,1.8164983344970907e-15
AB,matched,153,100,6.000000008077214,0.5000000023390063,-0.235,6.0,0.5,-0.235,8.077213564661179e-09,2.3390063219608237e-09,0.0,6.000000053348842,0.5000000039130373,-0.235,True,6.507289541183486e-10,7.649374008616363,7.54527130357579e-09,1.3651029763428587e-15
AB,matched,154,100,5.999999943860314,0.4999999985033765,0.049,6.0,0.5,0.049,-5.6139685788991756e-08,-1.4966234918034615e-09,0.0,5.999999975414013,0.49999999953629376,0.049,True,3.284431425761717e-10,8.10790637126848,5.258949889722995e-09,9.018335577945298e-16
AB,matched,155,100,5.999999891088577,0.499999994686175,-0.359,6.0,0.5,-0.359,-1.0891142299129797e-07,-5.31382499113775e-09,0.0,5.999999942622002,0.4999999965277792,-0.359,True,8.644286571417098e-10,7.449088285546922,8.588904188586619e-09,9.192173693690596e-16
AB,matched,156,100,5.999999916503351,0.4999999977022335,-0.361,6.0,0.5,-0.361,-8.349664870621609e-08,-2.2977664770884587e-09,0.0,5.999999968171574,0.4999999995495021,-0.361,True,8.688692894119957e-10,7.446133226091951,8.61137047722857e-09,6.807027815603409e-16
AB,matched,157,100,6.999999910464426,0.4999999979746074,-0.566,7.0,0.5,-0.566,-8.953557362190168e-08,-2.025392575877305e-09,0.0,6.999999978217286,0.5000000001104652,-0.566,True,1.1510451662872073e-09,7.245705156626784,9.678979933393869e-09,1.8927802259414904e-15
AB,matched,158,100,5.99999997741043,0.49999999959394026,0.108,6.0,0.5,0.108,-2.2589570214393007e-08,-4.0605974138685497e-10,0.0,6.00000000625361,0.5000000005268517,0.108,True,2.8201986720992984e-10,8.2038346284584,4.807196709759276e-09,1.193533475385956e-15
AB,matched,159,100,5.999999970056899,0.49999999899950925,0.581,6.0,0.5,0.581,-2.994310133175304e-08,-1.000490745806104e-09,0.0,5.999999780267005,0.4999999933992114,0.581,True,6.590157044640664e-11,8.970135420450054,3.1631649161666865e-08,1.3060701175174418e-15
AB,matched,160,100,7.999999952629855,0.49999999903455106,-0.668,8.0,0.5,-0.668,-4.7370145139780107e-08,-9.65448943013314e-10,0.0,8.000000031171265,0.5000000012089051,-0.668,True,1.1932190406323506e-09,7.2200264832817345,9.817676189287811e-09,1.3529401194038178e-15
AB,matched,161,100,6.999999867290695,0.49999999583381,-0.31,7.0,0.5,-0.31,-1.3270930487863097e-07,-4.166190004095682e-09,0.0,6.999999921915403,0.49999999747263185,-0.31,True,6.987297689184307e-10,7.599429180060023,7.803529845932182e-09,2.013041229988126e-15
AB,matched,162,100,5.999999957253294,0.499999999522203,0.17,6.0,0.5,0.17,-4.2746705730678514e-08,-4.777970241676144e-10,0.0,5.999999983390808,0.5000000003570537,0.17,True,2.3971501781573407e-10,8.30413662168957,4.3562522598758545e-09,1.5978756266079727e-15
AB,matched,163,100,5.999999929632234,0.49999999745622214,0.567,6.0,0.5,0.567,-7.036776583646542e-08,-2.543777855024132e-09,0.0,5.999999753577415,0.4999999922479878,0.567,True,6.953584057373333e-11,8.947204089209341,2.9342470131379757e-08,1.7251840437344364e-15
AB,matched,164,100,7.999999947730811,0.49999999833258374,-0.67,8.0,0.5,-0.67,-5.226918897704991e-08,-1.6674162606200582e-09,0.0,8.000000026366363,0.5000000005102007,-0.67,True,1.1971622881182554e-09,7.217414575744651,9.82944400409516e-09,1.6558115215297659e-15
AB,matched,165,100,5.999999937938396,0.4999999978325781,-0.196,6.0,0.5,-0.196,-6.206160385602288e-08,-2.167421908616518e-09,0.0,5.99999998127601,0.4999999993265249,-0.196,True,5.945255953000705e-10,7.7121354909357365,7.222935605513741e-09,1.1146680729802599e-15
AB,matched,166,100,5.999999919760089,0.4999999970461472,-0.165,6.0,0.5,-0.165,-8.023991071581804e-08,-2.953852773490695e-09,0.0,5.99999996154658,0.4999999984770476,-0.165,True,5.526588504838691e-10,7.762183722495903,6.9644151633126286e-09,1.136652755679141e-15
AB,matched,167,100,5.999999967266152,0.49999999883182705,0.021,6.0,0.5,0.021,-3.2733847632471225e-08,-1.1681729472634572e-09,0.0,6.0000000001018625,0.49999999991295835,0.021,True,3.522129391420108e-10,8.062941287574636,5.4726183583889866e-09,1.6395815899106079e-15
AB,matched,168,100,7.999999724773673,0.49999999095197295,0.0,8.0,0.5,0.0,-2.7522632706222794e-07,-9.04802704981833e-09,0.0,7.999999769862098,0.49999999207029183,0.0,True,3.710931307541292e-10,8.029229234225197,5.636053341847626e-09,4.198552152461982e-15
ABC,analytic,1,200,6.9187001434339015,0.49903351528220086,-0.5840404885015473,7.0,0.5,-0.592,-0.0812998565660985,-0.0009664847177991431,0.007959511498452643,6.91870010647667,0.49903351444376914,-0.5840404856898119,True,2.4896707319805845e-10,14.914319277417034,5.3416437028724224e-09,0.001614361608787076
ABC,analytic,2,200,6.045708585757247,0.5003735973899633,0.23939250264912043,6.0,0.5,0.244,0.04570858575724657,0.0003735973899633427,-0.004607497350879564,6.045708677460801,0.5003735995157936,0.2393924964550289,True,7.776565546141975e-10,16.79199245565376,1.51683713152777e-08,0.0014911400283389796
ABC,analytic,3,200,6.026860300965105,0.5024802201911371,0.5641495513436618,6.0,0.5,0.559,0.026860300965105388,0.002480220191137139,0.005149551343661796,6.026860482225326,0.5024802242251764,0.5641495397303596,True,3.920598378751588e-10,17.677488782566865,3.00753968985168e-08,0.001540051668895647
ABC,analytic,4,200,7.994924909383658,0.49957220802949664,-0.6677932612731677,8.0,0.5,-0.665,-0.005075090616341704,-0.00042779197050335505,-0.002793261273167702,7.9949249073107005,0.4995722079887948,-0.6677932611158014,True,9.065946966039196e-11,14.937250554852055,2.592842120352043e-10,0.0013034507144264868
ABC,analytic,5,200,6.113658507924677,0.5031928327341754,-0.28399907468345054,6.0,0.5,-0.274,0.11365850792467658,0.003192832734175366,-0.009999074683450515,6.113658600664395,0.5031928350454237,-0.2839990814127009,True,5.603300269343245e-10,15.562626994257258,1.5169266749225875e-08,0.0014561871095530696
ABC,analytic,6,200,5.965354019422642,0.4982689638358749,0.07067123145484822,6.0,0.5,0.073,-0.03464598057735824,-0.0017310361641251215,-0.0023287685451517798,5.965354015239735,0.498268963735454,0.07067123174616151,True,1.941737419326132e-11,16.320373933740658,7.012000380907574e-10,0.0006799142352993942
ABC,analytic,7,200,16.0415555595896,0.5003619805001248,-0.14442422709964675,16.0,0.5,-0.141,0.04155555958960022,0.0003619805001248144,-0.003424227099646765,16.041556407579524,0.5003619882400411,-0.14442428694163092,True,4.598053874293632e-10,16.061144493616485,5.984198417352538e-08,0.00013802811116761103
ABC,analytic,8,200,5.997567654207286,0.49997739775278677,-0.06950037685686453,6.0,0.5,-0.07,-0.00243234579271423,-2.2602247213232562e-05,0.0004996231431354803,5.997567429413192,0.49997739225514837,-0.06950036093898013,True,2.1476508520293038e-11,16.013243083312886,3.7480876669078475e-08,2.672333018884588e-05
ABC,analytic,9,200,7.051305098926257,0.5018623785987648,-0.5882504308661912,7.0,0.5,-0.589,0.051305098926256676,0.0018623785987648134,0.0007495691338087473,7.051305099252086,0.5018623786060479,-0.5882504308907853,True,1.3508573336056337e-11,14.981198802948247,4.6208345385589754e-11,0.0022012293552704284
ABC,analytic,10,200,5.952170203521939,0.49853970501992473,0.23645974252893973,6.0,0.5,0.235,-0.047829796478061404,-0.0014602949800752718,0.0014597425289397392,5.9521702346493885,0.4985397057508813,0.23645974041561577,True,2.34568971287286e-11,16.743059674328613,5.2295967225075654e-09,0.002874451041356414
ABC,analytic,11,200,5.9666929530791455,0.4986991697993885,0.5596572572983043,6.0,0.5,0.559,-0.03330704692085451,-0.0013008302006115025,0.0006572572983042368,5.966693044874457,0.498699171852944,0.5596572513506876,True,3.73296293460305e-11,17.558889154376562,1.5384621113552277e-08,0.001478223228485111
ABC,analytic,12,200,7.951638038682622,0.49939750512491093,-0.6500188615544106,8.0,0.5,-0.656,-0.04836196131737758,-0.0006024948750890657,0.005981138445589451,7.951638021719861,0.4993975047907313,-0.6500188602684034,True,1.6514920094155068e-10,14.96024562883108,2.133241198767569e-09,0.0008367778397116323
ABC,analytic,13,200,5.9997746035062915,0.4988867618506466,-0.15866380156050228,6.0,0.5,-0.156,-0.00022539649370845183,-0.0011132381493533794,-0.002663801560502277,5.999774712456765,0.4988867645464252,-0.15866380940515562,True,3.7403082660284e-10,15.766780035996542,1.8159094091595364e-08,0.002897744662428776
ABC,analytic,14,200,6.031282964822301,0.5007784455681306,0.004784920838124869,6.0,0.5,0.007,0.031282964822301196,0.0007784455681305591,-0.0022150791618751314,6.031283258323902,0.5007784526340363,0.004784900334431881,True,7.497961893501902e-10,16.218353441211946,4.866320950784828e-08,0.00043174221661351276
ABC,analytic,15,200,5.968335825813704,0.4994237896093597,-0.19999604527686204,6.0,0.5,-0.204,-0.031664174186295746,-0.0005762103906403193,0.004003954723137942,5.968335740520976,0.49942378747191146,-0.19999603910370176,True,7.089718129930903e-10,15.673985687714863,1.4290872853820296e-08,0.0004785980839999954
ABC,analytic,16,200,6.034783782772736,0.5007077844761089,-0.20771323583931484,6.0,0.5,-0.205,0.034783782772736416,0.0007077844761088636,-0.002713235839314848,6.034783929892852,0.5007077881331561,-0.20771324646060396,True,4.287815824587506e-10,15.688919342699366,2.4378688103928884e-08,0.0001488966756444399
ABC,analytic,17,200,5.990472670512213,0.49975315273914284,-0.17548897763089125,6.0,0.5,-0.177,-0.009527329487786673,-0.0002468472608571637,0.0015110223691087443,5.990472694910941,0.49975315334624254,-0.1754889793882876,True,2.509890894862705e-10,15.74399193360358,4.072921908743549e-09,0.00014441639080390347
ABC,analytic,18,200,5.989595611251314,0.4997090150200211,-0.17823606317879578,6.0,0.5,-0.179,-0.010404388748685989,-0.0002909849799789255,0.0007639368212042086,5.98959562164229,0.49970901527870526,-0.17823606392765165,True,3.0873936158322385e-10,15.736110950773279,1.7348376645046663e-09,7.961264222002931e-05
ABC,analytic,19,200,5.964101373579924,0.49936338094784305,-0.17621139857660784,6.0,0.5,-0.182,-0.03589862642007624,-0.0006366190521569504,0.005788601423392159,5.964101254597648,0.4993633779753663,-0.17621138999568148,True,8.638601351119436e-10,15.731508455112534,1.994974064570258e-08,0.00017627218814086768
ABC,analytic,20,200,6.9346922434064435,0.5004307851351466,-0.5750008194074631,7.0,0.5,-0.59,-0.06530775659355648,0.0004307851351466052,0.01499918059253691,6.934692261793357,0.5004307855517606,-0.5750008207995205,True,3.867710313362728e-11,14.962118212230546,2.651438972502458e-09,0.0030861216755249388
ABC,analytic,21,200,5.776299098445438,0.49475960902076227,0.25439939447910265,6.0,0.5,0.24,-0.22370090155456168,-0.00524039097923773,0.014399394479102656,5.776298929958708,0.49475960498062094,0.2543994060007134,True,3.5809282439025686e-10,16.703010978215804,2.9168629856901267e-08,0.0026625775710845357
ABC,analytic,22,200,6.018399700203092,0.5007696464781503,0.5574569510657268,6.0,0.5,0.558,0.018399700203091562,0.0007696464781502543,-0.0005430489342732603,6.018399451986888,0.5007696409533327,0.5574569670638768,True,5.429816718543068e-12,17.60730942552521,4.124289105268149e-08,0.0023722715273222154
ABC,analytic,23,200,8.160625657156995,0.5024703434026959,-0.6752213676596804,8.0,0.5,-0.658,0.16062565715699506,0.002470343402695918,-0.01722136765968041,8.160625640368888,0.5024703430783174,-0.6752213663951835,True,8.656121325964972e-11,15.00276854329368,2.057208308522053e-09,0.0013943324925650507
ABC,analytic,24,200,5.878661834535881,0.49599852160637864,-0.20305467655079573,6.0,0.5,-0.215,-0.12133816546411857,-0.0040014783936213605,0.011945323449204265,5.878661878918735,0.49599852273031614,-0.20305467979539676,True,2.979381055158379e-10,15.583834199006976,7.549822519258385e-09,0.002932993977385381
ABC,analytic,25,200,6.07399673251027,0.5022558164437069,-0.19559445417280494,6.0,0.5,-0.19,0.07399673251027039,0.0022558164437068706,-0.005594454172804936,6.073996696215798,0.5022558155469633,-0.19559445156857694,True,1.4495958790402516e-10,15.756888265669781,5.975385551690306e-09,0.0018400488464891923
ABC,analytic,26,200,5.8960283258714945,0.49727721839287486,0.11692547832075476,6.0,0.5,0.116,-0.1039716741285055,-0.0027227816071251354,0.0009254783207547496,5.896028253994112,0.49727721666193275,0.11692548330491372,True,4.7989203475284815e-11,16.413359459937226,1.2190813594455018e-08,0.003558844765914974
ABC,analytic,27,200,7.029827125853937,0.5001097562183539,-0.6066644061548191,7.0,0.5,-0.604,0.029827125853937098,0.00010975621835385141,-0.00266440615481911,7.029827151073154,0.5001097567836016,-0.606664408072043,True,1.76078771595786e-11,14.906234348677373,3.5874590363348047e-09,0.0038634049109055367
ABC,analytic,28,200,6.050847489156414,0.500554097034401,0.8941400765879962,6.0,0.5,0.901,0.05084748915641413,0.0005540970344010132,-0.00685992341200381,6.0508474963350505,0.5005540971862311,0.8941400761455666,True,7.63487556877837e-12,18.441188901530282,1.1863852718765836e-09,0.0018305794491458487
ABC,analytic,29,200,6.981191729071399,0.5001574124716582,-0.9014335136374741,7.0,0.5,-0.908,-0.018808270928601267,0.0001574124716582359,0.006566486362525881,6.981191734461775,0.500157412598716,-0.9014335140653633,True,8.993846405728573e-12,14.277482369630068,7.721283629603265e-10,0.0024604370171971606
ABC,analytic,30,200,6.9820065958679685,0.49972544471584257,-0.909366166404211,7.0,0.5,-0.906,-0.017993404132031543,-0.00027455528415742947,-0.0033661664042109463,6.982006594734476,0.49972544468911995,-0.9093661663140421,True,1.2349274641627203e-11,14.254604155671714,1.6234479235721346e-10,0.0021299421690196075
ABC,analytic,31,200,6.937050545363964,0.4982142746848082,-0.5798640943996921,7.0,0.5,-0.584,-0.06294945463603607,-0.0017857253151917774,0.004135905600307854,6.937050388053806,0.4982142711336129,-0.5798640824170237,True,9.19582712210534e-10,14.91145780865173,2.2676807205059314e-08,0.0028251785836809528
ABC,analytic,32,200,6.059970104303688,0.5011669841871578,0.23181977592584163,6.0,0.5,0.235,0.05997010430368821,0.0011669841871577713,-0.0031802240741583554,6.05996990685439,0.50116697961026,0.23181978924816848,True,7.626646786827343e-10,16.79382116718012,3.2582553115323054e-08,0.0029156609786740216
ABC,analytic,33,200,6.133738868942924,0.5028597528715695,0.5529148891370353,6.0,0.5,0.563,0.13373886894292397,0.0028597528715694764,-0.010085110862964597,6.133738735359089,0.5028597499404238,0.5529148977111925,True,2.558456741730993e-12,17.636561800637764,2.1778533047263085e-08,0.0019015004773554926
ABC,analytic,34,200,7.982704802352586,0.4999049837480338,-0.6601252525027671,8.0,0.5,-0.663,-0.01729519764741383,-9.501625196617347e-05,0.0028747474972329323,7.982704850231393,0.4999049846893533,-0.6601252561314994,True,1.1816530856008509e-11,14.955664915448375,5.997817481089928e-09,0.00041113298584303273
ABC,analytic,35,200,5.7648762290724,0.4917259846693262,-0.13762515134810785,6.0,0.5,-0.153,-0.23512377092759973,-0.00827401533067379,0.015374848651892148,5.764876468271854,0.4917259907432492,-0.13762516886522647,True,1.300164980866095e-09,15.644877078158597,4.149255501628269e-08,0.0023304905615712758
ABC,analytic,36,200,5.962248214356532,0.4989345825145146,0.027928968517908367,6.0,0.5,0.022,-0.037751785643467706,-0.001065417485485387,0.005928968517908369,5.962248257748405,0.4989345835645803,0.027928965481973725,True,6.685648363101495e-12,16.230562038985116,7.2777701366441154e-09,0.0005994982675736757
ABC,analytic,37,200,6.953410254391268,0.499164562597029,-0.29141230920199096,7.0,0.5,-0.296,-0.04658974560873208,-0.0008354374029709843,0.004587690798009025,6.953410078416361,0.499164558783386,-0.29141229635571964,True,9.818184371885367e-10,15.543784943027092,2.5307712361057056e-08,0.00028106241963200373
ABC,analytic,38,200,5.94160921999355,0.49896066818354673,-0.17518117372214642,6.0,0.5,-0.182,-0.058390780006449816,-0.0010393318164532706,0.0068188262778535735,5.941609454087943,0.4989606740497776,-0.1751811906219103,True,1.0120212748557405e-09,15.723397287675406,3.939915515621286e-08,0.00043567410973264896
ABC,analytic,39,200,6.05474540837686,0.5010839567721274,-0.01747202898129573,6.0,0.5,-0.012,0.05474540837685993,0.001083956772127359,-0.005472028981295729,6.054745629589929,0.5010839620974625,-0.017472044474248778,True,7.451625640910142e-10,16.170605005334803,3.65354851762536e-08,8.07762458534759e-05
ABC,analytic,40,200,6.975796064662933,0.49955677013111616,-0.2232822143853098,7.0,0.5,-0.225,-0.024203935337067328,-0.0004432298688838432,0.0017177856146902148,6.975796019129749,0.499556769156006,-0.2232822110955835,True,5.070922399030814e-10,15.699240864856211,6.527310005028331e-09,6.687826043796134e-05
ABC,analytic,41,200,6.937308629345733,0.4985703935725251,-0.567624108393311,7.0,0.5,-0.568,-0.06269137065426733,-0.0014296064274749165,0.0003758916066889384,6.937308506386503,0.49857039079989823,-0.5676240990516426,True,7.418005506910065e-10,14.943867187864656,1.7724341821090575e-08,0.002652211944486671
ABC,analytic,42,200,5.788051316027403,0.495608514138317,0.25935815812469115,6.0,0.5,0.246,-0.21194868397259725,-0.0043914858616829755,0.013358158124691155,5.788051292817282,0.495608513582594,0.25935815970689546,True,1.3085818713060659e-11,16.737604311857652,4.010006074417873e-09,0.005672316293899424
ABC,analytic,43,200,5.878070921926516,0.49755180897768075,0.5808145544522767,6.0,0.5,0.57,-0.1219290780734843,-0.002448191022319246,0.010814554452276748,5.878070715874834,0.49755180432476737,0.580814567793555,True,1.2944792573863916e-10,17.597553356346346,3.505430339848286e-08,0.00215620879088174
ABC,analytic,44,200,7.939433591923772,0.49869863646396706,-0.672129485622391,8.0,0.5,-0.673,-0.060566408076227596,-0.00130136353603294,0.0008705143776089885,7.939433515845023,0.4986986349604612,-0.6721294798281244,True,4.171584478795509e-10,14.904653423156628,9.582390058632535e-09,0.00207839250217054
ABC,analytic,45,200,5.91089349009771,0.49654108087318605,-0.2693514084540882,6.0,0.5,-0.276,-0.0891065099022903,-0.003458919126813953,0.006648591545911797,5.910893607349287,0.49654108385950935,-0.26935141710207305,True,6.349611449491325e-10,15.434421640800792,1.9836523058110025e-08,0.0031593531103506272
ABC,analytic,46,200,5.993093731292956,0.5002026746911953,0.704367996585442,6.0,0.5,0.704,-0.006906268707044028,0.00020267469119528148,0.00036799658544206526,5.993093480651555,0.5002026692077038,0.7043680124353142,True,5.462252556072173e-10,17.967540766830307,4.1821705483861534e-08,0.0007280488532490809
ABC,analytic,47,200,8.120466929090291,0.5020632671092248,-0.781968715732116,8.0,0.5,-0.771,0.12046692909029133,0.0020632671092247756,-0.010968715732115997,8.120466925876608,0.502063267046017,-0.7819687154865106,True,1.2861386059651626e-11,14.793194080859745,3.957510780556932e-10,0.0018540599464354811
ABC,analytic,48,200,7.984460427891171,0.49979556576113043,-0.7563043294642947,8.0,0.5,-0.761,-0.01553957210882917,-0.00020443423886956635,0.004695670535705299,7.984460433459513,0.49979556587187335,-0.7563043298914968,True,1.2347587908253482e-11,14.776464827685258,6.973974357014418e-10,0.0010250959762088414
ABC,analytic,49,200,7.159525803570163,0.5033508035607048,-0.5872082546566157,7.0,0.5,-0.575,0.15952580357016277,0.003350803560704829,-0.012208254656615791,7.1595258347931034,0.5033508042489391,-0.587208257001656,True,2.0211584694431424e-10,15.030205513736732,4.361034710655393e-09,0.0029886049381014036
ABC,analytic,50,200,6.11505107331104,0.5043490679718995,0.23478409202707587,6.0,0.5,0.234,0.11505107331104014,0.00434906797189949,0.0007840920270758556,6.115050983814517,0.5043490659071969,0.23478409801070696,True,3.671944322058439e-10,16.885508387122336,1.4635449812010182e-08,0.0032205406505172486
ABC,analytic,51,200,6.008339729936192,0.5005496154593286,0.5664693712315098,6.0,0.5,0.568,0.008339729936191809,0.000549615459328634,-0.0015306287684901942,6.008339727575345,0.5005496154067804,0.5664693713835609,True,9.229414404853866e-12,17.62541297297426,3.9292828558586216e-10,0.0024871727869639993
ABC,analytic,52,200,7.955440115770713,0.49949544921425504,-0.672826612832146,8.0,0.5,-0.681,-0.044559884229286695,-0.0005045507857449616,0.008173387167854096,7.95544010992817,0.4994954490988664,-0.6728266123880722,True,9.911944262214838e-11,14.92042148978723,7.344085623166493e-10,0.0012209207535106778
ABC,analytic,53,200,6.0026271637656325,0.4965448982444736,-0.20987726635447704,6.0,0.5,-0.207,0.0026271637656325453,-0.0034551017555263797,-0.0028772663544770483,6.002627161311918,0.49654489818354053,-0.2098772661752889,True,4.061935940670868e-12,15.589483345244192,4.087734416817926e-10,0.004873806165963601
ABC,analytic,54,200,6.200941075284744,0.5049967577365885,-0.23373238469051674,6.0,0.5,-0.223,0.20094107528474403,0.004996757736588475,-0.010732384690516739,6.200941173455027,0.5049967601355829,-0.23373239172147686,True,2.9712188710237695e-10,15.735449156704584,1.5831513285434962e-08,0.0029689484083369245
ABC,analytic,55,200,5.872176776445974,0.49800569650236626,0.7072985038348848,6.0,0.5,0.693,-0.1278232235540262,-0.0019943034976337426,0.014298503834884846,5.872176654875842,0.498005693801425,0.7072985115564714,True,9.942542185300952e-11,17.93732699444306,2.070273705431063e-08,0.00045758679007706714
ABC,analytic,56,200,8.063723676026388,0.5012222582601239,-0.7802281405028925,8.0,0.5,-0.772,0.06372367602638818,0.0012222582601238985,-0.008228140502892445,8.063723679742237,0.5012222583336421,-0.7802281407875788,True,1.8088679289302418e-11,14.771498052596668,4.608105522260755e-10,0.0009769234373799127
ABC,analytic,57,200,7.961790666483942,0.4992908867736254,-0.764773677324997,8.0,0.5,-0.764,-0.0382093335160576,-0.0007091132263746247,-0.0007736773249970019,7.961790659000711,0.4992908866243169,-0.7647736767494236,True,7.789443788661184e-11,14.748034707594755,9.39893062435107e-10,0.001133177235997584
ABC,analytic,58,200,6.840587451147433,0.49793639537296014,-0.5647607593458734,7.0,0.5,-0.585,-0.15941254885256662,-0.002063604627039861,0.020239240654126522,6.84058729238576,0.49793639174395565,-0.5647607472565457,True,9.251972567645025e-10,14.921426300685997,2.3208777648869498e-08,0.0036364412366214865
ABC,analytic,59,200,5.943368730804565,0.49838748478283024,0.24791258697297433,6.0,0.5,0.238,-0.05663126919543515,-0.0016125152171697632,0.009912586972974341,5.943368739978765,0.4983874849981637,0.24791258635092164,True,2.774518097429349e-11,16.76851264830702,1.5436027054128772e-09,0.0031375737543638317
ABC,analytic,60,200,5.825262634451816,0.49652116695321474,0.5745966431942888,6.0,0.5,0.561,-0.1747373655481841,-0.003478833046785257,0.013596643194288771,5.825262603903173,0.49652116625792875,0.574596645178744,True,2.8204890521332887e-11,17.562091195410872,5.244165738706224e-09,0.0017692303405004667
ABC,analytic,61,200,7.964488566833318,0.49943597668791356,-0.6495318804256466,8.0,0.5,-0.652,-0.035511433166681705,-0.0005640233120864369,0.0024681195743534445,7.964488554623613,0.49943597644779003,-0.649531879500247,True,1.3627705672689492e-10,14.963800111582538,1.5330181146459666e-09,0.0011313522226813306
ABC,analytic,62,200,6.008179362769344,0.5009110777406857,-0.2088853691903532,6.0,0.5,-0.214,0.008179362769343612,0.0009110777406856618,0.005114630809646803,6.0081794778311055,0.5009110806154023,-0.20888537749551164,True,4.2297673592762387e-10,15.688243472585194,1.9150852986446626e-08,0.002519333805108504
ABC,analytic,63,200,5.9862963026709055,0.5001327710278841,-0.16103224965489688,6.0,0.5,-0.164,-0.013703697329094489,0.00013277102788411543,0.0029677503451031317,5.986296536039575,0.5001327768292659,-0.16103226640958657,True,1.6923300620289322e-10,15.788256412110627,3.898381376080559e-08,0.00044066802773011255
ABC,analytic,64,200,6.092472092935362,0.5029074621471461,-0.19607498736787626,6.0,0.5,-0.191,0.0924720929353624,0.0029074621471461004,-0.00507498736787626,6.092472210616778,0.5029074650489375,-0.19607499579736293,True,6.584859814297284e-10,15.771924460182532,1.931587238399757e-08,0.00031009101877590544
ABC,analytic,65,200,6.049528705513497,0.5010348243279186,0.03196983577060064,6.0,0.5,0.037,0.04952870551349697,0.001034824327918571,-0.005030164229399357,6.049528978985658,0.5010348308674569,0.03196981675760729,True,8.454738044787634e-10,16.29237533060959,4.520552960579383e-08,0.000162308676498707
ABC,analytic,66,200,6.997159923375513,0.4998534580066584,-0.3979229942541829,7.0,0.5,-0.398,-0.0028400766244871534,-0.0001465419933415757,7.700574581709363e-05,6.997160053403239,0.4998534608504658,-0.3979230038655512,True,6.390668021404658e-11,15.336591838437453,1.8582928698421416e-08,7.776477513129908e-05
ABC,analytic,67,200,7.01900542042467,0.5005690741129278,-0.586335186947338,7.0,0.5,-0.579,0.019005420424670127,0.0005690741129278365,-0.007335186947338035,7.019005450068053,0.5005690747770969,-0.5863351891922275,True,8.092594233844861e-11,14.955521626682277,4.2233024422573385e-09,0.0027850086937727
ABC,analytic,68,200,5.983190371864078,0.49973608573575967,0.19023749134475465,6.0,0.5,0.193,-0.01680962813592224,-0.00026391426424032804,-0.002762508655245355,5.983190414602142,0.49973608674286285,0.19023748843278174,True,5.736829962794304e-10,16.657017682854036,7.1430226486741614e-09,0.0031107988034764357
ABC,analytic,69,200,6.064251903433865,0.5006762619291093,0.560131806052397,6.0,0.5,0.567,0.06425190343386511,0.0006762619291093008,-0.006868193947602963,6.064251740880272,0.500676258337967,0.5601318165346091,True,5.0494574508598025e-12,17.60037125801197,2.6805217757598954e-08,0.0018086364011139085
ABC,analytic,70,200,7.966595277768873,0.49909026810922624,-0.6710703484442048,8.0,0.5,-0.671,-0.03340472223112734,-0.0009097318907737573,-7.034844420472641e-05,7.966595245733268,0.4990902674780927,-0.6710703460076805,True,1.8939378014378058e-10,14.917989669356135,4.021241606293703e-09,0.002540692058638435
ABC,analytic,71,200,6.092469186765563,0.501614730560704,0.06841002132560642,6.0,0.5,0.079,0.09246918676556337,0.0016147305607040474,-0.010589978674393583,6.0924693238826,0.5016147338017215,0.06841001185911734,True,5.994869889968188e-10,16.396912525343826,2.2505987235476197e-08,0.0017320089994418031
ABC,analytic,72,200,8.013310841166952,0.5002489596252091,-0.48914162902231895,8.0,0.5,-0.489,0.013310841166951803,0.00024895962520909976,-0.00014162902231895647,8.013310953269098,0.5002489617761585,-0.48914163733371935,True,1.2050307749111394e-10,15.2827444285782,1.3989491595448492e-08,0.00021429072902286555
ABC,analytic,73,200,7.031191548595054,0.5024084050984886,-0.5738853985342338,7.0,0.5,-0.573,0.031191548595053575,0.0024084050984886085,-0.0008853985342338611,7.031191537638927,0.5024084048530918,-0.5738853977098031,True,6.300258098627477e-11,15.018366376280584,1.5582176359221713e-09,0.0029056596782834005
ABC,analytic,74,200,5.899064482340842,0.4977665200893658,0.17707526701701826,6.0,0.5,0.169,-0.10093551765915798,-0.0022334799106342174,0.008075267017018245,5.899064419545307,0.4977665185903911,0.17707527132639828,True,4.1666997724913625e-11,16.577348815442207,1.0644998911622455e-08,0.003474877596987794
ABC,analytic,75,200,5.813810221480281,0.4951669808610364,0.574942916062512,6.0,0.5,0.565,-0.18618977851971863,-0.004833019138963612,0.009942916062512075,5.813810432829239,0.4951669856716234,0.5749429022789978,True,2.0006985987420262e-11,17.522902208753404,3.6352915240731645e-08,0.0019894437965592244
ABC,analytic,76,200,7.953478976801932,0.4991104975476124,-0.655379980433868,8.0,0.5,-0.659,-0.046521023198067724,-0.0008895024523876138,0.0036200195661320045,7.953478943716526,0.49911049689587456,-0.6553799779221564,True,1.96310357347591e-10,14.945308048901602,4.159865954390246e-09,0.0014713064990889873
ABC,analytic,77,200,5.817298527564647,0.4955913277893425,0.24603335958928305,6.0,0.5,0.232,-0.18270147243535284,-0.004408672210657494,0.014033359589283034,5.817298506498756,0.49559132728641525,0.2460333610285162,True,1.3796752126937315e-11,16.7000856073748,3.6212498213379925e-09,0.004212138768409429
ABC,analytic,78,200,8.007467852083398,0.5004924491897723,-0.49249258850636374,8.0,0.5,-0.494,0.00746785208339773,0.0004924491897723149,0.001507411493636257,8.007467952188295,0.5004924511135979,-0.49249259592703365,True,1.911205226584195e-10,15.280776658618905,1.2501442080573838e-08,0.0012569808918169137
ABC,analytic,79,200,5.9314517860768,0.49874784215415535,-0.4036418113588108,6.0,0.5,-0.413,-0.06854821392319987,-0.001252157845844648,0.009358188641189202,5.931451661934864,0.49874783892274316,-0.40364180205703426,True,8.18998699103127e-10,15.149440053370336,2.09294352073481e-08,0.0007770649392937048
ABC,analytic,80,200,7.2103031792412136,0.5041994914090134,-0.6018185580478288,7.0,0.5,-0.586,0.21030317924121356,0.004199491409013434,-0.015818558047828835,7.210303200143051,0.50419949186786,-0.6018185596167493,True,1.1654670579617486e-10,15.02446048232578,2.898884695119698e-09,0.0023738672628141706
ABC,analytic,81,200,5.938316955392867,0.4997202570859119,0.24752927529080138,6.0,0.5,0.235,-0.06168304460713259,-0.00027974291408811025,0.01252927529080139,5.9383169879388715,0.49972025785191587,0.24752927309241524,True,7.31657458341707e-10,16.805180534348278,5.480678141644636e-09,0.0026728106878734803
ABC,analytic,82,200,6.000458626260763,0.4985624409133141,0.5508563474944331,6.0,0.5,0.561,0.00045862626076331736,-0.0014375590866859134,-0.010143652505566925,6.000458683060244,0.49856244217872053,0.5508563438065971,True,4.294246674103374e-11,17.52453409394004,9.46585647439499e-09,0.0027183444784317896
ABC,analytic,83,200,7.983956100996357,0.4994194782730442,-0.6604377285024241,8.0,0.5,-0.662,-0.016043899003642892,-0.0005805217269557739,0.0015622714975759289,7.983956090886648,0.4994194780744834,-0.6604377277352764,True,1.159814663989035e-10,14.946313084138769,1.2662531439422429e-09,0.0012618875215690834
ABC,analytic,84,200,5.890804037033367,0.49622391516199615,-0.145256048189043,6.0,0.5,-0.148,-0.10919596296663325,-0.003776084838003846,0.0027439518109569905,5.890804021629489,0.4962239147761134,-0.14525604707385417,True,4.203982794695945e-12,15.733165018056566,2.6149024948317856e-09,0.0022016667882575726
ABC,analytic,85,200,6.032132448881969,0.501460788700498,-0.04419969298560339,6.0,0.5,-0.044,0.032132448881968756,0.001460788700498039,-0.00019969298560339188,6.032132575690994,0.5014607917789855,-0.044199701894124574,True,5.652730269077003e-10,16.112980854137582,2.1022254387025427e-08,0.0006856353747594005
ABC,analytic,86,200,6.018318738387198,0.49979533170381835,-0.18476509140000838,6.0,0.5,-0.182,0.01831873838719833,-0.00020466829618165372,-0.002765091400008385,6.018318774627075,0.49979533260262665,-0.18476509401345131,True,1.9053596651074588e-10,15.724016987229389,6.021594773271386e-09,0.0007497772901499663
ABC,analytic,87,200,6.007747151314064,0.5005534728203563,-0.17686603245223909,6.0,0.5,-0.182,0.007747151314063672,0.0005534728203563377,0.005133967547760909,6.007747341688441,0.5005534775504776,-0.1768660461375152,True,4.4125085342959966e-10,15.759873646003966,3.168814644958088e-08,0.0005948109288775563
ABC,analytic,88,200,6.09181395752457,0.5027729766758605,-0.3433745789108978,6.0,0.5,-0.334,0.09181395752457,0.0027729766758605168,-0.009374578910897768,6.09181401280328,0.5027729780707874,-0.3433745829649176,True,3.575708978359625e-10,15.404292521385408,9.074260884126056e-09,0.0010281435668995581
ABC,analytic,89,200,6.013794764543135,0.5011004538200194,-0.3438727881728204,6.0,0.5,-0.345,0.01379476454313533,0.0011004538200194425,0.001127211827179564,6.013794817861497,0.5011004551801241,-0.343872792102723,True,2.586024441679188e-10,15.357509826283536,8.86600938284092e-09,0.0007041875610234957
ABC,analytic,90,200,6.007763736721157,0.5004140844783224,0.40401164451455723,6.0,0.5,0.403,0.007763736721156711,0.00041408447832236295,0.0010116445145572084,6.007763491887725,0.5004140789024222,0.40401166065646354,True,6.32556772604261e-10,17.211059778012604,4.075283957225942e-08,0.00031006535187352564
ABC,analytic,91,200,7.991390936464255,0.49999783412558696,-0.5672874628473105,8.0,0.5,-0.568,-0.00860906353574542,-2.1658744130403917e-06,0.0007125371526894853,7.991391020392724,0.49999783575532536,-0.5672874691342091,True,1.2438294037105931e-11,15.130401102159082,1.0502360514381426e-08,0.0004633561522140281
ABC,analytic,92,200,6.93808239698845,0.4994516928015919,-0.5836214995676177,7.0,0.5,-0.589,-0.06191760301155025,-0.0005483071984080934,0.005378500432382305,6.938082389637667,0.49945169263521577,-0.5836214990091009,True,1.1168085811072399e-10,14.926329298032732,1.0594833950833691e-09,0.004315391943366299
ABC,analytic,93,200,5.9519133722869775,0.49861933013063275,0.22599985262206423,6.0,0.5,0.233,-0.04808662771302252,-0.001380669869367246,-0.007000147377935778,5.951913409016066,0.49861933099459355,0.22599985012516216,True,1.758653365849668e-11,16.719016518415913,6.170971533228903e-09,0.0037703179527436136
ABC,analytic,94,200,5.755566538690729,0.4941469396224712,0.5839855612491416,6.0,0.5,0.565,-0.24443346130927068,-0.005853060377528807,0.018985561249141636,5.755566800947228,0.49414694563176276,0.583985544128022,True,6.350600402338133e-10,17.528587054759083,4.556571183441701e-08,0.001939012870661282
ABC,analytic,95,200,7.912266233969209,0.49911444633789054,-0.6581373322633135,8.0,0.5,-0.669,-0.08773376603079086,-0.0008855536621094617,0.010862667736686538,7.912266199717527,0.4991144456591406,-0.6581373296611019,True,2.2455662983081425e-10,14.933951258718023,4.328934513376064e-09,0.0021911806783138296
ABC,analytic,96,200,5.894811768614222,0.49721434110733015,-0.12104945058660968,6.0,0.5,-0.133,-0.10518823138577815,-0.002785658892669851,0.011950549413390327,5.894811732353422,0.49721434020156924,-0.12104944797835211,True,2.375894343614701e-11,15.816055875181279,6.15130747503625e-09,0.0016591642687957314
ABC,analytic,97,200,5.9860363189035075,0.49943744227786074,-0.17676426541984797,6.0,0.5,-0.175,-0.013963681096492486,-0.0005625577221392564,-0.0017642654198479768,5.986036221844043,0.4994374398617019,-0.17676425842145416,True,7.931270216151576e-10,15.733406475164397,1.6214312659460514e-08,0.000725345757709267
ABC,analytic,98,200,6.034547758685918,0.5008787783287088,-0.08635402656578944,6.0,0.5,-0.083,0.03454775868591842,0.0008787783287087514,-0.003354026565789439,6.03454796691541,0.5008787834099284,-0.08635404131206027,True,6.397403741784391e-10,15.99397208580056,3.450622856409915e-08,0.0003785527846396641
ABC,analytic,99,200,6.089861904669619,0.5028543565364493,0.011073153629802367,6.0,0.5,0.013,0.08986190466961919,0.0028543565364492762,-0.0019268463701976324,6.08986214579938,0.5028543622983084,0.011073136895455058,True,1.0810434656127767e-09,16.285991403194874,3.959527405220688e-08,0.0005105752999298748
ABC,analytic,100,200,6.970851277931884,0.49889272355398917,-0.3070920461456454,7.0,0.5,-0.31,-0.029148722068115696,-0.0011072764460108298,0.0029079538543546057,6.9708509834728085,0.49889271717855443,-0.3070920245910884,True,1.4209669933387935e-09,15.506248014042873,4.2241480136201914e-08,0.0002497838004144525
ABC,analytic,101,200,5.969992663873698,0.49902166629478945,0.19665671059958814,6.0,0.5,0.195,-0.030007336126302242,-0.0009783337052105545,0.0016567105995881348,5.9699927386332154,0.4990216680567775,0.19665670550063633,True,1.0356489165729204e-11,16.654782063342235,1.2522547507261278e-08,0.00026659215339001056
ABC,analytic,102,200,6.088882274720851,0.5024382432973449,-0.23344328348816334,6.0,0.5,-0.23,0.0888822747208513,0.0024382432973448775,-0.0034432834881633345,6.088882217715454,0.502438241883693,-0.2334432793758934,True,2.8924699467436124e-10,15.668503459450205,9.362210527904978e-09,0.000333833951530539
ABC,analytic,103,200,5.947712588241849,0.4984511547752978,-0.2636861607626911,6.0,0.5,-0.268,-0.05228741175815088,-0.0015488452247022222,0.004313839237308936,5.94771268881042,0.4984511573260982,-0.2636861681347732,True,5.048529913637996e-10,15.492730383297783,1.6908780990332332e-08,0.00022161388724065186
ABC,analytic,104,200,6.064383036386026,0.5016508519278201,-0.2174245940476359,6.0,0.5,-0.213,0.06438303638602605,0.0016508519278201073,-0.004424594047635899,6.064383078307743,0.5016508529678132,-0.21742459707082143,True,2.5672533610528225e-10,15.688421241796778,6.91277516992646e-09,0.000169244076906567
ABC,analytic,105,200,5.988172032408523,0.4997150824995761,-0.1903151021720923,6.0,0.5,-0.19,-0.011827967591477417,-0.00028491750042392017,-0.0003151021720922964,5.98817204452589,0.4997150828018866,-0.19031510304700908,True,2.954240209706914e-10,15.706133907832765,2.0235503361791386e-09,0.00022090976457385725
ABC,analytic,106,200,6.907089048418588,0.5001566243285446,-0.5658532193909716,7.0,0.5,-0.585,-0.09291095158141172,0.00015662432854457453,0.019146780609028413,6.907089073612831,0.5001566249008365,-0.5658532212978149,True,2.2695323496552985e-11,14.97171286769551,3.6475920416943283e-09,0.0050027569800182815
ABC,analytic,107,200,5.976796017416773,0.49857887259479555,0.24772571888649442,6.0,0.5,0.244,-0.023203982583226868,-0.0014211274052044476,0.0037257188864944224,5.976796051944775,0.4985788734010947,0.24772571654608916,True,2.0307393324196254e-11,16.76986953169991,5.777008532825952e-09,0.0039052762092710667
ABC,analytic,108,200,5.920595960439894,0.4980976304349966,0.5707563516311897,6.0,0.5,0.561,-0.07940403956010567,-0.0019023695650033923,0.009756351631189597,5.920595892000112,0.4980976288965165,0.5707563560639926,True,7.032374835938543e-11,17.578884738441385,1.1559610415449231e-08,0.0018744151012728338
ABC,analytic,109,200,8.02654816797333,0.5006164576876475,-0.6634937408078115,8.0,0.5,-0.664,0.026548167973329484,0.0006164576876475092,0.0005062591921884962,8.026548201171032,0.5006164583375795,-0.6634937433194105,True,8.466450017837124e-11,14.969325401698372,4.135987417359547e-09,0.0016225058859373116
ABC,analytic,110,200,5.802024081471491,0.49428395693154636,-0.2279003480818191,6.0,0.5,-0.238,-0.19797591852850882,-0.005716043068453636,0.01009965191818088,5.802024193165825,0.49428395980180756,-0.22790035632061187,True,3.4708310978055917e-10,15.478419255725619,1.925092520530365e-08,0.004091702653357193
ABC,analytic,111,200,6.0377394015104855,0.5002445922477615,0.6669111382533638,6.0,0.5,0.673,0.03773940151048549,0.00024459224776152144,-0.006088861746636254,6.0377391934461935,0.5002445877027035,0.6669111514862274,True,4.6322323616546446e-10,17.861368366967028,3.446062808965278e-08,0.001153709382947969
ABC,analytic,112,200,7.954458838842744,0.49944836536580745,-0.6551597868033472,8.0,0.5,-0.659,-0.045541161157255594,-0.0005516346341925549,0.003840213196652842,7.954458828075061,0.49944836515360286,-0.6551597859866165,True,1.292502962116493e-10,14.952098257375166,1.3536663966424315e-09,0.0010139289998581916
ABC,analytic,113,200,7.018673098884744,0.5001420571402881,-0.8762434735349915,7.0,0.5,-0.872,0.018673098884743666,0.0001420571402881432,-0.004243473534991549,7.01867310126903,0.5001420571959404,-0.8762434737234315,True,3.5558424407510356e-12,14.339902951146023,3.397061683275231e-10,0.0008529838174226803
ABC,analytic,114,200,6.877934681624815,0.49875199672377263,-0.5617450151612994,7.0,0.5,-0.584,-0.12206531837518497,-0.0012480032762273718,0.022254984838700587,6.8779346098591505,0.4987519950912482,-0.561745009712228,True,4.495776201046012e-10,14.94939127738033,1.0434188145736695e-08,0.0027577078262006906
ABC,analytic,115,200,5.972474911295869,0.5008172206958805,0.2416933185633349,6.0,0.5,0.234,-0.02752508870413095,0.0008172206958805273,0.007693318563334883,5.972474839601847,0.5008172190137733,0.24169332339604865,True,7.759632893253606e-10,16.817539463906776,1.2004072572808075e-08,0.0028518078549148273
ABC,analytic,116,200,5.929597874784161,0.49928288494412315,0.5745782930795094,6.0,0.5,0.562,-0.0704021252158391,-0.0007171150558768491,0.012578293079509306,5.9295975893589725,0.49928287853091136,0.5745783114923457,True,1.5035819082087327e-11,17.62436434312532,4.813567368321023e-08,0.002279893562261167
ABC,analytic,117,200,7.838652941356547,0.49688176186569094,-0.6546480155116465,8.0,0.5,-0.666,-0.1613470586434529,-0.0031182381343090593,0.011351984488353506,7.838652793017075,0.4968817589095808,-0.6546480041758974,True,8.050323492330476e-10,14.888316582808116,1.8924102568515558e-08,0.0008925065586876369
ABC,analytic,118,200,5.970536550472672,0.49954743080715525,-0.2102203928288017,6.0,0.5,-0.212,-0.029463449527328045,-0.00045256919284475394,0.0017796071711982941,5.970536514091069,0.49954742989412104,-0.21022039019228747,True,4.661357953336234e-10,15.651468730729997,6.093523138477117e-09,0.0029396081969486143
ABC,analytic,119,200,6.215644634344212,0.5051563976568051,-0.2090096653879696,6.0,0.5,-0.191,0.215644634344212,0.0051563976568050895,-0.01800966538796961,6.2156447236747105,0.505156399826691,-0.20900967175827762,True,2.1104139164863464e-10,15.801193660930734,1.4371879752652745e-08,0.0032983616428904107
ABC,analytic,120,200,6.007128224136329,0.5006822064379084,0.6687699143599217,6.0,0.5,0.667,0.007128224136328853,0.0006822064379083947,0.001769914359921687,6.00712814633974,0.5006822047301634,0.668769919297593,True,6.114203611195553e-12,17.889292896560473,1.2950712191236273e-08,0.000722398389015146
ABC,analytic,121,200,7.973070937792228,0.49973193340672517,-0.6453517570876127,8.0,0.5,-0.653,-0.026929062207772247,-0.0002680665932748294,0.007648242912387304,7.973070945102328,0.49973193355032575,-0.6453517576409247,True,5.145912515770433e-11,14.97831475112395,9.168487438714619e-10,0.001451692751782699
ABC,analytic,122,200,7.0397021397037385,0.5009739200887781,-0.8805559193051371,7.0,0.5,-0.877,0.03970213970373848,0.0009739200887780575,-0.0035559193051371007,7.039702142316742,0.5009739201497017,-0.8805559195113112,True,1.6515717265700734e-11,14.349215543622616,3.711809241874322e-10,0.0004981659595591717
ABC,analytic,123,200,7.112905991139768,0.5032762599289019,-0.5616326424142521,7.0,0.5,-0.558,0.11290599113976807,0.0032762599289019034,-0.0036326424142520963,7.112906020526829,0.5032762605788437,-0.5616326446150891,True,1.901400887130522e-10,15.074715344276694,4.131512591338421e-09,0.0018748944682442459
ABC,analytic,124,200,6.008245079546786,0.4997007527967776,0.17826548622524896,6.0,0.5,0.186,0.00824507954678566,-0.00029924720322238585,-0.0077345137747510395,6.008245088629857,0.4997007530103145,0.17826548560514138,True,6.516277012101513e-10,16.624150810230834,1.5117677541597775e-09,0.004365306630148952
ABC,analytic,125,200,6.132701951450894,0.5029418108767325,0.564706207046866,6.0,0.5,0.574,0.13270195145089403,0.002941810876732509,-0.009293792953133928,6.132701810867205,0.5029418077962369,0.5647062160532613,True,2.8583530736176463e-12,17.669023780683627,2.292361340942701e-08,0.0026916577771766716
ABC,analytic,126,200,8.169708655049083,0.5034947328763663,-0.7046333633230757,8.0,0.5,-0.694,0.1697086550490834,0.0034947328763662577,-0.01063336332307574,8.169708677951707,0.5034947333207689,-0.7046333650499078,True,1.316006283713883e-10,14.969360770366086,2.803358687594176e-09,0.0019480063228290274
ABC,analytic,127,200,5.991595935378429,0.5001229923588508,0.09509959649387065,6.0,0.5,0.096,-0.00840406462157084,0.00012299235885082638,-0.0009004035061293547,5.991595931212753,0.5001229922593678,0.09509959678144764,True,3.0650488892235044e-10,16.428192173135727,6.952531260836305e-10,0.002951186597691449
ABC,analytic,128,200,16.032417877734055,0.5002910952783212,-0.2887112684364864,16.0,0.5,-0.285,0.03241787773405491,0.0002910952783211629,-0.003711268436486448,16.032418612725696,0.500291102046038,-0.2887113207477683,True,3.510040541402413e-10,15.924708919944937,5.231128186178324e-08,0.0001266719967891582
ABC,analytic,129,200,7.179678288289719,0.5037329064159409,-0.6038635786916051,7.0,0.5,-0.592,0.1796782882897192,0.0037329064159409286,-0.011863578691605148,7.1796783212169935,0.5037329071417169,-0.6038635811675411,True,2.058943283613742e-10,15.006010766180538,4.586176812856673e-09,0.0036145800432171066
ABC,analytic,130,200,6.156741005952404,0.5028152740926018,0.25202575217958373,6.0,0.5,0.267,0.15674100595240414,0.0028152740926018494,-0.014974247820416287,6.156740806515466,0.502815269542683,0.2520257655413772,True,4.094458672123809e-10,16.8809482036022,3.23932642095094e-08,0.002428624569577169
ABC,analytic,131,200,6.281930868600498,0.5056269748037759,0.5283728888265824,6.0,0.5,0.56,0.2819308686004982,0.0056269748037759415,-0.031627111173417655,6.281930551108933,0.5056269679428461,0.5283729091435378,True,2.2844351976261445e-10,17.63237872631051,5.054044244093587e-08,0.003017296337086467
ABC,analytic,132,200,7.970607171183457,0.49945882648545575,-0.6703512351057421,8.0,0.5,-0.673,-0.029392828816543037,-0.0005411735145442464,0.0026487648942579156,7.970607161945725,0.4994588263034566,-0.6703512344038762,True,1.1840173762318442e-10,14.926690515211067,1.15897473786373e-09,0.001799280509672687
ABC,analytic,133,200,6.090132284469557,0.5029356672462475,-0.4033778571369312,6.0,0.5,-0.392,0.0901322844695569,0.0029356672462474975,-0.01137785713693118,6.0901323257836255,0.502935668299461,-0.40337786019489846,True,2.868962928332455e-10,15.259231066594948,6.7837719117729935e-09,0.0021532990403235726
ABC,analytic,134,200,7.08061824507041,0.5017485972851963,-0.5890028697802996,7.0,0.5,-0.588,0.0806182450704096,0.0017485972851962739,-0.00100286978029962,7.080618248997751,0.5017485973725795,-0.5890028700767604,True,3.557949978810337e-11,14.982637875163844,5.546607627853661e-10,0.0034695275948105854
ABC,analytic,135,200,5.945227070900297,0.49928244296090224,0.21448596751345245,6.0,0.5,0.215,-0.05477292909970277,-0.0007175570390977604,-0.0005140324865475498,5.945227249196054,0.49928244717052195,0.2144859553954239,True,7.40931223072316e-12,16.708877788909902,2.9989729467342774e-08,0.0034942964920983417
ABC,analytic,136,200,5.886401655844384,0.4983835686426291,0.5704516379996183,6.0,0.5,0.56,-0.11359834415561565,-0.0016164313573708844,0.010451637999618235,5.886401665325456,0.4983835688569808,0.570451637386326,True,5.32993397496459e-11,17.59566128298213,1.6106736282374762e-09,0.0012493444721295114
ABC,analytic,137,200,7.98234507115435,0.4998924221049599,-0.6619501597110338,8.0,0.5,-0.661,-0.017654928845649565,-0.00010757789504012294,-0.0009501597110337379,7.982345117449343,0.49989242301536957,-0.6619501632206418,True,1.3901276926639788e-11,14.95200444111082,5.799673159587493e-09,0.0008774529839271642
ABC,analytic,138,200,5.762007103844062,0.49292976159403634,0.0017328652491205398,6.0,0.5,-0.005,-0.2379928961559381,-0.007070238405963658,0.0067328652491205395,5.762007384563807,0.4929297685863423,0.0017328451991201676,True,1.0445591099342643e-09,16.01971010907172,4.87190880697357e-08,0.003913185876401008
ABC,analytic,139,200,6.079286172189707,0.5035620794928398,-0.3667527925498349,6.0,0.5,-0.362,0.07928617218970668,0.0035620794928398203,-0.0047527925498349055,6.079286233098899,0.5035620810410552,-0.3667527970251911,True,3.9384560364413166e-10,15.360933030241698,1.0019135474299535e-08,0.0007784243553492018
ABC,analytic,140,200,6.029956938817884,0.5007794451780674,-0.3651109167769171,6.0,0.5,-0.36,0.029956938817884193,0.0007794451780673839,-0.005110916776917107,6.0299569951034275,0.5007794466138943,-0.3651109209424355,True,2.0890114044990703e-10,15.300770497789413,9.33431919712852e-09,0.0008947506694389374
ABC,analytic,141,200,7.20475422099648,0.5055400393674435,-0.602234622728002,7.0,0.5,-0.59,0.2047542209964801,0.005540039367443517,-0.01223462272800202,7.204754228404898,0.5055400395306127,-0.6022346232823691,True,2.044222310974388e-12,15.048056192347923,1.0282679525631002e-09,0.001998738810416375
ABC,analytic,142,200,6.230361750674372,0.505617644199529,0.20295187100580006,6.0,0.5,0.214,0.2303617506743718,0.005617644199529037,-0.011048128994199935,6.23036191813641,0.5056176480179935,0.20295185979074268,True,1.4083630274949956e-10,16.831519224113645,2.6878380456012307e-08,0.002298696031563289
ABC,analytic,143,200,6.036900670768355,0.4994844110057898,0.5531082515268884,6.0,0.5,0.56,0.03690067076835479,-0.0005155889942102254,-0.006891748473111692,6.036900438349242,0.4994844058523556,0.5531082665776059,True,9.471872523569572e-12,17.551040519669836,3.849974102203822e-08,0.0016741514657131107
ABC,analytic,144,200,7.964004724956426,0.4994318809048349,-0.6486099987802303,8.0,0.5,-0.657,-0.03599527504357436,-0.0005681190951650761,0.008390001219769738,7.96400471280215,0.49943188066581473,-0.6486099978591238,True,1.358023178203084e-10,14.965355648651151,1.5261512552776676e-09,0.0007252229512785517
ABC,analytic,145,200,6.037166190208382,0.5012391838677556,-0.03413973018689423,6.0,0.5,-0.032,0.03716619020838241,0.0012391838677555667,-0.0021397301868942287,6.037166382438148,0.5012391885217755,-0.03413974367859759,True,7.362449131786687e-10,16.1327471652955,3.184105808282096e-08,0.0023696266968419055
ABC,analytic,146,200,5.997728705675131,0.49988954402662356,-0.1576091659284502,6.0,0.5,-0.154,-0.0022712943248688333,-0.0001104559733764443,-0.003609165928450203,5.997728403732776,0.4998895365421401,-0.15760914424915448,True,8.408434326018615e-11,15.791999195839146,5.034278314007418e-08,0.0011387614675139853
ABC,analytic,147,200,5.919449497152899,0.49878976156714117,-0.35551505099025477,6.0,0.5,-0.36,-0.08055050284710141,-0.0012102384328588345,0.0044849490097452205,5.9194493359071005,0.4987897573933796,-0.35551503900234127,True,1.0045878319782345e-09,15.267924558993641,2.7239998943256456e-08,0.0007057746918969671
ABC,analytic,148,200,6.019671992135292,0.5006365192629215,-0.33245241658881214,6.0,0.5,-0.332,0.019671992135291916,0.00063651926292152,-0.0004524165888121212,6.019672074766037,0.5006365213630743,-0.332452422674927,True,2.496859633422766e-10,15.377053735332797,1.372678509506935e-08,0.0002114514378697372
ABC,analytic,149,200,7.2911368937312995,0.5062681530782378,-0.6138799703898643,7.0,0.5,-0.593,0.2911368937312995,0.006268153078237804,-0.020879970389864333,7.291136892620081,0.5062681530540071,-0.6138799703068054,True,5.84753638677633e-11,15.052710325950445,1.524067767249073e-10,0.0029252917970291454
ABC,analytic,150,200,6.066477973297076,0.5020199745743116,0.23794691017770003,6.0,0.5,0.242,0.06647797329707572,0.0020199745743115782,-0.00405308982229996,6.06647797895295,0.5020199747053181,0.23794690979733654,True,1.5252307532469355e-10,16.832406733720752,9.323159188898522e-10,0.0027402981551109895
ABC,analytic,151,200,6.080678640604313,0.5015015719640921,0.5455797179671928,6.0,0.5,0.557,0.0806786406043134,0.0015015719640920633,-0.011420282032807205,6.080678481187919,0.501501568440296,0.5455797282446385,True,2.70057369714435e-10,17.58651900785015,2.621687547950156e-08,0.0013497760498047454
ABC,analytic,152,200,7.96676903323826,0.4999283344479246,-0.65650589051836,8.0,0.5,-0.663,-0.033230966761739644,-7.166555207538394e-05,0.006494109481640087,7.966769079023122,0.49992833534965797,-0.6565058939872058,True,6.6173309943154704e-12,14.960360338025447,5.746979833541959e-09,0.0009159082848249083
ABC,analytic,153,200,5.826004528903189,0.49336623078195957,-0.2252547319705749,6.0,0.5,-0.235,-0.17399547109681102,-0.006633769218040431,0.009745268029425075,5.826004646953821,0.49336623379669525,-0.22525474069455376,True,3.6014035938540306e-10,15.467981311946364,2.026270824248258e-08,0.0025984776760495966
ABC,analytic,154,200,5.982352489450319,0.499534231176211,0.04780615178467991,6.0,0.5,0.049,-0.017647510549680945,-0.0004657688237890145,-0.0011938482153200924,5.982352378153288,0.4995342284975158,0.04780615953553235,True,9.429512580369196e-10,16.29499989015233,1.860422490032653e-08,0.0004884024931514279
ABC,analytic,155,200,5.937989635891031,0.49867687831731766,-0.3545502827445231,6.0,0.5,-0.359,-0.06201036410896865,-0.0013231216826823378,0.004449717255476882,5.93798943047769,0.4986768730197206,-0.3545502674736946,True,1.2498647046888858e-09,15.27081426770268,3.459307847321647e-08,0.00046533093145922493
ABC,analytic,156,200,5.9070153847309905,0.4967938974404105,-0.3545182106853415,6.0,0.5,-0.361,-0.09298461526900947,-0.0032061025595894743,0.0064817893146584815,5.907015618689818,0.49679390348780744,-0.35451822816725326,True,1.3473028035631508e-09,15.228728495537483,3.960694240967493e-08,0.000708301425556159
ABC,analytic,157,200,7.049177370474215,0.5011681301152101,-0.5675737668466174,7.0,0.5,-0.566,0.04917737047421511,0.0011681301152101087,-0.0015737668466174748,7.04917738725253,0.5011681304888118,-0.5675737681115979,True,8.376120496373634e-11,15.011466344433531,2.3801805254476496e-09,0.0017464439586599163
ABC,analytic,158,200,6.026054818282116,0.49967300422632605,0.09635484614175042,6.0,0.5,0.108,0.026054818282116088,-0.0003269957736739548,-0.011645153858249574,6.026054805459665,0.4996730039220904,0.09635484702796801,True,6.661534968481611e-10,16.41826513870822,2.127835050207602e-09,0.0018699605131976228
ABC,analytic,159,200,6.096013157823101,0.5021444476077952,0.5735413577683048,6.0,0.5,0.581,0.09601315782310138,0.002144447607795197,-0.007458642231695123,6.096013047046701,0.5021444451723721,0.5735413648699815,True,9.205707163684083e-11,17.673940284714735,1.8171942485868508e-08,0.0014530346181256947
ABC,analytic,160,200,8.042465017570487,0.5010620408802275,-0.6651203086555406,8.0,0.5,-0.668,0.04246501757048726,0.0010620408802275438,0.002879691344459423,8.042465036692377,0.5010620412541628,-0.6651203101007057,True,7.718406831297957e-11,14.977039152836385,2.377615539772422e-09,0.003089006292920293
ABC,analytic,161,200,7.198058807777546,0.5037420897086666,-0.3283658322522564,7.0,0.5,-0.31,0.1980588077775458,0.0037420897086666294,-0.01836583225225641,7.19805893390182,0.5037420923786695,-0.32836584138375274,True,6.101102294838433e-10,15.587160721642219,1.752198415405873e-08,0.0028563337627254682
ABC,analytic,162,200,5.908799723093749,0.49826644493074645,0.17638066624364626,6.0,0.5,0.17,-0.09120027690625143,-0.001733555069253545,0.006380666243646249,5.908799716758921,0.4982664447796478,0.17638066667782337,True,2.528564540428548e-11,16.58825184118963,1.0721006076240487e-09,0.001735003227447655
ABC,analytic,163,200,6.235022123336461,0.5054608704395042,0.5524955640291929,6.0,0.5,0.567,0.2350221233364609,0.005460870439504162,-0.014504435970807084,6.235021957134755,0.50546086683563,0.5524955746288479,True,1.2526110168273138e-10,17.697150224835514,2.6656153329316814e-08,0.0009399199360323041
ABC,analytic,164,200,7.968571358080685,0.4992752181129273,-0.6687388002515637,8.0,0.5,-0.67,-0.03142864191931505,-0.0007247818870727007,0.0012611997484363036,7.968571335467511,0.4992752176675234,-0.6687387985329869,True,1.7924237243270665e-10,14.92598434565899,2.8377952006372144e-09,0.0006853147486499619
ABC,analytic,165,200,6.069007169848975,0.5025108276666219,-0.20023689560613311,6.0,0.5,-0.196,0.06900716984897493,0.0025108276666219176,-0.0042368956061331065,6.069007094242144,0.5025108257948595,-0.2002368901806709,True,3.8223277534298903e-10,15.750715967012686,1.2457858246364614e-08,0.0012478955665526082
ABC,analytic,166,200,5.969527667531314,0.4988727708930161,-0.16664269478259242,6.0,0.5,-0.165,-0.03047233246868597,-0.0011272291069838736,-0.0016426947825924076,5.96952786177747,0.498872775730143,-0.166642708788395,True,8.288793630628388e-10,15.744667644403178,3.2539617964203093e-08,0.0007011528041807658
ABC,analytic,167,200,6.069594200365042,0.5013246440625774,0.014258147425574734,6.0,0.5,0.021,0.06959420036504227,0.0013246440625773737,-0.006741852574425267,6.06959438415839,0.501324648456762,0.014258134623334296,True,7.076300567864626e-10,16.255448584299153,3.0280993427169236e-08,0.0017053930383317817
ABC,analytic,168,200,7.980925694243797,0.49968513895270544,9.944629745557064e-05,8.0,0.5,0.0,-0.01907430575620328,-0.00031486104729455677,9.944629745557064e-05,7.9809256934629795,0.4996851389385132,9.94463522048473e-05,True,5.207636124196597e-10,16.17950024565516,9.783541641626536e-11,0.0009681050890575022
ABC,matched,1,200,6.9999999388809595,0.4999999977857793,-0.5919999971411303,7.0,0.5,-0.592,-6.111904049532768e-08,-2.2142206956843324e-09,2.8588696965314853e-09,6.999999973747264,0.49999999856924265,-0.5919999997877284,True,6.440734529802207e-12,14.931696721537579,4.980900662997054e-09,8.049467942453408e-16
ABC,matched,2,200,5.999999799922151,0.49999999559632635,0.24400001146933276,6.0,0.5,0.244,-2.0007784939934936e-07,-4.403673647956907e-09,1.1469332761304685e-08,6.000000094061361,0.5000000024579782,0.24399999160151956,True,9.257426980268819e-10,16.800442333949647,4.9023201025771874e-08,1.017355045735732e-15
ABC,matched,3,200,5.99999985778661,0.4999999965252611,0.5590000082345085,6.0,0.5,0.559,-1.422133903972167e-07,-3.4747388855116412e-09,8.234508408477836e-09,5.9999999166531195,0.49999999783788357,0.5590000044337953,True,1.3257902773360106e-10,17.594222007348385,9.811085117761244e-09,8.508897876649305e-16
ABC,matched,4,200,7.999999908640124,0.4999999975836299,-0.6649999906090613,8.0,0.5,-0.665,-9.135987610875418e-08,-2.416370104008081e-09,9.390938693343287e-09,7.99999995236391,0.49999999844211235,-0.6649999939232085,True,7.062984705130813e-12,14.95323668768686,5.465473328706538e-09,8.881671813225602e-16
ABC,matched,5,200,5.999999967501343,0.49999999730813616,-0.27399999808310505,6.0,0.5,-0.274,-3.249865709875621e-08,-2.6918638429407338e-09,1.9168949760839382e-09,6.000000122350053,0.5000000012173614,-0.27400000940166724,True,2.839694822608232e-11,15.508089741838086,2.580811778283003e-08,5.313125184171596e-16
ABC,matched,6,200,5.9999998970125485,0.4999999967550996,0.07300000727293246,6.0,0.5,0.073,-1.0298745145576049e-07,-3.244900403931439e-09,7.2729324646081395e-09,5.99999985128707,0.49999999566093223,0.07300001044078981,True,7.137548295249048e-11,16.372624606073714,7.620913216587871e-09,1.081844725598783e-15
ABC,matched,7,200,15.999999865267721,0.49999999819242935,-0.1409999898677007,16.0,0.5,-0.141,-1.3473227866711568e-07,-1.8075706487152843e-09,1.0132299277376688e-08,15.999999320885802,0.4999999932136995,-0.1409999514236043,True,5.525141955768299e-11,16.057959396035184,3.84440964062982e-08,3.614672765972039e-15
ABC,matched,8,200,5.999999784172997,0.4999999936817873,-0.06999998530713064,6.0,0.5,-0.07,-2.158270033802978e-07,-6.31821267527144e-09,1.4692869365617867e-08,5.999999560780968,0.4999999882189314,-0.06999996949040574,True,5.3018523220675226e-11,16.015351722587905,3.723200607780126e-08,8.504218559119213e-16
ABC,matched,9,200,6.999999921510838,0.49999999774044923,-0.588999994638565,7.0,0.5,-0.589,-7.848916183661458e-08,-2.25955076871287e-09,5.361434962658507e-09,6.999999957418403,0.49999999854697713,-0.5889999973630559,True,6.633938644334051e-12,14.938165202999459,5.129652162839061e-09,8.57097584431197e-16
ABC,matched,10,200,6.000000246621787,0.5000000071387727,0.23499998132586108,6.0,0.5,0.235,2.466217869923071e-07,7.1387726841010135e-09,-1.8674138901886295e-08,5.999999975956151,0.5000000008160895,0.23499999963206875,True,8.680104874202935e-10,16.77788048612789,4.511093742613022e-08,8.214025768787827e-16
ABC,matched,11,200,5.9999998574767455,0.49999999681956986,0.5590000107321037,6.0,0.5,0.559,-1.42523254531568e-07,-3.1804301414695146e-09,1.0732103650212821e-08,5.999999916320875,0.49999999813175855,0.5590000069329132,True,1.3252927948246533e-10,17.59425803592883,9.807355064949234e-09,9.10968376980823e-16
ABC,matched,12,200,8.00000008867171,0.5000000013309629,-0.6560000121006511,8.0,0.5,-0.656,8.867170997461926e-08,1.3309628954516484e-09,-1.2100651036739407e-08,8.000000135549344,0.5000000022502882,-0.65600001565007,True,7.564105720331734e-12,14.969682197851258,5.8597041780707215e-09,8.664768404994341e-16
ABC,matched,13,200,6.000000011448671,0.5000000004772412,-0.15600000080355453,6.0,0.5,-0.156,1.1448671344282957e-08,4.77241246521487e-10,-8.035545284723611e-10,6.000000269869581,0.500000006881535,-0.15600001934560306,True,4.236927419747969e-11,15.801163251429612,4.3070149656143854e-08,6.617210282199954e-16
ABC,matched,14,200,6.000000036022591,0.5000000016444704,0.006999998488321206,6.0,0.5,0.007,3.602259113222317e-08,1.6444704487028616e-09,-1.5116787942942578e-09,5.999999902648713,0.4999999984211014,0.0070000078213373895,True,6.285720003054932e-11,16.207211104709803,2.2228979560529535e-08,6.161462989666429e-16
ABC,matched,15,200,5.9999999888822515,0.5000000003348384,-0.2039999972821782,6.0,0.5,-0.204,-1.1117748499600566e-08,3.3483837924563886e-10,2.7178217731904653e-09,6.0000002016692395,0.5000000056478991,-0.20400001266475853,True,3.6529801305280295e-11,15.68180015295846,3.546449681293931e-08,6.224399914170677e-16
ABC,matched,16,200,5.999999970974774,0.49999999897493574,-0.20499999737082364,6.0,0.5,-0.205,-2.9025225778411823e-08,-1.0250642556997036e-09,2.629176348856177e-09,6.00000018346307,0.5000000042814491,-0.20500001273416765,True,3.651266324391635e-11,15.679826019289306,3.541471481770889e-08,6.379860631355172e-16
ABC,matched,17,200,5.999999866960836,0.4999999958023595,-0.17699999242956893,6.0,0.5,-0.177,-1.3303916368556656e-07,-4.197640512959566e-09,7.570431059811256e-09,6.0000001051563565,0.5000000017246101,-0.17700000957672798,True,3.984404580048335e-11,15.749140760049686,3.969925267037557e-08,6.2493027768865e-16
ABC,matched,18,200,5.999999947686974,0.4999999987021746,-0.1789999953625514,6.0,0.5,-0.179,-5.231302591113263e-08,-1.2978254027018465e-09,4.637448591804372e-09,6.000000184391346,0.5000000045889518,-0.17900001240797622,True,3.967487754284289e-11,15.744147007614039,3.945072739742161e-08,4.0613940165641856e-16
ABC,matched,19,200,5.999999920321541,0.49999999769439424,-0.1819999939551182,6.0,0.5,-0.182,-7.967845938594564e-08,-2.305605761865337e-09,6.044881789568635e-09,6.000000153980801,0.5000000035085731,-0.18200001078848113,True,3.927532830173336e-11,15.73684449615606,3.8943209138706354e-08,4.784016016605796e-16
ABC,matched,20,200,7.000000047141943,0.5000000017251223,-0.5900000023122334,7.0,0.5,-0.59,4.7141942793871294e-08,1.7251222672598487e-09,-2.3122334047442905e-09,7.0000000826699225,0.500000002523266,-0.5900000050082284,True,6.564355401668263e-12,14.936071665991372,5.075425607105752e-09,9.527855729804824e-16
ABC,matched,21,200,6.000000161921272,0.5000000030208329,0.2399999861191638,6.0,0.5,0.24,1.619212719461416e-07,3.0208329171443893e-09,-1.3880836202684321e-08,5.999999869414662,0.4999999961931319,0.24000000588783046,True,9.334234354726783e-10,16.790723681801335,4.8751100358450066e-08,6.208542978374972e-16
ABC,matched,22,200,6.000000107670571,0.5000000028984595,0.5579999992764962,6.0,0.5,0.558,1.0767057112559542e-07,2.898459472433501e-09,-7.235038124164817e-10,6.0000001664425255,0.5000000042091811,0.5579999954814249,True,1.324818261448279e-10,17.591765531418822,9.795325463987356e-09,1.008439912034491e-15
ABC,matched,23,200,7.999999951577933,0.4999999987463554,-0.6579999980435357,8.0,0.5,-0.658,-4.842206724475773e-08,-1.2536445770372495e-09,1.956464323882301e-09,7.9999999977248635,0.4999999996516098,-0.6580000015383843,True,7.448035797858713e-12,14.966305537003624,5.768366341782473e-09,6.624447077998133e-16
ABC,matched,24,200,5.9999999875958325,0.4999999993504596,-0.21499999873718578,6.0,0.5,-0.215,-1.2404167470947414e-08,-6.495404214490463e-10,1.2628142143089605e-09,6.00000019091607,0.5000000044359099,-0.21500001346062658,True,3.5271135367354685e-11,15.65494606622012,3.388670510358396e-08,6.466529005267833e-16
ABC,matched,25,200,5.999999961650521,0.49999999780947146,-0.1899999974837048,6.0,0.5,-0.19,-3.8349479147825605e-08,-2.1905285363388316e-09,2.5162951999835315e-09,6.000000187647347,0.5000000034396883,-0.1900000137857054,True,3.8279371101412034e-11,15.716860114360834,3.766613658635547e-08,5.852620015891631e-16
ABC,matched,26,200,5.9999998916054365,0.49999999667359407,0.1160000049119244,6.0,0.5,0.116,-1.0839456354716503e-07,-3.3264059284832115e-09,4.911924395001321e-09,5.99999990717035,0.49999999704363274,0.11600000384047647,True,7.682749343494575e-11,16.479435335636868,2.594152340515631e-09,6.606179045040532e-16
ABC,matched,27,200,6.9999998983669975,0.4999999968224908,-0.6039999918289084,7.0,0.5,-0.604,-1.0163300245835671e-07,-3.177509200202877e-09,8.171091581132828e-09,6.999999929491049,0.49999999752306423,-0.6039999941954441,True,5.747132155394895e-12,14.906524116309319,4.446293156257032e-09,7.247398749917986e-16
ABC,matched,28,200,5.99999990054217,0.499999997566694,0.9010000066917951,6.0,0.5,0.901,-9.94578304158722e-08,-2.4333060011372254e-09,6.691795118030086e-09,6.000000001955339,0.499999999724637,0.9010000004434245,True,1.7180764615903108e-10,18.460962141630187,1.6902194897441202e-08,7.023599518333158e-16
ABC,matched,29,200,6.999999836289054,0.4999999967345005,-0.9079999854754118,7.0,0.5,-0.908,-1.6371094613276682e-07,-3.265499481930334e-09,1.4524588198838728e-08,7.000000046559368,0.5000000016802053,-0.9080000021816417,True,1.6438635319894622e-09,14.268203830290178,3.003861609297586e-08,3.7699492667107604e-16
ABC,matched,30,200,6.9999998346947505,0.49999999694317404,-0.9059999856786348,7.0,0.5,-0.906,-1.6530524948876746e-07,-3.0568259590246782e-09,1.4321365204850167e-08,7.000000058307224,0.5000000022010224,-0.9060000034397434,True,1.7502897327709833e-09,14.272847428231794,3.1944638794874746e-08,4.869460106200722e-16
ABC,matched,31,200,6.999999934404782,0.4999999994615754,-0.5839999973261227,7.0,0.5,-0.584,-6.559521814608615e-08,-5.38424582696706e-10,2.673877230741084e-09,6.999999971981662,0.5000000003050088,-0.5840000001751611,True,6.939747406178842e-12,14.948933768125885,5.368125774923634e-09,8.731734935732796e-16
ABC,matched,32,200,6.000000334822475,0.5000000083735927,0.2349999807449971,6.0,0.5,0.235,3.348224746346773e-07,8.373592708110777e-09,-1.9255002897677898e-08,6.000000064999027,0.5000000020708548,0.23499999899462554,True,8.653464442443623e-10,16.77763896712279,4.497057216200224e-08,8.586870474781643e-16
ABC,matched,33,200,6.000000125993329,0.5000000031588956,0.5629999964535308,6.0,0.5,0.563,1.2599332865903534e-07,3.1588955895500703e-09,-3.5464691183761943e-09,6.000000185322413,0.5000000044811317,0.5629999926250957,True,1.3315062300307843e-10,17.60447659931172,9.888180487273654e-09,1.0006700809613973e-15
ABC,matched,34,200,8.000000118084563,0.500000002328177,-0.6630000115490565,8.0,0.5,-0.663,1.1808456257256239e-07,2.328176984534025e-09,-1.1549056488924236e-08,8.000000162532112,0.5000000032006382,-0.6630000149171991,True,7.1796566437032784e-12,14.957216997566405,5.555943592227077e-09,9.997891959119616e-16
ABC,matched,35,200,5.999999878298193,0.4999999959073942,-0.15299999127434902,6.0,0.5,-0.153,-1.217018068544462e-07,-4.092605809802308e-09,8.72565097953526e-09,6.000000139794101,0.5000000023846126,-0.1530000100288675,True,4.2745842324663994e-11,15.808398854004954,4.3582650250261597e-08,7.778973535945562e-16
ABC,matched,36,200,5.999999884488929,0.4999999969342435,0.02200000784709528,6.0,0.5,0.022,-1.155110709305518e-07,-3.0657564820124605e-09,7.847095282592642e-09,5.999999770482051,0.49999999418522184,0.022000015806658016,True,6.482339416663495e-11,16.24496812706828,1.9001146651827438e-08,8.089770867757136e-16
ABC,matched,37,200,6.999999976737545,0.4999999997833958,-0.2960000000988241,7.0,0.5,-0.296,-2.326245507333624e-08,-2.1660417903746065e-10,-9.882411555750537e-11,7.000000176476811,0.5000000040915064,-0.2960000146526506,True,3.08119107168473e-11,15.558337831245977,2.8534180140025135e-08,7.603716788360836e-16
ABC,matched,38,200,5.999999964814539,0.4999999987251448,-0.18199999919809895,6.0,0.5,-0.182,-3.518546076719531e-08,-1.2748552213892594e-09,8.019010455662112e-10,6.0000001984104285,0.5000000045372563,-0.18200001602815502,True,3.926761688690579e-11,15.736256386681626,3.893264692897598e-08,6.598821231513095e-16
ABC,matched,39,200,6.000000064860781,0.5000000018413504,-0.012000001392044319,6.0,0.5,-0.012,6.486078074630086e-08,1.8413504054848318e-09,-1.3920443183573772e-09,5.999999908299064,0.4999999980466957,-0.011999990404712798,True,6.045137411286377e-11,16.159939764943513,2.6093619131264828e-08,5.607317874792048e-16
ABC,matched,40,200,6.999999980529969,0.49999999986075466,-0.22499999613584104,7.0,0.5,-0.225,-1.9470030920842873e-08,-1.39245337482663e-10,3.864158965027897e-09,7.00000024122968,0.500000005430227,-0.22500001494988744,True,3.795593086709223e-11,15.709606530716654,3.724281453198508e-08,7.134250109077845e-16
ABC,matched,41,200,7.000000127856074,0.500000004153733,-0.5680000052879127,7.0,0.5,-0.568,1.2785607417242772e-07,4.153733024203632e-09,-5.2879127743210574e-09,7.000000170926292,0.5000000051182543,-0.5680000085462555,True,7.931827996222569e-12,14.982178070230773,6.152888080419512e-09,7.921200516216417e-16
ABC,matched,42,200,5.9999998011280224,0.4999999943866057,0.24600001428539955,6.0,0.5,0.246,-1.9887197755252828e-07,-5.613394304937458e-09,1.4285399557723011e-08,6.0000000842166905,0.5000000009890115,0.24599999517040394,True,8.890325524878298e-10,16.80618404740297,4.718144401487302e-08,8.687593985254582e-16
ABC,matched,43,200,6.000000023105434,0.5000000004480463,0.5699999973111352,6.0,0.5,0.57,2.3105434010517456e-08,4.480462667544316e-10,-2.688864797484314e-09,6.000000083138447,0.5000000017846062,0.5699999934410062,True,1.3391786183842343e-10,17.621767004728444,1.0005502065895015e-08,1.1012101581385434e-15
ABC,matched,44,200,8.000000083862677,0.5000000019780175,-0.6730000044133857,8.0,0.5,-0.673,8.386267680293713e-08,1.978017527548559e-09,-4.413385656931723e-09,8.000000124978751,0.5000000027860503,-0.6730000075330466,True,6.6473598856805435e-12,14.938363435402348,5.139509182328233e-09,7.16498134466772e-16
ABC,matched,45,200,5.999999920213179,0.4999999961424686,-0.2759999961040771,6.0,0.5,-0.276,-7.978682070586274e-08,-3.857531405415671e-09,3.8959229176072085e-09,6.000000073659455,0.5000000000174101,-0.27600000732384977,True,2.819174101002853e-11,15.503164586341255,2.5574379041017236e-08,6.287633299893723e-16
ABC,matched,46,200,5.9999998283234115,0.49999999666577755,0.7040000097156532,6.0,0.5,0.704,-1.716765885007021e-07,-3.334222453688085e-09,9.715653281894276e-09,5.999999903548633,0.49999999830985975,0.7040000049555668,True,1.4963606476331763e-10,17.96106073530338,1.2537537136112296e-08,5.870478558447764e-16
ABC,matched,47,200,8.000000060306895,0.5000000017967123,-0.7710000037026555,8.0,0.5,-0.771,6.03068954774244e-08,1.7967123344675429e-09,-3.7026555155250662e-09,8.00000000609416,0.5000000007182066,-0.7709999995389604,True,3.8801292688671785e-10,14.75771070967581,6.776591903165109e-09,7.305370890799897e-16
ABC,matched,48,200,8.000000061368224,0.500000001368157,-0.7610000029718935,8.0,0.5,-0.761,6.136822428004507e-08,1.368157032111128e-09,-2.971893509062795e-09,8.000000040549452,0.5000000009544928,-0.7610000013750382,True,2.0948516557385995e-10,14.776606764274968,2.6023465405025343e-09,6.168010175588629e-16
ABC,matched,49,200,7.000000039469119,0.5000000022120301,-0.5750000015033067,7.0,0.5,-0.575,3.946911864005642e-08,2.2120301146344445e-09,-1.5033067013447976e-09,7.000000079886917,0.500000003118065,-0.5750000045638899,True,7.451209859427172e-12,14.967555569937854,5.7739710765835624e-09,6.746659301280453e-16
ABC,matched,50,200,6.000000360310592,0.5000000097502003,0.23399997530899197,6.0,0.5,0.234,3.6031059202912274e-07,9.750200313796142e-09,-2.469100804369795e-08,6.000000091773841,0.5000000034762662,0.23399999347376113,True,8.619517444015682e-10,16.775853323867892,4.475612248864575e-08,7.971084925279636e-16
ABC,matched,51,200,5.9999998560155445,0.4999999955123064,0.5680000043646468,6.0,0.5,0.568,-1.4398445546959238e-07,-4.487693605614851e-09,4.364646866150679e-09,5.999999915793103,0.4999999968436018,0.5680000005100856,True,1.335779339266978e-10,17.616959085479476,9.962926623633109e-09,8.076908125885096e-16
ABC,matched,52,200,7.9999999683278435,0.4999999990510368,-0.6809999993083582,8.0,0.5,-0.681,-3.167215645305532e-08,-9.489631858095038e-10,6.916418548996717e-10,8.000000006950218,0.4999999998108562,-0.6810000022416371,True,6.2465316983813414e-12,14.923853879080585,4.827796824782435e-09,8.112148467942894e-16
ABC,matched,53,200,6.000000025356979,0.499999999934244,-0.20700000303834706,6.0,0.5,-0.207,2.535697873895515e-08,-6.575601174674262e-11,-3.0383470739359097e-09,6.000000235962311,0.5000000051952286,-0.20700001827059536,True,3.6259335486576197e-11,15.674775013079282,3.510088733371652e-08,7.04428316847628e-16
ABC,matched,54,200,6.000000079257858,0.500000002850715,-0.22300000340805864,6.0,0.5,-0.223,7.925785805440455e-08,2.850714997393311e-09,-3.4080586408524738e-09,6.000000275800184,0.5000000077727489,-0.2230000176588511,True,3.4360398581934235e-11,15.634970980759624,3.275705274854709e-08,6.049344389778862e-16
ABC,matched,55,200,5.999999846906324,0.49999999705344594,0.6930000083675715,6.0,0.5,0.693,-1.5309367640270466e-07,-2.9465540563045067e-09,8.367571524559025e-09,5.999999920825741,0.4999999986714251,0.6930000036830399,True,1.4840065749747848e-10,17.933285566046372,1.231990303821586e-08,7.047159044842953e-16
ABC,matched,56,200,8.000000080479296,0.5000000017470212,-0.7720000048736911,8.0,0.5,-0.772,8.04792961162093e-08,1.747021194375975e-09,-4.873691117346368e-09,8.000000022037877,0.5000000005842545,-0.772000000384692,True,4.107959082991675e-10,14.755849134412868,7.30517727843449e-09,8.673158945691491e-16
ABC,matched,57,200,8.000000052926154,0.5000000016154031,-0.7640000043461413,8.0,0.5,-0.764,5.292615412599844e-08,1.615403144583638e-09,-4.346141335709319e-09,8.000000020695415,0.5000000009747362,-0.764000001872991,True,2.6997874838200427e-10,14.77068032397442,4.02884234417512e-09,8.192381161758869e-16
ABC,matched,58,200,6.999999937508454,0.4999999976263719,-0.5849999951544692,7.0,0.5,-0.585,-6.249154616000396e-08,-2.373628127383398e-09,4.845530754415961e-09,6.999999974663049,0.4999999984604546,-0.5849999979719498,True,6.860738991452317e-12,14.946614958905815,5.307799298674012e-09,5.536952518667374e-16
ABC,matched,59,200,6.000000265907394,0.5000000063951464,0.2379999835936934,6.0,0.5,0.238,2.6590739388154816e-07,6.395146412430108e-09,-1.6406306591054687e-08,5.999999982460053,0.4999999997771684,0.2380000027566175,True,9.06353188027455e-10,16.785160193701945,4.724122143202343e-08,8.780706132008545e-16
ABC,matched,60,200,6.000000068489179,0.5000000008509669,0.5609999963841374,6.0,0.5,0.561,6.848917877277927e-08,8.509668525391589e-10,-3.6158626093296675e-09,6.000000127566445,0.5000000021679425,0.5609999925709729,True,1.3281927900302695e-10,17.599445713573996,9.84621089636451e-09,1.0155972133340927e-15
ABC,matched,61,200,7.999999989958561,0.5000000002607232,-0.6520000014209854,8.0,0.5,-0.652,-1.004143879157482e-08,2.607232207907373e-10,-1.4209853294033792e-09,8.000000038212823,0.5000000012066051,-0.6520000050727518,True,7.780080884374054e-12,14.977118269346919,6.031782711134437e-09,8.3949200777553195e-16
ABC,matched,62,200,5.999999927420497,0.499999997137429,-0.21399999815542553,6.0,0.5,-0.214,-7.257950329631058e-08,-2.862571013562132e-09,1.8445744653927676e-09,6.000000131578349,0.5000000022425929,-0.2140000129380534,True,3.5381902822259907e-11,15.65689043917983,3.4026307987389984e-08,6.216032578669384e-16
ABC,matched,63,200,6.000000068210846,0.5000000019135404,-0.1640000027883024,6.0,0.5,-0.164,6.821084586050574e-08,1.9135404372150333e-09,-2.7883023945296515e-09,6.000000318907624,0.5000000081335488,-0.1640000207993666,True,4.142210040704511e-11,15.781089392385836,4.178279411312485e-08,7.041218764449433e-16
ABC,matched,64,200,5.999999994604946,0.49999999897888653,-0.19100000032468503,6.0,0.5,-0.191,-5.395054181178693e-09,-1.0211134715554238e-09,-3.246850288629588e-10,6.000000219485928,0.5000000045821735,-0.19100001654884555,True,3.81271487181476e-11,15.714314426350612,3.748016234231196e-08,4.64955045921627e-16
ABC,matched,65,200,5.999999862097495,0.4999999956929971,0.03700000770424437,6.0,0.5,0.037,-1.3790250541489968e-07,-4.307002920977965e-09,7.704244374406866e-09,5.999999767197627,0.4999999934099854,0.03700001431507553,True,6.670224396170547e-11,16.281883166786752,1.5816644950170975e-08,5.781249533811348e-16
ABC,matched,66,200,7.000000045152141,0.5000000007475801,-0.3980000009472031,7.0,0.5,-0.398,4.515214069300555e-08,7.475801089285028e-10,-9.472030937374143e-10,7.000000172085975,0.5000000035237158,-0.398000010325779,True,2.1203405704581757e-11,15.341734308109178,1.8133404427118217e-08,6.053089056775599e-16
ABC,matched,67,200,7.000000010287353,0.5000000008607257,-0.5789999989003776,7.0,0.5,-0.579,1.0287353191529292e-08,8.607257129256141e-10,1.0996223931414306e-09,7.000000049566713,0.5000000017417482,-0.579000001876429,True,7.24984107341777e-12,14.95949373589299,5.611337132961481e-09,8.286254075896655e-16
ABC,matched,68,200,6.0000000553617046,0.5000000007556664,0.19299999705033694,6.0,0.5,0.193,5.5361704554002245e-08,7.556664183283601e-10,-2.9496630693515158e-09,5.999999950005566,0.4999999982792786,0.19300000422015973,True,3.535785847169702e-10,16.672673244669888,1.755935632533916e-08,8.367423910361418e-16
ABC,matched,69,200,5.999999957461568,0.49999999970276,0.5669999970643356,6.0,0.5,0.567,-4.253843233215093e-08,-2.9724001038289316e-10,-2.9356643782563197e-09,6.000000017147954,0.5000000010322234,0.5669999932151667,True,1.3348669728716748e-10,17.614696591073287,9.947731054884608e-09,1.103078431109895e-15
ABC,matched,70,200,8.000000121497894,0.5000000038924638,-0.6710000049386032,8.0,0.5,-0.671,1.2149789441195935e-07,3.892463795729384e-09,-4.938603193060942e-09,8.000000163297706,0.5000000047137391,-0.6710000081092606,True,6.7582004946148195e-12,14.942515976591643,5.224976344847775e-09,7.231286136562863e-16
ABC,matched,71,200,5.99999991684077,0.49999999755749114,0.07900000634978598,6.0,0.5,0.079,-8.315922972457201e-08,-2.4425088618329482e-09,6.349785974801847e-09,5.999999879536662,0.49999999666562017,0.07900000893184261,True,7.214888855387153e-11,16.38759702556226,6.2173514606503084e-09,7.366430031000137e-16
ABC,matched,72,200,8.000000009961598,0.5000000011860547,-0.48900000141654204,8.0,0.5,-0.489,9.961597768892716e-09,1.186054698898431e-09,-1.4165420503253756e-09,8.000000134586996,0.5000000035808462,-0.48900001066214827,True,1.8616142344097553e-11,15.279124451612168,1.5578174488097404e-08,5.470199636819376e-16
ABC,matched,73,200,6.9999999224546094,0.4999999990619492,-0.5729999955193869,7.0,0.5,-0.573,-7.754539055326859e-08,-9.380508037004631e-10,4.480613102764153e-09,6.999999963994574,0.49999999999288525,-0.5729999986641175,True,7.660983313324346e-12,14.972279474417023,5.934280652978693e-09,7.148473035712973e-16
ABC,matched,74,200,6.000000126598351,0.500000003473481,0.16899999258222656,6.0,0.5,0.169,1.2659835135764297e-07,3.4734809473135897e-09,-7.4177734510350035e-09,6.000000108229915,0.5000000030402195,0.16899999383671943,True,6.623931695050657e-11,16.612644211398266,3.061406026999358e-09,9.855487759687587e-16
ABC,matched,75,200,5.999999895206568,0.49999999717394644,0.5650000103033487,6.0,0.5,0.565,-1.04793431709993e-07,-2.826053557836161e-09,1.0303348729756578e-08,5.999999954664822,0.4999999984987274,0.5650000064678755,True,1.3321027030314372e-10,17.60957063743442,9.909708980192873e-09,1.1229056364731912e-15
ABC,matched,76,200,8.000000103287723,0.50000000203335,-0.659000006956616,8.0,0.5,-0.659,1.0328772326317903e-07,2.0333500438951546e-09,-6.95661594996011e-09,8.000000149218648,0.5000000029344724,-0.6590000104355648,True,7.416812053361896e-12,14.964436441187859,5.741365498070959e-09,7.350041334865031e-16
ABC,matched,77,200,6.000000237088719,0.5000000052517112,0.23199998484018516,6.0,0.5,0.232,2.3708871932370812e-07,5.251711177045593e-09,-1.515981484789819e-08,5.999999977833183,0.49999999919276616,0.2320000023821638,True,8.338387266111635e-10,16.770646799565053,4.320925431763705e-08,8.183471359960922e-16
ABC,matched,78,200,7.999999863290629,0.4999999970924565,-0.4939999899719443,8.0,0.5,-0.494,-1.3670937093479552e-07,-2.907543483754438e-09,1.0028055719146778e-08,7.999999984884627,0.4999999994306081,-0.4939999989978829,True,1.8217684157891496e-11,15.269746752365357,1.5199249776406062e-08,8.501164634566746e-16
ABC,matched,79,200,6.000000036822841,0.5000000006754918,-0.41300000202500703,6.0,0.5,-0.413,3.68228407765514e-08,6.754917736273569e-10,-2.025007050932004e-09,6.000000105151207,0.5000000024393719,-0.41300000713203133,True,1.4105320628059319e-11,15.164705456777659,1.1388060813136408e-08,4.263305414773055e-16
ABC,matched,80,200,7.000000001812626,0.49999999927876926,-0.5860000012322106,7.0,0.5,-0.586,1.812625605168705e-09,-7.212307417958641e-10,-1.2322106668349875e-09,7.000000038779964,0.5000000001087299,-0.5860000040358616,True,6.828984697423256e-12,14.944825838858266,5.2810483312647925e-09,7.376408832625724e-16
ABC,matched,81,200,6.000000428988338,0.5000000095983453,0.2349999742847209,6.0,0.5,0.235,4.289883381858317e-07,9.598345340755543e-09,-2.5715279072802133e-08,6.000000159716916,0.5000000033083762,0.23499999249660875,True,8.635733618814879e-10,16.77773450214075,4.4878567132717866e-08,8.320878904862136e-16
ABC,matched,82,200,6.000000051263474,0.5000000022072749,0.560999998261472,6.0,0.5,0.561,5.1263474354357186e-08,2.2072749183976725e-09,-1.738528099259895e-09,6.000000110340539,0.5000000035242688,0.5609999944483144,True,1.3281816149582863e-10,17.599522888219656,9.846177321883233e-09,1.2568320165843e-15
ABC,matched,83,200,7.9999998911807415,0.49999999818962554,-0.6619999933062226,8.0,0.5,-0.662,-1.0881925849304253e-07,-1.8103744614528239e-09,6.693777421240554e-09,7.999999936086304,0.499999999070969,-0.6619999967087068,True,7.253642629620699e-12,14.958924852502301,5.613195397816453e-09,8.926555547856464e-16
ABC,matched,84,200,5.999999958747113,0.4999999982709566,-0.14799999835147543,6.0,0.5,-0.148,-4.125288732836907e-08,-1.729043408449371e-09,1.6485245668551585e-09,6.000000224810469,0.5000000048562,-0.1480000174181986,True,4.3284939154815427e-11,15.820842881374118,4.4343891044453287e-08,6.94322944037081e-16
ABC,matched,85,200,5.999999993800047,0.5000000003689538,-0.043999999652789085,6.0,0.5,-0.044,-6.199953439534056e-09,3.689537564355305e-10,3.472109127988787e-10,5.999999799811276,0.4999999956441548,-0.04399998597216152,True,5.6395784594163604e-11,16.080111544642463,3.233146183751895e-08,8.763991913017391e-16
ABC,matched,86,200,5.999999936866715,0.4999999979777244,-0.18199999673249112,6.0,0.5,-0.182,-6.313328526630357e-08,-2.02227562473567e-09,3.267508874582603e-09,6.00000017063707,0.5000000037942699,-0.18200001357445986,True,3.9294997719106464e-11,15.736655180777115,3.896172473755744e-08,5.006083062471983e-16
ABC,matched,87,200,6.000000028055166,0.49999999994842204,-0.18200000368436645,6.0,0.5,-0.182,2.8055166190199543e-08,-5.1577964121918285e-11,-3.684366450817933e-09,6.000000261577983,0.500000005759211,-0.1820000205078853,True,3.9253931609660476e-11,15.736956042021774,3.8920467817136e-08,7.174147136724225e-16
ABC,matched,88,200,5.999999994539001,0.5000000003550843,-0.3339999999544842,6.0,0.5,-0.334,-5.460998764306169e-09,3.5508429530040075e-10,4.551581334055754e-11,6.000000108069558,0.5000000032488015,-0.3340000083327525,True,2.1987738217724063e-11,15.36000675955996,1.892175907775912e-08,5.940388141306492e-16
ABC,matched,89,200,5.999999953574828,0.49999999877798246,-0.34499999530128,6.0,0.5,-0.345,-4.642517215103226e-08,-1.2220175427124502e-09,4.6987199686654435e-09,6.000000059790751,0.5000000014900918,-0.34500000315320445,True,2.0765038953899398e-11,15.332893135628732,1.7702653684916104e-08,6.088021627489662e-16
ABC,matched,90,200,5.999999876696288,0.49999999714715365,0.40300000590764107,6.0,0.5,0.403,-1.2330371212954105e-07,-2.852846348044835e-09,5.907641043023659e-09,5.9999999812890525,0.4999999995316605,0.40299999900413486,True,2.8034461260832825e-10,17.20084461467639,1.7432127499603892e-08,8.618240619597915e-16
ABC,matched,91,200,7.999999969701445,0.49999999946480084,-0.5679999990675396,8.0,0.5,-0.568,-3.029855477620913e-08,-5.35199162765565e-10,9.324603311711144e-10,8.000000052665104,0.5000000010744647,-0.5680000052814612,True,1.2962401577143793e-11,15.132801223834447,1.037045731345522e-08,6.697213172327517e-16
ABC,matched,92,200,7.000000034091264,0.5000000011725423,-0.5890000078893448,7.0,0.5,-0.589,3.409126403397522e-08,1.1725422854880208e-09,-7.889344844080881e-09,7.000000069861652,0.5000000019759452,-0.5890000106034436,True,6.6065138632823025e-12,14.938045590178948,5.110055311983128e-09,7.083284251651779e-16
ABC,matched,93,200,6.0000002250764615,0.5000000048413846,0.23299998517428877,6.0,0.5,0.233,2.250764614686318e-07,4.841384626530498e-09,-1.4825711242005823e-08,5.999999960830551,0.4999999986671736,0.2330000030522092,True,8.490772508776295e-10,16.772752895552713,4.404098342894159e-08,9.71440878540136e-16
ABC,matched,94,200,6.000000007126471,0.5000000000996638,0.5650000022784653,6.0,0.5,0.565,7.126470968898957e-09,9.96638327421806e-11,2.2784653053165016e-09,6.000000066588451,0.5000000014244989,0.5649999984426646,True,1.33222591262191e-10,17.609399930867866,9.910329928105726e-09,9.495550555858273e-16
ABC,matched,95,200,8.0000000389092,0.5000000004567887,-0.6690000014092583,8.0,0.5,-0.669,3.890919941795801e-08,4.567887179618424e-10,-1.4092582656388686e-09,8.000000081020035,0.5000000012840168,-0.6690000046026348,True,6.801699887927341e-12,14.945774504281859,5.263854410112327e-09,8.895350650613451e-16
ABC,matched,96,200,6.000000034164056,0.5000000009466178,-0.13300000105973916,6.0,0.5,-0.133,3.4164055584540165e-08,9.46617784158832e-10,-1.0597391575384307e-09,6.000000315621762,0.5000000078966378,-0.1330000211826527,True,4.5136322513136635e-11,15.858190077338872,4.6909615204152074e-08,6.277982460770092e-16
ABC,matched,97,200,6.000000017620396,0.5000000003988544,-0.17500000343949332,6.0,0.5,-0.175,1.7620395809103684e-08,3.988543939570377e-10,-3.4394933290382568e-09,6.000000257422369,0.5000000063590323,-0.17500002069692622,True,4.004056601206968e-11,15.753724308983058,3.996699377618128e-08,8.453395498951296e-16
ABC,matched,98,200,5.999999920615915,0.4999999979971891,-0.08299999565092253,6.0,0.5,-0.083,-7.938408508323391e-08,-2.0028109171121855e-09,4.349077473153606e-09,5.999999684192507,0.49999999220432806,-0.082999978877171,True,5.1529897767517866e-11,15.98280709952483,3.9403901848365394e-08,8.122382111517158e-16
ABC,matched,99,200,5.99999988448928,0.49999999645801735,0.013000008321465615,6.0,0.5,0.013,-1.1551072010007601e-07,-3.5419826516225328e-09,8.321465615537815e-09,5.99999975881066,0.49999999342336104,0.013000017107768517,True,6.363667215952584e-11,16.222519346587692,2.0946436988490432e-08,6.776601251158741e-16
ABC,matched,100,200,6.999999945698261,0.49999999895230673,-0.3099999978327687,7.0,0.5,-0.31,-5.430173910525582e-08,-1.0476932654768234e-09,2.16723128332319e-09,7.000000134231568,0.5000000030264639,-0.3100000115956757,True,2.940976991043013e-11,15.528838945592387,2.6933329081851794e-08,5.651801393577755e-16
ABC,matched,101,200,6.000000093596271,0.5000000023837833,0.19499999604071921,6.0,0.5,0.195,9.359627117788705e-08,2.383783281878493e-09,-3.95928079210961e-09,5.999999981754841,0.49999999975573817,0.19500000364945838,True,3.7440496357100544e-10,16.677844246426464,1.8640238099082973e-08,8.114891315723889e-16
ABC,matched,102,200,5.999999956972154,0.49999999914836235,-0.22999999663550574,6.0,0.5,-0.23,-4.302784617493671e-08,-8.516376492906375e-10,3.3644942665223e-09,6.000000147276496,0.5000000039194804,-0.23000001044928373,True,3.348771446049456e-11,15.617385728140853,3.171738956522483e-08,5.211671077444221e-16
ABC,matched,103,200,6.000000028538159,0.5000000004445324,-0.2680000028634962,6.0,0.5,-0.268,2.853815939118931e-08,4.44532410881493e-10,-2.863496162408552e-09,6.000000188379091,0.5000000044758263,-0.2680000145359345,True,2.915240911484888e-11,15.523422839473835,2.6640154430543133e-08,5.468663309316032e-16
ABC,matched,104,200,6.000000074567709,0.5000000036765162,-0.21300000476693187,6.0,0.5,-0.213,7.456770934055612e-08,3.6765162025886866e-09,-4.766931877009384e-09,6.000000279714148,0.5000000088059317,-0.21300001961816262,True,3.5525162691018216e-11,15.659775869042834,3.419107148993462e-08,5.315792576798764e-16
ABC,matched,105,200,5.999999923886643,0.49999999700753217,-0.18999999586687766,6.0,0.5,-0.19,-7.611335739454717e-08,-2.992467829088241e-09,4.133122344374129e-09,6.000000150011511,0.5000000026411694,-0.19000001217813928,True,3.8301135339582485e-11,15.716819471484598,3.7687477084978145e-08,6.311730331463145e-16
ABC,matched,106,200,7.000000126589089,0.5000000024756462,-0.5850000091986989,7.0,0.5,-0.585,1.2658908943308234e-07,2.4756462435604476e-09,-9.198698913692738e-09,7.000000163619499,0.5000000033069214,-0.5850000120067467,True,6.836491157291499e-12,14.946460615259852,5.290058426290779e-09,7.116964850823629e-16
ABC,matched,107,200,5.999999561462632,0.49999998947977914,0.24400002799529946,6.0,0.5,0.244,-4.385373681969895e-07,-1.0520220861121032e-08,2.7995299467509227e-08,5.999999851990065,0.4999999962572859,0.24400000837154964,True,9.14265241961902e-10,16.800783588801977,4.8421240064822384e-08,1.1999148776444392e-15
ABC,matched,108,200,5.999999848961651,0.49999999653042676,0.5610000058632194,6.0,0.5,0.561,-1.5103834893892554e-07,-3.4695732398226653e-09,5.86321935447387e-09,5.99999990801574,0.4999999978469082,0.5610000020514712,True,1.327734210503955e-10,17.59908804608927,9.842348272588968e-09,1.2133958571520385e-15
ABC,matched,109,200,7.999999956184596,0.49999999834218634,-0.6639999979247415,8.0,0.5,-0.664,-4.381540374964743e-08,-1.657813664124319e-09,2.0752585205841e-09,8.000000000220991,0.49999999920668764,-0.664000001262236,True,7.112794765640713e-12,14.954939258922645,5.50454937171878e-09,8.01132419801998e-16
ABC,matched,110,200,5.999999981251418,0.4999999991391041,-0.23799999904416713,6.0,0.5,-0.238,-1.8748582242267275e-08,-8.608959101152891e-10,9.558328573078256e-10,6.000000165383798,0.5000000037612635,-0.23800001242695787,True,3.26498016251443e-11,15.597784067619392,3.0688729229782927e-08,7.544364722764325e-16
ABC,matched,111,200,5.999999820446981,0.4999999950023573,0.6730000115473059,6.0,0.5,0.673,-1.7955301867544904e-07,-4.99764268857561e-09,1.1547305889259007e-08,5.999999891979132,0.4999999965723603,0.6730000070015645,True,1.4604909939065758e-10,17.882769853798838,1.192202535952164e-08,9.827385936834057e-16
ABC,matched,112,200,8.000000014135082,0.5000000007792962,-0.6590000021377836,8.0,0.5,-0.659,1.4135082437860547e-08,7.79296183139877e-10,-2.13778361679573e-09,8.00000005987863,0.5000000016767557,-0.6590000056024472,True,7.383670175231996e-12,14.964355935581022,5.71794340925707e-09,7.576460522374382e-16
ABC,matched,113,200,7.000000172914732,0.5000000048285408,-0.872000010528397,7.0,0.5,-0.872,1.72914732310403e-07,4.828540789425517e-09,-1.0528397043074733e-08,6.999999950017499,0.49999999961353525,-0.8719999929129916,True,1.7434871797740085e-09,14.343685095019476,3.1842461087039127e-08,6.786527466708638e-16
ABC,matched,114,200,6.999999968886324,0.49999999995400224,-0.5839999966536312,7.0,0.5,-0.584,-3.111367607999682e-08,-4.599776115554732e-11,3.346368737666694e-09,7.000000006558048,0.5000000007995482,-0.5839999995099189,True,6.958885172523899e-12,14.948937393256102,5.381674910187696e-09,1.2043013571969895e-15
ABC,matched,115,200,6.000000216910266,0.5000000039761553,0.23399998403711883,6.0,0.5,0.234,2.1691026574899297e-07,3.976155293905492e-09,-1.5962881183551048e-08,5.9999999484816975,0.49999999770483683,0.234000002194599,True,8.616038158634272e-10,16.775846508399376,4.473809309296218e-08,8.673502474758644e-16
ABC,matched,116,200,5.999999854648325,0.49999999625925884,0.5620000034125496,6.0,0.5,0.562,-1.453516746963146e-07,-3.74074116127332e-09,3.4125495762538094e-09,5.999999913809677,0.4999999975778712,0.5619999995943558,True,1.3289810263039334e-10,17.601649585017004,9.860225370543438e-09,1.1184907842504646e-15
ABC,matched,117,200,7.9999999621601505,0.4999999985635809,-0.6659999979219726,8.0,0.5,-0.666,-3.783984947602903e-08,-1.4364190947802058e-09,2.0780274168075152e-09,8.000000005484313,0.4999999994143169,-0.6660000012062725,True,6.998488036263541e-12,14.951135253902553,5.41552036176899e-09,1.1345718043018444e-15
ABC,matched,118,200,6.000000002131482,0.5000000008117818,-0.21199999946079465,6.0,0.5,-0.212,2.13148165784105e-09,8.11781752929619e-10,5.392053470387737e-10,6.000000207743809,0.5000000059519574,-0.21200001434355265,True,3.556869369080882e-11,15.661866362041955,3.426872000753382e-08,6.455076714196902e-16
ABC,matched,119,200,6.000000090720079,0.5000000023589869,-0.1910000059553874,6.0,0.5,-0.191,9.072007856048003e-08,2.3589868947127e-09,-5.955387405442991e-09,6.000000315506659,0.5000000079603061,-0.1910000221719135,True,3.811376675632525e-11,15.714466054283005,3.746442810671147e-08,5.724778845711217e-16
ABC,matched,120,200,5.999999777130869,0.4999999943653628,0.6670000132837605,6.0,0.5,0.667,-2.228691311501052e-07,-5.634637201268333e-09,1.328376042497581e-08,5.9999998479259915,0.49999999592049776,0.6670000087811624,True,1.4528249931349643e-10,17.867546729553165,1.1799187407902747e-08,1.111074812878159e-15
ABC,matched,121,200,7.999999958810573,0.49999999929825817,-0.6529999936260498,8.0,0.5,-0.653,-4.1189426980281496e-08,-7.017418313104429e-10,6.37395025648857e-09,8.000000006622649,0.5000000002356347,-0.6529999972446928,True,7.708769417854991e-12,14.97545691073333,5.976509504561246e-09,8.66149042823582e-16
ABC,matched,122,200,7.000000282768881,0.500000007446771,-0.8770000201599321,7.0,0.5,-0.877,2.8276888119904697e-07,7.446770977637129e-09,-2.0159932057062235e-08,7.000000037655638,0.5000000017080839,-0.8770000007745858,True,1.9277265911055395e-09,14.33340522272458,3.501617622549892e-08,6.83762608471436e-16
ABC,matched,123,200,7.000000086585263,0.5000000014886831,-0.5580000081080077,7.0,0.5,-0.558,8.65852634035491e-08,1.48868306570904e-09,-8.108007598650602e-09,7.000000133148292,0.5000000025300285,-0.5580000116254037,True,8.547982811061605e-12,15.003706006765707,6.6518611574864595e-09,9.468607960647915e-16
ABC,matched,124,200,6.000000106589761,0.5000000027252841,0.1859999960215331,6.0,0.5,0.186,1.0658976101751705e-07,2.7252841094949076e-09,-3.978466889265064e-09,6.000000029610632,0.5000000009140767,0.1860000012656235,True,2.6107495942646556e-10,16.65484100853739,1.2829854580257328e-08,1.0155482772121961e-15
ABC,matched,125,200,5.999999870974216,0.4999999959836009,0.5740000072027969,6.0,0.5,0.574,-1.2902578383489072e-07,-4.016399102191315e-09,7.2027969144627946e-09,5.99999993137978,0.49999999732774913,0.5740000033108955,True,1.3428433769345267e-10,17.631726571801384,1.0067594132847972e-08,7.965079003125809e-16
ABC,matched,126,200,8.000000121395084,0.5000000031463141,-0.6940000059318987,8.0,0.5,-0.694,1.2139508420716538e-07,3.146314098145808e-09,-5.931898749977904e-09,8.000000155615444,0.5000000038206278,-0.6940000085349604,True,5.522887635136891e-12,14.899574848280274,4.2775449016810204e-09,7.788638432852705e-16
ABC,matched,127,200,6.000000049689772,0.5000000018560761,0.09599999566322032,6.0,0.5,0.096,4.968977229680149e-08,1.8560760706165524e-09,-4.336779685365499e-09,6.000000036073508,0.5000000015313959,0.09599999660333738,True,7.42830166422521e-11,16.429642953435547,2.2693774079245547e-09,1.1290644561704284e-15
ABC,matched,128,200,15.999999984640118,0.49999999918064,-0.2849999983986612,16.0,0.5,-0.285,-1.535988225498386e-08,-8.193600242734078e-10,1.6013387837965354e-09,15.999999287034948,0.49999999274699536,-0.2849999487246516,True,4.8454369107356644e-11,15.923677734278998,4.967400957234247e-08,2.7222765800673533e-15
ABC,matched,129,200,7.000000060526205,0.5000000013061142,-0.5920000089996618,7.0,0.5,-0.592,6.052620538099518e-08,1.3061142167813955e-09,-8.999661793573921e-09,7.0000000954446655,0.5000000020907533,-0.5920000116501377,True,6.4520991494282714e-12,14.932157663222545,4.988351378181029e-09,1.011901402617989e-15
ABC,matched,130,200,5.999999811246537,0.49999999489546354,0.2670000127575234,6.0,0.5,0.267,-1.8875346263769188e-07,-5.104536460187603e-09,1.2757523371043078e-08,6.000000004301352,0.4999999993840081,0.26699999976167643,True,5.929688251916711e-10,16.85859402975275,3.2175802443771804e-08,1.0599274513979218e-15
ABC,matched,131,200,5.9999996619717635,0.4999999919667482,0.5600000181855224,6.0,0.5,0.56,-3.380282365128551e-07,-8.03325178599934e-09,1.8185522310254498e-08,5.999999720909379,0.4999999932808072,0.5600000143808149,True,1.3262388835995325e-10,17.596751482076048,9.822936403042982e-09,1.1123658452877223e-15
ABC,matched,132,200,8.000000013360392,0.4999999997961971,-0.6730000024022229,8.0,0.5,-0.673,1.3360391903916025e-08,-2.0380291898547398e-10,-2.40222286507219e-09,8.000000054399123,0.5000000006027304,-0.6730000055159948,True,6.633847872501703e-12,14.938246991609711,5.1298414056386174e-09,7.454568078306207e-16
ABC,matched,133,200,6.000000059565558,0.5000000018473663,-0.3920000047320479,6.0,0.5,-0.392,5.956555781949646e-08,1.8473662599660656e-09,-4.7320478646639685e-09,6.000000138802418,0.5000000038858627,-0.39200001063427325,True,1.61044876285402e-11,15.2166920866659,1.3206142984526905e-08,4.4208016494820576e-16
ABC,matched,134,200,7.000000061175134,0.5000000021227411,-0.5880000046990626,7.0,0.5,-0.588,6.117513429160226e-08,2.122741094012781e-09,-4.699062583490843e-09,7.000000097267279,0.5000000029333476,-0.5880000074370368,True,6.665643625454236e-12,14.940402434180752,5.156020554679686e-09,7.146691828688713e-16
ABC,matched,135,200,5.99999999368438,0.49999999881729584,0.21499999950461682,6.0,0.5,0.215,-6.315620026953184e-09,-1.1827041568324148e-09,-4.953831789222818e-10,5.999999802834061,0.49999999434623066,0.21500001245097725,True,6.245380037049905e-10,16.727673088233825,3.1808386476788434e-08,1.0903786446085974e-15
ABC,matched,136,200,5.999999855639036,0.49999999617325575,0.5600000114976216,6.0,0.5,0.56,-1.4436096407166588e-07,-3.826744254809e-09,1.149762152152789e-08,5.999999914543161,0.49999999748655394,0.5600000076950613,True,1.3255952976965686e-10,17.596296506208546,9.817354328676151e-09,8.505078734327192e-16
ABC,matched,137,200,7.999999871134399,0.4999999972389026,-0.6609999929476449,8.0,0.5,-0.661,-1.288656008568978e-07,-2.7610974062675098e-09,7.0523551443102406e-09,7.999999916031212,0.4999999981199599,-0.660999996348994,True,7.246246450213385e-12,14.9606171629967,5.612101620152756e-09,8.198591465928907e-16
ABC,matched,138,200,6.00000005157744,0.5000000020940072,-0.005000001109438957,6.0,0.5,-0.005,5.157744009665066e-08,2.0940071898678525e-09,-1.109438956502229e-09,5.9999999037968275,0.4999999985158798,-0.004999990749570121,True,6.138062332995166e-11,16.177584677011968,2.4630101894271024e-08,7.386996930355917e-16
ABC,matched,139,200,6.000000016035313,0.5000000008541631,-0.361999999477176,6.0,0.5,-0.362,1.6035312633277954e-08,8.541630736047523e-10,5.228240063104295e-10,6.000000111891164,0.500000003308248,-0.3620000065831061,True,1.9013896700440847e-11,15.290257252898195,1.5975974911486224e-08,4.622381647979551e-16
ABC,matched,140,200,6.000000069413925,0.5000000029282275,-0.3600000058406039,6.0,0.5,-0.36,6.941392527437529e-08,2.928227549325868e-09,-5.84060388941765e-09,6.000000166681265,0.5000000054175344,-0.36000001304904017,True,1.9264409142484218e-11,15.295225594509752,1.6211222876345995e-08,3.293937869195955e-16
ABC,matched,141,200,7.0000000052748135,0.5000000000727994,-0.5900000016240822,7.0,0.5,-0.59,5.27481347489811e-09,7.27994331484183e-11,-1.6240822020563428e-09,7.0000000409001135,0.500000000873106,-0.590000004327483,True,6.5832320590721385e-12,14.936342277748762,5.089328547878999e-09,8.972574202476678e-16
ABC,matched,142,200,6.000000144094735,0.5000000034840846,0.2139999916923422,6.0,0.5,0.214,1.4409473525489602e-07,3.484084576399482e-09,-8.307657783923617e-09,5.999999955458268,0.4999999990640755,0.21400000449032786,True,6.178779717886802e-10,16.725593178190575,3.143941046751723e-08,8.829196381547139e-16
ABC,matched,143,200,5.999999839227858,0.4999999962251149,0.5600000114012297,6.0,0.5,0.56,-1.6077214226584147e-07,-3.774885126706096e-09,1.1401229627061582e-08,5.999999898189904,0.49999999753975033,0.560000007594953,True,1.3267696772131888e-10,17.59680758473664,9.82700781881156e-09,9.718928422289048e-16
ABC,matched,144,200,7.999999846853442,0.4999999963254024,-0.6569999886796892,8.0,0.5,-0.657,-1.5314655765763519e-07,-3.674597626179832e-09,1.1320310799867173e-08,7.999999893532975,0.49999999724099026,-0.6569999922144524,True,7.534948044854086e-12,14.968112787736063,5.834941607601067e-09,9.078384469052005e-16
ABC,matched,145,200,5.999999955113423,0.4999999990674927,-0.03199999657834204,6.0,0.5,-0.032,-4.488657712187205e-08,-9.32507293605056e-10,3.4216579639090305e-09,5.999999775160889,0.4999999946925657,-0.03199998391062372,True,5.794895373474375e-11,16.109981304737932,2.9992089184895044e-08,6.639358213177395e-16
ABC,matched,146,200,5.999999932766199,0.49999999756654323,-0.15399999572622544,6.0,0.5,-0.154,-6.723380074902252e-08,-2.4334567694239695e-09,4.273774556473597e-09,6.000000193178055,0.5000000040181916,-0.15400001440525127,True,4.261027170877583e-11,15.80616437341304,4.3401974541757944e-08,4.435993226715136e-16
ABC,matched,147,200,6.00000002074718,0.5000000012833332,-0.3600000022391138,6.0,0.5,-0.36,2.074717997402331e-08,1.2833332174722045e-09,-2.2391138387867215e-09,6.00000011775384,0.500000003766117,-0.36000000942784843,True,1.9209521827284843e-11,15.295508070465006,1.6167776281697232e-08,5.2150577967031495e-16
ABC,matched,148,200,6.000000095485045,0.5000000034281301,-0.3320000070761081,6.0,0.5,-0.332,9.548504475986874e-08,3.4281301131144915e-09,-7.07610808836634e-09,6.000000209769588,0.5000000063400424,-0.3320000155072582,True,2.209372608072446e-11,15.364532632933102,1.9047423268472004e-08,4.910788839995503e-16
ABC,matched,149,200,7.00000007045183,0.5000000019977439,-0.5930000040004678,7.0,0.5,-0.593,7.04518301475332e-08,1.9977438592277963e-09,-4.000467845877154e-09,7.000000105083955,0.5000000027760565,-0.5930000066296407,True,6.400451224718799e-12,14.930031564461496,4.947446314806641e-09,6.202078499187012e-16
ABC,matched,150,200,5.999999796958603,0.4999999947546467,0.24200001177455888,6.0,0.5,0.242,-2.0304139702886914e-07,-5.245353318361623e-09,1.1774558883459463e-08,6.000000097322682,0.5000000017632589,0.24199999147923001,True,9.47227572135982e-10,16.795146210940327,5.006067908572403e-08,9.197559335804102e-16
ABC,matched,151,200,5.99999986104099,0.49999999586045824,0.5570000087368887,6.0,0.5,0.557,-1.3895900963234453e-07,-4.1395417649248145e-09,8.736888656990516e-09,5.999999919644727,0.49999999716766613,0.5570000049522038,True,1.322239352666277e-10,17.589009189431856,9.767289626526424e-09,7.400738003670586e-16
ABC,matched,152,200,7.999999917035764,0.49999999852538357,-0.6629999971155387,8.0,0.5,-0.663,-8.296423636977579e-08,-1.4746164289647368e-09,2.8844613364498173e-09,7.999999961531937,0.4999999993988194,-0.6630000004873817,True,7.1875420750272415e-12,14.95715930715006,5.562021647797818e-09,1.0332270552155753e-15
ABC,matched,153,200,6.000000127456695,0.5000000051315021,-0.23500001031140275,6.0,0.5,-0.235,1.2745669497604695e-07,5.131502112121211e-09,-1.0311402759421995e-08,6.000000313963938,0.5000000098110865,-0.23500002386029648,True,3.298207245742872e-11,15.605228845559173,3.108453894460574e-08,7.066420646861166e-16
ABC,matched,154,200,5.999999941184005,0.49999999891111735,0.04900000399631107,6.0,0.5,0.049,-5.8815994741223676e-08,-1.0888826507127192e-09,3.9963110667895485e-09,5.9999998626779645,0.4999999970259106,0.049000009455371654,True,6.831382337170325e-11,16.31170396966141,1.3084340258145176e-08,4.785750728933958e-16
ABC,matched,155,200,5.999999890584759,0.4999999956526397,-0.3589999927743815,6.0,0.5,-0.359,-1.0941524131169444e-07,-4.3473603050792065e-09,7.225618492423536e-09,5.999999988685733,0.4999999981630842,-0.35900000004318855,True,1.941117522197163e-11,15.29814031880827,1.635016243999019e-08,4.755559393226272e-16
ABC,matched,156,200,5.999999974141409,0.4999999997339409,-0.3610000001925615,6.0,0.5,-0.361,-2.585859082415709e-08,-2.660591191805395e-10,-1.9256152228308565e-10,6.000000070665715,0.5000000022049015,-0.3610000073464587,True,1.912968058462012e-11,15.293350911304973,1.608738412410784e-08,3.3546842782332213e-16
ABC,matched,157,200,6.9999999710591565,0.5000000000500991,-0.5659999986590728,7.0,0.5,-0.566,-2.8940843499469793e-08,5.0099147053117576e-11,1.3409271470976591e-09,7.0000000148826,0.500000001031267,-0.5660000019733539,True,8.065788293841966e-12,14.98687567189437,6.260491921075737e-09,1.0099560194798769e-15
ABC,matched,158,200,6.000000021541465,0.5000000008692733,0.1079999988674504,6.0,0.5,0.108,2.1541464612084837e-08,8.692733199922031e-10,-1.1325495957725806e-09,6.000000026698064,0.5000000009920155,0.10799999851205684,True,7.598499877642437e-11,16.460014695207402,8.594332614710131e-10,8.461515911170647e-16
ABC,matched,159,200,5.9999998819289475,0.499999997011624,0.5810000051915625,6.0,0.5,0.581,-1.1807105249062033e-07,-2.9883759911086827e-09,5.191562513218173e-09,5.999999943119741,0.4999999983719148,0.5810000012528795,True,1.351987259222759e-10,17.64955831416399,1.0198465724235227e-08,1.0267974503994069e-15
ABC,matched,160,200,8.00000009937326,0.5000000022462116,-0.6680000080498643,8.0,0.5,-0.668,9.937325984310519e-08,2.2462115500943014e-09,-8.04986421965026e-09,8.000000141990173,0.5000000030832465,-0.6680000112813586,True,6.885846067157983e-12,14.947545232025263,5.327113988637028e-09,6.978101149816958e-16
ABC,matched,161,200,6.9999998840772415,0.4999999970382713,-0.3099999937680528,7.0,0.5,-0.31,-1.1592275850347278e-07,-2.961728695627386e-09,6.231947180523889e-09,7.000000072802656,0.5000000011165623,-0.3100000075454765,True,2.943987439533342e-11,15.528689365696602,2.6960773269794323e-08,1.1166920338938185e-15
ABC,matched,162,200,6.000000097756737,0.5000000023334702,0.16999998614844797,6.0,0.5,0.17,9.775673692757891e-08,2.3334701948485304e-09,-1.3851552044252813e-08,6.000000077159485,0.5000000018477108,0.16999998755495271,True,7.373925293717713e-11,16.615029057781978,3.4328752614129277e-09,1.0999811856339104e-15
ABC,matched,163,200,5.999999846289032,0.4999999958044305,0.567000007144388,6.0,0.5,0.567,-1.5371096839800202e-07,-4.1955695029294304e-09,7.144388081137265e-09,5.999999905954193,0.4999999971333394,0.5670000032963258,True,1.3345440914121529e-10,17.613847694516476,9.944193772567506e-09,1.1072442140070279e-15
ABC,matched,164,200,8.000000072844387,0.5000000012618241,-0.6700000050683138,8.0,0.5,-0.67,7.284438652277458e-08,1.2618240896600241e-09,-5.0683137686746704e-09,8.000000114933492,0.5000000020886533,-0.6700000082606913,True,6.803116668768483e-12,14.94367316914034,5.261138116184865e-09,8.98511315569983e-16
ABC,matched,165,200,5.999999939015103,0.4999999985565939,-0.19599999476989807,6.0,0.5,-0.196,-6.098489713224353e-08,-1.4434061168522305e-09,5.230101934872167e-09,6.000000159225173,0.5000000040476668,-0.19600001066976747,True,3.751440749028963e-11,15.70173030752939,3.670167731512909e-08,6.056042242365568e-16
ABC,matched,166,200,5.999999949538584,0.4999999983557621,-0.16499999772257815,6.0,0.5,-0.165,-5.0461416378766444e-08,-1.6442379124903539e-09,2.2774218622068076e-09,6.000000199350122,0.5000000045549406,-0.16500001567276212,True,4.1312715083025896e-11,15.77863057656584,4.1635255044383025e-08,5.744719535032412e-16
ABC,matched,167,200,5.999999996865688,0.4999999997542109,0.020999999567624952,6.0,0.5,0.021,-3.1343123652050053e-09,-2.457891112861432e-10,-4.3237504895876633e-10,5.999999881809105,0.49999999697950087,0.021000007601973448,True,6.473602488912727e-11,16.24220228704871,1.9176097164644627e-08,8.59017135117678e-16
ABC,matched,168,200,7.999999585274519,0.4999999897623258,2.4159913951569487e-08,8.0,0.5,0.0,-4.1472548062415626e-07,-1.0237674208379843e-08,2.4159913951569487e-08,7.999999396152252,0.49999998633059134,3.740787314153132e-08,True,6.197042552071237e-11,16.190057976203548,2.3640284623047664e-08,2.1573718339430158e-15
