method,alpha,serial_id,qualified,A,truth_A,error_A,B,truth_B,error_B,C,truth_C,error_C
input,0,1,,7.014983454261828,7.0,0.014983454261828122,0.5006700895866601,0.5,0.0006700895866601497,-0.5930831725930814,-0.592,-0.0010831725930814384
input,0,2,,5.9911146565021225,6.0,-0.008885343497877507,0.49973866680794166,0.5,-0.00026133319205834393,0.24515494342880295,0.244,0.001154943428802957
input,0,3,,6.018750736346137,6.0,0.018750736346136776,0.5010547590387352,0.5,0.001054759038735198,0.5615401618309154,0.559,0.0025401618309153218
input,0,4,,8.000017983317747,8.0,1.7983317746939065e-05,0.4998623423840209,0.5,-0.0001376576159791143,-0.6675525948377169,-0.665,-0.0025525948377168595
input,0,5,,6.020044223588184,6.0,0.020044223588183918,0.5004618081522624,0.5,0.00046180815226237737,-0.27592169482640605,-0.274,-0.0019216948264060285
input,0,6,,6.014140818106266,6.0,0.014140818106265662,0.5002793496992273,0.5,0.0002793496992272715,0.07241739042966526,0.073,-0.0005826095703347356
input,0,7,,16.004920537409042,16.0,0.00492053740904197,0.5000584211641425,0.5,5.8421164142452575e-05,-0.1410880220852972,-0.141,-8.80220852972069e-05
input,0,8,,6.00324317981215,6.0,0.0032431798121503874,0.5001007016307941,0.5,0.00010070163079411998,-0.07018134995555728,-0.07,-0.00018134995555726952
input,0,9,,7.0163979412176385,7.0,0.01639794121763849,0.5004557912719491,0.5,0.00045579127194905755,-0.5917472431261869,-0.589,-0.0027472431261869046
input,0,10,,5.991432004078723,6.0,-0.008567995921277216,0.49971507655631664,0.5,-0.0002849234436833603,0.23614193964111108,0.235,0.0011419396411110894
input,0,11,,6.007855572415117,6.0,0.007855572415117251,0.5001919524017013,0.5,0.0001919524017013341,0.5600298444661562,0.559,0.0010298444661561712
input,0,12,,8.002095805827139,8.0,0.0020958058271389746,0.5000695910924838,0.5,6.959109248383388e-05,-0.6565552178636033,-0.656,-0.0005552178636032412
input,0,13,,5.992402145543509,6.0,-0.007597854456490971,0.49973767969807315,0.5,-0.00026232030192685496,-0.1558177907235096,-0.156,0.00018220927649040264
input,0,14,,6.008579772181128,6.0,0.008579772181128043,0.5003433251834623,0.5,0.0003433251834622508,0.006249303535987528,0.007,-0.000750696464012472
input,0,15,,6.004883154460864,6.0,0.00488315446086407,0.5002282548410959,0.5,0.00022825484109589844,-0.20415580891952737,-0.204,-0.0001558089195273782
input,0,16,,6.006806121791227,6.0,0.006806121791226971,0.5003124298826342,0.5,0.0003124298826342464,-0.20483740713516602,-0.205,0.0001625928648339714
input,0,17,,6.003412188510764,6.0,0.0034121885107643024,0.5001161001708639,0.5,0.00011610017086394198,-0.17748371439361021,-0.177,-0.00048371439361022395
input,0,18,,6.003161455030835,6.0,0.003161455030834759,0.5000337406215977,0.5,3.3740621597666554e-05,-0.17961841650639468,-0.179,-0.0006184165063946867
input,0,19,,6.005784928528115,6.0,0.005784928528115074,0.5001486479475465,0.5,0.00014864794754654298,-0.1817884143057506,-0.182,0.00021158569424939433
input,0,20,,7.002774916227775,7.0,0.002774916227775037,0.5004411766584764,0.5,0.0004411766584764276,-0.5922422527389682,-0.59,-0.0022422527389682756
input,0,21,,6.00191231796303,6.0,0.0019123179630300413,0.5002906388560376,0.5,0.0002906388560376394,0.23952245717827536,0.24,-0.00047754282172463025
input,0,22,,5.984881625455935,6.0,-0.015118374544065283,0.49987146340634914,0.5,-0.00012853659365086312,0.5630537607707612,0.558,0.00505376077076114
input,0,23,,7.991642808845202,8.0,-0.008357191154797938,0.4997648204881326,0.5,-0.0002351795118674116,-0.6592100995526017,-0.658,-0.0012100995526016511
input,0,24,,6.00271250119292,6.0,0.0027125011929198806,0.4997446284199284,0.5,-0.0002553715800716061,-0.21637781486550667,-0.215,-0.0013778148655066713
input,0,25,,5.996403339237467,6.0,-0.003596660762532622,0.4999592661253823,0.5,-4.0733874617726595e-05,-0.18844604434511802,-0.19,0.0015539556548819777
input,0,26,,5.998177579791406,6.0,-0.0018224202085939112,0.5000659013079534,0.5,6.590130795336435e-05,0.11655186642593443,0.116,0.0005518664259344247
input,0,27,,6.998492121508055,7.0,-0.0015078784919451138,0.4997391052449655,0.5,-0.0002608947550344909,-0.6067719196971818,-0.604,-0.002771919697181824
input,0,28,,5.994366702985237,6.0,-0.005633297014762562,0.49995962767229685,0.5,-4.037232770315313e-05,0.9060425462350856,0.901,0.005042546235085599
input,0,29,,6.999038443909977,7.0,-0.0009615560900231301,0.49997316485383286,0.5,-2.683514616713678e-05,-0.9100635519892915,-0.908,-0.0020635519892914234
input,0,30,,6.997063842524171,7.0,-0.002936157475828871,0.4999150005696409,0.5,-8.499943035911173e-05,-0.9077286175964042,-0.906,-0.0017286175964041917
input,0,31,,7.013791787974003,7.0,0.013791787974002823,0.5002289555520358,0.5,0.00022895555203583662,-0.5854998332693226,-0.584,-0.0014998332693226812
input,0,32,,5.985190090244748,6.0,-0.014809909755252093,0.4992870702126263,0.5,-0.0007129297873736951,0.2318167778585097,0.235,-0.0031832221414902773
input,0,33,,6.008587026641086,6.0,0.008587026641086126,0.500516819374485,0.5,0.0005168193744850003,0.5679129060187781,0.563,0.00491290601877814
input,0,34,,8.000080226487242,8.0,8.022648724193004e-05,0.499969605138637,0.5,-3.0394861363025605e-05,-0.6656972664294503,-0.663,-0.002697266429450229
input,0,35,,6.006368341157411,6.0,0.006368341157410917,0.49998962742125325,0.5,-1.0372578746753458e-05,-0.15139911485230276,-0.153,0.0016008851476972397
input,0,36,,6.00249832562085,6.0,0.0024983256208503946,0.500069499101267,0.5,6.949910126696768e-05,0.020920799160572483,0.022,-0.001079200839427516
input,0,37,,6.998678845834407,7.0,-0.0013211541655930858,0.5000251127893708,0.5,2.511278937078476e-05,-0.2957493317525387,-0.296,0.00025066824746128313
input,0,38,,5.997468598972132,6.0,-0.0025314010278680854,0.499955171585956,0.5,-4.482841404401805e-05,-0.18107762754561377,-0.182,0.0009223724543862277
input,0,39,,6.003989059280588,6.0,0.003989059280588236,0.5001115376491027,0.5,0.0001115376491026554,-0.012250264344253203,-0.012,-0.0002502643442532024
input,0,40,,6.999599753182412,7.0,-0.00040024681758765723,0.500005594413528,0.5,5.594413527987285e-06,-0.22528436443186148,-0.225,-0.0002843644318614724
input,0,41,,6.992896301282652,7.0,-0.007103698717347839,0.4999813251024,0.5,-1.8674897599990636e-05,-0.5679168796323183,-0.568,8.312036768165498e-05
input,0,42,,5.991758248235055,6.0,-0.008241751764945349,0.4994900919527605,0.5,-0.0005099080472394935,0.2451278981180185,0.246,-0.0008721018819815018
input,0,43,,6.030520914784274,6.0,0.03052091478427421,0.5007992968849472,0.5,0.000799296884947176,0.5694550218062292,0.57,-0.000544978193770751
input,0,44,,7.987184960882033,8.0,-0.01281503911796733,0.4997397982690011,0.5,-0.000260201730998888,-0.6721574523114605,-0.673,0.00084254768853953
input,0,45,,6.018694027213548,6.0,0.018694027213547848,0.5005321311504219,0.5,0.0005321311504219439,-0.27754199694820614,-0.276,-0.0015419969482061147
input,0,46,,5.992026822245847,6.0,-0.007973177754153404,0.4999689991382605,0.5,-3.100086173951633e-05,0.706876456441694,0.704,0.0028764564416939864
input,0,47,,8.00541426366614,8.0,0.005414263666139618,0.5001024221917544,0.5,0.00010242219175438105,-0.7723108319880831,-0.771,-0.0013108319880831276
input,0,48,,8.007099402144135,8.0,0.00709940214413507,0.5001078722184451,0.5,0.0001078722184451042,-0.7629380404923896,-0.761,-0.0019380404923895478
input,0,49,,7.016539415255735,7.0,0.016539415255735435,0.5005167940572542,0.5,0.000516794057254244,-0.5774173613034627,-0.575,-0.002417361303462706
input,0,50,,6.004812098828647,6.0,0.00481209882864686,0.501152667373224,0.5,0.0011526673732239479,0.23480139990595308,0.234,0.0008013999059530708
input,0,51,,6.0120219434368165,6.0,0.012021943436816507,0.5006394809740775,0.5,0.0006394809740775109,0.5683236692747908,0.568,0.00032366927479088314
input,0,52,,8.004840320144472,8.0,0.004840320144472443,0.4999848502251321,0.5,-1.5149774867884158e-05,-0.6827206838283194,-0.681,-0.0017206838283193582
input,0,53,,5.987480554609047,6.0,-0.012519445390952733,0.4996364390177179,0.5,-0.000363560982282074,-0.20632812027195213,-0.207,0.0006718797280478583
input,0,54,,6.0029672679037445,6.0,0.002967267903744464,0.500381487102936,0.5,0.00038148710293595123,-0.2233134552370602,-0.223,-0.00031345523706019507
input,0,55,,5.995312646979002,6.0,-0.004687353020997875,0.5001400703077873,0.5,0.0001400703077872878,0.6964611381390307,0.693,0.003461138139030706
input,0,56,,8.02151796449982,8.0,0.021517964499819797,0.5003822043437851,0.5,0.0003822043437851086,-0.7757316681821992,-0.772,-0.003731668182199166
input,0,57,,8.008651024461109,8.0,0.008651024461109103,0.5002513631826374,0.5,0.00025136318263740964,-0.7655653240974853,-0.764,-0.0015653240974853322
input,0,58,,7.01074858969169,7.0,0.01074858969168968,0.5005724111359536,0.5,0.0005724111359536321,-0.5864639607948946,-0.585,-0.0014639607948946365
input,0,59,,5.976233357182562,6.0,-0.023766642817437678,0.4994286333869888,0.5,-0.0005713666130112149,0.2396253684077846,0.238,0.0016253684077845998
input,0,60,,5.992213027677664,6.0,-0.007786972322335828,0.5001836481351839,0.5,0.00018364813518390033,0.5678492784755527,0.561,0.0068492784755526115
input,0,61,,7.991544717741476,8.0,-0.008455282258523766,0.4998217501414568,0.5,-0.0001782498585432002,-0.6542626376661337,-0.652,-0.00226263766613366
input,0,62,,5.999342562055407,6.0,-0.0006574379445929424,0.49989019214203334,0.5,-0.00010980785796665948,-0.2145476498958849,-0.214,-0.0005476498958849052
input,0,63,,6.000311078920342,6.0,0.0003110789203422115,0.5000738362819821,0.5,7.383628198209813e-05,-0.1637804481628043,-0.164,0.00021955183719571392
input,0,64,,5.9958007887745985,6.0,-0.004199211225401456,0.5000308111552993,0.5,3.0811155299348414e-05,-0.19013597953596206,-0.191,0.0008640204640379401
input,0,65,,6.001302370113633,6.0,0.001302370113632989,0.5000536439409234,0.5,5.364394092344238e-05,0.036261745381191035,0.037,-0.0007382546188089631
input,0,66,,6.996389046442343,7.0,-0.0036109535576569485,0.49992418475301253,0.5,-7.581524698746511e-05,-0.39739852758845357,-0.398,0.0006014724115464554
input,0,67,,7.00890571837519,7.0,0.008905718375189942,0.5002845824959202,0.5,0.000284582495920227,-0.5858335584577126,-0.579,-0.006833558457712607
input,0,68,,6.034792240570639,6.0,0.03479224057063934,0.5017682694716892,0.5,0.0017682694716891767,0.1943543736193163,0.193,0.0013543736193162847
input,0,69,,6.000885598586931,6.0,0.0008855985869313798,0.5000653747902271,0.5,6.537479022705739e-05,0.5678154203112241,0.567,0.0008154203112241687
input,0,70,,7.9992099232642815,8.0,-0.0007900767357185146,0.4997947211807296,0.5,-0.0002052788192704047,-0.6735074613269884,-0.671,-0.002507461326988314
input,0,71,,6.00743764143059,6.0,0.007437641430589892,0.5003371803080172,0.5,0.0003371803080172153,0.0772368487153601,0.079,-0.0017631512846398995
input,0,72,,7.991388003224491,8.0,-0.00861199677550939,0.49989910775253693,0.5,-0.00010089224746306913,-0.4871785880602163,-0.489,0.0018214119397836903
input,0,73,,7.01582143444077,7.0,0.015821434440770332,0.5006095677277261,0.5,0.0006095677277261347,-0.5736822728696098,-0.573,-0.0006822728696098679
input,0,74,,6.02203768104662,6.0,0.022037681046620072,0.5004078529717829,0.5,0.00040785297178291824,0.16599491890595575,0.169,-0.003005081094044265
input,0,75,,5.992724803933239,6.0,-0.007275196066760969,0.4997422674384807,0.5,-0.00025773256151928603,0.5688218588099397,0.565,0.003821858809939793
input,0,76,,7.999248951758943,8.0,-0.000751048241056651,0.49987009501611224,0.5,-0.00012990498388776306,-0.660440189914862,-0.659,-0.0014401899148619446
input,0,77,,6.0111454856289,6.0,0.01114548562889972,0.5003422700937067,0.5,0.00034227009370668693,0.23258819692691582,0.232,0.0005881969269158072
input,0,78,,7.993570124715773,8.0,-0.006429875284227116,0.49968768839088484,0.5,-0.00031231160911515676,-0.4944323055436806,-0.494,-0.00043230554368062224
input,0,79,,6.005774613214969,6.0,0.005774613214969193,0.5002401012531345,0.5,0.0002401012531344504,-0.4131831975008122,-0.413,-0.00018319750081224884
input,0,80,,7.014136777717684,7.0,0.014136777717683735,0.5000081954324955,0.5,8.19543249552801e-06,-0.5882618734715712,-0.586,-0.002261873471571252
input,0,81,,5.99820322496959,6.0,-0.0017967750304102026,0.5001148412072084,0.5,0.00011484120720839375,0.23492978192605032,0.235,-7.021807394966273e-05
input,0,82,,5.973330373712872,6.0,-0.02666962628712799,0.49946250291478883,0.5,-0.0005374970852111693,0.56313597321561,0.561,0.0021359732156099875
input,0,83,,8.000097594732662,8.0,9.75947326615767e-05,0.499953973262127,0.5,-4.6026737873017254e-05,-0.6624572388162333,-0.662,-0.0004572388162332741
input,0,84,,5.972754813539874,6.0,-0.02724518646012619,0.49963102318200475,0.5,-0.00036897681799524795,-0.1457479517265399,-0.148,0.0022520482734600944
input,0,85,,6.0044097538390675,6.0,0.004409753839067498,0.5002008852619608,0.5,0.0002008852619608259,-0.04487043771889595,-0.044,-0.0008704377188959514
input,0,86,,5.9965399641494255,6.0,-0.0034600358505745277,0.4998511183210808,0.5,-0.00014888167891918824,-0.1808070026560906,-0.182,0.0011929973439094022
input,0,87,,6.0075123463845035,6.0,0.007512346384503488,0.5002098818076552,0.5,0.00020988180765524334,-0.18236258998755903,-0.182,-0.00036258998755903105
input,0,88,,6.012497554914271,6.0,0.012497554914270737,0.5004543365886172,0.5,0.00045433658861715465,-0.33644113007892945,-0.334,-0.002441130078929432
input,0,89,,6.008750581802971,6.0,0.008750581802971169,0.5001861147605595,0.5,0.00018611476055951925,-0.3466544046578356,-0.345,-0.0016544046578356175
input,0,90,,6.000726533106456,6.0,0.0007265331064560954,0.500159119675947,0.5,0.00015911967594695042,0.40548405024301304,0.403,0.002484050243013014
input,0,91,,8.008571765750078,8.0,0.008571765750078342,0.5001902823577349,0.5,0.00019028235773488333,-0.569228348964314,-0.568,-0.0012283489643140078
input,0,92,,7.023934272085543,7.0,0.023934272085543107,0.5005299540559908,0.5,0.0005299540559907667,-0.5895621779636577,-0.589,-0.0005621779636577617
input,0,93,,5.987611418590984,6.0,-0.012388581409015664,0.499797480357426,0.5,-0.00020251964257400612,0.23127195634299033,0.233,-0.0017280436570096813
input,0,94,,5.987157004418106,6.0,-0.012842995581894279,0.4996470412914352,0.5,-0.00035295870856477674,0.5686098148651798,0.565,0.003609814865179861
input,0,95,,7.982664649915037,8.0,-0.017335350084962897,0.49968890482068407,0.5,-0.00031109517931593444,-0.6688297928734422,-0.669,0.00017020712655779757
input,0,96,,6.016687614076209,6.0,0.016687614076208668,0.5005582552937038,0.5,0.000558255293703791,-0.13232301404944263,-0.133,0.0006769859505573739
input,0,97,,5.99165521658943,6.0,-0.008344783410570322,0.4996539651824951,0.5,-0.0003460348175048922,-0.17549618293845598,-0.175,-0.0004961829384559913
input,0,98,,5.99566876548026,6.0,-0.004331234519740157,0.49993104306096775,0.5,-6.895693903224975e-05,-0.08235093272068116,-0.083,0.000649067279318849
input,0,99,,5.998824258739782,6.0,-0.0011757412602175776,0.5001479479541905,0.5,0.000147947954190486,0.013160366410934824,0.013,0.0001603664109348247
input,0,100,,6.998600958376667,7.0,-0.0013990416233333747,0.49998875001798854,0.5,-1.12499820114631e-05,-0.3097756730420133,-0.31,0.0002243269579866869
input,0,101,,5.9939094928642485,6.0,-0.006090507135751544,0.49977789521852073,0.5,-0.00022210478147927093,0.19545849552938843,0.195,0.0004584955293884252
input,0,102,,6.006959010842791,6.0,0.006959010842790825,0.5000921940967682,0.5,9.219409676819446e-05,-0.2292140955772654,-0.23,0.0007859044227346013
input,0,103,,6.0029582849401955,6.0,0.0029582849401954547,0.4999279091468931,0.5,-7.209085310688756e-05,-0.2699583497141641,-0.268,-0.001958349714164087
input,0,104,,6.008732931587156,6.0,0.008732931587156045,0.5002720218764631,0.5,0.00027202187646313547,-0.2155867758405309,-0.213,-0.0025867758405309083
input,0,105,,5.994818875267254,6.0,-0.005181124732746234,0.4999902353609677,0.5,-9.764639032294742e-06,-0.18726104671646895,-0.19,0.002738953283531048
input,0,106,,6.996902709740327,7.0,-0.003097290259672647,0.4999562448949685,0.5,-4.3755105031517694e-05,-0.5868814582740567,-0.585,-0.0018814582740567243
input,0,107,,6.001151570068467,6.0,0.0011515700684672225,0.4998261350518066,0.5,-0.00017386494819338072,0.24477929715895055,0.244,0.0007792971589505593
input,0,108,,5.9877796027558725,6.0,-0.01222039724412749,0.49948891060536216,0.5,-0.0005110893946378425,0.5621034347210113,0.561,0.001103434721011265
input,0,109,,8.026006173649842,8.0,0.026006173649841813,0.5004527419164941,0.5,0.0004527419164941371,-0.6659740163186895,-0.664,-0.001974016318689431
input,0,110,,6.0032856034098705,6.0,0.0032856034098704967,0.5001470224785174,0.5,0.00014702247851738903,-0.23670733946864633,-0.238,0.0012926605313536566
input,0,111,,5.995182590720808,6.0,-0.004817409279191942,0.4999338972735488,0.5,-6.610272645118931e-05,0.6724271662821245,0.673,-0.0005728337178755316
input,0,112,,8.01257607931241,8.0,0.012576079312410116,0.5002832714417402,0.5,0.00028327144174022933,-0.6603168428861418,-0.659,-0.0013168428861417558
input,0,113,,7.005289102873844,7.0,0.005289102873843987,0.5003244780966568,0.5,0.0003244780966568106,-0.8713281920745638,-0.872,0.0006718079254361964
input,0,114,,7.018361947616095,7.0,0.018361947616095442,0.5003202468801694,0.5,0.00032024688016940583,-0.585391336359243,-0.584,-0.001391336359243045
input,0,115,,5.997702968099279,6.0,-0.002297031900720725,0.500276318706987,0.5,0.0002763187069869666,0.23405813957519325,0.234,5.813957519323898e-05
input,0,116,,6.008859269426201,6.0,0.008859269426200633,0.5005560954769868,0.5,0.0005560954769867621,0.5631357243042237,0.562,0.0011357243042235954
input,0,117,,7.990399409102295,8.0,-0.00960059089770482,0.4997750566343447,0.5,-0.0002249433656553168,-0.6669479651762676,-0.666,-0.0009479651762676067
input,0,118,,6.006474864914098,6.0,0.006474864914098433,0.5001507034431996,0.5,0.00015070344319956241,-0.21310030125783064,-0.212,-0.0011003012578306437
input,0,119,,5.985342028802339,6.0,-0.014657971197660657,0.49979338260875106,0.5,-0.00020661739124894218,-0.189334088972905,-0.191,0.0016659110270950128
input,0,120,,5.992536925420769,6.0,-0.0074630745792312325,0.4999828671638924,0.5,-1.7132836107602856e-05,0.6695607761062133,0.667,0.0025607761062133028
input,0,121,,8.011724289083714,8.0,0.011724289083714368,0.500279614482671,0.5,0.00027961448267099787,-0.6557577761353443,-0.653,-0.0027577761353442254
input,0,122,,7.0083935225765615,7.0,0.008393522576561452,0.50029501545608,0.5,0.00029501545608001667,-0.8784908992914885,-0.877,-0.00149089929148849
input,0,123,,6.994796565650508,7.0,-0.00520343434949222,0.4999161755606159,0.5,-8.382443938409478e-05,-0.556967454355708,-0.558,0.0010325456442920045
input,0,124,,6.012145900500173,6.0,0.01214590050017339,0.500563461393646,0.5,0.0005634613936460475,0.18545663937598164,0.186,-0.0005433606240183575
input,0,125,,6.006009306348538,6.0,0.006009306348538246,0.5001612798909693,0.5,0.000161279890969257,0.5727378641798815,0.574,-0.0012621358201184707
input,0,126,,8.01535561677531,8.0,0.0153556167753095,0.5003797870855691,0.5,0.00037978708556907215,-0.6937017038183085,-0.694,0.00029829618169141536
input,0,127,,6.02158062521072,6.0,0.021580625210719795,0.5005386851526588,0.5,0.0005386851526587577,0.09465987699390488,0.096,-0.001340123006095123
input,0,128,,16.000841130000374,16.0,0.0008411300003743349,0.5000395722785315,0.5,3.957227853146339e-05,-0.2845544655160343,-0.285,0.0004455344839656705
input,0,129,,7.021818306581173,7.0,0.021818306581172564,0.5004449679874916,0.5,0.0004449679874916068,-0.5929536579349612,-0.592,-0.0009536579349612717
input,0,130,,6.0136786559737,6.0,0.013678655973699883,0.49997283296808687,0.5,-2.716703191313341e-05,0.26601658719289695,0.267,-0.0009834128071030679
input,0,131,,6.007059923583085,6.0,0.007059923583084604,0.5005033212731917,0.5,0.000503321273191748,0.5640561752339593,0.56,0.004056175233959292
input,0,132,,7.989775488327587,8.0,-0.010224511672412895,0.4997781220778381,0.5,-0.00022187792216188384,-0.6735850027838471,-0.673,-0.0005850027838470995
input,0,133,,6.039647580518551,6.0,0.039647580518550996,0.5013695365364638,0.5,0.0013695365364637668,-0.3934808801295947,-0.392,-0.001480880129594686
input,0,134,,7.009234308248329,7.0,0.00923430824832927,0.5000702272942616,0.5,7.022729426164886e-05,-0.5919306585223159,-0.588,-0.0039306585223158885
input,0,135,,5.995463935285158,6.0,-0.004536064714842247,0.4997528764546744,0.5,-0.00024712354532557823,0.21588555102449927,0.215,0.0008855510244992759
input,0,136,,5.974009600878714,6.0,-0.025990399121286423,0.49953835778550376,0.5,-0.00046164221449623843,0.5628948161743214,0.56,0.002894816174321302
input,0,137,,8.020071303376612,8.0,0.020071303376612448,0.5004341996811257,0.5,0.00043419968112567986,-0.6632512796549929,-0.661,-0.0022512796549928327
input,0,138,,5.9995031628673265,6.0,-0.0004968371326734555,0.49991645963268155,0.5,-8.35403673184465e-05,-0.006071670723896377,-0.005,-0.0010716707238963771
input,0,139,,6.006773927601951,6.0,0.006773927601950724,0.5003032845595919,0.5,0.0003032845595919431,-0.36276686667216457,-0.362,-0.0007668666721645789
input,0,140,,5.995603788821276,6.0,-0.00439621117872413,0.4999557674231818,0.5,-4.423257681818171e-05,-0.3588981658763321,-0.36,0.0011018341236678775
input,0,141,,7.018267155466487,7.0,0.018267155466486606,0.5006006345018823,0.5,0.0006006345018823023,-0.5901912016470983,-0.59,-0.00019120164709829357
input,0,142,,5.989744040429235,6.0,-0.010255959570764972,0.49972224931232573,0.5,-0.0002777506876742719,0.21372228242146704,0.214,-0.0002777175785329544
input,0,143,,5.987034661687987,6.0,-0.012965338312013408,0.49979025852048975,0.5,-0.00020974147951025035,0.5637504305240779,0.56,0.0037504305240778635
input,0,144,,8.00679811598296,8.0,0.006798115982959985,0.4999984048882256,0.5,-1.5951117743884247e-06,-0.6589534808417938,-0.657,-0.0019534808417938088
input,0,145,,5.994646822013253,6.0,-0.005353177986746616,0.5000839955179867,0.5,8.399551798665694e-05,-0.03161364942264365,-0.032,0.0003863505773563508
input,0,146,,5.999125534620339,6.0,-0.0008744653796606272,0.5002953441173635,0.5,0.0002953441173635385,-0.1532550890819591,-0.154,0.0007449109180409086
input,0,147,,6.005720035839196,6.0,0.005720035839195781,0.5001791244759154,0.5,0.00017912447591539316,-0.3609515424355193,-0.36,-0.0009515424355193147
input,0,148,,5.999343481540912,6.0,-0.0006565184590883177,0.5000287688445499,0.5,2.876884454994233e-05,-0.33221808575123835,-0.332,-0.0002180857512383283
input,0,149,,7.007436276935815,7.0,0.007436276935814945,0.5001929367075135,0.5,0.00019293670751352465,-0.595277111986029,-0.593,-0.002277111986028979
input,0,150,,5.995545551066321,6.0,-0.004454448933678634,0.5005229245113534,0.5,0.0005229245113533842,0.24324610657661738,0.242,0.0012461065766173895
input,0,151,,5.997629376274536,6.0,-0.0023706237254641493,0.5001676031077169,0.5,0.00016760310771690712,0.5604917040360347,0.557,0.003491704036034604
input,0,152,,8.00807122427154,8.0,0.008071224271539279,0.5000678395915986,0.5,6.783959159861741e-05,-0.6657517797554254,-0.663,-0.0027517797554253987
input,0,153,,5.987384628071109,6.0,-0.012615371928890617,0.5000367754446622,0.5,3.677544466218485e-05,-0.23411183836898627,-0.235,0.0008881616310137119
input,0,154,,6.000589417801724,6.0,0.0005894178017236129,0.5000334472574827,0.5,3.344725748266608e-05,0.0469792350400737,0.049,-0.0020207649599262995
input,0,155,,5.987655809001788,6.0,-0.012344190998211602,0.4997822289917955,0.5,-0.00021777100820452588,-0.3565602194241545,-0.359,0.002439780575845485
input,0,156,,6.000358035257345,6.0,0.00035803525734490194,0.5000979267123963,0.5,9.792671239627904e-05,-0.36058366890333493,-0.361,0.00041633109666505685
input,0,157,,6.996201058273997,7.0,-0.0037989417260027025,0.4994835375664686,0.5,-0.0005164624335313728,-0.5699829482830145,-0.566,-0.003982948283014598
input,0,158,,5.982373357474586,6.0,-0.017626642525414127,0.4994827772903634,0.5,-0.0005172227096366111,0.11060695156319074,0.108,0.0026069515631907403
input,0,159,,5.998341404939745,6.0,-0.0016585950602552302,0.5001718585302487,0.5,0.000171858530248703,0.5847055253695432,0.581,0.003705525369543272
input,0,160,,8.011051800146623,8.0,0.011051800146622881,0.5001994088739062,0.5,0.00019940887390623718,-0.6714351743384452,-0.668,-0.0034351743384452016
input,0,161,,6.990497932286499,7.0,-0.009502067713500928,0.49958218910051355,0.5,-0.00041781089948644823,-0.31128901902298384,-0.31,-0.0012890190229838394
input,0,162,,5.980240302018955,6.0,-0.019759697981045043,0.4995170826585381,0.5,-0.0004829173414618859,0.1699827601219988,0.17,-1.7239878001201747e-05
input,0,163,,5.99448381366889,6.0,-0.005516186331109729,0.5000673143776792,0.5,6.731437767915072e-05,0.5715716049232501,0.567,0.00457160492325015
input,0,164,,8.005472648786034,8.0,0.005472648786033929,0.4999679521651073,0.5,-3.204783489269003e-05,-0.6731298960660419,-0.67,-0.0031298960660418595
input,0,165,,6.005230090789933,6.0,0.005230090789932973,0.5002456488400392,0.5,0.0002456488400391921,-0.19649378087847844,-0.196,-0.0004937808784784281
input,0,166,,5.991614479422774,6.0,-0.008385520577226302,0.49987511183474576,0.5,-0.0001248881652542444,-0.16289469341069662,-0.165,0.002105306589303385
input,0,167,,6.014099216907237,6.0,0.014099216907236922,0.5004124464480426,0.5,0.00041244644804261377,0.019066763165324574,0.021,-0.0019332368346754274
input,0,168,,7.995048779932747,8.0,-0.004951220067252571,0.4999260692129296,0.5,-7.393078707040868e-05,-0.0011484778476256571,0.0,-0.0011484778476256571
A,0,1,True,7.02193029266171,7.0,0.021930292661710205,0.5006700895866601,0.5,0.0006700895866601497,-0.5924569879603302,-0.592,-0.00045698796033022404
A,0,2,True,5.994490391825485,6.0,-0.005509608174515179,0.49973866680794166,0.5,-0.00026133319205834393,0.2428943119657146,0.244,-0.0011056880342854014
A,0,3,True,6.033325537473295,6.0,0.03332553747329481,0.5010547590387352,0.5,0.001054759038735198,0.5587366589625915,0.559,-0.00026334103740854875
A,0,4,True,7.993086588194563,8.0,-0.006913411805436809,0.4998623423840209,0.5,-0.0001376576159791143,-0.6648616375052454,-0.665,0.00013836249475462914
A,0,5,True,6.012757989901904,6.0,0.012757989901904132,0.5004618081522624,0.5,0.00046180815226237737,-0.27358337778793496,-0.274,0.00041662221206506533
A,0,6,True,6.009566610389118,6.0,0.009566610389118324,0.5002793496992273,0.5,0.0002793496992272715,0.07232023815083369,0.073,-0.0006797618491663077
A,0,7,True,16.006891205905657,16.0,0.006891205905656506,0.5000584211641425,0.5,5.8421164142452575e-05,-0.1415843941598694,-0.141,-0.0005843941598694113
A,0,8,True,6.002933240302075,6.0,0.0029332403020747577,0.5001007016307941,0.5,0.00010070163079411998,-0.06986845215283582,-0.07,0.00013154784716418177
A,0,9,True,7.012073723015502,7.0,0.012073723015501692,0.5004557912719491,0.5,0.00045579127194905755,-0.5899938330522282,-0.589,-0.0009938330522282213
A,0,10,True,5.992256294211545,6.0,-0.007743705788454847,0.49971507655631664,0.5,-0.0002849234436833603,0.2353214012672383,0.235,0.00032140126723831375
A,0,11,True,6.0056418557691975,6.0,0.005641855769197512,0.5001919524017013,0.5,0.0001919524017013341,0.5588775065744014,0.559,-0.00012249342559866871
A,0,12,True,8.002442900536362,8.0,0.0024429005363622025,0.5000695910924838,0.5,6.959109248383388e-05,-0.6560760270510043,-0.656,-7.602705100429041e-05
A,0,13,True,5.991874166444722,6.0,-0.00812583355527785,0.49973767969807315,0.5,-0.00026232030192685496,-0.1550991924589728,-0.156,0.0009008075410271987
A,0,14,True,6.009049781278308,6.0,0.009049781278307911,0.5003433251834623,0.5,0.0003433251834622508,0.00651381950329384,0.007,-0.00048618049670615983
A,0,15,True,6.006617851685251,6.0,0.006617851685250642,0.5002282548410959,0.5,0.00022825484109589844,-0.20423401727934534,-0.204,-0.00023401727934535543
A,0,16,True,6.009782275740141,6.0,0.009782275740141344,0.5003124298826342,0.5,0.0003124298826342464,-0.20579750340080363,-0.205,-0.0007975034008036452
A,0,17,True,6.0038716011194015,6.0,0.0038716011194015465,0.5001161001708639,0.5,0.00011610017086394198,-0.17730038259372746,-0.177,-0.0003003825937274718
A,0,18,True,6.001415922016553,6.0,0.0014159220165526065,0.5000337406215977,0.5,3.3740621597666554e-05,-0.1788758588583906,-0.179,0.00012414114160938516
A,0,19,True,6.0043135364794615,6.0,0.004313536479461533,0.5001486479475465,0.5,0.00014864794754654298,-0.18204064275542264,-0.182,-4.06427554226485e-05
A,0,20,True,7.013591686178411,7.0,0.013591686178410889,0.5004411766584764,0.5,0.0004411766584764276,-0.590783187356487,-0.59,-0.0007831873564870806
A,0,21,True,6.009423297003109,6.0,0.009423297003109177,0.5002906388560376,0.5,0.0002906388560376394,0.2395306337932812,0.24,-0.0004693662067187798
A,0,22,True,5.9964517683998,6.0,-0.0035482316001997916,0.49987146340634914,0.5,-0.00012853659365086312,0.5576170787815402,0.558,-0.00038292121845984184
A,0,23,True,7.990360496318984,8.0,-0.00963950368101596,0.4997648204881326,0.5,-0.0002351795118674116,-0.6569167364181796,-0.658,0.0010832635818204261
A,0,24,True,5.993181295560526,6.0,-0.006818704439473855,0.4997446284199284,0.5,-0.0002553715800716061,-0.2146833438450447,-0.215,0.0003166561549552971
A,0,25,True,5.9978195703002894,6.0,-0.002180429699710551,0.4999592661253823,0.5,-4.0733874617726595e-05,-0.18977427704788002,-0.19,0.00022572295211997773
A,0,26,True,6.000695172972666,6.0,0.0006951729726658584,0.5000659013079534,0.5,6.590130795336435e-05,0.1161977981427229,0.116,0.0001977981427228881
A,0,27,True,6.992291707383916,7.0,-0.0077082926160843,0.4997391052449655,0.5,-0.0002608947550344909,-0.6041686387464126,-0.604,-0.00016863874641259713
A,0,28,True,5.998009525944812,6.0,-0.0019904740551881517,0.49995962767229685,0.5,-4.037232770315313e-05,0.9019615605137044,0.901,0.0009615605137043293
A,0,29,True,6.999381337380919,7.0,-0.0006186626190807232,0.49997316485383286,0.5,-2.683514616713678e-05,-0.9084111051667281,-0.908,-0.000411105166728043
A,0,30,True,6.997317327509916,7.0,-0.002682672490084137,0.4999150005696409,0.5,-8.499943035911173e-05,-0.9061797929506811,-0.906,-0.00017979295068104584
A,0,31,True,7.007397765519507,7.0,0.007397765519507438,0.5002289555520358,0.5,0.00022895555203583662,-0.5836986156490128,-0.584,0.0003013843509871439
A,0,32,True,5.980207875714665,6.0,-0.019792124285334722,0.4992870702126263,0.5,-0.0007129297873736951,0.23441942393070878,0.235,-0.000580576069291211
A,0,33,True,6.014492655226107,6.0,0.014492655226106876,0.500516819374485,0.5,0.0005168193744850003,0.5637768663572347,0.563,0.000776866357234729
A,0,34,True,7.997475688476041,8.0,-0.002524311523958822,0.499969605138637,0.5,-3.0394861363025605e-05,-0.663457109773794,-0.663,-0.00045710977379398443
A,0,35,True,5.999123179474458,6.0,-0.0008768205255416106,0.49998962742125325,0.5,-1.0372578746753458e-05,-0.1524796241072508,-0.153,0.0005203758927491975
A,0,36,True,6.000808137947693,6.0,0.0008081379476934103,0.500069499101267,0.5,6.949910126696768e-05,0.02232891341251214,0.022,0.0003289134125121426
A,0,37,True,7.000232255162825,7.0,0.0002322551628246572,0.5000251127893708,0.5,2.511278937078476e-05,-0.29601071584120436,-0.296,-1.0715841204378407e-05
A,0,38,True,5.999908366177363,6.0,-9.1633822637327e-05,0.499955171585956,0.5,-4.482841404401805e-05,-0.18261092712628985,-0.182,-0.0006109271262898508
A,0,39,True,6.0038972644934105,6.0,0.003897264493410546,0.5001115376491027,0.5,0.0001115376491026554,-0.012495081169256895,-0.012,-0.0004950811692568946
A,0,40,True,6.999796255862104,7.0,-0.00020374413789614465,0.500005594413528,0.5,5.594413527987285e-06,-0.22449105686607773,-0.225,0.0005089431339222739
A,0,41,True,6.999581555701677,7.0,-0.0004184442983232728,0.4999813251024,0.5,-1.8674897599990636e-05,-0.5681617988622613,-0.568,-0.00016179886226130868
A,0,42,True,5.985736502873951,6.0,-0.014263497126049351,0.4994900919527605,0.5,-0.0005099080472394935,0.24572848351430576,0.246,-0.00027151648569423426
A,0,43,True,6.025390481560446,6.0,0.025390481560446432,0.5007992968849472,0.5,0.000799296884947176,0.570186704517897,0.57,0.00018670451789704057
A,0,44,True,7.9873506689779825,8.0,-0.012649331022017485,0.4997397982690011,0.5,-0.000260201730998888,-0.672244250763074,-0.673,0.0007557492369260066
A,0,45,True,6.014616785832897,6.0,0.014616785832896717,0.5005321311504219,0.5,0.0005321311504219439,-0.2759606807136097,-0.276,3.931928639033799e-05
A,0,46,True,5.998878012946874,6.0,-0.001121987053125828,0.4999689991382605,0.5,-3.100086173951633e-05,0.7033750570430803,0.704,-0.0006249429569196163
A,0,47,True,8.003695326226318,8.0,0.003695326226317519,0.5001024221917544,0.5,0.00010242219175438105,-0.7707682929190193,-0.771,0.00023170708098074755
A,0,48,True,8.00495471524051,8.0,0.004954715240510055,0.5001078722184451,0.5,0.0001078722184451042,-0.7611008900538244,-0.761,-0.00010089005382440952
A,0,49,True,7.015097765301971,7.0,0.015097765301971044,0.5005167940572542,0.5,0.000516794057254244,-0.5765968995565613,-0.575,-0.001596899556561393
A,0,50,True,6.037171733026023,6.0,0.037171733026022835,0.501152667373224,0.5,0.0011526673732239479,0.23280612477471996,0.234,-0.0011938752252800555
A,0,51,True,6.022312216259639,6.0,0.022312216259638973,0.5006394809740775,0.5,0.0006394809740775109,0.565985000930449,0.568,-0.002014999069550938
A,0,52,True,7.999965806783079,8.0,-3.419321692099686e-05,0.4999848502251321,0.5,-1.5149774867884158e-05,-0.6803467091275852,-0.681,0.0006532908724148356
A,0,53,True,5.9908253853421165,6.0,-0.009174614657883495,0.4996364390177179,0.5,-0.000363560982282074,-0.20654115096403816,-0.207,0.000458849035961828
A,0,54,True,6.009306505963691,6.0,0.00930650596369098,0.500381487102936,0.5,0.00038148710293595123,-0.22230830793380885,-0.223,0.0006916920661911574
A,0,55,True,6.0040933582405,6.0,0.004093358240499612,0.5001400703077873,0.5,0.0001400703077872878,0.6917438355671861,0.693,-0.0012561644328138444
A,0,56,True,8.014834410026921,8.0,0.014834410026921319,0.5003822043437851,0.5,0.0003822043437851086,-0.772442982123649,-0.772,-0.0004429821236490161
A,0,57,True,8.010598324112351,8.0,0.010598324112351065,0.5002513631826374,0.5,0.00025136318263740964,-0.7642439255445154,-0.764,-0.00024392554451535542
A,0,58,True,7.017639847618862,7.0,0.01763984761886217,0.5005724111359536,0.5,0.0005724111359536321,-0.5851751498196097,-0.585,-0.0001751498196097545
A,0,59,True,5.982648339646575,6.0,-0.017351660353424947,0.4994286333869888,0.5,-0.0005713666130112149,0.23815897614775008,0.238,0.00015897614775009505
A,0,60,True,6.005382505375638,6.0,0.005382505375638225,0.5001836481351839,0.5,0.00018364813518390033,0.5621609739923178,0.561,0.0011609739923177376
A,0,61,True,7.993439154963957,8.0,-0.006560845036043261,0.4998217501414568,0.5,-0.0001782498585432002,-0.652052533351391,-0.652,-5.253335139099313e-05
A,0,62,True,5.996557583517679,6.0,-0.003442416482321242,0.49989019214203334,0.5,-0.00010980785796665948,-0.213700544369637,-0.214,0.00029945563036298806
A,0,63,True,6.0015125401826035,6.0,0.0015125401826034945,0.5000738362819821,0.5,7.383628198209813e-05,-0.16392978870548303,-0.164,7.021129451698083e-05
A,0,64,True,6.00152164701282,6.0,0.001521647012819649,0.5000308111552993,0.5,3.0811155299348414e-05,-0.19135946322485392,-0.191,-0.0003594632248539176
A,0,65,True,6.001658132947699,6.0,0.0016581329476990092,0.5000536439409234,0.5,5.364394092344238e-05,0.037011216814084924,0.037,1.1216814084925864e-05
A,0,66,True,6.997130059863859,7.0,-0.002869940136140947,0.49992418475301253,0.5,-7.581524698746511e-05,-0.39778093567374595,-0.398,0.00021906432625407035
A,0,67,True,7.00974599985051,7.0,0.009745999850509612,0.5002845824959202,0.5,0.000284582495920227,-0.5802449400738771,-0.579,-0.0012449400738770988
A,0,68,True,6.054474143327969,6.0,0.05447414332796896,0.5017682694716892,0.5,0.0017682694716891767,0.191377593157414,0.193,-0.0016224068425859939
A,0,69,True,6.005797006120281,6.0,0.005797006120280557,0.5000653747902271,0.5,6.537479022705739e-05,0.5651905812297547,0.567,-0.001809418770245208
A,0,70,True,7.993749094977481,8.0,-0.006250905022518793,0.4997947211807296,0.5,-0.0002052788192704047,-0.6695544855538469,-0.671,0.001445514446153151
A,0,71,True,6.01390528169691,6.0,0.013905281696909633,0.5003371803080172,0.5,0.0003371803080172153,0.07756698241007622,0.079,-0.0014330175899237851
A,0,72,True,7.99503560148483,8.0,-0.004964398515170387,0.49989910775253693,0.5,-0.00010089224746306913,-0.4877934654888232,-0.489,0.0012065345111768044
A,0,73,True,7.0185322564137005,7.0,0.018532256413700487,0.5006095677277261,0.5,0.0006095677277261347,-0.5727777711598738,-0.573,0.00022222884012612631
A,0,74,True,6.012703135714452,6.0,0.012703135714452252,0.5004078529717829,0.5,0.00040785297178291824,0.16821954102243228,0.169,-0.0007804589775677329
A,0,75,True,5.9939720757607615,6.0,-0.00602792423923848,0.4997422674384807,0.5,-0.00025773256151928603,0.5648457513899926,0.565,-0.0001542486100073459
A,0,76,True,7.995080690579017,8.0,-0.004919309420983176,0.49987009501611224,0.5,-0.00012990498388776306,-0.6582727814877233,-0.659,0.0007272185122767505
A,0,77,True,6.012765423011568,6.0,0.012765423011567911,0.5003422700937067,0.5,0.00034227009370668693,0.23104044395223147,0.232,-0.0009595560477685394
A,0,78,True,7.989874725064026,8.0,-0.010125274935973927,0.49968768839088484,0.5,-0.00031231160911515676,-0.4934369998035314,-0.494,0.0005630001964685993
A,0,79,True,6.0060508098074115,6.0,0.006050809807411461,0.5002401012531345,0.5,0.0002401012531344504,-0.4129460475604639,-0.413,5.395243953609796e-05
A,0,80,True,7.000312209427415,7.0,0.00031220942741505553,0.5000081954324955,0.5,8.19543249552801e-06,-0.5859293081544615,-0.586,7.069184553842867e-05
A,0,81,True,6.003386555862014,6.0,0.0033865558620140845,0.5001148412072084,0.5,0.00011484120720839375,0.23526539485436623,0.235,0.00026539485436624655
A,0,82,True,5.982825678605108,6.0,-0.017174321394891834,0.49946250291478883,0.5,-0.0005374970852111693,0.5603848342319664,0.561,-0.0006151657680336653
A,0,83,True,7.998596559071255,8.0,-0.0014034409287448923,0.499953973262127,0.5,-4.6026737873017254e-05,-0.6610770632508213,-0.662,0.0009229367491787599
A,0,84,True,5.98964618148645,6.0,-0.010353818513549662,0.49963102318200475,0.5,-0.00036897681799524795,-0.147763232938502,-0.148,0.00023676706149799998
A,0,85,True,6.005758260173207,6.0,0.005758260173206686,0.5002008852619608,0.5,0.0002008852619608259,-0.04378469481018592,-0.044,0.0002153051898140801
A,0,86,True,5.996218320713562,6.0,-0.0037816792864378,0.4998511183210808,0.5,-0.00014888167891918824,-0.18223137336001669,-0.182,-0.00023137336001669007
A,0,87,True,6.005586251357623,6.0,0.005586251357622807,0.5002098818076552,0.5,0.00020988180765524334,-0.18252802953510125,-0.182,-0.0005280295351012543
A,0,88,True,6.012761478338052,6.0,0.012761478338052079,0.5004543365886172,0.5,0.00045433658861715465,-0.33418211797400815,-0.334,-0.00018211797400813357
A,0,89,True,6.005710563491424,6.0,0.005710563491423848,0.5001861147605595,0.5,0.00018611476055951925,-0.3449671417697412,-0.345,3.2858230258780985e-05
A,0,90,True,6.005145824599383,6.0,0.005145824599383175,0.500159119675947,0.5,0.00015911967594695042,0.402359153574427,0.403,-0.0006408464255730495
A,0,91,True,8.007420169069876,8.0,0.007420169069876081,0.5001902823577349,0.5,0.00019028235773488333,-0.5682094421312331,-0.568,-0.0002094421312331951
A,0,92,True,7.016561139805916,7.0,0.01656113980591556,0.5005299540559908,0.5,0.0005299540559907667,-0.5889430186373646,-0.589,5.6981362635322164e-05
A,0,93,True,5.993975165750599,6.0,-0.006024834249401145,0.499797480357426,0.5,-0.00020251964257400612,0.2325271069104732,0.233,-0.00047289308952680464
A,0,94,True,5.990301857513928,6.0,-0.009698142486072037,0.4996470412914352,0.5,-0.00035295870856477674,0.5654248489451004,0.565,0.00042484894510042004
A,0,95,True,7.986492534247749,8.0,-0.013507465752250702,0.49968890482068407,0.5,-0.00031109517931593444,-0.6676905019248186,-0.669,0.0013094980751814367
A,0,96,True,6.016347684552873,6.0,0.01634768455287272,0.5005582552937038,0.5,0.000558255293703791,-0.1333461756955841,-0.133,-0.00034617569558409444
A,0,97,True,5.990697922417908,6.0,-0.009302077582091783,0.4996539651824951,0.5,-0.0003460348175048922,-0.17524911365959933,-0.175,-0.0002491136595993426
A,0,98,True,5.997913887200941,6.0,-0.0020861127990592365,0.49993104306096775,0.5,-6.895693903224975e-05,-0.08263940976050373,-0.083,0.0003605902394962779
A,0,99,True,6.0033949177137345,6.0,0.0033949177137344577,0.5001479479541905,0.5,0.000147947954190486,0.013835904759162791,0.013,0.0008359047591627918
A,0,100,True,6.998720237231636,7.0,-0.0012797627683642787,0.49998875001798854,0.5,-1.12499820114631e-05,-0.3098113191320144,-0.31,0.00018868086798562445
A,0,101,True,5.993094748170389,6.0,-0.006905251829611103,0.49977789521852073,0.5,-0.00022210478147927093,0.19472918900473263,0.195,-0.00027081099526737873
A,0,102,True,6.002339889049964,6.0,0.0023398890499644054,0.5000921940967682,0.5,9.219409676819446e-05,-0.23054107206018876,-0.23,-0.0005410720601887464
A,0,103,True,5.998596305097055,6.0,-0.0014036949029447854,0.4999279091468931,0.5,-7.209085310688756e-05,-0.26772941867503186,-0.268,0.00027058132496815546
A,0,104,True,6.008333499018382,6.0,0.008333499018381652,0.5002720218764631,0.5,0.00027202187646313547,-0.21346109059696092,-0.213,-0.00046109059696092247
A,0,105,True,6.000095709862799,6.0,9.570986279872074e-05,0.4999902353609677,0.5,-9.764639032294742e-06,-0.1900327951895197,-0.19,-3.279518951970761e-05
A,0,106,True,6.998594935829465,7.0,-0.0014050641705347644,0.4999562448949685,0.5,-4.3755105031517694e-05,-0.5853721427700544,-0.585,-0.0003721427700544844
A,0,107,True,5.99577758204129,6.0,-0.004222417958709812,0.4998261350518066,0.5,-0.00017386494819338072,0.24441335618481314,0.244,0.0004133561848131406
A,0,108,True,5.983433233577193,6.0,-0.016566766422807078,0.49948891060536216,0.5,-0.0005110893946378425,0.5609850573172288,0.561,-1.4942682771246218e-05
A,0,109,True,8.01601964821845,8.0,0.01601964821844959,0.5004527419164941,0.5,0.0004527419164941371,-0.6641864483979779,-0.664,-0.0001864483979778786
A,0,110,True,6.004428617157386,6.0,0.004428617157386405,0.5001470224785174,0.5,0.00014702247851738903,-0.2377597313637148,-0.238,0.00024026863628517914
A,0,111,True,5.998421219997216,6.0,-0.0015787800027844412,0.4999338972735488,0.5,-6.610272645118931e-05,0.672069254921365,0.673,-0.000930745078634998
A,0,112,True,8.010624195084588,8.0,0.01062419508458845,0.5002832714417402,0.5,0.00028327144174022933,-0.658981159995787,-0.659,1.8840004213038775e-05
A,0,113,True,7.010873620819974,7.0,0.010873620819974228,0.5003244780966568,0.5,0.0003244780966568106,-0.8722832148565131,-0.872,-0.0002832148565130588
A,0,114,True,7.012570589079807,7.0,0.012570589079807348,0.5003202468801694,0.5,0.00032024688016940583,-0.5841893026719946,-0.584,-0.00018930267199468442
A,0,115,True,6.009077872745364,6.0,0.009077872745364424,0.500276318706987,0.5,0.0002763187069869666,0.2328120373474887,0.234,-0.0011879626525113096
A,0,116,True,6.018510959734724,6.0,0.01851095973472372,0.5005560954769868,0.5,0.0005560954769867621,0.5624260908186856,0.562,0.00042609081868549836
A,0,117,True,7.990804823833161,8.0,-0.009195176166839403,0.4997750566343447,0.5,-0.0002249433656553168,-0.6657621010467167,-0.666,0.0002378989532832998
A,0,118,True,6.005583119994229,6.0,0.005583119994229335,0.5001507034431996,0.5,0.00015070344319956241,-0.21236833019659826,-0.212,-0.0003683301965982655
A,0,119,True,5.993932669594008,6.0,-0.006067330405992166,0.49979338260875106,0.5,-0.00020661739124894218,-0.19013991805585212,-0.191,0.0008600819441478835
A,0,120,True,5.997964304879433,6.0,-0.002035695120566672,0.4999828671638924,0.5,-1.7132836107602856e-05,0.6669491321465352,0.667,-5.086785346486433e-05
A,0,121,True,8.010414284384835,8.0,0.010414284384834716,0.500279614482671,0.5,0.00027961448267099787,-0.6534867384968912,-0.653,-0.0004867384968911814
A,0,122,True,7.009524169566849,7.0,0.009524169566849316,0.50029501545608,0.5,0.00029501545608001667,-0.8776065088291148,-0.877,-0.0006065088291148379
A,0,123,True,6.998479015476459,7.0,-0.0015209845235411024,0.4999161755606159,0.5,-8.382443938409478e-05,-0.558551856370966,-0.558,-0.0005518563709659974
A,0,124,True,6.019060252365081,6.0,0.019060252365081354,0.500563461393646,0.5,0.0005634613936460475,0.1855093074844497,0.186,-0.0004906925155503117
A,0,125,True,6.004219686873085,6.0,0.004219686873084605,0.5001612798909693,0.5,0.000161279890969257,0.5732659412210436,0.574,-0.0007340587789563813
A,0,126,True,8.013299839466416,8.0,0.01329983946641633,0.5003797870855691,0.5,0.00037978708556907215,-0.6942216073247929,-0.694,-0.00022160732479292733
A,0,127,True,6.017670662481382,6.0,0.017670662481381605,0.5005386851526588,0.5,0.0005386851526587577,0.09526032568405285,0.096,-0.000739674315947153
A,0,128,True,16.004567076959994,16.0,0.004567076959993699,0.5000395722785315,0.5,3.957227853146339e-05,-0.2852352279784416,-0.285,-0.00023522797844161003
A,0,129,True,7.015584836312222,7.0,0.01558483631222174,0.5004449679874916,0.5,0.0004449679874916068,-0.5918653817891667,-0.592,0.00013461821083327052
A,0,130,True,6.002012278428785,6.0,0.0020122784287845974,0.49997283296808687,0.5,-2.716703191313341e-05,0.26619434389445207,0.267,-0.0008056561055479472
A,0,131,True,6.01758149478866,6.0,0.01758149478865967,0.5005033212731917,0.5,0.000503321273191748,0.5597837169815522,0.56,-0.00021628301844789366
A,0,132,True,7.988822211691397,8.0,-0.011177788308603276,0.4997781220778381,0.5,-0.00022187792216188384,-0.6722278518177439,-0.673,0.0007721481822561271
A,0,133,True,6.041257616653439,6.0,0.0412576166534393,0.5013695365364638,0.5,0.0013695365364637668,-0.3941717336579367,-0.392,-0.0021717336579366586
A,0,134,True,6.999923900531352,7.0,-7.609946864839401e-05,0.5000702272942616,0.5,7.022729426164886e-05,-0.5882669822287198,-0.588,-0.00026698222871979205
A,0,135,True,5.993769821625879,6.0,-0.006230178374121209,0.4997528764546744,0.5,-0.00024712354532557823,0.215619205282695,0.215,0.0006192052826949901
A,0,136,True,5.984381889506265,6.0,-0.01561811049373496,0.49953835778550376,0.5,-0.00046164221449623843,0.5591937758145826,0.56,-0.0008062241854174257
A,0,137,True,8.015883330398717,8.0,0.01588333039871692,0.5004341996811257,0.5,0.00043419968112567986,-0.6609900782132644,-0.661,9.921786735644922e-06
A,0,138,True,5.995782757949208,6.0,-0.004217242050792436,0.49991645963268155,0.5,-8.35403673184465e-05,-0.0040919983433191955,-0.005,0.0009080016566808046
A,0,139,True,6.008005914747318,6.0,0.00800591474731771,0.5003032845595919,0.5,0.0003032845595919431,-0.36269941398886474,-0.362,-0.0006994139888647499
A,0,140,True,5.999804040198121,6.0,-0.00019595980187858686,0.4999557674231818,0.5,-4.423257681818171e-05,-0.3605089684423325,-0.36,-0.0005089684423325025
A,0,141,True,7.0177644022950965,7.0,0.01776440229509646,0.5006006345018823,0.5,0.0006006345018823023,-0.5897887823660514,-0.59,0.0002112176339486016
A,0,142,True,5.992150596650438,6.0,-0.007849403349561968,0.49972224931232573,0.5,-0.0002777506876742719,0.2138326379617697,0.214,-0.00016736203823028428
A,0,143,True,5.993650994900983,6.0,-0.0063490050990173685,0.49979025852048975,0.5,-0.00020974147951025035,0.5605238553552562,0.56,0.0005238553552561198
A,0,144,True,7.999381015774776,8.0,-0.0006189842252242173,0.4999984048882256,0.5,-1.5951117743884247e-06,-0.6567472253464849,-0.657,0.00025277465351514206
A,0,145,True,6.003431918722578,6.0,0.0034319187225779757,0.5000839955179867,0.5,8.399551798665694e-05,-0.0321168459492496,-0.032,-0.0001168459492495999
A,0,146,True,6.009566591345928,6.0,0.009566591345928188,0.5002953441173635,0.5,0.0002953441173635385,-0.15463332093336024,-0.154,-0.000633320933360243
A,0,147,True,6.004719822727629,6.0,0.004719822727628831,0.5001791244759154,0.5,0.00017912447591539316,-0.36009627409562284,-0.36,-9.627409562285028e-05
A,0,148,True,6.001026604235365,6.0,0.0010266042353652693,0.5000287688445499,0.5,2.876884454994233e-05,-0.3319335052943246,-0.332,6.649470567543503e-05
A,0,149,True,7.00689986117281,7.0,0.006899861172810162,0.5001929367075135,0.5,0.00019293670751352465,-0.593484377407865,-0.593,-0.00048437740786499983
A,0,150,True,6.016600658436269,6.0,0.016600658436268567,0.5005229245113534,0.5,0.0005229245113533842,0.2409965869384723,0.242,-0.0010034130615276804
A,0,151,True,6.006457687295319,6.0,0.006457687295318593,0.5001676031077169,0.5,0.00016760310771690712,0.556952037168388,0.557,-4.796283161201398e-05
A,0,152,True,8.001748534229462,8.0,0.0017485342294616402,0.5000678395915986,0.5,6.783959159861741e-05,-0.6632107450959778,-0.663,-0.00021074509597773794
A,0,153,True,6.002089683680749,6.0,0.0020896836807491326,0.5000367754446622,0.5,3.677544466218485e-05,-0.23520013103172877,-0.235,-0.00020013103172877855
A,0,154,True,6.000025794520453,6.0,2.5794520452926406e-05,0.5000334472574827,0.5,3.344725748266608e-05,0.0495034491559503,0.049,0.0005034491559502974
A,0,155,True,5.993486325309669,6.0,-0.00651367469033115,0.4997822289917955,0.5,-0.00021777100820452588,-0.35879018348940533,-0.359,0.00020981651059465145
A,0,156,True,6.002579367423088,6.0,0.0025793674230882857,0.5000979267123963,0.5,9.792671239627904e-05,-0.3613628237606893,-0.361,-0.00036282376068930144
A,0,157,True,6.984956323583507,7.0,-0.015043676416492957,0.4994835375664686,0.5,-0.0005164624335313728,-0.5652305983830115,-0.566,0.0007694016169884632
A,0,158,True,5.984894105878411,6.0,-0.015105894121589358,0.4994827772903634,0.5,-0.0005172227096366111,0.10838725428552659,0.108,0.000387254285526592
A,0,159,True,6.004550658547165,6.0,0.004550658547165298,0.5001718585302487,0.5,0.000171858530248703,0.5816977869805805,0.581,0.0006977869805805392
A,0,160,True,8.007331277111259,8.0,0.007331277111259027,0.5001994088739062,0.5,0.00019940887390623718,-0.6691131869797037,-0.668,-0.0011131869797036398
A,0,161,True,6.987435202886739,7.0,-0.012564797113260973,0.49958218910051355,0.5,-0.00041781089948644823,-0.31014627230784386,-0.31,-0.00014627230784386436
A,0,162,True,5.9852410562757745,6.0,-0.014758943724225482,0.4995170826585381,0.5,-0.0004829173414618859,0.17067854710009228,0.17,0.0006785471000922694
A,0,163,True,6.000467172285088,6.0,0.00046717228508796893,0.5000673143776792,0.5,6.731437767915072e-05,0.5677241770042012,0.567,0.000724177004201243
A,0,164,True,7.997725918074536,8.0,-0.0022740819254636335,0.4999679521651073,0.5,-3.204783489269003e-05,-0.6701785819996503,-0.67,-0.00017858199965026245
A,0,165,True,6.006090836250491,6.0,0.006090836250490561,0.5002456488400392,0.5,0.0002456488400391921,-0.1959891201542766,-0.196,1.0879845723399395e-05
A,0,166,True,5.997156659232892,6.0,-0.002843340767108238,0.49987511183474576,0.5,-0.0001248881652542444,-0.16539089484188177,-0.165,-0.0003908948418817615
A,0,167,True,6.011836432871396,6.0,0.01183643287139624,0.5004124464480426,0.5,0.00041244644804261377,0.020905880308274182,0.021,-9.411969172581913e-05
A,0,168,True,7.997063748310208,8.0,-0.0029362516897917246,0.4999260692129296,0.5,-7.393078707040868e-05,-0.00040989010300582847,0.0,-0.00040989010300582847
B,0,1,True,7.017109561083048,7.0,0.017109561083048064,0.5006700895866601,0.5,0.0006700895866601497,-0.5923492890857691,-0.592,-0.0003492890857691444
B,0,2,True,5.993194338280227,6.0,-0.006805661719773148,0.49973866680794166,0.5,-0.00026133319205834393,0.2434852799696648,0.244,-0.0005147200303352029
B,0,3,True,6.028338213984965,6.0,0.02833821398496461,0.5010547590387352,0.5,0.001054759038735198,0.5587499516897436,0.559,-0.00025004831025643437
B,0,4,True,7.993693342780646,8.0,-0.006306657219353973,0.4998623423840209,0.5,-0.0001376576159791143,-0.6649103154044514,-0.665,8.968459554858921e-05
B,0,5,True,6.011025971388933,6.0,0.01102597138893291,0.5004618081522624,0.5,0.00046180815226237737,-0.27404319508752156,-0.274,-4.319508752154144e-05
B,0,6,True,6.006514657271915,6.0,0.006514657271915247,0.5002793496992273,0.5,0.0002793496992272715,0.07269896381196432,0.073,-0.0003010361880356749
B,0,7,True,16.00416678578018,16.0,0.0041667857801783725,0.5000584211641425,0.5,5.8421164142452575e-05,-0.1411790781864208,-0.141,-0.0001790781864208224
B,0,8,True,6.002380126916716,6.0,0.0023801269167158523,0.5001007016307941,0.5,0.00010070163079411998,-0.07003645913112568,-0.07,-3.6459131125668454e-05
B,0,9,True,7.008585447642175,7.0,0.008585447642174948,0.5004557912719491,0.5,0.00045579127194905755,-0.5895384811746768,-0.589,-0.0005384811746768081
B,0,10,True,5.993737430792262,6.0,-0.006262569207738267,0.49971507655631664,0.5,-0.0002849234436833603,0.23519086758438118,0.235,0.00019086758438119356
B,0,11,True,6.004941285118029,6.0,0.0049412851180292705,0.5001919524017013,0.5,0.0001919524017013341,0.5588263227951019,0.559,-0.0001736772048981372
B,0,12,True,8.00173437738649,8.0,0.0017343773864908485,0.5000695910924838,0.5,6.959109248383388e-05,-0.6560124996681824,-0.656,-1.249966818239745e-05
B,0,13,True,5.994368237619033,6.0,-0.005631762380967409,0.49973767969807315,0.5,-0.00026232030192685496,-0.155581903279348,-0.156,0.0004180967206519892
B,0,14,True,6.007130172944947,6.0,0.007130172944947333,0.5003433251834623,0.5,0.0003433251834622508,0.006661285082093967,0.007,-0.0003387149179060328
B,0,15,True,6.004453087039168,6.0,0.004453087039167691,0.5002282548410959,0.5,0.00022825484109589844,-0.2040984851400604,-0.204,-9.848514006041698e-05
B,0,16,True,6.006736758113639,6.0,0.006736758113638608,0.5003124298826342,0.5,0.0003124298826342464,-0.2052892372392893,-0.205,-0.00028923723928930833
B,0,17,True,6.002486871933551,6.0,0.002486871933551349,0.5001161001708639,0.5,0.00011610017086394198,-0.17714409536794037,-0.177,-0.00014409536794038336
B,0,18,True,6.000663616215333,6.0,0.0006636162153332847,0.5000337406215977,0.5,3.3740621597666554e-05,-0.17901941320260986,-0.179,-1.941320260986923e-05
B,0,19,True,6.00344731419477,6.0,0.003447314194770179,0.5001486479475465,0.5,0.00014864794754654298,-0.18205537210561099,-0.182,-5.537210561099015e-05
B,0,20,True,7.010103110306953,7.0,0.010103110306952878,0.5004411766584764,0.5,0.0004411766584764276,-0.5904558860912466,-0.59,-0.0004558860912465823
B,0,21,True,6.007419497431472,6.0,0.007419497431471633,0.5002906388560376,0.5,0.0002906388560376394,0.2397079735009664,0.24,-0.000292026499033593
B,0,22,True,5.996117985490932,6.0,-0.003882014509067666,0.49987146340634914,0.5,-0.00012853659365086312,0.5579884391393566,0.558,-1.1560860643466953e-05
B,0,23,True,7.993741214436152,8.0,-0.006258785563847624,0.4997648204881326,0.5,-0.0002351795118674116,-0.6576039526225752,-0.658,0.0003960473774248241
B,0,24,True,5.994645657159378,6.0,-0.005354342840622195,0.4997446284199284,0.5,-0.0002553715800716061,-0.21480971520991965,-0.215,0.00019028479008034727
B,0,25,True,5.998905693288017,6.0,-0.001094306711983073,0.4999592661253823,0.5,-4.0733874617726595e-05,-0.1899119572651584,-0.19,8.804273484161462e-05
B,0,26,True,6.001324145421355,6.0,0.0013241454213552828,0.5000659013079534,0.5,6.590130795336435e-05,0.1160415787864147,0.116,4.15787864146977e-05
B,0,27,True,6.99392822499571,7.0,-0.00607177500428957,0.4997391052449655,0.5,-0.0002608947550344909,-0.6039467582272033,-0.604,5.324177279664166e-05
B,0,28,True,5.99948742872889,6.0,-0.0005125712711100405,0.49995962767229685,0.5,-4.037232770315313e-05,0.9012602239095586,0.901,0.000260223909558599
B,0,29,True,6.999136454109041,7.0,-0.0008635458909589389,0.49997316485383286,0.5,-2.683514616713678e-05,-0.9080756734810742,-0.908,-7.567348107417882e-05
B,0,30,True,6.997831966803486,7.0,-0.002168033196514152,0.4999150005696409,0.5,-8.499943035911173e-05,-0.9059881276871597,-0.906,1.1872312840277566e-05
B,0,31,True,7.006677262313636,7.0,0.006677262313636412,0.5002289555520358,0.5,0.00022895555203583662,-0.5839282444430457,-0.584,7.175555695426716e-05
B,0,32,True,5.982247874819554,6.0,-0.01775212518044622,0.4992870702126263,0.5,-0.0007129297873736951,0.23489560498184017,0.235,-0.00010439501815981411
B,0,33,True,6.013543795262749,6.0,0.013543795262749292,0.500516819374485,0.5,0.0005168193744850003,0.5631744293178707,0.563,0.0001744293178707057
B,0,34,True,7.9965102404532145,8.0,-0.0034897595467855425,0.499969605138637,0.5,-3.0394861363025605e-05,-0.6630281026676726,-0.663,-2.8102667672613713e-05
B,0,35,True,6.0007126569530005,6.0,0.00071265695300049,0.49998962742125325,0.5,-1.0372578746753458e-05,-0.15281527684646115,-0.153,0.00018472315353884605
B,0,36,True,6.001071486389906,6.0,0.0010714863899057292,0.500069499101267,0.5,6.949910126696768e-05,0.022039388913813105,0.022,3.938891381310636e-05
B,0,37,True,7.000071525329764,7.0,7.152532976384407e-05,0.5000251127893708,0.5,2.511278937078476e-05,-0.29601632877101536,-0.296,-1.6328771015372556e-05
B,0,38,True,5.999212340213881,6.0,-0.0007876597861189438,0.499955171585956,0.5,-4.482841404401805e-05,-0.18208917126138013,-0.182,-8.917126138013876e-05
B,0,39,True,6.002570134430792,6.0,0.002570134430792237,0.5001115376491027,0.5,0.0001115376491026554,-0.012111812208242657,-0.012,-0.00011181220824265682
B,0,40,True,7.000107539133337,7.0,0.00010753913333694243,0.500005594413528,0.5,5.594413527987285e-06,-0.2249446644452198,-0.225,5.533555478021146e-05
B,0,41,True,6.99969863189228,7.0,-0.0003013681077197461,0.4999813251024,0.5,-1.8674897599990636e-05,-0.5679676791335244,-0.568,3.232086647553256e-05
B,0,42,True,5.987172700260797,6.0,-0.012827299739202935,0.4994900919527605,0.5,-0.0005099080472394935,0.24586360667259125,0.246,-0.00013639332740875143
B,0,43,True,6.022052958568129,6.0,0.022052958568129277,0.5007992968849472,0.5,0.000799296884947176,0.5700491822038429,0.57,4.9182203842979e-05
B,0,44,True,7.989732090285729,8.0,-0.010267909714270829,0.4997397982690011,0.5,-0.000260201730998888,-0.6725225252658711,-0.673,0.0004774747341289576
B,0,45,True,6.012499398606936,6.0,0.01249939860693594,0.5005321311504219,0.5,0.0005321311504219439,-0.27616843827824056,-0.276,-0.0001684382782405347
B,0,46,True,5.997917021425784,6.0,-0.002082978574216021,0.4999689991382605,0.5,-3.100086173951633e-05,0.7037992401712193,0.704,-0.00020075982878065002
B,0,47,True,8.003300418917117,8.0,0.003300418917117298,0.5001024221917544,0.5,0.00010242219175438105,-0.7709917669799483,-0.771,8.233020051706674e-06
B,0,48,True,8.003641707684633,8.0,0.003641707684632678,0.5001078722184451,0.5,0.0001078722184451042,-0.7610507164166072,-0.761,-5.071641660714388e-05
B,0,49,True,7.009787018910933,7.0,0.009787018910932588,0.5005167940572542,0.5,0.000516794057254244,-0.575913639328213,-0.575,-0.0009136393282130895
B,0,50,True,6.029742537657414,6.0,0.029742537657414303,0.501152667373224,0.5,0.0011526673732239479,0.23317875694124018,0.234,-0.0008212430587598296
B,0,51,True,6.01612541198603,6.0,0.016125411986029903,0.5006394809740775,0.5,0.0006394809740775109,0.5668786682147493,0.568,-0.0011213317852506455
B,0,52,True,7.999587769755483,8.0,-0.0004122302445166426,0.4999848502251321,0.5,-1.5149774867884158e-05,-0.6806356741450463,-0.681,0.0003643258549537176
B,0,53,True,5.991868112529785,6.0,-0.008131887470215204,0.4996364390177179,0.5,-0.000363560982282074,-0.20665629516408204,-0.207,0.0003437048359179462
B,0,54,True,6.008890428642845,6.0,0.008890428642844839,0.500381487102936,0.5,0.00038148710293595123,-0.222859036983573,-0.223,0.0001409630164269926
B,0,55,True,6.0016932900302145,6.0,0.001693290030214456,0.5001400703077873,0.5,0.0001400703077872878,0.6923951315101972,0.693,-0.0006048684898027901
B,0,56,True,8.010688902723535,8.0,0.010688902723535065,0.5003822043437851,0.5,0.0003822043437851086,-0.7722336738289801,-0.772,-0.0002336738289800966
B,0,57,True,8.007818796630993,8.0,0.007818796630992608,0.5002513631826374,0.5,0.00025136318263740964,-0.7641543074875966,-0.764,-0.0001543074875965944
B,0,58,True,7.014116648427138,7.0,0.014116648427138223,0.5005724111359536,0.5,0.0005724111359536321,-0.5851529008435552,-0.585,-0.00015290084355523703
B,0,59,True,5.985028759066587,6.0,-0.014971240933412844,0.4994286333869888,0.5,-0.0005713666130112149,0.238207383458181,0.238,0.00020738345818099857
B,0,60,True,6.006212493133989,6.0,0.006212493133989305,0.5001836481351839,0.5,0.00018364813518390033,0.5615027363765077,0.561,0.000502736376507662
B,0,61,True,7.994898557229136,8.0,-0.005101442770864217,0.4998217501414568,0.5,-0.0001782498585432002,-0.6519943679360093,-0.652,5.6320639907347925e-06
B,0,62,True,5.998203010491006,6.0,-0.0017969895089944288,0.49989019214203334,0.5,-0.00010980785796665948,-0.21388889998602098,-0.214,0.00011110001397901526
B,0,63,True,6.0013583723884985,6.0,0.0013583723884984522,0.5000738362819821,0.5,7.383628198209813e-05,-0.16401024800069364,-0.164,-1.0248000693630077e-05
B,0,64,True,6.000664559072506,6.0,0.0006645590725060657,0.5000308111552993,0.5,3.0811155299348414e-05,-0.1911047722026547,-0.191,-0.00010477220265470155
B,0,65,True,6.001346976714086,6.0,0.0013469767140863453,0.5000536439409234,0.5,5.364394092344238e-05,0.03699192673442995,0.037,-8.073265570049393e-06
B,0,66,True,6.998090972632759,7.0,-0.0019090273672413005,0.49992418475301253,0.5,-7.581524698746511e-05,-0.3979275875388332,-0.398,7.241246116679312e-05
B,0,67,True,7.005062074491377,7.0,0.005062074491377189,0.5002845824959202,0.5,0.000284582495920227,-0.5796823076214017,-0.579,-0.0006823076214017565
B,0,68,True,6.0435464736882,6.0,0.04354647368819986,0.5017682694716892,0.5,0.0017682694716891767,0.19186616677345228,0.193,-0.0011338332265477258
B,0,69,True,6.0016071924304955,6.0,0.0016071924304954521,0.5000653747902271,0.5,6.537479022705739e-05,0.5661296449499339,0.567,-0.0008703550500660517
B,0,70,True,7.9962153219236125,8.0,-0.003784678076387493,0.4997947211807296,0.5,-0.0002052788192704047,-0.6702963880243634,-0.671,0.0007036119756366199
B,0,71,True,6.007711991523444,6.0,0.0077119915234442615,0.5003371803080172,0.5,0.0003371803080172153,0.07868723175773047,0.079,-0.0003127682422695288
B,0,72,True,7.997614371875593,8.0,-0.0023856281244070132,0.49989910775253693,0.5,-0.00010089224746306913,-0.4887875486531041,-0.489,0.00021245134689590328
B,0,73,True,7.015032029397467,7.0,0.015032029397467284,0.5006095677277261,0.5,0.0006095677277261347,-0.5731052222864788,-0.573,-0.00010522228647880105
B,0,74,True,6.009151496280066,6.0,0.009151496280066063,0.5004078529717829,0.5,0.00040785297178291824,0.16852413971941513,0.169,-0.0004758602805848833
B,0,75,True,5.994349078796149,6.0,-0.005650921203851134,0.4997422674384807,0.5,-0.00025773256151928603,0.5650947408812036,0.565,9.474088120364765e-05
B,0,76,True,7.99731044100709,8.0,-0.0026895589929099017,0.49987009501611224,0.5,-0.00012990498388776306,-0.6587798641447395,-0.659,0.00022013585526048374
B,0,77,True,6.009291678873572,6.0,0.00929167887357174,0.5003422700937067,0.5,0.00034227009370668693,0.2316329319899069,0.232,-0.00036706801009311896
B,0,78,True,7.991675864705982,8.0,-0.008324135294017765,0.49968768839088484,0.5,-0.00031231160911515676,-0.49368291997335617,-0.494,0.0003170800266438234
B,0,79,True,6.004526676045595,6.0,0.0045266760455948685,0.5002401012531345,0.5,0.0002401012531344504,-0.41310937335798337,-0.413,-0.00010937335798338887
B,0,80,True,7.000438516818586,7.0,0.0004385168185860877,0.5000081954324955,0.5,8.19543249552801e-06,-0.5860431512828167,-0.586,-4.315128281673353e-05
B,0,81,True,6.003671944989034,6.0,0.003671944989034337,0.5001148412072084,0.5,0.00011484120720839375,0.23519722250333314,0.235,0.00019722250333314983
B,0,82,True,5.984521306760895,6.0,-0.015478693239105112,0.49946250291478883,0.5,-0.0005374970852111693,0.5606801946690232,0.561,-0.00031980533097686337
B,0,83,True,7.999996430839029,8.0,-3.5691609712174e-06,0.499953973262127,0.5,-4.6026737873017254e-05,-0.6615092184548563,-0.662,0.0004907815451437036
B,0,84,True,5.991486014057941,6.0,-0.008513985942059321,0.49963102318200475,0.5,-0.00036897681799524795,-0.14785289229669324,-0.148,0.0001471077033067536
B,0,85,True,6.00521339735617,6.0,0.005213397356169658,0.5002008852619608,0.5,0.0002008852619608259,-0.04390472918032569,-0.044,9.527081967430906e-05
B,0,86,True,5.996250283539469,6.0,-0.0037497164605309052,0.4998511183210808,0.5,-0.00014888167891918824,-0.18214675995664703,-0.182,-0.00014675995664703567
B,0,87,True,6.003865202646136,6.0,0.003865202646135657,0.5002098818076552,0.5,0.00020988180765524334,-0.18227489477672976,-0.182,-0.0002748947767297616
B,0,88,True,6.010172606711635,6.0,0.010172606711634558,0.5004543365886172,0.5,0.00045433658861715465,-0.33409487873844107,-0.334,-9.487873844105099e-05
B,0,89,True,6.004284129078462,6.0,0.0042841290784618735,0.5001861147605595,0.5,0.00018611476055951925,-0.3449874324725495,-0.345,1.2567527450491056e-05
B,0,90,True,6.0032880806463975,6.0,0.0032880806463975176,0.500159119675947,0.5,0.00015911967594695042,0.4025560893249847,0.403,-0.00044391067501531323
B,0,91,True,8.005532858664306,8.0,0.005532858664306417,0.5001902823577349,0.5,0.00019028235773488333,-0.5680874881207635,-0.568,-8.748812076353474e-05
B,0,92,True,7.013926715745066,7.0,0.013926715745066431,0.5005299540559908,0.5,0.0005299540559907667,-0.5889894970549926,-0.589,1.0502945007373476e-05
B,0,93,True,5.994357589492581,6.0,-0.005642410507419093,0.499797480357426,0.5,-0.00020251964257400612,0.2326382591145007,0.233,-0.00036174088549931205
B,0,94,True,5.992360284861086,6.0,-0.007639715138913594,0.4996470412914352,0.5,-0.00035295870856477674,0.5653996081025655,0.565,0.0003996081025655629
B,0,95,True,7.990383086404543,8.0,-0.009616913595457355,0.49968890482068407,0.5,-0.00031109517931593444,-0.6683318237013663,-0.669,0.0006681762986336937
B,0,96,True,6.013831307685666,6.0,0.013831307685665983,0.5005582552937038,0.5,0.000558255293703791,-0.1333025053501537,-0.133,-0.0003025053501536923
B,0,97,True,5.991883722260358,6.0,-0.008116277739642186,0.4996539651824951,0.5,-0.0003460348175048922,-0.17504510986122462,-0.175,-4.5109861224634784e-05
B,0,98,True,5.999186298626398,6.0,-0.0008137013736018162,0.49993104306096775,0.5,-6.895693903224975e-05,-0.08283259574465886,-0.083,0.000167404255341147
B,0,99,True,6.003865989783983,6.0,0.0038659897839830037,0.5001479479541905,0.5,0.000147947954190486,0.013316729090516673,0.013,0.000316729090516674
B,0,100,True,6.999712445966755,7.0,-0.00028755403324520756,0.49998875001798854,0.5,-1.12499820114631e-05,-0.3099567149035183,-0.31,4.3285096481715524e-05
B,0,101,True,5.994138065807236,6.0,-0.005861934192764373,0.49977789521852073,0.5,-0.00022210478147927093,0.19495786242360214,0.195,-4.2137576397871523e-05
B,0,102,True,6.000781690942791,6.0,0.0007816909427909025,0.5000921940967682,0.5,9.219409676819446e-05,-0.23021303167642854,-0.23,-0.00021303167642852672
B,0,103,True,5.999235174701513,6.0,-0.0007648252984866488,0.4999279091468931,0.5,-7.209085310688756e-05,-0.26787324841792115,-0.268,0.0001267515820788656
B,0,104,True,6.005930810321233,6.0,0.005930810321233437,0.5002720218764631,0.5,0.00027202187646313547,-0.21317577668478968,-0.213,-0.00017577668478968578
B,0,105,True,5.99961548632665,6.0,-0.00038451367334957354,0.4999902353609677,0.5,-9.764639032294742e-06,-0.1900525151907779,-0.19,-5.251519077789646e-05
B,0,106,True,6.99916340612309,7.0,-0.0008365938769099301,0.4999562448949685,0.5,-4.3755105031517694e-05,-0.5852311727033285,-0.585,-0.00023117270332850826
B,0,107,True,5.996797985214808,6.0,-0.0032020147851916647,0.4998261350518066,0.5,-0.00017386494819338072,0.24432140350357057,0.244,0.000321403503570572
B,0,108,True,5.985332173316528,6.0,-0.014667826683472107,0.49948891060536216,0.5,-0.0005110893946378425,0.5608704430014678,0.561,-0.00012955699853223202
B,0,109,True,8.013360296796202,8.0,0.01336029679620232,0.5004527419164941,0.5,0.0004527419164941371,-0.6641590805539275,-0.664,-0.00015908055392743758
B,0,110,True,6.003840756781673,6.0,0.0038407567816731714,0.5001470224785174,0.5,0.00014702247851738903,-0.23791770688391659,-0.238,8.229311608340395e-05
B,0,111,True,5.997298696379238,6.0,-0.002701303620762374,0.4999338972735488,0.5,-6.610272645118931e-05,0.6724995361991142,0.673,-0.0005004638008858642
B,0,112,True,8.008495028434876,8.0,0.008495028434875707,0.5002832714417402,0.5,0.00028327144174022933,-0.6590598958825845,-0.659,-5.9895882584481974e-05
B,0,113,True,7.008090350245278,7.0,0.008090350245278266,0.5003244780966568,0.5,0.0003244780966568106,-0.872158771310301,-0.872,-0.0001587713103009536
B,0,114,True,7.010241003755159,7.0,0.010241003755158573,0.5003202468801694,0.5,0.00032024688016940583,-0.5840998214306966,-0.584,-9.982143069664495e-05
B,0,115,True,6.005826573645226,6.0,0.005826573645226318,0.500276318706987,0.5,0.0002763187069869666,0.23332571512970512,0.234,-0.0006742848702948889
B,0,116,True,6.015998987992237,6.0,0.01599898799223709,0.5005560954769868,0.5,0.0005560954769867621,0.5622298276826833,0.562,0.00022982768268320353
B,0,117,True,7.99241643725131,8.0,-0.007583562748689765,0.4997750566343447,0.5,-0.0002249433656553168,-0.6658239060075075,-0.666,0.0001760939924925209
B,0,118,True,6.0042763885379,6.0,0.004276388537899578,0.5001507034431996,0.5,0.00015070344319956241,-0.21213971707034612,-0.212,-0.00013971707034612924
B,0,119,True,5.9959877963246635,6.0,-0.004012203675336501,0.49979338260875106,0.5,-0.00020661739124894218,-0.19061973003102614,-0.191,0.000380269968973862
B,0,120,True,5.998365912693931,6.0,-0.0016340873060691763,0.4999828671638924,0.5,-1.7132836107602856e-05,0.6667679068048081,0.667,-0.00023209319519190696
B,0,121,True,8.007662724255445,8.0,0.007662724255444786,0.500279614482671,0.5,0.00027961448267099787,-0.6531637664964957,-0.653,-0.00016376649649563202
B,0,122,True,7.006681822179387,7.0,0.006681822179387176,0.50029501545608,0.5,0.00029501545608001667,-0.8771974802000748,-0.877,-0.0001974802000748177
B,0,123,True,6.9979576088066215,7.0,-0.0020423911933784566,0.4999161755606159,0.5,-8.382443938409478e-05,-0.5584155292736087,-0.558,-0.0004155292736086613
B,0,124,True,6.0153540448919935,6.0,0.015354044891993546,0.500563461393646,0.5,0.0005634613936460475,0.1856935693133422,0.186,-0.00030643068665781037
B,0,125,True,6.002451312365965,6.0,0.002451312365964853,0.5001612798909693,0.5,0.000161279890969257,0.5734575928143693,0.574,-0.0005424071856307
B,0,126,True,8.010562290681605,8.0,0.010562290681605191,0.5003797870855691,0.5,0.00037978708556907215,-0.6940884388928003,-0.694,-8.843889280030215e-05
B,0,127,True,6.013045983161924,6.0,0.01304598316192429,0.5005386851526588,0.5,0.0005386851526587577,0.09554566310126476,0.096,-0.00045433689873523864
B,0,128,True,16.002749264283388,16.0,0.002749264283387731,0.5000395722785315,0.5,3.957227853146339e-05,-0.2850674604854585,-0.285,-6.74604854585259e-05
B,0,129,True,7.013101145399804,7.0,0.013101145399804004,0.5004449679874916,0.5,0.0004449679874916068,-0.5920038567162189,-0.592,-3.856716218941791e-06
B,0,130,True,5.998863893593212,6.0,-0.0011361064067880733,0.49997283296808687,0.5,-2.716703191313341e-05,0.266355423413338,0.267,-0.0006445765866620046
B,0,131,True,6.0150816963541285,6.0,0.015081696354128482,0.5005033212731917,0.5,0.000503321273191748,0.5600031803817447,0.56,3.180381744627425e-06
B,0,132,True,7.990981084600507,8.0,-0.009018915399493288,0.4997781220778381,0.5,-0.00022187792216188384,-0.6726033536357539,-0.673,0.00039664636424618926
B,0,133,True,6.029710313389709,6.0,0.02971031338970942,0.5013695365364638,0.5,0.0013695365364637668,-0.3929995583395429,-0.392,-0.0009995583395429053
B,0,134,True,7.000070887127224,7.0,7.088712722413959e-05,0.5000702272942616,0.5,7.022729426164886e-05,-0.5882210367894921,-0.588,-0.0002210367894921461
B,0,135,True,5.995918078432633,6.0,-0.004081921567366642,0.4997528764546744,0.5,-0.00024712354532557823,0.21543176285105836,0.215,0.00043176285105836487
B,0,136,True,5.985966526820557,6.0,-0.014033473179442701,0.49953835778550376,0.5,-0.00046164221449623843,0.5595124561519967,0.56,-0.0004875438480033134
B,0,137,True,8.013347229397883,8.0,0.013347229397883353,0.5004341996811257,0.5,0.00043419968112567986,-0.6610870865232337,-0.661,-8.708652323363708e-05
B,0,138,True,5.9974130799427465,6.0,-0.0025869200572534723,0.49991645963268155,0.5,-8.35403673184465e-05,-0.004794735316966307,-0.005,0.00020526468303369311
B,0,139,True,6.005658346319454,6.0,0.005658346319454388,0.5003032845595919,0.5,0.0003032845595919431,-0.3622178682248308,-0.362,-0.00021786822483083057
B,0,140,True,5.99934039972227,6.0,-0.0006596002777303767,0.4999557674231818,0.5,-4.423257681818171e-05,-0.36008473663168405,-0.36,-8.473663168406809e-05
B,0,141,True,7.015359716899365,7.0,0.015359716899364884,0.5006006345018823,0.5,0.0006006345018823023,-0.5899946784512704,-0.59,5.321548729564363e-06
B,0,142,True,5.993064165474084,6.0,-0.006935834525916285,0.49972224931232573,0.5,-0.0002777506876742719,0.2139449428294584,0.214,-5.505717054160586e-05
B,0,143,True,5.9950543796542455,6.0,-0.00494562034575452,0.49979025852048975,0.5,-0.00020974147951025035,0.5603591770901698,0.56,0.00035917709016974886
B,0,144,True,8.000024644297985,8.0,2.4644297985432218e-05,0.4999984048882256,0.5,-1.5951117743884247e-06,-0.6569388280410405,-0.657,6.11719589594939e-05
B,0,145,True,6.002451054371679,6.0,0.002451054371679362,0.5000839955179867,0.5,8.399551798665694e-05,-0.0321130712618274,-0.032,-0.00011307126182739935
B,0,146,True,6.006800032572639,6.0,0.006800032572638948,0.5002953441173635,0.5,0.0002953441173635385,-0.15425852538018886,-0.154,-0.00025852538018886206
B,0,147,True,6.003544996736521,6.0,0.0035449967365206447,0.5001791244759154,0.5,0.00017912447591539316,-0.3600743820992383,-0.36,-7.438209923832373e-05
B,0,148,True,6.0005322076642695,6.0,0.000532207664269535,0.5000287688445499,0.5,2.876884454994233e-05,-0.3320128236986434,-0.332,-1.2823698643360526e-05
B,0,149,True,7.0050609062934495,7.0,0.005060906293449463,0.5001929367075135,0.5,0.00019293670751352465,-0.593368357831183,-0.593,-0.00036835783118305265
B,0,150,True,6.012670955872246,6.0,0.012670955872246203,0.5005229245113534,0.5,0.0005229245113533842,0.24148226319301075,0.242,-0.0005177368069892441
B,0,151,True,6.004917398580056,6.0,0.0049173985800559095,0.5001676031077169,0.5,0.00016760310771690712,0.5569224460673813,0.557,-7.755393261876797e-05
B,0,152,True,8.000934874538743,8.0,0.0009348745387427471,0.5000678395915986,0.5,6.783959159861741e-05,-0.6630773438655452,-0.663,-7.734386554514305e-05
B,0,153,True,6.001143848939768,6.0,0.001143848939768155,0.5000367754446622,0.5,3.677544466218485e-05,-0.23511338149528074,-0.235,-0.00011338149528075658
B,0,154,True,6.000649298441251,6.0,0.0006492984412513891,0.5000334472574827,0.5,3.344725748266608e-05,0.04914852244098272,0.049,0.00014852244098272072
B,0,155,True,5.995174952069939,6.0,-0.0048250479300611104,0.4997822289917955,0.5,-0.00021777100820452588,-0.35883803451878243,-0.359,0.00016196548121755194
B,0,156,True,6.001591801786543,6.0,0.0015918017865432788,0.5000979267123963,0.5,9.792671239627904e-05,-0.36110419115044196,-0.361,-0.00010419115044196792
B,0,157,True,6.988408835050105,7.0,-0.011591164949894761,0.4994835375664686,0.5,-0.0005164624335313728,-0.5654237453074861,-0.566,0.0005762546925138778
B,0,158,True,5.988250020644681,6.0,-0.01174997935531863,0.4994827772903634,0.5,-0.0005172227096366111,0.10821255123596948,0.108,0.00021255123596948533
B,0,159,True,6.004738603634271,6.0,0.0047386036342711435,0.5001718585302487,0.5,0.000171858530248703,0.5812920522657476,0.581,0.0002920522657476887
B,0,160,True,8.004282491824954,8.0,0.004282491824953993,0.5001994088739062,0.5,0.00019940887390623718,-0.6684869569927103,-0.668,-0.0004869569927102857
B,0,161,True,6.989528945351371,7.0,-0.01047105464862863,0.49958218910051355,0.5,-0.00041781089948644823,-0.30993817737180424,-0.31,6.182262819576234e-05
B,0,162,True,5.9887700283190926,6.0,-0.011229971680907447,0.4995170826585381,0.5,-0.0004829173414618859,0.17036114244140788,0.17,0.00036114244140786345
B,0,163,True,6.001781931274741,6.0,0.0017819312747411331,0.5000673143776792,0.5,6.731437767915072e-05,0.567256649009414,0.567,0.0002566490094140228
B,0,164,True,7.998023345246131,8.0,-0.0019766547538688783,0.4999679521651073,0.5,-3.204783489269003e-05,-0.6700357764971411,-0.67,-3.577649714103792e-05
B,0,165,True,6.005547058568135,6.0,0.005547058568135199,0.5002456488400392,0.5,0.0002456488400391921,-0.19609090447836927,-0.196,-9.090447836926363e-05
B,0,166,True,5.996502446436935,6.0,-0.0034975535630650256,0.49987511183474576,0.5,-0.0001248881652542444,-0.16506536888487053,-0.165,-6.536888487052028e-05
B,0,167,True,6.009868182494589,6.0,0.009868182494589206,0.5004124464480426,0.5,0.00041244644804261377,0.020863843338619,0.021,-0.00013615666138100044
B,0,168,True,7.997039985855857,8.0,-0.0029600141441425976,0.4999260692129296,0.5,-7.393078707040868e-05,-7.732704826211639e-05,0.0,-7.732704826211639e-05
input,0.1,1,,7.014983454261828,7.0,0.014983454261828122,0.5006700895866601,0.5,0.0006700895866601497,-0.5930831725930814,-0.592,-0.0010831725930814384
input,0.1,2,,5.9911146565021225,6.0,-0.008885343497877507,0.49973866680794166,0.5,-0.00026133319205834393,0.24515494342880295,0.244,0.001154943428802957
input,0.1,3,,6.018750736346137,6.0,0.018750736346136776,0.5010547590387352,0.5,0.001054759038735198,0.5615401618309154,0.559,0.0025401618309153218
input,0.1,4,,8.000017983317747,8.0,1.7983317746939065e-05,0.4998623423840209,0.5,-0.0001376576159791143,-0.6675525948377169,-0.665,-0.0025525948377168595
input,0.1,5,,6.020044223588184,6.0,0.020044223588183918,0.5004618081522624,0.5,0.00046180815226237737,-0.27592169482640605,-0.274,-0.0019216948264060285
input,0.1,6,,6.014140818106266,6.0,0.014140818106265662,0.5002793496992273,0.5,0.0002793496992272715,0.07241739042966526,0.073,-0.0005826095703347356
input,0.1,7,,16.004920537409042,16.0,0.00492053740904197,0.5000584211641425,0.5,5.8421164142452575e-05,-0.1410880220852972,-0.141,-8.80220852972069e-05
input,0.1,8,,6.00324317981215,6.0,0.0032431798121503874,0.5001007016307941,0.5,0.00010070163079411998,-0.07018134995555728,-0.07,-0.00018134995555726952
input,0.1,9,,7.0163979412176385,7.0,0.01639794121763849,0.5004557912719491,0.5,0.00045579127194905755,-0.5917472431261869,-0.589,-0.0027472431261869046
input,0.1,10,,5.991432004078723,6.0,-0.008567995921277216,0.49971507655631664,0.5,-0.0002849234436833603,0.23614193964111108,0.235,0.0011419396411110894
input,0.1,11,,6.007855572415117,6.0,0.007855572415117251,0.5001919524017013,0.5,0.0001919524017013341,0.5600298444661562,0.559,0.0010298444661561712
input,0.1,12,,8.002095805827139,8.0,0.0020958058271389746,0.5000695910924838,0.5,6.959109248383388e-05,-0.6565552178636033,-0.656,-0.0005552178636032412
input,0.1,13,,5.992402145543509,6.0,-0.007597854456490971,0.49973767969807315,0.5,-0.00026232030192685496,-0.1558177907235096,-0.156,0.00018220927649040264
input,0.1,14,,6.008579772181128,6.0,0.008579772181128043,0.5003433251834623,0.5,0.0003433251834622508,0.006249303535987528,0.007,-0.000750696464012472
input,0.1,15,,6.004883154460864,6.0,0.00488315446086407,0.5002282548410959,0.5,0.00022825484109589844,-0.20415580891952737,-0.204,-0.0001558089195273782
input,0.1,16,,6.006806121791227,6.0,0.006806121791226971,0.5003124298826342,0.5,0.0003124298826342464,-0.20483740713516602,-0.205,0.0001625928648339714
input,0.1,17,,6.003412188510764,6.0,0.0034121885107643024,0.5001161001708639,0.5,0.00011610017086394198,-0.17748371439361021,-0.177,-0.00048371439361022395
input,0.1,18,,6.003161455030835,6.0,0.003161455030834759,0.5000337406215977,0.5,3.3740621597666554e-05,-0.17961841650639468,-0.179,-0.0006184165063946867
input,0.1,19,,6.005784928528115,6.0,0.005784928528115074,0.5001486479475465,0.5,0.00014864794754654298,-0.1817884143057506,-0.182,0.00021158569424939433
input,0.1,20,,7.002774916227775,7.0,0.002774916227775037,0.5004411766584764,0.5,0.0004411766584764276,-0.5922422527389682,-0.59,-0.0022422527389682756
input,0.1,21,,6.00191231796303,6.0,0.0019123179630300413,0.5002906388560376,0.5,0.0002906388560376394,0.23952245717827536,0.24,-0.00047754282172463025
input,0.1,22,,5.984881625455935,6.0,-0.015118374544065283,0.49987146340634914,0.5,-0.00012853659365086312,0.5630537607707612,0.558,0.00505376077076114
input,0.1,23,,7.991642808845202,8.0,-0.008357191154797938,0.4997648204881326,0.5,-0.0002351795118674116,-0.6592100995526017,-0.658,-0.0012100995526016511
input,0.1,24,,6.00271250119292,6.0,0.0027125011929198806,0.4997446284199284,0.5,-0.0002553715800716061,-0.21637781486550667,-0.215,-0.0013778148655066713
input,0.1,25,,5.996403339237467,6.0,-0.003596660762532622,0.4999592661253823,0.5,-4.0733874617726595e-05,-0.18844604434511802,-0.19,0.0015539556548819777
input,0.1,26,,5.998177579791406,6.0,-0.0018224202085939112,0.5000659013079534,0.5,6.590130795336435e-05,0.11655186642593443,0.116,0.0005518664259344247
input,0.1,27,,6.998492121508055,7.0,-0.0015078784919451138,0.4997391052449655,0.5,-0.0002608947550344909,-0.6067719196971818,-0.604,-0.002771919697181824
input,0.1,28,,5.994366702985237,6.0,-0.005633297014762562,0.49995962767229685,0.5,-4.037232770315313e-05,0.9060425462350856,0.901,0.005042546235085599
input,0.1,29,,6.999038443909977,7.0,-0.0009615560900231301,0.49997316485383286,0.5,-2.683514616713678e-05,-0.9100635519892915,-0.908,-0.0020635519892914234
input,0.1,30,,6.997063842524171,7.0,-0.002936157475828871,0.4999150005696409,0.5,-8.499943035911173e-05,-0.9077286175964042,-0.906,-0.0017286175964041917
input,0.1,31,,7.013791787974003,7.0,0.013791787974002823,0.5002289555520358,0.5,0.00022895555203583662,-0.5854998332693226,-0.584,-0.0014998332693226812
input,0.1,32,,5.985190090244748,6.0,-0.014809909755252093,0.4992870702126263,0.5,-0.0007129297873736951,0.2318167778585097,0.235,-0.0031832221414902773
input,0.1,33,,6.008587026641086,6.0,0.008587026641086126,0.500516819374485,0.5,0.0005168193744850003,0.5679129060187781,0.563,0.00491290601877814
input,0.1,34,,8.000080226487242,8.0,8.022648724193004e-05,0.499969605138637,0.5,-3.0394861363025605e-05,-0.6656972664294503,-0.663,-0.002697266429450229
input,0.1,35,,6.006368341157411,6.0,0.006368341157410917,0.49998962742125325,0.5,-1.0372578746753458e-05,-0.15139911485230276,-0.153,0.0016008851476972397
input,0.1,36,,6.00249832562085,6.0,0.0024983256208503946,0.500069499101267,0.5,6.949910126696768e-05,0.020920799160572483,0.022,-0.001079200839427516
input,0.1,37,,6.998678845834407,7.0,-0.0013211541655930858,0.5000251127893708,0.5,2.511278937078476e-05,-0.2957493317525387,-0.296,0.00025066824746128313
input,0.1,38,,5.997468598972132,6.0,-0.0025314010278680854,0.499955171585956,0.5,-4.482841404401805e-05,-0.18107762754561377,-0.182,0.0009223724543862277
input,0.1,39,,6.003989059280588,6.0,0.003989059280588236,0.5001115376491027,0.5,0.0001115376491026554,-0.012250264344253203,-0.012,-0.0002502643442532024
input,0.1,40,,6.999599753182412,7.0,-0.00040024681758765723,0.500005594413528,0.5,5.594413527987285e-06,-0.22528436443186148,-0.225,-0.0002843644318614724
input,0.1,41,,6.992896301282652,7.0,-0.007103698717347839,0.4999813251024,0.5,-1.8674897599990636e-05,-0.5679168796323183,-0.568,8.312036768165498e-05
input,0.1,42,,5.991758248235055,6.0,-0.008241751764945349,0.4994900919527605,0.5,-0.0005099080472394935,0.2451278981180185,0.246,-0.0008721018819815018
input,0.1,43,,6.030520914784274,6.0,0.03052091478427421,0.5007992968849472,0.5,0.000799296884947176,0.5694550218062292,0.57,-0.000544978193770751
input,0.1,44,,7.987184960882033,8.0,-0.01281503911796733,0.4997397982690011,0.5,-0.000260201730998888,-0.6721574523114605,-0.673,0.00084254768853953
input,0.1,45,,6.018694027213548,6.0,0.018694027213547848,0.5005321311504219,0.5,0.0005321311504219439,-0.27754199694820614,-0.276,-0.0015419969482061147
input,0.1,46,,5.992026822245847,6.0,-0.007973177754153404,0.4999689991382605,0.5,-3.100086173951633e-05,0.706876456441694,0.704,0.0028764564416939864
input,0.1,47,,8.00541426366614,8.0,0.005414263666139618,0.5001024221917544,0.5,0.00010242219175438105,-0.7723108319880831,-0.771,-0.0013108319880831276
input,0.1,48,,8.007099402144135,8.0,0.00709940214413507,0.5001078722184451,0.5,0.0001078722184451042,-0.7629380404923896,-0.761,-0.0019380404923895478
input,0.1,49,,7.016539415255735,7.0,0.016539415255735435,0.5005167940572542,0.5,0.000516794057254244,-0.5774173613034627,-0.575,-0.002417361303462706
input,0.1,50,,6.004812098828647,6.0,0.00481209882864686,0.501152667373224,0.5,0.0011526673732239479,0.23480139990595308,0.234,0.0008013999059530708
input,0.1,51,,6.0120219434368165,6.0,0.012021943436816507,0.5006394809740775,0.5,0.0006394809740775109,0.5683236692747908,0.568,0.00032366927479088314
input,0.1,52,,8.004840320144472,8.0,0.004840320144472443,0.4999848502251321,0.5,-1.5149774867884158e-05,-0.6827206838283194,-0.681,-0.0017206838283193582
input,0.1,53,,5.987480554609047,6.0,-0.012519445390952733,0.4996364390177179,0.5,-0.000363560982282074,-0.20632812027195213,-0.207,0.0006718797280478583
input,0.1,54,,6.0029672679037445,6.0,0.002967267903744464,0.500381487102936,0.5,0.00038148710293595123,-0.2233134552370602,-0.223,-0.00031345523706019507
input,0.1,55,,5.995312646979002,6.0,-0.004687353020997875,0.5001400703077873,0.5,0.0001400703077872878,0.6964611381390307,0.693,0.003461138139030706
input,0.1,56,,8.02151796449982,8.0,0.021517964499819797,0.5003822043437851,0.5,0.0003822043437851086,-0.7757316681821992,-0.772,-0.003731668182199166
input,0.1,57,,8.008651024461109,8.0,0.008651024461109103,0.5002513631826374,0.5,0.00025136318263740964,-0.7655653240974853,-0.764,-0.0015653240974853322
input,0.1,58,,7.01074858969169,7.0,0.01074858969168968,0.5005724111359536,0.5,0.0005724111359536321,-0.5864639607948946,-0.585,-0.0014639607948946365
input,0.1,59,,5.976233357182562,6.0,-0.023766642817437678,0.4994286333869888,0.5,-0.0005713666130112149,0.2396253684077846,0.238,0.0016253684077845998
input,0.1,60,,5.992213027677664,6.0,-0.007786972322335828,0.5001836481351839,0.5,0.00018364813518390033,0.5678492784755527,0.561,0.0068492784755526115
input,0.1,61,,7.991544717741476,8.0,-0.008455282258523766,0.4998217501414568,0.5,-0.0001782498585432002,-0.6542626376661337,-0.652,-0.00226263766613366
input,0.1,62,,5.999342562055407,6.0,-0.0006574379445929424,0.49989019214203334,0.5,-0.00010980785796665948,-0.2145476498958849,-0.214,-0.0005476498958849052
input,0.1,63,,6.000311078920342,6.0,0.0003110789203422115,0.5000738362819821,0.5,7.383628198209813e-05,-0.1637804481628043,-0.164,0.00021955183719571392
input,0.1,64,,5.9958007887745985,6.0,-0.004199211225401456,0.5000308111552993,0.5,3.0811155299348414e-05,-0.19013597953596206,-0.191,0.0008640204640379401
input,0.1,65,,6.001302370113633,6.0,0.001302370113632989,0.5000536439409234,0.5,5.364394092344238e-05,0.036261745381191035,0.037,-0.0007382546188089631
input,0.1,66,,6.996389046442343,7.0,-0.0036109535576569485,0.49992418475301253,0.5,-7.581524698746511e-05,-0.39739852758845357,-0.398,0.0006014724115464554
input,0.1,67,,7.00890571837519,7.0,0.008905718375189942,0.5002845824959202,0.5,0.000284582495920227,-0.5858335584577126,-0.579,-0.006833558457712607
input,0.1,68,,6.034792240570639,6.0,0.03479224057063934,0.5017682694716892,0.5,0.0017682694716891767,0.1943543736193163,0.193,0.0013543736193162847
input,0.1,69,,6.000885598586931,6.0,0.0008855985869313798,0.5000653747902271,0.5,6.537479022705739e-05,0.5678154203112241,0.567,0.0008154203112241687
input,0.1,70,,7.9992099232642815,8.0,-0.0007900767357185146,0.4997947211807296,0.5,-0.0002052788192704047,-0.6735074613269884,-0.671,-0.002507461326988314
input,0.1,71,,6.00743764143059,6.0,0.007437641430589892,0.5003371803080172,0.5,0.0003371803080172153,0.0772368487153601,0.079,-0.0017631512846398995
input,0.1,72,,7.991388003224491,8.0,-0.00861199677550939,0.49989910775253693,0.5,-0.00010089224746306913,-0.4871785880602163,-0.489,0.0018214119397836903
input,0.1,73,,7.01582143444077,7.0,0.015821434440770332,0.5006095677277261,0.5,0.0006095677277261347,-0.5736822728696098,-0.573,-0.0006822728696098679
input,0.1,74,,6.02203768104662,6.0,0.022037681046620072,0.5004078529717829,0.5,0.00040785297178291824,0.16599491890595575,0.169,-0.003005081094044265
input,0.1,75,,5.992724803933239,6.0,-0.007275196066760969,0.4997422674384807,0.5,-0.00025773256151928603,0.5688218588099397,0.565,0.003821858809939793
input,0.1,76,,7.999248951758943,8.0,-0.000751048241056651,0.49987009501611224,0.5,-0.00012990498388776306,-0.660440189914862,-0.659,-0.0014401899148619446
input,0.1,77,,6.0111454856289,6.0,0.01114548562889972,0.5003422700937067,0.5,0.00034227009370668693,0.23258819692691582,0.232,0.0005881969269158072
input,0.1,78,,7.993570124715773,8.0,-0.006429875284227116,0.49968768839088484,0.5,-0.00031231160911515676,-0.4944323055436806,-0.494,-0.00043230554368062224
input,0.1,79,,6.005774613214969,6.0,0.005774613214969193,0.5002401012531345,0.5,0.0002401012531344504,-0.4131831975008122,-0.413,-0.00018319750081224884
input,0.1,80,,7.014136777717684,7.0,0.014136777717683735,0.5000081954324955,0.5,8.19543249552801e-06,-0.5882618734715712,-0.586,-0.002261873471571252
input,0.1,81,,5.99820322496959,6.0,-0.0017967750304102026,0.5001148412072084,0.5,0.00011484120720839375,0.23492978192605032,0.235,-7.021807394966273e-05
input,0.1,82,,5.973330373712872,6.0,-0.02666962628712799,0.49946250291478883,0.5,-0.0005374970852111693,0.56313597321561,0.561,0.0021359732156099875
input,0.1,83,,8.000097594732662,8.0,9.75947326615767e-05,0.499953973262127,0.5,-4.6026737873017254e-05,-0.6624572388162333,-0.662,-0.0004572388162332741
input,0.1,84,,5.972754813539874,6.0,-0.02724518646012619,0.49963102318200475,0.5,-0.00036897681799524795,-0.1457479517265399,-0.148,0.0022520482734600944
input,0.1,85,,6.0044097538390675,6.0,0.004409753839067498,0.5002008852619608,0.5,0.0002008852619608259,-0.04487043771889595,-0.044,-0.0008704377188959514
input,0.1,86,,5.9965399641494255,6.0,-0.0034600358505745277,0.4998511183210808,0.5,-0.00014888167891918824,-0.1808070026560906,-0.182,0.0011929973439094022
input,0.1,87,,6.0075123463845035,6.0,0.007512346384503488,0.5002098818076552,0.5,0.00020988180765524334,-0.18236258998755903,-0.182,-0.00036258998755903105
input,0.1,88,,6.012497554914271,6.0,0.012497554914270737,0.5004543365886172,0.5,0.00045433658861715465,-0.33644113007892945,-0.334,-0.002441130078929432
input,0.1,89,,6.008750581802971,6.0,0.008750581802971169,0.5001861147605595,0.5,0.00018611476055951925,-0.3466544046578356,-0.345,-0.0016544046578356175
input,0.1,90,,6.000726533106456,6.0,0.0007265331064560954,0.500159119675947,0.5,0.00015911967594695042,0.40548405024301304,0.403,0.002484050243013014
input,0.1,91,,8.008571765750078,8.0,0.008571765750078342,0.5001902823577349,0.5,0.00019028235773488333,-0.569228348964314,-0.568,-0.0012283489643140078
input,0.1,92,,7.023934272085543,7.0,0.023934272085543107,0.5005299540559908,0.5,0.0005299540559907667,-0.5895621779636577,-0.589,-0.0005621779636577617
input,0.1,93,,5.987611418590984,6.0,-0.012388581409015664,0.499797480357426,0.5,-0.00020251964257400612,0.23127195634299033,0.233,-0.0017280436570096813
input,0.1,94,,5.987157004418106,6.0,-0.012842995581894279,0.4996470412914352,0.5,-0.00035295870856477674,0.5686098148651798,0.565,0.003609814865179861
input,0.1,95,,7.982664649915037,8.0,-0.017335350084962897,0.49968890482068407,0.5,-0.00031109517931593444,-0.6688297928734422,-0.669,0.00017020712655779757
input,0.1,96,,6.016687614076209,6.0,0.016687614076208668,0.5005582552937038,0.5,0.000558255293703791,-0.13232301404944263,-0.133,0.0006769859505573739
input,0.1,97,,5.99165521658943,6.0,-0.008344783410570322,0.4996539651824951,0.5,-0.0003460348175048922,-0.17549618293845598,-0.175,-0.0004961829384559913
input,0.1,98,,5.99566876548026,6.0,-0.004331234519740157,0.49993104306096775,0.5,-6.895693903224975e-05,-0.08235093272068116,-0.083,0.000649067279318849
input,0.1,99,,5.998824258739782,6.0,-0.0011757412602175776,0.5001479479541905,0.5,0.000147947954190486,0.013160366410934824,0.013,0.0001603664109348247
input,0.1,100,,6.998600958376667,7.0,-0.0013990416233333747,0.49998875001798854,0.5,-1.12499820114631e-05,-0.3097756730420133,-0.31,0.0002243269579866869
input,0.1,101,,5.9939094928642485,6.0,-0.006090507135751544,0.49977789521852073,0.5,-0.00022210478147927093,0.19545849552938843,0.195,0.0004584955293884252
input,0.1,102,,6.006959010842791,6.0,0.006959010842790825,0.5000921940967682,0.5,9.219409676819446e-05,-0.2292140955772654,-0.23,0.0007859044227346013
input,0.1,103,,6.0029582849401955,6.0,0.0029582849401954547,0.4999279091468931,0.5,-7.209085310688756e-05,-0.2699583497141641,-0.268,-0.001958349714164087
input,0.1,104,,6.008732931587156,6.0,0.008732931587156045,0.5002720218764631,0.5,0.00027202187646313547,-0.2155867758405309,-0.213,-0.0025867758405309083
input,0.1,105,,5.994818875267254,6.0,-0.005181124732746234,0.4999902353609677,0.5,-9.764639032294742e-06,-0.18726104671646895,-0.19,0.002738953283531048
input,0.1,106,,6.996902709740327,7.0,-0.003097290259672647,0.4999562448949685,0.5,-4.3755105031517694e-05,-0.5868814582740567,-0.585,-0.0018814582740567243
input,0.1,107,,6.001151570068467,6.0,0.0011515700684672225,0.4998261350518066,0.5,-0.00017386494819338072,0.24477929715895055,0.244,0.0007792971589505593
input,0.1,108,,5.9877796027558725,6.0,-0.01222039724412749,0.49948891060536216,0.5,-0.0005110893946378425,0.5621034347210113,0.561,0.001103434721011265
input,0.1,109,,8.026006173649842,8.0,0.026006173649841813,0.5004527419164941,0.5,0.0004527419164941371,-0.6659740163186895,-0.664,-0.001974016318689431
input,0.1,110,,6.0032856034098705,6.0,0.0032856034098704967,0.5001470224785174,0.5,0.00014702247851738903,-0.23670733946864633,-0.238,0.0012926605313536566
input,0.1,111,,5.995182590720808,6.0,-0.004817409279191942,0.4999338972735488,0.5,-6.610272645118931e-05,0.6724271662821245,0.673,-0.0005728337178755316
input,0.1,112,,8.01257607931241,8.0,0.012576079312410116,0.5002832714417402,0.5,0.00028327144174022933,-0.6603168428861418,-0.659,-0.0013168428861417558
input,0.1,113,,7.005289102873844,7.0,0.005289102873843987,0.5003244780966568,0.5,0.0003244780966568106,-0.8713281920745638,-0.872,0.0006718079254361964
input,0.1,114,,7.018361947616095,7.0,0.018361947616095442,0.5003202468801694,0.5,0.00032024688016940583,-0.585391336359243,-0.584,-0.001391336359243045
input,0.1,115,,5.997702968099279,6.0,-0.002297031900720725,0.500276318706987,0.5,0.0002763187069869666,0.23405813957519325,0.234,5.813957519323898e-05
input,0.1,116,,6.008859269426201,6.0,0.008859269426200633,0.5005560954769868,0.5,0.0005560954769867621,0.5631357243042237,0.562,0.0011357243042235954
input,0.1,117,,7.990399409102295,8.0,-0.00960059089770482,0.4997750566343447,0.5,-0.0002249433656553168,-0.6669479651762676,-0.666,-0.0009479651762676067
input,0.1,118,,6.006474864914098,6.0,0.006474864914098433,0.5001507034431996,0.5,0.00015070344319956241,-0.21310030125783064,-0.212,-0.0011003012578306437
input,0.1,119,,5.985342028802339,6.0,-0.014657971197660657,0.49979338260875106,0.5,-0.00020661739124894218,-0.189334088972905,-0.191,0.0016659110270950128
input,0.1,120,,5.992536925420769,6.0,-0.0074630745792312325,0.4999828671638924,0.5,-1.7132836107602856e-05,0.6695607761062133,0.667,0.0025607761062133028
input,0.1,121,,8.011724289083714,8.0,0.011724289083714368,0.500279614482671,0.5,0.00027961448267099787,-0.6557577761353443,-0.653,-0.0027577761353442254
input,0.1,122,,7.0083935225765615,7.0,0.008393522576561452,0.50029501545608,0.5,0.00029501545608001667,-0.8784908992914885,-0.877,-0.00149089929148849
input,0.1,123,,6.994796565650508,7.0,-0.00520343434949222,0.4999161755606159,0.5,-8.382443938409478e-05,-0.556967454355708,-0.558,0.0010325456442920045
input,0.1,124,,6.012145900500173,6.0,0.01214590050017339,0.500563461393646,0.5,0.0005634613936460475,0.18545663937598164,0.186,-0.0005433606240183575
input,0.1,125,,6.006009306348538,6.0,0.006009306348538246,0.5001612798909693,0.5,0.000161279890969257,0.5727378641798815,0.574,-0.0012621358201184707
input,0.1,126,,8.01535561677531,8.0,0.0153556167753095,0.5003797870855691,0.5,0.00037978708556907215,-0.6937017038183085,-0.694,0.00029829618169141536
input,0.1,127,,6.02158062521072,6.0,0.021580625210719795,0.5005386851526588,0.5,0.0005386851526587577,0.09465987699390488,0.096,-0.001340123006095123
input,0.1,128,,16.000841130000374,16.0,0.0008411300003743349,0.5000395722785315,0.5,3.957227853146339e-05,-0.2845544655160343,-0.285,0.0004455344839656705
input,0.1,129,,7.021818306581173,7.0,0.021818306581172564,0.5004449679874916,0.5,0.0004449679874916068,-0.5929536579349612,-0.592,-0.0009536579349612717
input,0.1,130,,6.0136786559737,6.0,0.013678655973699883,0.49997283296808687,0.5,-2.716703191313341e-05,0.26601658719289695,0.267,-0.0009834128071030679
input,0.1,131,,6.007059923583085,6.0,0.007059923583084604,0.5005033212731917,0.5,0.000503321273191748,0.5640561752339593,0.56,0.004056175233959292
input,0.1,132,,7.989775488327587,8.0,-0.010224511672412895,0.4997781220778381,0.5,-0.00022187792216188384,-0.6735850027838471,-0.673,-0.0005850027838470995
input,0.1,133,,6.039647580518551,6.0,0.039647580518550996,0.5013695365364638,0.5,0.0013695365364637668,-0.3934808801295947,-0.392,-0.001480880129594686
input,0.1,134,,7.009234308248329,7.0,0.00923430824832927,0.5000702272942616,0.5,7.022729426164886e-05,-0.5919306585223159,-0.588,-0.0039306585223158885
input,0.1,135,,5.995463935285158,6.0,-0.004536064714842247,0.4997528764546744,0.5,-0.00024712354532557823,0.21588555102449927,0.215,0.0008855510244992759
input,0.1,136,,5.974009600878714,6.0,-0.025990399121286423,0.49953835778550376,0.5,-0.00046164221449623843,0.5628948161743214,0.56,0.002894816174321302
input,0.1,137,,8.020071303376612,8.0,0.020071303376612448,0.5004341996811257,0.5,0.00043419968112567986,-0.6632512796549929,-0.661,-0.0022512796549928327
input,0.1,138,,5.9995031628673265,6.0,-0.0004968371326734555,0.49991645963268155,0.5,-8.35403673184465e-05,-0.006071670723896377,-0.005,-0.0010716707238963771
input,0.1,139,,6.006773927601951,6.0,0.006773927601950724,0.5003032845595919,0.5,0.0003032845595919431,-0.36276686667216457,-0.362,-0.0007668666721645789
input,0.1,140,,5.995603788821276,6.0,-0.00439621117872413,0.4999557674231818,0.5,-4.423257681818171e-05,-0.3588981658763321,-0.36,0.0011018341236678775
input,0.1,141,,7.018267155466487,7.0,0.018267155466486606,0.5006006345018823,0.5,0.0006006345018823023,-0.5901912016470983,-0.59,-0.00019120164709829357
input,0.1,142,,5.989744040429235,6.0,-0.010255959570764972,0.49972224931232573,0.5,-0.0002777506876742719,0.21372228242146704,0.214,-0.0002777175785329544
input,0.1,143,,5.987034661687987,6.0,-0.012965338312013408,0.49979025852048975,0.5,-0.00020974147951025035,0.5637504305240779,0.56,0.0037504305240778635
input,0.1,144,,8.00679811598296,8.0,0.006798115982959985,0.4999984048882256,0.5,-1.5951117743884247e-06,-0.6589534808417938,-0.657,-0.0019534808417938088
input,0.1,145,,5.994646822013253,6.0,-0.005353177986746616,0.5000839955179867,0.5,8.399551798665694e-05,-0.03161364942264365,-0.032,0.0003863505773563508
input,0.1,146,,5.999125534620339,6.0,-0.0008744653796606272,0.5002953441173635,0.5,0.0002953441173635385,-0.1532550890819591,-0.154,0.0007449109180409086
input,0.1,147,,6.005720035839196,6.0,0.005720035839195781,0.5001791244759154,0.5,0.00017912447591539316,-0.3609515424355193,-0.36,-0.0009515424355193147
input,0.1,148,,5.999343481540912,6.0,-0.0006565184590883177,0.5000287688445499,0.5,2.876884454994233e-05,-0.33221808575123835,-0.332,-0.0002180857512383283
input,0.1,149,,7.007436276935815,7.0,0.007436276935814945,0.5001929367075135,0.5,0.00019293670751352465,-0.595277111986029,-0.593,-0.002277111986028979
input,0.1,150,,5.995545551066321,6.0,-0.004454448933678634,0.5005229245113534,0.5,0.0005229245113533842,0.24324610657661738,0.242,0.0012461065766173895
input,0.1,151,,5.997629376274536,6.0,-0.0023706237254641493,0.5001676031077169,0.5,0.00016760310771690712,0.5604917040360347,0.557,0.003491704036034604
input,0.1,152,,8.00807122427154,8.0,0.008071224271539279,0.5000678395915986,0.5,6.783959159861741e-05,-0.6657517797554254,-0.663,-0.0027517797554253987
input,0.1,153,,5.987384628071109,6.0,-0.012615371928890617,0.5000367754446622,0.5,3.677544466218485e-05,-0.23411183836898627,-0.235,0.0008881616310137119
input,0.1,154,,6.000589417801724,6.0,0.0005894178017236129,0.5000334472574827,0.5,3.344725748266608e-05,0.0469792350400737,0.049,-0.0020207649599262995
input,0.1,155,,5.987655809001788,6.0,-0.012344190998211602,0.4997822289917955,0.5,-0.00021777100820452588,-0.3565602194241545,-0.359,0.002439780575845485
input,0.1,156,,6.000358035257345,6.0,0.00035803525734490194,0.5000979267123963,0.5,9.792671239627904e-05,-0.36058366890333493,-0.361,0.00041633109666505685
input,0.1,157,,6.996201058273997,7.0,-0.0037989417260027025,0.4994835375664686,0.5,-0.0005164624335313728,-0.5699829482830145,-0.566,-0.003982948283014598
input,0.1,158,,5.982373357474586,6.0,-0.017626642525414127,0.4994827772903634,0.5,-0.0005172227096366111,0.11060695156319074,0.108,0.0026069515631907403
input,0.1,159,,5.998341404939745,6.0,-0.0016585950602552302,0.5001718585302487,0.5,0.000171858530248703,0.5847055253695432,0.581,0.003705525369543272
input,0.1,160,,8.011051800146623,8.0,0.011051800146622881,0.5001994088739062,0.5,0.00019940887390623718,-0.6714351743384452,-0.668,-0.0034351743384452016
input,0.1,161,,6.990497932286499,7.0,-0.009502067713500928,0.49958218910051355,0.5,-0.00041781089948644823,-0.31128901902298384,-0.31,-0.0012890190229838394
input,0.1,162,,5.980240302018955,6.0,-0.019759697981045043,0.4995170826585381,0.5,-0.0004829173414618859,0.1699827601219988,0.17,-1.7239878001201747e-05
input,0.1,163,,5.99448381366889,6.0,-0.005516186331109729,0.5000673143776792,0.5,6.731437767915072e-05,0.5715716049232501,0.567,0.00457160492325015
input,0.1,164,,8.005472648786034,8.0,0.005472648786033929,0.4999679521651073,0.5,-3.204783489269003e-05,-0.6731298960660419,-0.67,-0.0031298960660418595
input,0.1,165,,6.005230090789933,6.0,0.005230090789932973,0.5002456488400392,0.5,0.0002456488400391921,-0.19649378087847844,-0.196,-0.0004937808784784281
input,0.1,166,,5.991614479422774,6.0,-0.008385520577226302,0.49987511183474576,0.5,-0.0001248881652542444,-0.16289469341069662,-0.165,0.002105306589303385
input,0.1,167,,6.014099216907237,6.0,0.014099216907236922,0.5004124464480426,0.5,0.00041244644804261377,0.019066763165324574,0.021,-0.0019332368346754274
input,0.1,168,,7.995048779932747,8.0,-0.004951220067252571,0.4999260692129296,0.5,-7.393078707040868e-05,-0.0011484778476256571,0.0,-0.0011484778476256571
A,0.1,1,True,7.0196768678726755,7.0,0.01967686787267553,0.5006700895866601,0.5,0.0006700895866601497,-0.5926271893157362,-0.592,-0.0006271893157362429
A,0.1,2,True,5.992797897423048,6.0,-0.007202102576951752,0.49973866680794166,0.5,-0.00026133319205834393,0.24355826447862847,0.244,-0.00044173552137152794
A,0.1,3,True,6.020679101607779,6.0,0.020679101607779415,0.5010547590387352,0.5,0.001054759038735198,0.5588165378615028,0.559,-0.00018346213849729232
A,0.1,4,True,7.992704059312459,8.0,-0.007295940687541247,0.4998623423840209,0.5,-0.0001376576159791143,-0.6646772809992865,-0.665,0.0003227190007135672
A,0.1,5,True,6.0128275647584495,6.0,0.012827564758449483,0.5004618081522624,0.5,0.00046180815226237737,-0.2740284518121159,-0.274,-2.8451812115859454e-05
A,0.1,6,True,6.009398701369303,6.0,0.009398701369303097,0.5002793496992273,0.5,0.0002793496992272715,0.07242999034381604,0.073,-0.0005700096561839507
A,0.1,7,True,16.006309332062564,16.0,0.00630933206256401,0.5000584211641425,0.5,5.8421164142452575e-05,-0.1414249127916933,-0.141,-0.0004249127916933215
A,0.1,8,True,6.003153215723894,6.0,0.003153215723894043,0.5001007016307941,0.5,0.00010070163079411998,-0.06998945540001333,-0.07,1.0544599986672676e-05
A,0.1,9,True,7.010351483234207,7.0,0.010351483234207315,0.5004557912719491,0.5,0.00045579127194905755,-0.5897263312170029,-0.589,-0.0007263312170029401
A,0.1,10,True,5.9917694929556005,6.0,-0.008230507044399538,0.49971507655631664,0.5,-0.0002849234436833603,0.23541725430558372,0.235,0.0004172543055837308
A,0.1,11,True,6.005823530508978,6.0,0.005823530508978436,0.5001919524017013,0.5,0.0001919524017013341,0.5587601731342445,0.559,-0.00023982686575552137
A,0.1,12,True,8.00242421846481,8.0,0.002424218464810224,0.5000695910924838,0.5,6.959109248383388e-05,-0.6560361009498694,-0.656,-3.610094986938872e-05
A,0.1,13,True,5.992307854552739,6.0,-0.007692145447260934,0.49973767969807315,0.5,-0.00026232030192685496,-0.15529061135169037,-0.156,0.0007093886483096334
A,0.1,14,True,6.008779919431324,6.0,0.008779919431323613,0.5003433251834623,0.5,0.0003433251834622508,0.006570761684142693,0.007,-0.0004292383158573075
A,0.1,15,True,6.006715095670474,6.0,0.006715095670474014,0.5002282548410959,0.5,0.00022825484109589844,-0.20430238221849192,-0.204,-0.0003023822184919367
A,0.1,16,True,6.00938180628235,6.0,0.009381806282349636,0.5003124298826342,0.5,0.0003124298826342464,-0.20568751602907104,-0.205,-0.0006875160290710502
A,0.1,17,True,6.003814074560861,6.0,0.003814074560860803,0.5001161001708639,0.5,0.00011610017086394198,-0.17725261120578648,-0.177,-0.0002526112057864849
A,0.1,18,True,6.001390828660066,6.0,0.0013908286600656794,0.5000337406215977,0.5,3.3740621597666554e-05,-0.17893114376255734,-0.179,6.88562374426549e-05
A,0.1,19,True,6.004368002705394,6.0,0.004368002705393614,0.5001486479475465,0.5,0.00014864794754654298,-0.1820607539774856,-0.182,-6.075397748561695e-05
A,0.1,20,True,7.012452509307479,7.0,0.012452509307479431,0.5004411766584764,0.5,0.0004411766584764276,-0.5907881628400201,-0.59,-0.0007881628400201457
A,0.1,21,True,6.0090606897738335,6.0,0.009060689773833452,0.5002906388560376,0.5,0.0002906388560376394,0.23968395540724152,0.24,-0.00031604459275846875
A,0.1,22,True,5.996345190360602,6.0,-0.0036548096393982377,0.49987146340634914,0.5,-0.00012853659365086312,0.557648190297914,0.558,-0.0003518097020860367
A,0.1,23,True,7.990956583001579,8.0,-0.009043416998420817,0.4997648204881326,0.5,-0.0002351795118674116,-0.6570437111860086,-0.658,0.0009562888139914572
A,0.1,24,True,5.993123092694365,6.0,-0.0068769073056351715,0.4997446284199284,0.5,-0.0002553715800716061,-0.21471267453092166,-0.215,0.00028732546907833667
A,0.1,25,True,5.997943501277028,6.0,-0.0020564987229718668,0.4999592661253823,0.5,-4.0733874617726595e-05,-0.18982112556247133,-0.19,0.0001788744375286755
A,0.1,26,True,6.000733660209216,6.0,0.0007336602092156141,0.5000659013079534,0.5,6.590130795336435e-05,0.1162156673812944,0.116,0.00021566738129438767
A,0.1,27,True,6.992408503891137,7.0,-0.007591496108863005,0.4997391052449655,0.5,-0.0002608947550344909,-0.6041573872994126,-0.604,-0.00015738729941261465
A,0.1,28,True,5.998059526688978,6.0,-0.001940473311021762,0.49995962767229685,0.5,-4.037232770315313e-05,0.9019204889019149,0.901,0.0009204889019148732
A,0.1,29,True,6.999396242745477,7.0,-0.0006037572545229963,0.49997316485383286,0.5,-2.683514616713678e-05,-0.9083995829621131,-0.908,-0.0003995829621130653
A,0.1,30,True,6.997316752479226,7.0,-0.002683247520773868,0.4999150005696409,0.5,-8.499943035911173e-05,-0.9061622301566887,-0.906,-0.000162230156688703
A,0.1,31,True,7.00754959205232,7.0,0.0075495920523200866,0.5002289555520358,0.5,0.00022895555203583662,-0.5837639686298195,-0.584,0.00023603137018046727
A,0.1,32,True,5.983891851008299,6.0,-0.016108148991700766,0.4992870702126263,0.5,-0.0007129297873736951,0.23447569053584366,0.235,-0.0005243094641563251
A,0.1,33,True,6.013767868520774,6.0,0.013767868520774051,0.500516819374485,0.5,0.0005168193744850003,0.5635212079264201,0.563,0.0005212079264201863
A,0.1,34,True,7.997420868690281,8.0,-0.002579131309719429,0.499969605138637,0.5,-3.0394861363025605e-05,-0.6632852654067017,-0.663,-0.00028526540670170686
A,0.1,35,True,5.999657547530866,6.0,-0.0003424524691340025,0.49998962742125325,0.5,-1.0372578746753458e-05,-0.15262009365968351,-0.153,0.0003799063403164826
A,0.1,36,True,6.001155620766199,6.0,0.001155620766199128,0.500069499101267,0.5,6.949910126696768e-05,0.022242956014064067,0.022,0.0002429560140640684
A,0.1,37,True,7.000248777254807,7.0,0.0002487772548072087,0.5000251127893708,0.5,2.511278937078476e-05,-0.29598791384963496,-0.296,1.2086150365020476e-05
A,0.1,38,True,5.99964932046073,6.0,-0.00035067953927025997,0.499955171585956,0.5,-4.482841404401805e-05,-0.18246112739294498,-0.182,-0.0004611273929449877
A,0.1,39,True,6.003815308068163,6.0,0.0038153080681633256,0.5001115376491027,0.5,0.0001115376491026554,-0.012455386077156431,-0.012,-0.0004553860771564309
A,0.1,40,True,6.999891660738975,7.0,-0.00010833926102460367,0.500005594413528,0.5,5.594413527987285e-06,-0.22459316647057365,-0.225,0.0004068335294263592
A,0.1,41,True,6.999436411577846,7.0,-0.0005635884221542042,0.4999813251024,0.5,-1.8674897599990636e-05,-0.5680834106742161,-0.568,-8.341067421613335e-05
A,0.1,42,True,5.985957985779437,6.0,-0.014042014220563281,0.4994900919527605,0.5,-0.0005099080472394935,0.24575157435603726,0.246,-0.0002484256439627408
A,0.1,43,True,6.021306071012537,6.0,0.02130607101253723,0.5007992968849472,0.5,0.000799296884947176,0.570208368422569,0.57,0.00020836842256899413
A,0.1,44,True,7.987893923703809,8.0,-0.01210607629619087,0.4997397982690011,0.5,-0.000260201730998888,-0.6724009838110416,-0.673,0.0005990161889584122
A,0.1,45,True,6.01393370538275,6.0,0.013933705382750183,0.5005321311504219,0.5,0.0005321311504219439,-0.27595889368298365,-0.276,4.1106317016370575e-05
A,0.1,46,True,5.9989155364995375,6.0,-0.0010844635004625403,0.4999689991382605,0.5,-3.100086173951633e-05,0.7033771658127392,0.704,-0.0006228341872607235
A,0.1,47,True,8.003777754137044,8.0,0.0037777541370438428,0.5001024221917544,0.5,0.00010242219175438105,-0.7708007771365147,-0.771,0.00019922286348528218
A,0.1,48,True,8.004822354323347,8.0,0.004822354323346545,0.5001078722184451,0.5,0.0001078722184451042,-0.7610678435595049,-0.761,-6.784355950484322e-05
A,0.1,49,True,7.011123167441351,7.0,0.011123167441351,0.5005167940572542,0.5,0.000516794057254244,-0.5762656114348688,-0.575,-0.0012656114348688075
A,0.1,50,True,6.018006268732138,6.0,0.01800626873213762,0.501152667373224,0.5,0.0011526673732239479,0.23333350048102955,0.234,-0.0006664995189704648
A,0.1,51,True,6.016537367154084,6.0,0.016537367154083604,0.5006394809740775,0.5,0.0006394809740775109,0.566548026518026,0.568,-0.0014519734819739005
A,0.1,52,True,7.999274078834676,8.0,-0.0007259211653236619,0.4999848502251321,0.5,-1.5149774867884158e-05,-0.6804595706513396,-0.681,0.0005404293486604983
A,0.1,53,True,5.98952635464283,6.0,-0.010473645357169659,0.4996364390177179,0.5,-0.000363560982282074,-0.2063091991793387,-0.207,0.0006908008206612803
A,0.1,54,True,6.009575338152773,6.0,0.009575338152773227,0.500381487102936,0.5,0.00038148710293595123,-0.22265637911542235,-0.223,0.00034362088457765005
A,0.1,55,True,6.004246689291258,6.0,0.004246689291258043,0.5001400703077873,0.5,0.0001400703077872878,0.6918328370712319,0.693,-0.0011671629287680618
A,0.1,56,True,8.014394132302627,8.0,0.014394132302626872,0.5003822043437851,0.5,0.0003822043437851086,-0.7724293090374266,-0.772,-0.0004293090374265507
A,0.1,57,True,8.01032610362044,8.0,0.010326103620439397,0.5002513631826374,0.5,0.00025136318263740964,-0.7641861038251234,-0.764,-0.00018610382512340706
A,0.1,58,True,7.0158711472206345,7.0,0.01587114722063454,0.5005724111359536,0.5,0.0005724111359536321,-0.5852722373470176,-0.585,-0.00027223734701764535
A,0.1,59,True,5.984295989714937,6.0,-0.015704010285062964,0.4994286333869888,0.5,-0.0005713666130112149,0.23804759197688583,0.238,4.759197688583572e-05
A,0.1,60,True,6.00533602560673,6.0,0.005336025606729855,0.5001836481351839,0.5,0.00018364813518390033,0.5617195683886195,0.561,0.0007195683886194182
A,0.1,61,True,7.993229414653382,8.0,-0.006770585346617786,0.4998217501414568,0.5,-0.0001782498585432002,-0.6519518098597441,-0.652,4.81901402559215e-05
A,0.1,62,True,5.996608484794685,6.0,-0.003391515205315443,0.49989019214203334,0.5,-0.00010980785796665948,-0.21359089765656553,-0.214,0.00040910234343446983
A,0.1,63,True,6.001492732839624,6.0,0.0014927328396243666,0.5000738362819821,0.5,7.383628198209813e-05,-0.16395406968782342,-0.164,4.5930312176589716e-05
A,0.1,64,True,6.001620793516494,6.0,0.0016207935164942455,0.5000308111552993,0.5,3.0811155299348414e-05,-0.1914009282774611,-0.191,-0.0004009282774611045
A,0.1,65,True,6.0016164311240034,6.0,0.001616431124003448,0.5000536439409234,0.5,5.364394092344238e-05,0.037050190896207744,0.037,5.019089620774547e-05
A,0.1,66,True,6.9971224571168475,7.0,-0.0028775428831524508,0.49992418475301253,0.5,-7.581524698746511e-05,-0.39779215289309966,-0.398,0.00020784710690036068
A,0.1,67,True,7.0078137108315595,7.0,0.007813710831559462,0.5002845824959202,0.5,0.000284582495920227,-0.5797722170453686,-0.579,-0.0007722170453686727
A,0.1,68,True,6.007706803589201,6.0,0.007706803589201172,0.5017682694716892,0.5,0.0017682694716891767,0.1922043274262361,0.193,-0.0007956725737638948
A,0.1,69,True,6.003126792714024,6.0,0.0031267927140241625,0.5000653747902271,0.5,6.537479022705739e-05,0.5664344430092989,0.567,-0.0005655569907010438
A,0.1,70,True,7.993693790609568,8.0,-0.006306209390431583,0.4997947211807296,0.5,-0.0002052788192704047,-0.6702220265445299,-0.671,0.000777973455470149
A,0.1,71,True,6.010945732595284,6.0,0.010945732595284419,0.5003371803080172,0.5,0.0003371803080172153,0.07830273248347985,0.079,-0.0006972675165201475
A,0.1,72,True,7.995526042276748,8.0,-0.004473957723251765,0.49989910775253693,0.5,-0.00010089224746306913,-0.48840986364910455,-0.489,0.0005901363508954427
A,0.1,73,True,7.013919280522199,7.0,0.013919280522198818,0.5006095677277261,0.5,0.0006095677277261347,-0.5734258125216976,-0.573,-0.0004258125216975994
A,0.1,74,True,6.011744558963204,6.0,0.011744558963203922,0.5004078529717829,0.5,0.00040785297178291824,0.16845292391665787,0.169,-0.0005470760833421462
A,0.1,75,True,5.993663112450126,6.0,-0.006336887549873715,0.4997422674384807,0.5,-0.00025773256151928603,0.564995030825648,0.565,-4.9691743519986176e-06
A,0.1,76,True,7.995176709191956,8.0,-0.004823290808044334,0.49987009501611224,0.5,-0.00012990498388776306,-0.6584106430013948,-0.659,0.0005893569986051839
A,0.1,77,True,6.0117776163069365,6.0,0.011777616306936523,0.5003422700937067,0.5,0.00034227009370668693,0.23130543644571536,0.232,-0.0006945635542846551
A,0.1,78,True,7.9894913159747265,8.0,-0.010508684025273496,0.49968768839088484,0.5,-0.00031231160911515676,-0.4933530285095094,-0.494,0.0006469714904905888
A,0.1,79,True,6.006547429315042,6.0,0.006547429315041597,0.5002401012531345,0.5,0.0002401012531344504,-0.41323837214033776,-0.413,-0.00023837214033778364
A,0.1,80,True,7.000296147699759,7.0,0.0002961476997587198,0.5000081954324955,0.5,8.19543249552801e-06,-0.5859654503477041,-0.586,3.454965229587881e-05
A,0.1,81,True,6.003498258610053,6.0,0.003498258610052929,0.5001148412072084,0.5,0.00011484120720839375,0.23522387835230846,0.235,0.00022387835230847086
A,0.1,82,True,5.983812883920367,6.0,-0.016187116079633412,0.49946250291478883,0.5,-0.0005374970852111693,0.5604568975273393,0.561,-0.0005431024726607614
A,0.1,83,True,7.998728745149075,8.0,-0.0012712548509252741,0.499953973262127,0.5,-4.6026737873017254e-05,-0.6611867296153866,-0.662,0.0008132703846134293
A,0.1,84,True,5.989994521612396,6.0,-0.010005478387603794,0.49963102318200475,0.5,-0.00036897681799524795,-0.14776926850985417,-0.148,0.00023073149014582461
A,0.1,85,True,6.0057815740643266,6.0,0.005781574064326556,0.5002008852619608,0.5,0.0002008852619608259,-0.04379777272114304,-0.044,0.00020222727885695763
A,0.1,86,True,5.996115333703476,6.0,-0.003884666296523953,0.4998511183210808,0.5,-0.00014888167891918824,-0.1822052626630272,-0.182,-0.0002052626630272003
A,0.1,87,True,6.00550016545381,6.0,0.0055001654538102684,0.5002098818076552,0.5,0.00020988180765524334,-0.18252495813178513,-0.182,-0.0005249581317851304
A,0.1,88,True,6.012257680019641,6.0,0.01225768001964056,0.5004543365886172,0.5,0.00045433658861715465,-0.3341622104302308,-0.334,-0.0001622104302307914
A,0.1,89,True,6.00567847808579,6.0,0.00567847808579014,0.5001861147605595,0.5,0.00018611476055951925,-0.3449686044857873,-0.345,3.139551421266207e-05
A,0.1,90,True,6.0050751284157595,6.0,0.005075128415759522,0.500159119675947,0.5,0.00015911967594695042,0.40236388262645656,0.403,-0.0006361173735434655
A,0.1,91,True,8.007335033564926,8.0,0.007335033564926263,0.5001902823577349,0.5,0.00019028235773488333,-0.568206795418103,-0.568,-0.00020679541810308955
A,0.1,92,True,7.015615352668753,7.0,0.015615352668753246,0.5005299540559908,0.5,0.0005299540559907667,-0.5889797057184811,-0.589,2.029428151884005e-05
A,0.1,93,True,5.993615247097972,6.0,-0.006384752902027557,0.499797480357426,0.5,-0.00020251964257400612,0.23257540572130747,0.233,-0.0004245942786925416
A,0.1,94,True,5.990549279958274,6.0,-0.00945072004172598,0.4996470412914352,0.5,-0.00035295870856477674,0.5654850178820182,0.565,0.00048501788201826823
A,0.1,95,True,7.987159971757042,8.0,-0.012840028242957935,0.49968890482068407,0.5,-0.00031109517931593444,-0.6678884556231817,-0.669,0.0011115443768183741
A,0.1,96,True,6.015168281526603,6.0,0.015168281526602989,0.5005582552937038,0.5,0.000558255293703791,-0.13327726561518624,-0.133,-0.00027726561518623405
A,0.1,97,True,5.990884907701012,6.0,-0.009115092298988436,0.4996539651824951,0.5,-0.0003460348175048922,-0.17525430801189798,-0.175,-0.00025430801189799124
A,0.1,98,True,5.997939096857327,6.0,-0.002060903142672821,0.49993104306096775,0.5,-6.895693903224975e-05,-0.08265925500056791,-0.083,0.0003407449994320966
A,0.1,99,True,6.003468444295689,6.0,0.0034684442956889328,0.5001479479541905,0.5,0.000147947954190486,0.013816502010441718,0.013,0.0008165020104417189
A,0.1,100,True,6.99880091349672,7.0,-0.0011990865032798226,0.49998875001798854,0.5,-1.12499820114631e-05,-0.3098202297193806,-0.31,0.0001797702806193846
A,0.1,101,True,5.993156263418584,6.0,-0.006843736581416238,0.49977789521852073,0.5,-0.00022210478147927093,0.19474425694889608,0.195,-0.00025574305110392936
A,0.1,102,True,6.002424139843197,6.0,0.002424139843197004,0.5000921940967682,0.5,9.219409676819446e-05,-0.2305661951209784,-0.23,-0.0005661951209783855
A,0.1,103,True,5.998549882840059,6.0,-0.0014501171599405893,0.4999279091468931,0.5,-7.209085310688756e-05,-0.2677211950958359,-0.268,0.0002788049041640983
A,0.1,104,True,6.008199010175015,6.0,0.008199010175014898,0.5002720218764631,0.5,0.00027202187646313547,-0.21342277869456813,-0.213,-0.00042277869456813777
A,0.1,105,True,6.000098145991406,6.0,9.814599140600677e-05,0.4999902353609677,0.5,-9.764639032294742e-06,-0.1900513021127922,-0.19,-5.130211279219532e-05
A,0.1,106,True,6.998372164320009,7.0,-0.0016278356799910298,0.4999562448949685,0.5,-4.3755105031517694e-05,-0.5852514726434851,-0.585,-0.0002514726434851289
A,0.1,107,True,5.995476606142295,6.0,-0.004523393857705393,0.4998261350518066,0.5,-0.00017386494819338072,0.24436427075004613,0.244,0.0003642707500461362
A,0.1,108,True,5.984380997006052,6.0,-0.01561900299394825,0.49948891060536216,0.5,-0.0005110893946378425,0.5609673841011154,0.561,-3.261589888470251e-05
A,0.1,109,True,8.015005532462752,8.0,0.015005532462751603,0.5004527419164941,0.5,0.0004527419164941371,-0.6641336399927078,-0.664,-0.00013363999270776805
A,0.1,110,True,6.004147191149856,6.0,0.004147191149855622,0.5001470224785174,0.5,0.00014702247851738903,-0.23773611765290534,-0.238,0.00026388234709465164
A,0.1,111,True,5.997977279369919,6.0,-0.002022720630081132,0.4999338972735488,0.5,-6.610272645118931e-05,0.6722150166777507,0.673,-0.0007849833222492997
A,0.1,112,True,8.010626743106274,8.0,0.01062674310627365,0.5002832714417402,0.5,0.00028327144174022933,-0.6590993091723838,-0.659,-9.93091723837658e-05
A,0.1,113,True,7.010394215322312,7.0,0.010394215322311773,0.5003244780966568,0.5,0.0003244780966568106,-0.8722482645292967,-0.872,-0.0002482645292967156
A,0.1,114,True,7.012494613111047,7.0,0.012494613111046604,0.5003202468801694,0.5,0.00032024688016940583,-0.58425513873944,-0.584,-0.00025513873944005283
A,0.1,115,True,6.008613949148665,6.0,0.008613949148664979,0.500276318706987,0.5,0.0002763187069869666,0.23291147543051144,0.234,-0.0010885245694885748
A,0.1,116,True,6.017435793255435,6.0,0.017435793255435428,0.5005560954769868,0.5,0.0005560954769867621,0.5623696771310459,0.562,0.00036967713104585354
A,0.1,117,True,7.990735970026015,8.0,-0.00926402997398501,0.4997750566343447,0.5,-0.0002249433656553168,-0.6657266745302213,-0.666,0.0002733254697787624
A,0.1,118,True,6.005343846663043,6.0,0.005343846663042662,0.5001507034431996,0.5,0.00015070344319956241,-0.21233234602777976,-0.212,-0.00033234602777976185
A,0.1,119,True,5.993930377955932,6.0,-0.006069622044067913,0.49979338260875106,0.5,-0.00020661739124894218,-0.19015677073497492,-0.191,0.0008432292650250861
A,0.1,120,True,5.998017085995807,6.0,-0.001982914004193148,0.4999828671638924,0.5,-1.7132836107602856e-05,0.6669130322627694,0.667,-8.696773723060325e-05
A,0.1,121,True,8.010159669207335,8.0,0.010159669207334687,0.500279614482671,0.5,0.00027961448267099787,-0.6534571568574218,-0.653,-0.0004571568574217588
A,0.1,122,True,7.009283559637812,7.0,0.009283559637811578,0.50029501545608,0.5,0.00029501545608001667,-0.877569020056575,-0.877,-0.0005690200565749981
A,0.1,123,True,6.997980561656889,7.0,-0.002019438343110913,0.4999161755606159,0.5,-8.382443938409478e-05,-0.5584519914027265,-0.558,-0.0004519914027264482
A,0.1,124,True,6.017858337200067,6.0,0.017858337200067353,0.500563461393646,0.5,0.0005634613936460475,0.18560517701280504,0.186,-0.0003948229871949538
A,0.1,125,True,6.004434373500872,6.0,0.0044343735008718355,0.5001612798909693,0.5,0.000161279890969257,0.5732427322037809,0.574,-0.0007572677962190966
A,0.1,126,True,8.012787995446965,8.0,0.012787995446965184,0.5003797870855691,0.5,0.00037978708556907215,-0.6942066883532245,-0.694,-0.00020668835322457113
A,0.1,127,True,6.016691793494372,6.0,0.01669179349437222,0.5005386851526588,0.5,0.0005386851526587577,0.09530684872676838,0.096,-0.0006931512732316208
A,0.1,128,True,16.004458415643768,16.0,0.004458415643767921,0.5000395722785315,0.5,3.957227853146339e-05,-0.2852317518686912,-0.285,-0.00023175186869123232
A,0.1,129,True,7.014500655417205,7.0,0.01450065541720491,0.5004449679874916,0.5,0.0004449679874916068,-0.5919787692647047,-0.592,2.1230735295252323e-05
A,0.1,130,True,6.000609123828525,6.0,0.0006091238285250711,0.49997283296808687,0.5,-2.716703191313341e-05,0.2662922080276031,0.267,-0.0007077919723968984
A,0.1,131,True,6.016222743760516,6.0,0.016222743760516245,0.5005033212731917,0.5,0.000503321273191748,0.5598197317207574,0.56,-0.00018026827924266797
A,0.1,132,True,7.989671627621319,8.0,-0.010328372378681117,0.4997781220778381,0.5,-0.00022187792216188384,-0.6723727679823681,-0.673,0.000627232017631929
A,0.1,133,True,6.01589980930937,6.0,0.01589980930936985,0.5013695365364638,0.5,0.0013695365364637668,-0.3930691361489137,-0.392,-0.0010691361489136852
A,0.1,134,True,7.00050859738868,7.0,0.0005085973886798101,0.5000702272942616,0.5,7.022729426164886e-05,-0.5883544499607875,-0.588,-0.00035444996078748403
A,0.1,135,True,5.993841388802828,6.0,-0.0061586111971720925,0.4997528764546744,0.5,-0.00024712354532557823,0.21564189319771826,0.215,0.0006418931977182629
A,0.1,136,True,5.984269280445261,6.0,-0.015730719554738926,0.49953835778550376,0.5,-0.00046164221449623843,0.5593286866390139,0.56,-0.0006713133609861366
A,0.1,137,True,8.01513853011931,8.0,0.015138530119310545,0.5004341996811257,0.5,0.00043419968112567986,-0.6610587994326318,-0.661,-5.8799432631762016e-05
A,0.1,138,True,5.996142507492091,6.0,-0.0038574925079091216,0.49991645963268155,0.5,-8.35403673184465e-05,-0.004250637083751932,-0.005,0.0007493629162480678
A,0.1,139,True,6.008031316388111,6.0,0.008031316388111165,0.5003032845595919,0.5,0.0003032845595919431,-0.36268848616462357,-0.362,-0.0006884861646235807
A,0.1,140,True,5.999530364220355,6.0,-0.00046963577964476144,0.4999557674231818,0.5,-4.423257681818171e-05,-0.3603787088865191,-0.36,-0.00037870888651908574
A,0.1,141,True,7.015193757966544,7.0,0.015193757966543764,0.5006006345018823,0.5,0.0006006345018823023,-0.5897394107386635,-0.59,0.00026058926133643023
A,0.1,142,True,5.9919412991588334,6.0,-0.008058700841166555,0.49972224931232573,0.5,-0.0002777506876742719,0.21394993641301782,0.214,-5.006358698217417e-05
A,0.1,143,True,5.99365035486459,6.0,-0.006349645135410142,0.49979025852048975,0.5,-0.00020974147951025035,0.5604080946007671,0.56,0.0004080946007670727
A,0.1,144,True,7.999461011262184,8.0,-0.000538988737815771,0.4999984048882256,0.5,-1.5951117743884247e-06,-0.6567411934765854,-0.657,0.00025880652341458976
A,0.1,145,True,6.003361724918012,6.0,0.003361724918011788,0.5000839955179867,0.5,8.399551798665694e-05,-0.03214236841261193,-0.032,-0.00014236841261192762
A,0.1,146,True,6.009514578011343,6.0,0.009514578011343033,0.5002953441173635,0.5,0.0002953441173635385,-0.15465499746130848,-0.154,-0.0006549974613084819
A,0.1,147,True,6.0047325326915395,6.0,0.004732532691539504,0.5001791244759154,0.5,0.00017912447591539316,-0.3601001791917843,-0.36,-0.00010017919178428869
A,0.1,148,True,6.001003278812968,6.0,0.0010032788129681336,0.5000287688445499,0.5,2.876884454994233e-05,-0.3319114505969616,-0.332,8.854940303842929e-05
A,0.1,149,True,7.0066143994557875,7.0,0.006614399455787456,0.5001929367075135,0.5,0.00019293670751352465,-0.5934488891784582,-0.593,-0.00044888917845820053
A,0.1,150,True,6.014780303618807,6.0,0.014780303618806556,0.5005229245113534,0.5,0.0005229245113533842,0.24119426649780631,0.242,-0.0008057335021936785
A,0.1,151,True,6.006384154671989,6.0,0.006384154671988718,0.5001676031077169,0.5,0.00016760310771690712,0.5568929398603498,0.557,-0.00010706013965022798
A,0.1,152,True,8.001935676127822,8.0,0.0019356761278217505,0.5000678395915986,0.5,6.783959159861741e-05,-0.6632105594883133,-0.663,-0.00021055948831327775
A,0.1,153,True,6.001837267938494,6.0,0.001837267938493703,0.5000367754446622,0.5,3.677544466218485e-05,-0.2351673441621891,-0.235,-0.0001673441621891092
A,0.1,154,True,6.000290334605366,6.0,0.0002903346053662048,0.5000334472574827,0.5,3.344725748266608e-05,0.04936057419684642,0.049,0.00036057419684641656
A,0.1,155,True,5.993520902580588,6.0,-0.006479097419411772,0.4997822289917955,0.5,-0.00021777100820452588,-0.35873288948501014,-0.359,0.0002671105149898434
A,0.1,156,True,6.002650632490613,6.0,0.0026506324906128143,0.5000979267123963,0.5,9.792671239627904e-05,-0.36132431354571964,-0.361,-0.00032431354571965665
A,0.1,157,True,6.9874470441016765,7.0,-0.012552955898323503,0.4994835375664686,0.5,-0.0005164624335313728,-0.5653601947952471,-0.566,0.0006398052047528191
A,0.1,158,True,5.985770926979559,6.0,-0.01422907302044063,0.4994827772903634,0.5,-0.0005172227096366111,0.10836162669804499,0.108,0.0003616266980449867
A,0.1,159,True,6.0047948147044306,6.0,0.00479481470443055,0.5001718585302487,0.5,0.000171858530248703,0.5816571211653626,0.581,0.0006571211653626507
A,0.1,160,True,8.007288798738545,8.0,0.0072887987385446,0.5001994088739062,0.5,0.00019940887390623718,-0.6690888053820552,-0.668,-0.0010888053820551358
A,0.1,161,True,6.987815039966765,7.0,-0.01218496003323466,0.49958218910051355,0.5,-0.00041781089948644823,-0.3100892849877586,-0.31,-8.928498775861993e-05
A,0.1,162,True,5.986303289673823,6.0,-0.01369671032617692,0.4995170826585381,0.5,-0.0004829173414618859,0.1705622894747703,0.17,0.0005622894747703
A,0.1,163,True,6.00077333896172,6.0,0.0007733389617197162,0.5000673143776792,0.5,6.731437767915072e-05,0.5676288050031356,0.567,0.0006288050031356684
A,0.1,164,True,7.99779903936274,8.0,-0.002200960637259719,0.4999679521651073,0.5,-3.204783489269003e-05,-0.6701575587363077,-0.67,-0.00015755873630762807
A,0.1,165,True,6.00633341227964,6.0,0.006333412279640349,0.5002456488400392,0.5,0.0002456488400391921,-0.19602388096520706,-0.196,-2.388096520705707e-05
A,0.1,166,True,5.99701697766311,6.0,-0.0029830223368900732,0.49987511183474576,0.5,-0.0001248881652542444,-0.16531030970661445,-0.165,-0.00031030970661444224
A,0.1,167,True,6.011632433489834,6.0,0.011632433489833893,0.5004124464480426,0.5,0.00041244644804261377,0.020856591916995782,0.021,-0.0001434080830042192
A,0.1,168,True,7.996840672374233,8.0,-0.0031593276257666503,0.4999260692129296,0.5,-7.393078707040868e-05,-0.0002971993109066823,0.0,-0.0002971993109066823
B,0.1,1,False,6.978523059322711,7.0,-0.02147694067728878,0.5006700895866601,0.5,0.0006700895866601497,-0.5920876549816467,-0.592,-8.765498164675645e-05
B,0.1,2,False,5.999073840072247,6.0,-0.0009261599277525789,0.49973866680794166,0.5,-0.00026133319205834393,0.24397332288043877,0.244,-2.667711956122476e-05
B,0.1,3,False,5.971428491601137,6.0,-0.02857150839886291,0.5010547590387352,0.5,0.001054759038735198,0.5589789595555575,0.559,-2.104044444251052e-05
B,0.1,4,False,7.999031761186842,8.0,-0.0009682388131579955,0.4998623423840209,0.5,-0.0001376576159791143,-0.6649295124044131,-0.665,7.048759558692108e-05
B,0.1,5,False,5.9936023809368075,6.0,-0.006397619063192472,0.5004618081522624,0.5,0.00046180815226237737,-0.2740700859056141,-0.274,-7.008590561408123e-05
B,0.1,6,False,5.9992622724715226,6.0,-0.0007377275284774498,0.5002793496992273,0.5,0.0002793496992272715,0.07289344620461553,0.073,-0.00010655379538446197
B,0.1,7,False,16.001184038229063,16.0,0.0011840382290628781,0.5000584211641425,0.5,5.8421164142452575e-05,-0.14107196389739807,-0.141,-7.196389739808073e-05
B,0.1,8,False,6.001496711988264,6.0,0.0014967119882642876,0.5001007016307941,0.5,0.00010070163079411998,-0.0700530869611465,-0.07,-5.3086961146489586e-05
B,0.1,9,False,6.987691324198498,7.0,-0.012308675801501856,0.5004557912719491,0.5,0.00045579127194905755,-0.5890987298094498,-0.589,-9.872980944980458e-05
B,0.1,10,False,6.000298899343189,6.0,0.0002988993431891629,0.49971507655631664,0.5,-0.0002849234436833603,0.23508127447304794,0.235,8.127447304795421e-05
B,0.1,11,False,6.002331894410303,6.0,0.002331894410303015,0.5001919524017013,0.5,0.0001919524017013341,0.5588877048387185,0.559,-0.00011229516128152817
B,0.1,12,False,8.00126336068748,8.0,0.0012633606874796754,0.5000695910924838,0.5,6.959109248383388e-05,-0.6560388375540989,-0.656,-3.883755409883616e-05
B,0.1,13,False,6.001484353572524,6.0,0.0014843535725237444,0.49973767969807315,0.5,-0.00026232030192685496,-0.1558808960670238,-0.156,0.00011910393297620558
B,0.1,14,False,5.997025500223553,6.0,-0.002974499776446926,0.5003433251834623,0.5,0.0003433251834622508,0.006889166073391728,0.007,-0.00011083392660827217
B,0.1,15,False,5.999961962037702,6.0,-3.803796229817635e-05,0.5002282548410959,0.5,0.00022825484109589844,-0.20407365556217932,-0.204,-7.365556217933666e-05
B,0.1,16,False,5.99802606808055,6.0,-0.001973931919449612,0.5003124298826342,0.5,0.0003124298826342464,-0.20508176364399772,-0.205,-8.176364399772873e-05
B,0.1,17,False,6.0015326712224795,6.0,0.0015326712224794647,0.5001161001708639,0.5,0.00011610017086394198,-0.17707345874589608,-0.177,-7.345874589609336e-05
B,0.1,18,False,6.000565161654719,6.0,0.0005651616547188709,0.5000337406215977,0.5,3.3740621597666554e-05,-0.17903133293078555,-0.179,-3.133293078555477e-05
B,0.1,19,False,6.0013837261793626,6.0,0.0013837261793625544,0.5001486479475465,0.5,0.00014864794754654298,-0.1820569680909211,-0.182,-5.696809092109456e-05
B,0.1,20,False,6.989834170602097,7.0,-0.010165829397903003,0.5004411766584764,0.5,0.0004411766584764276,-0.590153134996845,-0.59,-0.00015313499684499465
B,0.1,21,False,6.000891818872387,6.0,0.0008918188723869847,0.5002906388560376,0.5,0.0002906388560376394,0.23995221347303394,0.24,-4.778652696604824e-05
B,0.1,22,False,5.9965407604106185,6.0,-0.0034592395893815464,0.49987146340634914,0.5,-0.00012853659365086312,0.5580219150272724,0.558,2.191502727233452e-05
B,0.1,23,False,8.003632431445533,8.0,0.0036324314455331574,0.4997648204881326,0.5,-0.0002351795118674116,-0.6578789803958289,-0.658,0.00012101960417110202
B,0.1,24,False,6.000469621286709,6.0,0.00046962128670902104,0.4997446284199284,0.5,-0.0002553715800716061,-0.21493000950505708,-0.215,6.999049494291198e-05
B,0.1,25,False,5.99913569739697,6.0,-0.0008643026030297207,0.4999592661253823,0.5,-4.0733874617726595e-05,-0.18996216953526307,-0.19,3.783046473693208e-05
B,0.1,26,False,6.0014049587295295,6.0,0.001404958729529504,0.5000659013079534,0.5,6.590130795336435e-05,0.11598716412799305,0.116,-1.2835872006955462e-05
B,0.1,27,False,7.001929350548759,7.0,0.0019293505487594231,0.4997391052449655,0.5,-0.0002608947550344909,-0.6039776906290256,-0.604,2.2309370974360476e-05
B,0.1,28,False,5.999261319028614,6.0,-0.0007386809713860742,0.49995962767229685,0.5,-4.037232770315313e-05,0.9011237382522043,0.901,0.00012373825220424184
B,0.1,29,False,6.999337392448898,7.0,-0.0006626075511020346,0.49997316485383286,0.5,-2.683514616713678e-05,-0.9080155556336508,-0.908,-1.5555633650743417e-05
B,0.1,30,False,6.998656321482323,7.0,-0.0013436785176770272,0.4999150005696409,0.5,-8.499943035911173e-05,-0.905965648384891,-0.906,3.4351615109007305e-05
B,0.1,31,False,7.000329216533353,7.0,0.0003292165333528274,0.5002289555520358,0.5,0.00022895555203583662,-0.5840160912901172,-0.584,-1.6091290117259405e-05
B,0.1,32,False,6.014224227250522,6.0,0.01422422725052197,0.4992870702126263,0.5,-0.0007129297873736951,0.23499752813063662,0.235,-2.4718693633629663e-06
B,0.1,33,False,5.995066256137212,6.0,-0.004933743862787665,0.500516819374485,0.5,0.0005168193744850003,0.5630103967272576,0.563,1.0396727257666605e-05
B,0.1,34,False,7.99862566577295,8.0,-0.0013743342270498005,0.499969605138637,0.5,-3.0394861363025605e-05,-0.6629843926100252,-0.663,1.5607389974858776e-05
B,0.1,35,False,6.00008582133066,6.0,8.582133065981878e-05,0.49998962742125325,0.5,-1.0372578746753458e-05,-0.15300236656544444,-0.153,-2.3665654444449125e-06
B,0.1,36,False,6.001385498526165,6.0,0.0013854985261652075,0.500069499101267,0.5,6.949910126696768e-05,0.022010262741829392,0.022,1.0262741829393518e-05
B,0.1,37,False,7.0002931770295636,7.0,0.00029317702956355163,0.5000251127893708,0.5,2.511278937078476e-05,-0.2960401203863851,-0.296,-4.012038638512294e-05
B,0.1,38,False,5.9990355781182565,6.0,-0.0009644218817435046,0.499955171585956,0.5,-4.482841404401805e-05,-0.18199748980905534,-0.182,2.5101909446600956e-06
B,0.1,39,False,6.001497339164428,6.0,0.0014973391644277356,0.5001115376491027,0.5,0.0001115376491026554,-0.01205801361650045,-0.012,-5.8013616500450504e-05
B,0.1,40,False,7.0001387130525465,7.0,0.0001387130525465352,0.500005594413528,0.5,5.594413527987285e-06,-0.22499594070210327,-0.225,4.0592978967357585e-06
B,0.1,41,False,6.999689665656024,7.0,-0.0003103343439763151,0.4999813251024,0.5,-1.8674897599990636e-05,-0.5680380942466654,-0.568,-3.8094246665454357e-05
B,0.1,42,False,6.006318371757924,6.0,0.006318371757924268,0.4994900919527605,0.5,-0.0005099080472394935,0.24605025002730116,0.246,5.0250027301163014e-05
B,0.1,43,False,5.982042523991008,6.0,-0.017957476008992224,0.5007992968849472,0.5,0.000799296884947176,0.5699813102223852,0.57,-1.8689777614766534e-05
B,0.1,44,False,8.003286826305313,8.0,0.003286826305313184,0.4997397982690011,0.5,-0.000260201730998888,-0.6728948297150024,-0.673,0.00010517028499767989
B,0.1,45,False,5.991748640461494,6.0,-0.008251359538506087,0.5005321311504219,0.5,0.0005321311504219439,-0.276051181615159,-0.276,-5.1181615158990557e-05
B,0.1,46,False,5.998461197399673,6.0,-0.001538802600326683,0.4999689991382605,0.5,-3.100086173951633e-05,0.7039094377124445,0.704,-9.056228755544016e-05
B,0.1,47,False,8.001581514634863,8.0,0.0015815146348625575,0.5001024221917544,0.5,0.00010242219175438105,-0.771023175642067,-0.771,-2.317564206699707e-05
B,0.1,48,False,8.001657169470432,8.0,0.0016571694704321516,0.5001078722184451,0.5,0.0001078722184451042,-0.7610390304232431,-0.761,-3.9030423243047174e-05
B,0.1,49,False,6.984174648174443,7.0,-0.015825351825556666,0.5005167940572542,0.5,0.000516794057254244,-0.5751292000463406,-0.575,-0.00012920004634064952
B,0.1,50,False,5.96008094284611,6.0,-0.03991905715388988,0.501152667373224,0.5,0.0011526673732239479,0.23387818949637015,0.234,-0.00012181050362986001
B,0.1,51,False,5.987590583578202,6.0,-0.01240941642179827,0.5006394809740775,0.5,0.0006394809740775109,0.5678807320806756,0.568,-0.00011926791932437286
B,0.1,52,False,7.999454854689243,8.0,-0.0005451453107570003,0.4999848502251321,0.5,-1.5149774867884158e-05,-0.6809612411769473,-0.681,3.875882305270917e-05
B,0.1,53,False,6.0042180759782235,6.0,0.0042180759782235455,0.4996364390177179,0.5,-0.000363560982282074,-0.2069082802583064,-0.207,9.171974169358554e-05
B,0.1,54,False,5.997056687278945,6.0,-0.0029433127210554133,0.500381487102936,0.5,0.00038148710293595123,-0.22304879803887556,-0.223,-4.8798038875558225e-05
B,0.1,55,False,6.0007381722956215,6.0,0.0007381722956214531,0.5001400703077873,0.5,0.0001400703077872878,0.6928494548012857,0.693,-0.0001505451987142692
B,0.1,56,False,7.990153875170269,8.0,-0.009846124829731018,0.5003822043437851,0.5,0.0003822043437851086,-0.7720629508639606,-0.772,-6.295086396057581e-05
B,0.1,57,False,7.996859943075932,8.0,-0.0031400569240682685,0.5002513631826374,0.5,0.00025136318263740964,-0.7640690565357265,-0.764,-6.905653572653048e-05
B,0.1,58,False,6.98426328493493,7.0,-0.015736715065069795,0.5005724111359536,0.5,0.0005724111359536321,-0.5851006831045746,-0.585,-0.00010068310457467256
B,0.1,59,False,6.008137429632188,6.0,0.008137429632188109,0.4994286333869888,0.5,-0.0005713666130112149,0.23806987526362275,0.238,6.987526362275953e-05
B,0.1,60,False,6.00283541840779,6.0,0.0028354184077903355,0.5001836481351839,0.5,0.00018364813518390033,0.5610234177045265,0.561,2.3417704526407235e-05
B,0.1,61,False,8.0002033934482,8.0,0.00020339344819930716,0.4998217501414568,0.5,-0.0001782498585432002,-0.6519621558932059,-0.652,3.784410679408268e-05
B,0.1,62,False,5.998710273456972,6.0,-0.00128972654302828,0.49989019214203334,0.5,-0.00010980785796665948,-0.21393392747822682,-0.214,6.607252177318057e-05
B,0.1,63,False,6.0013784590918835,6.0,0.0013784590918834994,0.5000738362819821,0.5,7.383628198209813e-05,-0.16403401013453744,-0.164,-3.401013453743773e-05
B,0.1,64,False,6.000525655184203,6.0,0.000525655184203444,0.5000308111552993,0.5,3.0811155299348414e-05,-0.1910533756994619,-0.191,-5.337569946189946e-05
B,0.1,65,False,6.0012563241278585,6.0,0.001256324127858477,0.5000536439409234,0.5,5.364394092344238e-05,0.03697573911352542,0.037,-2.4260886474579413e-05
B,0.1,66,False,6.99861309175117,7.0,-0.0013869082488300322,0.49992418475301253,0.5,-7.581524698746511e-05,-0.39794298249682825,-0.398,5.7017503171774564e-05
B,0.1,67,False,6.995813391618205,7.0,-0.004186608381795409,0.5002845824959202,0.5,0.000284582495920227,-0.5791347248241613,-0.579,-0.00013472482416132525
B,0.1,68,False,5.921657722808394,6.0,-0.0783422771916058,0.5017682694716892,0.5,0.0017682694716891767,0.192851202360375,0.193,-0.00014879763962499792
B,0.1,69,False,6.001843395697894,6.0,0.0018433956978940458,0.5000653747902271,0.5,6.537479022705739e-05,0.5670076811173259,0.567,7.681117325963882e-06
B,0.1,70,False,8.001386172014941,8.0,0.0013861720149410672,0.4997947211807296,0.5,-0.0002052788192704047,-0.6709357117882527,-0.671,6.428821174730981e-05
B,0.1,71,False,5.997646454299761,6.0,-0.002353545700239046,0.5003371803080172,0.5,0.0003371803080172153,0.07893319603082602,0.079,-6.680396917398135e-05
B,0.1,72,False,7.9987402557759,8.0,-0.0012597442241002454,0.49989910775253693,0.5,-0.00010089224746306913,-0.48892867192310724,-0.489,7.132807689275156e-05
B,0.1,73,False,6.979454325896842,7.0,-0.02054567410315844,0.5006095677277261,0.5,0.0006095677277261347,-0.573110485043761,-0.573,-0.00011048504376109936
B,0.1,74,False,5.995424867860595,6.0,-0.004575132139405191,0.5004078529717829,0.5,0.00040785297178291824,0.1689179013461093,0.169,-8.209865389072202e-05
B,0.1,75,False,6.0000391555663075,6.0,3.915556630751382e-05,0.4997422674384807,0.5,-0.00025773256151928603,0.5650695077862531,0.565,6.950778625314236e-05
B,0.1,76,False,8.00038346430102,8.0,0.00038346430102009776,0.49987009501611224,0.5,-0.00012990498388776306,-0.6589404532864442,-0.659,5.954671355579144e-05
B,0.1,77,False,5.997366516604949,6.0,-0.002633483395051428,0.5003422700937067,0.5,0.00034227009370668693,0.23191857100204033,0.232,-8.142899795968161e-05
B,0.1,78,False,8.006081389295963,8.0,0.00608138929596258,0.49968768839088484,0.5,-0.00031231160911515676,-0.49389631089572317,-0.494,0.00010368910427682732
B,0.1,79,False,5.99892853144076,6.0,-0.0010714685592398965,0.5002401012531345,0.5,0.0002401012531344504,-0.41308046869295384,-0.413,-8.046869295386117e-05
B,0.1,80,False,7.000151782607252,7.0,0.00015178260725168258,0.5000081954324955,0.5,8.19543249552801e-06,-0.5860113094619857,-0.586,-1.130946198568683e-05
B,0.1,81,False,6.002330094194693,6.0,0.0023300941946926557,0.5001148412072084,0.5,0.00011484120720839375,0.2349873824444084,0.235,-1.2617555591593055e-05
B,0.1,82,False,6.004272724078493,6.0,0.0042727240784934395,0.49946250291478883,0.5,-0.0005374970852111693,0.5609708658465701,0.561,-2.913415342997716e-05
B,0.1,83,False,7.999185416620063,8.0,-0.0008145833799373392,0.499953973262127,0.5,-4.6026737873017254e-05,-0.6618700585701504,-0.662,0.00012994142984967816
B,0.1,84,False,6.002757780454904,6.0,0.0027577804549041574,0.49963102318200475,0.5,-0.00036897681799524795,-0.14794826489717305,-0.148,5.1735102826938606e-05
B,0.1,85,False,6.002279233739606,6.0,0.0022792337396060347,0.5002008852619608,0.5,0.0002008852619608259,-0.043991255568574146,-0.044,8.744431425851407e-06
B,0.1,86,False,5.997978034712673,6.0,-0.002021965287326566,0.4998511183210808,0.5,-0.00014888167891918824,-0.18199851759112987,-0.182,1.4824088701292926e-06
B,0.1,87,False,5.999273859717771,6.0,-0.0007261402822287266,0.5002098818076552,0.5,0.00020988180765524334,-0.1821141716948409,-0.182,-0.00011417169484090328
B,0.1,88,False,5.994749795016687,6.0,-0.005250204983313189,0.5004543365886172,0.5,0.00045433658861715465,-0.3340304410460838,-0.334,-3.044104608379561e-05
B,0.1,89,False,6.001404434539783,6.0,0.001404434539782784,0.5001861147605595,0.5,0.00018611476055951925,-0.3450338594669918,-0.345,-3.385946699180353e-05
B,0.1,90,False,6.001115772867646,6.0,0.001115772867645859,0.500159119675947,0.5,0.00015911967594695042,0.4028242361572131,0.403,-0.0001757638427869468
B,0.1,91,False,7.999534231038984,8.0,-0.00046576896101591103,0.5001902823577349,0.5,0.00019028235773488333,-0.5680517899340112,-0.568,-5.1789934011226e-05
B,0.1,92,False,6.986218482056808,7.0,-0.013781517943192156,0.5005299540559908,0.5,0.0005299540559907667,-0.588996953976373,-0.589,3.0460236269957974e-06
B,0.1,93,False,5.997546614742375,6.0,-0.0024533852576249515,0.499797480357426,0.5,-0.00020251964257400612,0.23297206143608107,0.233,-2.7938563918944448e-05
B,0.1,94,False,6.00199146630367,6.0,0.0019914663036697533,0.4996470412914352,0.5,-0.00035295870856477674,0.5651562068038356,0.565,0.00015620680383565677
B,0.1,95,False,8.00562324675741,8.0,0.005623246757410882,0.49968890482068407,0.5,-0.00031109517931593444,-0.6688746345097603,-0.669,0.0001253654902397816
B,0.1,96,False,5.991248707187591,6.0,-0.008751292812409162,0.5005582552937038,0.5,0.000558255293703791,-0.13308955949072718,-0.133,-8.955949072717018e-05
B,0.1,97,False,6.0020685934155695,6.0,0.0020685934155695307,0.4996539651824951,0.5,-0.0003460348175048922,-0.17497416271257432,-0.175,2.5837287425667377e-05
B,0.1,98,False,5.998873384509671,6.0,-0.0011266154903291081,0.49993104306096775,0.5,-6.895693903224975e-05,-0.0829346984458311,-0.083,6.530155416890893e-05
B,0.1,99,False,6.00208277092604,6.0,0.002082770926040034,0.5001479479541905,0.5,0.000147947954190486,0.013039509881151382,0.013,3.9509881151382834e-05
B,0.1,100,False,6.999932162814742,7.0,-6.783718525760207e-05,0.49998875001798854,0.5,-1.12499820114631e-05,-0.3099787339987411,-0.31,2.1266001258901657e-05
B,0.1,101,False,5.998721551757548,6.0,-0.001278448242452157,0.49977789521852073,0.5,-0.00022210478147927093,0.19502121562886834,0.195,2.121562886833739e-05
B,0.1,102,False,6.000755060018918,6.0,0.0007550600189176748,0.5000921940967682,0.5,9.219409676819446e-05,-0.23010149219202977,-0.23,-0.00010149219202976179
B,0.1,103,False,5.999169225795902,6.0,-0.0008307742040978283,0.4999279091468931,0.5,-7.209085310688756e-05,-0.2679308090651974,-0.268,6.919093480262095e-05
B,0.1,104,False,5.999029514623809,6.0,-0.0009704853761913768,0.5002720218764631,0.5,0.00027202187646313547,-0.21306807423857144,-0.213,-6.807423857144168e-05
B,0.1,105,False,5.9997149893134925,6.0,-0.00028501068650754746,0.4999902353609677,0.5,-9.764639032294742e-06,-0.19001015215052341,-0.19,-1.0152150523412562e-05
B,0.1,106,False,6.999130194451656,7.0,-0.0008698055483442602,0.4999562448949685,0.5,-4.3755105031517694e-05,-0.5849937236213714,-0.585,6.276378628600199e-06
B,0.1,107,False,5.998715451385629,6.0,-0.001284548614370884,0.4998261350518066,0.5,-0.00017386494819338072,0.24409209099229348,0.244,9.20909922934865e-05
B,0.1,108,False,6.005454126335645,6.0,0.005454126335645348,0.49948891060536216,0.5,-0.0005110893946378425,0.5609903161786558,0.561,-9.68382134425294e-06
B,0.1,109,False,7.987699267846433,8.0,-0.012300732153566862,0.5004527419164941,0.5,0.0004527419164941371,-0.6640650469503169,-0.664,-6.504695031683827e-05
B,0.1,110,False,6.002094200807899,6.0,0.002094200807898794,0.5001470224785174,0.5,0.00014702247851738903,-0.2380027527281909,-0.238,-2.752728190918985e-06
B,0.1,111,False,5.99759567091805,6.0,-0.0024043290819504293,0.4999338972735488,0.5,-6.610272645118931e-05,0.6728682091342034,0.673,-0.00013179086579662158
B,0.1,112,False,7.996646220651206,8.0,-0.003353779348794106,0.5002832714417402,0.5,0.00028327144174022933,-0.6590395517571556,-0.659,-3.95517571555315e-05
B,0.1,113,False,6.99588891747937,7.0,-0.004111082520630305,0.5003244780966568,0.5,0.0003244780966568106,-0.8720449580649579,-0.872,-4.495806495785626e-05
B,0.1,114,False,6.996998285501491,7.0,-0.003001714498508612,0.5003202468801694,0.5,0.00032024688016940583,-0.5840687272650552,-0.584,-6.872726505524618e-05
B,0.1,115,False,5.998090805054709,6.0,-0.0019091949452914037,0.500276318706987,0.5,0.0002763187069869666,0.23382176409758032,0.234,-0.00017823590241969334
B,0.1,116,False,5.99512315548999,6.0,-0.0048768445100098035,0.5005560954769868,0.5,0.0005560954769867621,0.562064322416372,0.562,6.432241637199798e-05
B,0.1,117,False,8.00227696682332,8.0,0.0022769668233202367,0.4997750566343447,0.5,-0.0002249433656553168,-0.6659500212971367,-0.666,4.997870286338468e-05
B,0.1,118,False,6.001945750627229,6.0,0.0019457506272289038,0.5001507034431996,0.5,0.00015070344319956241,-0.2120754850665334,-0.212,-7.548506653340392e-05
B,0.1,119,False,6.000464478173966,6.0,0.0004644781739662207,0.49979338260875106,0.5,-0.00020661739124894218,-0.19088415841163314,-0.191,0.00011584158836686065
B,0.1,120,False,5.999345034818943,6.0,-0.000654965181056788,0.4999828671638924,0.5,-1.7132836107602856e-05,0.6669369174563554,0.667,-6.30825436446214e-05
B,0.1,121,False,7.995337625823341,8.0,-0.004662374176659156,0.500279614482671,0.5,0.00027961448267099787,-0.653057831338424,-0.653,-5.783133842396371e-05
B,0.1,122,False,6.995737789706633,7.0,-0.0042622102933673744,0.50029501545608,0.5,0.00029501545608001667,-0.877067930503113,-0.877,-6.793050311304505e-05
B,0.1,123,False,6.998396458669337,7.0,-0.0016035413306632051,0.4999161755606159,0.5,-8.382443938409478e-05,-0.5580670342878594,-0.558,-6.703428785936882e-05
B,0.1,124,False,5.992549603074455,6.0,-0.007450396925545277,0.500563461393646,0.5,0.0005634613936460475,0.18594815835291037,0.186,-5.1841647089628795e-05
B,0.1,125,False,6.000370849736718,6.0,0.00037084973671763777,0.5001612798909693,0.5,0.000161279890969257,0.5738410970260107,0.574,-0.00015890297398923892
B,0.1,126,False,7.992537260421948,8.0,-0.007462739578052435,0.5003797870855691,0.5,0.00037978708556907215,-0.694094452398446,-0.694,-9.445239844607656e-05
B,0.1,127,False,5.990470641046612,6.0,-0.009529358953387579,0.5005386851526588,0.5,0.0005386851526587577,0.09588878306234305,0.096,-0.0001112169376569494
B,0.1,128,False,16.001520799524652,16.0,0.0015207995246520056,0.5000395722785315,0.5,3.957227853146339e-05,-0.2850592456256687,-0.285,-5.92456256687246e-05
B,0.1,129,False,6.992975936949453,7.0,-0.007024063050547369,0.5004449679874916,0.5,0.0004449679874916068,-0.5920596728703931,-0.592,-5.967287039310154e-05
B,0.1,130,False,5.998778834357202,6.0,-0.001221165642798283,0.49997283296808687,0.5,-2.716703191313341e-05,0.2669412472919751,0.267,-5.8752708024911726e-05
B,0.1,131,False,5.995876754218752,6.0,-0.004123245781247675,0.5005033212731917,0.5,0.000503321273191748,0.5599682982967306,0.56,-3.1701703269493287e-05
B,0.1,132,False,8.000595740710672,8.0,0.0005957407106720325,0.4997781220778381,0.5,-0.00022187792216188384,-0.67287198564433,-0.673,0.00012801435567000308
B,0.1,133,False,5.944752634282496,6.0,-0.05524736571750388,0.5013695365364638,0.5,0.0013695365364637668,-0.3921298132373578,-0.392,-0.00012981323735777872
B,0.1,134,False,7.0012208719527536,7.0,0.001220871952753555,0.5000702272942616,0.5,7.022729426164886e-05,-0.5881249431597418,-0.588,-0.00012494315974187487
B,0.1,135,False,6.000834587962898,6.0,0.0008345879628981479,0.4997528764546744,0.5,-0.00024712354532557823,0.21513244917211333,0.215,0.0001324491721133303
B,0.1,136,False,6.003269692863312,6.0,0.0032696928633120237,0.49953835778550376,0.5,-0.00046164221449623843,0.5599323346921524,0.56,-6.76653078476308e-05
B,0.1,137,False,7.988514685542525,8.0,-0.011485314457474693,0.5004341996811257,0.5,0.00043419968112567986,-0.6610522800581943,-0.661,-5.228005819424286e-05
B,0.1,138,False,5.998459823985113,6.0,-0.0015401760148874288,0.49991645963268155,0.5,-8.35403673184465e-05,-0.0049318352974240766,-0.005,6.816470257592355e-05
B,0.1,139,False,5.997052856248567,6.0,-0.0029471437514327903,0.5003032845595919,0.5,0.0003032845595919431,-0.36208412803021595,-0.362,-8.41280302159575e-05
B,0.1,140,False,5.99920683158997,6.0,-0.0007931684100297431,0.4999557674231818,0.5,-4.423257681818171e-05,-0.3599762838711087,-0.36,2.3716128891293486e-05
B,0.1,141,False,6.984351261251617,7.0,-0.015648738748383018,0.5006006345018823,0.5,0.0006006345018823023,-0.590002699613046,-0.59,-2.6996130459977508e-06
B,0.1,142,False,6.000277391456625,6.0,0.0002773914566249758,0.49972224931232573,0.5,-0.0002777506876742719,0.21403852931020537,0.214,3.852931020537076e-05
B,0.1,143,False,5.998839564442276,6.0,-0.0011604355577237158,0.49979025852048975,0.5,-0.00020974147951025035,0.5600671533075724,0.56,6.715330757234295e-05
B,0.1,144,False,8.000146902535864,8.0,0.00014690253586380209,0.4999984048882256,0.5,-1.5951117743884247e-06,-0.6569715354168447,-0.657,2.8464583155307643e-05
B,0.1,145,False,6.001734138300922,6.0,0.0017341383009217282,0.5000839955179867,0.5,8.399551798665694e-05,-0.03207012709839424,-0.032,-7.012709839424036e-05
B,0.1,146,False,5.998258411588046,6.0,-0.0017415884119538205,0.5002953441173635,0.5,0.0002953441173635385,-0.15409846410937666,-0.154,-9.846410937666694e-05
B,0.1,147,False,6.000164190382372,6.0,0.0001641903823719204,0.5001791244759154,0.5,0.00017912447591539316,-0.36005426080889513,-0.36,-5.426080889514573e-05
B,0.1,148,False,6.0005099779410065,6.0,0.0005099779410064897,0.5000287688445499,0.5,2.876884454994233e-05,-0.332009743378983,-0.332,-9.743378982962625e-06
B,0.1,149,False,7.000054961177468,7.0,5.496117746783824e-05,0.5001929367075135,0.5,0.00019293670751352465,-0.5930708318467585,-0.593,-7.083184675849008e-05
B,0.1,150,False,5.9921116506670895,6.0,-0.007888349332910494,0.5005229245113534,0.5,0.0005229245113533842,0.2418608599307617,0.242,-0.00013914006923829159
B,0.1,151,False,6.00199056890217,6.0,0.0019905689021699757,0.5001676031077169,0.5,0.00016760310771690712,0.5569335452799422,0.557,-6.645472005784026e-05
B,0.1,152,False,8.001000627130207,8.0,0.001000627130206766,0.5000678395915986,0.5,6.783959159861741e-05,-0.6630456741919669,-0.663,-4.567419196688238e-05
B,0.1,153,False,6.0007630355921115,6.0,0.0007630355921115495,0.5000367754446622,0.5,3.677544466218485e-05,-0.23502537934309076,-0.235,-2.5379343090770057e-05
B,0.1,154,False,6.000766784086116,6.0,0.000766784086115635,0.5000334472574827,0.5,3.344725748266608e-05,0.04899129878205624,0.049,-8.701217943760109e-06
B,0.1,155,False,6.000222081464839,6.0,0.00022208146483926328,0.4997822289917955,0.5,-0.00021777100820452588,-0.35891027389210495,-0.359,8.972610789503843e-05
B,0.1,156,False,6.001057797086273,6.0,0.0010577970862728492,0.5000979267123963,0.5,9.792671239627904e-05,-0.36105947571918223,-0.361,-5.947571918224481e-05
B,0.1,157,False,7.014472330088219,7.0,0.014472330088218577,0.4994835375664686,0.5,-0.0005164624335313728,-0.5658793816819448,-0.566,0.00012061831805509904
B,0.1,158,False,6.0080864110486205,6.0,0.008086411048620512,0.4994827772903634,0.5,-0.0005172227096366111,0.10806798813527452,0.108,6.798813527451875e-05
B,0.1,159,False,6.002855930663327,6.0,0.002855930663327122,0.5001718585302487,0.5,0.000171858530248703,0.5809976309877122,0.581,-2.369012287783967e-06
B,0.1,160,False,7.997651222409645,8.0,-0.0023487775903552333,0.5001994088739062,0.5,0.00019940887390623718,-0.6681258779858793,-0.668,-0.00012587798587926358
B,0.1,161,False,7.00680713631038,7.0,0.006807136310380102,0.49958218910051355,0.5,-0.00041781089948644823,-0.3099573651610734,-0.31,4.263483892658071e-05
B,0.1,162,False,6.006324878947582,6.0,0.0063248789475816025,0.4995170826585381,0.5,-0.0004829173414618859,0.17004607042291117,0.17,4.60704229111597e-05
B,0.1,163,False,6.002123343119694,6.0,0.0021233431196936436,0.5000673143776792,0.5,6.731437767915072e-05,0.5670636712552493,0.567,6.367125524930906e-05
B,0.1,164,False,7.998677682162623,8.0,-0.0013223178373769073,0.4999679521651073,0.5,-3.204783489269003e-05,-0.66999677354259,-0.67,3.226457410021588e-06
B,0.1,165,False,6.000191054353033,6.0,0.0001910543530332376,0.5002456488400392,0.5,0.0002456488400391921,-0.19605894951972724,-0.196,-5.8949519727236055e-05
B,0.1,166,False,5.998148122103086,6.0,-0.0018518778969136562,0.49987511183474576,0.5,-0.0001248881652542444,-0.1649707944674017,-0.165,2.9205532598303163e-05
B,0.1,167,False,5.995687728241293,6.0,-0.004312271758706743,0.5004124464480426,0.5,0.00041244644804261377,0.020956377814864462,0.021,-4.362218513553895e-05
B,0.1,168,False,7.997802295517093,8.0,-0.0021977044829073478,0.4999260692129296,0.5,-7.393078707040868e-05,2.8433046255319396e-05,0.0,2.8433046255319396e-05
input,0.5,1,,7.014983454261828,7.0,0.014983454261828122,0.5006700895866601,0.5,0.0006700895866601497,-0.5930831725930814,-0.592,-0.0010831725930814384
input,0.5,2,,5.9911146565021225,6.0,-0.008885343497877507,0.49973866680794166,0.5,-0.00026133319205834393,0.24515494342880295,0.244,0.001154943428802957
input,0.5,3,,6.018750736346137,6.0,0.018750736346136776,0.5010547590387352,0.5,0.001054759038735198,0.5615401618309154,0.559,0.0025401618309153218
input,0.5,4,,8.000017983317747,8.0,1.7983317746939065e-05,0.4998623423840209,0.5,-0.0001376576159791143,-0.6675525948377169,-0.665,-0.0025525948377168595
input,0.5,5,,6.020044223588184,6.0,0.020044223588183918,0.5004618081522624,0.5,0.00046180815226237737,-0.27592169482640605,-0.274,-0.0019216948264060285
input,0.5,6,,6.014140818106266,6.0,0.014140818106265662,0.5002793496992273,0.5,0.0002793496992272715,0.07241739042966526,0.073,-0.0005826095703347356
input,0.5,7,,16.004920537409042,16.0,0.00492053740904197,0.5000584211641425,0.5,5.8421164142452575e-05,-0.1410880220852972,-0.141,-8.80220852972069e-05
input,0.5,8,,6.00324317981215,6.0,0.0032431798121503874,0.5001007016307941,0.5,0.00010070163079411998,-0.07018134995555728,-0.07,-0.00018134995555726952
input,0.5,9,,7.0163979412176385,7.0,0.01639794121763849,0.5004557912719491,0.5,0.00045579127194905755,-0.5917472431261869,-0.589,-0.0027472431261869046
input,0.5,10,,5.991432004078723,6.0,-0.008567995921277216,0.49971507655631664,0.5,-0.0002849234436833603,0.23614193964111108,0.235,0.0011419396411110894
input,0.5,11,,6.007855572415117,6.0,0.007855572415117251,0.5001919524017013,0.5,0.0001919524017013341,0.5600298444661562,0.559,0.0010298444661561712
input,0.5,12,,8.002095805827139,8.0,0.0020958058271389746,0.5000695910924838,0.5,6.959109248383388e-05,-0.6565552178636033,-0.656,-0.0005552178636032412
input,0.5,13,,5.992402145543509,6.0,-0.007597854456490971,0.49973767969807315,0.5,-0.00026232030192685496,-0.1558177907235096,-0.156,0.00018220927649040264
input,0.5,14,,6.008579772181128,6.0,0.008579772181128043,0.5003433251834623,0.5,0.0003433251834622508,0.006249303535987528,0.007,-0.000750696464012472
input,0.5,15,,6.004883154460864,6.0,0.00488315446086407,0.5002282548410959,0.5,0.00022825484109589844,-0.20415580891952737,-0.204,-0.0001558089195273782
input,0.5,16,,6.006806121791227,6.0,0.006806121791226971,0.5003124298826342,0.5,0.0003124298826342464,-0.20483740713516602,-0.205,0.0001625928648339714
input,0.5,17,,6.003412188510764,6.0,0.0034121885107643024,0.5001161001708639,0.5,0.00011610017086394198,-0.17748371439361021,-0.177,-0.00048371439361022395
input,0.5,18,,6.003161455030835,6.0,0.003161455030834759,0.5000337406215977,0.5,3.3740621597666554e-05,-0.17961841650639468,-0.179,-0.0006184165063946867
input,0.5,19,,6.005784928528115,6.0,0.005784928528115074,0.5001486479475465,0.5,0.00014864794754654298,-0.1817884143057506,-0.182,0.00021158569424939433
input,0.5,20,,7.002774916227775,7.0,0.002774916227775037,0.5004411766584764,0.5,0.0004411766584764276,-0.5922422527389682,-0.59,-0.0022422527389682756
input,0.5,21,,6.00191231796303,6.0,0.0019123179630300413,0.5002906388560376,0.5,0.0002906388560376394,0.23952245717827536,0.24,-0.00047754282172463025
input,0.5,22,,5.984881625455935,6.0,-0.015118374544065283,0.49987146340634914,0.5,-0.00012853659365086312,0.5630537607707612,0.558,0.00505376077076114
input,0.5,23,,7.991642808845202,8.0,-0.008357191154797938,0.4997648204881326,0.5,-0.0002351795118674116,-0.6592100995526017,-0.658,-0.0012100995526016511
input,0.5,24,,6.00271250119292,6.0,0.0027125011929198806,0.4997446284199284,0.5,-0.0002553715800716061,-0.21637781486550667,-0.215,-0.0013778148655066713
input,0.5,25,,5.996403339237467,6.0,-0.003596660762532622,0.4999592661253823,0.5,-4.0733874617726595e-05,-0.18844604434511802,-0.19,0.0015539556548819777
input,0.5,26,,5.998177579791406,6.0,-0.0018224202085939112,0.5000659013079534,0.5,6.590130795336435e-05,0.11655186642593443,0.116,0.0005518664259344247
input,0.5,27,,6.998492121508055,7.0,-0.0015078784919451138,0.4997391052449655,0.5,-0.0002608947550344909,-0.6067719196971818,-0.604,-0.002771919697181824
input,0.5,28,,5.994366702985237,6.0,-0.005633297014762562,0.49995962767229685,0.5,-4.037232770315313e-05,0.9060425462350856,0.901,0.005042546235085599
input,0.5,29,,6.999038443909977,7.0,-0.0009615560900231301,0.49997316485383286,0.5,-2.683514616713678e-05,-0.9100635519892915,-0.908,-0.0020635519892914234
input,0.5,30,,6.997063842524171,7.0,-0.002936157475828871,0.4999150005696409,0.5,-8.499943035911173e-05,-0.9077286175964042,-0.906,-0.0017286175964041917
input,0.5,31,,7.013791787974003,7.0,0.013791787974002823,0.5002289555520358,0.5,0.00022895555203583662,-0.5854998332693226,-0.584,-0.0014998332693226812
input,0.5,32,,5.985190090244748,6.0,-0.014809909755252093,0.4992870702126263,0.5,-0.0007129297873736951,0.2318167778585097,0.235,-0.0031832221414902773
input,0.5,33,,6.008587026641086,6.0,0.008587026641086126,0.500516819374485,0.5,0.0005168193744850003,0.5679129060187781,0.563,0.00491290601877814
input,0.5,34,,8.000080226487242,8.0,8.022648724193004e-05,0.499969605138637,0.5,-3.0394861363025605e-05,-0.6656972664294503,-0.663,-0.002697266429450229
input,0.5,35,,6.006368341157411,6.0,0.006368341157410917,0.49998962742125325,0.5,-1.0372578746753458e-05,-0.15139911485230276,-0.153,0.0016008851476972397
input,0.5,36,,6.00249832562085,6.0,0.0024983256208503946,0.500069499101267,0.5,6.949910126696768e-05,0.020920799160572483,0.022,-0.001079200839427516
input,0.5,37,,6.998678845834407,7.0,-0.0013211541655930858,0.5000251127893708,0.5,2.511278937078476e-05,-0.2957493317525387,-0.296,0.00025066824746128313
input,0.5,38,,5.997468598972132,6.0,-0.0025314010278680854,0.499955171585956,0.5,-4.482841404401805e-05,-0.18107762754561377,-0.182,0.0009223724543862277
input,0.5,39,,6.003989059280588,6.0,0.003989059280588236,0.5001115376491027,0.5,0.0001115376491026554,-0.012250264344253203,-0.012,-0.0002502643442532024
input,0.5,40,,6.999599753182412,7.0,-0.00040024681758765723,0.500005594413528,0.5,5.594413527987285e-06,-0.22528436443186148,-0.225,-0.0002843644318614724
input,0.5,41,,6.992896301282652,7.0,-0.007103698717347839,0.4999813251024,0.5,-1.8674897599990636e-05,-0.5679168796323183,-0.568,8.312036768165498e-05
input,0.5,42,,5.991758248235055,6.0,-0.008241751764945349,0.4994900919527605,0.5,-0.0005099080472394935,0.2451278981180185,0.246,-0.0008721018819815018
input,0.5,43,,6.030520914784274,6.0,0.03052091478427421,0.5007992968849472,0.5,0.000799296884947176,0.5694550218062292,0.57,-0.000544978193770751
input,0.5,44,,7.987184960882033,8.0,-0.01281503911796733,0.4997397982690011,0.5,-0.000260201730998888,-0.6721574523114605,-0.673,0.00084254768853953
input,0.5,45,,6.018694027213548,6.0,0.018694027213547848,0.5005321311504219,0.5,0.0005321311504219439,-0.27754199694820614,-0.276,-0.0015419969482061147
input,0.5,46,,5.992026822245847,6.0,-0.007973177754153404,0.4999689991382605,0.5,-3.100086173951633e-05,0.706876456441694,0.704,0.0028764564416939864
input,0.5,47,,8.00541426366614,8.0,0.005414263666139618,0.5001024221917544,0.5,0.00010242219175438105,-0.7723108319880831,-0.771,-0.0013108319880831276
input,0.5,48,,8.007099402144135,8.0,0.00709940214413507,0.5001078722184451,0.5,0.0001078722184451042,-0.7629380404923896,-0.761,-0.0019380404923895478
input,0.5,49,,7.016539415255735,7.0,0.016539415255735435,0.5005167940572542,0.5,0.000516794057254244,-0.5774173613034627,-0.575,-0.002417361303462706
input,0.5,50,,6.004812098828647,6.0,0.00481209882864686,0.501152667373224,0.5,0.0011526673732239479,0.23480139990595308,0.234,0.0008013999059530708
input,0.5,51,,6.0120219434368165,6.0,0.012021943436816507,0.5006394809740775,0.5,0.0006394809740775109,0.5683236692747908,0.568,0.00032366927479088314
input,0.5,52,,8.004840320144472,8.0,0.004840320144472443,0.4999848502251321,0.5,-1.5149774867884158e-05,-0.6827206838283194,-0.681,-0.0017206838283193582
input,0.5,53,,5.987480554609047,6.0,-0.012519445390952733,0.4996364390177179,0.5,-0.000363560982282074,-0.20632812027195213,-0.207,0.0006718797280478583
input,0.5,54,,6.0029672679037445,6.0,0.002967267903744464,0.500381487102936,0.5,0.00038148710293595123,-0.2233134552370602,-0.223,-0.00031345523706019507
input,0.5,55,,5.995312646979002,6.0,-0.004687353020997875,0.5001400703077873,0.5,0.0001400703077872878,0.6964611381390307,0.693,0.003461138139030706
input,0.5,56,,8.02151796449982,8.0,0.021517964499819797,0.5003822043437851,0.5,0.0003822043437851086,-0.7757316681821992,-0.772,-0.003731668182199166
input,0.5,57,,8.008651024461109,8.0,0.008651024461109103,0.5002513631826374,0.5,0.00025136318263740964,-0.7655653240974853,-0.764,-0.0015653240974853322
input,0.5,58,,7.01074858969169,7.0,0.01074858969168968,0.5005724111359536,0.5,0.0005724111359536321,-0.5864639607948946,-0.585,-0.0014639607948946365
input,0.5,59,,5.976233357182562,6.0,-0.023766642817437678,0.4994286333869888,0.5,-0.0005713666130112149,0.2396253684077846,0.238,0.0016253684077845998
input,0.5,60,,5.992213027677664,6.0,-0.007786972322335828,0.5001836481351839,0.5,0.00018364813518390033,0.5678492784755527,0.561,0.0068492784755526115
input,0.5,61,,7.991544717741476,8.0,-0.008455282258523766,0.4998217501414568,0.5,-0.0001782498585432002,-0.6542626376661337,-0.652,-0.00226263766613366
input,0.5,62,,5.999342562055407,6.0,-0.0006574379445929424,0.49989019214203334,0.5,-0.00010980785796665948,-0.2145476498958849,-0.214,-0.0005476498958849052
input,0.5,63,,6.000311078920342,6.0,0.0003110789203422115,0.5000738362819821,0.5,7.383628198209813e-05,-0.1637804481628043,-0.164,0.00021955183719571392
input,0.5,64,,5.9958007887745985,6.0,-0.004199211225401456,0.5000308111552993,0.5,3.0811155299348414e-05,-0.19013597953596206,-0.191,0.0008640204640379401
input,0.5,65,,6.001302370113633,6.0,0.001302370113632989,0.5000536439409234,0.5,5.364394092344238e-05,0.036261745381191035,0.037,-0.0007382546188089631
input,0.5,66,,6.996389046442343,7.0,-0.0036109535576569485,0.49992418475301253,0.5,-7.581524698746511e-05,-0.39739852758845357,-0.398,0.0006014724115464554
input,0.5,67,,7.00890571837519,7.0,0.008905718375189942,0.5002845824959202,0.5,0.000284582495920227,-0.5858335584577126,-0.579,-0.006833558457712607
input,0.5,68,,6.034792240570639,6.0,0.03479224057063934,0.5017682694716892,0.5,0.0017682694716891767,0.1943543736193163,0.193,0.0013543736193162847
input,0.5,69,,6.000885598586931,6.0,0.0008855985869313798,0.5000653747902271,0.5,6.537479022705739e-05,0.5678154203112241,0.567,0.0008154203112241687
input,0.5,70,,7.9992099232642815,8.0,-0.0007900767357185146,0.4997947211807296,0.5,-0.0002052788192704047,-0.6735074613269884,-0.671,-0.002507461326988314
input,0.5,71,,6.00743764143059,6.0,0.007437641430589892,0.5003371803080172,0.5,0.0003371803080172153,0.0772368487153601,0.079,-0.0017631512846398995
input,0.5,72,,7.991388003224491,8.0,-0.00861199677550939,0.49989910775253693,0.5,-0.00010089224746306913,-0.4871785880602163,-0.489,0.0018214119397836903
input,0.5,73,,7.01582143444077,7.0,0.015821434440770332,0.5006095677277261,0.5,0.0006095677277261347,-0.5736822728696098,-0.573,-0.0006822728696098679
input,0.5,74,,6.02203768104662,6.0,0.022037681046620072,0.5004078529717829,0.5,0.00040785297178291824,0.16599491890595575,0.169,-0.003005081094044265
input,0.5,75,,5.992724803933239,6.0,-0.007275196066760969,0.4997422674384807,0.5,-0.00025773256151928603,0.5688218588099397,0.565,0.003821858809939793
input,0.5,76,,7.999248951758943,8.0,-0.000751048241056651,0.49987009501611224,0.5,-0.00012990498388776306,-0.660440189914862,-0.659,-0.0014401899148619446
input,0.5,77,,6.0111454856289,6.0,0.01114548562889972,0.5003422700937067,0.5,0.00034227009370668693,0.23258819692691582,0.232,0.0005881969269158072
input,0.5,78,,7.993570124715773,8.0,-0.006429875284227116,0.49968768839088484,0.5,-0.00031231160911515676,-0.4944323055436806,-0.494,-0.00043230554368062224
input,0.5,79,,6.005774613214969,6.0,0.005774613214969193,0.5002401012531345,0.5,0.0002401012531344504,-0.4131831975008122,-0.413,-0.00018319750081224884
input,0.5,80,,7.014136777717684,7.0,0.014136777717683735,0.5000081954324955,0.5,8.19543249552801e-06,-0.5882618734715712,-0.586,-0.002261873471571252
input,0.5,81,,5.99820322496959,6.0,-0.0017967750304102026,0.5001148412072084,0.5,0.00011484120720839375,0.23492978192605032,0.235,-7.021807394966273e-05
input,0.5,82,,5.973330373712872,6.0,-0.02666962628712799,0.49946250291478883,0.5,-0.0005374970852111693,0.56313597321561,0.561,0.0021359732156099875
input,0.5,83,,8.000097594732662,8.0,9.75947326615767e-05,0.499953973262127,0.5,-4.6026737873017254e-05,-0.6624572388162333,-0.662,-0.0004572388162332741
input,0.5,84,,5.972754813539874,6.0,-0.02724518646012619,0.49963102318200475,0.5,-0.00036897681799524795,-0.1457479517265399,-0.148,0.0022520482734600944
input,0.5,85,,6.0044097538390675,6.0,0.004409753839067498,0.5002008852619608,0.5,0.0002008852619608259,-0.04487043771889595,-0.044,-0.0008704377188959514
input,0.5,86,,5.9965399641494255,6.0,-0.0034600358505745277,0.4998511183210808,0.5,-0.00014888167891918824,-0.1808070026560906,-0.182,0.0011929973439094022
input,0.5,87,,6.0075123463845035,6.0,0.007512346384503488,0.5002098818076552,0.5,0.00020988180765524334,-0.18236258998755903,-0.182,-0.00036258998755903105
input,0.5,88,,6.012497554914271,6.0,0.012497554914270737,0.5004543365886172,0.5,0.00045433658861715465,-0.33644113007892945,-0.334,-0.002441130078929432
input,0.5,89,,6.008750581802971,6.0,0.008750581802971169,0.5001861147605595,0.5,0.00018611476055951925,-0.3466544046578356,-0.345,-0.0016544046578356175
input,0.5,90,,6.000726533106456,6.0,0.0007265331064560954,0.500159119675947,0.5,0.00015911967594695042,0.40548405024301304,0.403,0.002484050243013014
input,0.5,91,,8.008571765750078,8.0,0.008571765750078342,0.5001902823577349,0.5,0.00019028235773488333,-0.569228348964314,-0.568,-0.0012283489643140078
input,0.5,92,,7.023934272085543,7.0,0.023934272085543107,0.5005299540559908,0.5,0.0005299540559907667,-0.5895621779636577,-0.589,-0.0005621779636577617
input,0.5,93,,5.987611418590984,6.0,-0.012388581409015664,0.499797480357426,0.5,-0.00020251964257400612,0.23127195634299033,0.233,-0.0017280436570096813
input,0.5,94,,5.987157004418106,6.0,-0.012842995581894279,0.4996470412914352,0.5,-0.00035295870856477674,0.5686098148651798,0.565,0.003609814865179861
input,0.5,95,,7.982664649915037,8.0,-0.017335350084962897,0.49968890482068407,0.5,-0.00031109517931593444,-0.6688297928734422,-0.669,0.00017020712655779757
input,0.5,96,,6.016687614076209,6.0,0.016687614076208668,0.5005582552937038,0.5,0.000558255293703791,-0.13232301404944263,-0.133,0.0006769859505573739
input,0.5,97,,5.99165521658943,6.0,-0.008344783410570322,0.4996539651824951,0.5,-0.0003460348175048922,-0.17549618293845598,-0.175,-0.0004961829384559913
input,0.5,98,,5.99566876548026,6.0,-0.004331234519740157,0.49993104306096775,0.5,-6.895693903224975e-05,-0.08235093272068116,-0.083,0.000649067279318849
input,0.5,99,,5.998824258739782,6.0,-0.0011757412602175776,0.5001479479541905,0.5,0.000147947954190486,0.013160366410934824,0.013,0.0001603664109348247
input,0.5,100,,6.998600958376667,7.0,-0.0013990416233333747,0.49998875001798854,0.5,-1.12499820114631e-05,-0.3097756730420133,-0.31,0.0002243269579866869
input,0.5,101,,5.9939094928642485,6.0,-0.006090507135751544,0.49977789521852073,0.5,-0.00022210478147927093,0.19545849552938843,0.195,0.0004584955293884252
input,0.5,102,,6.006959010842791,6.0,0.006959010842790825,0.5000921940967682,0.5,9.219409676819446e-05,-0.2292140955772654,-0.23,0.0007859044227346013
input,0.5,103,,6.0029582849401955,6.0,0.0029582849401954547,0.4999279091468931,0.5,-7.209085310688756e-05,-0.2699583497141641,-0.268,-0.001958349714164087
input,0.5,104,,6.008732931587156,6.0,0.008732931587156045,0.5002720218764631,0.5,0.00027202187646313547,-0.2155867758405309,-0.213,-0.0025867758405309083
input,0.5,105,,5.994818875267254,6.0,-0.005181124732746234,0.4999902353609677,0.5,-9.764639032294742e-06,-0.18726104671646895,-0.19,0.002738953283531048
input,0.5,106,,6.996902709740327,7.0,-0.003097290259672647,0.4999562448949685,0.5,-4.3755105031517694e-05,-0.5868814582740567,-0.585,-0.0018814582740567243
input,0.5,107,,6.001151570068467,6.0,0.0011515700684672225,0.4998261350518066,0.5,-0.00017386494819338072,0.24477929715895055,0.244,0.0007792971589505593
input,0.5,108,,5.9877796027558725,6.0,-0.01222039724412749,0.49948891060536216,0.5,-0.0005110893946378425,0.5621034347210113,0.561,0.001103434721011265
input,0.5,109,,8.026006173649842,8.0,0.026006173649841813,0.5004527419164941,0.5,0.0004527419164941371,-0.6659740163186895,-0.664,-0.001974016318689431
input,0.5,110,,6.0032856034098705,6.0,0.0032856034098704967,0.5001470224785174,0.5,0.00014702247851738903,-0.23670733946864633,-0.238,0.0012926605313536566
input,0.5,111,,5.995182590720808,6.0,-0.004817409279191942,0.4999338972735488,0.5,-6.610272645118931e-05,0.6724271662821245,0.673,-0.0005728337178755316
input,0.5,112,,8.01257607931241,8.0,0.012576079312410116,0.5002832714417402,0.5,0.00028327144174022933,-0.6603168428861418,-0.659,-0.0013168428861417558
input,0.5,113,,7.005289102873844,7.0,0.005289102873843987,0.5003244780966568,0.5,0.0003244780966568106,-0.8713281920745638,-0.872,0.0006718079254361964
input,0.5,114,,7.018361947616095,7.0,0.018361947616095442,0.5003202468801694,0.5,0.00032024688016940583,-0.585391336359243,-0.584,-0.001391336359243045
input,0.5,115,,5.997702968099279,6.0,-0.002297031900720725,0.500276318706987,0.5,0.0002763187069869666,0.23405813957519325,0.234,5.813957519323898e-05
input,0.5,116,,6.008859269426201,6.0,0.008859269426200633,0.5005560954769868,0.5,0.0005560954769867621,0.5631357243042237,0.562,0.0011357243042235954
input,0.5,117,,7.990399409102295,8.0,-0.00960059089770482,0.4997750566343447,0.5,-0.0002249433656553168,-0.6669479651762676,-0.666,-0.0009479651762676067
input,0.5,118,,6.006474864914098,6.0,0.006474864914098433,0.5001507034431996,0.5,0.00015070344319956241,-0.21310030125783064,-0.212,-0.0011003012578306437
input,0.5,119,,5.985342028802339,6.0,-0.014657971197660657,0.49979338260875106,0.5,-0.00020661739124894218,-0.189334088972905,-0.191,0.0016659110270950128
input,0.5,120,,5.992536925420769,6.0,-0.0074630745792312325,0.4999828671638924,0.5,-1.7132836107602856e-05,0.6695607761062133,0.667,0.0025607761062133028
input,0.5,121,,8.011724289083714,8.0,0.011724289083714368,0.500279614482671,0.5,0.00027961448267099787,-0.6557577761353443,-0.653,-0.0027577761353442254
input,0.5,122,,7.0083935225765615,7.0,0.008393522576561452,0.50029501545608,0.5,0.00029501545608001667,-0.8784908992914885,-0.877,-0.00149089929148849
input,0.5,123,,6.994796565650508,7.0,-0.00520343434949222,0.4999161755606159,0.5,-8.382443938409478e-05,-0.556967454355708,-0.558,0.0010325456442920045
input,0.5,124,,6.012145900500173,6.0,0.01214590050017339,0.500563461393646,0.5,0.0005634613936460475,0.18545663937598164,0.186,-0.0005433606240183575
input,0.5,125,,6.006009306348538,6.0,0.006009306348538246,0.5001612798909693,0.5,0.000161279890969257,0.5727378641798815,0.574,-0.0012621358201184707
input,0.5,126,,8.01535561677531,8.0,0.0153556167753095,0.5003797870855691,0.5,0.00037978708556907215,-0.6937017038183085,-0.694,0.00029829618169141536
input,0.5,127,,6.02158062521072,6.0,0.021580625210719795,0.5005386851526588,0.5,0.0005386851526587577,0.09465987699390488,0.096,-0.001340123006095123
input,0.5,128,,16.000841130000374,16.0,0.0008411300003743349,0.5000395722785315,0.5,3.957227853146339e-05,-0.2845544655160343,-0.285,0.0004455344839656705
input,0.5,129,,7.021818306581173,7.0,0.021818306581172564,0.5004449679874916,0.5,0.0004449679874916068,-0.5929536579349612,-0.592,-0.0009536579349612717
input,0.5,130,,6.0136786559737,6.0,0.013678655973699883,0.49997283296808687,0.5,-2.716703191313341e-05,0.26601658719289695,0.267,-0.0009834128071030679
input,0.5,131,,6.007059923583085,6.0,0.007059923583084604,0.5005033212731917,0.5,0.000503321273191748,0.5640561752339593,0.56,0.004056175233959292
input,0.5,132,,7.989775488327587,8.0,-0.010224511672412895,0.4997781220778381,0.5,-0.00022187792216188384,-0.6735850027838471,-0.673,-0.0005850027838470995
input,0.5,133,,6.039647580518551,6.0,0.039647580518550996,0.5013695365364638,0.5,0.0013695365364637668,-0.3934808801295947,-0.392,-0.001480880129594686
input,0.5,134,,7.009234308248329,7.0,0.00923430824832927,0.5000702272942616,0.5,7.022729426164886e-05,-0.5919306585223159,-0.588,-0.0039306585223158885
input,0.5,135,,5.995463935285158,6.0,-0.004536064714842247,0.4997528764546744,0.5,-0.00024712354532557823,0.21588555102449927,0.215,0.0008855510244992759
input,0.5,136,,5.974009600878714,6.0,-0.025990399121286423,0.49953835778550376,0.5,-0.00046164221449623843,0.5628948161743214,0.56,0.002894816174321302
input,0.5,137,,8.020071303376612,8.0,0.020071303376612448,0.5004341996811257,0.5,0.00043419968112567986,-0.6632512796549929,-0.661,-0.0022512796549928327
input,0.5,138,,5.9995031628673265,6.0,-0.0004968371326734555,0.49991645963268155,0.5,-8.35403673184465e-05,-0.006071670723896377,-0.005,-0.0010716707238963771
input,0.5,139,,6.006773927601951,6.0,0.006773927601950724,0.5003032845595919,0.5,0.0003032845595919431,-0.36276686667216457,-0.362,-0.0007668666721645789
input,0.5,140,,5.995603788821276,6.0,-0.00439621117872413,0.4999557674231818,0.5,-4.423257681818171e-05,-0.3588981658763321,-0.36,0.0011018341236678775
input,0.5,141,,7.018267155466487,7.0,0.018267155466486606,0.5006006345018823,0.5,0.0006006345018823023,-0.5901912016470983,-0.59,-0.00019120164709829357
input,0.5,142,,5.989744040429235,6.0,-0.010255959570764972,0.49972224931232573,0.5,-0.0002777506876742719,0.21372228242146704,0.214,-0.0002777175785329544
input,0.5,143,,5.987034661687987,6.0,-0.012965338312013408,0.49979025852048975,0.5,-0.00020974147951025035,0.5637504305240779,0.56,0.0037504305240778635
input,0.5,144,,8.00679811598296,8.0,0.006798115982959985,0.4999984048882256,0.5,-1.5951117743884247e-06,-0.6589534808417938,-0.657,-0.0019534808417938088
input,0.5,145,,5.994646822013253,6.0,-0.005353177986746616,0.5000839955179867,0.5,8.399551798665694e-05,-0.03161364942264365,-0.032,0.0003863505773563508
input,0.5,146,,5.999125534620339,6.0,-0.0008744653796606272,0.5002953441173635,0.5,0.0002953441173635385,-0.1532550890819591,-0.154,0.0007449109180409086
input,0.5,147,,6.005720035839196,6.0,0.005720035839195781,0.5001791244759154,0.5,0.00017912447591539316,-0.3609515424355193,-0.36,-0.0009515424355193147
input,0.5,148,,5.999343481540912,6.0,-0.0006565184590883177,0.5000287688445499,0.5,2.876884454994233e-05,-0.33221808575123835,-0.332,-0.0002180857512383283
input,0.5,149,,7.007436276935815,7.0,0.007436276935814945,0.5001929367075135,0.5,0.00019293670751352465,-0.595277111986029,-0.593,-0.002277111986028979
input,0.5,150,,5.995545551066321,6.0,-0.004454448933678634,0.5005229245113534,0.5,0.0005229245113533842,0.24324610657661738,0.242,0.0012461065766173895
input,0.5,151,,5.997629376274536,6.0,-0.0023706237254641493,0.5001676031077169,0.5,0.00016760310771690712,0.5604917040360347,0.557,0.003491704036034604
input,0.5,152,,8.00807122427154,8.0,0.008071224271539279,0.5000678395915986,0.5,6.783959159861741e-05,-0.6657517797554254,-0.663,-0.0027517797554253987
input,0.5,153,,5.987384628071109,6.0,-0.012615371928890617,0.5000367754446622,0.5,3.677544466218485e-05,-0.23411183836898627,-0.235,0.0008881616310137119
input,0.5,154,,6.000589417801724,6.0,0.0005894178017236129,0.5000334472574827,0.5,3.344725748266608e-05,0.0469792350400737,0.049,-0.0020207649599262995
input,0.5,155,,5.987655809001788,6.0,-0.012344190998211602,0.4997822289917955,0.5,-0.00021777100820452588,-0.3565602194241545,-0.359,0.002439780575845485
input,0.5,156,,6.000358035257345,6.0,0.00035803525734490194,0.5000979267123963,0.5,9.792671239627904e-05,-0.36058366890333493,-0.361,0.00041633109666505685
input,0.5,157,,6.996201058273997,7.0,-0.0037989417260027025,0.4994835375664686,0.5,-0.0005164624335313728,-0.5699829482830145,-0.566,-0.003982948283014598
input,0.5,158,,5.982373357474586,6.0,-0.017626642525414127,0.4994827772903634,0.5,-0.0005172227096366111,0.11060695156319074,0.108,0.0026069515631907403
input,0.5,159,,5.998341404939745,6.0,-0.0016585950602552302,0.5001718585302487,0.5,0.000171858530248703,0.5847055253695432,0.581,0.003705525369543272
input,0.5,160,,8.011051800146623,8.0,0.011051800146622881,0.5001994088739062,0.5,0.00019940887390623718,-0.6714351743384452,-0.668,-0.0034351743384452016
input,0.5,161,,6.990497932286499,7.0,-0.009502067713500928,0.49958218910051355,0.5,-0.00041781089948644823,-0.31128901902298384,-0.31,-0.0012890190229838394
input,0.5,162,,5.980240302018955,6.0,-0.019759697981045043,0.4995170826585381,0.5,-0.0004829173414618859,0.1699827601219988,0.17,-1.7239878001201747e-05
input,0.5,163,,5.99448381366889,6.0,-0.005516186331109729,0.5000673143776792,0.5,6.731437767915072e-05,0.5715716049232501,0.567,0.00457160492325015
input,0.5,164,,8.005472648786034,8.0,0.005472648786033929,0.4999679521651073,0.5,-3.204783489269003e-05,-0.6731298960660419,-0.67,-0.0031298960660418595
input,0.5,165,,6.005230090789933,6.0,0.005230090789932973,0.5002456488400392,0.5,0.0002456488400391921,-0.19649378087847844,-0.196,-0.0004937808784784281
input,0.5,166,,5.991614479422774,6.0,-0.008385520577226302,0.49987511183474576,0.5,-0.0001248881652542444,-0.16289469341069662,-0.165,0.002105306589303385
input,0.5,167,,6.014099216907237,6.0,0.014099216907236922,0.5004124464480426,0.5,0.00041244644804261377,0.019066763165324574,0.021,-0.0019332368346754274
input,0.5,168,,7.995048779932747,8.0,-0.004951220067252571,0.4999260692129296,0.5,-7.393078707040868e-05,-0.0011484778476256571,0.0,-0.0011484778476256571
A,0.5,1,False,6.992345258149058,7.0,-0.0076547418509420595,0.5006700895866601,0.5,0.0006700895866601497,-0.5922220907478346,-0.592,-0.00022209074783463567
A,0.5,2,False,5.994585106899652,6.0,-0.0054148931003483725,0.49973866680794166,0.5,-0.00026133319205834393,0.24401247495267614,0.244,1.2474952676144735e-05
A,0.5,3,False,5.986743957984334,6.0,-0.01325604201566577,0.5010547590387352,0.5,0.001054759038735198,0.5589401265853701,0.559,-5.987341462998508e-05
A,0.5,4,False,7.994655081685844,8.0,-0.005344918314156288,0.4998623423840209,0.5,-0.0001376576159791143,-0.6647396151442199,-0.665,0.00026038485578017134
A,0.5,5,False,5.999860854125631,6.0,-0.00013914587436936188,0.5004618081522624,0.5,0.00046180815226237737,-0.27414448965858507,-0.274,-0.00014448965858504526
A,0.5,6,False,6.005510565865341,6.0,0.005510565865341377,0.5002793496992273,0.5,0.0002793496992272715,0.07271250285319628,0.073,-0.00028749714680371963
A,0.5,7,False,16.004841122576174,16.0,0.004841122576173973,0.5000584211641425,0.5,5.8421164142452575e-05,-0.14121663236250395,-0.141,-0.00021663236250396567
A,0.5,8,False,6.00340265243149,6.0,0.003402652431489628,0.5001007016307941,0.5,0.00010070163079411998,-0.07015247793929152,-0.07,-0.00015247793929151765
A,0.5,9,False,6.99515260929001,7.0,-0.004847390709990407,0.5004557912719491,0.5,0.00045579127194905755,-0.5892212069608981,-0.589,-0.00022120696089811265
A,0.5,10,False,5.997827422921563,6.0,-0.002172577078437321,0.49971507655631664,0.5,-0.0002849234436833603,0.23519440100392244,0.235,0.0001944010039224564
A,0.5,11,False,6.004795398266559,6.0,0.004795398266558948,0.5001919524017013,0.5,0.0001919524017013341,0.5587619645523949,0.559,-0.00023803544760514495
A,0.5,12,False,8.002260677569211,8.0,0.0022606775692111114,0.5000695910924838,0.5,6.959109248383388e-05,-0.6560852942516381,-0.656,-8.529425163805726e-05
A,0.5,13,False,5.996555481686401,6.0,-0.003444518313599154,0.49973767969807315,0.5,-0.00026232030192685496,-0.15565997334830847,-0.156,0.00034002665169152735
A,0.5,14,False,6.003006596131024,6.0,0.00300659613102372,0.5003433251834623,0.5,0.0003433251834622508,0.006737530678436204,0.007,-0.000262469321563796
A,0.5,15,False,6.003788352330392,6.0,0.0037883523303916533,0.5002282548410959,0.5,0.00022825484109589844,-0.20418632653464067,-0.204,-0.0001863265346406795
A,0.5,16,False,6.00271385728079,6.0,0.0027138572807903216,0.5003124298826342,0.5,0.0003124298826342464,-0.2052094341687033,-0.205,-0.00020943416870330966
A,0.5,17,False,6.003260783888294,6.0,0.0032607838882938722,0.5001161001708639,0.5,0.00011610017086394198,-0.177189712293335,-0.177,-0.00018971229333500372
A,0.5,18,False,6.0009853782537,6.0,0.0009853782537003752,0.5000337406215977,0.5,3.3740621597666554e-05,-0.1790232392602351,-0.179,-2.3239260235119463e-05
A,0.5,19,False,6.003478703191381,6.0,0.003478703191380994,0.5001486479475465,0.5,0.00014864794754654298,-0.18211507817311046,-0.182,-0.00011507817311046109
A,0.5,20,False,6.996812631531816,7.0,-0.0031873684681835712,0.5004411766584764,0.5,0.0004411766584764276,-0.5903300261584928,-0.59,-0.00033002615849286876
A,0.5,21,False,6.0047707958078576,6.0,0.004770795807857553,0.5002906388560376,0.5,0.0002906388560376394,0.24005774385335293,0.24,5.774385335294285e-05
A,0.5,22,False,5.995691911104532,6.0,-0.004308088895467854,0.49987146340634914,0.5,-0.00012853659365086312,0.5577745840121171,0.558,-0.0002254159878829487
A,0.5,23,False,8.000670844057172,8.0,0.0006708440571721042,0.4997648204881326,0.5,-0.0002351795118674116,-0.6576401599906501,-0.658,0.0003598400093499654
A,0.5,24,False,5.997545993182835,6.0,-0.002454006817164789,0.4997446284199284,0.5,-0.0002553715800716061,-0.21492367101804122,-0.215,7.632898195877869e-05
A,0.5,25,False,5.998746186565439,6.0,-0.0012538134345607688,0.4999592661253823,0.5,-4.0733874617726595e-05,-0.18993358290672646,-0.19,6.641709327354084e-05
A,0.5,26,False,6.001663253653874,6.0,0.001663253653873653,0.5000659013079534,0.5,6.590130795336435e-05,0.11605657760228366,0.116,5.6577602283655604e-05
A,0.5,27,False,6.9990121154167575,7.0,-0.0009878845832425043,0.4997391052449655,0.5,-0.0002608947550344909,-0.6040858520744633,-0.604,-8.585207446332177e-05
A,0.5,28,False,5.998544301543207,6.0,-0.001455698456792831,0.49995962767229685,0.5,-4.037232770315313e-05,0.9014204596550961,0.901,0.00042045965509607264
A,0.5,29,False,6.999164902064182,7.0,-0.000835097935818041,0.49997316485383286,0.5,-2.683514616713678e-05,-0.9081360422369422,-0.908,-0.00013604223694219097
A,0.5,30,False,6.997342161306952,7.0,-0.0026578386930475872,0.4999150005696409,0.5,-8.499943035911173e-05,-0.9059589080572109,-0.906,4.109194278911765e-05
A,0.5,31,False,7.004134604463606,7.0,0.004134604463605918,0.5002289555520358,0.5,0.00022895555203583662,-0.5839148942299236,-0.584,8.510577007636577e-05
A,0.5,32,False,6.008367939415122,6.0,0.008367939415122372,0.4992870702126263,0.5,-0.0007129297873736951,0.23486767828645275,0.235,-0.00013232171354723987
A,0.5,33,False,5.998720498136945,6.0,-0.0012795018630553656,0.500516819374485,0.5,0.0005168193744850003,0.5631331706744792,0.563,0.000133170674479266
A,0.5,34,False,7.9983439741922675,8.0,-0.0016560258077324974,0.499969605138637,0.5,-3.0394861363025605e-05,-0.6630218366555733,-0.663,-2.1836655573315156e-05
A,0.5,35,False,6.0002071496258695,6.0,0.00020714962586954044,0.49998962742125325,0.5,-1.0372578746753458e-05,-0.15301931221684853,-0.153,-1.9312216848532682e-05
A,0.5,36,False,6.001832498893579,6.0,0.0018324988935791708,0.500069499101267,0.5,6.949910126696768e-05,0.022106907997157314,0.022,0.00010690799715731489
A,0.5,37,False,7.000600509149931,7.0,0.0006005091499305948,0.5000251127893708,0.5,2.511278937078476e-05,-0.2960837887915725,-0.296,-8.37887915725033e-05
A,0.5,38,False,5.9989756158135386,6.0,-0.0010243841864614467,0.499955171585956,0.5,-4.482841404401805e-05,-0.18208293281056728,-0.182,-8.293281056728774e-05
A,0.5,39,False,6.003126833252814,6.0,0.003126833252814265,0.5001115376491027,0.5,0.0001115376491026554,-0.012227063527281964,-0.012,-0.0002270635272819642
A,0.5,40,False,7.000129983396017,7.0,0.00012998339601733022,0.500005594413528,0.5,5.594413527987285e-06,-0.22488824716260053,-0.225,0.00011175283739947584
A,0.5,41,False,6.9996529920656885,7.0,-0.0003470079343115273,0.4999813251024,0.5,-1.8674897599990636e-05,-0.568129165458339,-0.568,-0.00012916545833907556
A,0.5,42,False,6.005153893202119,6.0,0.005153893202119342,0.4994900919527605,0.5,-0.0005099080472394935,0.24606851906724445,0.246,6.851906724444912e-05
A,0.5,43,False,5.986753216183901,6.0,-0.013246783816098784,0.5007992968849472,0.5,0.000799296884947176,0.5698748011040905,0.57,-0.00012519889590945077
A,0.5,44,False,7.998697691389494,8.0,-0.0013023086105059534,0.4997397982690011,0.5,-0.000260201730998888,-0.6727096298936514,-0.673,0.00029037010634869187
A,0.5,45,False,5.9970595608693635,6.0,-0.002940439130636463,0.5005321311504219,0.5,0.0005321311504219439,-0.2759576501903418,-0.276,4.2349809658226434e-05
A,0.5,46,False,5.998554926090652,6.0,-0.0014450739093483378,0.4999689991382605,0.5,-3.100086173951633e-05,0.7037380501233879,0.704,-0.0002619498766120998
A,0.5,47,False,8.003693253068551,8.0,0.003693253068551172,0.5001024221917544,0.5,0.00010242219175438105,-0.7710428006785878,-0.771,-4.280067858775105e-05
A,0.5,48,False,8.004146542449352,8.0,0.004146542449351642,0.5001078722184451,0.5,0.0001078722184451042,-0.7611085713229852,-0.761,-0.00010857132298514038
A,0.5,49,False,6.99070499263829,7.0,-0.009295007361710184,0.5005167940572542,0.5,0.000516794057254244,-0.5752373371081331,-0.575,-0.0002373371081331177
A,0.5,50,False,5.972014492754214,6.0,-0.027985507245785968,0.501152667373224,0.5,0.0011526673732239479,0.23379909597612633,0.234,-0.00020090402387368256
A,0.5,51,False,5.994422222051969,6.0,-0.0055777779480310485,0.5006394809740775,0.5,0.0006394809740775109,0.5676787509986077,0.568,-0.0003212490013922986
A,0.5,52,False,7.9992089502680646,8.0,-0.0007910497319354448,0.4999848502251321,0.5,-1.5149774867884158e-05,-0.6808662899987732,-0.681,0.00013371000122686105
A,0.5,53,False,5.9998114137764,6.0,-0.00018858622359996247,0.4996364390177179,0.5,-0.000363560982282074,-0.2067627938603665,-0.207,0.00023720613963348902
A,0.5,54,False,6.001513261662077,6.0,0.0015132616620769923,0.500381487102936,0.5,0.00038148710293595123,-0.22305868914710136,-0.223,-5.868914710135953e-05
A,0.5,55,False,6.003611496938895,6.0,0.0036114969388947316,0.5001400703077873,0.5,0.0001400703077872878,0.6926192931006476,0.693,-0.00038070689935232327
A,0.5,56,False,7.998252904024166,8.0,-0.001747095975834334,0.5003822043437851,0.5,0.0003822043437851086,-0.7721424439969019,-0.772,-0.00014244399690188647
A,0.5,57,False,8.003145289703713,8.0,0.0031452897037134164,0.5002513631826374,0.5,0.00025136318263740964,-0.7641981530156896,-0.764,-0.00019815301568959498
A,0.5,58,False,6.99320649709681,7.0,-0.006793502903190252,0.5005724111359536,0.5,0.0005724111359536321,-0.5851273808617683,-0.585,-0.00012738086176833363
A,0.5,59,False,6.00321628777868,6.0,0.0032162877786801047,0.4994286333869888,0.5,-0.0005713666130112149,0.23802355431399716,0.238,2.3554313997170562e-05
A,0.5,60,False,6.005146968315952,6.0,0.005146968315951739,0.5001836481351839,0.5,0.00018364813518390033,0.5611289059078052,0.561,0.00012890590780512134
A,0.5,61,False,7.996544260758013,8.0,-0.003455739241987388,0.4998217501414568,0.5,-0.0001782498585432002,-0.6519262528300105,-0.652,7.374716998953534e-05
A,0.5,62,False,5.9974097373866355,6.0,-0.00259026261336448,0.49989019214203334,0.5,-0.00010980785796665948,-0.21380216281102507,-0.214,0.0001978371889749253
A,0.5,63,False,6.002100987948451,6.0,0.0021009879484505944,0.5000738362819821,0.5,7.383628198209813e-05,-0.16407254057680698,-0.164,-7.254057680697312e-05
A,0.5,64,False,6.0012174519927814,6.0,0.0012174519927814487,0.5000308111552993,0.5,3.0811155299348414e-05,-0.19117568109900504,-0.191,-0.00017568109900503726
A,0.5,65,False,6.00170583149243,6.0,0.0017058314924298656,0.5000536439409234,0.5,5.364394092344238e-05,0.03693816819706798,0.037,-6.183180293201779e-05
A,0.5,66,False,6.997317067691087,7.0,-0.002682932308912811,0.49992418475301253,0.5,-7.581524698746511e-05,-0.3978012296294022,-0.398,0.00019877037059784497
A,0.5,67,False,6.998306029319984,7.0,-0.001693970680015866,0.5002845824959202,0.5,0.000284582495920227,-0.5793238562642047,-0.579,-0.0003238562642047249
A,0.5,68,False,5.9388617782192545,6.0,-0.06113822178074546,0.5017682694716892,0.5,0.0017682694716891767,0.19272109068015983,0.193,-0.000278909319840176
A,0.5,69,False,6.002550367771447,6.0,0.0025503677714473483,0.5000653747902271,0.5,6.537479022705739e-05,0.5669497611803535,0.567,-5.023881964649757e-05
A,0.5,70,False,7.998014258719527,8.0,-0.001985741280472908,0.4997947211807296,0.5,-0.0002052788192704047,-0.6708193350395637,-0.671,0.00018066496043633862
A,0.5,71,False,6.002865302281404,6.0,0.0028653022814042473,0.5003371803080172,0.5,0.0003371803080172153,0.07876069082418619,0.079,-0.00023930917581381494
A,0.5,72,False,7.996057158225879,8.0,-0.003942841774120964,0.49989910775253693,0.5,-0.00010089224746306913,-0.4887113503818963,-0.489,0.00028864961810370904
A,0.5,73,False,6.984448236847103,7.0,-0.015551763152896747,0.5006095677277261,0.5,0.0006095677277261347,-0.5731589807881448,-0.573,-0.00015898078814480243
A,0.5,74,False,5.998717571124894,6.0,-0.0012824288751058788,0.5004078529717829,0.5,0.00040785297178291824,0.16889028981097393,0.169,-0.00010971018902608543
A,0.5,75,False,5.997233534719538,6.0,-0.002766465280462427,0.4997422674384807,0.5,-0.00025773256151928603,0.5651042899709833,0.565,0.00010428997098332893
A,0.5,76,False,7.996806647508146,8.0,-0.003193352491853929,0.49987009501611224,0.5,-0.00012990498388776306,-0.6588182818453178,-0.659,0.00018171815468226438
A,0.5,77,False,6.000842691059502,6.0,0.0008426910595016324,0.5003422700937067,0.5,0.00034227009370668693,0.23184260427215744,0.232,-0.0001573957278425686
A,0.5,78,False,8.002533657267435,8.0,0.002533657267434819,0.49968768839088484,0.5,-0.00031231160911515676,-0.49386019759091637,-0.494,0.00013980240908362251
A,0.5,79,False,6.0021421196416,6.0,0.0021421196415998267,0.5002401012531345,0.5,0.0002401012531344504,-0.4131931607281241,-0.413,-0.0001931607281241421
A,0.5,80,False,7.000504925800603,7.0,0.0005049258006026847,0.5000081954324955,0.5,8.19543249552801e-06,-0.58604158548932,-0.586,-4.158548931998407e-05
A,0.5,81,False,6.00376167380021,6.0,0.003761673800210197,0.5001148412072084,0.5,0.00011484120720839375,0.23495913742290642,0.235,-4.0862577093569996e-05
A,0.5,82,False,6.001217200276121,6.0,0.0012172002761206002,0.49946250291478883,0.5,-0.0005374970852111693,0.560887389706263,0.561,-0.00011261029373710318
A,0.5,83,False,7.998450830284507,8.0,-0.001549169715493015,0.499953973262127,0.5,-4.6026737873017254e-05,-0.6617188347433551,-0.662,0.00028116525664489966
A,0.5,84,False,5.999077157196069,6.0,-0.0009228428039307346,0.49963102318200475,0.5,-0.00036897681799524795,-0.1479756811550556,-0.148,2.431884494438763e-05
A,0.5,85,False,6.004724869080172,6.0,0.0047248690801717785,0.5002008852619608,0.5,0.0002008852619608259,-0.04383472390963106,-0.044,0.00016527609036894042
A,0.5,86,False,5.996007614248627,6.0,-0.003992385751373284,0.4998511183210808,0.5,-0.00014888167891918824,-0.1820483648504063,-0.182,-4.836485040629612e-05
A,0.5,87,False,6.00185024612367,6.0,0.0018502461236700185,0.5002098818076552,0.5,0.00020988180765524334,-0.18236017521408543,-0.182,-0.0003601752140854342
A,0.5,88,False,6.00209079138683,6.0,0.002090791386829771,0.5004543365886172,0.5,0.00045433658861715465,-0.33399063155154585,-0.334,9.368448454172285e-06
A,0.5,89,False,6.004221370886679,6.0,0.0042213708866789545,0.5001861147605595,0.5,0.00018611476055951925,-0.3449612329100533,-0.345,3.876708994665634e-05
A,0.5,90,False,6.003914059517065,6.0,0.003914059517065027,0.500159119675947,0.5,0.00015911967594695042,0.4024831363126911,0.403,-0.0005168636873089105
A,0.5,91,False,8.00397025004563,8.0,0.003970250045629342,0.5001902823577349,0.5,0.00019028235773488333,-0.5680989847010975,-0.568,-9.898470109759305e-05
A,0.5,92,False,6.988010214491111,7.0,-0.01198978550888885,0.5005299540559908,0.5,0.0005299540559907667,-0.5889630313059453,-0.589,3.696869405467318e-05
A,0.5,93,False,5.994733727650411,6.0,-0.005266272349588874,0.499797480357426,0.5,-0.00020251964257400612,0.23295110313328551,0.233,-4.8896866714498444e-05
A,0.5,94,False,5.998036261072709,6.0,-0.001963738927290848,0.4996470412914352,0.5,-0.00035295870856477674,0.5652082586425651,0.565,0.00020825864256512894
A,0.5,95,False,7.998097175600553,8.0,-0.0019028243994467786,0.49968890482068407,0.5,-0.00031109517931593444,-0.6685600333865713,-0.669,0.0004399666134287106
A,0.5,96,False,5.9962568420563125,6.0,-0.003743157943687514,0.5005582552937038,0.5,0.000558255293703791,-0.1330238573512712,-0.133,-2.3857351271194815e-05
A,0.5,97,False,5.9986470988080685,6.0,-0.0013529011919315437,0.4996539651824951,0.5,-0.0003460348175048922,-0.17507119460918297,-0.175,-7.119460918297849e-05
A,0.5,98,False,5.998328317610438,6.0,-0.0016716823895617239,0.49993104306096775,0.5,-6.895693903224975e-05,-0.08288388649263612,-0.083,0.00011611350736388804
A,0.5,99,False,6.003641567547321,6.0,0.003641567547321145,0.5001479479541905,0.5,0.000147947954190486,0.01326785607385242,0.013,0.00026785607385242105
A,0.5,100,False,6.999505569828512,7.0,-0.0004944301714884247,0.49998875001798854,0.5,-1.12499820114631e-05,-0.3098810028214175,-0.31,0.0001189971785824917
A,0.5,101,False,5.996559379301749,6.0,-0.003440620698251351,0.49977789521852073,0.5,-0.00022210478147927093,0.19490155203873963,0.195,-9.844796126037836e-05
A,0.5,102,False,6.002457604053002,6.0,0.002457604053001994,0.5000921940967682,0.5,9.219409676819446e-05,-0.23039732896990753,-0.23,-0.00039732896990751776
A,0.5,103,False,5.9983439848307265,6.0,-0.0016560151692734948,0.4999279091468931,0.5,-7.209085310688756e-05,-0.26776033491784434,-0.268,0.00023966508215567117
A,0.5,104,False,6.0028005808300176,6.0,0.0028005808300175516,0.5002720218764631,0.5,0.00027202187646313547,-0.21312772883133005,-0.213,-0.00012772883133005397
A,0.5,105,False,5.999856012249743,6.0,-0.00014398775025714627,0.4999902353609677,0.5,-9.764639032294742e-06,-0.1900797783323156,-0.19,-7.977833231559428e-05
A,0.5,106,False,6.998748990267572,7.0,-0.0012510097324280878,0.4999562448949685,0.5,-4.3755105031517694e-05,-0.5850178595127403,-0.585,-1.785951274035913e-05
A,0.5,107,False,5.996710259131453,6.0,-0.003289740868546609,0.4998261350518066,0.5,-0.00017386494819338072,0.2441346474571239,0.244,0.0001346474571239098
A,0.5,108,False,6.001258920991652,6.0,0.001258920991651813,0.49948891060536216,0.5,-0.0005110893946378425,0.5610382013600512,0.561,3.820136005117103e-05
A,0.5,109,False,7.990763926637634,8.0,-0.009236073362366426,0.5004527419164941,0.5,0.0004527419164941371,-0.664072320216648,-0.664,-7.232021664793642e-05
A,0.5,110,False,6.003940856326473,6.0,0.003940856326472897,0.5001470224785174,0.5,0.00014702247851738903,-0.2379930109471435,-0.238,6.989052856481992e-06
A,0.5,111,False,5.9973154242449,6.0,-0.0026845757550999494,0.4999338972735488,0.5,-6.610272645118931e-05,0.6727449720362082,0.673,-0.0002550279637918429
A,0.5,112,False,8.0012441495029,8.0,0.0012441495029005267,0.5002832714417402,0.5,0.00028327144174022933,-0.6590744476205326,-0.659,-7.444762053254728e-05
A,0.5,113,False,7.000576139165712,7.0,0.0005761391657124193,0.5003244780966568,0.5,0.0003244780966568106,-0.8720636095411766,-0.872,-6.360954117656803e-05
A,0.5,114,False,7.000440612753203,7.0,0.00044061275320306237,0.5003202468801694,0.5,0.00032024688016940583,-0.5841171864134207,-0.584,-0.00011718641342073344
A,0.5,115,False,5.999483709029341,6.0,-0.0005162909706593055,0.500276318706987,0.5,0.0002763187069869666,0.233647871347786,0.234,-0.00035212865221401213
A,0.5,116,False,6.000835469632416,6.0,0.000835469632415986,0.5005560954769868,0.5,0.0005560954769867621,0.5621945425007608,0.562,0.00019454250076078594
A,0.5,117,False,7.9972026026130925,8.0,-0.002797397386907541,0.4997750566343447,0.5,-0.0002249433656553168,-0.6659117009960809,-0.666,8.829900391915668e-05
A,0.5,118,False,6.003899781568355,6.0,0.0038997815683545767,0.5001507034431996,0.5,0.00015070344319956241,-0.21217965181238613,-0.212,-0.00017965181238613348
A,0.5,119,False,5.997512855541112,6.0,-0.002487144458887869,0.49979338260875106,0.5,-0.00020661739124894218,-0.19069899104247023,-0.191,0.0003010089575297692
A,0.5,120,False,5.998876766699487,6.0,-0.0011232333005128936,0.4999828671638924,0.5,-1.7132836107602856e-05,0.6669821447966685,0.667,-1.7855203331529346e-05
A,0.5,121,False,7.999309574264403,8.0,-0.0006904257355966337,0.500279614482671,0.5,0.00027961448267099787,-0.6531454345716623,-0.653,-0.00014543457166227292
A,0.5,122,False,6.999839980826177,7.0,-0.0001600191738226897,0.50029501545608,0.5,0.00029501545608001667,-0.8772092025694915,-0.877,-0.00020920256949152893
A,0.5,123,False,6.997329188146581,7.0,-0.0026708118534193304,0.4999161755606159,0.5,-8.382443938409478e-05,-0.5581465412739348,-0.558,-0.0001465412739347638
A,0.5,124,False,5.9995196794201116,6.0,-0.0004803205798884491,0.500563461393646,0.5,0.0005634613936460475,0.18593850303744897,0.186,-6.14969625510331e-05
A,0.5,125,False,6.0042565313707925,6.0,0.004256531370792516,0.5001612798909693,0.5,0.000161279890969257,0.5736973951356376,0.574,-0.0003026048643623991
A,0.5,126,False,7.999402314003476,8.0,-0.000597685996524433,0.5003797870855691,0.5,0.00037978708556907215,-0.6942062347077517,-0.694,-0.00020623470775171793
A,0.5,127,False,5.996531424658018,6.0,-0.003468575341981861,0.5005386851526588,0.5,0.0005386851526587577,0.09576238257156561,0.096,-0.0002376174284343946
A,0.5,128,False,16.00342102264109,16.0,0.003421022641088456,0.5000395722785315,0.5,3.957227853146339e-05,-0.285174459235374,-0.285,-0.00017445923537401375
A,0.5,129,False,7.001132062749583,7.0,0.0011320627495834401,0.5004449679874916,0.5,0.0004449679874916068,-0.5921435124208786,-0.592,-0.00014351242087862204
A,0.5,130,False,5.99874931180385,6.0,-0.0012506881961495964,0.49997283296808687,0.5,-2.716703191313341e-05,0.26689338426920184,0.267,-0.00010661573079817632
A,0.5,131,False,5.99993153185703,6.0,-6.846814297034598e-05,0.5005033212731917,0.5,0.000503321273191748,0.5598614571740774,0.56,-0.00013854282592262734
A,0.5,132,False,7.995722738865173,8.0,-0.0042772611348267375,0.4997781220778381,0.5,-0.00022187792216188384,-0.6726352002574374,-0.673,0.00036479974256264924
A,0.5,133,False,5.989710855445821,6.0,-0.01028914455417862,0.5013695365364638,0.5,0.0013695365364637668,-0.3923987756857614,-0.392,-0.00039877568576141
A,0.5,134,False,7.001591623436154,7.0,0.0015916234361537107,0.5000702272942616,0.5,7.022729426164886e-05,-0.588127969463592,-0.588,-0.00012796946359205918
A,0.5,135,False,5.999277847667483,6.0,-0.0007221523325169343,0.4997528764546744,0.5,-0.00024712354532557823,0.21512919464538136,0.215,0.0001291946453813586
A,0.5,136,False,5.998152603969588,6.0,-0.0018473960304117298,0.49953835778550376,0.5,-0.00046164221449623843,0.5598982683539714,0.56,-0.0001017316460286688
A,0.5,137,False,7.994113503889113,8.0,-0.005886496110886874,0.5004341996811257,0.5,0.00043419968112567986,-0.6610461999770888,-0.661,-4.6199977088767774e-05
A,0.5,138,False,5.997479347461091,6.0,-0.002520652538908763,0.49991645963268155,0.5,-8.35403673184465e-05,-0.004787993085351576,-0.005,0.00021200691464842453
A,0.5,139,False,5.999814685851803,6.0,-0.00018531414819733527,0.5003032845595919,0.5,0.0003032845595919431,-0.3621897759215559,-0.362,-0.0001897759215558903
A,0.5,140,False,5.998723431371774,6.0,-0.0012765686282261157,0.4999557674231818,0.5,-4.423257681818171e-05,-0.35997153850041985,-0.36,2.8461499580134664e-05
A,0.5,141,False,6.985690911072308,7.0,-0.014309088927691782,0.5006006345018823,0.5,0.0006006345018823023,-0.5899255836102771,-0.59,7.441638972283116e-05
A,0.5,142,False,5.999353769153197,6.0,-0.0006462308468027089,0.49972224931232573,0.5,-0.0002777506876742719,0.21407257204720684,0.214,7.257204720684252e-05
A,0.5,143,False,5.997762773553789,6.0,-0.00223722644621116,0.49979025852048975,0.5,-0.00020974147951025035,0.5600595068495927,0.56,5.950684959266095e-05
A,0.5,144,False,7.999931904178985,8.0,-6.809582101485745e-05,0.4999984048882256,0.5,-1.5951117743884247e-06,-0.6568869983893991,-0.657,0.00011300161060090463
A,0.5,145,False,6.0026094836609385,6.0,0.002609483660938494,0.5000839955179867,0.5,8.399551798665694e-05,-0.03211088475876599,-0.032,-0.00011088475876598614
A,0.5,146,False,6.00225014611603,6.0,0.0022501461160295833,0.5002953441173635,0.5,0.0002953441173635385,-0.15428047509090478,-0.154,-0.00028047509090478595
A,0.5,147,False,6.002257456554215,6.0,0.0022574565542150538,0.5001791244759154,0.5,0.00017912447591539316,-0.36012087215706434,-0.36,-0.00012087215706435561
A,0.5,148,False,6.0007742837749944,6.0,0.0007742837749944442,0.5000287688445499,0.5,2.876884454994233e-05,-0.3319743899432579,-0.332,2.5610056742120246e-05
A,0.5,149,False,7.002331986790533,7.0,0.002331986790532703,0.5001929367075135,0.5,0.00019293670751352465,-0.5931098782620917,-0.593,-0.0001098782620917449
A,0.5,150,False,5.996218110988222,6.0,-0.0037818890117780057,0.5005229245113534,0.5,0.0005229245113533842,0.24176648941147486,0.242,-0.00023351058852513762
A,0.5,151,False,6.0038263679595465,6.0,0.003826367959546495,0.5001676031077169,0.5,0.00016760310771690712,0.5569787562919797,0.557,-2.124370802036868e-05
A,0.5,152,False,8.002206894829822,8.0,0.002206894829821948,0.5000678395915986,0.5,6.783959159861741e-05,-0.6631823400327538,-0.663,-0.00018234003275374722
A,0.5,153,False,6.001008855964081,6.0,0.0010088559640806238,0.5000367754446622,0.5,3.677544466218485e-05,-0.23502307862383393,-0.235,-2.307862383393866e-05
A,0.5,154,False,6.001069100542202,6.0,0.001069100542202328,0.5000334472574827,0.5,3.344725748266608e-05,0.04897121486508292,0.049,-2.87851349170809e-05
A,0.5,155,False,5.996973774011786,6.0,-0.003026225988214115,0.4997822289917955,0.5,-0.00021777100820452588,-0.3587662935844545,-0.359,0.0002337064155454871
A,0.5,156,False,6.002690100301879,6.0,0.002690100301879106,0.5000979267123963,0.5,9.792671239627904e-05,-0.3611849774296083,-0.361,-0.00018497742960832397
A,0.5,157,False,7.01412586016041,7.0,0.014125860160410397,0.4994835375664686,0.5,-0.0005164624335313728,-0.5659566220951744,-0.566,4.337790482555892e-05
A,0.5,158,False,6.0059148797472135,6.0,0.005914879747213497,0.4994827772903634,0.5,-0.0005172227096366111,0.10808962831627736,0.108,8.962831627735979e-05
A,0.5,159,False,6.004895864904841,6.0,0.004895864904841396,0.5001718585302487,0.5,0.000171858530248703,0.5811318438910709,0.581,0.0001318438910709041
A,0.5,160,False,8.001357339793312,8.0,0.0013573397933122067,0.5001994088739062,0.5,0.00019940887390623718,-0.6683568406918434,-0.668,-0.0003568406918433853
A,0.5,161,False,7.0017283603309135,7.0,0.0017283603309135032,0.49958218910051355,0.5,-0.00041781089948644823,-0.30999398109328696,-0.31,6.018906713034511e-06
A,0.5,162,False,6.00624198518828,6.0,0.006241985188279564,0.4995170826585381,0.5,-0.0004829173414618859,0.17006266324149896,0.17,6.26632414989503e-05
A,0.5,163,False,6.002221628476807,6.0,0.0022216284768070693,0.5000673143776792,0.5,6.731437767915072e-05,0.5671002169567047,0.567,0.00010021695670470177
A,0.5,164,False,7.998282337048899,8.0,-0.0017176629511013175,0.4999679521651073,0.5,-3.204783489269003e-05,-0.6699904181538835,-0.67,9.581846116546444e-06
A,0.5,165,False,6.00295788173374,6.0,0.0029578817337396757,0.5002456488400392,0.5,0.0002456488400391921,-0.19614224008552147,-0.196,-0.00014224008552146672
A,0.5,166,False,5.996101033830987,6.0,-0.003898966169012752,0.49987511183474576,0.5,-0.0001248881652542444,-0.16486623928342564,-0.165,0.00013376071657436595
A,0.5,167,False,5.999319322178611,6.0,-0.0006806778213892528,0.5004124464480426,0.5,0.00041244644804261377,0.020962971658398392,0.021,-3.702834160160956e-05
A,0.5,168,False,7.9966524799437195,8.0,-0.003347520056280473,0.4999260692129296,0.5,-7.393078707040868e-05,8.460299760235003e-05,0.0,8.460299760235003e-05
B,0.5,1,False,7.0018465033754245,7.0,0.0018465033754244686,0.5006700895866601,0.5,0.0006700895866601497,-0.5920076687225662,-0.592,-7.668722566189778e-06
B,0.5,2,False,5.989994379360567,6.0,-0.010005620639432777,0.49973866680794166,0.5,-0.00026133319205834393,0.2440035159760085,0.244,3.515976008505728e-06
B,0.5,3,False,6.008131180981784,6.0,0.008131180981783892,0.5010547590387352,0.5,0.001054759038735198,0.5589937939087666,0.559,-6.2060912334738205e-06
B,0.5,4,False,7.998603810038466,8.0,-0.0013961899615342332,0.4998623423840209,0.5,-0.0001376576159791143,-0.6649948607734925,-0.665,5.13922650757781e-06
B,0.5,5,False,6.004903565195419,6.0,0.004903565195419013,0.5004618081522624,0.5,0.00046180815226237737,-0.2740060958770917,-0.274,-6.095877091660817e-06
B,0.5,6,False,5.996622028414224,6.0,-0.0033779715857757964,0.5002793496992273,0.5,0.0002793496992272715,0.07299437454980459,0.073,-5.625450195403947e-06
B,0.5,7,False,15.98755917191938,16.0,-0.012440828080620747,0.5000584211641425,0.5,5.8421164142452575e-05,-0.14100333504103857,-0.141,-3.335041038582398e-06
B,0.5,8,False,5.992978765051777,6.0,-0.007021234948222599,0.5001007016307941,0.5,0.00010070163079411998,-0.07000310942271104,-0.07,-3.1094227110339823e-06
B,0.5,9,False,7.003754443494198,7.0,0.0037544434941976235,0.5004557912719491,0.5,0.00045579127194905755,-0.5890075664298988,-0.589,-7.566429898853144e-06
B,0.5,10,False,5.9944721744708795,6.0,-0.005527825529120456,0.49971507655631664,0.5,-0.0002849234436833603,0.23500535806742417,0.235,5.3580674241882065e-06
B,0.5,11,False,6.005038067502414,6.0,0.005038067502414201,0.5001919524017013,0.5,0.0001919524017013341,0.5589946583262174,0.559,-5.341673782632839e-06
B,0.5,12,False,7.993592184011261,8.0,-0.006407815988739074,0.5000695910924838,0.5,6.959109248383388e-05,-0.6560029551289958,-0.656,-2.9551289957296945e-06
B,0.5,13,False,5.998650527756621,6.0,-0.0013494722433788908,0.49973767969807315,0.5,-0.00026232030192685496,-0.15599465434575507,-0.156,5.345654244925946e-06
B,0.5,14,False,6.002579670858667,6.0,0.0025796708586671713,0.5003433251834623,0.5,0.0003433251834622508,0.006994943790414698,0.007,-5.056209585302049e-06
B,0.5,15,False,5.995550029923191,6.0,-0.004449970076809251,0.5002282548410959,0.5,0.00022825484109589844,-0.2040047140563213,-0.204,-4.714056321325488e-06
B,0.5,16,False,5.995574128843052,6.0,-0.004425871156947814,0.5003124298826342,0.5,0.0003124298826342464,-0.2050053141545303,-0.205,-5.314154530311477e-06
B,0.5,17,False,5.9909272684793695,6.0,-0.009072731520630484,0.5001161001708639,0.5,0.00011610017086394198,-0.17700264394980098,-0.177,-2.6439498009844797e-06
B,0.5,18,False,5.998256273335754,6.0,-0.0017437266642463811,0.5000337406215977,0.5,3.3740621597666554e-05,-0.1790018413331067,-0.179,-1.841333106711307e-06
B,0.5,19,False,5.988064615764689,6.0,-0.011935384235311375,0.5001486479475465,0.5,0.00014864794754654298,-0.18200302493050313,-0.182,-3.0249305031371243e-06
B,0.5,20,False,6.988000553475924,7.0,-0.011999446524075807,0.5004411766584764,0.5,0.0004411766584764276,-0.5900078471881478,-0.59,-7.847188147835915e-06
B,0.5,21,False,6.001130701411392,6.0,0.0011307014113919323,0.5002906388560376,0.5,0.0002906388560376394,0.23999553212579317,0.24,-4.467874206826039e-06
B,0.5,22,False,5.995547539988067,6.0,-0.004452460011933113,0.49987146340634914,0.5,-0.00012853659365086312,0.5580024250176715,0.558,2.425017671447982e-06
B,0.5,23,False,8.007906521797205,8.0,0.007906521797204746,0.4997648204881326,0.5,-0.0002351795118674116,-0.6579937612840281,-0.658,6.238715971940145e-06
B,0.5,24,False,6.003364253694257,6.0,0.00336425369425708,0.4997446284199284,0.5,-0.0002553715800716061,-0.21499518481822602,-0.215,4.815181773976107e-06
B,0.5,25,False,6.002146434056644,6.0,0.00214643405664372,0.4999592661253823,0.5,-4.0733874617726595e-05,-0.1899975993935068,-0.19,2.400606493202506e-06
B,0.5,26,False,5.99575599663507,6.0,-0.004244003364929583,0.5000659013079534,0.5,6.590130795336435e-05,0.11599832463391863,0.116,-1.6753660813800808e-06
B,0.5,27,False,7.021437182787731,7.0,0.021437182787731324,0.4997391052449655,0.5,-0.0002608947550344909,-0.6039951071534014,-0.604,4.892846598547607e-06
B,0.5,28,False,5.999618904912224,6.0,-0.0003810950877758401,0.49995962767229685,0.5,-4.037232770315313e-05,0.9010038290750391,0.901,3.829075039041285e-06
B,0.5,29,False,7.0015232866948285,7.0,0.0015232866948284851,0.49997316485383286,0.5,-2.683514616713678e-05,-0.9079983175711253,-0.908,1.6824288747718796e-06
B,0.5,30,False,7.007368633626784,7.0,0.0073686336267844155,0.4999150005696409,0.5,-8.499943035911173e-05,-0.9059973554838447,-0.906,2.6445161552812735e-06
B,0.5,31,False,7.003669467721448,7.0,0.0036694677214477167,0.5002289555520358,0.5,0.00022895555203583662,-0.5840039300349676,-0.584,-3.93003496768074e-06
B,0.5,32,False,5.992494548170594,6.0,-0.007505451829405985,0.4992870702126263,0.5,-0.0007129297873736951,0.23500535635597697,0.235,5.35635597698203e-06
B,0.5,33,False,6.008568319168003,6.0,0.008568319168002603,0.500516819374485,0.5,0.0005168193744850003,0.5629958639392673,0.563,-4.136060732684577e-06
B,0.5,34,False,8.002078787410511,8.0,0.0020787874105110404,0.499969605138637,0.5,-3.0394861363025605e-05,-0.6629977597833904,-0.663,2.2402166096613385e-06
B,0.5,35,False,6.000256506584469,6.0,0.0002565065844688519,0.49998962742125325,0.5,-1.0372578746753458e-05,-0.15299949667146323,-0.153,5.033285367661566e-07
B,0.5,36,False,5.9959534732438335,6.0,-0.0040465267561664575,0.500069499101267,0.5,6.949910126696768e-05,0.021998900000668457,0.022,-1.099999331542062e-06
B,0.5,37,False,6.998687375176896,7.0,-0.0013126248231039028,0.5000251127893708,0.5,2.511278937078476e-05,-0.29600233404837345,-0.296,-2.3340483734646256e-06
B,0.5,38,False,6.002342824012497,6.0,0.002342824012496969,0.499955171585956,0.5,-4.482841404401805e-05,-0.18199834188961284,-0.182,1.6581103871593506e-06
B,0.5,39,False,5.9919004265019655,6.0,-0.008099573498034474,0.5001115376491027,0.5,0.0001115376491026554,-0.012003334816210614,-0.012,-3.334816210613656e-06
B,0.5,40,False,6.999930471455318,7.0,-6.952854468167402e-05,0.500005594413528,0.5,5.594413527987285e-06,-0.2250008228894521,-0.225,-8.228894521067343e-07
B,0.5,41,False,7.000824931209181,7.0,0.0008249312091805905,0.4999813251024,0.5,-1.8674897599990636e-05,-0.5680003058545725,-0.568,-3.0585457255760673e-07
B,0.5,42,False,5.989516072659085,6.0,-0.010483927340914967,0.4994900919527605,0.5,-0.0005099080472394935,0.24600733201029365,0.246,7.332010293653601e-06
B,0.5,43,False,6.014032266585991,6.0,0.014032266585990882,0.5007992968849472,0.5,0.000799296884947176,0.5699924213500268,0.57,-7.578649973138951e-06
B,0.5,44,False,7.9934510301985355,8.0,-0.006548969801464466,0.4997397982690011,0.5,-0.000260201730998888,-0.6729949947135956,-0.673,5.005286404458076e-06
B,0.5,45,False,6.005156732814689,6.0,0.005156732814689313,0.5005321311504219,0.5,0.0005321311504219439,-0.2760056657556944,-0.276,-5.665755694383989e-06
B,0.5,46,False,6.0014217145009265,6.0,0.0014217145009265408,0.4999689991382605,0.5,-3.100086173951633e-05,0.7039985195750428,0.704,-1.4804249571787054e-06
B,0.5,47,False,7.989566537770386,8.0,-0.01043346222961361,0.5001024221917544,0.5,0.00010242219175438105,-0.7710033192762697,-0.771,-3.319276269730942e-06
B,0.5,48,False,7.988569752646459,8.0,-0.011430247353541034,0.5001078722184451,0.5,0.0001078722184451042,-0.7610029798899531,-0.761,-2.9798899531252587e-06
B,0.5,49,False,7.001576984345436,7.0,0.0015769843454362942,0.5005167940572542,0.5,0.000516794057254244,-0.5750072071805884,-0.575,-7.207180588442164e-06
B,0.5,50,False,5.991091063218726,6.0,-0.008908936781273802,0.501152667373224,0.5,0.0011526673732239479,0.23399153758436544,0.234,-8.462415634569176e-06
B,0.5,51,False,6.001362963409967,6.0,0.0013629634099672217,0.5006394809740775,0.5,0.0006394809740775109,0.5679950512571483,0.568,-4.948742851618171e-06
B,0.5,52,False,8.000702929769929,8.0,0.0007029297699290282,0.4999848502251321,0.5,-1.5149774867884158e-05,-0.6809980540864112,-0.681,1.945913588818904e-06
B,0.5,53,False,5.995305274095992,6.0,-0.004694725904007768,0.4996364390177179,0.5,-0.000363560982282074,-0.20699433134172943,-0.207,5.668658270563398e-06
B,0.5,54,False,6.001442134188732,6.0,0.0014421341887320693,0.500381487102936,0.5,0.00038148710293595123,-0.2230054424046581,-0.223,-5.44240465810697e-06
B,0.5,55,False,5.999253149593735,6.0,-0.0007468504062648762,0.5001400703077873,0.5,0.0001400703077872878,0.6929944604035068,0.693,-5.539596493187027e-06
B,0.5,56,False,8.000945165145806,8.0,0.000945165145806115,0.5003822043437851,0.5,0.0003822043437851086,-0.7720063567380562,-0.772,-6.356738056156885e-06
B,0.5,57,False,7.993777837623463,8.0,-0.006222162376537277,0.5002513631826374,0.5,0.00025136318263740964,-0.7640052642540995,-0.764,-5.264254099524024e-06
B,0.5,58,False,7.00359129707049,7.0,0.003591297070490107,0.5005724111359536,0.5,0.0005724111359536321,-0.5850075748296564,-0.585,-7.574829656409321e-06
B,0.5,59,False,5.991025054446405,6.0,-0.008974945553594793,0.4994286333869888,0.5,-0.0005713666130112149,0.2380059167698001,0.238,5.916769800107247e-06
B,0.5,60,False,6.005115719582789,6.0,0.005115719582788891,0.5001836481351839,0.5,0.00018364813518390033,0.5609998022237908,0.561,-1.9777620929861683e-07
B,0.5,61,False,7.999001695047573,8.0,-0.0009983049524269205,0.4998217501414568,0.5,-0.0001782498585432002,-0.6519948777217763,-0.652,5.12227822369038e-06
B,0.5,62,False,6.007787608792473,6.0,0.0077876087924728665,0.49989019214203334,0.5,-0.00010980785796665948,-0.21399711077784386,-0.214,2.8892221561327425e-06
B,0.5,63,False,5.995275766545745,6.0,-0.004724233454255433,0.5000738362819821,0.5,7.383628198209813e-05,-0.16400251665618912,-0.164,-2.5166561891110106e-06
B,0.5,64,False,5.998619484210211,6.0,-0.0013805157897888165,0.5000308111552993,0.5,3.0811155299348414e-05,-0.19100241993179376,-0.191,-2.419931793756769e-06
B,0.5,65,False,5.997029491894916,6.0,-0.0029705081050837023,0.5000536439409234,0.5,5.364394092344238e-05,0.03699769666320901,0.037,-2.303336790986099e-06
B,0.5,66,False,7.006119123411757,7.0,0.0061191234117572435,0.49992418475301253,0.5,-7.581524698746511e-05,-0.3979970823840265,-0.398,2.917615973541121e-06
B,0.5,67,False,6.992019922084588,7.0,-0.007980077915411776,0.5002845824959202,0.5,0.000284582495920227,-0.579007194817846,-0.579,-7.1948178460568e-06
B,0.5,68,False,6.014209964239346,6.0,0.014209964239346284,0.5017682694716892,0.5,0.0017682694716891767,0.19298860844877969,0.193,-1.1391551220318874e-05
B,0.5,69,False,5.9964324777381215,6.0,-0.0035675222618785085,0.5000653747902271,0.5,6.537479022705739e-05,0.5670006284709929,0.567,6.284709929138543e-07
B,0.5,70,False,8.002113908452019,8.0,0.0021139084520189755,0.4997947211807296,0.5,-0.0002052788192704047,-0.6709945647359081,-0.671,5.4352640919130835e-06
B,0.5,71,False,5.990313460301949,6.0,-0.009686539698051,0.5003371803080172,0.5,0.0003371803080172153,0.07899480208058748,0.079,-5.197919412516794e-06
B,0.5,72,False,8.010588328501449,8.0,0.01058832850144853,0.49989910775253693,0.5,-0.00010089224746306913,-0.48899669794468087,-0.489,3.302055319120978e-06
B,0.5,73,False,6.999794242154137,7.0,-0.00020575784586274182,0.5006095677277261,0.5,0.0006095677277261347,-0.573008438498924,-0.573,-8.438498924068227e-06
B,0.5,74,False,6.003114538210689,6.0,0.0031145382106894104,0.5004078529717829,0.5,0.00040785297178291824,0.16899448700108474,0.169,-5.5129989152691294e-06
B,0.5,75,False,5.994775615845299,6.0,-0.005224384154701056,0.4997422674384807,0.5,-0.00025773256151928603,0.5650041008665894,0.565,4.100866589418217e-06
B,0.5,76,False,8.013614137997585,8.0,0.013614137997585374,0.49987009501611224,0.5,-0.00012990498388776306,-0.658995439675485,-0.659,4.560324515012759e-06
B,0.5,77,False,6.0050666184918,6.0,0.005066618491800234,0.5003422700937067,0.5,0.00034227009370668693,0.2319950577358129,0.232,-4.942264187124401e-06
B,0.5,78,False,7.998609008754911,8.0,-0.0013909912450893458,0.49968768839088484,0.5,-0.00031231160911515676,-0.4939936739597113,-0.494,6.326040288717749e-06
B,0.5,79,False,5.97828353710403,6.0,-0.021716462895970068,0.5002401012531345,0.5,0.0002401012531344504,-0.4130039403327442,-0.413,-3.940332744201136e-06
B,0.5,80,False,6.999726562888196,7.0,-0.0002734371118036094,0.5000081954324955,0.5,8.19543249552801e-06,-0.5859996887904072,-0.586,3.1120959276265125e-07
B,0.5,81,False,6.002647342961695,6.0,0.0026473429616951094,0.5001148412072084,0.5,0.00011484120720839375,0.23499558612914895,0.235,-4.413870851038837e-06
B,0.5,82,False,5.987903814748973,6.0,-0.012096185251026625,0.49946250291478883,0.5,-0.0005374970852111693,0.5610070643830781,0.561,7.064383078070335e-06
B,0.5,83,False,8.003432872946497,8.0,0.0034328729464974117,0.499953973262127,0.5,-4.6026737873017254e-05,-0.6619963961157199,-0.662,3.6038842801122684e-06
B,0.5,84,False,6.002420974035634,6.0,0.002420974035634238,0.49963102318200475,0.5,-0.00036897681799524795,-0.1479952314851292,-0.148,4.768514870800988e-06
B,0.5,85,False,6.002340288911721,6.0,0.002340288911720556,0.5002008852619608,0.5,0.0002008852619608259,-0.0440020097105592,-0.044,-2.009710559205957e-06
B,0.5,86,False,5.997681637421957,6.0,-0.002318362578042965,0.4998511183210808,0.5,-0.00014888167891918824,-0.18199657062421812,-0.182,3.4293757818770754e-06
B,0.5,87,False,5.995385260713817,6.0,-0.004614739286182612,0.5002098818076552,0.5,0.00020988180765524334,-0.18200503396991033,-0.182,-5.033969910334113e-06
B,0.5,88,False,5.995414378487553,6.0,-0.0045856215124473465,0.5004543365886172,0.5,0.00045433658861715465,-0.3340052608422243,-0.334,-5.260842224297235e-06
B,0.5,89,False,5.99217159931949,6.0,-0.00782840068051005,0.5001861147605595,0.5,0.00018611476055951925,-0.3450041491963606,-0.345,-4.149196360603291e-06
B,0.5,90,False,6.0027027644558615,6.0,0.002702764455861484,0.500159119675947,0.5,0.00015911967594695042,0.40299502635549933,0.403,-4.973644500694263e-06
B,0.5,91,False,7.976414942325322,8.0,-0.02358505767467811,0.5001902823577349,0.5,0.00019028235773488333,-0.5680035039026445,-0.568,-3.503902644585999e-06
B,0.5,92,False,7.0075005960512415,7.0,0.007500596051241537,0.5005299540559908,0.5,0.0005299540559907667,-0.5890031327159198,-0.589,-3.132715919784701e-06
B,0.5,93,False,5.993312310731198,6.0,-0.006687689268802366,0.499797480357426,0.5,-0.00020251964257400612,0.23300469301009866,0.233,4.693010098644201e-06
B,0.5,94,False,5.998576773928667,6.0,-0.0014232260713331613,0.4996470412914352,0.5,-0.00035295870856477674,0.5650072839573927,0.565,7.283957392800744e-06
B,0.5,95,False,8.001608578296254,8.0,0.0016085782962544926,0.49968890482068407,0.5,-0.00031109517931593444,-0.6689939050197702,-0.669,6.094980229853775e-06
B,0.5,96,False,6.005929207740524,6.0,0.0059292077405244115,0.5005582552937038,0.5,0.000558255293703791,-0.13300696866390224,-0.133,-6.9686639022348285e-06
B,0.5,97,False,5.995477524681284,6.0,-0.004522475318715635,0.4996539651824951,0.5,-0.0003460348175048922,-0.17499660437997405,-0.175,3.39562002593663e-06
B,0.5,98,False,6.0042886602341055,6.0,0.004288660234105457,0.49993104306096775,0.5,-6.895693903224975e-05,-0.08299715654964776,-0.083,2.8434503522439813e-06
B,0.5,99,False,6.0033574059698225,6.0,0.00335740596982248,0.5001479479541905,0.5,0.000147947954190486,0.012997199019154028,0.013,-2.800980845971135e-06
B,0.5,100,False,7.00039953575695,7.0,0.00039953575694973154,0.49998875001798854,0.5,-1.12499820114631e-05,-0.3099983795370796,-0.31,1.6204629204041865e-06
B,0.5,101,False,5.999342130246705,6.0,-0.0006578697532946265,0.49977789521852073,0.5,-0.00022210478147927093,0.1950043188184915,0.195,4.318818491499954e-06
B,0.5,102,False,5.993448553627738,6.0,-0.006551446372261793,0.5000921940967682,0.5,9.219409676819446e-05,-0.23000320362087656,-0.23,-3.2036208765517937e-06
B,0.5,103,False,6.004797167824069,6.0,0.004797167824069248,0.4999279091468931,0.5,-7.209085310688756e-05,-0.2679971524512196,-0.268,2.847548780438025e-06
B,0.5,104,False,5.974775872995412,6.0,-0.02522412700458787,0.5002720218764631,0.5,0.00027202187646313547,-0.21300354982005795,-0.213,-3.5498200579575645e-06
B,0.5,105,False,6.000221868525988,6.0,0.0002218685259878228,0.4999902353609677,0.5,-9.764639032294742e-06,-0.18999896003815595,-0.19,1.0399618440570801e-06
B,0.5,106,False,7.0019356144823925,7.0,0.0019356144823925447,0.4999562448949685,0.5,-4.3755105031517694e-05,-0.5849951579977642,-0.585,4.842002235716514e-06
B,0.5,107,False,6.002520001817729,6.0,0.002520001817728712,0.4998261350518066,0.5,-0.00017386494819338072,0.24400492949432112,0.244,4.9294943211264375e-06
B,0.5,108,False,5.99038903896071,6.0,-0.009610961039290267,0.49948891060536216,0.5,-0.0005110893946378425,0.561000325698497,0.561,3.256984969501886e-07
B,0.5,109,False,8.005784021454616,8.0,0.005784021454616095,0.5004527419164941,0.5,0.0004527419164941371,-0.6640071757169902,-0.664,-7.175716990159842e-06
B,0.5,110,False,5.998898436978599,6.0,-0.0011015630214012972,0.5001470224785174,0.5,0.00014702247851738903,-0.23800331245970807,-0.238,-3.3124597080824714e-06
B,0.5,111,False,5.997249632906623,6.0,-0.0027503670933768376,0.4999338972735488,0.5,-6.610272645118931e-05,0.6729975004037271,0.673,-2.499596272964588e-06
B,0.5,112,False,7.995024228766364,8.0,-0.004975771233636017,0.5002832714417402,0.5,0.00028327144174022933,-0.6590055969517866,-0.659,-5.596951786590587e-06
B,0.5,113,False,6.994051541395139,7.0,-0.005948458604860818,0.5003244780966568,0.5,0.0003244780966568106,-0.8720053865692081,-0.872,-5.386569208121195e-06
B,0.5,114,False,7.004764401526932,7.0,0.00476440152693236,0.5003202468801694,0.5,0.00032024688016940583,-0.5840047894845255,-0.584,-4.789484525535848e-06
B,0.5,115,False,5.996633917968907,6.0,-0.0033660820310927875,0.500276318706987,0.5,0.0002763187069869666,0.23399357033074125,0.234,-6.429669258761761e-06
B,0.5,116,False,6.003048322708206,6.0,0.003048322708205653,0.5005560954769868,0.5,0.0005560954769867621,0.5619970065261315,0.562,-2.993473868562191e-06
B,0.5,117,False,7.99709722808376,8.0,-0.002902771916239999,0.4997750566343447,0.5,-0.0002249433656553168,-0.6659935917281262,-0.666,6.408271873814542e-06
B,0.5,118,False,5.995152867977786,6.0,-0.004847132022214318,0.5001507034431996,0.5,0.00015070344319956241,-0.2120047483808106,-0.212,-4.748380810604136e-06
B,0.5,119,False,6.0081599612716605,6.0,0.00815996127166052,0.49979338260875106,0.5,-0.00020661739124894218,-0.19099499710045745,-0.191,5.002899542555506e-06
B,0.5,120,False,5.998845345231375,6.0,-0.0011546547686247521,0.4999828671638924,0.5,-1.7132836107602856e-05,0.6669973810504565,0.667,-2.618949543564675e-06
B,0.5,121,False,7.992546473497341,8.0,-0.00745352650265918,0.500279614482671,0.5,0.00027961448267099787,-0.6530056149274426,-0.653,-5.614927442554318e-06
B,0.5,122,False,6.991886690656857,7.0,-0.008113309343142916,0.50029501545608,0.5,0.00029501545608001667,-0.877005403074953,-0.877,-5.403074953003184e-06
B,0.5,123,False,6.996371636472608,7.0,-0.0036283635273921533,0.4999161755606159,0.5,-8.382443938409478e-05,-0.5579970716395108,-0.558,2.9283604892071935e-06
B,0.5,124,False,5.998968148481913,6.0,-0.0010318515180873788,0.500563461393646,0.5,0.0005634613936460475,0.18599417988987732,0.186,-5.820110122678468e-06
B,0.5,125,False,5.998456787359539,6.0,-0.001543212640460645,0.5001612798909693,0.5,0.000161279890969257,0.573990626388046,0.574,-9.373611953966687e-06
B,0.5,126,False,8.001498407971088,8.0,0.0014984079710878007,0.5003797870855691,0.5,0.00037978708556907215,-0.6940070899501823,-0.694,-7.08995018239289e-06
B,0.5,127,False,6.004969702902863,6.0,0.004969702902863027,0.5005386851526588,0.5,0.0005386851526587577,0.09599269997293784,0.096,-7.3000270621598196e-06
B,0.5,128,False,15.992466570988292,16.0,-0.007533429011708392,0.5000395722785315,0.5,3.957227853146339e-05,-0.28500312575279685,-0.285,-3.1257527968731047e-06
B,0.5,129,False,7.0022115803666845,7.0,0.0022115803666844513,0.5004449679874916,0.5,0.0004449679874916068,-0.5920037272886495,-0.592,-3.727288649502114e-06
B,0.5,130,False,5.996398534038374,6.0,-0.00360146596162636,0.49997283296808687,0.5,-2.716703191313341e-05,0.26700208861574243,0.267,2.0886157424127028e-06
B,0.5,131,False,6.003106807532383,6.0,0.0031068075323830158,0.5005033212731917,0.5,0.000503321273191748,0.55999960987323,0.56,-3.901267700001654e-07
B,0.5,132,False,7.998544516294729,8.0,-0.0014554837052713765,0.4997781220778381,0.5,-0.00022187792216188384,-0.6729940611133428,-0.673,5.938886657230746e-06
B,0.5,133,False,6.023036989149037,6.0,0.023036989149036735,0.5013695365364638,0.5,0.0013695365364637668,-0.39201050495850315,-0.392,-1.0504958503132489e-05
B,0.5,134,False,6.999572499642661,7.0,-0.0004275003573388503,0.5000702272942616,0.5,7.022729426164886e-05,-0.5880043041491442,-0.588,-4.304149144207514e-06
B,0.5,135,False,6.001223845202322,6.0,0.0012238452023218827,0.4997528764546744,0.5,-0.00024712354532557823,0.21500525822145172,0.215,5.258221451726053e-06
B,0.5,136,False,5.984154523875176,6.0,-0.015845476124823676,0.49953835778550376,0.5,-0.00046164221449623843,0.5600014271382584,0.56,1.4271382583475045e-06
B,0.5,137,False,8.008534720024638,8.0,0.008534720024638176,0.5004341996811257,0.5,0.00043419968112567986,-0.6610070695831447,-0.661,-7.069583144669878e-06
B,0.5,138,False,6.0041014890421405,6.0,0.0041014890421404715,0.49991645963268155,0.5,-8.35403673184465e-05,-0.004995596282393106,-0.005,4.403717606894092e-06
B,0.5,139,False,5.970677259948984,6.0,-0.02932274005101565,0.5003032845595919,0.5,0.0003032845595919431,-0.36200409863609906,-0.362,-4.098636099070241e-06
B,0.5,140,False,6.0022489393372105,6.0,0.002248939337210487,0.4999557674231818,0.5,-4.423257681818171e-05,-0.35999738524913677,-0.36,2.6147508632168304e-06
B,0.5,141,False,7.013266641558566,7.0,0.01326664155856605,0.5006006345018823,0.5,0.0006006345018823023,-0.5900054330655227,-0.59,-5.433065522697511e-06
B,0.5,142,False,5.9969659961595365,6.0,-0.003034003840463484,0.49972224931232573,0.5,-0.0002777506876742719,0.2140047647578324,0.214,4.764757832398381e-06
B,0.5,143,False,5.999950319807794,6.0,-4.968019220630282e-05,0.49979025852048975,0.5,-0.00020974147951025035,0.5600042947686974,0.56,4.294768697343798e-06
B,0.5,144,False,8.000063358758117,8.0,6.335875811736003e-05,0.4999984048882256,0.5,-1.5951117743884247e-06,-0.656999548221256,-0.657,4.517787440816434e-07
B,0.5,145,False,6.002517230926922,6.0,0.0025172309269221316,0.5000839955179867,0.5,8.399551798665694e-05,-0.03200390905720601,-0.032,-3.909057206007149e-06
B,0.5,146,False,5.972754200853339,6.0,-0.027245799146660588,0.5002953441173635,0.5,0.0002953441173635385,-0.15400430253093478,-0.154,-4.302530934779947e-06
B,0.5,147,False,5.985029893313839,6.0,-0.014970106686161166,0.5001791244759154,0.5,0.00017912447591539316,-0.36000345298763226,-0.36,-3.452987632268645e-06
B,0.5,148,False,5.998788791430293,6.0,-0.001211208569706912,0.5000287688445499,0.5,2.876884454994233e-05,-0.3320022433113821,-0.332,-2.2433113820996553e-06
B,0.5,149,False,6.9991458110238804,7.0,-0.000854188976119552,0.5001929367075135,0.5,0.00019293670751352465,-0.5930035432878722,-0.593,-3.5432878722208017e-06
B,0.5,150,False,5.995429873861801,6.0,-0.004570126138198738,0.5005229245113534,0.5,0.0005229245113533842,0.24199356285487303,0.242,-6.437145126964028e-06
B,0.5,151,False,6.004430953390429,6.0,0.004430953390428982,0.5001676031077169,0.5,0.00016760310771690712,0.5569959205848727,0.557,-4.079415127367092e-06
B,0.5,152,False,7.993574456748664,8.0,-0.006425543251335597,0.5000678395915986,0.5,6.783959159861741e-05,-0.6630027377498708,-0.663,-2.7377498708069936e-06
B,0.5,153,False,5.998338575138634,6.0,-0.001661424861366001,0.5000367754446622,0.5,3.677544466218485e-05,-0.2350027231143266,-0.235,-2.7231143266137625e-06
B,0.5,154,False,5.998583672043559,6.0,-0.001416327956441421,0.5000334472574827,0.5,3.344725748266608e-05,0.048997657932864765,0.049,-2.342067135237269e-06
B,0.5,155,False,6.019074903770778,6.0,0.01907490377077803,0.4997822289917955,0.5,-0.00021777100820452588,-0.3589956820413233,-0.359,4.317958676669509e-06
B,0.5,156,False,5.993103514582201,6.0,-0.006896485417798637,0.5000979267123963,0.5,9.792671239627904e-05,-0.3610030304012268,-0.361,-3.0304012267889924e-06
B,0.5,157,False,6.9980982761814525,7.0,-0.0019017238185474739,0.4994835375664686,0.5,-0.0005164624335313728,-0.5659935125956538,-0.566,6.487404346167125e-06
B,0.5,158,False,5.9979648231576785,6.0,-0.0020351768423214622,0.4994827772903634,0.5,-0.0005172227096366111,0.10800624687735809,0.108,6.246877358090375e-06
B,0.5,159,False,6.006649115977206,6.0,0.006649115977205966,0.5001718585302487,0.5,0.000171858530248703,0.5809971463761069,0.581,-2.8536238930731983e-06
B,0.5,160,False,7.993140995297628,8.0,-0.006859004702372218,0.5001994088739062,0.5,0.00019940887390623718,-0.668006420178559,-0.668,-6.420178559007894e-06
B,0.5,161,False,6.9961225770674655,7.0,-0.003877422932534458,0.49958218910051355,0.5,-0.00041781089948644823,-0.3099947311673321,-0.31,5.2688326678818065e-06
B,0.5,162,False,5.996787065868303,6.0,-0.0032129341316968762,0.4995170826585381,0.5,-0.0004829173414618859,0.17000535805083797,0.17,5.358050837955819e-06
B,0.5,163,False,5.9958508182205845,6.0,-0.004149181779415478,0.5000673143776792,0.5,6.731437767915072e-05,0.567001332637129,0.567,1.3326371290922623e-06
B,0.5,164,False,8.002153215271905,8.0,0.00215321527190504,0.4999679521651073,0.5,-3.204783489269003e-05,-0.6699978919260455,-0.67,2.108073954509848e-06
B,0.5,165,False,6.001765126243187,6.0,0.0017651262431872539,0.5002456488400392,0.5,0.0002456488400391921,-0.19600498736371288,-0.196,-4.987363712877224e-06
B,0.5,166,False,5.997410504308645,6.0,-0.002589495691355026,0.49987511183474576,0.5,-0.0001248881652542444,-0.1649964305545577,-0.165,3.5694454423029764e-06
B,0.5,167,False,6.004098319457454,6.0,0.0040983194574542026,0.5004124464480426,0.5,0.00041244644804261377,0.020994642943065543,0.021,-5.357056934458121e-06
B,0.5,168,False,8.006550474266664,8.0,0.006550474266663997,0.4999260692129296,0.5,-7.393078707040868e-05,2.6417659280758102e-06,0.0,2.6417659280758102e-06
input,1,1,,7.014983454261828,7.0,0.014983454261828122,0.5006700895866601,0.5,0.0006700895866601497,-0.5930831725930814,-0.592,-0.0010831725930814384
input,1,2,,5.9911146565021225,6.0,-0.008885343497877507,0.49973866680794166,0.5,-0.00026133319205834393,0.24515494342880295,0.244,0.001154943428802957
input,1,3,,6.018750736346137,6.0,0.018750736346136776,0.5010547590387352,0.5,0.001054759038735198,0.5615401618309154,0.559,0.0025401618309153218
input,1,4,,8.000017983317747,8.0,1.7983317746939065e-05,0.4998623423840209,0.5,-0.0001376576159791143,-0.6675525948377169,-0.665,-0.0025525948377168595
input,1,5,,6.020044223588184,6.0,0.020044223588183918,0.5004618081522624,0.5,0.00046180815226237737,-0.27592169482640605,-0.274,-0.0019216948264060285
input,1,6,,6.014140818106266,6.0,0.014140818106265662,0.5002793496992273,0.5,0.0002793496992272715,0.07241739042966526,0.073,-0.0005826095703347356
input,1,7,,16.004920537409042,16.0,0.00492053740904197,0.5000584211641425,0.5,5.8421164142452575e-05,-0.1410880220852972,-0.141,-8.80220852972069e-05
input,1,8,,6.00324317981215,6.0,0.0032431798121503874,0.5001007016307941,0.5,0.00010070163079411998,-0.07018134995555728,-0.07,-0.00018134995555726952
input,1,9,,7.0163979412176385,7.0,0.01639794121763849,0.5004557912719491,0.5,0.00045579127194905755,-0.5917472431261869,-0.589,-0.0027472431261869046
input,1,10,,5.991432004078723,6.0,-0.008567995921277216,0.49971507655631664,0.5,-0.0002849234436833603,0.23614193964111108,0.235,0.0011419396411110894
input,1,11,,6.007855572415117,6.0,0.007855572415117251,0.5001919524017013,0.5,0.0001919524017013341,0.5600298444661562,0.559,0.0010298444661561712
input,1,12,,8.002095805827139,8.0,0.0020958058271389746,0.5000695910924838,0.5,6.959109248383388e-05,-0.6565552178636033,-0.656,-0.0005552178636032412
input,1,13,,5.992402145543509,6.0,-0.007597854456490971,0.49973767969807315,0.5,-0.00026232030192685496,-0.1558177907235096,-0.156,0.00018220927649040264
input,1,14,,6.008579772181128,6.0,0.008579772181128043,0.5003433251834623,0.5,0.0003433251834622508,0.006249303535987528,0.007,-0.000750696464012472
input,1,15,,6.004883154460864,6.0,0.00488315446086407,0.5002282548410959,0.5,0.00022825484109589844,-0.20415580891952737,-0.204,-0.0001558089195273782
input,1,16,,6.006806121791227,6.0,0.006806121791226971,0.5003124298826342,0.5,0.0003124298826342464,-0.20483740713516602,-0.205,0.0001625928648339714
input,1,17,,6.003412188510764,6.0,0.0034121885107643024,0.5001161001708639,0.5,0.00011610017086394198,-0.17748371439361021,-0.177,-0.00048371439361022395
input,1,18,,6.003161455030835,6.0,0.003161455030834759,0.5000337406215977,0.5,3.3740621597666554e-05,-0.17961841650639468,-0.179,-0.0006184165063946867
input,1,19,,6.005784928528115,6.0,0.005784928528115074,0.5001486479475465,0.5,0.00014864794754654298,-0.1817884143057506,-0.182,0.00021158569424939433
input,1,20,,7.002774916227775,7.0,0.002774916227775037,0.5004411766584764,0.5,0.0004411766584764276,-0.5922422527389682,-0.59,-0.0022422527389682756
input,1,21,,6.00191231796303,6.0,0.0019123179630300413,0.5002906388560376,0.5,0.0002906388560376394,0.23952245717827536,0.24,-0.00047754282172463025
input,1,22,,5.984881625455935,6.0,-0.015118374544065283,0.49987146340634914,0.5,-0.00012853659365086312,0.5630537607707612,0.558,0.00505376077076114
input,1,23,,7.991642808845202,8.0,-0.008357191154797938,0.4997648204881326,0.5,-0.0002351795118674116,-0.6592100995526017,-0.658,-0.0012100995526016511
input,1,24,,6.00271250119292,6.0,0.0027125011929198806,0.4997446284199284,0.5,-0.0002553715800716061,-0.21637781486550667,-0.215,-0.0013778148655066713
input,1,25,,5.996403339237467,6.0,-0.003596660762532622,0.4999592661253823,0.5,-4.0733874617726595e-05,-0.18844604434511802,-0.19,0.0015539556548819777
input,1,26,,5.998177579791406,6.0,-0.0018224202085939112,0.5000659013079534,0.5,6.590130795336435e-05,0.11655186642593443,0.116,0.0005518664259344247
input,1,27,,6.998492121508055,7.0,-0.0015078784919451138,0.4997391052449655,0.5,-0.0002608947550344909,-0.6067719196971818,-0.604,-0.002771919697181824
input,1,28,,5.994366702985237,6.0,-0.005633297014762562,0.49995962767229685,0.5,-4.037232770315313e-05,0.9060425462350856,0.901,0.005042546235085599
input,1,29,,6.999038443909977,7.0,-0.0009615560900231301,0.49997316485383286,0.5,-2.683514616713678e-05,-0.9100635519892915,-0.908,-0.0020635519892914234
input,1,30,,6.997063842524171,7.0,-0.002936157475828871,0.4999150005696409,0.5,-8.499943035911173e-05,-0.9077286175964042,-0.906,-0.0017286175964041917
input,1,31,,7.013791787974003,7.0,0.013791787974002823,0.5002289555520358,0.5,0.00022895555203583662,-0.5854998332693226,-0.584,-0.0014998332693226812
input,1,32,,5.985190090244748,6.0,-0.014809909755252093,0.4992870702126263,0.5,-0.0007129297873736951,0.2318167778585097,0.235,-0.0031832221414902773
input,1,33,,6.008587026641086,6.0,0.008587026641086126,0.500516819374485,0.5,0.0005168193744850003,0.5679129060187781,0.563,0.00491290601877814
input,1,34,,8.000080226487242,8.0,8.022648724193004e-05,0.499969605138637,0.5,-3.0394861363025605e-05,-0.6656972664294503,-0.663,-0.002697266429450229
input,1,35,,6.006368341157411,6.0,0.006368341157410917,0.49998962742125325,0.5,-1.0372578746753458e-05,-0.15139911485230276,-0.153,0.0016008851476972397
input,1,36,,6.00249832562085,6.0,0.0024983256208503946,0.500069499101267,0.5,6.949910126696768e-05,0.020920799160572483,0.022,-0.001079200839427516
input,1,37,,6.998678845834407,7.0,-0.0013211541655930858,0.5000251127893708,0.5,2.511278937078476e-05,-0.2957493317525387,-0.296,0.00025066824746128313
input,1,38,,5.997468598972132,6.0,-0.0025314010278680854,0.499955171585956,0.5,-4.482841404401805e-05,-0.18107762754561377,-0.182,0.0009223724543862277
input,1,39,,6.003989059280588,6.0,0.003989059280588236,0.5001115376491027,0.5,0.0001115376491026554,-0.012250264344253203,-0.012,-0.0002502643442532024
input,1,40,,6.999599753182412,7.0,-0.00040024681758765723,0.500005594413528,0.5,5.594413527987285e-06,-0.22528436443186148,-0.225,-0.0002843644318614724
input,1,41,,6.992896301282652,7.0,-0.007103698717347839,0.4999813251024,0.5,-1.8674897599990636e-05,-0.5679168796323183,-0.568,8.312036768165498e-05
input,1,42,,5.991758248235055,6.0,-0.008241751764945349,0.4994900919527605,0.5,-0.0005099080472394935,0.2451278981180185,0.246,-0.0008721018819815018
input,1,43,,6.030520914784274,6.0,0.03052091478427421,0.5007992968849472,0.5,0.000799296884947176,0.5694550218062292,0.57,-0.000544978193770751
input,1,44,,7.987184960882033,8.0,-0.01281503911796733,0.4997397982690011,0.5,-0.000260201730998888,-0.6721574523114605,-0.673,0.00084254768853953
input,1,45,,6.018694027213548,6.0,0.018694027213547848,0.5005321311504219,0.5,0.0005321311504219439,-0.27754199694820614,-0.276,-0.0015419969482061147
input,1,46,,5.992026822245847,6.0,-0.007973177754153404,0.4999689991382605,0.5,-3.100086173951633e-05,0.706876456441694,0.704,0.0028764564416939864
input,1,47,,8.00541426366614,8.0,0.005414263666139618,0.5001024221917544,0.5,0.00010242219175438105,-0.7723108319880831,-0.771,-0.0013108319880831276
input,1,48,,8.007099402144135,8.0,0.00709940214413507,0.5001078722184451,0.5,0.0001078722184451042,-0.7629380404923896,-0.761,-0.0019380404923895478
input,1,49,,7.016539415255735,7.0,0.016539415255735435,0.5005167940572542,0.5,0.000516794057254244,-0.5774173613034627,-0.575,-0.002417361303462706
input,1,50,,6.004812098828647,6.0,0.00481209882864686,0.501152667373224,0.5,0.0011526673732239479,0.23480139990595308,0.234,0.0008013999059530708
input,1,51,,6.0120219434368165,6.0,0.012021943436816507,0.5006394809740775,0.5,0.0006394809740775109,0.5683236692747908,0.568,0.00032366927479088314
input,1,52,,8.004840320144472,8.0,0.004840320144472443,0.4999848502251321,0.5,-1.5149774867884158e-05,-0.6827206838283194,-0.681,-0.0017206838283193582
input,1,53,,5.987480554609047,6.0,-0.012519445390952733,0.4996364390177179,0.5,-0.000363560982282074,-0.20632812027195213,-0.207,0.0006718797280478583
input,1,54,,6.0029672679037445,6.0,0.002967267903744464,0.500381487102936,0.5,0.00038148710293595123,-0.2233134552370602,-0.223,-0.00031345523706019507
input,1,55,,5.995312646979002,6.0,-0.004687353020997875,0.5001400703077873,0.5,0.0001400703077872878,0.6964611381390307,0.693,0.003461138139030706
input,1,56,,8.02151796449982,8.0,0.021517964499819797,0.5003822043437851,0.5,0.0003822043437851086,-0.7757316681821992,-0.772,-0.003731668182199166
input,1,57,,8.008651024461109,8.0,0.008651024461109103,0.5002513631826374,0.5,0.00025136318263740964,-0.7655653240974853,-0.764,-0.0015653240974853322
input,1,58,,7.01074858969169,7.0,0.01074858969168968,0.5005724111359536,0.5,0.0005724111359536321,-0.5864639607948946,-0.585,-0.0014639607948946365
input,1,59,,5.976233357182562,6.0,-0.023766642817437678,0.4994286333869888,0.5,-0.0005713666130112149,0.2396253684077846,0.238,0.0016253684077845998
input,1,60,,5.992213027677664,6.0,-0.007786972322335828,0.5001836481351839,0.5,0.00018364813518390033,0.5678492784755527,0.561,0.0068492784755526115
input,1,61,,7.991544717741476,8.0,-0.008455282258523766,0.4998217501414568,0.5,-0.0001782498585432002,-0.6542626376661337,-0.652,-0.00226263766613366
input,1,62,,5.999342562055407,6.0,-0.0006574379445929424,0.49989019214203334,0.5,-0.00010980785796665948,-0.2145476498958849,-0.214,-0.0005476498958849052
input,1,63,,6.000311078920342,6.0,0.0003110789203422115,0.5000738362819821,0.5,7.383628198209813e-05,-0.1637804481628043,-0.164,0.00021955183719571392
input,1,64,,5.9958007887745985,6.0,-0.004199211225401456,0.5000308111552993,0.5,3.0811155299348414e-05,-0.19013597953596206,-0.191,0.0008640204640379401
input,1,65,,6.001302370113633,6.0,0.001302370113632989,0.5000536439409234,0.5,5.364394092344238e-05,0.036261745381191035,0.037,-0.0007382546188089631
input,1,66,,6.996389046442343,7.0,-0.0036109535576569485,0.49992418475301253,0.5,-7.581524698746511e-05,-0.39739852758845357,-0.398,0.0006014724115464554
input,1,67,,7.00890571837519,7.0,0.008905718375189942,0.5002845824959202,0.5,0.000284582495920227,-0.5858335584577126,-0.579,-0.006833558457712607
input,1,68,,6.034792240570639,6.0,0.03479224057063934,0.5017682694716892,0.5,0.0017682694716891767,0.1943543736193163,0.193,0.0013543736193162847
input,1,69,,6.000885598586931,6.0,0.0008855985869313798,0.5000653747902271,0.5,6.537479022705739e-05,0.5678154203112241,0.567,0.0008154203112241687
input,1,70,,7.9992099232642815,8.0,-0.0007900767357185146,0.4997947211807296,0.5,-0.0002052788192704047,-0.6735074613269884,-0.671,-0.002507461326988314
input,1,71,,6.00743764143059,6.0,0.007437641430589892,0.5003371803080172,0.5,0.0003371803080172153,0.0772368487153601,0.079,-0.0017631512846398995
input,1,72,,7.991388003224491,8.0,-0.00861199677550939,0.49989910775253693,0.5,-0.00010089224746306913,-0.4871785880602163,-0.489,0.0018214119397836903
input,1,73,,7.01582143444077,7.0,0.015821434440770332,0.5006095677277261,0.5,0.0006095677277261347,-0.5736822728696098,-0.573,-0.0006822728696098679
input,1,74,,6.02203768104662,6.0,0.022037681046620072,0.5004078529717829,0.5,0.00040785297178291824,0.16599491890595575,0.169,-0.003005081094044265
input,1,75,,5.992724803933239,6.0,-0.007275196066760969,0.4997422674384807,0.5,-0.00025773256151928603,0.5688218588099397,0.565,0.003821858809939793
input,1,76,,7.999248951758943,8.0,-0.000751048241056651,0.49987009501611224,0.5,-0.00012990498388776306,-0.660440189914862,-0.659,-0.0014401899148619446
input,1,77,,6.0111454856289,6.0,0.01114548562889972,0.5003422700937067,0.5,0.00034227009370668693,0.23258819692691582,0.232,0.0005881969269158072
input,1,78,,7.993570124715773,8.0,-0.006429875284227116,0.49968768839088484,0.5,-0.00031231160911515676,-0.4944323055436806,-0.494,-0.00043230554368062224
input,1,79,,6.005774613214969,6.0,0.005774613214969193,0.5002401012531345,0.5,0.0002401012531344504,-0.4131831975008122,-0.413,-0.00018319750081224884
input,1,80,,7.014136777717684,7.0,0.014136777717683735,0.5000081954324955,0.5,8.19543249552801e-06,-0.5882618734715712,-0.586,-0.002261873471571252
input,1,81,,5.99820322496959,6.0,-0.0017967750304102026,0.5001148412072084,0.5,0.00011484120720839375,0.23492978192605032,0.235,-7.021807394966273e-05
input,1,82,,5.973330373712872,6.0,-0.02666962628712799,0.49946250291478883,0.5,-0.0005374970852111693,0.56313597321561,0.561,0.0021359732156099875
input,1,83,,8.000097594732662,8.0,9.75947326615767e-05,0.499953973262127,0.5,-4.6026737873017254e-05,-0.6624572388162333,-0.662,-0.0004572388162332741
input,1,84,,5.972754813539874,6.0,-0.02724518646012619,0.49963102318200475,0.5,-0.00036897681799524795,-0.1457479517265399,-0.148,0.0022520482734600944
input,1,85,,6.0044097538390675,6.0,0.004409753839067498,0.5002008852619608,0.5,0.0002008852619608259,-0.04487043771889595,-0.044,-0.0008704377188959514
input,1,86,,5.9965399641494255,6.0,-0.0034600358505745277,0.4998511183210808,0.5,-0.00014888167891918824,-0.1808070026560906,-0.182,0.0011929973439094022
input,1,87,,6.0075123463845035,6.0,0.007512346384503488,0.5002098818076552,0.5,0.00020988180765524334,-0.18236258998755903,-0.182,-0.00036258998755903105
input,1,88,,6.012497554914271,6.0,0.012497554914270737,0.5004543365886172,0.5,0.00045433658861715465,-0.33644113007892945,-0.334,-0.002441130078929432
input,1,89,,6.008750581802971,6.0,0.008750581802971169,0.5001861147605595,0.5,0.00018611476055951925,-0.3466544046578356,-0.345,-0.0016544046578356175
input,1,90,,6.000726533106456,6.0,0.0007265331064560954,0.500159119675947,0.5,0.00015911967594695042,0.40548405024301304,0.403,0.002484050243013014
input,1,91,,8.008571765750078,8.0,0.008571765750078342,0.5001902823577349,0.5,0.00019028235773488333,-0.569228348964314,-0.568,-0.0012283489643140078
input,1,92,,7.023934272085543,7.0,0.023934272085543107,0.5005299540559908,0.5,0.0005299540559907667,-0.5895621779636577,-0.589,-0.0005621779636577617
input,1,93,,5.987611418590984,6.0,-0.012388581409015664,0.499797480357426,0.5,-0.00020251964257400612,0.23127195634299033,0.233,-0.0017280436570096813
input,1,94,,5.987157004418106,6.0,-0.012842995581894279,0.4996470412914352,0.5,-0.00035295870856477674,0.5686098148651798,0.565,0.003609814865179861
input,1,95,,7.982664649915037,8.0,-0.017335350084962897,0.49968890482068407,0.5,-0.00031109517931593444,-0.6688297928734422,-0.669,0.00017020712655779757
input,1,96,,6.016687614076209,6.0,0.016687614076208668,0.5005582552937038,0.5,0.000558255293703791,-0.13232301404944263,-0.133,0.0006769859505573739
input,1,97,,5.99165521658943,6.0,-0.008344783410570322,0.4996539651824951,0.5,-0.0003460348175048922,-0.17549618293845598,-0.175,-0.0004961829384559913
input,1,98,,5.99566876548026,6.0,-0.004331234519740157,0.49993104306096775,0.5,-6.895693903224975e-05,-0.08235093272068116,-0.083,0.000649067279318849
input,1,99,,5.998824258739782,6.0,-0.0011757412602175776,0.5001479479541905,0.5,0.000147947954190486,0.013160366410934824,0.013,0.0001603664109348247
input,1,100,,6.998600958376667,7.0,-0.0013990416233333747,0.49998875001798854,0.5,-1.12499820114631e-05,-0.3097756730420133,-0.31,0.0002243269579866869
input,1,101,,5.9939094928642485,6.0,-0.006090507135751544,0.49977789521852073,0.5,-0.00022210478147927093,0.19545849552938843,0.195,0.0004584955293884252
input,1,102,,6.006959010842791,6.0,0.006959010842790825,0.5000921940967682,0.5,9.219409676819446e-05,-0.2292140955772654,-0.23,0.0007859044227346013
input,1,103,,6.0029582849401955,6.0,0.0029582849401954547,0.4999279091468931,0.5,-7.209085310688756e-05,-0.2699583497141641,-0.268,-0.001958349714164087
input,1,104,,6.008732931587156,6.0,0.008732931587156045,0.5002720218764631,0.5,0.00027202187646313547,-0.2155867758405309,-0.213,-0.0025867758405309083
input,1,105,,5.994818875267254,6.0,-0.005181124732746234,0.4999902353609677,0.5,-9.764639032294742e-06,-0.18726104671646895,-0.19,0.002738953283531048
input,1,106,,6.996902709740327,7.0,-0.003097290259672647,0.4999562448949685,0.5,-4.3755105031517694e-05,-0.5868814582740567,-0.585,-0.0018814582740567243
input,1,107,,6.001151570068467,6.0,0.0011515700684672225,0.4998261350518066,0.5,-0.00017386494819338072,0.24477929715895055,0.244,0.0007792971589505593
input,1,108,,5.9877796027558725,6.0,-0.01222039724412749,0.49948891060536216,0.5,-0.0005110893946378425,0.5621034347210113,0.561,0.001103434721011265
input,1,109,,8.026006173649842,8.0,0.026006173649841813,0.5004527419164941,0.5,0.0004527419164941371,-0.6659740163186895,-0.664,-0.001974016318689431
input,1,110,,6.0032856034098705,6.0,0.0032856034098704967,0.5001470224785174,0.5,0.00014702247851738903,-0.23670733946864633,-0.238,0.0012926605313536566
input,1,111,,5.995182590720808,6.0,-0.004817409279191942,0.4999338972735488,0.5,-6.610272645118931e-05,0.6724271662821245,0.673,-0.0005728337178755316
input,1,112,,8.01257607931241,8.0,0.012576079312410116,0.5002832714417402,0.5,0.00028327144174022933,-0.6603168428861418,-0.659,-0.0013168428861417558
input,1,113,,7.005289102873844,7.0,0.005289102873843987,0.5003244780966568,0.5,0.0003244780966568106,-0.8713281920745638,-0.872,0.0006718079254361964
input,1,114,,7.018361947616095,7.0,0.018361947616095442,0.5003202468801694,0.5,0.00032024688016940583,-0.585391336359243,-0.584,-0.001391336359243045
input,1,115,,5.997702968099279,6.0,-0.002297031900720725,0.500276318706987,0.5,0.0002763187069869666,0.23405813957519325,0.234,5.813957519323898e-05
input,1,116,,6.008859269426201,6.0,0.008859269426200633,0.5005560954769868,0.5,0.0005560954769867621,0.5631357243042237,0.562,0.0011357243042235954
input,1,117,,7.990399409102295,8.0,-0.00960059089770482,0.4997750566343447,0.5,-0.0002249433656553168,-0.6669479651762676,-0.666,-0.0009479651762676067
input,1,118,,6.006474864914098,6.0,0.006474864914098433,0.5001507034431996,0.5,0.00015070344319956241,-0.21310030125783064,-0.212,-0.0011003012578306437
input,1,119,,5.985342028802339,6.0,-0.014657971197660657,0.49979338260875106,0.5,-0.00020661739124894218,-0.189334088972905,-0.191,0.0016659110270950128
input,1,120,,5.992536925420769,6.0,-0.0074630745792312325,0.4999828671638924,0.5,-1.7132836107602856e-05,0.6695607761062133,0.667,0.0025607761062133028
input,1,121,,8.011724289083714,8.0,0.011724289083714368,0.500279614482671,0.5,0.00027961448267099787,-0.6557577761353443,-0.653,-0.0027577761353442254
input,1,122,,7.0083935225765615,7.0,0.008393522576561452,0.50029501545608,0.5,0.00029501545608001667,-0.8784908992914885,-0.877,-0.00149089929148849
input,1,123,,6.994796565650508,7.0,-0.00520343434949222,0.4999161755606159,0.5,-8.382443938409478e-05,-0.556967454355708,-0.558,0.0010325456442920045
input,1,124,,6.012145900500173,6.0,0.01214590050017339,0.500563461393646,0.5,0.0005634613936460475,0.18545663937598164,0.186,-0.0005433606240183575
input,1,125,,6.006009306348538,6.0,0.006009306348538246,0.5001612798909693,0.5,0.000161279890969257,0.5727378641798815,0.574,-0.0012621358201184707
input,1,126,,8.01535561677531,8.0,0.0153556167753095,0.5003797870855691,0.5,0.00037978708556907215,-0.6937017038183085,-0.694,0.00029829618169141536
input,1,127,,6.02158062521072,6.0,0.021580625210719795,0.5005386851526588,0.5,0.0005386851526587577,0.09465987699390488,0.096,-0.001340123006095123
input,1,128,,16.000841130000374,16.0,0.0008411300003743349,0.5000395722785315,0.5,3.957227853146339e-05,-0.2845544655160343,-0.285,0.0004455344839656705
input,1,129,,7.021818306581173,7.0,0.021818306581172564,0.5004449679874916,0.5,0.0004449679874916068,-0.5929536579349612,-0.592,-0.0009536579349612717
input,1,130,,6.0136786559737,6.0,0.013678655973699883,0.49997283296808687,0.5,-2.716703191313341e-05,0.26601658719289695,0.267,-0.0009834128071030679
input,1,131,,6.007059923583085,6.0,0.007059923583084604,0.5005033212731917,0.5,0.000503321273191748,0.5640561752339593,0.56,0.004056175233959292
input,1,132,,7.989775488327587,8.0,-0.010224511672412895,0.4997781220778381,0.5,-0.00022187792216188384,-0.6735850027838471,-0.673,-0.0005850027838470995
input,1,133,,6.039647580518551,6.0,0.039647580518550996,0.5013695365364638,0.5,0.0013695365364637668,-0.3934808801295947,-0.392,-0.001480880129594686
input,1,134,,7.009234308248329,7.0,0.00923430824832927,0.5000702272942616,0.5,7.022729426164886e-05,-0.5919306585223159,-0.588,-0.0039306585223158885
input,1,135,,5.995463935285158,6.0,-0.004536064714842247,0.4997528764546744,0.5,-0.00024712354532557823,0.21588555102449927,0.215,0.0008855510244992759
input,1,136,,5.974009600878714,6.0,-0.025990399121286423,0.49953835778550376,0.5,-0.00046164221449623843,0.5628948161743214,0.56,0.002894816174321302
input,1,137,,8.020071303376612,8.0,0.020071303376612448,0.5004341996811257,0.5,0.00043419968112567986,-0.6632512796549929,-0.661,-0.0022512796549928327
input,1,138,,5.9995031628673265,6.0,-0.0004968371326734555,0.49991645963268155,0.5,-8.35403673184465e-05,-0.006071670723896377,-0.005,-0.0010716707238963771
input,1,139,,6.006773927601951,6.0,0.006773927601950724,0.5003032845595919,0.5,0.0003032845595919431,-0.36276686667216457,-0.362,-0.0007668666721645789
input,1,140,,5.995603788821276,6.0,-0.00439621117872413,0.4999557674231818,0.5,-4.423257681818171e-05,-0.3588981658763321,-0.36,0.0011018341236678775
input,1,141,,7.018267155466487,7.0,0.018267155466486606,0.5006006345018823,0.5,0.0006006345018823023,-0.5901912016470983,-0.59,-0.00019120164709829357
input,1,142,,5.989744040429235,6.0,-0.010255959570764972,0.49972224931232573,0.5,-0.0002777506876742719,0.21372228242146704,0.214,-0.0002777175785329544
input,1,143,,5.987034661687987,6.0,-0.012965338312013408,0.49979025852048975,0.5,-0.00020974147951025035,0.5637504305240779,0.56,0.0037504305240778635
input,1,144,,8.00679811598296,8.0,0.006798115982959985,0.4999984048882256,0.5,-1.5951117743884247e-06,-0.6589534808417938,-0.657,-0.0019534808417938088
input,1,145,,5.994646822013253,6.0,-0.005353177986746616,0.5000839955179867,0.5,8.399551798665694e-05,-0.03161364942264365,-0.032,0.0003863505773563508
input,1,146,,5.999125534620339,6.0,-0.0008744653796606272,0.5002953441173635,0.5,0.0002953441173635385,-0.1532550890819591,-0.154,0.0007449109180409086
input,1,147,,6.005720035839196,6.0,0.005720035839195781,0.5001791244759154,0.5,0.00017912447591539316,-0.3609515424355193,-0.36,-0.0009515424355193147
input,1,148,,5.999343481540912,6.0,-0.0006565184590883177,0.5000287688445499,0.5,2.876884454994233e-05,-0.33221808575123835,-0.332,-0.0002180857512383283
input,1,149,,7.007436276935815,7.0,0.007436276935814945,0.5001929367075135,0.5,0.00019293670751352465,-0.595277111986029,-0.593,-0.002277111986028979
input,1,150,,5.995545551066321,6.0,-0.004454448933678634,0.5005229245113534,0.5,0.0005229245113533842,0.24324610657661738,0.242,0.0012461065766173895
input,1,151,,5.997629376274536,6.0,-0.0023706237254641493,0.5001676031077169,0.5,0.00016760310771690712,0.5604917040360347,0.557,0.003491704036034604
input,1,152,,8.00807122427154,8.0,0.008071224271539279,0.5000678395915986,0.5,6.783959159861741e-05,-0.6657517797554254,-0.663,-0.0027517797554253987
input,1,153,,5.987384628071109,6.0,-0.012615371928890617,0.5000367754446622,0.5,3.677544466218485e-05,-0.23411183836898627,-0.235,0.0008881616310137119
input,1,154,,6.000589417801724,6.0,0.0005894178017236129,0.5000334472574827,0.5,3.344725748266608e-05,0.0469792350400737,0.049,-0.0020207649599262995
input,1,155,,5.987655809001788,6.0,-0.012344190998211602,0.4997822289917955,0.5,-0.00021777100820452588,-0.3565602194241545,-0.359,0.002439780575845485
input,1,156,,6.000358035257345,6.0,0.00035803525734490194,0.5000979267123963,0.5,9.792671239627904e-05,-0.36058366890333493,-0.361,0.00041633109666505685
input,1,157,,6.996201058273997,7.0,-0.0037989417260027025,0.4994835375664686,0.5,-0.0005164624335313728,-0.5699829482830145,-0.566,-0.003982948283014598
input,1,158,,5.982373357474586,6.0,-0.017626642525414127,0.4994827772903634,0.5,-0.0005172227096366111,0.11060695156319074,0.108,0.0026069515631907403
input,1,159,,5.998341404939745,6.0,-0.0016585950602552302,0.5001718585302487,0.5,0.000171858530248703,0.5847055253695432,0.581,0.003705525369543272
input,1,160,,8.011051800146623,8.0,0.011051800146622881,0.5001994088739062,0.5,0.00019940887390623718,-0.6714351743384452,-0.668,-0.0034351743384452016
input,1,161,,6.990497932286499,7.0,-0.009502067713500928,0.49958218910051355,0.5,-0.00041781089948644823,-0.31128901902298384,-0.31,-0.0012890190229838394
input,1,162,,5.980240302018955,6.0,-0.019759697981045043,0.4995170826585381,0.5,-0.0004829173414618859,0.1699827601219988,0.17,-1.7239878001201747e-05
input,1,163,,5.99448381366889,6.0,-0.005516186331109729,0.5000673143776792,0.5,6.731437767915072e-05,0.5715716049232501,0.567,0.00457160492325015
input,1,164,,8.005472648786034,8.0,0.005472648786033929,0.4999679521651073,0.5,-3.204783489269003e-05,-0.6731298960660419,-0.67,-0.0031298960660418595
input,1,165,,6.005230090789933,6.0,0.005230090789932973,0.5002456488400392,0.5,0.0002456488400391921,-0.19649378087847844,-0.196,-0.0004937808784784281
input,1,166,,5.991614479422774,6.0,-0.008385520577226302,0.49987511183474576,0.5,-0.0001248881652542444,-0.16289469341069662,-0.165,0.002105306589303385
input,1,167,,6.014099216907237,6.0,0.014099216907236922,0.5004124464480426,0.5,0.00041244644804261377,0.019066763165324574,0.021,-0.0019332368346754274
input,1,168,,7.995048779932747,8.0,-0.004951220067252571,0.4999260692129296,0.5,-7.393078707040868e-05,-0.0011484778476256571,0.0,-0.0011484778476256571
A,1,1,False,6.979307277833539,7.0,-0.02069272216646123,0.5006700895866601,0.5,0.0006700895866601497,-0.5921420964875157,-0.592,-0.00014209648751573045
A,1,2,False,5.997529975130427,6.0,-0.0024700248695728177,0.49973866680794166,0.5,-0.00026133319205834393,0.24399586642532653,0.244,-4.133574673464979e-06
A,1,3,False,5.974201419250279,6.0,-0.02579858074972119,0.5010547590387352,0.5,0.001054759038735198,0.558981163838854,0.559,-1.8836161146063013e-05
A,1,4,False,7.997165103544423,8.0,-0.0028348964555773293,0.4998623423840209,0.5,-0.0001376576159791143,-0.664851447340557,-0.665,0.0001485526594430242
A,1,5,False,5.993995166430077,6.0,-0.006004833569923207,0.5004618081522624,0.5,0.00046180815226237737,-0.27410642073413566,-0.274,-0.00010642073413563713
A,1,6,False,6.00003707798477,6.0,3.707798476959567e-05,0.5002793496992273,0.5,0.0002793496992272715,0.072861293561432,0.073,-0.0001387064385679898
A,1,7,False,16.002557240224505,16.0,0.0025572402245046533,0.5000584211641425,0.5,5.8421164142452575e-05,-0.14113325203730157,-0.141,-0.00013325203730157886
A,1,8,False,6.002845759590146,6.0,0.002845759590146102,0.5001007016307941,0.5,0.00010070163079411998,-0.07013262543044398,-0.07,-0.00013262543044396946
A,1,9,False,6.989233344831088,7.0,-0.010766655168912287,0.5004557912719491,0.5,0.00045579127194905755,-0.5891678357748107,-0.589,-0.00016783577481072065
A,1,10,False,6.001689711204093,6.0,0.0016897112040927809,0.49971507655631664,0.5,-0.0002849234436833603,0.23514404691694965,0.235,0.00014404691694966387
A,1,11,False,6.00245681809911,6.0,0.002456818099109803,0.5001919524017013,0.5,0.0001919524017013341,0.5588550445693363,0.559,-0.00014495543066372907
A,1,12,False,8.00210260752282,8.0,0.002102607522820321,0.5000695910924838,0.5,6.959109248383388e-05,-0.6561028973134165,-0.656,-0.00010289731341650565
A,1,13,False,6.000983056328885,6.0,0.00098305632888529,0.49973767969807315,0.5,-0.00026232030192685496,-0.15581437608588472,-0.156,0.00018562391411527934
A,1,14,False,5.99889902933178,6.0,-0.0011009706682196807,0.5003433251834623,0.5,0.0003433251834622508,0.006853687671038777,0.007,-0.00014631232896122285
A,1,15,False,6.001236980146851,6.0,0.001236980146851252,0.5002282548410959,0.5,0.00022825484109589844,-0.20414837118869966,-0.204,-0.00014837118869967525
A,1,16,False,5.998879337497365,6.0,-0.0011206625026352057,0.5003124298826342,0.5,0.0003124298826342464,-0.2051343056294416,-0.205,-0.00013430562944161117
A,1,17,False,6.0027021485464545,6.0,0.0027021485464544526,0.5001161001708639,0.5,0.00011610017086394198,-0.17712800670299592,-0.177,-0.00012800670299592531
A,1,18,False,6.000881794232094,6.0,0.000881794232094002,0.5000337406215977,0.5,3.3740621597666554e-05,-0.17902936898221897,-0.179,-2.936898221897466e-05
A,1,19,False,6.0014816120293775,6.0,0.001481612029377466,0.5001486479475465,0.5,0.00014864794754654298,-0.18207712904993853,-0.182,-7.712904993853464e-05
A,1,20,False,6.989407457341931,7.0,-0.010592542658068638,0.5004411766584764,0.5,0.0004411766584764276,-0.590187641636785,-0.59,-0.00018764163678508528
A,1,21,False,6.00063467668414,6.0,0.0006346766841396345,0.5002906388560376,0.5,0.0002906388560376394,0.24001756429755702,0.24,1.756429755703226e-05
A,1,22,False,5.996565622490461,6.0,-0.0034343775095386775,0.49987146340634914,0.5,-0.00012853659365086312,0.5579134401545799,0.558,-8.655984542016437e-05
A,1,23,False,8.004295615236511,8.0,0.004295615236511452,0.4997648204881326,0.5,-0.0002351795118674116,-0.6577953217373459,-0.658,0.00020467826265413436
A,1,24,False,6.001370632520032,6.0,0.0013706325200315561,0.4997446284199284,0.5,-0.0002553715800716061,-0.21494938687224255,-0.215,5.061312775744842e-05
A,1,25,False,5.99881454792893,6.0,-0.0011854520710699035,0.4999592661253823,0.5,-4.0733874617726595e-05,-0.18993344142251345,-0.19,6.655857748655292e-05
A,1,26,False,6.0016837595167365,6.0,0.0016837595167364938,0.5000659013079534,0.5,6.590130795336435e-05,0.11599917898449394,0.116,-8.210155060667246e-07
A,1,27,False,7.001825502611078,7.0,0.001825502611078278,0.4997391052449655,0.5,-0.0002608947550344909,-0.6040445802571374,-0.604,-4.458025713738323e-05
A,1,28,False,5.998639363277563,6.0,-0.0013606367224365812,0.49995962767229685,0.5,-4.037232770315313e-05,0.9012931612655529,0.901,0.00029316126555289923
A,1,29,False,6.999113929429135,7.0,-0.000886070570865094,0.49997316485383286,0.5,-2.683514616713678e-05,-0.9080660023280592,-0.908,-6.600232805920037e-05
A,1,30,False,6.997821572369585,7.0,-0.002178427630415314,0.4999150005696409,0.5,-8.499943035911173e-05,-0.9059416808704359,-0.906,5.831912956411056e-05
A,1,31,False,6.999460490784679,7.0,-0.0005395092153213099,0.5002289555520358,0.5,0.00022895555203583662,-0.5839567320791336,-0.584,4.3267920866396636e-05
A,1,32,False,6.020785679099925,6.0,0.020785679099924792,0.4992870702126263,0.5,-0.0007129297873736951,0.2349326932739743,0.235,-6.730672602567322e-05
A,1,33,False,5.992977013211888,6.0,-0.007022986788111751,0.500516819374485,0.5,0.0005168193744850003,0.563089941065432,0.563,8.994106543203095e-05
A,1,34,False,7.998552740106212,8.0,-0.0014472598937880221,0.499969605138637,0.5,-3.0394861363025605e-05,-0.6630029005769149,-0.663,-2.9005769148771066e-06
A,1,35,False,6.000004517051392,6.0,4.517051391594862e-06,0.49998962742125325,0.5,-1.0372578746753458e-05,-0.15303008470053867,-0.153,-3.0084700538668407e-05
A,1,36,False,6.0016953441765155,6.0,0.001695344176515512,0.500069499101267,0.5,6.949910126696768e-05,0.022065160673802157,0.022,6.516067380215804e-05
A,1,37,False,7.000644026507711,7.0,0.0006440265077110041,0.5000251127893708,0.5,2.511278937078476e-05,-0.2960886215054756,-0.296,-8.862150547561676e-05
A,1,38,False,5.998887851344917,6.0,-0.0011121486550829118,0.499955171585956,0.5,-4.482841404401805e-05,-0.1820333293762169,-0.182,-3.332937621691734e-05
A,1,39,False,6.001963681185082,6.0,0.0019636811850816116,0.5001115376491027,0.5,0.0001115376491026554,-0.012145740241773898,-0.012,-0.00014574024177389788
A,1,40,False,7.00014578062026,7.0,0.00014578062025982774,0.500005594413528,0.5,5.594413527987285e-06,-0.22492869374929192,-0.225,7.130625070808638e-05
A,1,41,False,6.999701356784121,7.0,-0.00029864321587869114,0.4999813251024,0.5,-1.8674897599990636e-05,-0.5681177581260166,-0.568,-0.00011775812601666491
A,1,42,False,6.009578768093288,6.0,0.009578768093287948,0.4994900919527605,0.5,-0.0005099080472394935,0.2460998082967153,0.246,9.9808296715298e-05
A,1,43,False,5.981473123272338,6.0,-0.018526876727661623,0.5007992968849472,0.5,0.000799296884947176,0.5698608673074521,0.57,-0.00013913269254783867
A,1,44,False,8.002154414979024,8.0,0.002154414979024466,0.4997397982690011,0.5,-0.000260201730998888,-0.6728049997298617,-0.673,0.00019500027013830135
A,1,45,False,5.99115738157466,6.0,-0.008842618425339843,0.5005321311504219,0.5,0.0005321311504219439,-0.2759827271715031,-0.276,1.7272828496950332e-05
A,1,46,False,5.998541087362013,6.0,-0.00145891263798692,0.4999689991382605,0.5,-3.100086173951633e-05,0.7038191812620262,0.704,-0.00018081873797370918
A,1,47,False,8.002383731844226,8.0,0.0023837318442261335,0.5001024221917544,0.5,0.00010242219175438105,-0.7710334731770674,-0.771,-3.3473177067366855e-05
A,1,48,False,8.00282026701193,8.0,0.0028202670119306106,0.5001078722184451,0.5,0.0001078722184451042,-0.7610756594661191,-0.761,-7.565946611909347e-05
A,1,49,False,7.004140427407813,7.0,0.00414042740781273,0.5005167940572542,0.5,0.000516794057254244,-0.5751471675102995,-0.575,-0.00014716751029952846
A,1,50,False,5.955423679680328,6.0,-0.04457632031967229,0.501152667373224,0.5,0.0011526673732239479,0.23384689952511542,0.234,-0.00015310047488459322
A,1,51,False,5.987657382489897,6.0,-0.012342617510102905,0.5006394809740775,0.5,0.0006394809740775109,0.5678499022357035,0.568,-0.00015009776429641963
A,1,52,False,7.999300848058562,8.0,-0.0006991519414381031,0.4999848502251321,0.5,-1.5149774867884158e-05,-0.6809364344597917,-0.681,6.356554020836569e-05
A,1,53,False,6.004516054950417,6.0,0.004516054950417292,0.4996364390177179,0.5,-0.000363560982282074,-0.20685487563166935,-0.207,0.00014512436833064024
A,1,54,False,5.996482984358312,6.0,-0.0035170156416883813,0.500381487102936,0.5,0.00038148710293595123,-0.2230689259276361,-0.223,-6.892592763610428e-05
A,1,55,False,6.002550263187191,6.0,0.002550263187191426,0.5001400703077873,0.5,0.0001400703077872878,0.6928020662589298,0.693,-0.00019793374107013317
A,1,56,False,7.989001458604332,8.0,-0.010998541395667694,0.5003822043437851,0.5,0.0003822043437851086,-0.7720807643823402,-0.772,-8.076438234017047e-05
A,1,57,False,7.998172491315578,8.0,-0.0018275086844221633,0.5002513631826374,0.5,0.00025136318263740964,-0.7641296034652143,-0.764,-0.00012960346521428967
A,1,58,False,6.98422083507133,7.0,-0.015779164928670042,0.5005724111359536,0.5,0.0005724111359536321,-0.5851286717450723,-0.585,-0.0001286717450723618
A,1,59,False,6.008169199736351,6.0,0.008169199736350663,0.4994286333869888,0.5,-0.0005713666130112149,0.23807301168527836,0.238,7.301168527837354e-05
A,1,60,False,6.00327334358732,6.0,0.003273343587319566,0.5001836481351839,0.5,0.00018364813518390033,0.561071161888603,0.561,7.116188860289974e-05
A,1,61,False,7.9987666831780215,8.0,-0.0012333168219784696,0.4998217501414568,0.5,-0.0001782498585432002,-0.6519456172408582,-0.652,5.4382759141824444e-05
A,1,62,False,5.997726846864694,6.0,-0.002273153135305961,0.49989019214203334,0.5,-0.00010980785796665948,-0.21384365183354465,-0.214,0.0001563481664553501
A,1,63,False,6.002074477081794,6.0,0.0020744770817939795,0.5000738362819821,0.5,7.383628198209813e-05,-0.1641043613022256,-0.164,-0.00010436130222560291
A,1,64,False,6.001123809151413,6.0,0.001123809151413191,0.5000308111552993,0.5,3.0811155299348414e-05,-0.19112130840928182,-0.191,-0.0001213084092818173
A,1,65,False,6.001685299704121,6.0,0.0016852997041212348,0.5000536439409234,0.5,5.364394092344238e-05,0.03692774619969707,0.037,-7.225380030292938e-05
A,1,66,False,6.99771351646397,7.0,-0.002286483536029671,0.49992418475301253,0.5,-7.581524698746511e-05,-0.3978365616747506,-0.398,0.00016343832524939872
A,1,67,False,6.988647047656793,7.0,-0.011352952343207434,0.5002845824959202,0.5,0.000284582495920227,-0.5792222989654909,-0.579,-0.0002222989654909746
A,1,68,False,5.9930873523357455,6.0,-0.006912647664254479,0.5017682694716892,0.5,0.0017682694716891767,0.1928706878373499,0.193,-0.00012931216265010814
A,1,69,False,6.001125300598595,6.0,0.0011253005985949471,0.5000653747902271,0.5,6.537479022705739e-05,0.5669698259132926,0.567,-3.017408670735744e-05
A,1,70,False,8.00152582733622,8.0,0.001525827336219976,0.4997947211807296,0.5,-0.0002052788192704047,-0.6709101550645041,-0.671,8.984493549590855e-05
A,1,71,False,5.996831945977081,6.0,-0.0031680540229190868,0.5003371803080172,0.5,0.0003371803080172153,0.07885102464999251,0.079,-0.00014897535000749085
A,1,72,False,7.997688848813782,8.0,-0.0023111511862179412,0.49989910775253693,0.5,-0.00010089224746306913,-0.48882557986075603,-0.489,0.00017442013924395816
A,1,73,False,6.975575671143123,7.0,-0.02442432885687662,0.5006095677277261,0.5,0.0006095677277261347,-0.5731126992513379,-0.573,-0.00011269925133794434
A,1,74,False,5.992692045084012,6.0,-0.007307954915988013,0.5004078529717829,0.5,0.00040785297178291824,0.16896480422273258,0.169,-3.5195777267432726e-05
A,1,75,False,6.001213337836394,6.0,0.0012133378363943237,0.4997422674384807,0.5,-0.00025773256151928603,0.5650707733989643,0.565,7.077339896432999e-05
A,1,76,False,8.000996551546324,8.0,0.0009965515463239427,0.49987009501611224,0.5,-0.00012990498388776306,-0.6589356566951136,-0.659,6.434330488647166e-05
A,1,77,False,5.996875635694383,6.0,-0.0031243643056173553,0.5003422700937067,0.5,0.00034227009370668693,0.23188728465584646,0.232,-0.00011271534415355222
A,1,78,False,8.007068778367044,8.0,0.007068778367044004,0.49968768839088484,0.5,-0.00031231160911515676,-0.4938888673286054,-0.494,0.00011113267139462035
A,1,79,False,5.99922655101061,6.0,-0.0007734489893902463,0.5002401012531345,0.5,0.0002401012531344504,-0.4131112608809444,-0.413,-0.00011126088094443043
A,1,80,False,7.000334063351652,7.0,0.00033406335165242496,0.5000081954324955,0.5,8.19543249552801e-06,-0.5860237894288945,-0.586,-2.3789428894582798e-05
A,1,81,False,6.002409437964136,6.0,0.002409437964136174,0.5001148412072084,0.5,0.00011484120720839375,0.23496069605370773,0.235,-3.930394629225731e-05
A,1,82,False,6.007931382480895,6.0,0.007931382480895088,0.49946250291478883,0.5,-0.0005374970852111693,0.56094668563488,0.561,-5.3314365120016305e-05
A,1,83,False,7.998411327444962,8.0,-0.0015886725550382508,0.499953973262127,0.5,-4.6026737873017254e-05,-0.6618004945826479,-0.662,0.00019950541735214156
A,1,84,False,6.004978793425786,6.0,0.004978793425785888,0.49963102318200475,0.5,-0.00036897681799524795,-0.1479807113721194,-0.148,1.928862788058705e-05
A,1,85,False,6.0025660821412865,6.0,0.0025660821412865076,0.5002008852619608,0.5,0.0002008852619608259,-0.043931945993699616,-0.044,6.805400630038178e-05
A,1,86,False,5.9975273861213285,6.0,-0.0024726138786714813,0.4998511183210808,0.5,-0.00014888167891918824,-0.18199272426662685,-0.182,7.2757333731410245e-06
A,1,87,False,6.000896267851223,6.0,0.0008962678512229871,0.5002098818076552,0.5,0.00020988180765524334,-0.18223463516499824,-0.182,-0.0002346351649982481
A,1,88,False,5.9907009333803956,6.0,-0.009299066619604446,0.5004543365886172,0.5,0.00045433658861715465,-0.33399272552965614,-0.334,7.274470343876516e-06
A,1,89,False,6.002192330344304,6.0,0.0021923303443038833,0.5001861147605595,0.5,0.00018611476055951925,-0.345015211008909,-0.345,-1.5211008908999624e-05
A,1,90,False,6.002631649563726,6.0,0.0026316495637264126,0.500159119675947,0.5,0.00015911967594695042,0.40274320146924675,0.403,-0.0002567985307532772
A,1,91,False,8.001024569647141,8.0,0.0010245696471411492,0.5001902823577349,0.5,0.00019028235773488333,-0.5681007786973176,-0.568,-0.00010077869731761613
A,1,92,False,6.978701155593579,7.0,-0.021298844406421047,0.5005299540559908,0.5,0.0005299540559907667,-0.5889773949837912,-0.589,2.2605016208765427e-05
A,1,93,False,5.997654847292809,6.0,-0.002345152707190934,0.499797480357426,0.5,-0.00020251964257400612,0.23298275974046043,0.233,-1.7240259539585967e-05
A,1,94,False,6.00330305732846,6.0,0.003303057328460035,0.4996470412914352,0.5,-0.00035295870856477674,0.5651499122977063,0.565,0.00014991229770633385
A,1,95,False,8.005141998625508,8.0,0.005141998625507682,0.49968890482068407,0.5,-0.00031109517931593444,-0.6687865595641598,-0.669,0.00021344043584026196
A,1,96,False,5.9889843341635345,6.0,-0.011015665836465516,0.5005582552937038,0.5,0.000558255293703791,-0.13307255056703857,-0.133,-7.255056703855955e-05
A,1,97,False,6.002278089318874,6.0,0.002278089318873633,0.4996539651824951,0.5,-0.0003460348175048922,-0.17496433948555026,-0.175,3.566051444972573e-05
A,1,98,False,5.998347518438051,6.0,-0.0016524815619494149,0.49993104306096775,0.5,-6.895693903224975e-05,-0.08291952873726038,-0.083,8.047126273962035e-05
A,1,99,False,6.001492385256095,6.0,0.0014923852560952966,0.5001479479541905,0.5,0.000147947954190486,0.013125589312891695,0.013,0.0001255893128916958
A,1,100,False,6.999640260830487,7.0,-0.00035973916951270724,0.49998875001798854,0.5,-1.12499820114631e-05,-0.3099439754370918,-0.31,5.60245629082079e-05
A,1,101,False,5.998694868423244,6.0,-0.0013051315767560467,0.49977789521852073,0.5,-0.00022210478147927093,0.19498151351882517,0.195,-1.8486481174834202e-05
A,1,102,False,6.001886157778488,6.0,0.0018861577784878847,0.5000921940967682,0.5,9.219409676819446e-05,-0.23025730174361128,-0.23,-0.00025730174361127123
A,1,103,False,5.998516047910076,6.0,-0.0014839520899236902,0.4999279091468931,0.5,-7.209085310688756e-05,-0.2678355877599497,-0.268,0.00016441224005031563
A,1,104,False,5.999495115071406,6.0,-0.0005048849285937962,0.5002720218764631,0.5,0.00027202187646313547,-0.21308870180254702,-0.213,-8.870180254702542e-05
A,1,105,False,5.999748966605527,6.0,-0.00025103339447341,0.4999902353609677,0.5,-9.764639032294742e-06,-0.19003672582518272,-0.19,-3.6725825182715166e-05
A,1,106,False,6.998744983243245,7.0,-0.0012550167567546566,0.4999562448949685,0.5,-4.3755105031517694e-05,-0.5849789799425358,-0.585,2.1020057464182784e-05
A,1,107,False,5.999600760525765,6.0,-0.0003992394742349248,0.4998261350518066,0.5,-0.00017386494819338072,0.24407045428971205,0.244,7.045428971205747e-05
A,1,108,False,6.010931482280344,6.0,0.010931482280343907,0.49948891060536216,0.5,-0.0005110893946378425,0.5610127613095576,0.561,1.276130955751853e-05
A,1,109,False,7.981686000105302,8.0,-0.01831399989469773,0.5004527419164941,0.5,0.0004527419164941371,-0.6640686596519324,-0.664,-6.86596519323679e-05
A,1,110,False,6.0027208409166946,6.0,0.0027208409166945557,0.5001470224785174,0.5,0.00014702247851738903,-0.23799541539675526,-0.238,4.584603244733865e-06
A,1,111,False,5.997455221450048,6.0,-0.0025447785499519426,0.4999338972735488,0.5,-6.610272645118931e-05,0.672860520421948,0.673,-0.00013947957805204858
A,1,112,False,7.995726124430177,8.0,-0.004273875569823282,0.5002832714417402,0.5,0.00028327144174022933,-0.6590530158753841,-0.659,-5.301587538408814e-05
A,1,113,False,6.99552529806098,7.0,-0.004474701939019887,0.5003244780966568,0.5,0.0003244780966568106,-0.8720378751906831,-0.872,-3.787519068310097e-05
A,1,114,False,6.993691019771614,7.0,-0.006308980228386218,0.5003202468801694,0.5,0.00032024688016940583,-0.5840836895860394,-0.584,-8.36895860394371e-05
A,1,115,False,5.997286930961333,6.0,-0.002713069038667193,0.500276318706987,0.5,0.0002763187069869666,0.23381938834327345,0.234,-0.0001806116567265592
A,1,116,False,5.990715420656851,6.0,-0.009284579343148636,0.5005560954769868,0.5,0.0005560954769867621,0.5621037270991258,0.562,0.00010372709912576106
A,1,117,False,8.002254117943506,8.0,0.002254117943506273,0.4997750566343447,0.5,-0.0002249433656553168,-0.6659338841734409,-0.666,6.611582655913217e-05
A,1,118,False,6.001905442955578,6.0,0.0019054429555778185,0.5001507034431996,0.5,0.00015070344319956241,-0.21212455264579408,-0.212,-0.00012455264579408487
A,1,119,False,6.00043100991704,6.0,0.0004310099170403703,0.49979338260875106,0.5,-0.00020661739124894218,-0.19080628278422843,-0.191,0.0001937172157715772
A,1,120,False,5.999210906445199,6.0,-0.00078909355480139,0.4999828671638924,0.5,-1.7132836107602856e-05,0.6669646821101458,0.667,-3.5317889854225015e-05
A,1,121,False,7.994334112509491,8.0,-0.005665887490509114,0.500279614482671,0.5,0.00027961448267099787,-0.6530720425238465,-0.653,-7.20425238465161e-05
A,1,122,False,6.995839526926002,7.0,-0.004160473073998361,0.50029501545608,0.5,0.00029501545608001667,-0.8771302842456626,-0.877,-0.0001302842456626374
A,1,123,False,6.99832918546587,7.0,-0.0016708145341297609,0.4999161755606159,0.5,-8.382443938409478e-05,-0.5580764730505967,-0.558,-7.647305059665932e-05
A,1,124,False,5.9894268003108095,6.0,-0.01057319968919046,0.500563461393646,0.5,0.0005634613936460475,0.18598481727140717,0.186,-1.5182728592827432e-05
A,1,125,False,6.004586966214356,6.0,0.004586966214356281,0.5001612798909693,0.5,0.000161279890969257,0.5738117472647555,0.574,-0.00018825273524447628
A,1,126,False,7.990434540760234,8.0,-0.009565459239765595,0.5003797870855691,0.5,0.00037978708556907215,-0.6940937683379487,-0.694,-9.376833794871864e-05
A,1,127,False,5.988846200722698,6.0,-0.011153799277302312,0.5005386851526588,0.5,0.0005386851526587577,0.09583070627654379,0.096,-0.00016929372345621252
A,1,128,False,16.002794951736682,16.0,0.002794951736682094,0.5000395722785315,0.5,3.957227853146339e-05,-0.28513546859129774,-0.285,-0.00013546859129776045
A,1,129,False,6.9917617057889405,7.0,-0.008238294211059483,0.5004449679874916,0.5,0.0004449679874916068,-0.5920477674722986,-0.592,-4.7767472298620994e-05
A,1,130,False,5.998819166617539,6.0,-0.0011808333824614436,0.49997283296808687,0.5,-2.716703191313341e-05,0.26694692184222674,0.267,-5.307815777327862e-05
A,1,131,False,5.9943099515153415,6.0,-0.005690048484658483,0.5005033212731917,0.5,0.000503321273191748,0.5598718641791598,0.56,-0.00012813582084025832
A,1,132,False,8.000738215583443,8.0,0.0007382155834427806,0.4997781220778381,0.5,-0.00022187792216188384,-0.6727639991485493,-0.673,0.0002360008514507017
A,1,133,False,6.028933150279944,6.0,0.028933150279944364,0.5013695365364638,0.5,0.0013695365364637668,-0.3922084832864439,-0.392,-0.00020848328644390568
A,1,134,False,7.001796791206326,7.0,0.0017967912063259206,0.5000702272942616,0.5,7.022729426164886e-05,-0.5881169586423273,-0.588,-0.0001169586423273028
A,1,135,False,6.001948569348448,6.0,0.0019485693484480038,0.4997528764546744,0.5,-0.00024712354532557823,0.21509493765684023,0.215,9.493765684023825e-05
A,1,136,False,5.993840076526047,6.0,-0.0061599234739526665,0.49953835778550376,0.5,-0.00046164221449623843,0.5599281580956114,0.56,-7.184190438869198e-05
A,1,137,False,8.001660590132552,8.0,0.0016605901325519312,0.5004341996811257,0.5,0.00043419968112567986,-0.661028328748197,-0.661,-2.832874819691522e-05
A,1,138,False,5.998133146214653,6.0,-0.0018668537853470113,0.49991645963268155,0.5,-8.35403673184465e-05,-0.004880232684639828,-0.005,0.0001197673153601718
A,1,139,False,5.9960773876427425,6.0,-0.003922612357257549,0.5003032845595919,0.5,0.0003032845595919431,-0.36211247122025725,-0.362,-0.00011247122025725975
A,1,140,False,5.998714345843012,6.0,-0.0012856541569883362,0.4999557674231818,0.5,-4.423257681818171e-05,-0.35993786119102233,-0.36,6.2138808977652e-05
A,1,141,False,6.994863066334676,7.0,-0.005136933665323973,0.5006006345018823,0.5,0.0006006345018823023,-0.5899900118550159,-0.59,9.988144984096614e-06
A,1,142,False,6.00044668972213,6.0,0.0004466897221302446,0.49972224931232573,0.5,-0.0002777506876742719,0.21401932500244433,0.214,1.932500244433699e-05
A,1,143,False,6.00176737628123,6.0,0.0017673762812302485,0.49979025852048975,0.5,-0.00020974147951025035,0.5600376561234301,0.56,3.76561234300965e-05
A,1,144,False,7.999898997677623,8.0,-0.00010100232237686413,0.4999984048882256,0.5,-1.5951117743884247e-06,-0.6569334302771932,-0.657,6.656972280683071e-05
A,1,145,False,6.002340648111177,6.0,0.0023406481111774013,0.5000839955179867,0.5,8.399551798665694e-05,-0.03206114347355414,-0.032,-6.114347355413996e-05
A,1,146,False,5.997185330262185,6.0,-0.0028146697378153007,0.5002953441173635,0.5,0.0002953441173635385,-0.1541700900972574,-0.154,-0.0001700900972574082
A,1,147,False,5.999032766752144,6.0,-0.0009672332478558587,0.5001791244759154,0.5,0.00017912447591539316,-0.36005094198486903,-0.36,-5.094198486904622e-05
A,1,148,False,6.000836827178407,6.0,0.0008368271784071624,0.5000287688445499,0.5,2.876884454994233e-05,-0.33201391173808675,-0.332,-1.3911738086735959e-05
A,1,149,False,6.998843619277293,7.0,-0.0011563807227066292,0.5001929367075135,0.5,0.00019293670751352465,-0.5930872953527395,-0.593,-8.729535273954703e-05
A,1,150,False,5.990015485852163,6.0,-0.009984514147837409,0.5005229245113534,0.5,0.0005229245113533842,0.2418829073542898,0.242,-0.00011709264571019284
A,1,151,False,6.001474223595265,6.0,0.0014742235952649452,0.5001676031077169,0.5,0.00016760310771690712,0.5569850485801565,0.557,-1.4951419843534097e-05
A,1,152,False,8.002100627850767,8.0,0.002100627850767367,0.5000678395915986,0.5,6.783959159861741e-05,-0.6631656407217542,-0.663,-0.00016564072175417888
A,1,153,False,6.001038962036744,6.0,0.0010389620367439178,0.5000367754446622,0.5,3.677544466218485e-05,-0.2350378595151932,-0.235,-3.7859515193222615e-05
A,1,154,False,6.001162841275787,6.0,0.0011628412757866968,0.5000334472574827,0.5,3.344725748266608e-05,0.048929145731338636,0.049,-7.085426866136613e-05
A,1,155,False,6.001273653723738,6.0,0.0012736537237376666,0.4997822289917955,0.5,-0.00021777100820452588,-0.35886081415526616,-0.359,0.00013918584473382456
A,1,156,False,6.001986269637541,6.0,0.001986269637541227,0.5000979267123963,0.5,9.792671239627904e-05,-0.361115464063995,-0.361,-0.00011546406399498554
A,1,157,False,7.0203336251218245,7.0,0.02033362512182446,0.4994835375664686,0.5,-0.0005164624335313728,-0.5659474227453166,-0.566,5.257725468332808e-05
A,1,158,False,6.0124500631404105,6.0,0.012450063140410528,0.4994827772903634,0.5,-0.0005172227096366111,0.1080618608126748,0.108,6.186081267479937e-05
A,1,159,False,6.002391795436283,6.0,0.002391795436283317,0.5001718585302487,0.5,0.000171858530248703,0.5810721894646825,0.581,7.218946468257048e-05
A,1,160,False,7.997304414591219,8.0,-0.0026955854087811204,0.5001994088739062,0.5,0.00019940887390623718,-0.6682275307596229,-0.668,-0.00022753075962289593
A,1,161,False,7.008351785842838,7.0,0.008351785842838133,0.49958218910051355,0.5,-0.00041781089948644823,-0.30995499075277516,-0.31,4.500924722483646e-05
A,1,162,False,6.012813030863752,6.0,0.012813030863751962,0.4995170826585381,0.5,-0.0004829173414618859,0.17002864273305185,0.17,2.8642733051836844e-05
A,1,163,False,6.002107827601417,6.0,0.002107827601417256,0.5000673143776792,0.5,6.731437767915072e-05,0.5670666946072893,0.567,6.669460728936372e-05
A,1,164,False,7.998414306209366,8.0,-0.0015856937906342239,0.4999679521651073,0.5,-3.204783489269003e-05,-0.6699834822495077,-0.67,1.651775049238413e-05
A,1,165,False,5.998872554943576,6.0,-0.0011274450564240368,0.5002456488400392,0.5,0.0002456488400391921,-0.1960978601547215,-0.196,-9.786015472149079e-05
A,1,166,False,5.998139874199347,6.0,-0.0018601258006532007,0.49987511183474576,0.5,-0.0001248881652542444,-0.1649090275308845,-0.165,9.097246911551893e-05
A,1,167,False,5.994208358107844,6.0,-0.005791641892155752,0.5004124464480426,0.5,0.00041244644804261377,0.020943121060865082,0.021,-5.687893913491893e-05
A,1,168,False,7.997192074741057,8.0,-0.0028079252589430226,0.4999260692129296,0.5,-7.393078707040868e-05,6.57658072250955e-05,0.0,6.57658072250955e-05
B,1,1,False,7.004415839374223,7.0,0.004415839374223296,0.5006700895866601,0.5,0.0006700895866601497,-0.5920098880992698,-0.592,-9.888099269828032e-06
B,1,2,False,5.989440081102588,6.0,-0.010559918897412146,0.49973866680794166,0.5,-0.00026133319205834393,0.24400424079527688,0.244,4.240795276888587e-06
B,1,3,False,6.011339320095294,6.0,0.011339320095293814,0.5010547590387352,0.5,0.001054759038735198,0.558992488981668,0.559,-7.511018332073682e-06
B,1,4,False,7.995146012851605,8.0,-0.0048539871483948005,0.4998623423840209,0.5,-0.0001376576159791143,-0.6649929455295721,-0.665,7.054470427925175e-06
B,1,5,False,6.006475486719209,6.0,0.006475486719208945,0.5004618081522624,0.5,0.00046180815226237737,-0.2740080129773182,-0.274,-8.01297731817252e-06
B,1,6,False,6.0002921904814235,6.0,0.00029219048142348214,0.5002793496992273,0.5,0.0002793496992272715,0.07299212385545237,0.073,-7.87614454762775e-06
B,1,7,False,15.998362889470188,16.0,-0.0016371105298116362,0.5000584211641425,0.5,5.8421164142452575e-05,-0.141006309631079,-0.141,-6.309631079004507e-06
B,1,8,False,5.993860333242166,6.0,-0.00613966675783395,0.5001007016307941,0.5,0.00010070163079411998,-0.07000410678536018,-0.07,-4.106785360169507e-06
B,1,9,False,7.005925511910941,7.0,0.005925511910940706,0.5004557912719491,0.5,0.00045579127194905755,-0.5890099429167366,-0.589,-9.94291673661607e-06
B,1,10,False,5.993234304277758,6.0,-0.006765695722242171,0.49971507655631664,0.5,-0.0002849234436833603,0.23500665540956395,0.235,6.655409563960379e-06
B,1,11,False,6.005521746247869,6.0,0.00552174624786872,0.5001919524017013,0.5,0.0001919524017013341,0.5589930530440339,0.559,-6.94695596614725e-06
B,1,12,False,7.994286770711986,8.0,-0.005713229288014432,0.5000695910924838,0.5,6.959109248383388e-05,-0.6560037190227522,-0.656,-3.71902275220215e-06
B,1,13,False,5.9966886795033245,6.0,-0.003311320496675485,0.49973767969807315,0.5,-0.00026232030192685496,-0.15599271330137546,-0.156,7.286698624542343e-06
B,1,14,False,6.003300644934581,6.0,0.00330064493458071,0.5003433251834623,0.5,0.0003433251834622508,0.006993886665196333,0.007,-6.11333480366686e-06
B,1,15,False,5.9990923020708,6.0,-0.0009076979292004239,0.5002282548410959,0.5,0.00022825484109589844,-0.20400644689821126,-0.204,-6.4468982112764195e-06
B,1,16,False,6.000098018658895,6.0,9.801865889524919e-05,0.5003124298826342,0.5,0.0003124298826342464,-0.20500705554343077,-0.205,-7.05554343077841e-06
B,1,17,False,5.997919304504369,6.0,-0.0020806954956311685,0.5001161001708639,0.5,0.00011610017086394198,-0.17700534242800747,-0.177,-5.342428007482081e-06
B,1,18,False,5.998435269875727,6.0,-0.0015647301242731615,0.5000337406215977,0.5,3.3740621597666554e-05,-0.17900232385544515,-0.179,-2.3238554451576743e-06
B,1,19,False,5.9989207195667,6.0,-0.0010792804333004113,0.5001486479475465,0.5,0.00014864794754654298,-0.18200573638796447,-0.182,-5.736387964472289e-06
B,1,20,False,6.989972355786817,7.0,-0.010027644213183251,0.5004411766584764,0.5,0.0004411766584764276,-0.5900106746909975,-0.59,-1.0674690997580782e-05
B,1,21,False,6.0021618746492775,6.0,0.0021618746492775287,0.5002906388560376,0.5,0.0002906388560376394,0.23999448577532057,0.24,-5.514224679425972e-06
B,1,22,False,5.996055497671002,6.0,-0.003944502328997679,0.49987146340634914,0.5,-0.00012853659365086312,0.5580029453352247,0.558,2.9453352246022746e-06
B,1,23,False,8.000495249063695,8.0,0.0004952490636949136,0.4997648204881326,0.5,-0.0002351795118674116,-0.657991376711621,-0.658,8.62328837902826e-06
B,1,24,False,5.999774312249965,6.0,-0.00022568775003506403,0.4997446284199284,0.5,-0.0002553715800716061,-0.2149936916009089,-0.215,6.308399091103922e-06
B,1,25,False,6.001974912111544,6.0,0.0019749121115442136,0.4999592661253823,0.5,-4.0733874617726595e-05,-0.1899971662292992,-0.19,2.833770700788607e-06
B,1,26,False,5.9968423263838915,6.0,-0.003157673616108525,0.5000659013079534,0.5,6.590130795336435e-05,0.11599686988305444,0.116,-3.1301169455683064e-06
B,1,27,False,7.002409925767148,7.0,0.00240992576714838,0.4997391052449655,0.5,-0.0002608947550344909,-0.6039938246475679,-0.604,6.175352432080672e-06
B,1,28,False,5.999904136406814,6.0,-9.58635931862517e-05,0.49995962767229685,0.5,-4.037232770315313e-05,0.9010052355951503,0.901,5.235595150310246e-06
B,1,29,False,7.001252267181979,7.0,0.0012522671819787945,0.49997316485383286,0.5,-2.683514616713678e-05,-0.9079977364641402,-0.908,2.263535859858834e-06
B,1,30,False,7.0064934547801565,7.0,0.006493454780156505,0.4999150005696409,0.5,-8.499943035911173e-05,-0.9059964853089265,-0.906,3.514691073513987e-06
B,1,31,False,7.00496574669907,7.0,0.004965746699070017,0.5002289555520358,0.5,0.00022895555203583662,-0.584004740062543,-0.584,-4.7400625430293886e-06
B,1,32,False,5.988251727660309,6.0,-0.011748272339691113,0.4992870702126263,0.5,-0.0007129297873736951,0.2350064516909678,0.235,6.4516909678014045e-06
B,1,33,False,6.011376697930675,6.0,0.011376697930675306,0.500516819374485,0.5,0.0005168193744850003,0.5629949231220537,0.563,-5.076877946263991e-06
B,1,34,False,8.00168449397018,8.0,0.001684493970179446,0.499969605138637,0.5,-3.0394861363025605e-05,-0.6629971624339341,-0.663,2.837566065894137e-06
B,1,35,False,6.000190543626335,6.0,0.00019054362633497135,0.49998962742125325,0.5,-1.0372578746753458e-05,-0.15299959659220305,-0.153,4.0340779694503226e-07
B,1,36,False,5.99658244356499,6.0,-0.0034175564350098497,0.500069499101267,0.5,6.949910126696768e-05,0.021998722212340057,0.022,-1.2777876599416593e-06
B,1,37,False,6.998955039679848,7.0,-0.0010449603201516666,0.5000251127893708,0.5,2.511278937078476e-05,-0.2960032190006658,-0.296,-3.2190006657994985e-06
B,1,38,False,6.001925479359467,6.0,0.0019254793594667419,0.499955171585956,0.5,-4.482841404401805e-05,-0.18199783160580654,-0.182,2.168394193452494e-06
B,1,39,False,5.99288875324068,6.0,-0.007111246759319734,0.5001115376491027,0.5,0.0001115376491026554,-0.012004604437163457,-0.012,-4.604437163456543e-06
B,1,40,False,6.999988844087823,7.0,-1.1155912177152061e-05,0.500005594413528,0.5,5.594413527987285e-06,-0.22500102244890421,-0.225,-1.0224489042087725e-06
B,1,41,False,7.000488962322563,7.0,0.0004889623225627915,0.4999813251024,0.5,-1.8674897599990636e-05,-0.5680012678651974,-0.568,-1.2678651974962207e-06
B,1,42,False,5.987899298736045,6.0,-0.012100701263954683,0.4994900919527605,0.5,-0.0005099080472394935,0.2460113846287428,0.246,1.1384628742810987e-05
B,1,43,False,6.016550963110453,6.0,0.016550963110453232,0.5007992968849472,0.5,0.000799296884947176,0.569992592054191,0.57,-7.407945809001504e-06
B,1,44,False,7.991041612603823,8.0,-0.008958387396177159,0.4997397982690011,0.5,-0.000260201730998888,-0.672993108252426,-0.673,6.891747574067075e-06
B,1,45,False,6.007530742638573,6.0,0.007530742638572896,0.5005321311504219,0.5,0.0005321311504219439,-0.27600665577065053,-0.276,-6.655770650509929e-06
B,1,46,False,5.999440148944938,6.0,-0.0005598510550619551,0.4999689991382605,0.5,-3.100086173951633e-05,0.703993712955159,0.704,-6.287044840957989e-06
B,1,47,False,7.994605278178803,8.0,-0.005394721821197379,0.5001024221917544,0.5,0.00010242219175438105,-0.7710055494353489,-0.771,-5.549435348917164e-06
B,1,48,False,7.9951255957891,8.0,-0.004874404210900352,0.5001078722184451,0.5,0.0001078722184451042,-0.7610049356113524,-0.761,-4.93561135239684e-06
B,1,49,False,7.002499293576597,7.0,0.0024992935765970614,0.5005167940572542,0.5,0.000516794057254244,-0.5750096321035405,-0.575,-9.632103540546666e-06
B,1,50,False,5.993857592013392,6.0,-0.006142407986607701,0.501152667373224,0.5,0.0011526673732239479,0.233989046006201,0.234,-1.0953993799023287e-05
B,1,51,False,6.002011007884301,6.0,0.002011007884300753,0.5006394809740775,0.5,0.0006394809740775109,0.5679944524122796,0.568,-5.547587720311498e-06
B,1,52,False,8.00055526302991,8.0,0.0005552630299092698,0.4999848502251321,0.5,-1.5149774867884158e-05,-0.6809976363649256,-0.681,2.363635074442705e-06
B,1,53,False,5.993606473216359,6.0,-0.006393526783640802,0.4996364390177179,0.5,-0.000363560982282074,-0.2069925534136959,-0.207,7.446586304082903e-06
B,1,54,False,6.003437496591957,6.0,0.0034374965919568012,0.500381487102936,0.5,0.00038148710293595123,-0.22300702659276195,-0.223,-7.0265927619439505e-06
B,1,55,False,5.998638692204559,6.0,-0.0013613077954408581,0.5001400703077873,0.5,0.0001400703077872878,0.6929922716026712,0.693,-7.728397328765624e-06
B,1,56,False,8.004294874479163,8.0,0.004294874479162658,0.5003822043437851,0.5,0.0003822043437851086,-0.7720082147696515,-0.772,-8.214769651515574e-06
B,1,57,False,7.999534615887224,8.0,-0.00046538411277641245,0.5002513631826374,0.5,0.00025136318263740964,-0.7640069445745344,-0.764,-6.94457453442876e-06
B,1,58,False,7.00503405810061,7.0,0.005034058100609862,0.5005724111359536,0.5,0.0005724111359536321,-0.5850092627943563,-0.585,-9.262794356312831e-06
B,1,59,False,5.9878143981756935,6.0,-0.012185601824306502,0.4994286333869888,0.5,-0.0005713666130112149,0.23800646068469378,0.238,6.460684693787577e-06
B,1,60,False,6.00444367573945,6.0,0.00444367573945037,0.5001836481351839,0.5,0.00018364813518390033,0.561703503673357,0.561,0.00070350367335692
B,1,61,False,7.994738244371831,8.0,-0.005261755628168885,0.4998217501414568,0.5,-0.0001782498585432002,-0.6519941536202974,-0.652,5.84637970257873e-06
B,1,62,False,6.0069224460965165,6.0,0.006922446096516488,0.49989019214203334,0.5,-0.00010980785796665948,-0.21399614274055118,-0.214,3.857259448819539e-06
B,1,63,False,5.995981494210604,6.0,-0.004018505789396443,0.5000738362819821,0.5,7.383628198209813e-05,-0.16400350249939424,-0.164,-3.5024993942367466e-06
B,1,64,False,5.998889749156645,6.0,-0.0011102508433546987,0.5000308111552993,0.5,3.0811155299348414e-05,-0.19100338260442695,-0.191,-3.382604426949154e-06
B,1,65,False,5.9975090030750735,6.0,-0.002490996924926492,0.5000536439409234,0.5,5.364394092344238e-05,0.03699690957737166,0.037,-3.0904226283393066e-06
B,1,66,False,7.005312480616072,7.0,0.005312480616072257,0.49992418475301253,0.5,-7.581524698746511e-05,-0.3979960085809663,-0.398,3.9914190337331235e-06
B,1,67,False,6.999218306729185,7.0,-0.0007816932708148983,0.5002845824959202,0.5,0.000284582495920227,-0.5799195969629845,-0.579,-0.0009195969629844924
B,1,68,False,6.015649403261875,6.0,0.01564940326187525,0.5017682694716892,0.5,0.0017682694716891767,0.19298699832366648,0.193,-1.3001676333529444e-05
B,1,69,False,5.995704221147119,6.0,-0.004295778852880794,0.5000653747902271,0.5,6.537479022705739e-05,0.5670011366651622,0.567,1.1366651622157775e-06
B,1,70,False,7.996195742128659,8.0,-0.003804257871340866,0.4997947211807296,0.5,-0.0002052788192704047,-0.6709931017393571,-0.671,6.898260642929088e-06
B,1,71,False,5.998808228792427,6.0,-0.001191771207572856,0.5003371803080172,0.5,0.0003371803080172153,0.07899361107685932,0.079,-6.3889231406849545e-06
B,1,72,False,8.0000703932476,8.0,7.039324760071963e-05,0.49989910775253693,0.5,-0.00010089224746306913,-0.4889939502545608,-0.489,6.0497454391628125e-06
B,1,73,False,7.001304232653034,7.0,0.001304232653033921,0.5006095677277261,0.5,0.0006095677277261347,-0.5730105682362778,-0.573,-1.0568236277874732e-05
B,1,74,False,6.005487166993148,6.0,0.005487166993147774,0.5004078529717829,0.5,0.00040785297178291824,0.1689922142301171,0.169,-7.78576988291757e-06
B,1,75,False,5.994786423502112,6.0,-0.005213576497888006,0.4997422674384807,0.5,-0.00025773256151928603,0.56500456277639,0.565,4.562776390049095e-06
B,1,76,False,8.00219039161136,8.0,0.002190391611360809,0.49987009501611224,0.5,-0.00012990498388776306,-0.6589925443211707,-0.659,7.455678829315637e-06
B,1,77,False,6.005667986907149,6.0,0.005667986907148759,0.5003422700937067,0.5,0.00034227009370668693,0.23199297227529206,0.232,-7.027724707953098e-06
B,1,78,False,7.994841802330849,8.0,-0.005158197669151043,0.49968768839088484,0.5,-0.00031231160911515676,-0.4939916152394176,-0.494,8.384760582402784e-06
B,1,79,False,5.998020099238748,6.0,-0.0019799007612517627,0.5002401012531345,0.5,0.0002401012531344504,-0.41300711154582825,-0.413,-7.111545828275556e-06
B,1,80,False,6.999885685055217,7.0,-0.00011431494478308935,0.5000081954324955,0.5,8.19543249552801e-06,-0.5859995528937282,-0.586,4.4710627178368156e-07
B,1,81,False,6.00342230861684,6.0,0.0034223086168401196,0.5001148412072084,0.5,0.00011484120720839375,0.23499371813161093,0.235,-6.281868389051981e-06
B,1,82,False,5.985784523469902,6.0,-0.014215476530098137,0.49946250291478883,0.5,-0.0005374970852111693,0.5610085476259373,0.561,8.547625937271874e-06
B,1,83,False,8.003071491762688,8.0,0.003071491762687728,0.499953973262127,0.5,-4.6026737873017254e-05,-0.6619950199872338,-0.662,4.980012766275799e-06
B,1,84,False,6.0012792170564655,6.0,0.001279217056465498,0.49963102318200475,0.5,-0.00036897681799524795,-0.14799432039545307,-0.148,5.679604546920958e-06
B,1,85,False,6.002965024245315,6.0,0.0029650242453147513,0.5002008852619608,0.5,0.0002008852619608259,-0.04400193522574104,-0.044,-1.935225741045432e-06
B,1,86,False,5.997178320862827,6.0,-0.0028216791371731276,0.4998511183210808,0.5,-0.00014888167891918824,-0.18199570616251254,-0.182,4.29383748745682e-06
B,1,87,False,5.999773270499287,6.0,-0.00022672950071278564,0.5002098818076552,0.5,0.00020988180765524334,-0.18200690690394614,-0.182,-6.90690394614113e-06
B,1,88,False,6.00049194429868,6.0,0.0004919442986803801,0.5004543365886172,0.5,0.00045433658861715465,-0.3340064885962222,-0.334,-6.4885962221539195e-06
B,1,89,False,5.999122731154684,6.0,-0.000877268845315804,0.5001861147605595,0.5,0.00018611476055951925,-0.3450053225383604,-0.345,-5.322538360441609e-06
B,1,90,False,6.000529956384213,6.0,0.0005299563842129373,0.500159119675947,0.5,0.00015911967594695042,0.40299207958275524,0.403,-7.920417244788869e-06
B,1,91,False,7.998626863107771,8.0,-0.0013731368922291765,0.5001902823577349,0.5,0.00019028235773488333,-0.5680066517141132,-0.568,-6.651714113292684e-06
B,1,92,False,7.010728271425186,7.0,0.010728271425185731,0.5005299540559908,0.5,0.0005299540559907667,-0.5890035696859711,-0.589,-3.5696859711498163e-06
B,1,93,False,5.992601832595481,6.0,-0.007398167404518929,0.499797480357426,0.5,-0.00020251964257400612,0.2330061085016823,0.233,6.108501682283718e-06
B,1,94,False,5.997089912192327,6.0,-0.0029100878076731007,0.4996470412914352,0.5,-0.00035295870856477674,0.5650090231798046,0.565,9.023179804668047e-06
B,1,95,False,7.998113413820921,8.0,-0.0018865861790793303,0.49968890482068407,0.5,-0.00031109517931593444,-0.6689918387463465,-0.669,8.161253653549139e-06
B,1,96,False,6.01064089391209,6.0,0.010640893912089666,0.5005582552937038,0.5,0.000558255293703791,-0.13300893637131755,-0.133,-8.93637131754721e-06
B,1,97,False,5.993928992426958,6.0,-0.006071007573042131,0.4996539651824951,0.5,-0.0003460348175048922,-0.1749958840026362,-0.175,4.115997363801638e-06
B,1,98,False,6.003732627310545,6.0,0.0037326273105451335,0.49993104306096775,0.5,-6.895693903224975e-05,-0.08299603079751239,-0.083,3.969202487616452e-06
B,1,99,False,6.00398721198154,6.0,0.003987211981540284,0.5001479479541905,0.5,0.000147947954190486,0.012996848046399508,0.013,-3.151953600491822e-06
B,1,100,False,7.000306800612697,7.0,0.00030680061269716674,0.49998875001798854,0.5,-1.12499820114631e-05,-0.30999789134064454,-0.31,2.1086593554597854e-06
B,1,101,False,5.9972614459716995,6.0,-0.0027385540283004772,0.49977789521852073,0.5,-0.00022210478147927093,0.19500548382269567,0.195,5.483822695662166e-06
B,1,102,False,5.994110782893136,6.0,-0.005889217106863853,0.5000921940967682,0.5,9.219409676819446e-05,-0.2300044391501514,-0.23,-4.439150151386295e-06
B,1,103,False,6.004250892578249,6.0,0.004250892578249399,0.4999279091468931,0.5,-7.209085310688756e-05,-0.2679961924126775,-0.268,3.8075873224907575e-06
B,1,104,False,5.9996646645947225,6.0,-0.0003353354052775259,0.5002720218764631,0.5,0.00027202187646313547,-0.21300657629717987,-0.213,-6.5762971798721814e-06
B,1,105,False,6.000144635027786,6.0,0.00014463502778561121,0.4999902353609677,0.5,-9.764639032294742e-06,-0.18999897696633625,-0.19,1.023033663755113e-06
B,1,106,False,7.001756942354515,7.0,0.0017569423545147345,0.4999562448949685,0.5,-4.3755105031517694e-05,-0.5849926091011514,-0.585,7.390898848602667e-06
B,1,107,False,6.002265912951966,6.0,0.002265912951965987,0.4998261350518066,0.5,-0.00017386494819338072,0.24400730044570082,0.244,7.30044570082522e-06
B,1,108,False,5.989758601606986,6.0,-0.0102413983930143,0.49948891060536216,0.5,-0.0005110893946378425,0.560999587557488,0.561,-4.124425120322073e-07
B,1,109,False,8.010170909049394,8.0,0.010170909049394439,0.5004527419164941,0.5,0.0004527419164941371,-0.6640093002030729,-0.664,-9.300203072881708e-06
B,1,110,False,6.000890769574486,6.0,0.0008907695744859723,0.5001470224785174,0.5,0.00014702247851738903,-0.23800368703011984,-0.238,-3.687030119853274e-06
B,1,111,False,5.996242614457119,6.0,-0.0037573855428814085,0.4999338972735488,0.5,-6.610272645118931e-05,0.672995977484345,0.673,-4.022515655011105e-06
B,1,112,False,8.000449024897506,8.0,0.0004490248975059785,0.5002832714417402,0.5,0.00028327144174022933,-0.6590072901848909,-0.659,-7.290184890873519e-06
B,1,113,False,6.999498855649773,7.0,-0.0005011443502267454,0.5003244780966568,0.5,0.0003244780966568106,-0.8720070707676664,-0.872,-7.070767666372824e-06
B,1,114,False,7.006668699128277,7.0,0.006668699128277389,0.5003202468801694,0.5,0.00032024688016940583,-0.5840038917178321,-0.584,-3.891717832105179e-06
B,1,115,False,5.99581282001176,6.0,-0.004187179988240253,0.500276318706987,0.5,0.0002763187069869666,0.2339914407853674,0.234,-8.559214632608558e-06
B,1,116,False,6.0078689670338745,6.0,0.007868967033874519,0.5005560954769868,0.5,0.0005560954769867621,0.5619969960648685,0.562,-3.0039351315291896e-06
B,1,117,False,7.994309988874535,8.0,-0.005690011125465411,0.4997750566343447,0.5,-0.0002249433656553168,-0.6659921175860856,-0.666,7.882413914472863e-06
B,1,118,False,6.000722951640509,6.0,0.0007229516405091729,0.5001507034431996,0.5,0.00015070344319956241,-0.21200651277252897,-0.212,-6.512772528971533e-06
B,1,119,False,6.000622715106077,6.0,0.000622715106077365,0.49979338260875106,0.5,-0.00020661739124894218,-0.19099317290764728,-0.191,6.827092352723607e-06
B,1,120,False,5.998389591391344,6.0,-0.001610408608655689,0.4999828671638924,0.5,-1.7132836107602856e-05,0.6669961546050157,0.667,-3.8453949843253454e-06
B,1,121,False,7.9998128455039454,8.0,-0.00018715449605455348,0.500279614482671,0.5,0.00027961448267099787,-0.6530074258180186,-0.653,-7.425818018602648e-06
B,1,122,False,6.99926572950588,7.0,-0.000734270494120004,0.50029501545608,0.5,0.00029501545608001667,-0.8770071779045494,-0.877,-7.177904549404701e-06
B,1,123,False,6.996713971748494,7.0,-0.0032860282515061456,0.4999161755606159,0.5,-8.382443938409478e-05,-0.5579965646176291,-0.558,3.4353823709087905e-06
B,1,124,False,6.003434918522766,6.0,0.003434918522765784,0.500563461393646,0.5,0.0005634613936460475,0.18599370593779455,0.186,-6.294062205453033e-06
B,1,125,False,6.001849987148985,6.0,0.0018499871489847663,0.5001612798909693,0.5,0.000161279890969257,0.5734662069185157,0.574,-0.0005337930814842684
B,1,126,False,8.007911752929886,8.0,0.007911752929885552,0.5003797870855691,0.5,0.00037978708556907215,-0.6940089973577245,-0.694,-8.997357724527255e-06
B,1,127,False,6.008625807514706,6.0,0.008625807514706096,0.5005386851526588,0.5,0.0005386851526587577,0.09599005397568533,0.096,-9.946024314672064e-06
B,1,128,False,15.993391386369916,16.0,-0.006608613630083582,0.5000395722785315,0.5,3.957227853146339e-05,-0.2850042191600229,-0.285,-4.219160022911339e-06
B,1,129,False,7.00834819962882,7.0,0.008348199628819941,0.5004449679874916,0.5,0.0004449679874916068,-0.59223621903673,-0.592,-0.0002362190367299899
B,1,130,False,5.99702409355896,6.0,-0.002975906441039733,0.49997283296808687,0.5,-2.716703191313341e-05,0.26700242889609266,0.267,2.4288960926432956e-06
B,1,131,False,6.006805883167265,6.0,0.006805883167264604,0.5005033212731917,0.5,0.000503321273191748,0.5599997554314209,0.56,-2.4456857916632657e-07
B,1,132,False,7.995750372681273,8.0,-0.004249627318727356,0.4997781220778381,0.5,-0.00022187792216188384,-0.6729919976809474,-0.673,8.002319052624607e-06
B,1,133,False,6.02672469496929,6.0,0.026724694969289864,0.5013695365364638,0.5,0.0013695365364637668,-0.3920133891913643,-0.392,-1.3389191364288067e-05
B,1,134,False,7.000508106479564,7.0,0.0005081064795637857,0.5000702272942616,0.5,7.022729426164886e-05,-0.588006026674591,-0.588,-6.026674591042003e-06
B,1,135,False,5.998866962883633,6.0,-0.0011330371163671416,0.4997528764546744,0.5,-0.00024712354532557823,0.21500687761122328,0.215,6.877611223282676e-06
B,1,136,False,5.982883777414436,6.0,-0.01711622258556389,0.49953835778550376,0.5,-0.00046164221449623843,0.5600014554870167,0.56,1.455487016688295e-06
B,1,137,False,8.011519399840443,8.0,0.011519399840443256,0.5004341996811257,0.5,0.00043419968112567986,-0.6610091030694396,-0.661,-9.103069439575506e-06
B,1,138,False,5.998735740830773,6.0,-0.0012642591692273442,0.49991645963268155,0.5,-8.35403673184465e-05,-0.004994508238447328,-0.005,5.491761552672315e-06
B,1,139,False,5.996607612235759,6.0,-0.0033923877642410005,0.5003032845595919,0.5,0.0003032845595919431,-0.3620076614887893,-0.362,-7.66148878933448e-06
B,1,140,False,6.001841916092329,6.0,0.0018419160923288658,0.4999557674231818,0.5,-4.423257681818171e-05,-0.35999641421392614,-0.36,3.5857860738452985e-06
B,1,141,False,7.017072794073837,7.0,0.01707279407383666,0.5006006345018823,0.5,0.0006006345018823023,-0.5900080137487497,-0.59,-8.013748749702287e-06
B,1,142,False,5.996246934830956,6.0,-0.0037530651690440564,0.49972224931232573,0.5,-0.0002777506876742719,0.21400521452186202,0.214,5.214521862029198e-06
B,1,143,False,5.997147035557025,6.0,-0.0028529644429751144,0.49979025852048975,0.5,-0.00020974147951025035,0.560005211125148,0.56,5.211125147952522e-06
B,1,144,False,8.000078364953948,8.0,7.836495394819565e-05,0.4999984048882256,0.5,-1.5951117743884247e-06,-0.6569994052708258,-0.657,5.947291742414151e-07
B,1,145,False,6.000877683816589,6.0,0.0008776838165891476,0.5000839955179867,0.5,8.399551798665694e-05,-0.032007130164061696,-0.032,-7.1301640616958095e-06
B,1,146,False,5.997754487621074,6.0,-0.002245512378926229,0.5002953441173635,0.5,0.0002953441173635385,-0.15400746664234188,-0.154,-7.466642341885654e-06
B,1,147,False,5.996116015174352,6.0,-0.0038839848256477794,0.5001791244759154,0.5,0.00017912447591539316,-0.36000612864654735,-0.36,-6.128646547365335e-06
B,1,148,False,5.998909977944441,6.0,-0.001090022055558748,0.5000287688445499,0.5,2.876884454994233e-05,-0.33200239602758264,-0.332,-2.3960275826184763e-06
B,1,149,False,7.002224547219211,7.0,0.0022245472192112814,0.5001929367075135,0.5,0.00019293670751352465,-0.5930041694372213,-0.593,-4.169437221368533e-06
B,1,150,False,5.998804415907813,6.0,-0.0011955840921871186,0.5005229245113534,0.5,0.0005229245113533842,0.24199097709123643,0.242,-9.022908763561821e-06
B,1,151,False,6.004381898332834,6.0,0.004381898332834311,0.5001676031077169,0.5,0.00016760310771690712,0.5569947191065643,0.557,-5.28089343576621e-06
B,1,152,False,7.994366384872872,8.0,-0.005633615127128344,0.5000678395915986,0.5,6.783959159861741e-05,-0.663003639026919,-0.663,-3.63902691891127e-06
B,1,153,False,5.998681185376036,6.0,-0.0013188146239642151,0.5000367754446622,0.5,3.677544466218485e-05,-0.23500370854500846,-0.235,-3.7085450084739513e-06
B,1,154,False,6.000524363485641,6.0,0.0005243634856411106,0.5000334472574827,0.5,3.344725748266608e-05,0.048996370631953605,0.049,-3.6293680463969635e-06
B,1,155,False,6.002837421820567,6.0,0.002837421820567343,0.4997822289917955,0.5,-0.00021777100820452588,-0.35899248086559743,-0.359,7.519134402556027e-06
B,1,156,False,5.993974640024976,6.0,-0.00602535997502418,0.5000979267123963,0.5,9.792671239627904e-05,-0.36100403173500484,-0.361,-4.031735004850212e-06
B,1,157,False,6.994534002119951,7.0,-0.005465997880048867,0.4994835375664686,0.5,-0.0005164624335313728,-0.5659911793909389,-0.566,8.820609061044316e-06
B,1,158,False,5.996441563057838,6.0,-0.003558436942162402,0.4994827772903634,0.5,-0.0005172227096366111,0.10800806038325703,0.108,8.060383257027515e-06
B,1,159,False,6.006219964004688,6.0,0.006219964004688272,0.5001718585302487,0.5,0.000171858530248703,0.5809965688107092,0.581,-3.431189290803438e-06
B,1,160,False,7.999073460628073,8.0,-0.0009265393719273263,0.5001994088739062,0.5,0.00019940887390623718,-0.6680088061241836,-0.668,-8.806124183524666e-06
B,1,161,False,6.994948790369555,7.0,-0.0050512096304453635,0.49958218910051355,0.5,-0.00041781089948644823,-0.3099931657701027,-0.31,6.834229897278998e-06
B,1,162,False,5.992398944152254,6.0,-0.007601055847746174,0.4995170826585381,0.5,-0.0004829173414618859,0.17000659131180584,0.17,6.59131180583139e-06
B,1,163,False,5.996645155276972,6.0,-0.003354844723028272,0.5000673143776792,0.5,6.731437767915072e-05,0.5670022885963352,0.567,2.288596335220383e-06
B,1,164,False,8.00175868591174,8.0,0.001758685911740443,0.4999679521651073,0.5,-3.204783489269003e-05,-0.6699973587866052,-0.67,2.6412133948827687e-06
B,1,165,False,6.004738184907766,6.0,0.004738184907766119,0.5002456488400392,0.5,0.0002456488400391921,-0.1960066392604404,-0.196,-6.639260440394201e-06
B,1,166,False,5.996733211939379,6.0,-0.003266788060621195,0.49987511183474576,0.5,-0.0001248881652542444,-0.16499537536581357,-0.165,4.624634186434218e-06
B,1,167,False,6.006019008917402,6.0,0.006019008917402147,0.5004124464480426,0.5,0.00041244644804261377,0.020993148519344196,0.021,-6.851480655805514e-06
B,1,168,False,8.005642564833014,8.0,0.005642564833014063,0.4999260692129296,0.5,-7.393078707040868e-05,3.395648750564925e-06,0.0,3.395648750564925e-06
