dataset,case,serial_id,A,B,C,A_error,B_error,C_error,truth_comparison_identifiable
heterogeneous-168,first-stage-double,1,6.9999999999999964,0.45,-0.5919999999999997,-3.552713678800501e-15,0.0,2.220446049250313e-16,True
heterogeneous-168,first-stage-double,2,6.0,0.5,0.24400000000000013,0.0,0.0,1.3877787807814457e-16,True
heterogeneous-168,first-stage-double,3,6.000000000000004,0.5,0.5589999999999987,4.440892098500626e-15,0.0,-1.3322676295501878e-15,True
heterogeneous-168,first-stage-double,4,7.999999999999989,0.4,-0.6649999999999983,-1.0658141036401503e-14,0.0,1.7763568394002505e-15,True
heterogeneous-168,first-stage-double,5,6.000000000000004,0.5,-0.2740000000000003,4.440892098500626e-15,0.0,-2.7755575615628914e-16,True
heterogeneous-168,first-stage-double,6,5.9999999999999964,0.5,0.07300000000000065,-3.552713678800501e-15,0.0,6.522560269672795e-16,True
heterogeneous-168,first-stage-double,7,15.999999999999986,0.5,-0.14099999999999996,-1.4210854715202004e-14,0.0,2.7755575615628914e-17,True
heterogeneous-168,first-stage-double,8,6.000000000000003,0.5,-0.06999999999999995,2.6645352591003757e-15,0.0,5.551115123125783e-17,True
heterogeneous-168,first-stage-double,9,7.000000000000002,0.45,-0.5890000000000006,1.7763568394002505e-15,0.0,-6.661338147750939e-16,True
heterogeneous-168,first-stage-double,10,5.99999999999999,0.5,0.23500000000000168,-9.769962616701378e-15,0.0,1.6930901125533637e-15,True
heterogeneous-168,first-stage-double,11,5.99999999999999,0.5,0.5589999999999994,-9.769962616701378e-15,0.0,-6.661338147750939e-16,True
heterogeneous-168,first-stage-double,12,8.00000000000001,0.4,-0.6559999999999999,1.0658141036401503e-14,0.0,1.1102230246251565e-16,True
heterogeneous-168,first-stage-double,13,5.999999999999998,0.5,-0.15600000000000022,-1.7763568394002505e-15,0.0,-2.220446049250313e-16,True
heterogeneous-168,first-stage-double,14,6.000000000000001,0.5,0.007000000000000305,8.881784197001252e-16,0.0,3.0444397003392965e-16,True
heterogeneous-168,first-stage-double,15,5.999999999999994,0.5,-0.20399999999999963,-6.217248937900877e-15,0.0,3.608224830031759e-16,True
heterogeneous-168,first-stage-double,16,6.0,0.5,-0.20500000000000038,0.0,0.0,-3.885780586188048e-16,True
heterogeneous-168,first-stage-double,17,6.000000000000001,0.5,-0.1770000000000006,8.881784197001252e-16,0.0,-6.106226635438361e-16,True
heterogeneous-168,first-stage-double,18,6.000000000000002,0.5,-0.17900000000000058,1.7763568394002505e-15,0.0,-5.828670879282072e-16,True
heterogeneous-168,first-stage-double,19,6.000000000000014,0.5,-0.1819999999999999,1.4210854715202004e-14,0.0,8.326672684688674e-17,True
heterogeneous-168,first-stage-double,20,6.999999999999997,0.45,-0.590000000000001,-2.6645352591003757e-15,0.0,-9.992007221626409e-16,True
heterogeneous-168,first-stage-double,21,6.000000000000011,0.5,0.24000000000000007,1.0658141036401503e-14,0.0,8.326672684688674e-17,True
heterogeneous-168,first-stage-double,22,5.999999999999984,0.5,0.5580000000000025,-1.5987211554602254e-14,0.0,2.4424906541753444e-15,True
heterogeneous-168,first-stage-double,23,7.999999999999995,0.4,-0.6580000000000014,-5.329070518200751e-15,0.0,-1.3322676295501878e-15,True
heterogeneous-168,first-stage-double,24,6.000000000000004,0.5,-0.2150000000000006,4.440892098500626e-15,0.0,-6.106226635438361e-16,True
heterogeneous-168,first-stage-double,25,5.999999999999985,0.5,-0.1900000000000003,-1.509903313490213e-14,0.0,-3.0531133177191805e-16,True
heterogeneous-168,first-stage-double,26,6.00000000000001,0.5,0.11600000000000117,9.769962616701378e-15,0.0,1.1657341758564144e-15,True
heterogeneous-168,first-stage-double,27,6.999999999999991,0.45,-0.6040000000000006,-8.881784197001252e-15,0.0,-6.661338147750939e-16,True
heterogeneous-168,first-stage-double,28,6.000000000000008,0.5,0.9009999999999967,7.993605777301127e-15,0.0,-3.3306690738754696e-15,True
heterogeneous-168,first-stage-double,29,7.00000000000002,0.45,-0.908000000000002,2.042810365310288e-14,0.0,-1.9984014443252818e-15,True
heterogeneous-168,first-stage-double,30,7.000000000000041,0.45,-0.9059999999999971,4.085620730620576e-14,0.0,2.886579864025407e-15,True
heterogeneous-168,first-stage-double,31,6.999999999999987,0.45,-0.584000000000001,-1.3322676295501878e-14,0.0,-9.992007221626409e-16,True
heterogeneous-168,first-stage-double,32,5.999999999999987,0.5,0.23500000000000157,-1.3322676295501878e-14,0.0,1.582067810090848e-15,True
heterogeneous-168,first-stage-double,33,6.000000000000021,0.5,0.5630000000000012,2.1316282072803006e-14,0.0,1.2212453270876722e-15,True
heterogeneous-168,first-stage-double,34,7.999999999999985,0.4,-0.6630000000000004,-1.509903313490213e-14,0.0,-3.3306690738754696e-16,True
heterogeneous-168,first-stage-double,35,6.000000000000002,0.5,-0.1530000000000004,1.7763568394002505e-15,0.0,-4.163336342344337e-16,True
heterogeneous-168,first-stage-double,36,5.999999999999991,0.5,0.02199999999999885,-8.881784197001252e-15,0.0,-1.1483869410966463e-15,True
heterogeneous-168,first-stage-double,37,7.0000000000000195,0.45,-0.2959999999999997,1.9539925233402755e-14,0.0,2.7755575615628914e-16,True
heterogeneous-168,first-stage-double,38,5.999999999999998,0.5,-0.18199999999999997,-1.7763568394002505e-15,0.0,2.7755575615628914e-17,True
heterogeneous-168,first-stage-double,39,6.000000000000021,0.5,-0.01200000000000057,2.1316282072803006e-14,0.0,-5.689893001203927e-16,True
heterogeneous-168,first-stage-double,40,6.999999999999992,0.45,-0.22499999999999923,-7.993605777301127e-15,0.0,7.771561172376096e-16,True
heterogeneous-168,first-stage-double,41,6.999999999999994,0.45,-0.5680000000000016,-6.217248937900877e-15,0.0,-1.6653345369377348e-15,True
heterogeneous-168,first-stage-double,42,5.9999999999999964,0.5,0.2460000000000019,-3.552713678800501e-15,0.0,1.915134717478395e-15,True
heterogeneous-168,first-stage-double,43,5.999999999999996,0.5,0.5699999999999997,-4.440892098500626e-15,0.0,-2.220446049250313e-16,True
heterogeneous-168,first-stage-double,44,8.000000000000005,0.4,-0.6729999999999997,5.329070518200751e-15,0.0,3.3306690738754696e-16,True
heterogeneous-168,first-stage-double,45,6.000000000000018,0.5,-0.2760000000000001,1.7763568394002505e-14,0.0,-5.551115123125783e-17,True
heterogeneous-168,first-stage-double,46,5.9999999999999964,0.5,0.7039999999999975,-3.552713678800501e-15,0.0,-2.4424906541753444e-15,True
heterogeneous-168,first-stage-double,47,8.000000000000016,0.4,-0.7709999999999991,1.5987211554602254e-14,0.0,8.881784197001252e-16,True
heterogeneous-168,first-stage-double,48,8.000000000000002,0.4,-0.7609999999999997,1.7763568394002505e-15,0.0,3.3306690738754696e-16,True
heterogeneous-168,first-stage-double,49,7.000000000000005,0.45,-0.5749999999999987,5.329070518200751e-15,0.0,1.2212453270876722e-15,True
heterogeneous-168,first-stage-double,50,5.999999999999987,0.5,0.23399999999999893,-1.3322676295501878e-14,0.0,-1.0824674490095276e-15,True
heterogeneous-168,first-stage-double,51,6.000000000000029,0.5,0.5679999999999994,2.930988785010413e-14,0.0,-5.551115123125783e-16,True
heterogeneous-168,first-stage-double,52,7.999999999999999,0.4,-0.6809999999999992,-8.881784197001252e-16,0.0,8.881784197001252e-16,True
heterogeneous-168,first-stage-double,53,6.000000000000015,0.5,-0.20699999999999982,1.509903313490213e-14,0.0,1.6653345369377348e-16,True
heterogeneous-168,first-stage-double,54,5.9999999999999964,0.5,-0.22300000000000125,-3.552713678800501e-15,0.0,-1.2490009027033011e-15,True
heterogeneous-168,first-stage-double,55,6.000000000000003,0.5,0.6929999999999992,2.6645352591003757e-15,0.0,-7.771561172376096e-16,True
heterogeneous-168,first-stage-double,56,8.000000000000028,0.4,-0.7719999999999979,2.842170943040401e-14,0.0,2.1094237467877974e-15,True
heterogeneous-168,first-stage-double,57,7.9999999999999964,0.4,-0.7640000000000012,-3.552713678800501e-15,0.0,-1.2212453270876722e-15,True
heterogeneous-168,first-stage-double,58,6.999999999999981,0.45,-0.5849999999999994,-1.865174681370263e-14,0.0,5.551115123125783e-16,True
heterogeneous-168,first-stage-double,59,6.000000000000005,0.5,0.2379999999999995,5.329070518200751e-15,0.0,-4.996003610813204e-16,True
heterogeneous-168,first-stage-double,60,6.000000000000011,0.5,0.5609999999999999,1.0658141036401503e-14,0.0,-1.1102230246251565e-16,True
heterogeneous-168,first-stage-double,61,7.999999999999989,0.4,-0.6519999999999977,-1.0658141036401503e-14,0.0,2.3314683517128287e-15,True
heterogeneous-168,first-stage-double,62,6.000000000000001,0.5,-0.21400000000000075,8.881784197001252e-16,0.0,-7.494005416219807e-16,True
heterogeneous-168,first-stage-double,63,6.000000000000006,0.5,-0.16400000000000045,6.217248937900877e-15,0.0,-4.440892098500626e-16,True
heterogeneous-168,first-stage-double,64,5.999999999999993,0.5,-0.19099999999999864,-7.105427357601002e-15,0.0,1.3600232051658168e-15,True
heterogeneous-168,first-stage-double,65,5.999999999999989,0.5,0.03699999999999938,-1.0658141036401503e-14,0.0,-6.175615574477433e-16,True
heterogeneous-168,first-stage-double,66,6.999999999999993,0.45,-0.3979999999999994,-7.105427357601002e-15,0.0,6.106226635438361e-16,True
heterogeneous-168,first-stage-double,67,6.999999999999991,0.45,-0.5790000000000031,-8.881784197001252e-15,0.0,-3.1086244689504383e-15,True
heterogeneous-168,first-stage-double,68,6.000000000000012,0.5,0.1930000000000034,1.2434497875801753e-14,0.0,3.3861802251067274e-15,True
heterogeneous-168,first-stage-double,69,5.999999999999966,0.5,0.5669999999999981,-3.375077994860476e-14,0.0,-1.887379141862766e-15,True
heterogeneous-168,first-stage-double,70,7.999999999999979,0.4,-0.6710000000000009,-2.1316282072803006e-14,0.0,-8.881784197001252e-16,True
heterogeneous-168,first-stage-double,71,6.000000000000032,0.5,0.07899999999999832,3.197442310920451e-14,0.0,-1.6792123247455493e-15,True
heterogeneous-168,first-stage-double,72,8.00000000000001,0.4,-0.48899999999999993,1.0658141036401503e-14,0.0,5.551115123125783e-17,True
heterogeneous-168,first-stage-double,73,6.999999999999989,0.45,-0.5729999999999982,-1.0658141036401503e-14,0.0,1.7763568394002505e-15,True
heterogeneous-168,first-stage-double,74,5.999999999999974,0.5,0.16900000000000182,-2.5757174171303632e-14,0.0,1.8041124150158794e-15,True
heterogeneous-168,first-stage-double,75,5.999999999999986,0.5,0.5650000000000047,-1.4210854715202004e-14,0.0,4.773959005888173e-15,True
heterogeneous-168,first-stage-double,76,8.000000000000023,0.4,-0.6590000000000034,2.3092638912203256e-14,0.0,-3.3306690738754696e-15,True
heterogeneous-168,first-stage-double,77,5.999999999999986,0.5,0.23199999999999996,-1.4210854715202004e-14,0.0,-5.551115123125783e-17,True
heterogeneous-168,first-stage-double,78,7.9999999999999805,0.4,-0.49400000000000027,-1.9539925233402755e-14,0.0,-2.7755575615628914e-16,True
heterogeneous-168,first-stage-double,79,5.999999999999964,0.5,-0.4129999999999984,-3.6415315207705135e-14,0.0,1.5543122344752192e-15,True
heterogeneous-168,first-stage-double,80,7.000000000000019,0.45,-0.586000000000007,1.865174681370263e-14,0.0,-6.994405055138486e-15,True
heterogeneous-168,first-stage-double,81,6.000000000000011,0.5,0.23500000000000268,1.0658141036401503e-14,0.0,2.6922908347160046e-15,True
heterogeneous-168,first-stage-double,82,5.999999999999974,0.5,0.561000000000002,-2.5757174171303632e-14,0.0,1.9984014443252818e-15,True
heterogeneous-168,first-stage-double,83,8.000000000000021,0.4,-0.662000000000003,2.1316282072803006e-14,0.0,-2.9976021664879227e-15,True
heterogeneous-168,first-stage-double,84,6.000000000000012,0.5,-0.14800000000000232,1.2434497875801753e-14,0.0,-2.3314683517128287e-15,True
heterogeneous-168,first-stage-double,85,6.000000000000007,0.5,-0.04399999999999949,7.105427357601002e-15,0.0,5.065392549852277e-16,True
heterogeneous-168,first-stage-double,86,5.9999999999999805,0.5,-0.18199999999999797,-1.9539925233402755e-14,0.0,2.0261570199409107e-15,True
heterogeneous-168,first-stage-double,87,5.999999999999995,0.5,-0.1820000000000001,-5.329070518200751e-15,0.0,-1.1102230246251565e-16,True
heterogeneous-168,first-stage-double,88,5.999999999999985,0.5,-0.3340000000000011,-1.509903313490213e-14,0.0,-1.0547118733938987e-15,True
heterogeneous-168,first-stage-double,89,6.000000000000002,0.5,-0.3450000000000013,1.7763568394002505e-15,0.0,-1.3322676295501878e-15,True
heterogeneous-168,first-stage-double,90,5.999999999999983,0.5,0.4030000000000011,-1.687538997430238e-14,0.0,1.0547118733938987e-15,True
heterogeneous-168,first-stage-double,91,8.00000000000001,0.4,-0.567999999999999,1.0658141036401503e-14,0.0,9.992007221626409e-16,True
heterogeneous-168,first-stage-double,92,6.999999999999985,0.45,-0.5890000000000001,-1.509903313490213e-14,0.0,-1.1102230246251565e-16,True
heterogeneous-168,first-stage-double,93,5.9999999999999405,0.5,0.23300000000000248,-5.950795411990839e-14,0.0,2.4702462297909733e-15,True
heterogeneous-168,first-stage-double,94,5.999999999999989,0.5,0.5650000000000007,-1.0658141036401503e-14,0.0,7.771561172376096e-16,True
heterogeneous-168,first-stage-double,95,7.999999999999989,0.4,-0.6690000000000014,-1.0658141036401503e-14,0.0,-1.3322676295501878e-15,True
heterogeneous-168,first-stage-double,96,5.99999999999997,0.5,-0.13299999999999898,-3.019806626980426e-14,0.0,1.0269562977782698e-15,True
heterogeneous-168,first-stage-double,97,6.000000000000019,0.5,-0.17499999999999966,1.865174681370263e-14,0.0,3.3306690738754696e-16,True
heterogeneous-168,first-stage-double,98,6.000000000000016,0.5,-0.08300000000000281,1.5987211554602254e-14,0.0,-2.8033131371785203e-15,True
heterogeneous-168,first-stage-double,99,6.000000000000025,0.5,0.012999999999998615,2.4868995751603507e-14,0.0,-1.384309333829492e-15,True
heterogeneous-168,first-stage-double,100,7.000000000000001,0.45,-0.3099999999999988,8.881784197001252e-16,0.0,1.2212453270876722e-15,True
heterogeneous-168,first-stage-double,101,5.999999999999994,0.5,0.19499999999999956,-6.217248937900877e-15,0.0,-4.440892098500626e-16,True
heterogeneous-168,first-stage-double,102,5.999999999999998,0.5,-0.23000000000000045,-1.7763568394002505e-15,0.0,-4.440892098500626e-16,True
heterogeneous-168,first-stage-double,103,5.999999999999994,0.5,-0.2679999999999995,-6.217248937900877e-15,0.0,4.996003610813204e-16,True
heterogeneous-168,first-stage-double,104,6.000000000000016,0.5,-0.21299999999999966,1.5987211554602254e-14,0.0,3.3306690738754696e-16,True
heterogeneous-168,first-stage-double,105,6.000000000000009,0.5,-0.19000000000000064,8.881784197001252e-15,0.0,-6.38378239159465e-16,True
heterogeneous-168,first-stage-double,106,7.000000000000001,0.45,-0.5850000000000003,8.881784197001252e-16,0.0,-3.3306690738754696e-16,True
heterogeneous-168,first-stage-double,107,6.000000000000012,0.5,0.2440000000000053,1.2434497875801753e-14,0.0,5.3013149425851225e-15,True
heterogeneous-168,first-stage-double,108,6.000000000000004,0.5,0.5609999999999989,4.440892098500626e-15,0.0,-1.1102230246251565e-15,True
heterogeneous-168,first-stage-double,109,8.00000000000005,0.4,-0.6640000000000051,4.973799150320701e-14,0.0,-5.10702591327572e-15,True
heterogeneous-168,first-stage-double,110,5.999999999999976,0.5,-0.23800000000000274,-2.398081733190338e-14,0.0,-2.7478019859472624e-15,True
heterogeneous-168,first-stage-double,111,6.000000000000014,0.5,0.6729999999999999,1.4210854715202004e-14,0.0,-1.1102230246251565e-16,True
heterogeneous-168,first-stage-double,112,8.000000000000002,0.4,-0.6589999999999983,1.7763568394002505e-15,0.0,1.7763568394002505e-15,True
heterogeneous-168,first-stage-double,113,6.999999999999992,0.45,-0.8719999999999974,-7.993605777301127e-15,0.0,2.55351295663786e-15,True
heterogeneous-168,first-stage-double,114,6.999999999999969,0.45,-0.5839999999999961,-3.108624468950438e-14,0.0,3.885780586188048e-15,True
heterogeneous-168,first-stage-double,115,5.99999999999997,0.5,0.23399999999999715,-3.019806626980426e-14,0.0,-2.858824288409778e-15,True
heterogeneous-168,first-stage-double,116,5.999999999999973,0.5,0.5620000000000093,-2.6645352591003757e-14,0.0,9.2148511043888e-15,True
heterogeneous-168,first-stage-double,117,7.999999999999995,0.4,-0.6660000000000009,-5.329070518200751e-15,0.0,-8.881784197001252e-16,True
heterogeneous-168,first-stage-double,118,6.000000000000008,0.5,-0.21199999999999977,7.993605777301127e-15,0.0,2.220446049250313e-16,True
heterogeneous-168,first-stage-double,119,6.000000000000018,0.5,-0.1910000000000049,1.7763568394002505e-14,0.0,-4.884981308350689e-15,True
heterogeneous-168,first-stage-double,120,6.000000000000025,0.5,0.667000000000009,2.4868995751603507e-14,0.0,8.992806499463768e-15,True
heterogeneous-168,first-stage-double,121,8.000000000000023,0.4,-0.653000000000002,2.3092638912203256e-14,0.0,-1.9984014443252818e-15,True
heterogeneous-168,first-stage-double,122,7.000000000000012,0.45,-0.8770000000000074,1.2434497875801753e-14,0.0,-7.438494264988549e-15,True
heterogeneous-168,first-stage-double,123,7.000000000000012,0.45,-0.558,1.2434497875801753e-14,0.0,0.0,True
heterogeneous-168,first-stage-double,124,6.000000000000048,0.5,0.18599999999999695,4.796163466380676e-14,0.0,-3.0531133177191805e-15,True
heterogeneous-168,first-stage-double,125,5.999999999999981,0.5,0.574000000000002,-1.865174681370263e-14,0.0,1.9984014443252818e-15,True
heterogeneous-168,first-stage-double,126,8.000000000000014,0.4,-0.6939999999999967,1.4210854715202004e-14,0.0,3.219646771412954e-15,True
heterogeneous-168,first-stage-double,127,6.0000000000000675,0.5,0.09599999999999669,6.750155989720952e-14,0.0,-3.316791286067655e-15,True
heterogeneous-168,first-stage-double,128,15.999999999999996,0.5,-0.2850000000000005,-3.552713678800501e-15,0.0,-4.996003610813204e-16,True
heterogeneous-168,first-stage-double,129,7.000000000000021,0.45,-0.5920000000000044,2.1316282072803006e-14,0.0,-4.440892098500626e-15,True
heterogeneous-168,first-stage-double,130,6.000000000000029,0.5,0.26699999999999996,2.930988785010413e-14,0.0,-5.551115123125783e-17,True
heterogeneous-168,first-stage-double,131,6.000000000000042,0.5,0.5599999999999937,4.1744385725905886e-14,0.0,-6.328271240363392e-15,True
heterogeneous-168,first-stage-double,132,8.000000000000087,0.4,-0.6729999999999966,8.704148513061227e-14,0.0,3.4416913763379853e-15,True
heterogeneous-168,first-stage-double,133,6.000000000000002,0.5,-0.39199999999999924,1.7763568394002505e-15,0.0,7.771561172376096e-16,True
heterogeneous-168,first-stage-double,134,7.000000000000015,0.44999999999999996,-0.5879999999999991,1.509903313490213e-14,-5.551115123125783e-17,8.881784197001252e-16,True
heterogeneous-168,first-stage-double,135,6.000000000000017,0.5,0.21499999999999792,1.687538997430238e-14,0.0,-2.0816681711721685e-15,True
heterogeneous-168,first-stage-double,136,5.9999999999999645,0.5,0.560000000000005,-3.552713678800501e-14,0.0,4.9960036108132044e-15,True
heterogeneous-168,first-stage-double,137,8.000000000000014,0.4,-0.6609999999999984,1.4210854715202004e-14,0.0,1.6653345369377348e-15,True
heterogeneous-168,first-stage-double,138,5.999999999999989,0.5,-0.005000000000000782,-1.0658141036401503e-14,0.0,-7.814929259275516e-16,True
heterogeneous-168,first-stage-double,139,6.000000000000059,0.5,-0.36200000000000176,5.861977570020827e-14,0.0,-1.7763568394002505e-15,True
heterogeneous-168,first-stage-double,140,6.000000000000068,0.5,-0.3599999999999995,6.838973831690964e-14,0.0,4.996003610813204e-16,True
heterogeneous-168,first-stage-double,141,7.000000000000063,0.45,-0.5900000000000081,6.306066779870889e-14,0.0,-8.104628079763643e-15,True
heterogeneous-168,first-stage-double,142,5.999999999999961,0.5,0.2140000000000045,-3.907985046680551e-14,0.0,4.496403249731884e-15,True
heterogeneous-168,first-stage-double,143,5.999999999999994,0.5,0.5600000000000036,-6.217248937900877e-15,0.0,3.552713678800501e-15,True
heterogeneous-168,first-stage-double,144,8.0,0.4,-0.657000000000003,0.0,0.0,-2.9976021664879227e-15,True
heterogeneous-168,first-stage-double,145,6.0000000000000036,0.5,-0.03199999999999883,3.552713678800501e-15,0.0,1.1726730697603216e-15,True
heterogeneous-168,first-stage-double,146,6.000000000000053,0.5,-0.15400000000000094,5.3290705182007514e-14,0.0,-9.43689570931383e-16,True
heterogeneous-168,first-stage-double,147,6.00000000000004,0.5,-0.36000000000000537,3.9968028886505635e-14,0.0,-5.384581669432009e-15,True
heterogeneous-168,first-stage-double,148,6.000000000000007,0.5,-0.33200000000000024,7.105427357601002e-15,0.0,-2.220446049250313e-16,True
heterogeneous-168,first-stage-double,149,6.999999999999989,0.45,-0.5930000000000033,-1.0658141036401503e-14,0.0,-3.3306690738754696e-15,True
heterogeneous-168,first-stage-double,150,6.000000000000035,0.5,0.2420000000000074,3.4638958368304884e-14,0.0,7.41073868937292e-15,True
heterogeneous-168,first-stage-double,151,6.000000000000019,0.5,0.5570000000000029,1.865174681370263e-14,0.0,2.886579864025407e-15,True
heterogeneous-168,first-stage-double,152,8.000000000000107,0.4,-0.6630000000000034,1.0658141036401503e-13,0.0,-3.3306690738754696e-15,True
heterogeneous-168,first-stage-double,153,6.000000000000046,0.5,-0.2350000000000018,4.618527782440651e-14,0.0,-1.8041124150158794e-15,True
heterogeneous-168,first-stage-double,154,6.000000000000015,0.5,0.04899999999999499,1.509903313490213e-14,0.0,-5.009881398621019e-15,True
heterogeneous-168,first-stage-double,155,6.0000000000000036,0.5,-0.3589999999999986,3.552713678800501e-15,0.0,1.3877787807814457e-15,True
heterogeneous-168,first-stage-double,156,6.000000000000004,0.5,-0.36099999999999854,4.440892098500626e-15,0.0,1.4432899320127035e-15,True
heterogeneous-168,first-stage-double,157,7.0000000000001075,0.45,-0.5660000000000079,1.0746958878371515e-13,0.0,-7.993605777301127e-15,True
heterogeneous-168,first-stage-double,158,6.0000000000000115,0.5,0.10800000000000214,1.1546319456101628e-14,0.0,2.1371793224034263e-15,True
heterogeneous-168,first-stage-double,159,6.00000000000001,0.5,0.581000000000001,9.769962616701378e-15,0.0,9.992007221626409e-16,True
heterogeneous-168,first-stage-double,160,8.00000000000006,0.4,-0.668000000000008,6.039613253960852e-14,0.0,-7.993605777301127e-15,True
heterogeneous-168,first-stage-double,161,7.000000000000004,0.45,-0.310000000000001,4.440892098500626e-15,0.0,-9.992007221626409e-16,True
heterogeneous-168,first-stage-double,162,6.000000000000082,0.5,0.1699999999999994,8.171241461241152e-14,0.0,-6.106226635438361e-16,True
heterogeneous-168,first-stage-double,163,6.000000000000091,0.5,0.5670000000000004,9.059419880941277e-14,0.0,4.440892098500626e-16,True
heterogeneous-168,first-stage-double,164,8.000000000000124,0.4,-0.6700000000000066,1.2434497875801753e-13,0.0,-6.5503158452884236e-15,True
heterogeneous-168,first-stage-double,165,6.000000000000076,0.5,-0.19600000000000273,7.638334409421077e-14,0.0,-2.7200464103316335e-15,True
heterogeneous-168,first-stage-double,166,6.000000000000002,0.5,-0.16500000000000073,1.7763568394002505e-15,0.0,-7.216449660063518e-16,True
heterogeneous-168,first-stage-double,167,6.000000000000001,0.5,0.021000000000000487,8.881784197001252e-16,0.0,4.85722573273506e-16,True
heterogeneous-168,first-stage-double,168,8.000000000000073,0.4,6.506448514360896e-16,7.283063041541027e-14,0.0,6.506448514360896e-16,True
heterogeneous-168,narrower-double,1,6.9999999999999964,0.45,-0.5919999999999995,-3.552713678800501e-15,0.0,4.440892098500626e-16,True
heterogeneous-168,narrower-double,2,6.000000000000002,0.5,0.24399999999999958,1.7763568394002505e-15,0.0,-4.163336342344337e-16,True
heterogeneous-168,narrower-double,3,6.000000000000006,0.5,0.5589999999999989,6.217248937900877e-15,0.0,-1.1102230246251565e-15,True
heterogeneous-168,narrower-double,4,7.99999999999999,0.4,-0.6649999999999981,-9.769962616701378e-15,0.0,1.887379141862766e-15,True
heterogeneous-168,narrower-double,5,6.000000000000004,0.5,-0.27400000000000024,4.440892098500626e-15,0.0,-2.220446049250313e-16,True
heterogeneous-168,narrower-double,6,5.999999999999997,0.5,0.07300000000000051,-2.6645352591003757e-15,0.0,5.134781488891349e-16,True
heterogeneous-168,narrower-double,7,15.999999999999986,0.5,-0.14099999999999996,-1.4210854715202004e-14,0.0,2.7755575615628914e-17,True
heterogeneous-168,narrower-double,8,6.000000000000003,0.5,-0.06999999999999995,2.6645352591003757e-15,0.0,5.551115123125783e-17,True
heterogeneous-168,narrower-double,9,7.000000000000002,0.45,-0.5890000000000009,1.7763568394002505e-15,0.0,-8.881784197001252e-16,True
heterogeneous-168,narrower-double,10,5.999999999999989,0.5,0.2350000000000018,-1.0658141036401503e-14,0.0,1.8041124150158794e-15,True
heterogeneous-168,narrower-double,11,5.999999999999992,0.5,0.5589999999999994,-7.993605777301127e-15,0.0,-6.661338147750939e-16,True
heterogeneous-168,narrower-double,12,8.00000000000001,0.4,-0.656,1.0658141036401503e-14,0.0,0.0,True
heterogeneous-168,narrower-double,13,5.999999999999998,0.5,-0.1560000000000002,-1.7763568394002505e-15,0.0,-1.942890293094024e-16,True
heterogeneous-168,narrower-double,14,6.000000000000001,0.5,0.007000000000000305,8.881784197001252e-16,0.0,3.0444397003392965e-16,True
heterogeneous-168,narrower-double,15,5.999999999999994,0.5,-0.20399999999999963,-6.217248937900877e-15,0.0,3.608224830031759e-16,True
heterogeneous-168,narrower-double,16,6.0,0.5,-0.20500000000000038,0.0,0.0,-3.885780586188048e-16,True
heterogeneous-168,narrower-double,17,6.000000000000001,0.5,-0.1770000000000006,8.881784197001252e-16,0.0,-6.106226635438361e-16,True
heterogeneous-168,narrower-double,18,6.000000000000002,0.5,-0.17900000000000058,1.7763568394002505e-15,0.0,-5.828670879282072e-16,True
heterogeneous-168,narrower-double,19,6.000000000000014,0.5,-0.1819999999999999,1.4210854715202004e-14,0.0,8.326672684688674e-17,True
heterogeneous-168,narrower-double,20,6.999999999999997,0.45,-0.5900000000000009,-2.6645352591003757e-15,0.0,-8.881784197001252e-16,True
heterogeneous-168,narrower-double,21,6.000000000000011,0.5,0.24000000000000007,1.0658141036401503e-14,0.0,8.326672684688674e-17,True
heterogeneous-168,narrower-double,22,5.999999999999984,0.5,0.5580000000000025,-1.5987211554602254e-14,0.0,2.4424906541753444e-15,True
heterogeneous-168,narrower-double,23,7.999999999999994,0.4,-0.6580000000000014,-6.217248937900877e-15,0.0,-1.3322676295501878e-15,True
heterogeneous-168,narrower-double,24,6.000000000000004,0.5,-0.21500000000000066,4.440892098500626e-15,0.0,-6.661338147750939e-16,True
heterogeneous-168,narrower-double,25,5.999999999999986,0.5,-0.19000000000000034,-1.4210854715202004e-14,0.0,-3.3306690738754696e-16,True
heterogeneous-168,narrower-double,26,6.00000000000001,0.5,0.11600000000000117,9.769962616701378e-15,0.0,1.1657341758564144e-15,True
heterogeneous-168,narrower-double,27,6.999999999999991,0.45,-0.6040000000000006,-8.881784197001252e-15,0.0,-6.661338147750939e-16,True
heterogeneous-168,narrower-double,28,6.000000000000008,0.5,0.9009999999999967,7.993605777301127e-15,0.0,-3.3306690738754696e-15,True
heterogeneous-168,narrower-double,29,7.00000000000002,0.45,-0.908000000000002,2.042810365310288e-14,0.0,-1.9984014443252818e-15,True
heterogeneous-168,narrower-double,30,7.000000000000041,0.45,-0.9059999999999971,4.085620730620576e-14,0.0,2.886579864025407e-15,True
heterogeneous-168,narrower-double,31,6.999999999999987,0.45,-0.5840000000000012,-1.3322676295501878e-14,0.0,-1.2212453270876722e-15,True
heterogeneous-168,narrower-double,32,5.999999999999987,0.5,0.2350000000000019,-1.3322676295501878e-14,0.0,1.915134717478395e-15,True
heterogeneous-168,narrower-double,33,6.000000000000023,0.5,0.5630000000000008,2.3092638912203256e-14,0.0,8.881784197001252e-16,True
heterogeneous-168,narrower-double,34,7.999999999999985,0.4,-0.6630000000000004,-1.509903313490213e-14,0.0,-3.3306690738754696e-16,True
heterogeneous-168,narrower-double,35,6.000000000000001,0.5,-0.1530000000000005,8.881784197001252e-16,0.0,-4.996003610813204e-16,True
heterogeneous-168,narrower-double,36,5.999999999999993,0.5,0.02199999999999881,-7.105427357601002e-15,0.0,-1.1900203045200897e-15,True
heterogeneous-168,narrower-double,37,7.0000000000000195,0.45,-0.2959999999999997,1.9539925233402755e-14,0.0,2.7755575615628914e-16,True
heterogeneous-168,narrower-double,38,5.999999999999998,0.5,-0.18199999999999994,-1.7763568394002505e-15,0.0,5.551115123125783e-17,True
heterogeneous-168,narrower-double,39,6.000000000000022,0.5,-0.012000000000000639,2.220446049250313e-14,0.0,-6.38378239159465e-16,True
heterogeneous-168,narrower-double,40,6.999999999999993,0.45,-0.22499999999999923,-7.105427357601002e-15,0.0,7.771561172376096e-16,True
heterogeneous-168,narrower-double,41,6.999999999999992,0.45,-0.5680000000000014,-7.993605777301127e-15,0.0,-1.4432899320127035e-15,True
heterogeneous-168,narrower-double,42,5.999999999999997,0.5,0.24600000000000202,-2.6645352591003757e-15,0.0,2.0261570199409107e-15,True
heterogeneous-168,narrower-double,43,5.999999999999996,0.5,0.5699999999999995,-4.440892098500626e-15,0.0,-4.440892098500626e-16,True
heterogeneous-168,narrower-double,44,8.000000000000005,0.4,-0.6729999999999997,5.329070518200751e-15,0.0,3.3306690738754696e-16,True
heterogeneous-168,narrower-double,45,6.000000000000018,0.5,-0.2760000000000001,1.7763568394002505e-14,0.0,-5.551115123125783e-17,True
heterogeneous-168,narrower-double,46,5.9999999999999964,0.5,0.7039999999999975,-3.552713678800501e-15,0.0,-2.4424906541753444e-15,True
heterogeneous-168,narrower-double,47,8.000000000000016,0.4,-0.7709999999999991,1.5987211554602254e-14,0.0,8.881784197001252e-16,True
heterogeneous-168,narrower-double,48,8.000000000000002,0.4,-0.7609999999999997,1.7763568394002505e-15,0.0,3.3306690738754696e-16,True
heterogeneous-168,narrower-double,49,7.000000000000005,0.45,-0.574999999999999,5.329070518200751e-15,0.0,9.992007221626409e-16,True
heterogeneous-168,narrower-double,50,5.999999999999986,0.5,0.23399999999999901,-1.4210854715202004e-14,0.0,-9.992007221626409e-16,True
heterogeneous-168,narrower-double,51,6.0000000000000275,0.5,0.5679999999999996,2.7533531010703882e-14,0.0,-3.3306690738754696e-16,True
heterogeneous-168,narrower-double,52,7.999999999999999,0.4,-0.6809999999999992,-8.881784197001252e-16,0.0,8.881784197001252e-16,True
heterogeneous-168,narrower-double,53,6.000000000000016,0.5,-0.20699999999999985,1.5987211554602254e-14,0.0,1.3877787807814457e-16,True
heterogeneous-168,narrower-double,54,5.999999999999996,0.5,-0.22300000000000128,-4.440892098500626e-15,0.0,-1.27675647831893e-15,True
heterogeneous-168,narrower-double,55,6.000000000000003,0.5,0.6929999999999992,2.6645352591003757e-15,0.0,-7.771561172376096e-16,True
heterogeneous-168,narrower-double,56,8.000000000000028,0.4,-0.7719999999999979,2.842170943040401e-14,0.0,2.1094237467877974e-15,True
heterogeneous-168,narrower-double,57,7.9999999999999964,0.4,-0.7640000000000012,-3.552713678800501e-15,0.0,-1.2212453270876722e-15,True
heterogeneous-168,narrower-double,58,6.999999999999982,0.45,-0.5849999999999994,-1.7763568394002505e-14,0.0,5.551115123125783e-16,True
heterogeneous-168,narrower-double,59,6.000000000000006,0.5,0.2379999999999993,6.217248937900877e-15,0.0,-6.938893903907228e-16,True
heterogeneous-168,narrower-double,60,6.000000000000011,0.5,0.5609999999999998,1.0658141036401503e-14,0.0,-2.220446049250313e-16,True
heterogeneous-168,narrower-double,61,7.99999999999999,0.4,-0.6519999999999976,-9.769962616701378e-15,0.0,2.4424906541753444e-15,True
heterogeneous-168,narrower-double,62,6.000000000000001,0.5,-0.21400000000000075,8.881784197001252e-16,0.0,-7.494005416219807e-16,True
heterogeneous-168,narrower-double,63,6.000000000000006,0.5,-0.16400000000000045,6.217248937900877e-15,0.0,-4.440892098500626e-16,True
heterogeneous-168,narrower-double,64,5.999999999999993,0.5,-0.19099999999999864,-7.105427357601002e-15,0.0,1.3600232051658168e-15,True
heterogeneous-168,narrower-double,65,5.999999999999989,0.5,0.03699999999999938,-1.0658141036401503e-14,0.0,-6.175615574477433e-16,True
heterogeneous-168,narrower-double,66,6.999999999999993,0.45,-0.3979999999999994,-7.105427357601002e-15,0.0,6.106226635438361e-16,True
heterogeneous-168,narrower-double,67,6.999999999999989,0.45,-0.579000000000003,-1.0658141036401503e-14,0.0,-2.9976021664879227e-15,True
heterogeneous-168,narrower-double,68,6.000000000000012,0.5,0.19300000000000364,1.2434497875801753e-14,0.0,3.635980405647388e-15,True
heterogeneous-168,narrower-double,69,5.999999999999968,0.5,0.5669999999999977,-3.197442310920451e-14,0.0,-2.220446049250313e-15,True
heterogeneous-168,narrower-double,70,7.999999999999979,0.4,-0.6710000000000008,-2.1316282072803006e-14,0.0,-7.771561172376096e-16,True
heterogeneous-168,narrower-double,71,6.000000000000029,0.5,0.07899999999999839,2.930988785010413e-14,0.0,-1.609823385706477e-15,True
heterogeneous-168,narrower-double,72,8.00000000000001,0.4,-0.48900000000000005,1.0658141036401503e-14,0.0,-5.551115123125783e-17,True
heterogeneous-168,narrower-double,73,6.99999999999999,0.45,-0.5729999999999982,-9.769962616701378e-15,0.0,1.7763568394002505e-15,True
heterogeneous-168,narrower-double,74,5.999999999999976,0.5,0.16900000000000187,-2.398081733190338e-14,0.0,1.8596235662471372e-15,True
heterogeneous-168,narrower-double,75,5.999999999999987,0.5,0.5650000000000046,-1.3322676295501878e-14,0.0,4.6629367034256575e-15,True
heterogeneous-168,narrower-double,76,8.000000000000023,0.4,-0.6590000000000034,2.3092638912203256e-14,0.0,-3.3306690738754696e-15,True
heterogeneous-168,narrower-double,77,5.999999999999986,0.5,0.23199999999999982,-1.4210854715202004e-14,0.0,-1.942890293094024e-16,True
heterogeneous-168,narrower-double,78,7.9999999999999805,0.4,-0.49400000000000027,-1.9539925233402755e-14,0.0,-2.7755575615628914e-16,True
heterogeneous-168,narrower-double,79,5.999999999999964,0.5,-0.41299999999999826,-3.6415315207705135e-14,0.0,1.7208456881689926e-15,True
heterogeneous-168,narrower-double,80,7.000000000000019,0.45,-0.586000000000007,1.865174681370263e-14,0.0,-6.994405055138486e-15,True
heterogeneous-168,narrower-double,81,6.0000000000000115,0.5,0.23500000000000265,1.1546319456101628e-14,0.0,2.6645352591003757e-15,True
heterogeneous-168,narrower-double,82,5.999999999999975,0.5,0.5610000000000023,-2.4868995751603507e-14,0.0,2.220446049250313e-15,True
heterogeneous-168,narrower-double,83,8.00000000000002,0.4,-0.6620000000000028,1.9539925233402755e-14,0.0,-2.7755575615628914e-15,True
heterogeneous-168,narrower-double,84,6.0000000000000115,0.5,-0.14800000000000227,1.1546319456101628e-14,0.0,-2.275957200481571e-15,True
heterogeneous-168,narrower-double,85,6.000000000000007,0.5,-0.043999999999999546,7.105427357601002e-15,0.0,4.510281037539698e-16,True
heterogeneous-168,narrower-double,86,5.9999999999999805,0.5,-0.181999999999998,-1.9539925233402755e-14,0.0,1.9984014443252818e-15,True
heterogeneous-168,narrower-double,87,5.999999999999995,0.5,-0.18200000000000008,-5.329070518200751e-15,0.0,-8.326672684688674e-17,True
heterogeneous-168,narrower-double,88,5.999999999999985,0.5,-0.3340000000000011,-1.509903313490213e-14,0.0,-1.0547118733938987e-15,True
heterogeneous-168,narrower-double,89,6.000000000000002,0.5,-0.3450000000000013,1.7763568394002505e-15,0.0,-1.3322676295501878e-15,True
heterogeneous-168,narrower-double,90,5.999999999999983,0.5,0.4030000000000011,-1.687538997430238e-14,0.0,1.0547118733938987e-15,True
heterogeneous-168,narrower-double,91,8.00000000000001,0.4,-0.567999999999999,1.0658141036401503e-14,0.0,9.992007221626409e-16,True
heterogeneous-168,narrower-double,92,6.999999999999988,0.45,-0.5890000000000006,-1.2434497875801753e-14,0.0,-6.661338147750939e-16,True
heterogeneous-168,narrower-double,93,5.999999999999943,0.5,0.23300000000000287,-5.684341886080802e-14,0.0,2.858824288409778e-15,True
heterogeneous-168,narrower-double,94,5.999999999999988,0.5,0.5649999999999993,-1.2434497875801753e-14,0.0,-6.661338147750939e-16,True
heterogeneous-168,narrower-double,95,7.9999999999999885,0.4,-0.6690000000000005,-1.1546319456101628e-14,0.0,-4.440892098500626e-16,True
heterogeneous-168,narrower-double,96,5.999999999999972,0.5,-0.13299999999999892,-2.842170943040401e-14,0.0,1.0824674490095276e-15,True
heterogeneous-168,narrower-double,97,6.0000000000000195,0.5,-0.17499999999999988,1.9539925233402755e-14,0.0,1.1102230246251565e-16,True
heterogeneous-168,narrower-double,98,6.000000000000016,0.5,-0.08300000000000275,1.5987211554602254e-14,0.0,-2.7478019859472624e-15,True
heterogeneous-168,narrower-double,99,6.000000000000025,0.5,0.012999999999998658,2.4868995751603507e-14,0.0,-1.3409412469300719e-15,True
heterogeneous-168,narrower-double,100,7.0000000000000036,0.45,-0.3099999999999989,3.552713678800501e-15,0.0,1.1102230246251565e-15,True
heterogeneous-168,narrower-double,101,5.999999999999995,0.5,0.19499999999999973,-5.329070518200751e-15,0.0,-2.7755575615628914e-16,True
heterogeneous-168,narrower-double,102,5.9999999999999964,0.5,-0.23000000000000045,-3.552713678800501e-15,0.0,-4.440892098500626e-16,True
heterogeneous-168,narrower-double,103,5.999999999999994,0.5,-0.2679999999999996,-6.217248937900877e-15,0.0,3.885780586188048e-16,True
heterogeneous-168,narrower-double,104,6.000000000000016,0.5,-0.21299999999999966,1.5987211554602254e-14,0.0,3.3306690738754696e-16,True
heterogeneous-168,narrower-double,105,6.00000000000001,0.5,-0.19000000000000064,9.769962616701378e-15,0.0,-6.38378239159465e-16,True
heterogeneous-168,narrower-double,106,7.000000000000009,0.45,-0.5849999999999986,8.881784197001252e-15,0.0,1.3322676295501878e-15,True
heterogeneous-168,narrower-double,107,6.0000000000000195,0.5,0.2440000000000035,1.9539925233402755e-14,0.0,3.497202527569243e-15,True
heterogeneous-168,narrower-double,108,5.999999999999999,0.5,0.5609999999999995,-8.881784197001252e-16,0.0,-5.551115123125783e-16,True
heterogeneous-168,narrower-double,109,8.00000000000005,0.4,-0.6640000000000051,4.973799150320701e-14,0.0,-5.10702591327572e-15,True
heterogeneous-168,narrower-double,110,5.999999999999977,0.5,-0.238000000000003,-2.3092638912203256e-14,0.0,-2.9976021664879227e-15,True
heterogeneous-168,narrower-double,111,6.000000000000017,0.5,0.6729999999999999,1.687538997430238e-14,0.0,-1.1102230246251565e-16,True
heterogeneous-168,narrower-double,112,8.000000000000004,0.4,-0.6589999999999984,3.552713678800501e-15,0.0,1.6653345369377348e-15,True
heterogeneous-168,narrower-double,113,6.999999999999992,0.45,-0.8719999999999974,-7.993605777301127e-15,0.0,2.55351295663786e-15,True
heterogeneous-168,narrower-double,114,6.999999999999969,0.45,-0.5839999999999969,-3.108624468950438e-14,0.0,3.1086244689504383e-15,True
heterogeneous-168,narrower-double,115,5.999999999999968,0.5,0.23399999999999835,-3.197442310920451e-14,0.0,-1.6653345369377348e-15,True
heterogeneous-168,narrower-double,116,5.999999999999975,0.5,0.5620000000000086,-2.4868995751603507e-14,0.0,8.548717289613705e-15,True
heterogeneous-168,narrower-double,117,7.999999999999994,0.4,-0.6660000000000014,-6.217248937900877e-15,0.0,-1.3322676295501878e-15,True
heterogeneous-168,narrower-double,118,6.0000000000000036,0.5,-0.21199999999999936,3.552713678800501e-15,0.0,6.38378239159465e-16,True
heterogeneous-168,narrower-double,119,6.000000000000015,0.5,-0.1910000000000049,1.509903313490213e-14,0.0,-4.884981308350689e-15,True
heterogeneous-168,narrower-double,120,6.000000000000026,0.5,0.6670000000000083,2.5757174171303632e-14,0.0,8.215650382226158e-15,True
heterogeneous-168,narrower-double,121,8.000000000000027,0.4,-0.6530000000000026,2.6645352591003757e-14,0.0,-2.55351295663786e-15,True
heterogeneous-168,narrower-double,122,7.000000000000008,0.45,-0.877000000000006,7.993605777301127e-15,0.0,-5.995204332975845e-15,True
heterogeneous-168,narrower-double,123,7.000000000000012,0.45,-0.5580000000000005,1.2434497875801753e-14,0.0,-4.440892098500626e-16,True
heterogeneous-168,narrower-double,124,6.000000000000043,0.5,0.18599999999999858,4.263256414560601e-14,0.0,-1.4155343563970746e-15,True
heterogeneous-168,narrower-double,125,5.999999999999967,0.5,0.5740000000000021,-3.2862601528904634e-14,0.0,2.1094237467877974e-15,True
heterogeneous-168,narrower-double,126,8.00000000000002,0.4,-0.6939999999999974,1.9539925233402755e-14,0.0,2.55351295663786e-15,True
heterogeneous-168,narrower-double,127,6.000000000000072,0.5,0.09599999999999553,7.194245199571014e-14,0.0,-4.468647674116255e-15,True
heterogeneous-168,narrower-double,128,16.000000000000018,0.5,-0.2850000000000005,1.7763568394002505e-14,0.0,-4.996003610813204e-16,True
heterogeneous-168,narrower-double,129,7.000000000000024,0.45,-0.5920000000000044,2.398081733190338e-14,0.0,-4.440892098500626e-15,True
heterogeneous-168,narrower-double,130,6.000000000000029,0.49999999999999994,0.26699999999999996,2.930988785010413e-14,-5.551115123125783e-17,-5.551115123125783e-17,True
heterogeneous-168,narrower-double,131,6.000000000000044,0.5,0.5599999999999927,4.440892098500626e-14,0.0,-7.327471962526033e-15,True
heterogeneous-168,narrower-double,132,8.000000000000098,0.4,-0.6729999999999962,9.769962616701378e-14,0.0,3.885780586188048e-15,True
heterogeneous-168,narrower-double,133,5.999999999999999,0.5,-0.3919999999999997,-8.881784197001252e-16,0.0,3.3306690738754696e-16,True
heterogeneous-168,narrower-double,134,7.000000000000016,0.45,-0.5879999999999981,1.5987211554602254e-14,0.0,1.887379141862766e-15,True
heterogeneous-168,narrower-double,135,6.000000000000017,0.5,0.21499999999999753,1.687538997430238e-14,0.0,-2.4702462297909733e-15,True
heterogeneous-168,narrower-double,136,5.999999999999966,0.5,0.5600000000000055,-3.375077994860476e-14,0.0,5.440092820663267e-15,True
heterogeneous-168,narrower-double,137,8.000000000000016,0.4,-0.660999999999999,1.5987211554602254e-14,0.0,9.992007221626409e-16,True
heterogeneous-168,narrower-double,138,5.999999999999986,0.5,-0.005000000000000466,-1.4210854715202004e-14,0.0,-4.657732532997727e-16,True
heterogeneous-168,narrower-double,139,6.00000000000006,0.5,-0.3620000000000019,6.039613253960852e-14,0.0,-1.887379141862766e-15,True
heterogeneous-168,narrower-double,140,6.000000000000068,0.5,-0.35999999999999993,6.838973831690964e-14,0.0,5.551115123125783e-17,True
heterogeneous-168,narrower-double,141,7.000000000000065,0.45,-0.5900000000000077,6.483702463810914e-14,0.0,-7.771561172376096e-15,True
heterogeneous-168,narrower-double,142,5.999999999999963,0.5,0.21400000000000396,-3.730349362740526e-14,0.0,3.969047313034935e-15,True
heterogeneous-168,narrower-double,143,5.999999999999992,0.5,0.5600000000000045,-7.993605777301127e-15,0.0,4.440892098500626e-15,True
heterogeneous-168,narrower-double,144,8.000000000000002,0.4,-0.6570000000000034,1.7763568394002505e-15,0.0,-3.3306690738754696e-15,True
heterogeneous-168,narrower-double,145,6.0000000000000036,0.5,-0.03199999999999885,3.552713678800501e-15,0.0,1.1518563880486e-15,True
heterogeneous-168,narrower-double,146,6.000000000000055,0.5,-0.15400000000000102,5.5067062021407764e-14,0.0,-1.0269562977782698e-15,True
heterogeneous-168,narrower-double,147,6.000000000000046,0.5,-0.36000000000000615,4.618527782440651e-14,0.0,-6.161737786669619e-15,True
heterogeneous-168,narrower-double,148,6.000000000000008,0.5,-0.33199999999999974,7.993605777301127e-15,0.0,2.7755575615628914e-16,True
heterogeneous-168,narrower-double,149,6.999999999999979,0.45,-0.5930000000000022,-2.1316282072803006e-14,0.0,-2.220446049250313e-15,True
heterogeneous-168,narrower-double,150,6.00000000000004,0.5,0.24200000000000785,3.9968028886505635e-14,0.0,7.854827899222983e-15,True
heterogeneous-168,narrower-double,151,6.0000000000000195,0.5,0.5570000000000007,1.9539925233402755e-14,0.0,6.661338147750939e-16,True
heterogeneous-168,narrower-double,152,8.000000000000108,0.4,-0.6630000000000027,1.0835776720341528e-13,0.0,-2.6645352591003757e-15,True
heterogeneous-168,narrower-double,153,6.000000000000056,0.5,-0.23500000000000387,5.595524044110789e-14,0.0,-3.885780586188048e-15,True
heterogeneous-168,narrower-double,154,6.000000000000019,0.5,0.048999999999995325,1.865174681370263e-14,0.0,-4.676814491233472e-15,True
heterogeneous-168,narrower-double,155,6.000000000000002,0.5,-0.35899999999999826,1.7763568394002505e-15,0.0,1.7208456881689926e-15,True
heterogeneous-168,narrower-double,156,6.000000000000004,0.5,-0.36099999999999877,4.440892098500626e-15,0.0,1.2212453270876722e-15,True
heterogeneous-168,narrower-double,157,7.0000000000001075,0.45,-0.5660000000000057,1.0746958878371515e-13,0.0,-5.773159728050814e-15,True
heterogeneous-168,narrower-double,158,6.000000000000009,0.5,0.10800000000000115,8.881784197001252e-15,0.0,1.1518563880486e-15,True
heterogeneous-168,narrower-double,159,6.000000000000014,0.5,0.5810000000000006,1.4210854715202004e-14,0.0,6.661338147750939e-16,True
heterogeneous-168,narrower-double,160,8.000000000000059,0.4,-0.6680000000000078,5.861977570020827e-14,0.0,-7.771561172376096e-15,True
heterogeneous-168,narrower-double,161,7.000000000000006,0.45,-0.31000000000000083,6.217248937900877e-15,0.0,-8.326672684688674e-16,True
heterogeneous-168,narrower-double,162,6.000000000000092,0.5,0.16999999999999835,9.237055564881302e-14,0.0,-1.6653345369377348e-15,True
heterogeneous-168,narrower-double,163,6.000000000000091,0.5,0.5670000000000003,9.059419880941277e-14,0.0,3.3306690738754696e-16,True
heterogeneous-168,narrower-double,164,8.00000000000012,0.4,-0.670000000000007,1.2079226507921703e-13,0.0,-6.994405055138486e-15,True
heterogeneous-168,narrower-double,165,6.000000000000074,0.5,-0.19600000000000253,7.37188088351104e-14,0.0,-2.525757381022231e-15,True
heterogeneous-168,narrower-double,166,6.000000000000008,0.5,-0.16500000000000098,7.993605777301127e-15,0.0,-9.71445146547012e-16,True
heterogeneous-168,narrower-double,167,6.000000000000002,0.5,0.02100000000000069,1.7763568394002505e-15,0.0,6.904199434387692e-16,True
heterogeneous-168,narrower-double,168,8.000000000000075,0.4,6.579734882042786e-16,7.460698725481052e-14,0.0,6.579734882042786e-16,True
heterogeneous-168,wider-double,1,6.9999999999999964,0.45,-0.5919999999999997,-3.552713678800501e-15,0.0,2.220446049250313e-16,True
heterogeneous-168,wider-double,2,6.0,0.5,0.24400000000000013,0.0,0.0,1.3877787807814457e-16,True
heterogeneous-168,wider-double,3,6.000000000000004,0.5,0.5589999999999987,4.440892098500626e-15,0.0,-1.3322676295501878e-15,True
heterogeneous-168,wider-double,4,7.999999999999989,0.4,-0.6649999999999983,-1.0658141036401503e-14,0.0,1.7763568394002505e-15,True
heterogeneous-168,wider-double,5,6.000000000000004,0.5,-0.2740000000000003,4.440892098500626e-15,0.0,-2.7755575615628914e-16,True
heterogeneous-168,wider-double,6,5.9999999999999964,0.5,0.07300000000000065,-3.552713678800501e-15,0.0,6.522560269672795e-16,True
heterogeneous-168,wider-double,7,15.999999999999986,0.5,-0.14099999999999996,-1.4210854715202004e-14,0.0,2.7755575615628914e-17,True
heterogeneous-168,wider-double,8,6.000000000000003,0.5,-0.06999999999999995,2.6645352591003757e-15,0.0,5.551115123125783e-17,True
heterogeneous-168,wider-double,9,7.000000000000002,0.45,-0.5890000000000006,1.7763568394002505e-15,0.0,-6.661338147750939e-16,True
heterogeneous-168,wider-double,10,5.99999999999999,0.5,0.23500000000000168,-9.769962616701378e-15,0.0,1.6930901125533637e-15,True
heterogeneous-168,wider-double,11,5.99999999999999,0.5,0.5589999999999994,-9.769962616701378e-15,0.0,-6.661338147750939e-16,True
heterogeneous-168,wider-double,12,8.00000000000001,0.4,-0.6559999999999999,1.0658141036401503e-14,0.0,1.1102230246251565e-16,True
heterogeneous-168,wider-double,13,5.999999999999998,0.5,-0.15600000000000022,-1.7763568394002505e-15,0.0,-2.220446049250313e-16,True
heterogeneous-168,wider-double,14,6.000000000000001,0.5,0.007000000000000305,8.881784197001252e-16,0.0,3.0444397003392965e-16,True
heterogeneous-168,wider-double,15,5.999999999999994,0.5,-0.20399999999999963,-6.217248937900877e-15,0.0,3.608224830031759e-16,True
heterogeneous-168,wider-double,16,6.0,0.5,-0.20500000000000038,0.0,0.0,-3.885780586188048e-16,True
heterogeneous-168,wider-double,17,6.000000000000001,0.5,-0.1770000000000006,8.881784197001252e-16,0.0,-6.106226635438361e-16,True
heterogeneous-168,wider-double,18,6.000000000000002,0.5,-0.17900000000000058,1.7763568394002505e-15,0.0,-5.828670879282072e-16,True
heterogeneous-168,wider-double,19,6.000000000000014,0.5,-0.1819999999999999,1.4210854715202004e-14,0.0,8.326672684688674e-17,True
heterogeneous-168,wider-double,20,6.999999999999997,0.45,-0.590000000000001,-2.6645352591003757e-15,0.0,-9.992007221626409e-16,True
heterogeneous-168,wider-double,21,6.000000000000011,0.5,0.24000000000000007,1.0658141036401503e-14,0.0,8.326672684688674e-17,True
heterogeneous-168,wider-double,22,5.999999999999984,0.5,0.5580000000000025,-1.5987211554602254e-14,0.0,2.4424906541753444e-15,True
heterogeneous-168,wider-double,23,7.999999999999995,0.4,-0.6580000000000014,-5.329070518200751e-15,0.0,-1.3322676295501878e-15,True
heterogeneous-168,wider-double,24,6.000000000000004,0.5,-0.2150000000000006,4.440892098500626e-15,0.0,-6.106226635438361e-16,True
heterogeneous-168,wider-double,25,5.999999999999985,0.5,-0.1900000000000003,-1.509903313490213e-14,0.0,-3.0531133177191805e-16,True
heterogeneous-168,wider-double,26,6.00000000000001,0.5,0.11600000000000117,9.769962616701378e-15,0.0,1.1657341758564144e-15,True
heterogeneous-168,wider-double,27,6.999999999999991,0.45,-0.6040000000000006,-8.881784197001252e-15,0.0,-6.661338147750939e-16,True
heterogeneous-168,wider-double,28,6.000000000000008,0.5,0.9009999999999967,7.993605777301127e-15,0.0,-3.3306690738754696e-15,True
heterogeneous-168,wider-double,29,7.00000000000002,0.45,-0.908000000000002,2.042810365310288e-14,0.0,-1.9984014443252818e-15,True
heterogeneous-168,wider-double,30,7.000000000000041,0.45,-0.9059999999999971,4.085620730620576e-14,0.0,2.886579864025407e-15,True
heterogeneous-168,wider-double,31,6.999999999999987,0.45,-0.584000000000001,-1.3322676295501878e-14,0.0,-9.992007221626409e-16,True
heterogeneous-168,wider-double,32,5.999999999999987,0.5,0.23500000000000157,-1.3322676295501878e-14,0.0,1.582067810090848e-15,True
heterogeneous-168,wider-double,33,6.000000000000021,0.5,0.5630000000000012,2.1316282072803006e-14,0.0,1.2212453270876722e-15,True
heterogeneous-168,wider-double,34,7.999999999999985,0.4,-0.6630000000000004,-1.509903313490213e-14,0.0,-3.3306690738754696e-16,True
heterogeneous-168,wider-double,35,6.000000000000002,0.5,-0.1530000000000004,1.7763568394002505e-15,0.0,-4.163336342344337e-16,True
heterogeneous-168,wider-double,36,5.999999999999991,0.5,0.02199999999999885,-8.881784197001252e-15,0.0,-1.1483869410966463e-15,True
heterogeneous-168,wider-double,37,7.0000000000000195,0.45,-0.2959999999999997,1.9539925233402755e-14,0.0,2.7755575615628914e-16,True
heterogeneous-168,wider-double,38,5.999999999999998,0.5,-0.18199999999999997,-1.7763568394002505e-15,0.0,2.7755575615628914e-17,True
heterogeneous-168,wider-double,39,6.000000000000021,0.5,-0.01200000000000057,2.1316282072803006e-14,0.0,-5.689893001203927e-16,True
heterogeneous-168,wider-double,40,6.999999999999992,0.45,-0.22499999999999923,-7.993605777301127e-15,0.0,7.771561172376096e-16,True
heterogeneous-168,wider-double,41,6.999999999999994,0.45,-0.5680000000000016,-6.217248937900877e-15,0.0,-1.6653345369377348e-15,True
heterogeneous-168,wider-double,42,5.9999999999999964,0.5,0.2460000000000019,-3.552713678800501e-15,0.0,1.915134717478395e-15,True
heterogeneous-168,wider-double,43,5.999999999999996,0.5,0.5699999999999997,-4.440892098500626e-15,0.0,-2.220446049250313e-16,True
heterogeneous-168,wider-double,44,8.000000000000005,0.4,-0.6729999999999997,5.329070518200751e-15,0.0,3.3306690738754696e-16,True
heterogeneous-168,wider-double,45,6.000000000000018,0.5,-0.2760000000000001,1.7763568394002505e-14,0.0,-5.551115123125783e-17,True
heterogeneous-168,wider-double,46,5.9999999999999964,0.5,0.7039999999999975,-3.552713678800501e-15,0.0,-2.4424906541753444e-15,True
heterogeneous-168,wider-double,47,8.000000000000016,0.4,-0.7709999999999991,1.5987211554602254e-14,0.0,8.881784197001252e-16,True
heterogeneous-168,wider-double,48,8.000000000000002,0.4,-0.7609999999999997,1.7763568394002505e-15,0.0,3.3306690738754696e-16,True
heterogeneous-168,wider-double,49,7.000000000000005,0.45,-0.5749999999999987,5.329070518200751e-15,0.0,1.2212453270876722e-15,True
heterogeneous-168,wider-double,50,5.999999999999987,0.5,0.23399999999999893,-1.3322676295501878e-14,0.0,-1.0824674490095276e-15,True
heterogeneous-168,wider-double,51,6.000000000000029,0.5,0.5679999999999994,2.930988785010413e-14,0.0,-5.551115123125783e-16,True
heterogeneous-168,wider-double,52,7.999999999999999,0.4,-0.6809999999999992,-8.881784197001252e-16,0.0,8.881784197001252e-16,True
heterogeneous-168,wider-double,53,6.000000000000015,0.5,-0.20699999999999982,1.509903313490213e-14,0.0,1.6653345369377348e-16,True
heterogeneous-168,wider-double,54,5.9999999999999964,0.5,-0.22300000000000125,-3.552713678800501e-15,0.0,-1.2490009027033011e-15,True
heterogeneous-168,wider-double,55,6.000000000000003,0.5,0.6929999999999992,2.6645352591003757e-15,0.0,-7.771561172376096e-16,True
heterogeneous-168,wider-double,56,8.000000000000028,0.4,-0.7719999999999979,2.842170943040401e-14,0.0,2.1094237467877974e-15,True
heterogeneous-168,wider-double,57,7.9999999999999964,0.4,-0.7640000000000012,-3.552713678800501e-15,0.0,-1.2212453270876722e-15,True
heterogeneous-168,wider-double,58,6.999999999999981,0.45,-0.5849999999999994,-1.865174681370263e-14,0.0,5.551115123125783e-16,True
heterogeneous-168,wider-double,59,6.000000000000005,0.5,0.2379999999999995,5.329070518200751e-15,0.0,-4.996003610813204e-16,True
heterogeneous-168,wider-double,60,6.000000000000011,0.5,0.5609999999999999,1.0658141036401503e-14,0.0,-1.1102230246251565e-16,True
heterogeneous-168,wider-double,61,7.999999999999989,0.4,-0.6519999999999977,-1.0658141036401503e-14,0.0,2.3314683517128287e-15,True
heterogeneous-168,wider-double,62,6.000000000000001,0.5,-0.21400000000000075,8.881784197001252e-16,0.0,-7.494005416219807e-16,True
heterogeneous-168,wider-double,63,6.000000000000006,0.5,-0.16400000000000045,6.217248937900877e-15,0.0,-4.440892098500626e-16,True
heterogeneous-168,wider-double,64,5.999999999999993,0.5,-0.19099999999999864,-7.105427357601002e-15,0.0,1.3600232051658168e-15,True
heterogeneous-168,wider-double,65,5.999999999999989,0.5,0.03699999999999938,-1.0658141036401503e-14,0.0,-6.175615574477433e-16,True
heterogeneous-168,wider-double,66,6.999999999999993,0.45,-0.3979999999999994,-7.105427357601002e-15,0.0,6.106226635438361e-16,True
heterogeneous-168,wider-double,67,6.999999999999991,0.45,-0.5790000000000031,-8.881784197001252e-15,0.0,-3.1086244689504383e-15,True
heterogeneous-168,wider-double,68,6.000000000000012,0.5,0.1930000000000034,1.2434497875801753e-14,0.0,3.3861802251067274e-15,True
heterogeneous-168,wider-double,69,5.999999999999966,0.5,0.5669999999999981,-3.375077994860476e-14,0.0,-1.887379141862766e-15,True
heterogeneous-168,wider-double,70,7.999999999999979,0.4,-0.6710000000000009,-2.1316282072803006e-14,0.0,-8.881784197001252e-16,True
heterogeneous-168,wider-double,71,6.000000000000032,0.5,0.07899999999999832,3.197442310920451e-14,0.0,-1.6792123247455493e-15,True
heterogeneous-168,wider-double,72,8.00000000000001,0.4,-0.48899999999999993,1.0658141036401503e-14,0.0,5.551115123125783e-17,True
heterogeneous-168,wider-double,73,6.999999999999989,0.45,-0.5729999999999982,-1.0658141036401503e-14,0.0,1.7763568394002505e-15,True
heterogeneous-168,wider-double,74,5.999999999999974,0.5,0.16900000000000182,-2.5757174171303632e-14,0.0,1.8041124150158794e-15,True
heterogeneous-168,wider-double,75,5.999999999999986,0.5,0.5650000000000047,-1.4210854715202004e-14,0.0,4.773959005888173e-15,True
heterogeneous-168,wider-double,76,8.000000000000023,0.4,-0.6590000000000034,2.3092638912203256e-14,0.0,-3.3306690738754696e-15,True
heterogeneous-168,wider-double,77,5.999999999999986,0.5,0.23199999999999996,-1.4210854715202004e-14,0.0,-5.551115123125783e-17,True
heterogeneous-168,wider-double,78,7.9999999999999805,0.4,-0.49400000000000027,-1.9539925233402755e-14,0.0,-2.7755575615628914e-16,True
heterogeneous-168,wider-double,79,5.999999999999964,0.5,-0.4129999999999984,-3.6415315207705135e-14,0.0,1.5543122344752192e-15,True
heterogeneous-168,wider-double,80,7.000000000000019,0.45,-0.586000000000007,1.865174681370263e-14,0.0,-6.994405055138486e-15,True
heterogeneous-168,wider-double,81,6.000000000000011,0.5,0.23500000000000268,1.0658141036401503e-14,0.0,2.6922908347160046e-15,True
heterogeneous-168,wider-double,82,5.999999999999974,0.5,0.561000000000002,-2.5757174171303632e-14,0.0,1.9984014443252818e-15,True
heterogeneous-168,wider-double,83,8.000000000000021,0.4,-0.662000000000003,2.1316282072803006e-14,0.0,-2.9976021664879227e-15,True
heterogeneous-168,wider-double,84,6.000000000000012,0.5,-0.14800000000000232,1.2434497875801753e-14,0.0,-2.3314683517128287e-15,True
heterogeneous-168,wider-double,85,6.000000000000007,0.5,-0.04399999999999949,7.105427357601002e-15,0.0,5.065392549852277e-16,True
heterogeneous-168,wider-double,86,5.9999999999999805,0.5,-0.18199999999999797,-1.9539925233402755e-14,0.0,2.0261570199409107e-15,True
heterogeneous-168,wider-double,87,5.999999999999995,0.5,-0.1820000000000001,-5.329070518200751e-15,0.0,-1.1102230246251565e-16,True
heterogeneous-168,wider-double,88,5.999999999999985,0.5,-0.3340000000000011,-1.509903313490213e-14,0.0,-1.0547118733938987e-15,True
heterogeneous-168,wider-double,89,6.000000000000002,0.5,-0.3450000000000013,1.7763568394002505e-15,0.0,-1.3322676295501878e-15,True
heterogeneous-168,wider-double,90,5.999999999999983,0.5,0.4030000000000011,-1.687538997430238e-14,0.0,1.0547118733938987e-15,True
heterogeneous-168,wider-double,91,8.00000000000001,0.4,-0.567999999999999,1.0658141036401503e-14,0.0,9.992007221626409e-16,True
heterogeneous-168,wider-double,92,6.999999999999985,0.45,-0.5890000000000001,-1.509903313490213e-14,0.0,-1.1102230246251565e-16,True
heterogeneous-168,wider-double,93,5.9999999999999405,0.5,0.23300000000000248,-5.950795411990839e-14,0.0,2.4702462297909733e-15,True
heterogeneous-168,wider-double,94,5.999999999999989,0.5,0.5650000000000007,-1.0658141036401503e-14,0.0,7.771561172376096e-16,True
heterogeneous-168,wider-double,95,7.999999999999989,0.4,-0.6690000000000014,-1.0658141036401503e-14,0.0,-1.3322676295501878e-15,True
heterogeneous-168,wider-double,96,5.99999999999997,0.5,-0.13299999999999898,-3.019806626980426e-14,0.0,1.0269562977782698e-15,True
heterogeneous-168,wider-double,97,6.000000000000019,0.5,-0.17499999999999966,1.865174681370263e-14,0.0,3.3306690738754696e-16,True
heterogeneous-168,wider-double,98,6.000000000000016,0.5,-0.08300000000000281,1.5987211554602254e-14,0.0,-2.8033131371785203e-15,True
heterogeneous-168,wider-double,99,6.000000000000025,0.5,0.012999999999998615,2.4868995751603507e-14,0.0,-1.384309333829492e-15,True
heterogeneous-168,wider-double,100,7.000000000000001,0.45,-0.3099999999999988,8.881784197001252e-16,0.0,1.2212453270876722e-15,True
heterogeneous-168,wider-double,101,5.999999999999994,0.5,0.19499999999999956,-6.217248937900877e-15,0.0,-4.440892098500626e-16,True
heterogeneous-168,wider-double,102,5.999999999999998,0.5,-0.23000000000000045,-1.7763568394002505e-15,0.0,-4.440892098500626e-16,True
heterogeneous-168,wider-double,103,5.999999999999994,0.5,-0.2679999999999995,-6.217248937900877e-15,0.0,4.996003610813204e-16,True
heterogeneous-168,wider-double,104,6.000000000000016,0.5,-0.21299999999999966,1.5987211554602254e-14,0.0,3.3306690738754696e-16,True
heterogeneous-168,wider-double,105,6.000000000000009,0.5,-0.19000000000000064,8.881784197001252e-15,0.0,-6.38378239159465e-16,True
heterogeneous-168,wider-double,106,7.000000000000001,0.45,-0.5850000000000003,8.881784197001252e-16,0.0,-3.3306690738754696e-16,True
heterogeneous-168,wider-double,107,6.000000000000012,0.5,0.2440000000000053,1.2434497875801753e-14,0.0,5.3013149425851225e-15,True
heterogeneous-168,wider-double,108,6.000000000000004,0.5,0.5609999999999989,4.440892098500626e-15,0.0,-1.1102230246251565e-15,True
heterogeneous-168,wider-double,109,8.00000000000005,0.4,-0.6640000000000051,4.973799150320701e-14,0.0,-5.10702591327572e-15,True
heterogeneous-168,wider-double,110,5.999999999999976,0.5,-0.23800000000000274,-2.398081733190338e-14,0.0,-2.7478019859472624e-15,True
heterogeneous-168,wider-double,111,6.000000000000014,0.5,0.6729999999999999,1.4210854715202004e-14,0.0,-1.1102230246251565e-16,True
heterogeneous-168,wider-double,112,8.000000000000002,0.4,-0.6589999999999983,1.7763568394002505e-15,0.0,1.7763568394002505e-15,True
heterogeneous-168,wider-double,113,6.999999999999992,0.45,-0.8719999999999974,-7.993605777301127e-15,0.0,2.55351295663786e-15,True
heterogeneous-168,wider-double,114,6.999999999999969,0.45,-0.5839999999999961,-3.108624468950438e-14,0.0,3.885780586188048e-15,True
heterogeneous-168,wider-double,115,5.99999999999997,0.5,0.23399999999999715,-3.019806626980426e-14,0.0,-2.858824288409778e-15,True
heterogeneous-168,wider-double,116,5.999999999999973,0.5,0.5620000000000093,-2.6645352591003757e-14,0.0,9.2148511043888e-15,True
heterogeneous-168,wider-double,117,7.999999999999995,0.4,-0.6660000000000009,-5.329070518200751e-15,0.0,-8.881784197001252e-16,True
heterogeneous-168,wider-double,118,6.000000000000008,0.5,-0.21199999999999977,7.993605777301127e-15,0.0,2.220446049250313e-16,True
heterogeneous-168,wider-double,119,6.000000000000018,0.5,-0.1910000000000049,1.7763568394002505e-14,0.0,-4.884981308350689e-15,True
heterogeneous-168,wider-double,120,6.000000000000025,0.5,0.667000000000009,2.4868995751603507e-14,0.0,8.992806499463768e-15,True
heterogeneous-168,wider-double,121,8.000000000000023,0.4,-0.653000000000002,2.3092638912203256e-14,0.0,-1.9984014443252818e-15,True
heterogeneous-168,wider-double,122,7.000000000000012,0.45,-0.8770000000000074,1.2434497875801753e-14,0.0,-7.438494264988549e-15,True
heterogeneous-168,wider-double,123,7.000000000000012,0.45,-0.558,1.2434497875801753e-14,0.0,0.0,True
heterogeneous-168,wider-double,124,6.000000000000048,0.5,0.18599999999999695,4.796163466380676e-14,0.0,-3.0531133177191805e-15,True
heterogeneous-168,wider-double,125,5.999999999999981,0.5,0.574000000000002,-1.865174681370263e-14,0.0,1.9984014443252818e-15,True
heterogeneous-168,wider-double,126,8.000000000000014,0.4,-0.6939999999999967,1.4210854715202004e-14,0.0,3.219646771412954e-15,True
heterogeneous-168,wider-double,127,6.0000000000000675,0.5,0.09599999999999669,6.750155989720952e-14,0.0,-3.316791286067655e-15,True
heterogeneous-168,wider-double,128,15.999999999999996,0.5,-0.2850000000000005,-3.552713678800501e-15,0.0,-4.996003610813204e-16,True
heterogeneous-168,wider-double,129,7.000000000000021,0.45,-0.5920000000000044,2.1316282072803006e-14,0.0,-4.440892098500626e-15,True
heterogeneous-168,wider-double,130,6.000000000000029,0.5,0.26699999999999996,2.930988785010413e-14,0.0,-5.551115123125783e-17,True
heterogeneous-168,wider-double,131,6.000000000000042,0.5,0.5599999999999937,4.1744385725905886e-14,0.0,-6.328271240363392e-15,True
heterogeneous-168,wider-double,132,8.000000000000087,0.4,-0.6729999999999966,8.704148513061227e-14,0.0,3.4416913763379853e-15,True
heterogeneous-168,wider-double,133,6.000000000000002,0.5,-0.39199999999999924,1.7763568394002505e-15,0.0,7.771561172376096e-16,True
heterogeneous-168,wider-double,134,7.000000000000015,0.44999999999999996,-0.5879999999999991,1.509903313490213e-14,-5.551115123125783e-17,8.881784197001252e-16,True
heterogeneous-168,wider-double,135,6.000000000000017,0.5,0.21499999999999792,1.687538997430238e-14,0.0,-2.0816681711721685e-15,True
heterogeneous-168,wider-double,136,5.9999999999999645,0.5,0.560000000000005,-3.552713678800501e-14,0.0,4.9960036108132044e-15,True
heterogeneous-168,wider-double,137,8.000000000000014,0.4,-0.6609999999999984,1.4210854715202004e-14,0.0,1.6653345369377348e-15,True
heterogeneous-168,wider-double,138,5.999999999999989,0.5,-0.005000000000000782,-1.0658141036401503e-14,0.0,-7.814929259275516e-16,True
heterogeneous-168,wider-double,139,6.000000000000059,0.5,-0.36200000000000176,5.861977570020827e-14,0.0,-1.7763568394002505e-15,True
heterogeneous-168,wider-double,140,6.000000000000068,0.5,-0.3599999999999995,6.838973831690964e-14,0.0,4.996003610813204e-16,True
heterogeneous-168,wider-double,141,7.000000000000063,0.45,-0.5900000000000081,6.306066779870889e-14,0.0,-8.104628079763643e-15,True
heterogeneous-168,wider-double,142,5.999999999999961,0.5,0.2140000000000045,-3.907985046680551e-14,0.0,4.496403249731884e-15,True
heterogeneous-168,wider-double,143,5.999999999999994,0.5,0.5600000000000036,-6.217248937900877e-15,0.0,3.552713678800501e-15,True
heterogeneous-168,wider-double,144,8.0,0.4,-0.657000000000003,0.0,0.0,-2.9976021664879227e-15,True
heterogeneous-168,wider-double,145,6.0000000000000036,0.5,-0.03199999999999883,3.552713678800501e-15,0.0,1.1726730697603216e-15,True
heterogeneous-168,wider-double,146,6.000000000000053,0.5,-0.15400000000000094,5.3290705182007514e-14,0.0,-9.43689570931383e-16,True
heterogeneous-168,wider-double,147,6.00000000000004,0.5,-0.36000000000000537,3.9968028886505635e-14,0.0,-5.384581669432009e-15,True
heterogeneous-168,wider-double,148,6.000000000000007,0.5,-0.33200000000000024,7.105427357601002e-15,0.0,-2.220446049250313e-16,True
heterogeneous-168,wider-double,149,6.999999999999989,0.45,-0.5930000000000033,-1.0658141036401503e-14,0.0,-3.3306690738754696e-15,True
heterogeneous-168,wider-double,150,6.000000000000035,0.5,0.2420000000000074,3.4638958368304884e-14,0.0,7.41073868937292e-15,True
heterogeneous-168,wider-double,151,6.000000000000019,0.5,0.5570000000000029,1.865174681370263e-14,0.0,2.886579864025407e-15,True
heterogeneous-168,wider-double,152,8.000000000000107,0.4,-0.6630000000000034,1.0658141036401503e-13,0.0,-3.3306690738754696e-15,True
heterogeneous-168,wider-double,153,6.000000000000046,0.5,-0.2350000000000018,4.618527782440651e-14,0.0,-1.8041124150158794e-15,True
heterogeneous-168,wider-double,154,6.000000000000015,0.5,0.04899999999999499,1.509903313490213e-14,0.0,-5.009881398621019e-15,True
heterogeneous-168,wider-double,155,6.0000000000000036,0.5,-0.3589999999999986,3.552713678800501e-15,0.0,1.3877787807814457e-15,True
heterogeneous-168,wider-double,156,6.000000000000004,0.5,-0.36099999999999854,4.440892098500626e-15,0.0,1.4432899320127035e-15,True
heterogeneous-168,wider-double,157,7.0000000000001075,0.45,-0.5660000000000079,1.0746958878371515e-13,0.0,-7.993605777301127e-15,True
heterogeneous-168,wider-double,158,6.0000000000000115,0.5,0.10800000000000214,1.1546319456101628e-14,0.0,2.1371793224034263e-15,True
heterogeneous-168,wider-double,159,6.00000000000001,0.5,0.581000000000001,9.769962616701378e-15,0.0,9.992007221626409e-16,True
heterogeneous-168,wider-double,160,8.00000000000006,0.4,-0.668000000000008,6.039613253960852e-14,0.0,-7.993605777301127e-15,True
heterogeneous-168,wider-double,161,7.000000000000004,0.45,-0.310000000000001,4.440892098500626e-15,0.0,-9.992007221626409e-16,True
heterogeneous-168,wider-double,162,6.000000000000082,0.5,0.1699999999999994,8.171241461241152e-14,0.0,-6.106226635438361e-16,True
heterogeneous-168,wider-double,163,6.000000000000091,0.5,0.5670000000000004,9.059419880941277e-14,0.0,4.440892098500626e-16,True
heterogeneous-168,wider-double,164,8.000000000000124,0.4,-0.6700000000000066,1.2434497875801753e-13,0.0,-6.5503158452884236e-15,True
heterogeneous-168,wider-double,165,6.000000000000076,0.5,-0.19600000000000273,7.638334409421077e-14,0.0,-2.7200464103316335e-15,True
heterogeneous-168,wider-double,166,6.000000000000002,0.5,-0.16500000000000073,1.7763568394002505e-15,0.0,-7.216449660063518e-16,True
heterogeneous-168,wider-double,167,6.000000000000001,0.5,0.021000000000000487,8.881784197001252e-16,0.0,4.85722573273506e-16,True
heterogeneous-168,wider-double,168,8.000000000000073,0.4,6.506448514360896e-16,7.283063041541027e-14,0.0,6.506448514360896e-16,True
heterogeneous-168,mixed-double,1,6.999999999999999,0.45,-0.5920000000000004,-8.881784197001252e-16,0.0,-4.440892098500626e-16,True
heterogeneous-168,mixed-double,2,6.000000000000001,0.49999999999999994,0.24399999999999974,8.881784197001252e-16,-5.551115123125783e-17,-2.498001805406602e-16,True
heterogeneous-168,mixed-double,3,6.0,0.5,0.5589999999999999,0.0,0.0,-1.1102230246251565e-16,True
heterogeneous-168,mixed-double,4,7.9999999999999964,0.4,-0.665,-3.552713678800501e-15,0.0,0.0,True
heterogeneous-168,mixed-double,5,5.99999999999999,0.5,-0.27399999999999963,-9.769962616701378e-15,0.0,3.885780586188048e-16,True
heterogeneous-168,mixed-double,6,5.999999999999995,0.5,0.07300000000000051,-5.329070518200751e-15,0.0,5.134781488891349e-16,True
heterogeneous-168,mixed-double,7,15.99999999999999,0.49999999999999994,-0.141,-1.0658141036401503e-14,-5.551115123125783e-17,0.0,True
heterogeneous-168,mixed-double,8,6.000000000000009,0.5,-0.07000000000000008,8.881784197001252e-15,0.0,-6.938893903907228e-17,True
heterogeneous-168,mixed-double,9,7.000000000000006,0.45000000000000007,-0.5889999999999982,6.217248937900877e-15,5.551115123125783e-17,1.7763568394002505e-15,True
heterogeneous-168,mixed-double,10,5.999999999999998,0.5,0.23499999999999757,-1.7763568394002505e-15,0.0,-2.4147350785597155e-15,True
heterogeneous-168,mixed-double,11,6.000000000000014,0.5,0.5590000000000006,1.4210854715202004e-14,0.0,5.551115123125783e-16,True
heterogeneous-168,mixed-double,12,8.0,0.4000000000000001,-0.6559999999999987,0.0,5.551115123125783e-17,1.3322676295501878e-15,True
heterogeneous-168,mixed-double,13,6.000000000000015,0.5,-0.1559999999999999,1.509903313490213e-14,0.0,1.1102230246251565e-16,True
heterogeneous-168,mixed-double,14,5.99999999999998,0.5,0.007000000000000842,-2.042810365310288e-14,0.0,8.422082475867398e-16,True
heterogeneous-168,mixed-double,15,6.000000000000015,0.5,-0.2040000000000005,1.509903313490213e-14,0.0,-4.996003610813204e-16,True
heterogeneous-168,mixed-double,16,5.999999999999996,0.5,-0.2049999999999996,-4.440892098500626e-15,0.0,3.885780586188048e-16,True
heterogeneous-168,mixed-double,17,5.999999999999986,0.5,-0.17700000000000016,-1.4210854715202004e-14,0.0,-1.6653345369377348e-16,True
heterogeneous-168,mixed-double,18,5.999999999999989,0.5,-0.17900000000000027,-1.0658141036401503e-14,0.0,-2.7755575615628914e-16,True
heterogeneous-168,mixed-double,19,6.000000000000014,0.5,-0.1820000000000004,1.4210854715202004e-14,0.0,-4.163336342344337e-16,True
heterogeneous-168,mixed-double,20,7.000000000000023,0.45000000000000007,-0.590000000000001,2.3092638912203256e-14,5.551115123125783e-17,-9.992007221626409e-16,True
heterogeneous-168,mixed-double,21,6.000000000000016,0.49999999999999994,0.23999999999999866,1.5987211554602254e-14,-5.551115123125783e-17,-1.3322676295501878e-15,True
heterogeneous-168,mixed-double,22,6.0000000000000036,0.5,0.5580000000000024,3.552713678800501e-15,0.0,2.3314683517128287e-15,True
heterogeneous-168,mixed-double,23,8.000000000000014,0.4,-0.6580000000000006,1.4210854715202004e-14,0.0,-5.551115123125783e-16,True
heterogeneous-168,mixed-double,24,6.000000000000008,0.5,-0.21500000000000022,7.993605777301127e-15,0.0,-2.220446049250313e-16,True
heterogeneous-168,mixed-double,25,5.999999999999991,0.5,-0.1899999999999994,-8.881784197001252e-15,0.0,6.106226635438361e-16,True
heterogeneous-168,mixed-double,26,6.0,0.5,0.1160000000000006,0.0,0.0,5.967448757360216e-16,True
heterogeneous-168,mixed-double,27,7.000000000000005,0.45000000000000007,-0.6040000000000023,5.329070518200751e-15,5.551115123125783e-17,-2.3314683517128287e-15,True
heterogeneous-168,mixed-double,28,5.999999999999983,0.49999999999999994,0.901000000000005,-1.687538997430238e-14,-5.551115123125783e-17,4.9960036108132044e-15,True
heterogeneous-168,mixed-double,29,6.999999999999992,0.45,-0.9079999999999998,-7.993605777301127e-15,0.0,2.220446049250313e-16,True
heterogeneous-168,mixed-double,30,7.000000000000014,0.45000000000000007,-0.9059999999999993,1.4210854715202004e-14,5.551115123125783e-17,7.771561172376096e-16,True
heterogeneous-168,mixed-double,31,7.000000000000016,0.45,-0.5840000000000045,1.5987211554602254e-14,0.0,-4.551914400963142e-15,True
heterogeneous-168,mixed-double,32,6.000000000000006,0.5,0.23500000000000357,6.217248937900877e-15,0.0,3.58046925441613e-15,True
heterogeneous-168,mixed-double,33,6.000000000000014,0.5,0.5629999999999961,1.4210854715202004e-14,0.0,-3.885780586188048e-15,True
heterogeneous-168,mixed-double,34,7.999999999999986,0.4,-0.662999999999996,-1.4210854715202004e-14,0.0,3.9968028886505635e-15,True
heterogeneous-168,mixed-double,35,6.0000000000000195,0.5,-0.15300000000000072,1.9539925233402755e-14,0.0,-7.216449660063518e-16,True
heterogeneous-168,mixed-double,36,6.00000000000002,0.5,0.021999999999997896,2.042810365310288e-14,0.0,-2.1024848528838902e-15,True
heterogeneous-168,mixed-double,37,7.000000000000013,0.44999999999999996,-0.2959999999999996,1.3322676295501878e-14,-5.551115123125783e-17,3.885780586188048e-16,True
heterogeneous-168,mixed-double,38,6.0,0.5,-0.18199999999999977,0.0,0.0,2.220446049250313e-16,True
heterogeneous-168,mixed-double,39,6.000000000000004,0.5,-0.011999999999999934,4.440892098500626e-15,0.0,6.591949208711867e-17,True
heterogeneous-168,mixed-double,40,7.000000000000014,0.45,-0.225,1.4210854715202004e-14,0.0,0.0,True
heterogeneous-168,mixed-double,41,7.000000000000002,0.45000000000000007,-0.568,1.7763568394002505e-15,5.551115123125783e-17,0.0,True
heterogeneous-168,mixed-double,42,5.999999999999989,0.5,0.2459999999999985,-1.0658141036401503e-14,0.0,-1.4988010832439613e-15,True
heterogeneous-168,mixed-double,43,6.000000000000014,0.5,0.5700000000000016,1.4210854715202004e-14,0.0,1.6653345369377348e-15,True
heterogeneous-168,mixed-double,44,8.000000000000005,0.4,-0.6730000000000002,5.329070518200751e-15,0.0,-1.1102230246251565e-16,True
heterogeneous-168,mixed-double,45,5.999999999999993,0.5,-0.2760000000000019,-7.105427357601002e-15,0.0,-1.887379141862766e-15,True
heterogeneous-168,mixed-double,46,5.999999999999984,0.49999999999999994,0.7040000000000041,-1.5987211554602254e-14,-5.551115123125783e-17,4.107825191113079e-15,True
heterogeneous-168,mixed-double,47,7.999999999999994,0.4,-0.7709999999999989,-6.217248937900877e-15,0.0,1.1102230246251565e-15,True
heterogeneous-168,mixed-double,48,8.000000000000004,0.4,-0.7610000000000018,3.552713678800501e-15,0.0,-1.7763568394002505e-15,True
heterogeneous-168,mixed-double,49,7.000000000000019,0.45,-0.575,1.865174681370263e-14,0.0,0.0,True
heterogeneous-168,mixed-double,50,6.0000000000000036,0.5,0.23399999999999818,3.552713678800501e-15,0.0,-1.8318679906315083e-15,True
heterogeneous-168,mixed-double,51,6.00000000000001,0.5,0.5680000000000048,9.769962616701378e-15,0.0,4.884981308350689e-15,True
heterogeneous-168,mixed-double,52,7.999999999999993,0.4,-0.6810000000000008,-7.105427357601002e-15,0.0,-7.771561172376096e-16,True
heterogeneous-168,mixed-double,53,6.000000000000033,0.5,-0.20700000000000035,3.2862601528904634e-14,0.0,-3.608224830031759e-16,True
heterogeneous-168,mixed-double,54,5.9999999999999964,0.5,-0.22300000000000056,-3.552713678800501e-15,0.0,-5.551115123125783e-16,True
heterogeneous-168,mixed-double,55,5.999999999999987,0.49999999999999994,0.6930000000000017,-1.3322676295501878e-14,-5.551115123125783e-17,1.7763568394002505e-15,True
heterogeneous-168,mixed-double,56,8.000000000000066,0.4000000000000001,-0.7720000000000018,6.572520305780927e-14,5.551115123125783e-17,-1.7763568394002505e-15,True
heterogeneous-168,mixed-double,57,8.000000000000016,0.4000000000000001,-0.7640000000000013,1.5987211554602254e-14,5.551115123125783e-17,-1.3322676295501878e-15,True
heterogeneous-168,mixed-double,58,7.000000000000011,0.45,-0.5850000000000027,1.0658141036401503e-14,0.0,-2.7755575615628914e-15,True
heterogeneous-168,mixed-double,59,6.0000000000000036,0.49999999999999994,0.23800000000000332,3.552713678800501e-15,-5.551115123125783e-17,3.3306690738754696e-15,True
heterogeneous-168,mixed-double,60,5.999999999999998,0.5,0.5609999999999976,-1.7763568394002505e-15,0.0,-2.4424906541753444e-15,True
heterogeneous-168,mixed-double,61,7.999999999999999,0.4,-0.651999999999999,-8.881784197001252e-16,0.0,9.992007221626409e-16,True
heterogeneous-168,mixed-double,62,6.000000000000002,0.5,-0.21400000000000036,1.7763568394002505e-15,0.0,-3.608224830031759e-16,True
heterogeneous-168,mixed-double,63,5.999999999999992,0.5,-0.16400000000000178,-7.993605777301127e-15,0.0,-1.7763568394002505e-15,True
heterogeneous-168,mixed-double,64,6.000000000000006,0.49999999999999994,-0.1909999999999988,6.217248937900877e-15,-5.551115123125783e-17,1.1934897514720433e-15,True
heterogeneous-168,mixed-double,65,5.999999999999996,0.5,0.03699999999999978,-4.440892098500626e-15,0.0,-2.1510571102112408e-16,True
heterogeneous-168,mixed-double,66,6.999999999999994,0.45,-0.3980000000000003,-6.217248937900877e-15,0.0,-2.7755575615628914e-16,True
heterogeneous-168,mixed-double,67,7.000000000000001,0.45,-0.5790000000000033,8.881784197001252e-16,0.0,-3.3306690738754696e-15,True
heterogeneous-168,mixed-double,68,5.999999999999997,0.5,0.19299999999999803,-2.6645352591003757e-15,0.0,-1.970645868709653e-15,True
heterogeneous-168,mixed-double,69,5.999999999999982,0.49999999999999994,0.5670000000000024,-1.7763568394002505e-14,-5.551115123125783e-17,2.4424906541753444e-15,True
heterogeneous-168,mixed-double,70,8.00000000000003,0.4,-0.6710000000000023,3.019806626980426e-14,0.0,-2.220446049250313e-15,True
heterogeneous-168,mixed-double,71,6.000000000000023,0.5,0.07899999999999945,2.3092638912203256e-14,0.0,-5.551115123125783e-16,True
heterogeneous-168,mixed-double,72,8.0,0.4,-0.48899999999999955,0.0,0.0,4.440892098500626e-16,True
heterogeneous-168,mixed-double,73,7.000000000000018,0.45,-0.5729999999999963,1.7763568394002505e-14,0.0,3.6637359812630166e-15,True
heterogeneous-168,mixed-double,74,5.9999999999999645,0.5,0.16899999999999796,-3.552713678800501e-14,0.0,-2.0539125955565396e-15,True
heterogeneous-168,mixed-double,75,6.000000000000003,0.5,0.5650000000000036,2.6645352591003757e-15,0.0,3.6637359812630166e-15,True
heterogeneous-168,mixed-double,76,8.000000000000023,0.4,-0.6590000000000058,2.3092638912203256e-14,0.0,-5.773159728050814e-15,True
heterogeneous-168,mixed-double,77,5.999999999999996,0.5,0.23200000000000218,-4.440892098500626e-15,0.0,2.1649348980190553e-15,True
heterogeneous-168,mixed-double,78,8.000000000000002,0.4,-0.49400000000000155,1.7763568394002505e-15,0.0,-1.5543122344752192e-15,True
heterogeneous-168,mixed-double,79,5.9999999999999805,0.5,-0.4130000000000002,-1.9539925233402755e-14,0.0,-2.220446049250313e-16,True
heterogeneous-168,mixed-double,80,7.000000000000013,0.45,-0.5860000000000024,1.3322676295501878e-14,0.0,-2.4424906541753444e-15,True
heterogeneous-168,mixed-double,81,6.000000000000012,0.49999999999999994,0.23500000000000354,1.2434497875801753e-14,-5.551115123125783e-17,3.552713678800501e-15,True
heterogeneous-168,mixed-double,82,5.999999999999997,0.5,0.5610000000000003,-2.6645352591003757e-15,0.0,2.220446049250313e-16,True
heterogeneous-168,mixed-double,83,8.000000000000028,0.4,-0.662000000000003,2.842170943040401e-14,0.0,-2.9976021664879227e-15,True
heterogeneous-168,mixed-double,84,5.999999999999993,0.5,-0.1480000000000016,-7.105427357601002e-15,0.0,-1.609823385706477e-15,True
heterogeneous-168,mixed-double,85,6.000000000000005,0.5,-0.04400000000000091,5.329070518200751e-15,0.0,-9.159339953157541e-16,True
heterogeneous-168,mixed-double,86,6.00000000000001,0.5,-0.18199999999999858,9.769962616701378e-15,0.0,1.4155343563970746e-15,True
heterogeneous-168,mixed-double,87,6.0,0.5,-0.18199999999999714,0.0,0.0,2.858824288409778e-15,True
heterogeneous-168,mixed-double,88,5.999999999999989,0.49999999999999994,-0.3340000000000014,-1.0658141036401503e-14,-5.551115123125783e-17,-1.3877787807814457e-15,True
heterogeneous-168,mixed-double,89,6.0,0.5,-0.345000000000002,0.0,0.0,-2.0539125955565396e-15,True
heterogeneous-168,mixed-double,90,6.000000000000003,0.5,0.40300000000000274,2.6645352591003757e-15,0.0,2.7200464103316335e-15,True
heterogeneous-168,mixed-double,91,8.000000000000007,0.4,-0.5680000000000017,7.105427357601002e-15,0.0,-1.7763568394002505e-15,True
heterogeneous-168,mixed-double,92,6.999999999999999,0.45,-0.5890000000000012,-8.881784197001252e-16,0.0,-1.2212453270876722e-15,True
heterogeneous-168,mixed-double,93,6.000000000000034,0.49999999999999994,0.23300000000000093,3.375077994860476e-14,-5.551115123125783e-17,9.159339953157541e-16,True
heterogeneous-168,mixed-double,94,5.999999999999996,0.5,0.5649999999999995,-4.440892098500626e-15,0.0,-4.440892098500626e-16,True
heterogeneous-168,mixed-double,95,7.999999999999995,0.4000000000000001,-0.6690000000000004,-5.329070518200751e-15,5.551115123125783e-17,-3.3306690738754696e-16,True
heterogeneous-168,mixed-double,96,5.999999999999999,0.5,-0.1329999999999998,-8.881784197001252e-16,0.0,1.942890293094024e-16,True
heterogeneous-168,mixed-double,97,5.999999999999983,0.49999999999999994,-0.17500000000000013,-1.687538997430238e-14,-5.551115123125783e-17,-1.3877787807814457e-16,True
heterogeneous-168,mixed-double,98,5.9999999999999964,0.5,-0.08299999999999898,-3.552713678800501e-15,0.0,1.0269562977782698e-15,True
heterogeneous-168,mixed-double,99,5.999999999999972,0.5,0.013000000000000452,-2.842170943040401e-14,0.0,4.527628272299467e-16,True
heterogeneous-168,mixed-double,100,7.0,0.45000000000000007,-0.31000000000000144,0.0,5.551115123125783e-17,-1.4432899320127035e-15,True
heterogeneous-168,mixed-double,101,5.999999999999991,0.5,0.19500000000000242,-8.881784197001252e-15,0.0,2.4147350785597155e-15,True
heterogeneous-168,mixed-double,102,5.999999999999988,0.49999999999999994,-0.2300000000000006,-1.2434497875801753e-14,-5.551115123125783e-17,-5.828670879282072e-16,True
heterogeneous-168,mixed-double,103,5.999999999999985,0.5,-0.26800000000000096,-1.509903313490213e-14,0.0,-9.43689570931383e-16,True
heterogeneous-168,mixed-double,104,5.999999999999996,0.5,-0.2129999999999987,-4.440892098500626e-15,0.0,1.304512053934559e-15,True
heterogeneous-168,mixed-double,105,6.000000000000004,0.5,-0.18999999999999959,4.440892098500626e-15,0.0,4.163336342344337e-16,True
heterogeneous-168,mixed-double,106,7.000000000000023,0.45000000000000007,-0.5850000000000001,2.3092638912203256e-14,5.551115123125783e-17,-1.1102230246251565e-16,True
heterogeneous-168,mixed-double,107,5.9999999999999805,0.5,0.24400000000000097,-1.9539925233402755e-14,0.0,9.71445146547012e-16,True
heterogeneous-168,mixed-double,108,5.999999999999989,0.5,0.5609999999999999,-1.0658141036401503e-14,0.0,-1.1102230246251565e-16,True
heterogeneous-168,mixed-double,109,8.000000000000048,0.4000000000000001,-0.6640000000000003,4.796163466380676e-14,5.551115123125783e-17,-2.220446049250313e-16,True
heterogeneous-168,mixed-double,110,6.000000000000018,0.5,-0.23800000000000027,1.7763568394002505e-14,0.0,-2.7755575615628914e-16,True
heterogeneous-168,mixed-double,111,5.999999999999998,0.5,0.6730000000000017,-1.7763568394002505e-15,0.0,1.6653345369377348e-15,True
heterogeneous-168,mixed-double,112,8.000000000000032,0.4,-0.6590000000000016,3.197442310920451e-14,0.0,-1.5543122344752192e-15,True
heterogeneous-168,mixed-double,113,7.000000000000001,0.45000000000000007,-0.8719999999999986,8.881784197001252e-16,5.551115123125783e-17,1.4432899320127035e-15,True
heterogeneous-168,mixed-double,114,7.000000000000002,0.45,-0.5839999999999945,1.7763568394002505e-15,0.0,5.440092820663267e-15,True
heterogeneous-168,mixed-double,115,5.999999999999988,0.5,0.23399999999999296,-1.2434497875801753e-14,0.0,-7.049916206369744e-15,True
heterogeneous-168,mixed-double,116,5.99999999999999,0.5,0.5620000000000007,-9.769962616701378e-15,0.0,6.661338147750939e-16,True
heterogeneous-168,mixed-double,117,7.999999999999951,0.4,-0.6659999999999938,-4.884981308350689e-14,0.0,6.217248937900877e-15,True
heterogeneous-168,mixed-double,118,6.000000000000019,0.5,-0.21199999999999927,1.865174681370263e-14,0.0,7.216449660063518e-16,True
heterogeneous-168,mixed-double,119,6.0000000000000115,0.49999999999999994,-0.19099999999999903,1.1546319456101628e-14,-5.551115123125783e-17,9.71445146547012e-16,True
heterogeneous-168,mixed-double,120,5.999999999999996,0.5,0.6669999999999985,-4.440892098500626e-15,0.0,-1.5543122344752192e-15,True
heterogeneous-168,mixed-double,121,8.000000000000028,0.4,-0.6530000000000055,2.842170943040401e-14,0.0,-5.440092820663267e-15,True
heterogeneous-168,mixed-double,122,7.000000000000031,0.45000000000000007,-0.8770000000000009,3.108624468950438e-14,5.551115123125783e-17,-8.881784197001252e-16,True
heterogeneous-168,mixed-double,123,7.000000000000018,0.45,-0.5579999999999976,1.7763568394002505e-14,0.0,2.4424906541753444e-15,True
heterogeneous-168,mixed-double,124,5.999999999999997,0.5,0.18599999999999525,-2.6645352591003757e-15,0.0,-4.746203430272544e-15,True
heterogeneous-168,mixed-double,125,6.000000000000061,0.5,0.5739999999999988,6.128431095930864e-14,0.0,-1.1102230246251565e-15,True
heterogeneous-168,mixed-double,126,8.000000000000016,0.4000000000000001,-0.6940000000000013,1.5987211554602254e-14,5.551115123125783e-17,-1.3322676295501878e-15,True
heterogeneous-168,mixed-double,127,6.000000000000037,0.5,0.09600000000000052,3.730349362740526e-14,0.0,5.134781488891349e-16,True
heterogeneous-168,mixed-double,128,16.000000000000185,0.5,-0.2850000000000016,1.8474111129762605e-13,0.0,-1.609823385706477e-15,True
heterogeneous-168,mixed-double,129,7.0000000000000115,0.45,-0.5920000000000014,1.1546319456101628e-14,0.0,-1.4432899320127035e-15,True
heterogeneous-168,mixed-double,130,5.9999999999999805,0.49999999999999994,0.2670000000000022,-1.9539925233402755e-14,-5.551115123125783e-17,2.1649348980190553e-15,True
heterogeneous-168,mixed-double,131,5.999999999999986,0.5,0.5600000000000002,-1.4210854715202004e-14,0.0,1.1102230246251565e-16,True
heterogeneous-168,mixed-double,132,8.000000000000032,0.4000000000000001,-0.6730000000000018,3.197442310920451e-14,5.551115123125783e-17,-1.7763568394002505e-15,True
heterogeneous-168,mixed-double,133,5.999999999999989,0.5,-0.392,-1.0658141036401503e-14,0.0,0.0,True
heterogeneous-168,mixed-double,134,7.000000000000021,0.45,-0.5879999999999993,2.1316282072803006e-14,0.0,6.661338147750939e-16,True
heterogeneous-168,mixed-double,135,6.000000000000042,0.5,0.21499999999999825,4.1744385725905886e-14,0.0,-1.7486012637846216e-15,True
heterogeneous-168,mixed-double,136,6.000000000000021,0.49999999999999994,0.559999999999997,2.1316282072803006e-14,-5.551115123125783e-17,-3.1086244689504383e-15,True
heterogeneous-168,mixed-double,137,7.999999999999983,0.4,-0.6609999999999963,-1.687538997430238e-14,0.0,3.774758283725532e-15,True
heterogeneous-168,mixed-double,138,6.000000000000021,0.5,-0.004999999999999931,2.1316282072803006e-14,0.0,6.938893903907228e-17,True
heterogeneous-168,mixed-double,139,6.000000000000015,0.5,-0.36200000000000127,1.509903313490213e-14,0.0,-1.27675647831893e-15,True
heterogeneous-168,mixed-double,140,6.000000000000027,0.5,-0.3600000000000016,2.6645352591003757e-14,0.0,-1.609823385706477e-15,True
heterogeneous-168,mixed-double,141,7.0000000000000435,0.45000000000000007,-0.5899999999999989,4.3520742565306136e-14,5.551115123125783e-17,1.1102230246251565e-15,True
heterogeneous-168,mixed-double,142,6.000000000000016,0.5,0.21399999999999642,1.5987211554602254e-14,0.0,-3.58046925441613e-15,True
heterogeneous-168,mixed-double,143,6.000000000000025,0.5,0.5600000000000105,2.4868995751603507e-14,0.0,1.0436096431476471e-14,True
heterogeneous-168,mixed-double,144,8.000000000000055,0.4,-0.6570000000000085,5.5067062021407764e-14,0.0,-8.43769498715119e-15,True
heterogeneous-168,mixed-double,145,6.000000000000116,0.5,-0.032000000000005614,1.163513729807164e-13,0.0,-5.613565168260948e-15,True
heterogeneous-168,mixed-double,146,6.0000000000000355,0.49999999999999994,-0.15400000000000139,3.552713678800501e-14,-5.551115123125783e-17,-1.3877787807814457e-15,True
heterogeneous-168,mixed-double,147,6.000000000000069,0.5,-0.3599999999999994,6.927791673660977e-14,0.0,6.106226635438361e-16,True
heterogeneous-168,mixed-double,148,6.000000000000067,0.49999999999999994,-0.331999999999999,6.661338147750939e-14,-5.551115123125783e-17,9.992007221626409e-16,True
heterogeneous-168,mixed-double,149,7.000000000000018,0.45,-0.5930000000000117,1.7763568394002505e-14,0.0,-1.176836406102666e-14,True
heterogeneous-168,mixed-double,150,5.999999999999997,0.5,0.2420000000000005,-2.6645352591003757e-15,0.0,4.996003610813204e-16,True
heterogeneous-168,mixed-double,151,6.000000000000033,0.5,0.5570000000000048,3.2862601528904634e-14,0.0,4.773959005888173e-15,True
heterogeneous-168,mixed-double,152,8.000000000000085,0.4,-0.6630000000000063,8.526512829121202e-14,0.0,-6.217248937900877e-15,True
heterogeneous-168,mixed-double,153,5.999999999999997,0.5,-0.2349999999999967,-2.6645352591003757e-15,0.0,3.2751579226442118e-15,True
heterogeneous-168,mixed-double,154,5.999999999999998,0.5,0.048999999999999724,-1.7763568394002505e-15,0.0,-2.7755575615628914e-16,True
heterogeneous-168,mixed-double,155,5.999999999999994,0.5,-0.3590000000000001,-6.217248937900877e-15,0.0,-1.1102230246251565e-16,True
heterogeneous-168,mixed-double,156,6.000000000000006,0.5,-0.36100000000000065,6.217248937900877e-15,0.0,-6.661338147750939e-16,True
heterogeneous-168,mixed-double,157,7.00000000000001,0.45000000000000007,-0.5660000000000032,9.769962616701378e-15,5.551115123125783e-17,-3.219646771412954e-15,True
heterogeneous-168,mixed-double,158,6.000000000000015,0.5,0.10799999999999547,1.509903313490213e-14,0.0,-4.524158825347513e-15,True
heterogeneous-168,mixed-double,159,6.000000000000032,0.5,0.5810000000000063,3.197442310920451e-14,0.0,6.328271240363392e-15,True
heterogeneous-168,mixed-double,160,8.00000000000006,0.4,-0.6680000000000055,6.039613253960852e-14,0.0,-5.440092820663267e-15,True
heterogeneous-168,mixed-double,161,7.000000000000053,0.45,-0.31000000000000305,5.3290705182007514e-14,0.0,-3.0531133177191805e-15,True
heterogeneous-168,mixed-double,162,6.0000000000000275,0.49999999999999994,0.16999999999999968,2.7533531010703882e-14,-5.551115123125783e-17,-3.3306690738754696e-16,True
heterogeneous-168,mixed-double,163,6.000000000000034,0.5,0.5669999999999948,3.375077994860476e-14,0.0,-5.10702591327572e-15,True
heterogeneous-168,mixed-double,164,8.000000000000066,0.40000000000000013,-0.6699999999999986,6.572520305780927e-14,1.1102230246251565e-16,1.4432899320127035e-15,True
heterogeneous-168,mixed-double,165,6.000000000000029,0.5,-0.19599999999999893,2.930988785010413e-14,0.0,1.0824674490095276e-15,True
heterogeneous-168,mixed-double,166,6.000000000000017,0.49999999999999994,-0.16500000000000115,1.687538997430238e-14,-5.551115123125783e-17,-1.1379786002407855e-15,True
heterogeneous-168,mixed-double,167,6.0,0.5,0.02100000000000044,0.0,0.0,4.371503159461554e-16,True
heterogeneous-168,mixed-double,168,8.000000000000098,0.4,5.4945718710257217e-17,9.769962616701378e-14,0.0,5.4945718710257217e-17,True
heterogeneous-168,first-stage-float32,1,7.000000016745774,0.4500000007174944,-0.592000000465794,1.674577365662344e-08,7.174943972287906e-10,-4.657940699814844e-10,True
heterogeneous-168,first-stage-float32,2,5.999999989151704,0.499999999066443,0.2439999990291895,-1.0848295595167201e-08,-9.335570094748391e-10,-9.70810487554985e-10,True
heterogeneous-168,first-stage-float32,3,6.000000013405627,0.5000000003898961,0.5590000024609487,1.3405626830831352e-08,3.898961153936398e-10,2.46094866707125e-09,True
heterogeneous-168,first-stage-float32,4,7.999999947610402,0.3999999984498732,-0.6650000002481242,-5.2389598437230234e-08,-1.5501268046946848e-09,-2.481241878626861e-10,True
heterogeneous-168,first-stage-float32,5,5.999999999308537,0.4999999996284245,-0.2739999989376285,-6.914628869481021e-10,-3.715754925970316e-10,1.0623715240853926e-09,True
heterogeneous-168,first-stage-float32,6,5.99999999735499,0.500000000908231,0.07299999977604472,-2.645010432900108e-09,9.082310459262999e-10,-2.2395527099483559e-10,True
heterogeneous-168,first-stage-float32,7,15.999999997992433,0.4999999999555648,-0.14100000024947737,-2.007567445616587e-09,-4.4435177759538647e-11,-2.4947738319625046e-10,True
heterogeneous-168,first-stage-float32,8,6.000000011074168,0.5000000014168081,-0.07000000075922848,1.107416824908114e-08,1.416808115273227e-09,-7.592284717583553e-10,True
heterogeneous-168,first-stage-float32,9,6.999999991732021,0.45000000116600447,-0.5890000006407228,-8.26797919017963e-09,1.1660044596517594e-09,-6.407228081428684e-10,True
heterogeneous-168,first-stage-float32,10,5.999999975261407,0.5000000012090202,0.23499999900761245,-2.4738593396023134e-08,1.2090202172743147e-09,-9.923875332606968e-10,True
heterogeneous-168,first-stage-float32,11,6.000000031044022,0.5000000010675566,0.5590000002336447,3.104402157561026e-08,1.0675565986772995e-09,2.336446591755248e-10,True
heterogeneous-168,first-stage-float32,12,7.999999968707863,0.3999999980492208,-0.6559999993518557,-3.129213688168875e-08,-1.950779204840103e-09,6.481443159955802e-10,True
heterogeneous-168,first-stage-float32,13,6.000000002058707,0.5000000008212832,-0.15599999943465404,2.058706982666081e-09,8.212831525966635e-10,5.653459644872072e-10,True
heterogeneous-168,first-stage-float32,14,5.999999980120251,0.4999999993787556,0.006999998569554114,-1.987974940220738e-08,-6.212443892650299e-10,-1.4304458858735436e-09,True
heterogeneous-168,first-stage-float32,15,6.000000011296943,0.4999999999930405,-0.20399999791229412,1.1296942936667165e-08,-6.959488541014025e-12,2.087705869291412e-09,True
heterogeneous-168,first-stage-float32,16,6.000000037119126,0.500000001693179,-0.204999999889142,3.711912643922233e-08,1.6931790414176362e-09,1.1085798945487113e-10,True
heterogeneous-168,first-stage-float32,17,5.999999990412297,0.49999999796564915,-0.17700000076794548,-9.587703075908394e-09,-2.034350854440703e-09,-7.679454849807144e-10,True
heterogeneous-168,first-stage-float32,18,6.000000005502861,0.5000000014671674,-0.17900000153302154,5.502861277761895e-09,1.4671673875810143e-09,-1.5330215430431338e-09,True
heterogeneous-168,first-stage-float32,19,6.000000010851598,0.500000000636043,-0.1819999992637523,1.0851597842531646e-08,6.360429960494685e-10,7.362477016936708e-10,True
heterogeneous-168,first-stage-float32,20,7.0000000327608465,0.45000000228018194,-0.5900000027363498,3.276084648007327e-08,2.280181932157177e-09,-2.736349813403649e-09,True
heterogeneous-168,first-stage-float32,21,6.000000028359613,0.5000000017040538,0.23999999998512736,2.8359613324369093e-08,1.704053786966142e-09,-1.4872630904605444e-11,True
heterogeneous-168,first-stage-float32,22,6.000000003459889,0.4999999994624102,0.5579999985795292,3.459889263979221e-09,-5.375898060044904e-10,-1.4204708520537679e-09,True
heterogeneous-168,first-stage-float32,23,8.000000008293023,0.40000000030991434,-0.6579999987674616,8.293023157079915e-09,3.0991431643201395e-10,1.2325384046718568e-09,True
heterogeneous-168,first-stage-float32,24,6.00000000810701,0.49999999964726155,-0.21500000067117228,8.107010174285278e-09,-3.5273844956051903e-10,-6.71172284416599e-10,True
heterogeneous-168,first-stage-float32,25,6.000000018050863,0.5000000006250536,-0.19000000025861433,1.8050863026530806e-08,6.250535644625188e-10,-2.586143243998862e-10,True
heterogeneous-168,first-stage-float32,26,6.000000011366311,0.5000000005949112,0.11600000020013704,1.1366310559424164e-08,5.949112313885507e-10,2.0013703194710075e-10,True
heterogeneous-168,first-stage-float32,27,7.000000003199008,0.45000000101284726,-0.6040000011844147,3.199008169474382e-09,1.012847250514426e-09,-1.1844146774464548e-09,True
heterogeneous-168,first-stage-float32,28,6.0000000582068385,0.5000000023612644,0.900999998670432,5.8206838460250765e-08,2.3612644062254162e-09,-1.3295680112435093e-09,True
heterogeneous-168,first-stage-float32,29,7.000000015417976,0.4500000002626883,-0.9080000005206521,1.5417976229059605e-08,2.626883155443238e-10,-5.206520770073553e-10,True
heterogeneous-168,first-stage-float32,30,6.999999986078167,0.4500000011243884,-0.9060000007328962,-1.3921832575647386e-08,1.1243884157075001e-09,-7.32896188182508e-10,True
heterogeneous-168,first-stage-float32,31,6.99999999227898,0.44999999912152006,-0.5839999973499572,-7.72102026758148e-09,-8.784799554462097e-10,2.6500427408038263e-09,True
heterogeneous-168,first-stage-float32,32,5.9999999876280325,0.49999999905699927,0.2349999973758952,-1.2371967450519605e-08,-9.430007330557544e-10,-2.624104794568538e-09,True
heterogeneous-168,first-stage-float32,33,6.000000030548099,0.5000000013774966,0.5630000008578444,3.0548099161364917e-08,1.3774965612611823e-09,8.578444621321069e-10,True
heterogeneous-168,first-stage-float32,34,8.000000011501243,0.4000000012888144,-0.6630000014903492,1.1501242624945007e-08,1.288814388544779e-09,-1.490349177402095e-09,True
heterogeneous-168,first-stage-float32,35,5.999999998395885,0.49999999930091693,-0.15299999981424187,-1.6041150630030643e-09,-6.990830692110706e-10,1.8575813109933392e-10,True
heterogeneous-168,first-stage-float32,36,5.999999993973097,0.499999999622145,0.022000001397888103,-6.026903420774943e-09,-3.7785502504661395e-10,1.3978881038823054e-09,True
heterogeneous-168,first-stage-float32,37,7.00000001516351,0.4499999992047765,-0.29599999958317946,1.516350955910184e-08,-7.952234981623008e-10,4.1682052254188307e-10,True
heterogeneous-168,first-stage-float32,38,6.000000022056991,0.5000000007760232,-0.18200000148264048,2.20569909004098e-08,7.760232456632821e-10,-1.4826404826084882e-09,True
heterogeneous-168,first-stage-float32,39,6.0000000002220615,0.4999999999440955,-0.012000000590186861,2.220614803150056e-10,-5.590450324888252e-11,-5.901868611879468e-10,True
heterogeneous-168,first-stage-float32,40,7.000000010413585,0.4500000014988294,-0.2250000006818327,1.0413584661250752e-08,1.4988293939310893e-09,-6.81832701410201e-10,True
heterogeneous-168,first-stage-float32,41,7.000000006355717,0.4499999990413203,-0.5680000008883402,6.355716841710546e-09,-9.586796911875695e-10,-8.883402902171156e-10,True
heterogeneous-168,first-stage-float32,42,6.000000029001479,0.4999999999768009,0.24599999964509633,2.900147944018272e-08,-2.319910930026481e-11,-3.5490366201429424e-10,True
heterogeneous-168,first-stage-float32,43,5.999999973364258,0.5000000004652528,0.5700000020496718,-2.6635741612324182e-08,4.6525283625697966e-10,2.049671876669379e-09,True
heterogeneous-168,first-stage-float32,44,8.000000005330461,0.4000000002275568,-0.6730000011675425,5.330461405606002e-09,2.2755675121999275e-10,-1.1675425071189238e-09,True
heterogeneous-168,first-stage-float32,45,5.999999939242692,0.49999999685629726,-0.27599999802465597,-6.075730762944431e-08,-3.1437027425695874e-09,1.9753440549941104e-09,True
heterogeneous-168,first-stage-float32,46,5.999999987278871,0.4999999982275733,0.7040000012532693,-1.2721129039050538e-08,-1.7724267054042286e-09,1.2532693771660774e-09,True
heterogeneous-168,first-stage-float32,47,7.999999985446978,0.39999999980440787,-0.7710000007257645,-1.4553021898677798e-08,-1.9559215358455617e-10,-7.257644485392234e-10,True
heterogeneous-168,first-stage-float32,48,8.000000005803733,0.39999999979494866,-0.7609999998047671,5.803732605613732e-09,-2.0505136477666497e-10,1.952329409249387e-10,True
heterogeneous-168,first-stage-float32,49,7.000000013245123,0.45000000070928814,-0.5750000004326459,1.3245123220428923e-08,7.092881282311225e-10,-4.326459190906462e-10,True
heterogeneous-168,first-stage-float32,50,6.000000002636556,0.5000000002435494,0.2339999983342094,2.6365558625229824e-09,2.4354940286741567e-10,-1.6657906165562508e-09,True
heterogeneous-168,first-stage-float32,51,6.000000018654604,0.4999999997122281,0.5680000020651546,1.8654604083678805e-08,-2.8777191740658736e-10,2.0651546028815915e-09,True
heterogeneous-168,first-stage-float32,52,8.000000052775308,0.40000000024900884,-0.6810000015416511,5.277530767955341e-08,2.490088135687074e-10,-1.541651029057789e-09,True
heterogeneous-168,first-stage-float32,53,6.000000021351478,0.5000000000693015,-0.20700000000824786,2.1351477919040462e-08,6.930145346473182e-11,-8.247874605515904e-12,True
heterogeneous-168,first-stage-float32,54,5.999999976749823,0.4999999995333636,-0.22299999906469964,-2.3250176894862307e-08,-4.666363961902675e-10,9.353003649348324e-10,True
heterogeneous-168,first-stage-float32,55,6.000000047661402,0.5000000015509773,0.692999998498982,4.766140193623869e-08,1.5509773465538501e-09,-1.5010179765795328e-09,True
heterogeneous-168,first-stage-float32,56,8.000000000154301,0.40000000030369154,-0.7720000000327737,1.5430146049766336e-10,3.0369151637898995e-10,-3.277367266463216e-11,True
heterogeneous-168,first-stage-float32,57,7.999999989273937,0.3999999992594123,-0.7639999992522627,-1.072606270469123e-08,-7.405877022748086e-10,7.477373165087897e-10,True
heterogeneous-168,first-stage-float32,58,6.999999988475634,0.45000000112099636,-0.5850000013943304,-1.15243663501019e-08,1.120996351300363e-09,-1.3943304288943636e-09,True
heterogeneous-168,first-stage-float32,59,6.0000000200578345,0.5000000015988698,0.23799999877926814,2.0057834504427774e-08,1.5988698143232227e-09,-1.220731848938783e-09,True
heterogeneous-168,first-stage-float32,60,5.999999977871434,0.5000000012737,0.5609999979123097,-2.2128565646539755e-08,1.273700034332137e-09,-2.0876903539246427e-09,True
heterogeneous-168,first-stage-float32,61,7.999999980311122,0.39999999999578495,-0.6519999979282315,-1.9688878083456984e-08,-4.215072735291869e-12,2.071768534506191e-09,True
heterogeneous-168,first-stage-float32,62,6.000000022351754,0.5000000024398809,-0.21399999998929686,2.235175422526936e-08,2.439880852911358e-09,1.0703132824474437e-11,True
heterogeneous-168,first-stage-float32,63,5.999999990262549,0.5000000001517064,-0.16400000058291647,-9.737450845648254e-09,1.5170642519990452e-10,-5.829164650972274e-10,True
heterogeneous-168,first-stage-float32,64,6.000000007996178,0.4999999998742597,-0.19099999966166997,7.996177942004579e-09,-1.2574030705536643e-10,3.38330030658085e-10,True
heterogeneous-168,first-stage-float32,65,6.000000004885388,0.4999999999207164,0.037000000127251034,4.8853880940669114e-09,-7.928357970143907e-11,1.272510360972312e-10,True
heterogeneous-168,first-stage-float32,66,7.000000000926211,0.4499999992302789,-0.39799999968551825,9.262111078101043e-10,-7.697211201751486e-10,3.1448177395532184e-10,True
heterogeneous-168,first-stage-float32,67,7.000000031792548,0.4500000018174761,-0.5789999996996822,3.1792548149667255e-08,1.8174761140521412e-09,3.00317770651759e-10,True
heterogeneous-168,first-stage-float32,68,6.00000002562483,0.500000000864688,0.19299999878030688,2.5624830257697795e-08,8.646879878781988e-10,-1.2196931242769438e-09,True
heterogeneous-168,first-stage-float32,69,6.0000000401246485,0.5000000012912454,0.5669999966220853,4.0124648492678716e-08,1.2912454439018006e-09,-3.377914614688393e-09,True
heterogeneous-168,first-stage-float32,70,8.00000002653659,0.399999999693495,-0.670999998317016,2.653658981444096e-08,-3.06505043567995e-10,1.6829840854271083e-09,True
heterogeneous-168,first-stage-float32,71,6.00000002308446,0.5000000004782236,0.07899999997069218,2.3084459677136238e-08,4.782235718536754e-10,-2.930782005972077e-11,True
heterogeneous-168,first-stage-float32,72,8.000000012051892,0.3999999985395093,-0.4889999993723805,1.2051891928877012e-08,-1.4604907283555235e-09,6.276195119170325e-10,True
heterogeneous-168,first-stage-float32,73,7.0000000138938425,0.45000000093382864,-0.5729999988336043,1.3893842520928956e-08,9.338286255378137e-10,1.166395646734486e-09,True
heterogeneous-168,first-stage-float32,74,5.999999978183725,0.4999999992071038,0.1690000001350132,-2.1816275008745833e-08,-7.928961931469303e-10,1.350131950683675e-10,True
heterogeneous-168,first-stage-float32,75,6.000000000483255,0.5000000003163152,0.565000001925491,4.83255213623579e-10,3.163151962581878e-10,1.9254910998967034e-09,True
heterogeneous-168,first-stage-float32,76,7.999999971997847,0.39999999899607386,-0.6589999999605896,-2.8002152596684482e-08,-1.003926164422353e-09,3.941047488353888e-11,True
heterogeneous-168,first-stage-float32,77,5.999999974721433,0.499999997228932,0.23200000004452295,-2.5278566795350343e-08,-2.771067986184761e-09,4.4522940889635265e-11,True
heterogeneous-168,first-stage-float32,78,7.999999985883374,0.4000000000385564,-0.4939999995228216,-1.4116626090299178e-08,3.855638031069475e-11,4.771784078982932e-10,True
heterogeneous-168,first-stage-float32,79,6.000000005410591,0.4999999996819056,-0.4129999994699501,5.410591086274508e-09,-3.1809438416630087e-10,5.300498928662023e-10,True
heterogeneous-168,first-stage-float32,80,6.999999992300548,0.45000000078543395,-0.586000000924253,-7.699451742837482e-09,7.854339401092147e-10,-9.242530074615729e-10,True
heterogeneous-168,first-stage-float32,81,5.999999947233753,0.4999999998039258,0.23500000078514902,-5.2766247371494046e-08,-1.9607421242184842e-10,7.851490291255203e-10,True
heterogeneous-168,first-stage-float32,82,6.0000000529090425,0.5000000019098111,0.5609999992990903,5.2909042480564494e-08,1.909811087053015e-09,-7.009097746646376e-10,True
heterogeneous-168,first-stage-float32,83,8.000000000007184,0.40000000011342013,-0.6620000005537078,7.183587058534613e-12,1.1342010663994984e-10,-5.537077463202422e-10,True
heterogeneous-168,first-stage-float32,84,5.999999984781339,0.5000000005682727,-0.14799999938193853,-1.521866099807312e-08,5.682726511579972e-10,6.180614631201564e-10,True
heterogeneous-168,first-stage-float32,85,6.000000013342679,0.5000000002692109,-0.044000000054803035,1.3342678961691945e-08,2.692108758139966e-10,-5.4803037108364094e-11,True
heterogeneous-168,first-stage-float32,86,5.999999987252407,0.4999999999924604,-0.18200000054615198,-1.2747593203243923e-08,-7.53958007138067e-12,-5.461519847482776e-10,True
heterogeneous-168,first-stage-float32,87,5.99999998173927,0.5000000007301071,-0.18200000050653667,-1.826072981714333e-08,7.301070859000447e-10,-5.065366737166954e-10,True
heterogeneous-168,first-stage-float32,88,6.000000001657752,0.49999999931818867,-0.3339999988999137,1.6577521577687548e-09,-6.81811329616977e-10,1.1000862998322702e-09,True
heterogeneous-168,first-stage-float32,89,6.000000000839791,0.5000000018076979,-0.34499999968767914,8.397913475732821e-10,1.8076978802739063e-09,3.1232083586019144e-10,True
heterogeneous-168,first-stage-float32,90,5.999999996897965,0.5000000002405249,0.40299999892023247,-3.102035073254683e-09,2.405249333037318e-10,-1.079767553147093e-09,True
heterogeneous-168,first-stage-float32,91,8.000000015041408,0.4000000016041406,-0.5680000014790111,1.5041408119031985e-08,1.6041405981326307e-09,-1.479011135785413e-09,True
heterogeneous-168,first-stage-float32,92,6.999999967799969,0.44999999846964134,-0.5890000015407654,-3.2200031085949377e-08,-1.5303586731185703e-09,-1.5407654041510455e-09,True
heterogeneous-168,first-stage-float32,93,5.999999971083316,0.5000000008267808,0.23300000160066742,-2.891668415827553e-08,8.267807549700024e-10,1.600667404177969e-09,True
heterogeneous-168,first-stage-float32,94,5.9999999671753015,0.4999999994864245,0.5650000021868351,-3.282469851484393e-08,-5.135755154483945e-10,2.186835157402811e-09,True
heterogeneous-168,first-stage-float32,95,8.000000037459131,0.4000000002437205,-0.6690000016285196,3.745913090824615e-08,2.437204882355104e-10,-1.6285195414411646e-09,True
heterogeneous-168,first-stage-float32,96,5.999999998915166,0.5000000009977237,-0.13300000151583713,-1.0848335563196088e-09,9.977236814506796e-10,-1.515837122489927e-09,True
heterogeneous-168,first-stage-float32,97,6.000000012867668,0.5000000018171316,-0.17499999956429885,1.2867667820160023e-08,1.8171315563364487e-09,4.3570114183211217e-10,True
heterogeneous-168,first-stage-float32,98,6.000000007960528,0.5000000004928865,-0.08300000250348454,7.960528236594655e-09,4.928865093845047e-10,-2.503484530791411e-09,True
heterogeneous-168,first-stage-float32,99,5.9999999782152065,0.4999999983445203,0.013000001099428742,-2.1784793524659563e-08,-1.6554796977708008e-09,1.0994287424903604e-09,True
heterogeneous-168,first-stage-float32,100,7.000000005703122,0.45000000040829946,-0.3099999992325768,5.703122418765361e-09,4.0829944980558253e-10,7.674231805587794e-10,True
heterogeneous-168,first-stage-float32,101,6.0000000276490715,0.5000000000648468,0.1949999990339674,2.7649071476787412e-08,6.484679460072584e-11,-9.66032615012935e-10,True
heterogeneous-168,first-stage-float32,102,5.999999998043872,0.4999999993017506,-0.22999999964984708,-1.9561277042612346e-09,-6.982494027418795e-10,3.5015293442519635e-10,True
heterogeneous-168,first-stage-float32,103,6.000000019203051,0.5000000018364522,-0.268000001138246,1.9203050705129954e-08,1.836452212522488e-09,-1.1382459974562664e-09,True
heterogeneous-168,first-stage-float32,104,6.000000011602535,0.5000000002415433,-0.21300000022414137,1.1602534932819708e-08,2.4154334088422047e-10,-2.2414137212933838e-10,True
heterogeneous-168,first-stage-float32,105,6.000000009023518,0.5000000022300692,-0.19000000055123809,9.023517932860159e-09,2.230069240383159e-09,-5.512380829575392e-10,True
heterogeneous-168,first-stage-float32,106,6.999999991424008,0.44999999989329525,-0.5850000017728901,-8.575992360704277e-09,-1.0670475614205088e-10,-1.7728901680058584e-09,True
heterogeneous-168,first-stage-float32,107,6.000000037390907,0.4999999997161052,0.24400000078583312,3.7390907259293726e-08,-2.838947965599914e-10,7.858331207977187e-10,True
heterogeneous-168,first-stage-float32,108,5.999999972683129,0.49999999880805623,0.5610000008089244,-2.7316871431537493e-08,-1.1919437659102528e-09,8.089243719311412e-10,True
heterogeneous-168,first-stage-float32,109,7.999999987531929,0.39999999826473587,-0.6639999984506986,-1.2468071020066418e-08,-1.7352641545897995e-09,1.5493014648981784e-09,True
heterogeneous-168,first-stage-float32,110,6.000000025009879,0.5000000013432647,-0.23800000162303728,2.500987861253634e-08,1.3432647216760074e-09,-1.6230372879011412e-09,True
heterogeneous-168,first-stage-float32,111,6.000000006620329,0.49999999934221684,0.6730000001074798,6.620329173756545e-09,-6.577831612730733e-10,1.074798028355417e-10,True
heterogeneous-168,first-stage-float32,112,8.00000000413289,0.3999999989813115,-0.6589999994470108,4.132889586117017e-09,-1.0186885224250375e-09,5.529892099787048e-10,True
heterogeneous-168,first-stage-float32,113,6.999999993752109,0.45000000007979585,-0.871999999004134,-6.247891093380531e-09,7.979583660500111e-11,9.958659452635743e-10,True
heterogeneous-168,first-stage-float32,114,7.000000025255677,0.45000000039194127,-0.5840000011204812,2.5255676661117832e-08,3.919412572273018e-10,-1.120481263328088e-09,True
heterogeneous-168,first-stage-float32,115,5.999999951473729,0.49999999943146095,0.23400000206131763,-4.8526271001492205e-08,-5.68539049172756e-10,2.0613176165973357e-09,True
heterogeneous-168,first-stage-float32,116,6.00000002816899,0.4999999998609484,0.5619999988955761,2.8168989807397793e-08,-1.390516035648659e-10,-1.104423996700632e-09,True
heterogeneous-168,first-stage-float32,117,8.00000000318505,0.3999999986245224,-0.6659999999253188,3.1850504456087947e-09,-1.3754776206909014e-09,7.468126117515794e-11,True
heterogeneous-168,first-stage-float32,118,5.999999994144898,0.4999999990033388,-0.21199999985508766,-5.855102180873928e-09,-9.966611980161133e-10,1.4491233213398402e-10,True
heterogeneous-168,first-stage-float32,119,6.000000051261589,0.5000000030559495,-0.1910000017881077,5.126158875157216e-08,3.055949493457888e-09,-1.7881076896930637e-09,True
heterogeneous-168,first-stage-float32,120,5.999999974013893,0.4999999980761759,0.6669999992773552,-2.5986106599873438e-08,-1.9238241000252287e-09,-7.226448328623292e-10,True
heterogeneous-168,first-stage-float32,121,8.000000015584519,0.40000000035194316,-0.6529999997465137,1.5584518564537575e-08,3.519431412968288e-10,2.5348634302702067e-10,True
heterogeneous-168,first-stage-float32,122,7.000000003866905,0.4500000019758317,-0.8770000004886142,3.866905018412581e-09,1.9758316649465257e-09,-4.886141491411422e-10,True
heterogeneous-168,first-stage-float32,123,6.999999996866818,0.44999999911630306,-0.5579999982229941,-3.133181714076727e-09,-8.836969489500746e-10,1.7770059868027488e-09,True
heterogeneous-168,first-stage-float32,124,5.999999956276786,0.4999999984630216,0.18599999980156626,-4.3723214382396236e-08,-1.5369783779028978e-09,-1.9843374166050864e-10,True
heterogeneous-168,first-stage-float32,125,5.999999996642645,0.4999999994395906,0.5740000000714683,-3.3573552826737796e-09,-5.604093855637871e-10,7.14683867641952e-11,True
heterogeneous-168,first-stage-float32,126,8.000000012353127,0.40000000027351906,-0.6940000008325035,1.2353126521702507e-08,2.735190407499033e-10,-8.325035105727352e-10,True
heterogeneous-168,first-stage-float32,127,5.999999977919661,0.49999999878782536,0.09600000046150484,-2.2080339334706878e-08,-1.212174638443031e-09,4.615048343481476e-10,True
heterogeneous-168,first-stage-float32,128,15.999999979667765,0.49999999855797234,-0.2849999983512413,-2.0332235450837288e-08,-1.442027663944856e-09,1.6487586851354763e-09,True
heterogeneous-168,first-stage-float32,129,7.000000013273335,0.4499999987220208,-0.5919999998170129,1.3273335319752277e-08,-1.277979222447101e-09,1.8298706994102076e-10,True
heterogeneous-168,first-stage-float32,130,6.000000030435343,0.5000000016262967,0.26700000043465316,3.0435343134627146e-08,1.6262966529012601e-09,4.3465314680801725e-10,True
heterogeneous-168,first-stage-float32,131,6.000000005681704,0.5000000008432367,0.5599999969392757,5.681703996174292e-09,8.432367026856014e-10,-3.0607243406421958e-09,True
heterogeneous-168,first-stage-float32,132,8.000000019232637,0.4000000008777517,-0.6729999995231635,1.9232636816468585e-08,8.777517046532068e-10,4.768365702290112e-10,True
heterogeneous-168,first-stage-float32,133,5.9999999897553655,0.5000000014420313,-0.39200000056398254,-1.0244634474076975e-08,1.442031272169686e-09,-5.639825273462407e-10,True
heterogeneous-168,first-stage-float32,134,7.000000031442741,0.45000000060313405,-0.5880000001974587,3.14427408554252e-08,6.031340427092857e-10,-1.9745871604470722e-10,True
heterogeneous-168,first-stage-float32,135,6.000000003781692,0.5000000008187911,0.2150000015797061,3.781692292648131e-09,8.187911459955899e-10,1.5797061159172898e-09,True
heterogeneous-168,first-stage-float32,136,6.000000009853643,0.5000000001221651,0.5599999973243538,9.853643234691845e-09,1.2216505584916604e-10,-2.675646260108522e-09,True
heterogeneous-168,first-stage-float32,137,8.000000035673382,0.40000000145963743,-0.6610000007577954,3.567338247023599e-08,1.4596374109387966e-09,-7.577953820003813e-10,True
heterogeneous-168,first-stage-float32,138,6.000000033742972,0.5000000015156822,-0.005000002188213504,3.3742971972117175e-08,1.5156822463779918e-09,-2.188213503624692e-09,True
heterogeneous-168,first-stage-float32,139,6.0000000073761885,0.5000000009377567,-0.3619999995000215,7.376188548846585e-09,9.377566501100887e-10,4.999785030435078e-10,True
heterogeneous-168,first-stage-float32,140,5.999999992831351,0.5000000001032845,-0.36000000022777007,-7.1686487856936765e-09,1.0328449207008816e-10,-2.2777008057417447e-10,True
heterogeneous-168,first-stage-float32,141,6.999999992701516,0.45000000069854584,-0.5899999985974262,-7.2984835952638605e-09,6.985458322894544e-10,1.402573723829903e-09,True
heterogeneous-168,first-stage-float32,142,5.999999969774892,0.499999998268766,0.21400000229467925,-3.022510774997045e-08,-1.731233989499259e-09,2.294679252168308e-09,True
heterogeneous-168,first-stage-float32,143,5.999999996057302,0.4999999991559266,0.5599999965480839,-3.942697723857691e-09,-8.440734222681101e-10,-3.4519161973278756e-09,True
heterogeneous-168,first-stage-float32,144,8.00000002663093,0.399999999958866,-0.6569999994569398,2.6630930349824666e-08,-4.1134040618118206e-11,5.430602634248771e-10,True
heterogeneous-168,first-stage-float32,145,5.9999999947798175,0.49999999922422894,-0.03200000094317389,-5.220182508480775e-09,-7.757710585032385e-10,-9.431738862142325e-10,True
heterogeneous-168,first-stage-float32,146,5.999999988056334,0.49999999936032574,-0.15400000018795965,-1.1943665612079712e-08,-6.396742580072612e-10,-1.8795964784601438e-10,True
heterogeneous-168,first-stage-float32,147,6.000000003417141,0.4999999998167978,-0.35999999927009835,3.417141236639054e-09,-1.832021756520419e-10,7.299016391293378e-10,True
heterogeneous-168,first-stage-float32,148,6.000000004396344,0.4999999997671473,-0.33199999971677746,4.396343733503727e-09,-2.3285268158090844e-10,2.8322255651858086e-10,True
heterogeneous-168,first-stage-float32,149,6.999999989483315,0.4499999992432711,-0.5929999962642649,-1.0516685300387962e-08,-7.567289017629264e-10,3.735735054632983e-09,True
heterogeneous-168,first-stage-float32,150,5.999999965479325,0.5000000001610357,0.24199999866236468,-3.452067520726132e-08,1.6103574029813217e-10,-1.33763530807407e-09,True
heterogeneous-168,first-stage-float32,151,5.999999975946874,0.49999999851112564,0.5569999993356289,-2.4053125713408008e-08,-1.4888743571361829e-09,-6.643711136788966e-10,True
heterogeneous-168,first-stage-float32,152,7.999999998907926,0.3999999998049838,-0.6629999986809123,-1.0920739867970042e-09,-1.9501622539053187e-10,1.3190877279356528e-09,True
heterogeneous-168,first-stage-float32,153,6.000000015286742,0.5000000014636354,-0.23500000017195,1.5286741650299973e-08,1.4636354350727743e-09,-1.719500097863147e-10,True
heterogeneous-168,first-stage-float32,154,5.999999979650302,0.4999999993259061,0.048999999904961844,-2.0349697926747012e-08,-6.740938918170514e-10,-9.503815789901893e-11,True
heterogeneous-168,first-stage-float32,155,5.999999998185695,0.49999999911900694,-0.3589999992778623,-1.814305150560358e-09,-8.809930562847512e-10,7.221376829846804e-10,True
heterogeneous-168,first-stage-float32,156,5.999999990297155,0.49999999812216395,-0.3609999991781686,-9.702844749881478e-09,-1.877836053321147e-09,8.218313807262234e-10,True
heterogeneous-168,first-stage-float32,157,6.999999987785348,0.4499999994314211,-0.5659999986814321,-1.22146524006439e-08,-5.6857890617934e-10,1.3185678104932208e-09,True
heterogeneous-168,first-stage-float32,158,6.0000000525705355,0.5000000019430559,0.10799999895593207,5.2570535480356284e-08,1.943055938369298e-09,-1.0440679293344246e-09,True
heterogeneous-168,first-stage-float32,159,5.999999993525574,0.5000000012517324,0.5809999967770397,-6.474426328395566e-09,1.2517323844107864e-09,-3.2229602320299477e-09,True
heterogeneous-168,first-stage-float32,160,8.000000064932468,0.40000000243128486,-0.6680000007893487,6.493246829109012e-08,2.4312848401208953e-09,-7.893486975163455e-10,True
heterogeneous-168,first-stage-float32,161,7.000000017257672,0.4500000014525527,-0.3099999996813621,1.725767173610393e-08,1.4525526892406049e-09,3.186378938480061e-10,True
heterogeneous-168,first-stage-float32,162,5.999999997496656,0.4999999992841267,0.16999999969227766,-2.5033441986010985e-09,-7.158733050793842e-10,-3.0772234760334527e-10,True
heterogeneous-168,first-stage-float32,163,6.000000046159732,0.500000000885266,0.5669999992986858,4.61597320366991e-08,8.852659716396261e-10,-7.01314117890206e-10,True
heterogeneous-168,first-stage-float32,164,8.000000007046845,0.39999999954231497,-0.6699999997760852,7.046844885394421e-09,-4.576850565207735e-10,2.2391488663231485e-10,True
heterogeneous-168,first-stage-float32,165,6.000000009817003,0.5000000002594587,-0.19600000090888897,9.817003210343955e-09,2.5945867676568923e-10,-9.088889640906928e-10,True
heterogeneous-168,first-stage-float32,166,5.999999991561247,0.49999999908196313,-0.16499999966560425,-8.438752807649053e-09,-9.180368687466967e-10,3.3439576108129643e-10,True
heterogeneous-168,first-stage-float32,167,5.9999999951288725,0.4999999986354628,0.021000000866113176,-4.871127501360206e-09,-1.364537205450489e-09,8.661131742360162e-10,True
heterogeneous-168,first-stage-float32,168,7.999999943138977,0.39999999865675473,6.740266234411449e-10,-5.686102255708647e-08,-1.3432452927730765e-09,6.740266234411449e-10,True
heterogeneous-168,narrower-float32,1,7.000000016745773,0.45000000071749435,-0.5920000004657942,1.6745772768445022e-08,7.174943417176394e-10,-4.657941810037869e-10,True
heterogeneous-168,narrower-float32,2,5.9999999891517035,0.499999999066443,0.24399999902918892,-1.084829648334562e-08,-9.335570094748391e-10,-9.70811070422073e-10,True
heterogeneous-168,narrower-float32,3,6.000000013405622,0.5000000003898961,0.5590000024609513,1.3405622389939253e-08,3.898961153936398e-10,2.4609512205842066e-09,True
heterogeneous-168,narrower-float32,4,7.9999999476103945,0.39999999844987333,-0.6650000002481259,-5.238960554265759e-08,-1.5501266936723823e-09,-2.48125853197223e-10,True
heterogeneous-168,narrower-float32,5,5.999999999308537,0.4999999996284245,-0.273999998937628,-6.914628869481021e-10,-3.715754925970316e-10,1.0623720236857537e-09,True
heterogeneous-168,narrower-float32,6,5.999999997354988,0.500000000908231,0.07299999977604453,-2.6450122092569472e-09,9.082310459262999e-10,-2.239554652838649e-10,True
heterogeneous-168,narrower-float32,7,15.999999997992438,0.4999999999555648,-0.14100000024947737,-2.007562116546069e-09,-4.4435177759538647e-11,-2.4947738319625046e-10,True
heterogeneous-168,narrower-float32,8,6.000000011074162,0.5000000014168082,-0.07000000075922831,1.1074162031832202e-08,1.4168082262955295e-09,-7.592283052249016e-10,True
heterogeneous-168,narrower-float32,9,6.999999991732024,0.45000000116600447,-0.589000000640723,-8.267975637465952e-09,1.1660044596517594e-09,-6.407230301874733e-10,True
heterogeneous-168,narrower-float32,10,5.999999975261416,0.5000000012090202,0.2349999990076098,-2.4738583626060517e-08,1.2090202172743147e-09,-9.92390197795956e-10,True
heterogeneous-168,narrower-float32,11,6.000000031044018,0.5000000010675566,0.5590000002336433,3.104401802289658e-08,1.0675565986772995e-09,2.336432158855928e-10,True
heterogeneous-168,narrower-float32,12,7.999999968707838,0.3999999980492208,-0.6559999993518515,-3.12921617506845e-08,-1.950779204840103e-09,6.481485348430738e-10,True
heterogeneous-168,narrower-float32,13,6.000000002058714,0.500000000821283,-0.15599999943465548,2.0587140880934385e-09,8.21283041574361e-10,5.653445211972752e-10,True
heterogeneous-168,narrower-float32,14,5.999999980120246,0.4999999993787556,0.006999998569556588,-1.987975384309948e-08,-6.212443892650299e-10,-1.4304434121578669e-09,True
heterogeneous-168,narrower-float32,15,6.000000011296923,0.4999999999930405,-0.20399999791229395,1.1296923396741931e-08,-6.959488541014025e-12,2.0877060358248656e-09,True
heterogeneous-168,narrower-float32,16,6.000000037119092,0.500000001693179,-0.20499999988914067,3.711909180026396e-08,1.6931790414176362e-09,1.1085932172250068e-10,True
heterogeneous-168,narrower-float32,17,5.99999999041227,0.49999999796564915,-0.17700000076794545,-9.587729721260985e-09,-2.034350854440703e-09,-7.679454572251387e-10,True
heterogeneous-168,narrower-float32,18,6.0000000055028115,0.5000000014671674,-0.17900000153302278,5.502811539770391e-09,1.4671673875810143e-09,-1.5330227920440365e-09,True
heterogeneous-168,narrower-float32,19,6.000000010851615,0.500000000636043,-0.1819999992637505,1.085161471792162e-08,6.360429960494685e-10,7.362495058060858e-10,True
heterogeneous-168,narrower-float32,20,7.000000032760812,0.45000000228018194,-0.5900000027363471,3.27608118411149e-08,2.280181932157177e-09,-2.73634714886839e-09,True
heterogeneous-168,narrower-float32,21,6.0000000283595964,0.5000000017040538,0.23999999998512364,2.835959644897912e-08,1.704053786966142e-09,-1.4876350151737938e-11,True
heterogeneous-168,narrower-float32,22,6.000000003459873,0.4999999994624102,0.5579999985795362,3.4598732767676665e-09,-5.375898060044904e-10,-1.4204638576487127e-09,True
heterogeneous-168,narrower-float32,23,8.000000008293014,0.40000000030991434,-0.6579999987674655,8.293014275295718e-09,3.0991431643201395e-10,1.2325345188912706e-09,True
heterogeneous-168,narrower-float32,24,6.000000008107032,0.49999999964726155,-0.2150000006711708,8.107032378745771e-09,-3.5273844956051903e-10,-6.711708133710914e-10,True
heterogeneous-168,narrower-float32,25,6.000000018050867,0.5000000006250535,-0.19000000025861302,1.8050866579244484e-08,6.250534534402163e-10,-2.5861301988783225e-10,True
heterogeneous-168,narrower-float32,26,6.0000000113663,0.5000000005949113,0.1160000002001341,1.1366299901283128e-08,5.949113424108532e-10,2.001340898560855e-10,True
heterogeneous-168,narrower-float32,27,7.000000003199025,0.4500000010128473,-0.6040000011844142,3.1990250448643565e-09,1.0128473060255772e-09,-1.184414233357245e-09,True
heterogeneous-168,narrower-float32,28,6.000000058206814,0.5000000023612644,0.9009999986704382,5.820681359125501e-08,2.3612644062254162e-09,-1.3295617939945714e-09,True
heterogeneous-168,narrower-float32,29,7.000000015417968,0.4500000002626883,-0.9080000005206538,1.5417968235453827e-08,2.626883155443238e-10,-5.206537423418922e-10,True
heterogeneous-168,narrower-float32,30,6.999999986078161,0.4500000011243884,-0.9060000007328975,-1.3921838792896324e-08,1.1243884157075001e-09,-7.328975204501376e-10,True
heterogeneous-168,narrower-float32,31,6.999999992278947,0.44999999912152006,-0.5839999973499583,-7.721053130183009e-09,-8.784799554462097e-10,2.6500416305808017e-09,True
heterogeneous-168,narrower-float32,32,5.999999987628042,0.49999999905699927,0.23499999737589736,-1.2371957680556989e-08,-9.430007330557544e-10,-2.62410262963364e-09,True
heterogeneous-168,narrower-float32,33,6.000000030548105,0.5000000013774965,0.5630000008578397,3.0548105378613855e-08,1.3774964502388798e-09,8.578397991954034e-10,True
heterogeneous-168,narrower-float32,34,8.000000011501225,0.4000000012888144,-0.663000001490347,1.1501224861376613e-08,1.288814388544779e-09,-1.4903469569560457e-09,True
heterogeneous-168,narrower-float32,35,5.999999998395905,0.49999999930091693,-0.15299999981424275,-1.6040946348994112e-09,-6.990830692110706e-10,1.8575724292091422e-10,True
heterogeneous-168,narrower-float32,36,5.999999993973089,0.499999999622145,0.022000001397888068,-6.02691141438072e-09,-3.7785502504661395e-10,1.397888069187836e-09,True
heterogeneous-168,narrower-float32,37,7.000000015163496,0.44999999920477657,-0.2959999995831782,1.5163496236425544e-08,-7.952234426511495e-10,4.168217992983614e-10,True
heterogeneous-168,narrower-float32,38,6.000000022056981,0.5000000007760232,-0.18200000148264056,2.2056981130447184e-08,7.760232456632821e-10,-1.482640565875215e-09,True
heterogeneous-168,narrower-float32,39,6.000000000222064,0.4999999999440955,-0.012000000590187155,2.220641448502647e-10,-5.590450324888252e-11,-5.901871543562143e-10,True
heterogeneous-168,narrower-float32,40,7.0000000104135545,0.45000000149882946,-0.22500000068183074,1.0413554463184482e-08,1.4988294494422405e-09,-6.818307307643323e-10,True
heterogeneous-168,narrower-float32,41,7.000000006355739,0.4499999990413203,-0.5680000008883389,6.355739046171038e-09,-9.586796911875695e-10,-8.88338957949486e-10,True
heterogeneous-168,narrower-float32,42,6.00000002900148,0.49999999997680095,0.2459999996450987,2.900148032836114e-08,-2.3199053789113577e-11,-3.549013027903669e-10,True
heterogeneous-168,narrower-float32,43,5.999999973364276,0.5000000004652528,0.5700000020496684,-2.6635723848755788e-08,4.6525283625697966e-10,2.0496684349780026e-09,True
heterogeneous-168,narrower-float32,44,8.000000005330463,0.4000000002275568,-0.6730000011675408,5.330463181962841e-09,2.2755675121999275e-10,-1.1675407307620844e-09,True
heterogeneous-168,narrower-float32,45,5.999999939242642,0.49999999685629726,-0.27599999802465475,-6.075735825561424e-08,-3.1437027425695874e-09,1.9753452762394375e-09,True
heterogeneous-168,narrower-float32,46,5.999999987278862,0.4999999982275733,0.7040000012532683,-1.2721137920834735e-08,-1.7724267054042286e-09,1.2532683779653553e-09,True
heterogeneous-168,narrower-float32,47,7.999999985446993,0.39999999980440787,-0.7710000007257646,-1.4553006799644663e-08,-1.9559215358455617e-10,-7.257645595615259e-10,True
heterogeneous-168,narrower-float32,48,8.000000005803736,0.3999999997949486,-0.7609999998047674,5.8037361583274105e-09,-2.050514202878162e-10,1.9523260785803132e-10,True
heterogeneous-168,narrower-float32,49,7.000000013245139,0.45000000070928814,-0.575000000432646,1.3245139207640477e-08,7.092881282311225e-10,-4.3264603011294867e-10,True
heterogeneous-168,narrower-float32,50,6.000000002636588,0.5000000002435494,0.23399999833420873,2.6365878369460916e-09,2.4354940286741567e-10,-1.6657912826900656e-09,True
heterogeneous-168,narrower-float32,51,6.000000018654659,0.4999999997122281,0.5680000020651574,1.8654659150740827e-08,-2.8777191740658736e-10,2.0651574894614555e-09,True
heterogeneous-168,narrower-float32,52,8.000000052775341,0.4000000002490088,-0.6810000015416592,5.2775341430333356e-08,2.490087580575562e-10,-1.5416591336858687e-09,True
heterogeneous-168,narrower-float32,53,6.000000021351455,0.5000000000693015,-0.20700000000824986,2.135145482640155e-08,6.930145346473182e-11,-8.249873006960229e-12,True
heterogeneous-168,narrower-float32,54,5.999999976749838,0.4999999995333636,-0.2229999990646969,-2.3250161795829172e-08,-4.666363961902675e-10,9.353031127368183e-10,True
heterogeneous-168,narrower-float32,55,6.000000047661381,0.5000000015509772,0.6929999984989798,4.766138061995662e-08,1.5509772355315476e-09,-1.501020197025582e-09,True
heterogeneous-168,narrower-float32,56,8.000000000154236,0.40000000030369154,-0.7720000000327728,1.5423573529460555e-10,3.0369151637898995e-10,-3.277278448621246e-11,True
heterogeneous-168,narrower-float32,57,7.999999989273926,0.3999999992594123,-0.7639999992522599,-1.0726074251010687e-08,-7.405877022748086e-10,7.477400920663513e-10,True
heterogeneous-168,narrower-float32,58,6.999999988475648,0.45000000112099636,-0.585000001394331,-1.1524352139247185e-08,1.120996351300363e-09,-1.394330984005876e-09,True
heterogeneous-168,narrower-float32,59,6.00000002005784,0.5000000015988698,0.23799999877926895,2.0057839833498292e-08,1.5988698143232227e-09,-1.2207310440270902e-09,True
heterogeneous-168,narrower-float32,60,5.99999997787143,0.5000000012737,0.5609999979123096,-2.2128570087431854e-08,1.273700034332137e-09,-2.0876904649469452e-09,True
heterogeneous-168,narrower-float32,61,7.999999980311155,0.399999999995785,-0.6519999979282317,-1.9688845220855455e-08,-4.215017224140638e-12,2.071768312461586e-09,True
heterogeneous-168,narrower-float32,62,6.000000022351745,0.5000000024398807,-0.21399999998929606,2.2351745343485163e-08,2.4398807418890556e-09,1.070393773616729e-11,True
heterogeneous-168,narrower-float32,63,5.9999999902625945,0.5000000001517064,-0.16400000058291736,-9.73740554854885e-09,1.5170642519990452e-10,-5.829173532756471e-10,True
heterogeneous-168,narrower-float32,64,6.000000007996181,0.4999999998742597,-0.19099999966167125,7.996180606539838e-09,-1.2574030705536643e-10,3.3832875390160666e-10,True
heterogeneous-168,narrower-float32,65,6.000000004885386,0.4999999999207164,0.03700000012725151,4.885386317710072e-09,-7.928357970143907e-11,1.2725151488091058e-10,True
heterogeneous-168,narrower-float32,66,7.000000000926218,0.4499999992302789,-0.3979999996855187,9.262182132374619e-10,-7.697211201751486e-10,3.14481329866112e-10,True
heterogeneous-168,narrower-float32,67,7.000000031792561,0.45000000181747607,-0.5789999996996842,3.179256058416513e-08,1.81747605854099e-09,3.003157722503147e-10,True
heterogeneous-168,narrower-float32,68,6.000000025624839,0.500000000864688,0.19299999878030522,2.5624839139481992e-08,8.646879878781988e-10,-1.2196947896114807e-09,True
heterogeneous-168,narrower-float32,69,6.000000040124649,0.5000000012912454,0.5669999966220851,4.0124649380857136e-08,1.2912454439018006e-09,-3.377914836732998e-09,True
heterogeneous-168,narrower-float32,70,8.000000026536592,0.39999999969349487,-0.670999998317014,2.6536591590797798e-08,-3.065051545902975e-10,1.6829860838285526e-09,True
heterogeneous-168,narrower-float32,71,6.000000023084436,0.5000000004782236,0.07899999997069278,2.3084435696318906e-08,4.782235718536754e-10,-2.930722331484503e-11,True
heterogeneous-168,narrower-float32,72,8.000000012051888,0.3999999985395093,-0.4889999993723792,1.2051888376163333e-08,-1.4604907283555235e-09,6.276207886735108e-10,True
heterogeneous-168,narrower-float32,73,7.00000001389384,0.4500000009338287,-0.5729999988336079,1.3893839856393697e-08,9.338286810489649e-10,1.1663920940208072e-09,True
heterogeneous-168,narrower-float32,74,5.9999999781837134,0.4999999992071038,0.169000000135014,-2.181628655506529e-08,-7.928961931469303e-10,1.3501399998006036e-10,True
heterogeneous-168,narrower-float32,75,6.000000000483278,0.5000000003163151,0.5650000019254904,4.832783062624912e-10,3.1631508523588536e-10,1.9254904337628886e-09,True
heterogeneous-168,narrower-float32,76,7.9999999719978385,0.3999999989960739,-0.658999999960585,-2.800216147846868e-08,-1.0039261089112017e-09,3.9415026797939845e-11,True
heterogeneous-168,narrower-float32,77,5.999999974721495,0.499999997228932,0.2320000000445195,-2.5278504622860964e-08,-2.771067986184761e-09,4.451949919825893e-11,True
heterogeneous-168,narrower-float32,78,7.999999985883359,0.40000000003855635,-0.49399999952282303,-1.4116641189332313e-08,3.855632479954352e-11,4.771769646083612e-10,True
heterogeneous-168,narrower-float32,79,6.000000005410602,0.4999999996819056,-0.41299999946994886,5.410601744415544e-09,-3.1809438416630087e-10,5.300511141115294e-10,True
heterogeneous-168,narrower-float32,80,6.999999992300548,0.45000000078543395,-0.586000000924254,-7.699451742837482e-09,7.854339401092147e-10,-9.242540066622951e-10,True
heterogeneous-168,narrower-float32,81,5.999999947233761,0.49999999980392584,0.23500000078514918,-5.276623937788827e-08,-1.9607415691069718e-10,7.85149195658974e-10,True
heterogeneous-168,narrower-float32,82,6.000000052909065,0.5000000019098112,0.5609999992990831,5.290906468502499e-08,1.9098111980753174e-09,-7.009169911142976e-10,True
heterogeneous-168,narrower-float32,83,8.000000000007208,0.40000000011342013,-0.6620000005537043,7.208456054286216e-12,1.1342010663994984e-10,-5.537043046288659e-10,True
heterogeneous-168,narrower-float32,84,5.99999998478134,0.5000000005682727,-0.14799999938193578,-1.52186601098947e-08,5.682726511579972e-10,6.180642109221424e-10,True
heterogeneous-168,narrower-float32,85,6.0000000133426905,0.5000000002692109,-0.044000000054803354,1.3342690508011401e-08,2.692108758139966e-10,-5.4803356297483674e-11,True
heterogeneous-168,narrower-float32,86,5.999999987252367,0.4999999999924604,-0.1820000005461493,-1.274763317127281e-08,-7.53958007138067e-12,-5.461492924574429e-10,True
heterogeneous-168,narrower-float32,87,5.99999998173934,0.5000000007301071,-0.18200000050654186,-1.8260659651048172e-08,7.301070859000447e-10,-5.065418640093355e-10,True
heterogeneous-168,narrower-float32,88,6.000000001657774,0.49999999931818867,-0.3339999988999159,1.6577743622292473e-09,-6.81811329616977e-10,1.1000841348973722e-09,True
heterogeneous-168,narrower-float32,89,6.000000000839796,0.500000001807698,-0.34499999968768,8.397957884653806e-10,1.8076979912962088e-09,3.1231994768177174e-10,True
heterogeneous-168,narrower-float32,90,5.999999996897974,0.5000000002405249,0.4029999989202339,-3.102026191470486e-09,2.405249333037318e-10,-1.079766109857161e-09,True
heterogeneous-168,narrower-float32,91,8.000000015041415,0.4000000016041406,-0.5680000014790116,1.5041415224459342e-08,1.6041405981326307e-09,-1.4790116908969253e-09,True
heterogeneous-168,narrower-float32,92,6.999999967799951,0.44999999846964134,-0.5890000015407622,-3.220004884951777e-08,-1.5303586731185703e-09,-1.540762184504274e-09,True
heterogeneous-168,narrower-float32,93,5.999999971083282,0.5000000008267808,0.23300000160067116,-2.8916717909055478e-08,8.267807549700024e-10,1.600671151180677e-09,True
heterogeneous-168,narrower-float32,94,5.99999996717526,0.4999999994864245,0.5650000021868298,-3.2824740259229657e-08,-5.135755154483945e-10,2.186829828332293e-09,True
heterogeneous-168,narrower-float32,95,8.000000037459118,0.4000000002437205,-0.6690000016285221,3.7459118473748276e-08,2.437204882355104e-10,-1.6285220949541213e-09,True
heterogeneous-168,narrower-float32,96,5.9999999989151,0.5000000009977237,-0.13300000151583516,-1.0849001697010863e-09,9.977236814506796e-10,-1.5158351518440583e-09,True
heterogeneous-168,narrower-float32,97,6.0000000128676865,0.5000000018171316,-0.17499999956429652,1.2867686471906836e-08,1.8171315563364487e-09,4.357034733004639e-10,True
heterogeneous-168,narrower-float32,98,6.000000007960516,0.5000000004928865,-0.08300000250348619,7.96051580209678e-09,4.928865093845047e-10,-2.5034861822481602e-09,True
heterogeneous-168,narrower-float32,99,5.999999978215227,0.4999999983445203,0.013000001099424318,-2.178477309655591e-08,-1.6554796977708008e-09,1.0994243189454966e-09,True
heterogeneous-168,narrower-float32,100,7.000000005703091,0.45000000040829946,-0.3099999992325758,5.703091332520671e-09,4.0829944980558253e-10,7.674241797595016e-10,True
heterogeneous-168,narrower-float32,101,6.000000027649074,0.5000000000648467,0.1949999990339694,2.764907414132267e-08,6.484668357842338e-11,-9.660306166114907e-10,True
heterogeneous-168,narrower-float32,102,5.999999998043891,0.4999999993017506,-0.22999999964984655,-1.956109052514421e-09,-6.982494027418795e-10,3.5015346178113305e-10,True
heterogeneous-168,narrower-float32,103,6.000000019203049,0.5000000018364522,-0.2680000011382463,1.9203048928773114e-08,1.836452212522488e-09,-1.1382462750120226e-09,True
heterogeneous-168,narrower-float32,104,6.000000011602526,0.5000000002415433,-0.2130000002241413,1.1602526051035511e-08,2.4154334088422047e-10,-2.2414131661818715e-10,True
heterogeneous-168,narrower-float32,105,6.000000009023521,0.5000000022300692,-0.1900000005512381,9.023520597395418e-09,2.230069240383159e-09,-5.512381107131148e-10,True
heterogeneous-168,narrower-float32,106,6.99999999142402,0.44999999989329525,-0.5850000017728837,-8.5759799262064e-09,-1.0670475614205088e-10,-1.7728837287123156e-09,True
heterogeneous-168,narrower-float32,107,6.000000037390939,0.49999999971610526,0.24400000078583337,3.7390939233716836e-08,-2.8389474104884016e-10,7.858333705978993e-10,True
heterogeneous-168,narrower-float32,108,5.999999972683112,0.49999999880805623,0.5610000008089178,-2.7316888306927467e-08,-1.1919437659102528e-09,8.089177105929934e-10,True
heterogeneous-168,narrower-float32,109,7.999999987531934,0.39999999826473587,-0.6639999984506982,-1.24680656909959e-08,-1.7352641545897995e-09,1.5493017979650858e-09,True
heterogeneous-168,narrower-float32,110,6.000000025009838,0.5000000013432647,-0.23800000162303825,2.5009837756329034e-08,1.3432647216760074e-09,-1.6230382593462878e-09,True
heterogeneous-168,narrower-float32,111,6.00000000662032,0.49999999934221684,0.6730000001074786,6.620320291972348e-09,-6.577831612730733e-10,1.0747858159021462e-10,True
heterogeneous-168,narrower-float32,112,8.00000000413282,0.39999999898131144,-0.658999999447006,4.13282030820028e-09,-1.0186885779361887e-09,5.529939839377107e-10,True
heterogeneous-168,narrower-float32,113,6.999999993752112,0.45000000007979585,-0.8719999990041344,-6.247888428845272e-09,7.979583660500111e-11,9.95865612196667e-10,True
heterogeneous-168,narrower-float32,114,7.00000002525574,0.45000000039194127,-0.5840000011204799,2.525573972178563e-08,3.919412572273018e-10,-1.1204799310604585e-09,True
heterogeneous-168,narrower-float32,115,5.999999951473758,0.499999999431461,0.2340000020613104,-4.8526241691604355e-08,-5.685389936616048e-10,2.0613104001476756e-09,True
heterogeneous-168,narrower-float32,116,6.00000002816903,0.4999999998609484,0.5619999988955782,2.816902977542668e-08,-1.390516035648659e-10,-1.1044218872768852e-09,True
heterogeneous-168,narrower-float32,117,8.000000003185047,0.3999999986245225,-0.6659999999253212,3.185046892895116e-09,-1.375477509668599e-09,7.467881868450377e-11,True
heterogeneous-168,narrower-float32,118,5.9999999941448525,0.4999999990033388,-0.21199999985508705,-5.8551474779733326e-09,-9.966611980161133e-10,1.4491294275664757e-10,True
heterogeneous-168,narrower-float32,119,6.0000000512615825,0.5000000030559495,-0.19100000178810247,5.1261582534323225e-08,3.055949493457888e-09,-1.788102471644848e-09,True
heterogeneous-168,narrower-float32,120,5.9999999740138605,0.4999999980761759,0.6669999992773529,-2.5986139462474966e-08,-1.9238241000252287e-09,-7.226471643306809e-10,True
heterogeneous-168,narrower-float32,121,8.000000015584526,0.4000000003519432,-0.6529999997465146,1.5584525669964933e-08,3.5194319680798003e-10,2.5348545484860097e-10,True
heterogeneous-168,narrower-float32,122,7.000000003866916,0.4500000019758317,-0.8770000004886167,3.866915676553617e-09,1.9758316649465257e-09,-4.886167026540988e-10,True
heterogeneous-168,narrower-float32,123,6.999999996866799,0.44999999911630306,-0.5579999982229923,-3.1332012540019605e-09,-8.836969489500746e-10,1.7770077631595882e-09,True
heterogeneous-168,narrower-float32,124,5.999999956276748,0.4999999984630216,0.18599999980156992,-4.3723251685889863e-08,-1.5369783779028978e-09,-1.9843007792452738e-10,True
heterogeneous-168,narrower-float32,125,5.999999996642611,0.4999999994395906,0.574000000071477,-3.357389033453728e-09,-5.604093855637871e-10,7.147704650378728e-11,True
heterogeneous-168,narrower-float32,126,8.000000012353102,0.40000000027351906,-0.6940000008325107,1.2353101652706755e-08,2.735190407499033e-10,-8.325107270223953e-10,True
heterogeneous-168,narrower-float32,127,5.9999999779197095,0.49999999878782536,0.0960000004615003,-2.2080290484893794e-08,-1.212174638443031e-09,4.6150029631153444e-10,True
heterogeneous-168,narrower-float32,128,15.999999979667786,0.49999999855797234,-0.2849999983512444,-2.0332214134555215e-08,-1.442027663944856e-09,1.6487555765110073e-09,True
heterogeneous-168,narrower-float32,129,7.000000013273242,0.4499999987220208,-0.5919999998170072,1.3273242061018209e-08,-1.277979222447101e-09,1.8299273207844635e-10,True
heterogeneous-168,narrower-float32,130,6.0000000304353645,0.5000000016262965,0.26700000043464883,3.043536445090922e-08,1.6262965418789577e-09,4.346488169382212e-10,True
heterogeneous-168,narrower-float32,131,6.000000005681658,0.5000000008432367,0.5599999969392738,5.681657810896468e-09,8.432367026856014e-10,-3.0607262280213376e-09,True
heterogeneous-168,narrower-float32,132,8.000000019232536,0.40000000087775167,-0.6729999995231506,1.923253556412874e-08,8.777516491420556e-10,4.768494488160968e-10,True
heterogeneous-168,narrower-float32,133,5.999999989755366,0.5000000014420313,-0.39200000056398265,-1.0244633585898555e-08,1.442031272169686e-09,-5.639826383685431e-10,True
heterogeneous-168,narrower-float32,134,7.000000031442671,0.45000000060313405,-0.5880000001974562,3.1442670689330043e-08,6.031340427092857e-10,-1.9745627355405304e-10,True
heterogeneous-168,narrower-float32,135,6.000000003781711,0.5000000008187911,0.2150000015797096,3.781710944394945e-09,8.187911459955899e-10,1.5797096131198174e-09,True
heterogeneous-168,narrower-float32,136,6.000000009853526,0.5000000001221651,0.5599999973243502,9.853525995140444e-09,1.2216505584916604e-10,-2.6756498128222006e-09,True
heterogeneous-168,narrower-float32,137,8.00000003567338,0.40000000145963743,-0.6610000007577916,3.567338069387915e-08,1.4596374109387966e-09,-7.577916072420976e-10,True
heterogeneous-168,narrower-float32,138,6.0000000337429675,0.5000000015156822,-0.005000002188213351,3.3742967531225077e-08,1.5156822463779918e-09,-2.188213350969026e-09,True
heterogeneous-168,narrower-float32,139,6.000000007376212,0.5000000009377567,-0.36199999950002015,7.376211641485497e-09,9.377566501100887e-10,4.999798353111373e-10,True
heterogeneous-168,narrower-float32,140,5.999999992831371,0.5000000001032845,-0.3600000002277704,-7.168629245768443e-09,1.0328449207008816e-10,-2.2777041364108186e-10,True
heterogeneous-168,narrower-float32,141,6.9999999927014755,0.45000000069854584,-0.5899999985974219,-7.298524451471167e-09,6.985458322894544e-10,1.402578053699699e-09,True
heterogeneous-168,narrower-float32,142,5.999999969774889,0.49999999826876607,0.21400000229468272,-3.022511130268413e-08,-1.7312339339881078e-09,2.29468272161526e-09,True
heterogeneous-168,narrower-float32,143,5.999999996057278,0.4999999991559265,0.5599999965480825,-3.942721704675023e-09,-8.440734777792613e-10,-3.451917529595505e-09,True
heterogeneous-168,narrower-float32,144,8.000000026630934,0.39999999995886604,-0.6569999994569414,2.6630933902538345e-08,-4.1133985106966975e-11,5.430585980903402e-10,True
heterogeneous-168,narrower-float32,145,5.999999994779793,0.49999999922422894,-0.03200000094317895,-5.220207377476527e-09,-7.757710585032385e-10,-9.431789516067823e-10,True
heterogeneous-168,narrower-float32,146,5.999999988056327,0.49999999936032574,-0.15400000018796337,-1.194367271750707e-08,-6.396742580072612e-10,-1.8796336709314687e-10,True
heterogeneous-168,narrower-float32,147,6.000000003417136,0.4999999998167978,-0.35999999927009335,3.417135907568536e-09,-1.832021756520419e-10,7.299066351329486e-10,True
heterogeneous-168,narrower-float32,148,6.0000000043964015,0.4999999997671473,-0.3319999997167745,4.3964014651010075e-09,-2.3285268158090844e-10,2.832254986095961e-10,True
heterogeneous-168,narrower-float32,149,6.999999989483284,0.44999999924327116,-0.5929999962642606,-1.0516716386632652e-08,-7.567288462517752e-10,3.735739384502779e-09,True
heterogeneous-168,narrower-float32,150,5.999999965479297,0.5000000001610357,0.24199999866236177,-3.452070274079233e-08,1.6103574029813217e-10,-1.3376382224095096e-09,True
heterogeneous-168,narrower-float32,151,5.999999975946829,0.49999999851112564,0.556999999335631,-2.4053171010507413e-08,-1.4888743571361829e-09,-6.643690042551498e-10,True
heterogeneous-168,narrower-float32,152,7.999999998907887,0.3999999998049838,-0.6629999986809121,-1.092113066647471e-09,-1.9501622539053187e-10,1.3190879499802577e-09,True
heterogeneous-168,narrower-float32,153,6.000000015286691,0.5000000014636354,-0.23500000017194628,1.528669102413005e-08,1.4636354350727743e-09,-1.719462905391822e-10,True
heterogeneous-168,narrower-float32,154,5.9999999796503385,0.4999999993259061,0.04899999990496238,-2.0349661511431805e-08,-6.740938918170514e-10,-9.503762360418833e-11,True
heterogeneous-168,narrower-float32,155,5.999999998185692,0.49999999911900694,-0.3589999992778634,-1.8143078150956171e-09,-8.809930562847512e-10,7.221365727616558e-10,True
heterogeneous-168,narrower-float32,156,5.9999999902971615,0.49999999812216395,-0.36099999917817005,-9.70283853263254e-09,-1.877836053321147e-09,8.218299374362914e-10,True
heterogeneous-168,narrower-float32,157,6.999999987785297,0.44999999943142105,-0.5659999986814327,-1.2214703026813822e-08,-5.685789616904913e-10,1.3185672553817085e-09,True
heterogeneous-168,narrower-float32,158,6.000000052570585,0.5000000019430558,0.10799999895592861,5.257058521834779e-08,1.9430558273469956e-09,-1.0440713849035888e-09,True
heterogeneous-168,narrower-float32,159,5.999999993525604,0.5000000012517324,0.58099999677704,-6.474396130329296e-09,1.2517323844107864e-09,-3.222960009985343e-09,True
heterogeneous-168,narrower-float32,160,8.000000064932486,0.40000000243128486,-0.6680000007893494,6.493248605465851e-08,2.4312848401208953e-09,-7.893493636501603e-10,True
heterogeneous-168,narrower-float32,161,7.000000017257709,0.45000000145255276,-0.30999999968136005,1.7257709039597557e-08,1.4525527447517561e-09,3.1863994776060167e-10,True
heterogeneous-168,narrower-float32,162,5.999999997496646,0.4999999992841267,0.16999999969226853,-2.503353968563715e-09,-7.158733050793842e-10,-3.077314791877228e-10,True
heterogeneous-168,narrower-float32,163,6.000000046159749,0.500000000885266,0.5669999992986834,4.615974891208907e-08,8.852659716396261e-10,-7.013165603808602e-10,True
heterogeneous-168,narrower-float32,164,8.000000007046856,0.399999999542315,-0.6699999997760774,7.046855543535457e-09,-4.576850010096223e-10,2.2392265819348722e-10,True
heterogeneous-168,narrower-float32,165,6.000000009817053,0.5000000002594586,-0.1960000009088885,9.817052948335458e-09,2.5945856574338677e-10,-9.088884922459073e-10,True
heterogeneous-168,narrower-float32,166,5.999999991561205,0.49999999908196313,-0.16499999966560444,-8.438795440213198e-09,-9.180368687466967e-10,3.343955667922671e-10,True
heterogeneous-168,narrower-float32,167,5.999999995128872,0.4999999986354628,0.02100000086611749,-4.871128389538626e-09,-1.364537205450489e-09,8.661174902280244e-10,True
heterogeneous-168,narrower-float32,168,7.999999943138959,0.39999999865675473,6.740289916242253e-10,-5.6861041208833285e-08,-1.3432452927730765e-09,6.740289916242253e-10,True
heterogeneous-168,wider-float32,1,7.000000016745774,0.45000000071749435,-0.5920000004657937,1.674577365662344e-08,7.174943417176394e-10,-4.65793736914577e-10,True
heterogeneous-168,wider-float32,2,5.999999989151707,0.499999999066443,0.24399999902918856,-1.0848292930631942e-08,-9.335570094748391e-10,-9.70811431244556e-10,True
heterogeneous-168,wider-float32,3,6.000000013405622,0.5000000003898961,0.5590000024609513,1.3405622389939253e-08,3.898961153936398e-10,2.4609512205842066e-09,True
heterogeneous-168,wider-float32,4,7.999999947610395,0.3999999984498732,-0.6650000002481252,-5.238960465447917e-08,-1.5501268046946848e-09,-2.4812518706340825e-10,True
heterogeneous-168,wider-float32,5,5.999999999308537,0.4999999996284245,-0.27399999893762816,-6.914628869481021e-10,-3.715754925970316e-10,1.0623718571523e-09,True
heterogeneous-168,wider-float32,6,5.99999999735499,0.500000000908231,0.07299999977604449,-2.645010432900108e-09,9.082310459262999e-10,-2.2395550691722832e-10,True
heterogeneous-168,wider-float32,7,15.999999997992438,0.4999999999555648,-0.1410000002494774,-2.007562116546069e-09,-4.4435177759538647e-11,-2.4947741095182607e-10,True
heterogeneous-168,wider-float32,8,6.000000011074162,0.5000000014168082,-0.07000000075922828,1.1074162031832202e-08,1.4168082262955295e-09,-7.59228277469326e-10,True
heterogeneous-168,wider-float32,9,6.99999999173202,0.45000000116600447,-0.5890000006407238,-8.26798007835805e-09,1.1660044596517594e-09,-6.407238073435906e-10,True
heterogeneous-168,wider-float32,10,5.999999975261417,0.5000000012090203,0.23499999900761204,-2.4738582737882098e-08,1.2090203282966172e-09,-9.92387949594331e-10,True
heterogeneous-168,wider-float32,11,6.000000031044014,0.5000000010675566,0.5590000002336415,3.104401358200448e-08,1.0675565986772995e-09,2.336414395287534e-10,True
heterogeneous-168,wider-float32,12,7.999999968707838,0.3999999980492208,-0.6559999993518509,-3.12921617506845e-08,-1.950779204840103e-09,6.481490899545861e-10,True
heterogeneous-168,wider-float32,13,6.000000002058704,0.500000000821283,-0.1559999994346554,2.0587043181308218e-09,8.21283041574361e-10,5.65344604464002e-10,True
heterogeneous-168,wider-float32,14,5.99999998012025,0.49999999937875556,0.006999998569555883,-1.98797502903858e-08,-6.212444447761811e-10,-1.4304441173229598e-09,True
heterogeneous-168,wider-float32,15,6.000000011296927,0.4999999999930405,-0.2039999979122938,1.129692694945561e-08,-6.959488541014025e-12,2.0877061746027437e-09,True
heterogeneous-168,wider-float32,16,6.0000000371190945,0.500000001693179,-0.20499999988914053,3.711909446479922e-08,1.6931790414176362e-09,1.1085946050037876e-10,True
heterogeneous-168,wider-float32,17,5.9999999904122765,0.49999999796564915,-0.17700000076794592,-9.587723504012047e-09,-2.034350854440703e-09,-7.679459290699242e-10,True
heterogeneous-168,wider-float32,18,6.000000005502807,0.5000000014671674,-0.17900000153302242,5.502807098878293e-09,1.4671673875810143e-09,-1.5330224312215535e-09,True
heterogeneous-168,wider-float32,19,6.000000010851612,0.500000000636043,-0.18199999926375068,1.0851612053386361e-08,6.360429960494685e-10,7.362493115170565e-10,True
heterogeneous-168,wider-float32,20,7.000000032760816,0.45000000228018194,-0.5900000027363471,3.2760816282007e-08,2.280181932157177e-09,-2.73634714886839e-09,True
heterogeneous-168,wider-float32,21,6.0000000283595964,0.5000000017040538,0.23999999998512558,2.835959644897912e-08,1.704053786966142e-09,-1.4874407261444844e-11,True
heterogeneous-168,wider-float32,22,6.000000003459873,0.49999999946241025,0.5579999985795349,3.4598732767676665e-09,-5.375897504933391e-10,-1.4204651899163423e-09,True
heterogeneous-168,wider-float32,23,8.000000008293012,0.40000000030991434,-0.6579999987674643,8.293012498938879e-09,3.0991431643201395e-10,1.2325357401365977e-09,True
heterogeneous-168,wider-float32,24,6.000000008107035,0.49999999964726155,-0.2150000006711719,8.10703504328103e-09,-3.5273844956051903e-10,-6.711718958385404e-10,True
heterogeneous-168,wider-float32,25,6.000000018050866,0.5000000006250536,-0.1900000002586122,1.8050865691066065e-08,6.250535644625188e-10,-2.586121872205638e-10,True
heterogeneous-168,wider-float32,26,6.000000011366297,0.5000000005949112,0.11600000020013528,1.1366297236747869e-08,5.949112313885507e-10,2.0013526946804916e-10,True
heterogeneous-168,wider-float32,27,7.00000000319904,0.4500000010128473,-0.6040000011844172,3.1990401438974914e-09,1.0128473060255772e-09,-1.1844172309594114e-09,True
heterogeneous-168,wider-float32,28,6.000000058206814,0.5000000023612645,0.9009999986704392,5.820681359125501e-08,2.3612645172477187e-09,-1.3295607947938493e-09,True
heterogeneous-168,wider-float32,29,7.000000015417958,0.4500000002626883,-0.9080000005206517,1.541795757731279e-08,2.626883155443238e-10,-5.206516329181454e-10,True
heterogeneous-168,wider-float32,30,6.99999998607817,0.4500000011243884,-0.9060000007329002,-1.3921829911112127e-08,1.1243884157075001e-09,-7.329001849853967e-10,True
heterogeneous-168,wider-float32,31,6.999999992278943,0.44999999912152006,-0.5839999973499598,-7.721056682896688e-09,-8.784799554462097e-10,2.6500401872908697e-09,True
heterogeneous-168,wider-float32,32,5.999999987628062,0.49999999905699927,0.23499999737589836,-1.2371938140631755e-08,-9.430007330557544e-10,-2.624101630432918e-09,True
heterogeneous-168,wider-float32,33,6.000000030548112,0.5000000013774966,0.5630000008578393,3.054811159586279e-08,1.3774965612611823e-09,8.578393551061936e-10,True
heterogeneous-168,wider-float32,34,8.000000011501209,0.4000000012888144,-0.6630000014903468,1.1501208874165059e-08,1.288814388544779e-09,-1.4903467349114408e-09,True
heterogeneous-168,wider-float32,35,5.999999998395905,0.49999999930091693,-0.15299999981424306,-1.6040946348994112e-09,-6.990830692110706e-10,1.8575693760958245e-10,True
heterogeneous-168,wider-float32,36,5.999999993973091,0.499999999622145,0.022000001397887124,-6.026908749845461e-09,-3.7785502504661395e-10,1.397887125498265e-09,True
heterogeneous-168,wider-float32,37,7.000000015163489,0.4499999992047765,-0.295999999583178,1.5163489130998187e-08,-7.952234981623008e-10,4.168219658318151e-10,True
heterogeneous-168,wider-float32,38,6.00000002205698,0.5000000007760234,-0.18200000148264017,2.2056980242268764e-08,7.760233566855845e-10,-1.4826401772971565e-09,True
heterogeneous-168,wider-float32,39,6.000000000222058,0.4999999999440955,-0.012000000590187597,2.220579276013268e-10,-5.590450324888252e-11,-5.901875967107006e-10,True
heterogeneous-168,wider-float32,40,7.000000010413552,0.45000000149882946,-0.2250000006818297,1.0413551798649223e-08,1.4988294494422405e-09,-6.818297038080345e-10,True
heterogeneous-168,wider-float32,41,7.000000006355738,0.4499999990413203,-0.5680000008883376,6.355738157992619e-09,-9.586796911875695e-10,-8.883376256818565e-10,True
heterogeneous-168,wider-float32,42,6.000000029001489,0.4999999999768009,0.2459999996450949,2.9001489210145337e-08,-2.319910930026481e-11,-3.5490510530422625e-10,True
heterogeneous-168,wider-float32,43,5.999999973364264,0.5000000004652528,0.570000002049674,-2.6635736283253664e-08,4.6525283625697966e-10,2.049674097115428e-09,True
heterogeneous-168,wider-float32,44,8.00000000533047,0.4000000002275568,-0.6730000011675445,5.330470287390199e-09,2.2755675121999275e-10,-1.1675445055203681e-09,True
heterogeneous-168,wider-float32,45,5.999999939242646,0.49999999685629726,-0.2759999980246566,-6.075735381472214e-08,-3.1437027425695874e-09,1.975343444371447e-09,True
heterogeneous-168,wider-float32,46,5.99999998727886,0.4999999982275733,0.7040000012532719,-1.2721139697191575e-08,-1.7724267054042286e-09,1.253271930679034e-09,True
heterogeneous-168,wider-float32,47,7.999999985446992,0.3999999998044078,-0.7710000007257655,-1.4553007687823083e-08,-1.955922090957074e-10,-7.257654477399456e-10,True
heterogeneous-168,wider-float32,48,8.000000005803749,0.3999999997949486,-0.7609999998047691,5.803748592825286e-09,-2.050514202878162e-10,1.9523094252349438e-10,True
heterogeneous-168,wider-float32,49,7.000000013245136,0.45000000070928825,-0.575000000432646,1.3245135654926798e-08,7.09288239253425e-10,-4.3264603011294867e-10,True
heterogeneous-168,wider-float32,50,6.000000002636591,0.5000000002435494,0.2339999983342054,2.6365913896597704e-09,2.4354940286741567e-10,-1.6657946133591395e-09,True
heterogeneous-168,wider-float32,51,6.000000018654649,0.4999999997122281,0.5680000020651572,1.865464938077821e-08,-2.8777191740658736e-10,2.0651572674168506e-09,True
heterogeneous-168,wider-float32,52,8.000000052775322,0.40000000024900884,-0.6810000015416547,5.277532189040812e-08,2.490088135687074e-10,-1.5416546927937702e-09,True
heterogeneous-168,wider-float32,53,6.000000021351472,0.5000000000693013,-0.20700000000824784,2.1351471701791525e-08,6.930134244242936e-11,-8.247846849940288e-12,True
heterogeneous-168,wider-float32,54,5.999999976749826,0.49999999953336366,-0.2229999990646944,-2.3250174230327048e-08,-4.666363406791163e-10,9.353056107386237e-10,True
heterogeneous-168,wider-float32,55,6.000000047661395,0.5000000015509772,0.6929999984989745,4.766139483081133e-08,1.5509772355315476e-09,-1.5010254150737978e-09,True
heterogeneous-168,wider-float32,56,8.000000000154241,0.4000000003036916,-0.7720000000327701,1.5424106436512375e-10,3.036915718901412e-10,-3.277011995095336e-11,True
heterogeneous-168,wider-float32,57,7.999999989273939,0.39999999925941226,-0.7639999992522605,-1.0726060928334391e-08,-7.405877577859599e-10,7.47739536954839e-10,True
heterogeneous-168,wider-float32,58,6.999999988475608,0.45000000112099636,-0.5850000013943335,-1.1524392107276071e-08,1.120996351300363e-09,-1.3943335375188326e-09,True
heterogeneous-168,wider-float32,59,6.000000020057836,0.5000000015988698,0.23799999877927028,2.0057836280784613e-08,1.5988698143232227e-09,-1.2207297117594607e-09,True
heterogeneous-168,wider-float32,60,5.999999977871474,0.5000000012737,0.5609999979123029,-2.212852567851087e-08,1.273700034332137e-09,-2.087697126285093e-09,True
heterogeneous-168,wider-float32,61,7.999999980311143,0.399999999995785,-0.6519999979282324,-1.968885676717491e-08,-4.215017224140638e-12,2.0717676463277712e-09,True
heterogeneous-168,wider-float32,62,6.000000022351766,0.5000000024398807,-0.21399999998929542,2.2351765771588816e-08,2.4398807418890556e-09,1.070457611440645e-11,True
heterogeneous-168,wider-float32,63,5.999999990262565,0.5000000001517064,-0.1640000005829177,-9.7374348584367e-09,1.5170642519990452e-10,-5.829176863425545e-10,True
heterogeneous-168,wider-float32,64,6.000000007996179,0.4999999998742597,-0.1909999996616707,7.996178830182998e-09,-1.2574030705536643e-10,3.3832930901311897e-10,True
heterogeneous-168,wider-float32,65,6.000000004885385,0.4999999999207164,0.037000000127251347,4.885385429531652e-09,-7.928357970143907e-11,1.2725134834745688e-10,True
heterogeneous-168,wider-float32,66,7.000000000926219,0.44999999923027895,-0.39799999968551847,9.262191014158816e-10,-7.697210646639974e-10,3.144815519107169e-10,True
heterogeneous-168,wider-float32,67,7.000000031792587,0.45000000181747607,-0.5789999996996819,3.179258722951772e-08,1.81747605854099e-09,3.003181037186664e-10,True
heterogeneous-168,wider-float32,68,6.000000025624797,0.500000000864688,0.1929999987803048,2.5624797395096266e-08,8.646879878781988e-10,-1.219695205945115e-09,True
heterogeneous-168,wider-float32,69,6.000000040124635,0.5000000012912456,0.5669999966220883,4.012463517000242e-08,1.291245554924103e-09,-3.3779116170862267e-09,True
heterogeneous-168,wider-float32,70,8.000000026536581,0.399999999693495,-0.6709999983170142,2.653658093265676e-08,-3.06505043567995e-10,1.6829858617839477e-09,True
heterogeneous-168,wider-float32,71,6.000000023084428,0.5000000004782236,0.0789999999706913,2.308442770271313e-08,4.782235718536754e-10,-2.930869436035266e-11,True
heterogeneous-168,wider-float32,72,8.000000012051869,0.3999999985395093,-0.4889999993723779,1.20518688362381e-08,-1.4604907283555235e-09,6.276220654299891e-10,True
heterogeneous-168,wider-float32,73,7.00000001389382,0.45000000093382864,-0.5729999988336055,1.3893820316468464e-08,9.338286255378137e-10,1.166394425489159e-09,True
heterogeneous-168,wider-float32,74,5.999999978183767,0.4999999992071038,0.16900000013500843,-2.1816233264360108e-08,-7.928961931469303e-10,1.3500842110936162e-10,True
heterogeneous-168,wider-float32,75,6.000000000483215,0.5000000003163151,0.5650000019254947,4.832152455946925e-10,3.1631508523588536e-10,1.9254947636326847e-09,True
heterogeneous-168,wider-float32,76,7.999999971997926,0.39999999899607386,-0.6589999999605932,-2.800207443698355e-08,-1.003926164422353e-09,3.940681114755762e-11,True
heterogeneous-168,wider-float32,77,5.999999974721507,0.499999997228932,0.23200000004452218,-2.5278493076541508e-08,-2.771067986184761e-09,4.452216373351803e-11,True
heterogeneous-168,wider-float32,78,7.999999985883347,0.40000000003855635,-0.49399999952282075,-1.4116652735651769e-08,3.855632479954352e-11,4.771792405655617e-10,True
heterogeneous-168,wider-float32,79,6.000000005410608,0.4999999996819056,-0.4129999994699492,5.410607961664482e-09,-3.1809438416630087e-10,5.30050781044622e-10,True
heterogeneous-168,wider-float32,80,6.999999992300571,0.4500000007854339,-0.586000000924253,-7.69942865019857e-09,7.854338845980635e-10,-9.242530074615729e-10,True
heterogeneous-168,wider-float32,81,5.999999947233754,0.4999999998039258,0.23500000078514988,-5.276624559513721e-08,-1.9607421242184842e-10,7.851498895483644e-10,True
heterogeneous-168,wider-float32,82,6.000000052909073,0.5000000019098111,0.5609999992990822,5.2909072678630764e-08,1.909811087053015e-09,-7.009178792927173e-10,True
heterogeneous-168,wider-float32,83,8.000000000007189,0.40000000011342013,-0.6620000005537029,7.188916129052814e-12,1.1342010663994984e-10,-5.537028613389339e-10,True
heterogeneous-168,wider-float32,84,5.999999984781306,0.5000000005682727,-0.14799999938193406,-1.5218693860674648e-08,5.682726511579972e-10,6.180659317678305e-10,True
heterogeneous-168,wider-float32,85,6.000000013342654,0.5000000002692109,-0.044000000054803784,1.3342654092696193e-08,2.692108758139966e-10,-5.4803786508905716e-11,True
heterogeneous-168,wider-float32,86,5.999999987252395,0.4999999999924604,-0.1820000005461491,-1.274760474956338e-08,-7.53958007138067e-12,-5.461490981684136e-10,True
heterogeneous-168,wider-float32,87,5.999999981739327,0.5000000007301071,-0.1820000005065403,-1.8260672973724468e-08,7.301070859000447e-10,-5.065403096971011e-10,True
heterogeneous-168,wider-float32,88,6.000000001657762,0.49999999931818867,-0.3339999988999147,1.6577619277313715e-09,-6.81811329616977e-10,1.100085300631548e-09,True
heterogeneous-168,wider-float32,89,6.000000000839803,0.5000000018076979,-0.3449999996876819,8.398028938927382e-10,1.8076978802739063e-09,3.1231806030262987e-10,True
heterogeneous-168,wider-float32,90,5.999999996897982,0.500000000240525,0.402999998920235,-3.1020181978647088e-09,2.405250443260343e-10,-1.0797649996341363e-09,True
heterogeneous-168,wider-float32,91,8.000000015041449,0.4000000016041405,-0.5680000014790141,1.504144897523929e-08,1.6041404871103282e-09,-1.4790141333875795e-09,True
heterogeneous-168,wider-float32,92,6.999999967799995,0.4499999984696412,-0.5890000015407665,-3.2200005328775205e-08,-1.5303587841408728e-09,-1.54076651437407e-09,True
heterogeneous-168,wider-float32,93,5.999999971083307,0.5000000008267808,0.23300000160067502,-2.8916693040059727e-08,8.267807549700024e-10,1.6006750092056876e-09,True
heterogeneous-168,wider-float32,94,5.999999967175294,0.4999999994864245,0.5650000021868248,-3.282470562027129e-08,-5.135755154483945e-10,2.186824832328682e-09,True
heterogeneous-168,wider-float32,95,8.000000037459152,0.4000000002437205,-0.6690000016285185,3.7459152224528225e-08,2.437204882355104e-10,-1.62851843121814e-09,True
heterogeneous-168,wider-float32,96,5.999999998915107,0.5000000009977237,-0.1330000015158349,-1.0848930642737287e-09,9.977236814506796e-10,-1.5158349020438777e-09,True
heterogeneous-168,wider-float32,97,6.000000012867677,0.5000000018171316,-0.1749999995642998,1.286767670194422e-08,1.8171315563364487e-09,4.3570019814254124e-10,True
heterogeneous-168,wider-float32,98,6.000000007960519,0.5000000004928865,-0.08300000250348365,7.960519354810458e-09,4.928865093845047e-10,-2.5034836426129914e-09,True
heterogeneous-168,wider-float32,99,5.99999997821518,0.4999999983445203,0.013000001099425954,-2.1784820170012154e-08,-1.6554796977708008e-09,1.0994259547897345e-09,True
heterogeneous-168,wider-float32,100,7.000000005703097,0.4500000004082995,-0.3099999992325778,5.703096661591189e-09,4.0829950531673376e-10,7.674221813580573e-10,True
heterogeneous-168,wider-float32,101,6.000000027649075,0.5000000000648467,0.1949999990339715,2.764907502950109e-08,6.484668357842338e-11,-9.66028507187744e-10,True
heterogeneous-168,wider-float32,102,5.999999998043875,0.4999999993017506,-0.22999999964984522,-1.9561250397259755e-09,-6.982494027418795e-10,3.501547940487626e-10,True
heterogeneous-168,wider-float32,103,6.000000019203047,0.5000000018364521,-0.268000001138247,1.9203047152416275e-08,1.8364521015001856e-09,-1.1382469966569886e-09,True
heterogeneous-168,wider-float32,104,6.000000011602526,0.5000000002415433,-0.21300000022414192,1.1602526051035511e-08,2.4154334088422047e-10,-2.241419272408507e-10,True
heterogeneous-168,wider-float32,105,6.00000000902352,0.5000000022300691,-0.19000000055123814,9.023519709216998e-09,2.2300691293608566e-09,-5.512381384686904e-10,True
heterogeneous-168,wider-float32,106,6.999999991424013,0.4499999998932953,-0.5850000017728842,-8.575987031633758e-09,-1.0670470063089965e-10,-1.772884283823828e-09,True
heterogeneous-168,wider-float32,107,6.000000037390919,0.49999999971610526,0.24400000078583473,3.739091880561318e-08,-2.8389474104884016e-10,7.858347306211044e-10,True
heterogeneous-168,wider-float32,108,5.999999972683061,0.49999999880805623,0.5610000008089163,-2.731693893309739e-08,-1.1919437659102528e-09,8.089162673030614e-10,True
heterogeneous-168,wider-float32,109,7.999999987531939,0.39999999826473587,-0.6639999984506969,-1.2468061250103801e-08,-1.7352641545897995e-09,1.5493031302327154e-09,True
heterogeneous-168,wider-float32,110,6.000000025009852,0.5000000013432647,-0.23800000162303483,2.500985196718375e-08,1.3432647216760074e-09,-1.623034845410487e-09,True
heterogeneous-168,wider-float32,111,6.0000000066203505,0.49999999934221684,0.6730000001074787,6.620350490038618e-09,-6.577831612730733e-10,1.0747869261251708e-10,True
heterogeneous-168,wider-float32,112,8.000000004132826,0.3999999989813115,-0.6589999994470127,4.132825637270798e-09,-1.0186885224250375e-09,5.52987322599563e-10,True
heterogeneous-168,wider-float32,113,6.999999993752105,0.4500000000797958,-0.8719999990041357,-6.24789464609421e-09,7.979578109384988e-11,9.958642799290374e-10,True
heterogeneous-168,wider-float32,114,7.000000025255771,0.45000000039194127,-0.5840000011204751,2.525577080803032e-08,3.919412572273018e-10,-1.1204751571014526e-09,True
heterogeneous-168,wider-float32,115,5.999999951473761,0.499999999431461,0.23400000206131374,-4.8526239027069096e-08,-5.685389936616048e-10,2.0613137308167495e-09,True
heterogeneous-168,wider-float32,116,6.000000028168984,0.4999999998609484,0.5619999988955702,2.8168983590148855e-08,-1.390516035648659e-10,-1.1044298808826625e-09,True
heterogeneous-168,wider-float32,117,8.000000003185054,0.3999999986245225,-0.6659999999253227,3.1850539983224735e-09,-1.375477509668599e-09,7.467737539457175e-11,True
heterogeneous-168,wider-float32,118,5.999999994144911,0.49999999900333875,-0.21199999985509332,-5.855088858197632e-09,-9.966612535272645e-10,1.4490666999655843e-10,True
heterogeneous-168,wider-float32,119,6.000000051261577,0.5000000030559495,-0.19100000178809978,5.1261577205252706e-08,3.055949493457888e-09,-1.7880997793540132e-09,True
heterogeneous-168,wider-float32,120,5.999999974013885,0.4999999980761759,0.6669999992773606,-2.5986114593479215e-08,-1.9238241000252287e-09,-7.226393927695085e-10,True
heterogeneous-168,wider-float32,121,8.000000015584536,0.4000000003519433,-0.652999999746524,1.558453632810597e-08,3.5194325231913126e-10,2.5347601795289165e-10,True
heterogeneous-168,wider-float32,122,7.000000003866924,0.4500000019758317,-0.8770000004886166,3.8669236701593945e-09,1.9758316649465257e-09,-4.886165916317964e-10,True
heterogeneous-168,wider-float32,123,6.999999996866781,0.44999999911630306,-0.5579999982229851,-3.1332190175703545e-09,-8.836969489500746e-10,1.7770149796092483e-09,True
heterogeneous-168,wider-float32,124,5.999999956276703,0.4999999984630216,0.18599999980156676,-4.372329698298927e-08,-1.5369783779028978e-09,-1.9843324206014756e-10,True
heterogeneous-168,wider-float32,125,5.999999996642547,0.4999999994395906,0.5740000000714841,-3.3574529822999466e-09,-5.604093855637871e-10,7.148415193114488e-11,True
heterogeneous-168,wider-float32,126,8.000000012353116,0.4000000002735191,-0.6940000008325085,1.235311586356147e-08,2.7351909626105453e-10,-8.32508506576346e-10,True
heterogeneous-168,wider-float32,127,5.999999977919714,0.49999999878782536,0.0960000004615005,-2.2080286044001696e-08,-1.212174638443031e-09,4.6150050447835156e-10,True
heterogeneous-168,wider-float32,128,15.999999979667926,0.49999999855797234,-0.2849999983512423,-2.0332073802364903e-08,-1.442027663944856e-09,1.6487576859347541e-09,True
heterogeneous-168,wider-float32,129,7.000000013273255,0.4499999987220208,-0.5919999998170189,1.3273255383694504e-08,-1.277979222447101e-09,1.829810747366878e-10,True
heterogeneous-168,wider-float32,130,6.000000030435371,0.5000000016262967,0.2670000004346588,3.043537066815816e-08,1.6262966529012601e-09,4.3465880894544284e-10,True
heterogeneous-168,wider-float32,131,6.000000005681633,0.5000000008432367,0.5599999969392707,5.681632941900716e-09,8.432367026856014e-10,-3.0607293366458066e-09,True
heterogeneous-168,wider-float32,132,8.000000019232537,0.4000000008777517,-0.6729999995231495,1.9232537340485578e-08,8.777517046532068e-10,4.768505590391214e-10,True
heterogeneous-168,wider-float32,133,5.999999989755331,0.5000000014420312,-0.39200000056398454,-1.0244669113035343e-08,1.4420311611473835e-09,-5.63984525747685e-10,True
heterogeneous-168,wider-float32,134,7.000000031442715,0.45000000060313405,-0.5880000001974597,3.144271509825103e-08,6.031340427092857e-10,-1.9745971524542938e-10,True
heterogeneous-168,wider-float32,135,6.0000000037817,0.5000000008187911,0.21500000157970858,3.7817002862539084e-09,8.187911459955899e-10,1.5797085861635196e-09,True
heterogeneous-168,wider-float32,136,6.000000009853582,0.5000000001221651,0.5599999973243543,9.853581950380885e-09,1.2216505584916604e-10,-2.6756457049970095e-09,True
heterogeneous-168,wider-float32,137,8.000000035673349,0.40000000145963743,-0.66100000075779,3.5673348719456044e-08,1.4596374109387966e-09,-7.577899419075607e-10,True
heterogeneous-168,wider-float32,138,6.000000033742984,0.5000000015156822,-0.0050000021882136945,3.374298440661505e-08,1.5156822463779918e-09,-2.1882136944442743e-09,True
heterogeneous-168,wider-float32,139,6.00000000737624,0.5000000009377567,-0.3619999995000232,7.376240063194928e-09,9.377566501100887e-10,4.999767821978196e-10,True
heterogeneous-168,wider-float32,140,5.999999992831344,0.5000000001032846,-0.36000000022776985,-7.168655891121034e-09,1.0328460309239063e-10,-2.2776985852956955e-10,True
heterogeneous-168,wider-float32,141,6.99999999270153,0.45000000069854584,-0.5899999985974239,-7.298470272587565e-09,6.985458322894544e-10,1.4025760552982547e-09,True
heterogeneous-168,wider-float32,142,5.9999999697749065,0.49999999826876607,0.2140000022946823,-3.022509353911573e-08,-1.7312339339881078e-09,2.2946823052816256e-09,True
heterogeneous-168,wider-float32,143,5.999999996057242,0.4999999991559266,0.5599999965480891,-3.942758119990231e-09,-8.440734222681101e-10,-3.45191097927966e-09,True
heterogeneous-168,wider-float32,144,8.000000026630957,0.399999999958866,-0.6569999994569439,2.6630956995177257e-08,-4.1134040618118206e-11,5.43056155599686e-10,True
heterogeneous-168,wider-float32,145,5.999999994779802,0.49999999922422894,-0.03200000094317773,-5.22019760751391e-09,-7.757710585032385e-10,-9.431777303614552e-10,True
heterogeneous-168,wider-float32,146,5.999999988056378,0.49999999936032574,-0.15400000018796467,-1.1943622091337147e-08,-6.396742580072612e-10,-1.879646716052008e-10,True
heterogeneous-168,wider-float32,147,6.000000003417205,0.4999999998167978,-0.359999999270098,3.4172051854852725e-09,-1.832021756520419e-10,7.299019721962452e-10,True
heterogeneous-168,wider-float32,148,6.00000000439633,0.4999999997671473,-0.33199999971677335,4.3963304108274315e-09,-2.3285268158090844e-10,2.8322666434377197e-10,True
heterogeneous-168,wider-float32,149,6.999999989483282,0.4499999992432711,-0.5929999962642704,-1.0516718162989491e-08,-7.567289017629264e-10,3.735729614540162e-09,True
heterogeneous-168,wider-float32,150,5.999999965479233,0.5000000001610357,0.24199999866237099,-3.452076668963855e-08,1.6103574029813217e-10,-1.3376290075584052e-09,True
heterogeneous-168,wider-float32,151,5.999999975946824,0.49999999851112564,0.556999999335627,-2.405317633957793e-08,-1.4888743571361829e-09,-6.643730010580384e-10,True
heterogeneous-168,wider-float32,152,7.999999998907919,0.3999999998049838,-0.6629999986809183,-1.0920810922243618e-09,-1.9501622539053187e-10,1.3190817327313198e-09,True
heterogeneous-168,wider-float32,153,6.000000015286692,0.5000000014636353,-0.23500000017194558,1.528669191230847e-08,1.4636353240504718e-09,-1.719455966497918e-10,True
heterogeneous-168,wider-float32,154,5.999999979650293,0.4999999993259061,0.048999999904961525,-2.034970680853121e-08,-6.740938918170514e-10,-9.503847708813851e-11,True
heterogeneous-168,wider-float32,155,5.999999998185695,0.49999999911900694,-0.3589999992778626,-1.814305150560358e-09,-8.809930562847512e-10,7.221374054289242e-10,True
heterogeneous-168,wider-float32,156,5.999999990297159,0.49999999812216395,-0.3609999991781698,-9.7028411971678e-09,-1.877836053321147e-09,8.218302149920476e-10,True
heterogeneous-168,wider-float32,157,6.999999987785288,0.44999999943142105,-0.5659999986814308,-1.221471190859802e-08,-5.685789616904913e-10,1.3185691427608504e-09,True
heterogeneous-168,wider-float32,158,6.000000052570556,0.5000000019430558,0.10799999895593607,5.257055590845994e-08,1.9430558273469956e-09,-1.044063932531536e-09,True
heterogeneous-168,wider-float32,159,5.999999993525746,0.5000000012517324,0.5809999967770216,-6.474254021782144e-09,1.2517323844107864e-09,-3.222978328665249e-09,True
heterogeneous-168,wider-float32,160,8.000000064932467,0.40000000243128486,-0.6680000007893486,6.493246651473328e-08,2.4312848401208953e-09,-7.89348586494043e-10,True
heterogeneous-168,wider-float32,161,7.000000017257674,0.4500000014525527,-0.3099999996813518,1.725767440063919e-08,1.4525526892406049e-09,3.1864821892213513e-10,True
heterogeneous-168,wider-float32,162,5.999999997496628,0.4999999992841267,0.16999999969228347,-2.503371732132109e-09,-7.158733050793842e-10,-3.077165466880416e-10,True
heterogeneous-168,wider-float32,163,6.000000046159693,0.500000000885266,0.5669999992986794,4.615969295684863e-08,8.852659716396261e-10,-7.013205571837489e-10,True
heterogeneous-168,wider-float32,164,8.000000007046824,0.39999999954231497,-0.6699999997760835,7.046823569112348e-09,-4.576850565207735e-10,2.2391655196685178e-10,True
heterogeneous-168,wider-float32,165,6.000000009817011,0.5000000002594586,-0.1960000009088875,9.817011203949733e-09,2.5945856574338677e-10,-9.088874930451851e-10,True
heterogeneous-168,wider-float32,166,5.999999991561199,0.49999999908196313,-0.16499999966560192,-8.438800769283716e-09,-9.180368687466967e-10,3.3439809254964814e-10,True
heterogeneous-168,wider-float32,167,5.999999995128835,0.49999999863546285,0.021000000866111607,-4.871164804853834e-09,-1.3645371499393377e-09,8.661116060459939e-10,True
heterogeneous-168,wider-float32,168,7.999999943138947,0.39999999865675473,6.740286896859736e-10,-5.686105275515274e-08,-1.3432452927730765e-09,6.740286896859736e-10,True
heterogeneous-168,mixed-float32,1,7.0000000167457745,0.4500000007174944,-0.5920000004657942,1.674577454480186e-08,7.174943972287906e-10,-4.657941810037869e-10,True
heterogeneous-168,mixed-float32,2,5.999999989151707,0.499999999066443,0.24399999902918953,-1.0848292930631942e-08,-9.335570094748391e-10,-9.708104597994094e-10,True
heterogeneous-168,mixed-float32,3,6.000000013405625,0.5000000003898961,0.5590000024609488,1.3405625054474513e-08,3.898961153936398e-10,2.4609487780935524e-09,True
heterogeneous-168,mixed-float32,4,7.999999947610404,0.39999999844987333,-0.6650000002481247,-5.2389595772694975e-08,-1.5501266936723823e-09,-2.4812463195189594e-10,True
heterogeneous-168,mixed-float32,5,5.999999999308537,0.4999999996284245,-0.2739999989376283,-6.914628869481021e-10,-3.715754925970316e-10,1.0623717461299975e-09,True
heterogeneous-168,mixed-float32,6,5.999999997354988,0.500000000908231,0.07299999977604459,-2.6450122092569472e-09,9.082310459262999e-10,-2.2395540977271367e-10,True
heterogeneous-168,mixed-float32,7,15.999999997992447,0.4999999999555648,-0.1410000002494775,-2.007553234761872e-09,-4.4435177759538647e-11,-2.4947752197412854e-10,True
heterogeneous-168,mixed-float32,8,6.00000001107417,0.5000000014168082,-0.0700000007592291,1.107417002543798e-08,1.4168082262955295e-09,-7.592290962588066e-10,True
heterogeneous-168,mixed-float32,9,6.999999991732021,0.45000000116600447,-0.5890000006407224,-8.26797919017963e-09,1.1660044596517594e-09,-6.40722475075961e-10,True
heterogeneous-168,mixed-float32,10,5.999999975261399,0.5000000012090203,0.23499999900761231,-2.473860138962891e-08,1.2090203282966172e-09,-9.92387672038575e-10,True
heterogeneous-168,mixed-float32,11,6.000000031044034,0.5000000010675566,0.5590000002336419,3.1044034010108135e-08,1.0675565986772995e-09,2.3364188361796323e-10,True
heterogeneous-168,mixed-float32,12,7.999999968707859,0.39999999804922076,-0.6559999993518528,-3.1292141322580846e-08,-1.950779260351254e-09,6.481472025754442e-10,True
heterogeneous-168,mixed-float32,13,6.000000002058695,0.500000000821283,-0.15599999943465415,2.0586954363466248e-09,8.21283041574361e-10,5.653458534649047e-10,True
heterogeneous-168,mixed-float32,14,5.999999980120253,0.4999999993787556,0.006999998569554557,-1.987974673767212e-08,-6.212443892650299e-10,-1.4304454435190572e-09,True
heterogeneous-168,mixed-float32,15,6.000000011296938,0.4999999999930405,-0.20399999791229442,1.1296937607596647e-08,-6.959488541014025e-12,2.08770556398008e-09,True
heterogeneous-168,mixed-float32,16,6.000000037119122,0.500000001693179,-0.20499999988914194,3.711912199833023e-08,1.6931790414176362e-09,1.1085804496602236e-10,True
heterogeneous-168,mixed-float32,17,5.999999990412298,0.49999999796564915,-0.17700000076794528,-9.587702187729974e-09,-2.034350854440703e-09,-7.67945290691685e-10,True
heterogeneous-168,mixed-float32,18,6.000000005502829,0.5000000014671674,-0.17900000153302145,5.502829303338785e-09,1.4671673875810143e-09,-1.533021459776407e-09,True
heterogeneous-168,mixed-float32,19,6.000000010851615,0.5000000006360431,-0.18199999926375174,1.085161471792162e-08,6.360431070717709e-10,7.362482568051831e-10,True
heterogeneous-168,mixed-float32,20,7.000000032760825,0.450000002280182,-0.5900000027363465,3.2760825163791196e-08,2.2801819876683282e-09,-2.736346482734575e-09,True
heterogeneous-168,mixed-float32,21,6.0000000283596,0.5000000017040537,0.23999999998512303,2.8359600001692797e-08,1.7040536759438396e-09,-1.4876960774401482e-11,True
heterogeneous-168,mixed-float32,22,6.000000003459899,0.4999999994624102,0.5579999985795345,3.459899033941838e-09,-5.375898060044904e-10,-1.4204655229832497e-09,True
heterogeneous-168,mixed-float32,23,8.000000008293012,0.40000000030991434,-0.6579999987674644,8.293012498938879e-09,3.0991431643201395e-10,1.2325356291142953e-09,True
heterogeneous-168,mixed-float32,24,6.000000008107049,0.49999999964726155,-0.21500000067117264,8.107049254135745e-09,-3.5273844956051903e-10,-6.71172645239082e-10,True
heterogeneous-168,mixed-float32,25,6.000000018050858,0.5000000006250536,-0.19000000025861388,1.8050857697460287e-08,6.250535644625188e-10,-2.5861388031067634e-10,True
heterogeneous-168,mixed-float32,26,6.0000000113663035,0.5000000005949113,0.116000000200138,1.1366303453996807e-08,5.949113424108532e-10,2.001379895144595e-10,True
heterogeneous-168,mixed-float32,27,7.000000003199038,0.4500000010128474,-0.6040000011844158,3.199038367540652e-09,1.0128473615367284e-09,-1.1844157876694794e-09,True
heterogeneous-168,mixed-float32,28,6.000000058206843,0.5000000023612645,0.900999998670432,5.8206842901142863e-08,2.3612645172477187e-09,-1.3295680112435093e-09,True
heterogeneous-168,mixed-float32,29,7.000000015417997,0.4500000002626884,-0.9080000005206553,1.5417996657163258e-08,2.6268837105547505e-10,-5.206552966541267e-10,True
heterogeneous-168,mixed-float32,30,6.999999986078205,0.4500000011243884,-0.9060000007328977,-1.3921795272153759e-08,1.1243884157075001e-09,-7.3289763147244e-10,True
heterogeneous-168,mixed-float32,31,6.999999992278947,0.44999999912152006,-0.583999997349956,-7.721053130183009e-09,-8.784799554462097e-10,2.6500439620491534e-09,True
heterogeneous-168,mixed-float32,32,5.999999987628027,0.49999999905699927,0.23499999737589522,-1.2371972779590124e-08,-9.430007330557544e-10,-2.6241047668129625e-09,True
heterogeneous-168,mixed-float32,33,6.000000030548099,0.5000000013774966,0.5630000008578434,3.0548099161364917e-08,1.3774965612611823e-09,8.578434629313847e-10,True
heterogeneous-168,mixed-float32,34,8.000000011501228,0.4000000012888144,-0.6630000014903494,1.1501228414090292e-08,1.288814388544779e-09,-1.4903493994466999e-09,True
heterogeneous-168,mixed-float32,35,5.999999998395901,0.49999999930091693,-0.1529999998142424,-1.6040990757915097e-09,-6.990830692110706e-10,1.8575760374339723e-10,True
heterogeneous-168,mixed-float32,36,5.999999993973092,0.499999999622145,0.022000001397889227,-6.026907861667041e-09,-3.7785502504661395e-10,1.3978892279831179e-09,True
heterogeneous-168,mixed-float32,37,7.0000000151634945,0.44999999920477657,-0.295999999583179,1.5163494460068705e-08,-7.952234426511495e-10,4.168209666310929e-10,True
heterogeneous-168,mixed-float32,38,6.000000022056979,0.5000000007760234,-0.18200000148264112,2.2056979354090345e-08,7.760233566855845e-10,-1.4826411209867274e-09,True
heterogeneous-168,mixed-float32,39,6.000000000222064,0.4999999999440955,-0.012000000590186922,2.220641448502647e-10,-5.590450324888252e-11,-5.901869219032685e-10,True
heterogeneous-168,mixed-float32,40,7.000000010413575,0.45000000149882946,-0.22500000068183143,1.0413574891288135e-08,1.4988294494422405e-09,-6.818314246537227e-10,True
heterogeneous-168,mixed-float32,41,7.000000006355742,0.4499999990413203,-0.5680000008883411,6.3557417107062975e-09,-9.586796911875695e-10,-8.883411783955353e-10,True
heterogeneous-168,mixed-float32,42,6.000000029001467,0.4999999999768009,0.24599999964509892,2.9001467005684844e-08,-2.319910930026481e-11,-3.54901080745762e-10,True
heterogeneous-168,mixed-float32,43,5.999999973364246,0.5000000004652528,0.5700000020496738,-2.6635754046822058e-08,4.6525283625697966e-10,2.0496738750708232e-09,True
heterogeneous-168,mixed-float32,44,8.000000005330467,0.4000000002275568,-0.6730000011675443,5.33046673467652e-09,2.2755675121999275e-10,-1.1675442834757632e-09,True
heterogeneous-168,mixed-float32,45,5.999999939242657,0.49999999685629726,-0.27599999802465447,-6.07573431565811e-08,-3.1437027425695874e-09,1.9753455537951936e-09,True
heterogeneous-168,mixed-float32,46,5.999999987278892,0.4999999982275733,0.7040000012532677,-1.2721107722768465e-08,-1.7724267054042286e-09,1.2532677118315405e-09,True
heterogeneous-168,mixed-float32,47,7.999999985447002,0.39999999980440787,-0.7710000007257632,-1.4552997917860466e-08,-1.9559215358455617e-10,-7.257632272938963e-10,True
heterogeneous-168,mixed-float32,48,8.000000005803752,0.3999999997949486,-0.760999999804769,5.803752145538965e-09,-2.050514202878162e-10,1.9523105354579684e-10,True
heterogeneous-168,mixed-float32,49,7.000000013245126,0.45000000070928825,-0.5750000004326455,1.3245125884964182e-08,7.09288239253425e-10,-4.326455860237388e-10,True
heterogeneous-168,mixed-float32,50,6.000000002636597,0.5000000002435494,0.2339999983342104,2.6365967187302886e-09,2.4354940286741567e-10,-1.6657896173555287e-09,True
heterogeneous-168,mixed-float32,51,6.000000018654655,0.4999999997122281,0.5680000020651551,1.8654654709848728e-08,-2.8777191740658736e-10,2.0651551579931038e-09,True
heterogeneous-168,mixed-float32,52,8.000000052775317,0.40000000024900884,-0.6810000015416542,5.2775316561337604e-08,2.490088135687074e-10,-1.541654137682258e-09,True
heterogeneous-168,mixed-float32,53,6.00000002135147,0.5000000000693015,-0.20700000000824897,2.1351469925434685e-08,6.930145346473182e-11,-8.248984828540529e-12,True
heterogeneous-168,mixed-float32,54,5.999999976749827,0.49999999953336366,-0.22299999906469997,-2.3250173342148628e-08,-4.666363406791163e-10,9.35300031867925e-10,True
heterogeneous-168,mixed-float32,55,6.000000047661382,0.5000000015509773,0.6929999984989843,4.7661382396313456e-08,1.5509773465538501e-09,-1.5010156451111811e-09,True
heterogeneous-168,mixed-float32,56,8.000000000154236,0.40000000030369154,-0.7720000000327712,1.5423573529460555e-10,3.0369151637898995e-10,-3.277123017397798e-11,True
heterogeneous-168,mixed-float32,57,7.999999989273913,0.39999999925941226,-0.7639999992522594,-1.0726086685508562e-08,-7.405877577859599e-10,7.477406471778636e-10,True
heterogeneous-168,mixed-float32,58,6.99999998847563,0.45000000112099636,-0.5850000013943337,-1.1524369902815579e-08,1.120996351300363e-09,-1.3943337595634375e-09,True
heterogeneous-168,mixed-float32,59,6.000000020057853,0.5000000015988698,0.2379999987792704,2.0057853156174588e-08,1.5988698143232227e-09,-1.2207296007371582e-09,True
heterogeneous-168,mixed-float32,60,5.999999977871439,0.5000000012737001,0.5609999979123076,-2.2128561205647657e-08,1.2737001453544394e-09,-2.0876924633483895e-09,True
heterogeneous-168,mixed-float32,61,7.999999980311129,0.399999999995785,-0.6519999979282307,-1.9688870978029627e-08,-4.215017224140638e-12,2.071769311662308e-09,True
heterogeneous-168,mixed-float32,62,6.000000022351777,0.5000000024398807,-0.2139999999892969,2.2351777317908272e-08,2.4398807418890556e-09,1.0703105068898822e-11,True
heterogeneous-168,mixed-float32,63,5.99999999026256,0.5000000001517065,-0.16400000058291672,-9.737440187507218e-09,1.5170653622220698e-10,-5.829167148974079e-10,True
heterogeneous-168,mixed-float32,64,6.00000000799619,0.4999999998742597,-0.19099999966167075,7.996190376502454e-09,-1.2574030705536643e-10,3.3832925350196774e-10,True
heterogeneous-168,mixed-float32,65,6.000000004885399,0.4999999999207164,0.03700000012725135,4.885398752207948e-09,-7.928357970143907e-11,1.2725135528635079e-10,True
heterogeneous-168,mixed-float32,66,7.000000000926221,0.44999999923027895,-0.3979999996855192,9.26220877772721e-10,-7.697210646639974e-10,3.144808302657509e-10,True
heterogeneous-168,mixed-float32,67,7.0000000317925215,0.45000000181747607,-0.5789999996996823,3.1792521504314664e-08,1.81747605854099e-09,3.0031765962945656e-10,True
heterogeneous-168,mixed-float32,68,6.0000000256247965,0.500000000864688,0.1929999987803067,2.5624796506917846e-08,8.646879878781988e-10,-1.219693318565973e-09,True
heterogeneous-168,mixed-float32,69,6.000000040124653,0.5000000012912454,0.566999996622086,4.0124652933570815e-08,1.2912454439018006e-09,-3.3779139485545784e-09,True
heterogeneous-168,mixed-float32,70,8.000000026536572,0.399999999693495,-0.6709999983170181,2.6536572050872564e-08,-3.06505043567995e-10,1.6829819760033615e-09,True
heterogeneous-168,mixed-float32,71,6.000000023084428,0.5000000004782236,0.07899999997069233,2.308442770271313e-08,4.782235718536754e-10,-2.930766740405488e-11,True
heterogeneous-168,mixed-float32,72,8.000000012051878,0.3999999985395093,-0.4889999993723773,1.2051877718022297e-08,-1.4604907283555235e-09,6.276226760526527e-10,True
heterogeneous-168,mixed-float32,73,7.000000013893825,0.4500000009338287,-0.5729999988336055,1.3893824757360562e-08,9.338286810489649e-10,1.166394425489159e-09,True
heterogeneous-168,mixed-float32,74,5.999999978183735,0.4999999992071038,0.16900000013501215,-2.1816265238783217e-08,-7.928961931469303e-10,1.3501214035649411e-10,True
heterogeneous-168,mixed-float32,75,6.000000000483272,0.5000000003163152,0.5650000019254902,4.832720890135533e-10,3.163151962581878e-10,1.9254902117182837e-09,True
heterogeneous-168,mixed-float32,76,7.999999971997847,0.3999999989960739,-0.6589999999605894,-2.8002152596684482e-08,-1.0039261089112017e-09,3.9410585905841344e-11,True
heterogeneous-168,mixed-float32,77,5.999999974721467,0.499999997228932,0.23200000004452362,-2.5278533044570395e-08,-2.771067986184761e-09,4.452360702345004e-11,True
heterogeneous-168,mixed-float32,78,7.999999985883359,0.4000000000385564,-0.4939999995228216,-1.4116641189332313e-08,3.855638031069475e-11,4.771784078982932e-10,True
heterogeneous-168,mixed-float32,79,6.000000005410601,0.4999999996819056,-0.41299999946995153,5.410600856237124e-09,-3.1809438416630087e-10,5.300484495762703e-10,True
heterogeneous-168,mixed-float32,80,6.999999992300556,0.4500000007854339,-0.5860000009242513,-7.699443749231705e-09,7.854338845980635e-10,-9.24251342127036e-10,True
heterogeneous-168,mixed-float32,81,5.999999947233759,0.49999999980392584,0.23500000078514782,-5.276624115424511e-08,-1.9607415691069718e-10,7.851478356357688e-10,True
heterogeneous-168,mixed-float32,82,6.000000052909029,0.5000000019098111,0.5609999992990842,5.29090291578882e-08,1.909811087053015e-09,-7.00915880891273e-10,True
heterogeneous-168,mixed-float32,83,8.000000000007185,0.4000000001134201,-0.6620000005537015,7.185363415374013e-12,1.134200511287986e-10,-5.537014180490019e-10,True
heterogeneous-168,mixed-float32,84,5.999999984781291,0.5000000005682727,-0.1479999993819356,-1.5218708959707783e-08,5.682726511579972e-10,6.180644052111717e-10,True
heterogeneous-168,mixed-float32,85,6.00000001334268,0.5000000002692109,-0.04400000005480273,1.3342679849870365e-08,2.692108758139966e-10,-5.480273179703232e-11,True
heterogeneous-168,mixed-float32,86,5.999999987252403,0.4999999999924604,-0.1820000005461502,-1.2747596755957602e-08,-7.53958007138067e-12,-5.461502083914382e-10,True
heterogeneous-168,mixed-float32,87,5.999999981739311,0.5000000007301071,-0.18200000050653994,-1.8260688960936022e-08,7.301070859000447e-10,-5.065399488746181e-10,True
heterogeneous-168,mixed-float32,88,6.000000001657797,0.49999999931818867,-0.3339999988999202,1.6577965666897398e-09,-6.81811329616977e-10,1.1000798050275762e-09,True
heterogeneous-168,mixed-float32,89,6.00000000083979,0.500000001807698,-0.34499999968768214,8.397895712164427e-10,1.8076979912962088e-09,3.1231783825802495e-10,True
heterogeneous-168,mixed-float32,90,5.999999996898062,0.500000000240525,0.4029999989202388,-3.1019382618069358e-09,2.405250443260343e-10,-1.0797612248758526e-09,True
heterogeneous-168,mixed-float32,91,8.000000015041422,0.4000000016041406,-0.5680000014790156,1.50414223298867e-08,1.6041405981326307e-09,-1.479015687699814e-09,True
heterogeneous-168,mixed-float32,92,6.99999996779997,0.4499999984696413,-0.5890000015407646,-3.220003019777096e-08,-1.5303587286297216e-09,-1.5407646269949282e-09,True
heterogeneous-168,mixed-float32,93,5.999999971083313,0.5000000008267806,0.23300000160066717,-2.891668682281079e-08,8.267806439476999e-10,1.6006671543777884e-09,True
heterogeneous-168,mixed-float32,94,5.999999967175229,0.49999999948642454,0.5650000021868338,-3.2824771345474346e-08,-5.135754599372433e-10,2.1868338251351815e-09,True
heterogeneous-168,mixed-float32,95,8.000000037459138,0.4000000002437205,-0.669000001628523,3.745913801367351e-08,2.437204882355104e-10,-1.628522983132541e-09,True
heterogeneous-168,mixed-float32,96,5.999999998915159,0.5000000009977237,-0.13300000151583635,-1.0848406617469664e-09,9.977236814506796e-10,-1.5158363453338097e-09,True
heterogeneous-168,mixed-float32,97,6.000000012867675,0.5000000018171316,-0.17499999956429832,1.286767492558738e-08,1.8171315563364487e-09,4.3570166918804887e-10,True
heterogeneous-168,mixed-float32,98,6.000000007960485,0.5000000004928865,-0.08300000250348359,7.96048471585209e-09,4.928865093845047e-10,-2.50348358710184e-09,True
heterogeneous-168,mixed-float32,99,5.999999978215181,0.4999999983445203,0.013000001099426964,-2.1784819281833734e-08,-1.6554796977708008e-09,1.0994269643987975e-09,True
heterogeneous-168,mixed-float32,100,7.000000005703071,0.45000000040829946,-0.30999999923257626,5.703070904417018e-09,4.0829944980558253e-10,7.674237356702918e-10,True
heterogeneous-168,mixed-float32,101,6.000000027649062,0.5000000000648468,0.19499999903397144,2.7649061706824796e-08,6.484679460072584e-11,-9.660285626988951e-10,True
heterogeneous-168,mixed-float32,102,5.999999998043887,0.4999999993017506,-0.22999999964984674,-1.9561126052280997e-09,-6.982494027418795e-10,3.5015326749210374e-10,True
heterogeneous-168,mixed-float32,103,6.000000019203045,0.5000000018364521,-0.26800000113824746,1.9203045376059436e-08,1.8364521015001856e-09,-1.1382474407461984e-09,True
heterogeneous-168,mixed-float32,104,6.000000011602517,0.5000000002415433,-0.2130000002241418,1.1602517169251314e-08,2.4154334088422047e-10,-2.2414181621854823e-10,True
heterogeneous-168,mixed-float32,105,6.000000009023517,0.5000000022300691,-0.19000000055123714,9.02351704468174e-09,2.2300691293608566e-09,-5.512371392679682e-10,True
heterogeneous-168,mixed-float32,106,6.99999999142399,0.4499999998932953,-0.5850000017728845,-8.57601012427267e-09,-1.0670470063089965e-10,-1.7728845058684328e-09,True
heterogeneous-168,mixed-float32,107,6.000000037390914,0.49999999971610526,0.24400000078583067,3.7390914364721084e-08,-2.8389474104884016e-10,7.858306783070645e-10,True
heterogeneous-168,mixed-float32,108,5.99999997268312,0.49999999880805623,0.5610000008089205,-2.731688031332169e-08,-1.1919437659102528e-09,8.08920486150555e-10,True
heterogeneous-168,mixed-float32,109,7.999999987531917,0.39999999826473587,-0.6639999984506926,-1.2468082566385874e-08,-1.7352641545897995e-09,1.5493074601025114e-09,True
heterogeneous-168,mixed-float32,110,6.000000025009893,0.5000000013432646,-0.23800000162303414,2.5009892823391056e-08,1.343264610653705e-09,-1.6230341515210966e-09,True
heterogeneous-168,mixed-float32,111,6.000000006620335,0.49999999934221684,0.6730000001074733,6.620335391005483e-09,-6.577831612730733e-10,1.0747325251969642e-10,True
heterogeneous-168,mixed-float32,112,8.000000004132797,0.39999999898131144,-0.6589999994470092,4.132797215561368e-09,-1.0186885779361887e-09,5.529908753132418e-10,True
heterogeneous-168,mixed-float32,113,6.999999993752094,0.4500000000797958,-0.8719999990041334,-6.247906192413666e-09,7.979578109384988e-11,9.95866611397389e-10,True
heterogeneous-168,mixed-float32,114,7.000000025255789,0.4500000003919412,-0.5840000011204871,2.5255788571598714e-08,3.9194120171615054e-10,-1.1204871475101186e-09,True
heterogeneous-168,mixed-float32,115,5.999999951473815,0.49999999943146095,0.23400000206131288,-4.8526184848185494e-08,-5.68539049172756e-10,2.0613128703939054e-09,True
heterogeneous-168,mixed-float32,116,6.000000028169101,0.4999999998609484,0.5619999988955644,2.8169100829700255e-08,-1.390516035648659e-10,-1.1044356540423905e-09,True
heterogeneous-168,mixed-float32,117,8.000000003185091,0.3999999986245225,-0.6659999999253212,3.185091301816101e-09,-1.375477509668599e-09,7.467881868450377e-11,True
heterogeneous-168,mixed-float32,118,5.9999999941449085,0.4999999990033388,-0.21199999985508794,-5.8550915227328915e-09,-9.966611980161133e-10,1.4491205457822787e-10,True
heterogeneous-168,mixed-float32,119,6.000000051261588,0.5000000030559495,-0.1910000017881038,5.126158786339374e-08,3.055949493457888e-09,-1.7881038039124775e-09,True
heterogeneous-168,mixed-float32,120,5.999999974013874,0.4999999980761759,0.6669999992773555,-2.598612613979867e-08,-1.9238241000252287e-09,-7.226444997954218e-10,True
heterogeneous-168,mixed-float32,121,8.000000015584499,0.40000000035194316,-0.6529999997465138,1.558449902461234e-08,3.519431412968288e-10,2.534862320047182e-10,True
heterogeneous-168,mixed-float32,122,7.000000003866938,0.4500000019758317,-0.8770000004886175,3.86693788101411e-09,1.9758316649465257e-09,-4.886174798102161e-10,True
heterogeneous-168,mixed-float32,123,6.999999996866878,0.44999999911630306,-0.5579999982229906,-3.133122206122607e-09,-8.836969489500746e-10,1.7770094284941251e-09,True
heterogeneous-168,mixed-float32,124,5.999999956276746,0.4999999984630216,0.1859999998015643,-4.372325435042512e-08,-1.5369783779028978e-09,-1.9843571230637735e-10,True
heterogeneous-168,mixed-float32,125,5.999999996642558,0.49999999943959067,0.5740000000714797,-3.35744232415891e-09,-5.604093300526358e-10,7.147971103904638e-11,True
heterogeneous-168,mixed-float32,126,8.000000012353112,0.40000000027351906,-0.6940000008325068,1.2353112310847791e-08,2.735190407499033e-10,-8.325068412418091e-10,True
heterogeneous-168,mixed-float32,127,5.999999977919709,0.49999999878782536,0.09600000046150198,-2.2080291373072214e-08,-1.212174638443031e-09,4.615019755238592e-10,True
heterogeneous-168,mixed-float32,128,15.999999979667786,0.49999999855797234,-0.28499999835124423,-2.0332214134555215e-08,-1.442027663944856e-09,1.648755743044461e-09,True
heterogeneous-168,mixed-float32,129,7.000000013273273,0.44999999872202073,-0.5919999998170091,1.3273273147262898e-08,-1.2779792779582522e-09,1.829908446993045e-10,True
heterogeneous-168,mixed-float32,130,6.0000000304353245,0.5000000016262965,0.2670000004346514,3.043532448288033e-08,1.6262965418789577e-09,4.3465137045117785e-10,True
heterogeneous-168,mixed-float32,131,6.00000000568169,0.5000000008432367,0.5599999969392742,5.681689785319577e-09,8.432367026856014e-10,-3.0607258949544303e-09,True
heterogeneous-168,mixed-float32,132,8.000000019232502,0.40000000087775167,-0.6729999995231497,1.923250181334879e-08,8.777516491420556e-10,4.768503369945165e-10,True
heterogeneous-168,mixed-float32,133,5.999999989755424,0.5000000014420313,-0.3920000005639837,-1.0244575854301274e-08,1.442031272169686e-09,-5.639836930804165e-10,True
heterogeneous-168,mixed-float32,134,7.000000031442741,0.45000000060313405,-0.5880000001974574,3.14427408554252e-08,6.031340427092857e-10,-1.9745738377707767e-10,True
heterogeneous-168,mixed-float32,135,6.000000003781765,0.5000000008187911,0.2150000015797004,3.7817651232785465e-09,8.187911459955899e-10,1.579700398268713e-09,True
heterogeneous-168,mixed-float32,136,6.000000009853562,0.5000000001221651,0.5599999973243598,9.853562410455652e-09,1.2216505584916604e-10,-2.675640264904189e-09,True
heterogeneous-168,mixed-float32,137,8.000000035673445,0.40000000145963743,-0.6610000007577986,3.567344464272537e-08,1.4596374109387966e-09,-7.577986016471527e-10,True
heterogeneous-168,mixed-float32,138,6.000000033742989,0.5000000015156822,-0.005000002188211332,3.374298884750715e-08,1.5156822463779918e-09,-2.1882113317509e-09,True
heterogeneous-168,mixed-float32,139,6.00000000737621,0.5000000009377565,-0.3619999995000205,7.376209865128658e-09,9.377565390877862e-10,4.999795022442299e-10,True
heterogeneous-168,mixed-float32,140,5.9999999928313335,0.5000000001032846,-0.3600000002277706,-7.1686665492620705e-09,1.0328460309239063e-10,-2.2777063568568678e-10,True
heterogeneous-168,mixed-float32,141,6.999999992701455,0.45000000069854584,-0.5899999985974169,-7.29854487957482e-09,6.985458322894544e-10,1.4025830497033098e-09,True
heterogeneous-168,mixed-float32,142,5.999999969774978,0.499999998268766,0.21400000229466218,-3.022502159666374e-08,-1.731233989499259e-09,2.2946621824893043e-09,True
heterogeneous-168,mixed-float32,143,5.999999996057264,0.4999999991559266,0.559999996548098,-3.942735915529738e-09,-8.440734222681101e-10,-3.451902097495463e-09,True
heterogeneous-168,mixed-float32,144,8.000000026630943,0.39999999995886604,-0.6569999994569391,2.6630942784322542e-08,-4.1133985106966975e-11,5.430609295586919e-10,True
heterogeneous-168,mixed-float32,145,5.999999994779821,0.49999999922422894,-0.03200000094317688,-5.220178955767096e-09,-7.757710585032385e-10,-9.43176876877505e-10,True
heterogeneous-168,mixed-float32,146,5.999999988056339,0.49999999936032574,-0.1540000001879575,-1.1943661171187614e-08,-6.396742580072612e-10,-1.8795751066669197e-10,True
heterogeneous-168,mixed-float32,147,6.000000003417209,0.4999999998167978,-0.35999999927009846,3.4172087381989513e-09,-1.832021756520419e-10,7.299015281070353e-10,True
heterogeneous-168,mixed-float32,148,6.000000004396393,0.4999999997671473,-0.33199999971678174,4.3963925833168105e-09,-2.3285268158090844e-10,2.8321828215993605e-10,True
heterogeneous-168,mixed-float32,149,6.999999989483358,0.44999999924327116,-0.5929999962642647,-1.0516641779645397e-08,-7.567288462517752e-10,3.7357352766775875e-09,True
heterogeneous-168,mixed-float32,150,5.99999996547928,0.5000000001610356,0.2419999986623607,-3.4520719616182305e-08,1.610356292758297e-10,-1.3376393048769586e-09,True
heterogeneous-168,mixed-float32,151,5.999999975946858,0.49999999851112564,0.5569999993356447,-2.4053141700619562e-08,-1.4888743571361829e-09,-6.643553485119469e-10,True
heterogeneous-168,mixed-float32,152,7.999999998907869,0.39999999980498374,-0.662999998680916,-1.092130830215865e-09,-1.950162809016831e-10,1.3190840641996715e-09,True
heterogeneous-168,mixed-float32,153,6.000000015286748,0.5000000014636353,-0.23500000017195216,1.528674786754891e-08,1.4636353240504718e-09,-1.7195217472121271e-10,True
heterogeneous-168,mixed-float32,154,5.9999999796503385,0.4999999993259061,0.048999999904961664,-2.0349661511431805e-08,-6.740938918170514e-10,-9.503833831026043e-11,True
heterogeneous-168,mixed-float32,155,5.999999998185696,0.49999999911900694,-0.3589999992778625,-1.8143042623819383e-09,-8.809930562847512e-10,7.221374609400755e-10,True
heterogeneous-168,mixed-float32,156,5.999999990297156,0.49999999812216395,-0.3609999991781686,-9.702843861703059e-09,-1.877836053321147e-09,8.218313807262234e-10,True
heterogeneous-168,mixed-float32,157,6.999999987785508,0.44999999943142105,-0.5659999986814642,-1.2214491640349934e-08,-5.685789616904913e-10,1.3185357250478091e-09,True
heterogeneous-168,mixed-float32,158,6.000000052570575,0.5000000019430558,0.10799999895593561,5.257057456020675e-08,1.9430558273469956e-09,-1.0440643904985336e-09,True
heterogeneous-168,mixed-float32,159,5.99999999352563,0.5000000012517324,0.5809999967770417,-6.474370373155125e-09,1.2517323844107864e-09,-3.2229582336285034e-09,True
heterogeneous-168,mixed-float32,160,8.000000064932491,0.4000000024312848,-0.6680000007893423,6.493249138372903e-08,2.431284784609744e-09,-7.893422582228027e-10,True
heterogeneous-168,mixed-float32,161,7.0000000172576815,0.4500000014525527,-0.309999999681355,1.7257681506066547e-08,1.4525526892406049e-09,3.186449992753637e-10,True
heterogeneous-168,mixed-float32,162,5.999999997496738,0.4999999992841267,0.16999999969226157,-2.5032615980080664e-09,-7.158733050793842e-10,-3.0773844583720233e-10,True
heterogeneous-168,mixed-float32,163,6.000000046159641,0.500000000885266,0.5669999992986885,4.615964144250029e-08,8.852659716396261e-10,-7.013114533549469e-10,True
heterogeneous-168,mixed-float32,164,8.000000007046836,0.3999999995423149,-0.6699999997760827,7.046836003610224e-09,-4.5768511203192475e-10,2.2391732912296902e-10,True
heterogeneous-168,mixed-float32,165,6.000000009817108,0.5000000002594586,-0.19600000090889036,9.81710801539748e-09,2.5945856574338677e-10,-9.088903518694735e-10,True
heterogeneous-168,mixed-float32,166,5.999999991561262,0.49999999908196313,-0.16499999966560538,-8.438737708615918e-09,-9.180368687466967e-10,3.343946231026962e-10,True
heterogeneous-168,mixed-float32,167,5.999999995128885,0.49999999863546285,0.021000000866112974,-4.8711150668623304e-09,-1.3645371499393377e-09,8.66112973008093e-10,True
heterogeneous-168,mixed-float32,168,7.999999943138997,0.39999999865675473,6.74025024297632e-10,-5.686100301716124e-08,-1.3432452927730765e-09,6.74025024297632e-10,True
baseline,first-stage-double,1,5.999999999999998,0.49999999999999994,0.200000000000001,-1.7763568394002505e-15,-5.551115123125783e-17,9.992007221626409e-16,True
baseline,first-stage-double,2,6.999999999999998,0.45,-0.20000000000000046,-1.7763568394002505e-15,0.0,-4.440892098500626e-16,True
baseline,first-stage-double,3,7.999999999999998,0.4,0.2,-1.7763568394002505e-15,0.0,0.0,True
baseline,first-stage-double,4,5.999999999999998,0.5,-0.2,-1.7763568394002505e-15,0.0,0.0,True
baseline,first-stage-double,5,7.000000000000001,0.45,0.1999999999999998,8.881784197001252e-16,0.0,-2.220446049250313e-16,True
baseline,first-stage-double,6,8.000000000000002,0.4000000000000001,-0.20000000000000004,1.7763568394002505e-15,5.551115123125783e-17,-2.7755575615628914e-17,True
baseline,first-stage-double,7,6.000000000000003,0.5,0.2000000000000002,2.6645352591003757e-15,0.0,1.942890293094024e-16,True
baseline,first-stage-double,8,7.000000000000003,0.45,-0.20000000000000037,2.6645352591003757e-15,0.0,-3.608224830031759e-16,True
baseline,first-stage-double,9,8.000000000000002,0.4,0.1999999999999999,1.7763568394002505e-15,0.0,-1.1102230246251565e-16,True
baseline,first-stage-double,10,5.999999999999997,0.5,-0.19999999999999998,-2.6645352591003757e-15,0.0,2.7755575615628914e-17,True
baseline,first-stage-double,11,6.999999999999999,0.45,0.2000000000000003,-8.881784197001252e-16,0.0,2.7755575615628914e-16,True
baseline,first-stage-double,12,7.999999999999998,0.4,-0.20000000000000007,-1.7763568394002505e-15,0.0,-5.551115123125783e-17,True
baseline,narrower-double,1,6.000000000000003,0.49999999999999994,0.20000000000000032,2.6645352591003757e-15,-5.551115123125783e-17,3.0531133177191805e-16,True
baseline,narrower-double,2,7.0000000000000036,0.4500000000000001,-0.20000000000000084,3.552713678800501e-15,1.1102230246251565e-16,-8.326672684688674e-16,True
baseline,narrower-double,3,7.999999999999999,0.4,0.20000000000000015,-8.881784197001252e-16,0.0,1.3877787807814457e-16,True
baseline,narrower-double,4,5.999999999999997,0.5,-0.2,-2.6645352591003757e-15,0.0,0.0,True
baseline,narrower-double,5,6.999999999999999,0.45,0.20000000000000023,-8.881784197001252e-16,0.0,2.220446049250313e-16,True
baseline,narrower-double,6,7.999999999999999,0.4,-0.20000000000000012,-8.881784197001252e-16,0.0,-1.1102230246251565e-16,True
baseline,narrower-double,7,6.000000000000003,0.5,0.20000000000000015,2.6645352591003757e-15,0.0,1.3877787807814457e-16,True
baseline,narrower-double,8,7.0,0.45,-0.20000000000000026,0.0,0.0,-2.498001805406602e-16,True
baseline,narrower-double,9,8.000000000000002,0.4,0.20000000000000007,1.7763568394002505e-15,0.0,5.551115123125783e-17,True
baseline,narrower-double,10,5.999999999999997,0.5,-0.19999999999999987,-2.6645352591003757e-15,0.0,1.3877787807814457e-16,True
baseline,narrower-double,11,7.0000000000000036,0.45000000000000007,0.19999999999999982,3.552713678800501e-15,5.551115123125783e-17,-1.942890293094024e-16,True
baseline,narrower-double,12,7.999999999999999,0.4,-0.20000000000000007,-8.881784197001252e-16,0.0,-5.551115123125783e-17,True
baseline,wider-double,1,6.000000000000004,0.49999999999999994,0.20000000000000032,4.440892098500626e-15,-5.551115123125783e-17,3.0531133177191805e-16,True
baseline,wider-double,2,6.999999999999999,0.45,-0.20000000000000048,-8.881784197001252e-16,0.0,-4.718447854656915e-16,True
baseline,wider-double,3,7.999999999999998,0.4,0.20000000000000018,-1.7763568394002505e-15,0.0,1.6653345369377348e-16,True
baseline,wider-double,4,5.9999999999999964,0.49999999999999994,-0.19999999999999984,-3.552713678800501e-15,-5.551115123125783e-17,1.6653345369377348e-16,True
baseline,wider-double,5,7.000000000000003,0.45,0.19999999999999987,2.6645352591003757e-15,0.0,-1.3877787807814457e-16,True
baseline,wider-double,6,7.999999999999997,0.4,-0.20000000000000007,-2.6645352591003757e-15,0.0,-5.551115123125783e-17,True
baseline,wider-double,7,6.000000000000002,0.49999999999999994,0.20000000000000007,1.7763568394002505e-15,-5.551115123125783e-17,5.551115123125783e-17,True
baseline,wider-double,8,6.999999999999999,0.45,-0.2000000000000003,-8.881784197001252e-16,0.0,-2.7755575615628914e-16,True
baseline,wider-double,9,8.000000000000002,0.4,0.20000000000000012,1.7763568394002505e-15,0.0,1.1102230246251565e-16,True
baseline,wider-double,10,5.999999999999999,0.5,-0.19999999999999984,-8.881784197001252e-16,0.0,1.6653345369377348e-16,True
baseline,wider-double,11,7.000000000000001,0.45,0.1999999999999998,8.881784197001252e-16,0.0,-2.220446049250313e-16,True
baseline,wider-double,12,7.999999999999998,0.4,-0.20000000000000004,-1.7763568394002505e-15,0.0,-2.7755575615628914e-17,True
baseline,mixed-double,1,5.999999999999997,0.4999999999999999,0.20000000000000107,-2.6645352591003757e-15,-1.1102230246251565e-16,1.0547118733938987e-15,True
baseline,mixed-double,2,7.000000000000003,0.45000000000000007,-0.20000000000000037,2.6645352591003757e-15,5.551115123125783e-17,-3.608224830031759e-16,True
baseline,mixed-double,3,7.9999999999999964,0.4,0.2000000000000003,-3.552713678800501e-15,0.0,2.7755575615628914e-16,True
baseline,mixed-double,4,5.999999999999997,0.5,-0.2,-2.6645352591003757e-15,0.0,0.0,True
baseline,mixed-double,5,7.000000000000001,0.45,0.1999999999999997,8.881784197001252e-16,0.0,-3.0531133177191805e-16,True
baseline,mixed-double,6,8.0,0.4,-0.19999999999999996,0.0,0.0,5.551115123125783e-17,True
baseline,mixed-double,7,6.000000000000001,0.5,0.2,8.881784197001252e-16,0.0,0.0,True
baseline,mixed-double,8,7.0,0.45,-0.20000000000000034,0.0,0.0,-3.3306690738754696e-16,True
baseline,mixed-double,9,8.000000000000004,0.4,0.19999999999999984,3.552713678800501e-15,0.0,-1.6653345369377348e-16,True
baseline,mixed-double,10,6.0,0.5,-0.19999999999999996,0.0,0.0,5.551115123125783e-17,True
baseline,mixed-double,11,7.000000000000001,0.45,0.20000000000000015,8.881784197001252e-16,0.0,1.3877787807814457e-16,True
baseline,mixed-double,12,7.999999999999998,0.4,-0.20000000000000015,-1.7763568394002505e-15,0.0,-1.3877787807814457e-16,True
baseline,first-stage-float32,1,5.999999971928583,0.5000000000975406,0.2000000013122287,-2.8071417190744796e-08,9.754064222988745e-11,1.3122286868227917e-09,True
baseline,first-stage-float32,2,6.999999963782185,0.45000000043215244,-0.20000000148275274,-3.6217815413408516e-08,4.321524249562003e-10,-1.4827527261562778e-09,True
baseline,first-stage-float32,3,8.00000006844225,0.40000000109714606,0.1999999986914839,6.844224920143915e-08,1.0971460406850042e-09,-1.3085161010284452e-09,True
baseline,first-stage-float32,4,5.999999973818582,0.4999999994937954,-0.1999999991672894,-2.6181417922543915e-08,-5.062045782544544e-10,8.32710622677979e-10,True
baseline,first-stage-float32,5,7.000000068473439,0.45000000200345747,0.19999999800494062,6.847343936300376e-08,2.003457455490576e-09,-1.995059395465404e-09,True
baseline,first-stage-float32,6,8.000000008753778,0.3999999992079045,-0.19999999935932172,8.753778146797231e-09,-7.920955003015706e-10,6.406782881995809e-10,True
baseline,first-stage-float32,7,5.999999971928581,0.5000000000975405,0.20000000131222906,-2.8071418967101636e-08,9.754053120758499e-11,1.3122290476452747e-09,True
baseline,first-stage-float32,8,6.999999963782187,0.4500000004321524,-0.20000000148275374,-3.621781274887326e-08,4.321523694450491e-10,-1.482753725357e-09,True
baseline,first-stage-float32,9,8.000000068442247,0.400000001097146,0.19999999869148355,6.844224742508231e-08,1.097145985173853e-09,-1.3085164618509282e-09,True
baseline,first-stage-float32,10,5.999999973818579,0.4999999994937953,-0.19999999916728936,-2.6181420587079174e-08,-5.062046892767569e-10,8.327106504335546e-10,True
baseline,first-stage-float32,11,7.00000006847344,0.45000000200345747,0.19999999800494073,6.847344025118218e-08,2.003457455490576e-09,-1.9950592844431014e-09,True
baseline,first-stage-float32,12,8.000000008753787,0.3999999992079045,-0.1999999993593219,8.753787028581428e-09,-7.920955003015706e-10,6.406781216661273e-10,True
baseline,narrower-float32,1,5.99999997192858,0.5000000000975408,0.20000000131222878,-2.8071419855280055e-08,9.754075325218992e-11,1.3122287700895185e-09,True
baseline,narrower-float32,2,6.9999999637821855,0.4500000004321524,-0.2000000014827521,-3.6217814525230096e-08,4.321523694450491e-10,-1.4827520877780387e-09,True
baseline,narrower-float32,3,8.000000068442253,0.40000000109714606,0.19999999869148358,6.844225275415283e-08,1.0971460406850042e-09,-1.3085164340953526e-09,True
baseline,narrower-float32,4,5.999999973818581,0.4999999994937954,-0.19999999916728947,-2.6181418810722334e-08,-5.062045782544544e-10,8.327105394112522e-10,True
baseline,narrower-float32,5,7.00000006847344,0.45000000200345747,0.19999999800494056,6.847344025118218e-08,2.003457455490576e-09,-1.995059450976555e-09,True
baseline,narrower-float32,6,8.000000008753782,0.3999999992079045,-0.1999999993593217,8.75378169951091e-09,-7.920955003015706e-10,6.406783159551566e-10,True
baseline,narrower-float32,7,5.999999971928577,0.5000000000975405,0.20000000131222917,-2.8071423407993734e-08,9.754053120758499e-11,1.3122291586675772e-09,True
baseline,narrower-float32,8,6.9999999637821855,0.4500000004321523,-0.20000000148275382,-3.6217814525230096e-08,4.3215231393389786e-10,-1.4827538086237269e-09,True
baseline,narrower-float32,9,8.000000068442246,0.40000000109714595,0.19999999869148372,6.844224564872547e-08,1.0971459296627017e-09,-1.3085162953174745e-09,True
baseline,narrower-float32,10,5.999999973818584,0.4999999994937953,-0.19999999916728947,-2.6181416146187075e-08,-5.062046892767569e-10,8.327105394112522e-10,True
baseline,narrower-float32,11,7.00000006847344,0.45000000200345747,0.19999999800494067,6.847344025118218e-08,2.003457455490576e-09,-1.9950593399542527e-09,True
baseline,narrower-float32,12,8.00000000875379,0.3999999992079045,-0.19999999935932194,8.753790581295107e-09,-7.920955003015706e-10,6.40678066154976e-10,True
baseline,wider-float32,1,5.999999971928583,0.5000000000975406,0.2000000013122284,-2.8071417190744796e-08,9.754064222988745e-11,1.31222838151146e-09,True
baseline,wider-float32,2,6.999999963782183,0.4500000004321524,-0.20000000148275238,-3.6217817189765356e-08,4.321523694450491e-10,-1.4827523653337948e-09,True
baseline,wider-float32,3,8.000000068442255,0.400000001097146,0.19999999869148383,6.844225453050967e-08,1.097145985173853e-09,-1.308516184295172e-09,True
baseline,wider-float32,4,5.9999999738185785,0.4999999994937954,-0.19999999916728903,-2.6181421475257594e-08,-5.062045782544544e-10,8.32710983500462e-10,True
baseline,wider-float32,5,7.0000000684734385,0.45000000200345747,0.19999999800494084,6.847343847482534e-08,2.003457455490576e-09,-1.995059173420799e-09,True
baseline,wider-float32,6,8.000000008753778,0.3999999992079045,-0.19999999935932164,8.753778146797231e-09,-7.920955003015706e-10,6.406783714663078e-10,True
baseline,wider-float32,7,5.9999999719285775,0.5000000000975406,0.20000000131222886,-2.8071422519815314e-08,9.754064222988745e-11,1.3122288533562454e-09,True
baseline,wider-float32,8,6.999999963782189,0.4500000004321524,-0.20000000148275346,-3.621781097251642e-08,4.321523694450491e-10,-1.4827534478012439e-09,True
baseline,wider-float32,9,8.000000068442247,0.40000000109714595,0.1999999986914837,6.844224742508231e-08,1.0971459296627017e-09,-1.30851632307305e-09,True
baseline,wider-float32,10,5.99999997381858,0.4999999994937953,-0.19999999916728928,-2.6181419698900754e-08,-5.062046892767569e-10,8.327107337002815e-10,True
baseline,wider-float32,11,7.0000000684734385,0.45000000200345736,0.19999999800494028,6.847343847482534e-08,2.0034573444682735e-09,-1.9950597285323113e-09,True
baseline,wider-float32,12,8.000000008753789,0.3999999992079045,-0.1999999993593219,8.753788804938267e-09,-7.920955003015706e-10,6.406781216661273e-10,True
baseline,mixed-float32,1,5.999999971928582,0.5000000000975408,0.2000000013122288,-2.8071418078923216e-08,9.754075325218992e-11,1.3122287978450942e-09,True
baseline,mixed-float32,2,6.999999963782184,0.4500000004321524,-0.200000001482752,-3.6217816301586936e-08,4.321523694450491e-10,-1.4827519767557362e-09,True
baseline,mixed-float32,3,8.000000068442253,0.40000000109714606,0.19999999869148347,6.844225275415283e-08,1.0971460406850042e-09,-1.308516545117655e-09,True
baseline,mixed-float32,4,5.999999973818582,0.4999999994937954,-0.19999999916728933,-2.6181417922543915e-08,-5.062045782544544e-10,8.327106781891302e-10,True
baseline,mixed-float32,5,7.000000068473442,0.45000000200345747,0.19999999800494045,6.847344202753902e-08,2.003457455490576e-09,-1.9950595619988576e-09,True
baseline,mixed-float32,6,8.000000008753782,0.3999999992079045,-0.1999999993593217,8.75378169951091e-09,-7.920955003015706e-10,6.406783159551566e-10,True
baseline,mixed-float32,7,5.999999971928582,0.5000000000975406,0.2000000013122288,-2.8071418078923216e-08,9.754064222988745e-11,1.3122287978450942e-09,True
baseline,mixed-float32,8,6.999999963782187,0.4500000004321524,-0.20000000148275351,-3.621781274887326e-08,4.321523694450491e-10,-1.482753503312395e-09,True
baseline,mixed-float32,9,8.00000006844225,0.40000000109714606,0.19999999869148355,6.844224920143915e-08,1.0971460406850042e-09,-1.3085164618509282e-09,True
baseline,mixed-float32,10,5.99999997381858,0.4999999994937953,-0.19999999916728944,-2.6181419698900754e-08,-5.062046892767569e-10,8.327105671668278e-10,True
baseline,mixed-float32,11,7.00000006847344,0.45000000200345747,0.1999999980049407,6.847344025118218e-08,2.003457455490576e-09,-1.995059312198677e-09,True
baseline,mixed-float32,12,8.000000008753789,0.3999999992079045,-0.19999999935932194,8.753788804938267e-09,-7.920955003015706e-10,6.40678066154976e-10,True
weak-1e-2,first-stage-double,1,5.999999999999999,0.5,0.20000000000000032,-8.881784197001252e-16,0.0,3.0531133177191805e-16,True
weak-1e-2,first-stage-double,2,0.07000000000000167,0.4499999999999995,-0.002000000000000546,1.6653345369377348e-15,-4.996003610813204e-16,-5.460042140637e-16,True
weak-1e-2,first-stage-double,3,7.999999999999999,0.4,0.20000000000000018,-8.881784197001252e-16,0.0,1.6653345369377348e-16,True
weak-1e-2,first-stage-double,4,5.999999999999997,0.4999999999999999,-0.20000000000000026,-2.6645352591003757e-15,-1.1102230246251565e-16,-2.498001805406602e-16,True
weak-1e-2,first-stage-double,5,7.000000000000001,0.45,0.20000000000000012,8.881784197001252e-16,0.0,1.1102230246251565e-16,True
weak-1e-2,first-stage-double,6,0.07999999999999965,0.4000000000000003,-0.001999999999999874,-3.469446951953614e-16,2.7755575615628914e-16,1.2620113287731272e-16,True
weak-1e-2,first-stage-double,7,6.000000000000006,0.49999999999999994,0.1999999999999995,6.217248937900877e-15,-5.551115123125783e-17,-4.996003610813204e-16,True
weak-1e-2,first-stage-double,8,6.999999999999999,0.45,-0.19999999999999984,-8.881784197001252e-16,0.0,1.6653345369377348e-16,True
weak-1e-2,first-stage-double,9,8.0,0.4,0.19999999999999987,0.0,0.0,-1.3877787807814457e-16,True
weak-1e-2,first-stage-double,10,0.05999999999999929,0.5000000000000013,-0.001999999999999713,-7.077671781985373e-16,1.3322676295501878e-15,2.8709673527416157e-16,True
weak-1e-2,first-stage-double,11,7.0,0.45,0.19999999999999987,0.0,0.0,-1.3877787807814457e-16,True
weak-1e-2,first-stage-double,12,8.000000000000004,0.4000000000000001,-0.2000000000000002,3.552713678800501e-15,5.551115123125783e-17,-1.942890293094024e-16,True
weak-1e-2,narrower-double,1,6.000000000000002,0.5,0.20000000000000015,1.7763568394002505e-15,0.0,1.3877787807814457e-16,True
weak-1e-2,narrower-double,2,0.07000000000000048,0.45,-0.002000000000000207,4.718447854656915e-16,0.0,-2.0686577451023425e-16,True
weak-1e-2,narrower-double,3,8.000000000000002,0.4,0.2,1.7763568394002505e-15,0.0,0.0,True
weak-1e-2,narrower-double,4,6.0,0.5,-0.20000000000000034,0.0,0.0,-3.3306690738754696e-16,True
weak-1e-2,narrower-double,5,6.999999999999999,0.45,0.2,-8.881784197001252e-16,0.0,0.0,True
weak-1e-2,narrower-double,6,0.08000000000000014,0.4000000000000004,-0.001999999999999871,1.3877787807814457e-16,3.885780586188048e-16,1.2923689896027213e-16,True
weak-1e-2,narrower-double,7,6.000000000000005,0.5,0.1999999999999997,5.329070518200751e-15,0.0,-3.0531133177191805e-16,True
weak-1e-2,narrower-double,8,7.000000000000004,0.45000000000000007,-0.2000000000000001,4.440892098500626e-15,5.551115123125783e-17,-8.326672684688674e-17,True
weak-1e-2,narrower-double,9,8.000000000000002,0.4,0.1999999999999999,1.7763568394002505e-15,0.0,-1.1102230246251565e-16,True
weak-1e-2,narrower-double,10,0.05999999999999767,0.49999999999999967,-0.0019999999999997615,-2.3245294578089215e-15,-3.3306690738754696e-16,2.38524477946811e-16,True
weak-1e-2,narrower-double,11,7.000000000000004,0.45,0.19999999999999984,4.440892098500626e-15,0.0,-1.6653345369377348e-16,True
weak-1e-2,narrower-double,12,7.999999999999998,0.4,-0.20000000000000007,-1.7763568394002505e-15,0.0,-5.551115123125783e-17,True
weak-1e-2,wider-double,1,6.00000000000001,0.49999999999999994,0.20000000000000032,9.769962616701378e-15,-5.551115123125783e-17,3.0531133177191805e-16,True
weak-1e-2,wider-double,2,0.07000000000000085,0.44999999999999946,-0.0020000000000006944,8.465450562766819e-16,-5.551115123125783e-16,-6.94323071259717e-16,True
weak-1e-2,wider-double,3,7.999999999999999,0.4,0.20000000000000004,-8.881784197001252e-16,0.0,2.7755575615628914e-17,True
weak-1e-2,wider-double,4,5.999999999999996,0.5,-0.20000000000000018,-4.440892098500626e-15,0.0,-1.6653345369377348e-16,True
weak-1e-2,wider-double,5,7.0000000000000036,0.45,0.19999999999999984,3.552713678800501e-15,0.0,-1.6653345369377348e-16,True
weak-1e-2,wider-double,6,0.07999999999999949,0.3999999999999994,-0.0019999999999998617,-5.134781488891349e-16,-6.106226635438361e-16,1.3834419720915037e-16,True
weak-1e-2,wider-double,7,6.000000000000003,0.5,0.19999999999999962,2.6645352591003757e-15,0.0,-3.885780586188048e-16,True
weak-1e-2,wider-double,8,6.999999999999999,0.45,-0.20000000000000015,-8.881784197001252e-16,0.0,-1.3877787807814457e-16,True
weak-1e-2,wider-double,9,8.000000000000002,0.4,0.20000000000000018,1.7763568394002505e-15,0.0,1.6653345369377348e-16,True
weak-1e-2,wider-double,10,0.05999999999999807,0.5000000000000008,-0.001999999999999592,-1.9290125052862095e-15,7.771561172376096e-16,4.0809369772354387e-16,True
weak-1e-2,wider-double,11,7.000000000000003,0.45,0.19999999999999982,2.6645352591003757e-15,0.0,-1.942890293094024e-16,True
weak-1e-2,wider-double,12,8.0,0.4,-0.2000000000000002,0.0,0.0,-1.942890293094024e-16,True
weak-1e-2,mixed-double,1,6.000000000000002,0.5,0.20000000000000015,1.7763568394002505e-15,0.0,1.3877787807814457e-16,True
weak-1e-2,mixed-double,2,0.07000000000000074,0.44999999999999973,-0.0019999999999998743,7.355227538141662e-16,-2.7755575615628914e-16,1.2576745200831851e-16,True
weak-1e-2,mixed-double,3,8.000000000000002,0.4,0.19999999999999984,1.7763568394002505e-15,0.0,-1.6653345369377348e-16,True
weak-1e-2,mixed-double,4,5.999999999999996,0.49999999999999994,-0.19999999999999993,-4.440892098500626e-15,-5.551115123125783e-17,8.326672684688674e-17,True
weak-1e-2,mixed-double,5,7.000000000000003,0.45,0.2,2.6645352591003757e-15,0.0,0.0,True
weak-1e-2,mixed-double,6,0.07999999999999963,0.39999999999999974,-0.0019999999999999476,-3.7470027081099033e-16,-2.7755575615628914e-16,5.2475385148298415e-17,True
weak-1e-2,mixed-double,7,6.000000000000006,0.5,0.19999999999999973,6.217248937900877e-15,0.0,-2.7755575615628914e-16,True
weak-1e-2,mixed-double,8,7.000000000000003,0.45,-0.20000000000000015,2.6645352591003757e-15,0.0,-1.3877787807814457e-16,True
weak-1e-2,mixed-double,9,8.000000000000002,0.4,0.19999999999999996,1.7763568394002505e-15,0.0,-5.551115123125783e-17,True
weak-1e-2,mixed-double,10,0.05999999999999928,0.5000000000000009,-0.0020000000000001262,-7.147060721024445e-16,8.881784197001252e-16,-1.2620113287731272e-16,True
weak-1e-2,mixed-double,11,7.000000000000001,0.45,0.2000000000000001,8.881784197001252e-16,0.0,8.326672684688674e-17,True
weak-1e-2,mixed-double,12,8.000000000000004,0.4,-0.20000000000000018,3.552713678800501e-15,0.0,-1.6653345369377348e-16,True
weak-1e-2,first-stage-float32,1,5.999999974720365,0.49999999807140677,0.20000000170936694,-2.5279635273989243e-08,-1.92859322956096e-09,1.7093669257839395e-09,True
weak-1e-2,first-stage-float32,2,0.06999998187698972,0.4499999199182875,-0.0020000007871963923,-1.8123010286918984e-08,-8.008171248352625e-08,-7.871963922725933e-10,True
weak-1e-2,first-stage-float32,3,8.000000005879143,0.4000000016216645,0.19999999753290662,5.879142506159951e-09,1.6216644693756166e-09,-2.467093390690067e-09,True
weak-1e-2,first-stage-float32,4,5.999999983489463,0.5000000004115964,-0.19999999909927052,-1.6510536937630604e-08,4.115964236106606e-10,9.007294909935126e-10,True
weak-1e-2,first-stage-float32,5,7.000000046760657,0.45000000411877605,0.19999999795483725,4.676065668007823e-08,4.118776042449923e-09,-2.045162761366015e-09,True
weak-1e-2,first-stage-float32,6,0.08000000949378053,0.40000004706865366,-0.0019999996285079663,9.49378052561567e-09,4.7068653641346714e-08,3.7149203374955975e-10,True
weak-1e-2,first-stage-float32,7,5.999999964510821,0.49999999960860664,0.20000000020558564,-3.5489178706882285e-08,-3.9139336216464926e-10,2.055856318516902e-10,True
weak-1e-2,first-stage-float32,8,7.000000011938577,0.4500000008750826,-0.19999999906061267,1.193857723791325e-08,8.750825619685543e-10,9.393873456886581e-10,True
weak-1e-2,first-stage-float32,9,7.999999972338996,0.3999999992267723,0.2000000012338071,-2.7661004153856084e-08,-7.732277040872759e-10,1.2338070842776716e-09,True
weak-1e-2,first-stage-float32,10,0.05999998771255763,0.49999987460270484,-0.002000000632461794,-1.2287442369141033e-08,-1.2539729515870235e-07,-6.324617938743837e-10,True
weak-1e-2,first-stage-float32,11,6.9999999981395975,0.45000000000778284,0.2000000003639878,-1.8604024987212142e-09,7.782829936076041e-12,3.6398778435753343e-10,True
weak-1e-2,first-stage-float32,12,7.999999998063178,0.3999999989011361,-0.19999999977669947,-1.9368222581306327e-09,-1.098863944282158e-09,2.2330054472163852e-10,True
weak-1e-2,narrower-float32,1,5.99999997472036,0.49999999807140677,0.20000000170936802,-2.527963971488134e-08,-1.92859322956096e-09,1.7093680082513885e-09,True
weak-1e-2,narrower-float32,2,0.06999998187699243,0.4499999199182898,-0.0020000007871968607,-1.812300758075036e-08,-8.008171020756905e-08,-7.871968606479318e-10,True
weak-1e-2,narrower-float32,3,8.00000000587914,0.40000000162166444,0.19999999753290687,5.879140729803112e-09,1.6216644138644654e-09,-2.4670931408898866e-09,True
weak-1e-2,narrower-float32,4,5.99999998348946,0.5000000004115963,-0.1999999990992709,-1.6510539602165863e-08,4.1159631258835816e-10,9.00729102415454e-10,True
weak-1e-2,narrower-float32,5,7.0000000467606585,0.45000000411877605,0.19999999795483764,4.676065845643507e-08,4.118776042449923e-09,-2.0451623727879564e-09,True
weak-1e-2,narrower-float32,6,0.08000000949378064,0.4000000470686544,-0.001999999628507965,9.493780636637972e-09,4.706865436299168e-08,3.7149203505060235e-10,True
weak-1e-2,narrower-float32,7,5.99999996451082,0.49999999960860664,0.2000000002055855,-3.5489179595060705e-08,-3.9139336216464926e-10,2.0558549307381213e-10,True
weak-1e-2,narrower-float32,8,7.000000011938576,0.4500000008750826,-0.19999999906061294,1.193857634973483e-08,8.750825619685543e-10,9.39387068132902e-10,True
weak-1e-2,narrower-float32,9,7.999999972338997,0.3999999992267723,0.20000000123380693,-2.7661003265677664e-08,-7.732277040872759e-10,1.233806917744218e-09,True
weak-1e-2,narrower-float32,10,0.059999987712561015,0.4999998746027116,-0.0020000006324617098,-1.2287438982960808e-08,-1.253972883863419e-07,-6.324617097402951e-10,True
weak-1e-2,narrower-float32,11,6.999999998139595,0.45000000000778284,0.20000000036398777,-1.8604051632564733e-09,7.782829936076041e-12,3.639877566019578e-10,True
weak-1e-2,narrower-float32,12,7.999999998063171,0.399999998901136,-0.19999999977669936,-1.9368293635579903e-09,-1.0988639997933092e-09,2.2330065574394098e-10,True
weak-1e-2,wider-float32,1,5.999999974720362,0.49999999807140677,0.20000000170936755,-2.5279637938524502e-08,-1.92859322956096e-09,1.709367536406603e-09,True
weak-1e-2,wider-float32,2,0.06999998187699066,0.4499999199182887,-0.0020000007871961104,-1.8123009343229413e-08,-8.008171131779207e-08,-7.871961103800285e-10,True
weak-1e-2,wider-float32,3,8.000000005879137,0.40000000162166444,0.199999997532907,5.879137177089433e-09,1.6216644138644654e-09,-2.4670930021120085e-09,True
weak-1e-2,wider-float32,4,5.999999983489463,0.5000000004115964,-0.19999999909927038,-1.6510536937630604e-08,4.115964236106606e-10,9.007296297713907e-10,True
weak-1e-2,wider-float32,5,7.00000004676065,0.450000004118776,0.1999999979548372,4.676064957465087e-08,4.118775986938772e-09,-2.0451628168771663e-09,True
weak-1e-2,wider-float32,6,0.08000000949378178,0.40000004706865366,-0.0019999996285081437,9.493781774616572e-09,4.7068653641346714e-08,3.7149185637408433e-10,True
weak-1e-2,wider-float32,7,5.999999964510821,0.49999999960860664,0.20000000020558564,-3.5489178706882285e-08,-3.9139336216464926e-10,2.055856318516902e-10,True
weak-1e-2,wider-float32,8,7.000000011938578,0.4500000008750826,-0.19999999906061294,1.193857812609167e-08,8.750825619685543e-10,9.39387068132902e-10,True
weak-1e-2,wider-float32,9,7.999999972339,0.3999999992267723,0.20000000123380687,-2.7660999712963985e-08,-7.732277040872759e-10,1.2338068622330667e-09,True
weak-1e-2,wider-float32,10,0.059999987712559766,0.49999987460271184,-0.0020000006324618824,-1.228744023196171e-08,-1.253972881642973e-07,-6.32461882345281e-10,True
weak-1e-2,wider-float32,11,6.9999999981396,0.45000000000778284,0.20000000036398755,-1.8603998341859551e-09,7.782829936076041e-12,3.639875345573529e-10,True
weak-1e-2,wider-float32,12,7.999999998063174,0.399999998901136,-0.1999999997766992,-1.9368258108443115e-09,-1.0988639997933092e-09,2.2330082227739467e-10,True
weak-1e-2,mixed-float32,1,5.9999999747203665,0.49999999807140677,0.20000000170936683,-2.5279633497632403e-08,-1.92859322956096e-09,1.709366814761637e-09,True
weak-1e-2,mixed-float32,2,0.06999998187698869,0.44999991991828703,-0.0020000007871962284,-1.812301131387528e-08,-8.008171298312661e-08,-7.871962283412248e-10,True
weak-1e-2,mixed-float32,3,8.000000005879135,0.40000000162166444,0.19999999753290715,5.8791354007325936e-09,1.6216644138644654e-09,-2.4670928633341305e-09,True
weak-1e-2,mixed-float32,4,5.999999983489461,0.5000000004115963,-0.1999999990992706,-1.6510538713987444e-08,4.1159631258835816e-10,9.007294077267858e-10,True
weak-1e-2,mixed-float32,5,7.000000046760652,0.450000004118776,0.19999999795483714,4.676065223918613e-08,4.118775986938772e-09,-2.0451628723883175e-09,True
weak-1e-2,mixed-float32,6,0.08000000949378148,0.4000000470686542,-0.001999999628508068,9.493781483183028e-09,4.7068654196458226e-08,3.7149193183455553e-10,True
weak-1e-2,mixed-float32,7,5.999999964510826,0.49999999960860664,0.2000000002055856,-3.5489174265990187e-08,-3.9139336216464926e-10,2.0558557634053898e-10,True
weak-1e-2,mixed-float32,8,7.000000011938577,0.4500000008750826,-0.19999999906061286,1.193857723791325e-08,8.750825619685543e-10,9.393871513996288e-10,True
weak-1e-2,mixed-float32,9,7.999999972338996,0.3999999992267723,0.20000000123380726,-2.7661004153856084e-08,-7.732277040872759e-10,1.2338072508111253e-09,True
weak-1e-2,mixed-float32,10,0.05999998771256089,0.4999998746027108,-0.002000000632461755,-1.2287439107860898e-08,-1.2539728921900917e-07,-6.324617548431055e-10,True
weak-1e-2,mixed-float32,11,6.9999999981396,0.4500000000077829,0.20000000036398785,-1.8603998341859551e-09,7.782885447227272e-12,3.6398783986868466e-10,True
weak-1e-2,mixed-float32,12,7.999999998063174,0.3999999989011361,-0.19999999977669936,-1.9368258108443115e-09,-1.098863944282158e-09,2.2330065574394098e-10,True
weak-1e-4,first-stage-double,1,6.000000000000003,0.49999999999999994,0.20000000000000054,2.6645352591003757e-15,-5.551115123125783e-17,5.273559366969494e-16,True
weak-1e-4,first-stage-double,2,0.000700000000001146,0.44999999999998064,-2.000000000051907e-05,1.1460016963171782e-15,-1.9373391779708982e-14,-5.190685663410133e-16,True
weak-1e-4,first-stage-double,3,8.000000000000002,0.4,0.1999999999999999,1.7763568394002505e-15,0.0,-1.1102230246251565e-16,True
weak-1e-4,first-stage-double,4,6.000000000000002,0.5000000000000001,-0.19999999999999998,1.7763568394002505e-15,1.1102230246251565e-16,2.7755575615628914e-17,True
weak-1e-4,first-stage-double,5,7.0,0.45,0.19999999999999987,0.0,0.0,-1.3877787807814457e-16,True
weak-1e-4,first-stage-double,6,0.0007999999999995546,0.39999999999992886,-1.9999999999992226e-05,-4.453902524570452e-16,-7.116529587847253e-14,7.775762455794477e-18,True
weak-1e-4,first-stage-double,7,6.000000000000004,0.5,0.1999999999999997,4.440892098500626e-15,0.0,-3.0531133177191805e-16,True
weak-1e-4,first-stage-double,8,6.999999999999999,0.45,-0.19999999999999976,-8.881784197001252e-16,0.0,2.498001805406602e-16,True
weak-1e-4,first-stage-double,9,8.000000000000002,0.4,0.2,1.7763568394002505e-15,0.0,0.0,True
weak-1e-4,first-stage-double,10,0.0005999999999993516,0.5000000000001672,-2.000000000013656e-05,-6.484613193635802e-16,1.6719958750854857e-13,-1.365586517563383e-16,True
weak-1e-4,first-stage-double,11,7.000000000000001,0.45,0.19999999999999993,8.881784197001252e-16,0.0,-8.326672684688674e-17,True
weak-1e-4,first-stage-double,12,8.000000000000004,0.4,-0.20000000000000007,3.552713678800501e-15,0.0,-5.551115123125783e-17,True
weak-1e-4,narrower-double,1,6.0,0.5,0.20000000000000068,0.0,0.0,6.661338147750939e-16,True
weak-1e-4,narrower-double,2,0.0007000000000008247,0.4499999999998569,-2.0000000000853167e-05,8.247525926097232e-16,-1.4310774787418268e-13,-8.531654657924215e-16,True
weak-1e-4,narrower-double,3,8.00000000000001,0.4000000000000001,0.19999999999999993,1.0658141036401503e-14,5.551115123125783e-17,-8.326672684688674e-17,True
weak-1e-4,narrower-double,4,5.999999999999999,0.5,-0.20000000000000023,-8.881784197001252e-16,0.0,-2.220446049250313e-16,True
weak-1e-4,narrower-double,5,7.0,0.45,0.2000000000000001,0.0,0.0,8.326672684688674e-17,True
weak-1e-4,narrower-double,6,0.0007999999999994031,0.39999999999991165,-1.9999999999808843e-05,-5.969617161705187e-16,-8.837375276016246e-14,1.911583955363505e-16,True
weak-1e-4,narrower-double,7,6.0000000000000036,0.49999999999999994,0.2000000000000003,3.552713678800501e-15,-5.551115123125783e-17,2.7755575615628914e-16,True
weak-1e-4,narrower-double,8,7.000000000000003,0.45,-0.20000000000000007,2.6645352591003757e-15,0.0,-5.551115123125783e-17,True
weak-1e-4,narrower-double,9,7.999999999999999,0.4,0.20000000000000015,-8.881784197001252e-16,0.0,1.3877787807814457e-16,True
weak-1e-4,narrower-double,10,0.000599999999998772,0.5000000000000903,-1.999999999988473e-05,-1.2280758007743309e-15,9.026113190202523e-14,1.1527101972594322e-16,True
weak-1e-4,narrower-double,11,7.0,0.45,0.19999999999999976,0.0,0.0,-2.498001805406602e-16,True
weak-1e-4,narrower-double,12,8.000000000000005,0.4,-0.20000000000000034,5.329070518200751e-15,0.0,-3.3306690738754696e-16,True
weak-1e-4,wider-double,1,5.999999999999998,0.49999999999999994,0.20000000000000057,-1.7763568394002505e-15,-5.551115123125783e-17,5.551115123125783e-16,True
weak-1e-4,wider-double,2,0.0006999999999996856,0.44999999999998785,-2.0000000000172078e-05,-3.144186300207963e-16,-1.2156942119645464e-14,-1.7207643730060562e-16,True
weak-1e-4,wider-double,3,8.000000000000002,0.4,0.19999999999999973,1.7763568394002505e-15,0.0,-2.7755575615628914e-16,True
weak-1e-4,wider-double,4,6.0,0.5000000000000001,-0.20000000000000034,0.0,1.1102230246251565e-16,-3.3306690738754696e-16,True
weak-1e-4,wider-double,5,7.000000000000007,0.45,0.1999999999999999,7.105427357601002e-15,0.0,-1.1102230246251565e-16,True
weak-1e-4,wider-double,6,0.0007999999999993434,0.40000000000001984,-1.9999999999927184e-05,-6.565928356572215e-16,1.9817480989559044e-14,7.281772840955769e-17,True
weak-1e-4,wider-double,7,6.000000000000003,0.5,0.1999999999999996,2.6645352591003757e-15,0.0,-4.163336342344337e-16,True
weak-1e-4,wider-double,8,7.0,0.45000000000000007,-0.19999999999999976,0.0,5.551115123125783e-17,2.498001805406602e-16,True
weak-1e-4,wider-double,9,8.000000000000002,0.4,0.19999999999999998,1.7763568394002505e-15,0.0,-2.7755575615628914e-17,True
weak-1e-4,wider-double,10,0.0006000000000003829,0.5000000000001956,-2.00000000000642e-05,3.828317871046316e-16,1.9562129693895258e-13,-6.419832113829793e-17,True
weak-1e-4,wider-double,11,7.0000000000000036,0.45000000000000007,0.1999999999999999,3.552713678800501e-15,5.551115123125783e-17,-1.1102230246251565e-16,True
weak-1e-4,wider-double,12,8.000000000000004,0.4000000000000001,-0.20000000000000018,3.552713678800501e-15,5.551115123125783e-17,-1.6653345369377348e-16,True
weak-1e-4,mixed-double,1,6.000000000000004,0.5,0.19999999999999943,4.440892098500626e-15,0.0,-5.828670879282072e-16,True
weak-1e-4,mixed-double,2,0.0007000000000001943,0.4499999999999388,-1.9999999999962166e-05,1.942890293094024e-16,-6.122879980807738e-14,3.783526768795509e-17,True
weak-1e-4,mixed-double,3,8.000000000000002,0.4,0.19999999999999973,1.7763568394002505e-15,0.0,-2.7755575615628914e-16,True
weak-1e-4,mixed-double,4,5.999999999999998,0.5,-0.1999999999999998,-1.7763568394002505e-15,0.0,2.220446049250313e-16,True
weak-1e-4,mixed-double,5,7.000000000000001,0.45000000000000007,0.20000000000000015,8.881784197001252e-16,5.551115123125783e-17,1.3877787807814457e-16,True
weak-1e-4,mixed-double,6,0.0008000000000000933,0.40000000000001784,-1.9999999999942857e-05,9.324138683375338e-17,1.7819079545233762e-14,5.714423075356412e-17,True
weak-1e-4,mixed-double,7,6.0000000000000036,0.5,0.1999999999999998,3.552713678800501e-15,0.0,-2.220446049250313e-16,True
weak-1e-4,mixed-double,8,7.000000000000001,0.45000000000000007,-0.19999999999999996,8.881784197001252e-16,5.551115123125783e-17,5.551115123125783e-17,True
weak-1e-4,mixed-double,9,8.000000000000005,0.4000000000000001,0.20000000000000023,5.329070518200751e-15,5.551115123125783e-17,2.220446049250313e-16,True
weak-1e-4,mixed-double,10,0.0006000000000012385,0.5000000000001263,-1.9999999999618393e-05,1.2384841416301917e-15,1.2634338020234281e-13,3.816086715287964e-16,True
weak-1e-4,mixed-double,11,6.9999999999999964,0.45,0.19999999999999923,-3.552713678800501e-15,0.0,-7.771561172376096e-16,True
weak-1e-4,mixed-double,12,8.000000000000007,0.4000000000000001,-0.2000000000000002,7.105427357601002e-15,5.551115123125783e-17,-1.942890293094024e-16,True
weak-1e-4,first-stage-float32,1,5.999999990358082,0.4999999998391879,0.20000000186875502,-9.641918374825309e-09,-1.6081208586982143e-10,1.868755011846801e-09,True
weak-1e-4,first-stage-float32,2,0.0007000097352226648,0.44999979047994476,-1.9999432917744963e-05,9.735222664792285e-09,-2.0952005524987882e-07,5.670822550385109e-10,True
weak-1e-4,first-stage-float32,3,8.00000003778073,0.4000000003788591,0.19999999903548032,3.778072965587853e-08,3.788590552389337e-10,-9.645196863417027e-10,True
weak-1e-4,first-stage-float32,4,6.0000000237534445,0.4999999996545151,-0.2000000017996489,2.375344454463857e-08,-3.4548491845143303e-10,-1.799648902123252e-09,True
weak-1e-4,first-stage-float32,5,6.999999942828128,0.4499999977618716,0.19999999988496636,-5.717187168130522e-08,-2.2381284048300643e-09,-1.1503364927278881e-10,True
weak-1e-4,first-stage-float32,6,0.0007999911863547226,0.3999993000749473,-1.9998449870612985e-05,-8.813645277472824e-09,-6.999250527495171e-07,1.550129387016926e-09,True
weak-1e-4,first-stage-float32,7,5.999999983030522,0.4999999995599465,0.199999998860801,-1.6969478267014892e-08,-4.4005349364439894e-10,-1.1391990129006047e-09,True
weak-1e-4,first-stage-float32,8,7.000000015568463,0.44999999906235416,-0.19999999834151327,1.5568462963244656e-08,-9.37645849852231e-10,1.658486736832998e-09,True
weak-1e-4,first-stage-float32,9,7.999999931963089,0.39999999792605634,0.2000000005999899,-6.803691121604061e-08,-2.0739436834560365e-09,5.999898911035473e-10,True
weak-1e-4,first-stage-float32,10,0.0006000083954598138,0.5000070388226244,-1.999864288747698e-05,8.395459813784721e-09,7.038822624427787e-06,1.357112523023323e-09,True
weak-1e-4,first-stage-float32,11,7.000000004133114,0.44999999889459685,0.2000000003556529,4.133114295257201e-09,-1.1054031578972001e-09,3.5565289602246253e-10,True
weak-1e-4,first-stage-float32,12,7.999999963772994,0.39999999853475393,-0.19999999861399817,-3.622700628369557e-08,-1.4652460911257492e-09,1.3860018410749575e-09,True
weak-1e-4,narrower-float32,1,5.999999990358425,0.49999999983920435,0.20000000186876637,-9.641574649776885e-09,-1.6079565456905698e-10,1.868766363877228e-09,True
weak-1e-4,narrower-float32,2,0.0007000097352057313,0.4499997903441626,-1.9999432930654928e-05,9.735205731289075e-09,-2.0965583741316962e-07,5.670693450739368e-10,True
weak-1e-4,narrower-float32,3,8.000000037780241,0.4000000003788537,0.1999999990354908,3.7780241157747696e-08,3.788536706572643e-10,-9.645092224896956e-10,True
weak-1e-4,narrower-float32,4,6.000000023754716,0.4999999996545667,-0.20000000179965774,2.375471641613558e-08,-3.4543329308078796e-10,-1.7996577283962978e-09,True
weak-1e-4,narrower-float32,5,6.999999942827013,0.44999999776185146,0.19999999988492934,-5.717298723340036e-08,-2.238148555377961e-09,-1.1507067521066006e-10,True
weak-1e-4,narrower-float32,6,0.0007999911902546403,0.3999993011574221,-1.9998449970131363e-05,-8.809745359757669e-09,-6.988425779175245e-07,1.5500298686382265e-09,True
weak-1e-4,narrower-float32,7,5.999999983030064,0.4999999995599338,0.19999999886077074,-1.6969935678901038e-08,-4.400662056980309e-10,-1.1392292664780257e-09,True
weak-1e-4,narrower-float32,8,7.000000015568457,0.4499999990623517,-0.19999999834144735,1.5568456745995718e-08,-9.376482923428853e-10,1.6585526563250852e-09,True
weak-1e-4,narrower-float32,9,7.99999993196336,0.39999999792605745,0.2000000005999669,-6.80366403216226e-08,-2.073942573233012e-09,5.999668817313619e-10,True
weak-1e-4,narrower-float32,10,0.0006000083965720216,0.5000070394195407,-1.9998642908920803e-05,8.396572021549843e-09,7.039419540721958e-06,1.357091079198417e-09,True
weak-1e-4,narrower-float32,11,7.000000004133879,0.4499999988946137,0.20000000035561172,4.133879016876563e-09,-1.105386338018377e-09,3.5561170674824893e-10,True
weak-1e-4,narrower-float32,12,7.999999963772288,0.3999999985347433,-0.19999999861398257,-3.6227712385539235e-08,-1.4652567492667856e-09,1.3860174397084535e-09,True
weak-1e-4,wider-float32,1,5.999999990358209,0.4999999998391993,0.20000000186876443,-9.641791365311292e-09,-1.6080070608381902e-10,1.8687644209869347e-09,True
weak-1e-4,wider-float32,2,0.0007000097357042909,0.44999979050714656,-1.99994329347651e-05,9.73570429092449e-09,-2.0949285345350788e-07,5.670652349007703e-10,True
weak-1e-4,wider-float32,3,8.000000037780115,0.4000000003788515,0.19999999903548946,3.77801150364121e-08,3.78851450211215e-10,-9.645105547573252e-10,True
weak-1e-4,wider-float32,4,6.000000023754856,0.4999999996545706,-0.2000000017996598,2.3754855860147472e-08,-3.4542940730020177e-10,-1.7996597823088933e-09,True
weak-1e-4,wider-float32,5,6.9999999428268636,0.44999999776184885,0.1999999998849291,-5.717313644737487e-08,-2.238151164402069e-09,-1.1507089725526498e-10,True
weak-1e-4,wider-float32,6,0.0007999911903025448,0.39999930116281635,-1.99984499712933e-05,-8.80969745526046e-09,-6.988371836769147e-07,1.5500287067021464e-09,True
weak-1e-4,wider-float32,7,5.999999983030209,0.4999999995599377,0.1999999988607695,-1.6969790905818627e-08,-4.400623199174447e-10,-1.1392305154789284e-09,True
weak-1e-4,wider-float32,8,7.000000015568312,0.4499999990623491,-0.19999999834144833,1.5568311972913307e-08,-9.376509013669931e-10,1.6585516848799386e-09,True
weak-1e-4,wider-float32,9,7.999999931963409,0.3999999979260581,0.20000000059996617,-6.80365905836311e-08,-2.073941907099197e-09,5.999661600863959e-10,True
weak-1e-4,wider-float32,10,0.0006000083965793068,0.5000070394358401,-1.9998642906210206e-05,8.396579306737921e-09,7.0394358401282275e-06,1.3570937897953279e-09,True
weak-1e-4,wider-float32,11,7.000000004133924,0.44999999889461384,0.2000000003556062,4.133924313975967e-09,-1.1053861714849234e-09,3.556061833887014e-10,True
weak-1e-4,wider-float32,12,7.999999963772276,0.39999999853474316,-0.1999999986139763,-3.622772393185869e-08,-1.465256860289088e-09,1.3860237124685426e-09,True
weak-1e-4,mixed-float32,1,5.999999990358752,0.4999999998392131,0.20000000186876601,-9.641247800118435e-09,-1.6078688380716244e-10,1.868766003054745e-09,True
weak-1e-4,mixed-float32,2,0.0007000097348179986,0.4499997902306931,-1.999943293276974e-05,9.73481799858289e-09,-2.0976930692473417e-07,5.670672302630604e-10,True
weak-1e-4,mixed-float32,3,8.00000003778042,0.4000000003788575,0.19999999903549112,3.7780420569788475e-08,3.7885750092669923e-10,-9.645088894227882e-10,True
weak-1e-4,mixed-float32,4,6.000000023754502,0.4999999996545585,-0.20000000179965396,2.3754502365136432e-08,-3.454415087311702e-10,-1.799653953638014e-09,True
weak-1e-4,mixed-float32,5,6.999999942827192,0.4499999977618552,0.1999999998849287,-5.7172807821359584e-08,-2.2381448361308287e-09,-1.1507131358889922e-10,True
weak-1e-4,mixed-float32,6,0.0007999911902026117,0.3999993011515453,-1.999844996913518e-05,-8.809797388343102e-09,-6.988484547165719e-07,1.5500308648201233e-09,True
weak-1e-4,mixed-float32,7,5.9999999830298325,0.49999999955992563,0.19999999886077519,-1.697016749346858e-08,-4.400743658372619e-10,-1.1392248255859272e-09,True
weak-1e-4,mixed-float32,8,7.000000015568627,0.4499999990623555,-0.19999999834144852,1.55686272762523e-08,-9.376445175846015e-10,1.6585514905909093e-09,True
weak-1e-4,mixed-float32,9,7.9999999319632975,0.3999999979260568,0.20000000059996814,-6.803670249411198e-08,-2.0739432393668267e-09,5.999681307322646e-10,True
weak-1e-4,mixed-float32,10,0.0006000083964060484,0.5000070393204655,-1.9998642906802692e-05,8.396406048303412e-09,7.039320465529464e-06,1.3570931973093338e-09,True
weak-1e-4,mixed-float32,11,7.000000004133873,0.44999999889461434,0.20000000035561963,4.133872799627625e-09,-1.1053856718845623e-09,3.556196170872994e-10,True
weak-1e-4,mixed-float32,12,7.999999963772297,0.39999999853474316,-0.19999999861398998,-3.622770261557662e-08,-1.465256860289088e-09,1.3860100289697641e-09,True
active-a,first-stage-double,1,5.999999999999999,0.5,0.20000000000000007,-8.881784197001252e-16,0.0,5.551115123125783e-17,True
active-a,first-stage-double,2,9.855734367406044e-09,0.4500000087143796,0.2000000000000003,9.855734367406044e-09,8.714379606811207e-09,2.7755575615628914e-16,True
active-a,first-stage-double,3,7.999999999999998,0.3999999999999999,0.20000000000000026,-1.7763568394002505e-15,-1.1102230246251565e-16,2.498001805406602e-16,True
active-a,first-stage-double,4,5.999999999999998,0.5,-0.19999999999999965,-1.7763568394002505e-15,0.0,3.608224830031759e-16,True
active-a,first-stage-double,5,6.999999999999995,0.4499999999999999,0.19999999999999965,-5.329070518200751e-15,-1.1102230246251565e-16,-3.608224830031759e-16,True
active-a,first-stage-double,6,9.546537038533278e-08,0.40000009496112776,0.19999999999999923,9.546537038533278e-08,9.496112773899057e-08,-7.771561172376096e-16,True
active-a,first-stage-double,7,6.0,0.49999999999999994,0.1999999999999997,0.0,-5.551115123125783e-17,-3.0531133177191805e-16,True
active-a,first-stage-double,8,7.0,0.45,-0.19999999999999973,0.0,0.0,2.7755575615628914e-16,True
active-a,first-stage-double,9,8.000000000000004,0.4000000000000001,0.19999999999999968,3.552713678800501e-15,5.551115123125783e-17,-3.3306690738754696e-16,True
active-a,first-stage-double,10,1.0025565149250352e-07,0.5000000797808946,0.1999999999999997,1.0025565149250352e-07,7.97808945574019e-08,-3.0531133177191805e-16,True
active-a,first-stage-double,11,7.000000000000001,0.45,0.19999999999999943,8.881784197001252e-16,0.0,-5.828670879282072e-16,True
active-a,first-stage-double,12,8.000000000000002,0.4000000000000001,-0.19999999999999965,1.7763568394002505e-15,5.551115123125783e-17,3.608224830031759e-16,True
active-a,narrower-double,1,6.000000000000004,0.5,0.2000000000000007,4.440892098500626e-15,0.0,6.938893903907228e-16,True
active-a,narrower-double,2,2.4790747269553286e-08,0.4500000219198324,0.1999999999999996,2.4790747269553286e-08,2.1919832393635375e-08,-4.163336342344337e-16,True
active-a,narrower-double,3,8.000000000000002,0.4,0.19999999999999987,1.7763568394002505e-15,0.0,-1.3877787807814457e-16,True
active-a,narrower-double,4,5.999999999999998,0.5,-0.20000000000000015,-1.7763568394002505e-15,0.0,-1.3877787807814457e-16,True
active-a,narrower-double,5,7.0,0.45,0.20000000000000012,0.0,0.0,1.1102230246251565e-16,True
active-a,narrower-double,6,2.6995756646305356e-08,0.40000002685317304,0.20000000000000007,2.6995756646305356e-08,2.685317301853729e-08,5.551115123125783e-17,True
active-a,narrower-double,7,6.000000000000002,0.49999999999999994,0.19999999999999976,1.7763568394002505e-15,-5.551115123125783e-17,-2.498001805406602e-16,True
active-a,narrower-double,8,7.0000000000000036,0.45,-0.1999999999999999,3.552713678800501e-15,0.0,1.1102230246251565e-16,True
active-a,narrower-double,9,7.999999999999999,0.4,0.19999999999999987,-8.881784197001252e-16,0.0,-1.3877787807814457e-16,True
active-a,narrower-double,10,1.1227605122798862e-08,0.5000000089346449,0.2,1.1227605122798862e-08,8.934644912805823e-09,0.0,True
active-a,narrower-double,11,6.999999999999999,0.45,0.20000000000000007,-8.881784197001252e-16,0.0,5.551115123125783e-17,True
active-a,narrower-double,12,7.999999999999998,0.4,-0.20000000000000015,-1.7763568394002505e-15,0.0,-1.3877787807814457e-16,True
active-a,wider-double,1,6.000000000000004,0.5,0.19999999999999998,4.440892098500626e-15,0.0,-2.7755575615628914e-17,True
active-a,wider-double,2,2.9252837934235887e-09,0.450000002586521,0.20000000000000037,2.9252837934235887e-09,2.5865209973829906e-09,3.608224830031759e-16,True
active-a,wider-double,3,8.000000000000002,0.4,0.19999999999999962,1.7763568394002505e-15,0.0,-3.885780586188048e-16,True
active-a,wider-double,4,5.999999999999996,0.5,-0.19999999999999976,-4.440892098500626e-15,0.0,2.498001805406602e-16,True
active-a,wider-double,5,7.0000000000000036,0.45,0.1999999999999996,3.552713678800501e-15,0.0,-4.163336342344337e-16,True
active-a,wider-double,6,1.454470738988411e-08,0.4000000144678873,0.20000000000000007,1.454470738988411e-08,1.4467887277103131e-08,5.551115123125783e-17,True
active-a,wider-double,7,5.999999999999997,0.49999999999999994,0.19999999999999998,-2.6645352591003757e-15,-5.551115123125783e-17,-2.7755575615628914e-17,True
active-a,wider-double,8,6.999999999999999,0.45,-0.19999999999999962,-8.881784197001252e-16,0.0,3.885780586188048e-16,True
active-a,wider-double,9,8.000000000000002,0.4,0.19999999999999984,1.7763568394002505e-15,0.0,-1.6653345369377348e-16,True
active-a,wider-double,10,6.901744930153312e-08,0.500000054922333,0.2000000000000001,6.901744930153312e-08,5.492233301485072e-08,8.326672684688674e-17,True
active-a,wider-double,11,6.999999999999997,0.45,0.19999999999999968,-2.6645352591003757e-15,0.0,-3.3306690738754696e-16,True
active-a,wider-double,12,8.000000000000004,0.4000000000000001,-0.19999999999999984,3.552713678800501e-15,5.551115123125783e-17,1.6653345369377348e-16,True
active-a,mixed-double,1,6.0000000000000036,0.5,0.19999999999999965,3.552713678800501e-15,0.0,-3.608224830031759e-16,True
active-a,mixed-double,2,1.0297939292276267e-08,0.45000000910538007,0.2000000000000005,1.0297939292276267e-08,9.105380061047441e-09,4.996003610813204e-16,True
active-a,mixed-double,3,7.999999999999999,0.4,0.20000000000000004,-8.881784197001252e-16,0.0,2.7755575615628914e-17,True
active-a,mixed-double,4,5.999999999999999,0.5,-0.19999999999999962,-8.881784197001252e-16,0.0,3.885780586188048e-16,True
active-a,mixed-double,5,7.0,0.45,0.19999999999999962,0.0,0.0,-3.885780586188048e-16,True
active-a,mixed-double,6,1.541311491876332e-08,0.4000000153317075,0.19999999999999993,1.541311491876332e-08,1.533170745915413e-08,-8.326672684688674e-17,True
active-a,mixed-double,7,6.000000000000004,0.5,0.19999999999999982,4.440892098500626e-15,0.0,-1.942890293094024e-16,True
active-a,mixed-double,8,6.999999999999998,0.45,-0.19999999999999993,-1.7763568394002505e-15,0.0,8.326672684688674e-17,True
active-a,mixed-double,9,8.000000000000002,0.4,0.2,1.7763568394002505e-15,0.0,0.0,True
active-a,mixed-double,10,2.438382253960834e-08,0.5000000194040309,0.1999999999999998,2.438382253960834e-08,1.940403093758647e-08,-2.220446049250313e-16,True
active-a,mixed-double,11,7.000000000000003,0.45,0.2000000000000002,2.6645352591003757e-15,0.0,1.942890293094024e-16,True
active-a,mixed-double,12,7.9999999999999964,0.4,-0.19999999999999993,-3.552713678800501e-15,0.0,8.326672684688674e-17,True
active-a,first-stage-float32,1,5.999999970650015,0.5000000004618399,0.19999999856145054,-2.9349984664861495e-08,4.6183989965697947e-10,-1.4385494739865834e-09,True
active-a,first-stage-float32,2,0.00017146387214001852,0.4501515157819064,0.19999999977948,0.00017146387214001852,0.00015151578190636394,-2.2052001891204043e-10,True
active-a,first-stage-float32,3,7.999999967745024,0.3999999984250522,0.19999999938592644,-3.2254975579348866e-08,-1.5749478388116245e-09,-6.140735697712785e-10,True
active-a,first-stage-float32,4,5.9999999924779495,0.5000000000052883,-0.1999999985733127,-7.522050538000258e-09,5.288325333197008e-12,1.4266873238355515e-09,True
active-a,first-stage-float32,5,6.9999999286596974,0.44999999712797095,0.2000000004047185,-7.134030255429025e-08,-2.8720290590200648e-09,4.047184809508053e-10,True
active-a,first-stage-float32,6,0.00011449607086949252,0.4001138376557357,0.20000000068520832,0.00011449607086949252,0.00011383765573569349,6.852083067609982e-10,True
active-a,first-stage-float32,7,6.000000091964335,0.5000000039957602,0.19999999793458098,9.19643348140653e-08,3.995760167185836e-09,-2.0654190302504816e-09,True
active-a,first-stage-float32,8,6.999999965567762,0.44999999827356785,-0.19999999811335628,-3.443223839383336e-08,-1.7264321638954527e-09,1.8866437301312544e-09,True
active-a,first-stage-float32,9,7.999999908532321,0.399999998114668,0.2000000015080689,-9.146767876444528e-08,-1.8853320016276598e-09,1.5080688919866247e-09,True
active-a,first-stage-float32,10,8.315730334090275e-09,0.4999999995450505,0.1999999985582541,8.315730334090275e-09,-4.5494952249924836e-10,-1.4417459170967817e-09,True
active-a,first-stage-float32,11,6.999999932048231,0.44999999662355317,0.20000000369732185,-6.795176865637131e-08,-3.3764468443386875e-09,3.6973218375813133e-09,True
active-a,first-stage-float32,12,8.00000001887436,0.3999999983951413,-0.19999999859633838,1.887435985281627e-08,-1.6048587458961094e-09,1.4036616313717332e-09,True
active-a,narrower-float32,1,5.999999970651136,0.5000000004618499,0.1999999985614076,-2.9348863783695833e-08,4.618498916642011e-10,-1.4385924118620608e-09,True
active-a,narrower-float32,2,0.00017146036389556292,0.4501515126844891,0.19999999977961677,0.00017146036389556292,0.00015151268448909683,-2.203832394354066e-10,True
active-a,narrower-float32,3,7.999999967748423,0.39999999842510203,0.19999999938586183,-3.225157740871509e-08,-1.5748979897978188e-09,-6.141381847513117e-10,True
active-a,narrower-float32,4,5.999999992474061,0.5000000000051853,-0.19999999857336034,-7.525938983121705e-09,5.185296636511794e-12,1.4266396675122195e-09,True
active-a,narrower-float32,5,6.999999928664888,0.44999999712806327,0.2000000004048243,-7.133511203960552e-08,-2.871936743975567e-09,4.048242852050521e-10,True
active-a,narrower-float32,6,0.00011446485080441659,0.40011380662592516,0.2000000006856579,0.00011446485080441659,0.00011380662592513913,6.856578915748202e-10,True
active-a,narrower-float32,7,6.000000091964032,0.5000000039957648,0.19999999793468592,9.196403194522418e-08,3.995764830122539e-09,-2.065314086419079e-09,True
active-a,narrower-float32,8,6.999999965568567,0.44999999827357995,-0.19999999811357017,-3.443143281600669e-08,-1.7264200624644843e-09,1.8864298456655604e-09,True
active-a,narrower-float32,9,7.999999908530382,0.3999999981146458,0.2000000015081733,-9.146961765793549e-08,-1.8853542060881523e-09,1.5081732807065151e-09,True
active-a,narrower-float32,10,0.0,0.49999999292704533,0.19999999855820239,0.0,-7.0729546663983456e-09,-1.4417976257341536e-09,True
active-a,narrower-float32,11,6.999999932045316,0.4499999966235151,0.20000000369745594,-6.795468365794477e-08,-3.376484924988432e-09,3.6974559247671124e-09,True
active-a,narrower-float32,12,8.000000018877474,0.3999999983951883,-0.19999999859642084,1.8877473806355738e-08,-1.6048117279510166e-09,1.4035791695565791e-09,True
active-a,wider-float32,1,5.999999970651128,0.5000000004618499,0.19999999856141001,-2.934887177730161e-08,4.618498916642011e-10,-1.4385899971269822e-09,True
active-a,wider-float32,2,0.00017146036365580446,0.45015151268427195,0.1999999997796154,0.00017146036365580446,0.0001515126842719372,-2.2038459945861177e-10,True
active-a,wider-float32,3,7.99999996774842,0.39999999842510203,0.1999999993858615,-3.225158007325035e-08,-1.5748979897978188e-09,-6.14138517818219e-10,True
active-a,wider-float32,4,5.999999992474058,0.5000000000051854,-0.1999999985733599,-7.525941647656964e-09,5.185407658814256e-12,1.4266401116014293e-09,True
active-a,wider-float32,5,6.999999928664887,0.44999999712806327,0.20000000040482444,-7.133511292778394e-08,-2.871936743975567e-09,4.0482442398293017e-10,True
active-a,wider-float32,6,0.00011446485022951015,0.4001138066253532,0.20000000068565785,0.00011446485022951015,0.00011380662535315222,6.856578360636689e-10,True
active-a,wider-float32,7,6.000000091964023,0.5000000039957648,0.19999999793468484,9.196402306343998e-08,3.995764830122539e-09,-2.065315168886528e-09,True
active-a,wider-float32,8,6.9999999655685645,0.44999999827357995,-0.19999999811356922,-3.443143548054195e-08,-1.7264200624644843e-09,1.8864307893551313e-09,True
active-a,wider-float32,9,7.999999908530385,0.3999999981146458,0.20000000150817324,-9.146961499340023e-08,-1.8853542060881523e-09,1.508173225195364e-09,True
active-a,wider-float32,10,1.246176103662139e-07,0.5000000920945646,0.19999999855820186,1.246176103662139e-07,9.209456464098764e-08,-1.4417981530900903e-09,True
active-a,wider-float32,11,6.999999932045313,0.4499999966235151,0.20000000369745594,-6.795468721065845e-08,-3.376484924988432e-09,3.6974559247671124e-09,True
active-a,wider-float32,12,8.000000018877474,0.39999999839518835,-0.19999999859642065,1.8877473806355738e-08,-1.6048116724398653e-09,1.4035793638456084e-09,True
active-a,mixed-float32,1,5.999999970651103,0.5000000004618496,0.19999999856141054,-2.9348896646297362e-08,4.618495585972937e-10,-1.4385894697710455e-09,True
active-a,mixed-float32,2,0.0001714604572626169,0.4501515127669573,0.19999999977961389,0.0001714604572626169,0.00015151276695729576,-2.2038612601527063e-10,True
active-a,mixed-float32,3,7.999999967748411,0.3999999984251018,0.19999999938586152,-3.225158895503455e-08,-1.5748982118424237e-09,-6.141384900626434e-10,True
active-a,mixed-float32,4,5.999999992474068,0.5000000000051855,-0.19999999857336032,-7.525931877694347e-09,5.185518681116719e-12,1.4266396952677951e-09,True
active-a,mixed-float32,5,6.999999928664872,0.44999999712806305,0.20000000040482474,-7.133512802681707e-08,-2.871936966020172e-09,4.0482472929426194e-10,True
active-a,mixed-float32,6,0.00011446486433640645,0.40011380663937207,0.20000000068565782,0.00011446486433640645,0.00011380663937204938,6.856578083080933e-10,True
active-a,mixed-float32,7,6.000000091964042,0.5000000039957649,0.1999999979346847,9.19640417151868e-08,3.9957649411448415e-09,-2.065315307664406e-09,True
active-a,mixed-float32,8,6.999999965568546,0.44999999827357967,-0.19999999811356906,-3.4431454132288764e-08,-1.7264203400202405e-09,1.886430955888585e-09,True
active-a,mixed-float32,9,7.999999908530384,0.3999999981146458,0.20000000150817376,-9.146961588157865e-08,-1.8853542060881523e-09,1.5081737525513006e-09,True
active-a,mixed-float32,10,1.9420084226763364e-08,0.5000000083810593,0.1999999985582032,1.9420084226763364e-08,8.381059291018289e-09,-1.4417968208224607e-09,True
active-a,mixed-float32,11,6.999999932045318,0.4499999966235152,0.20000000369745552,-6.795468188158793e-08,-3.3764848139661296e-09,3.697455508433478e-09,True
active-a,mixed-float32,12,8.000000018877465,0.3999999983951883,-0.1999999985964203,1.887746492457154e-08,-1.6048117279510166e-09,1.4035797246680914e-09,True
zero-signal,first-stage-double,1,6.000000000000008,0.49999999999999994,0.20000000000000073,7.993605777301127e-15,-5.551115123125783e-17,7.216449660063518e-16,False
zero-signal,first-stage-double,2,6.999999999999999,0.45,-0.20000000000000034,-8.881784197001252e-16,0.0,-3.3306690738754696e-16,False
zero-signal,first-stage-double,3,8.000000000000002,0.4,0.20000000000000004,1.7763568394002505e-15,0.0,2.7755575615628914e-17,False
zero-signal,first-stage-double,4,5.999999999999995,0.4999999999999999,-0.20000000000000015,-5.329070518200751e-15,-1.1102230246251565e-16,-1.3877787807814457e-16,False
zero-signal,first-stage-double,5,7.000000000000003,0.45,0.19999999999999998,2.6645352591003757e-15,0.0,-2.7755575615628914e-17,False
zero-signal,first-stage-double,6,1.1355725601610461e-15,0.5971538395099153,-1.4743775539598283e-17,1.1355725601610461e-15,0.19715383950991527,-1.4743775539598283e-17,False
zero-signal,first-stage-double,7,6.000000000000004,0.5,0.19999999999999962,4.440892098500626e-15,0.0,-3.885780586188048e-16,False
zero-signal,first-stage-double,8,6.999999999999998,0.45,-0.2000000000000002,-1.7763568394002505e-15,0.0,-1.942890293094024e-16,False
zero-signal,first-stage-double,9,8.000000000000002,0.4,0.19999999999999993,1.7763568394002505e-15,0.0,-8.326672684688674e-17,False
zero-signal,first-stage-double,10,5.999999999999999,0.49999999999999994,-0.1999999999999998,-8.881784197001252e-16,-5.551115123125783e-17,2.220446049250313e-16,False
zero-signal,first-stage-double,11,7.0,0.45,0.20000000000000007,0.0,0.0,5.551115123125783e-17,False
zero-signal,first-stage-double,12,8.000000000000002,0.4,-0.20000000000000004,1.7763568394002505e-15,0.0,-2.7755575615628914e-17,False
zero-signal,narrower-double,1,6.000000000000002,0.49999999999999994,0.20000000000000062,1.7763568394002505e-15,-5.551115123125783e-17,6.106226635438361e-16,False
zero-signal,narrower-double,2,7.0000000000000036,0.45000000000000007,-0.19999999999999982,3.552713678800501e-15,5.551115123125783e-17,1.942890293094024e-16,False
zero-signal,narrower-double,3,8.0,0.4000000000000001,0.20000000000000004,0.0,5.551115123125783e-17,2.7755575615628914e-17,False
zero-signal,narrower-double,4,5.999999999999997,0.5,-0.20000000000000023,-2.6645352591003757e-15,0.0,-2.220446049250313e-16,False
zero-signal,narrower-double,5,7.0,0.45000000000000007,0.20000000000000026,0.0,5.551115123125783e-17,2.498001805406602e-16,False
zero-signal,narrower-double,6,6.0399789369516476e-15,0.9418783329180312,-2.10928454185614e-16,6.0399789369516476e-15,0.5418783329180312,-2.10928454185614e-16,False
zero-signal,narrower-double,7,6.0,0.49999999999999994,0.1999999999999999,0.0,-5.551115123125783e-17,-1.1102230246251565e-16,False
zero-signal,narrower-double,8,6.999999999999993,0.45,-0.1999999999999998,-7.105427357601002e-15,0.0,2.220446049250313e-16,False
zero-signal,narrower-double,9,8.000000000000002,0.4,0.19999999999999996,1.7763568394002505e-15,0.0,-5.551115123125783e-17,False
zero-signal,narrower-double,10,6.0,0.5,-0.1999999999999999,0.0,0.0,1.1102230246251565e-16,False
zero-signal,narrower-double,11,7.0,0.45,0.19999999999999987,0.0,0.0,-1.3877787807814457e-16,False
zero-signal,narrower-double,12,7.999999999999997,0.4,-0.19999999999999996,-2.6645352591003757e-15,0.0,5.551115123125783e-17,False
zero-signal,wider-double,1,6.000000000000003,0.5,0.2000000000000011,2.6645352591003757e-15,0.0,1.0824674490095276e-15,False
zero-signal,wider-double,2,6.999999999999998,0.44999999999999996,-0.2000000000000005,-1.7763568394002505e-15,-5.551115123125783e-17,-4.996003610813204e-16,False
zero-signal,wider-double,3,8.000000000000002,0.4,0.20000000000000018,1.7763568394002505e-15,0.0,1.6653345369377348e-16,False
zero-signal,wider-double,4,5.999999999999997,0.5,-0.2,-2.6645352591003757e-15,0.0,0.0,False
zero-signal,wider-double,5,6.999999999999998,0.45,0.20000000000000037,-1.7763568394002505e-15,0.0,3.608224830031759e-16,False
zero-signal,wider-double,6,4.512831496613231e-16,0.696480768785914,1.3361612639399845e-17,4.512831496613231e-16,0.296480768785914,1.3361612639399845e-17,False
zero-signal,wider-double,7,6.000000000000005,0.5,0.19999999999999987,5.329070518200751e-15,0.0,-1.3877787807814457e-16,False
zero-signal,wider-double,8,6.999999999999992,0.45,-0.19999999999999982,-7.993605777301127e-15,0.0,1.942890293094024e-16,False
zero-signal,wider-double,9,8.000000000000002,0.4,0.1999999999999998,1.7763568394002505e-15,0.0,-2.220446049250313e-16,False
zero-signal,wider-double,10,5.999999999999995,0.5,-0.2,-5.329070518200751e-15,0.0,0.0,False
zero-signal,wider-double,11,7.000000000000001,0.45,0.20000000000000004,8.881784197001252e-16,0.0,2.7755575615628914e-17,False
zero-signal,wider-double,12,8.000000000000002,0.4,-0.20000000000000015,1.7763568394002505e-15,0.0,-1.3877787807814457e-16,False
zero-signal,mixed-double,1,6.000000000000008,0.5,0.20000000000000043,7.993605777301127e-15,0.0,4.163336342344337e-16,False
zero-signal,mixed-double,2,6.999999999999998,0.45,-0.2000000000000006,-1.7763568394002505e-15,0.0,-5.828670879282072e-16,False
zero-signal,mixed-double,3,8.000000000000002,0.4,0.2000000000000004,1.7763568394002505e-15,0.0,3.885780586188048e-16,False
zero-signal,mixed-double,4,5.999999999999997,0.5,-0.20000000000000015,-2.6645352591003757e-15,0.0,-1.3877787807814457e-16,False
zero-signal,mixed-double,5,7.000000000000001,0.45,0.20000000000000007,8.881784197001252e-16,0.0,5.551115123125783e-17,False
zero-signal,mixed-double,6,0.0,1.164624419167556,5.74699012508019e-18,0.0,0.7646244191675561,5.74699012508019e-18,False
zero-signal,mixed-double,7,6.000000000000007,0.5,0.19999999999999987,7.105427357601002e-15,0.0,-1.3877787807814457e-16,False
zero-signal,mixed-double,8,6.999999999999998,0.45,-0.20000000000000004,-1.7763568394002505e-15,0.0,-2.7755575615628914e-17,False
zero-signal,mixed-double,9,8.0,0.4000000000000001,0.19999999999999976,0.0,5.551115123125783e-17,-2.498001805406602e-16,False
zero-signal,mixed-double,10,5.999999999999998,0.5,-0.20000000000000012,-1.7763568394002505e-15,0.0,-1.1102230246251565e-16,False
zero-signal,mixed-double,11,7.0000000000000036,0.45000000000000007,0.20000000000000015,3.552713678800501e-15,5.551115123125783e-17,1.3877787807814457e-16,False
zero-signal,mixed-double,12,8.000000000000002,0.4000000000000001,-0.20000000000000015,1.7763568394002505e-15,5.551115123125783e-17,-1.3877787807814457e-16,False
zero-signal,first-stage-float32,1,5.999999987804542,0.5000000006856877,0.19999999988685177,-1.219545797681576e-08,6.85687728818607e-10,-1.1314824077679475e-10,False
zero-signal,first-stage-float32,2,6.999999903923903,0.4499999976026185,-0.1999999992925599,-9.60760973001129e-08,-2.397381515528707e-09,7.074401064954827e-10,False
zero-signal,first-stage-float32,3,7.999999991513011,0.4000000012649445,0.19999999946580102,-8.486988889444547e-09,1.2649444824930356e-09,-5.341989905982558e-10,False
zero-signal,first-stage-float32,4,6.000000009416746,0.49999999975158127,-0.19999999996994813,9.416745605506094e-09,-2.4841873003111914e-10,3.005187765303674e-11,False
zero-signal,first-stage-float32,5,7.000000008000484,0.45000000037431886,0.1999999990073665,8.000483830983285e-09,3.7431885369088036e-10,-9.926335031718025e-10,False
zero-signal,first-stage-float32,6,3.68942974084909e-08,0.6264674633392143,3.045082268578403e-10,3.68942974084909e-08,0.2264674633392143,3.045082268578403e-10,False
zero-signal,first-stage-float32,7,6.000000015617595,0.5000000019416928,0.19999999723270598,1.5617595217065627e-08,1.9416928065396633e-09,-2.7672940328127282e-09,False
zero-signal,first-stage-float32,8,6.999999992297046,0.44999999946292957,-0.19999999677142358,-7.70295383034636e-09,-5.370704436735707e-10,3.228576433977892e-09,False
zero-signal,first-stage-float32,9,7.999999976132775,0.39999999777016404,0.1999999993149876,-2.3867224641094253e-08,-2.2298359825256853e-09,-6.850124079083031e-10,False
zero-signal,first-stage-float32,10,6.000000039992055,0.5000000013180009,-0.20000000025919568,3.9992055000936944e-08,1.3180009306168472e-09,-2.5919566493115553e-10,False
zero-signal,first-stage-float32,11,7.0000000001492015,0.45000000038292676,0.19999999748660138,1.4920154001174524e-10,3.829267458677066e-10,-2.5133986281122844e-09,False
zero-signal,first-stage-float32,12,7.999999995254156,0.3999999982301493,-0.19999999799661558,-4.745843718012566e-09,-1.7698507104313421e-09,2.0033844305711312e-09,False
zero-signal,narrower-float32,1,5.999999987803835,0.5000000006856634,0.1999999998868164,-1.2196164966837841e-08,6.856634149343677e-10,-1.1318360138012906e-10,False
zero-signal,narrower-float32,2,6.999999903923333,0.4499999976025913,-0.1999999992927212,-9.607666662247993e-08,-2.3974087159928104e-09,7.072788188455803e-10,False
zero-signal,narrower-float32,3,7.9999999915161215,0.4000000012649698,0.19999999946619498,-8.483878488618757e-09,1.264969795577997e-09,-5.338050279579676e-10,False
zero-signal,narrower-float32,4,6.000000009413124,0.49999999975148224,-0.1999999999701389,9.413123613910557e-09,-2.485177619249157e-10,2.986111358183052e-11,False
zero-signal,narrower-float32,5,7.000000008005158,0.4500000003743727,0.1999999990080801,8.005158314006167e-09,3.743726995075747e-10,-9.919199073227247e-10,False
zero-signal,narrower-float32,6,3.683619530706819e-08,0.6260466129822653,3.0534543122358184e-10,3.683619530706819e-08,0.22604661298226525,3.0534543122358184e-10,False
zero-signal,narrower-float32,7,6.000000015618995,0.5000000019417401,0.19999999723296671,1.5618994986255075e-08,1.9417401020405123e-09,-2.767033296935395e-09,False
zero-signal,narrower-float32,8,6.999999992297088,0.4499999994629319,-0.19999999677180647,-7.702912085960634e-09,-5.37068112205219e-10,3.2281935458122746e-09,False
zero-signal,narrower-float32,9,7.9999999761332745,0.3999999977701675,0.19999999931480822,-2.3866725484822382e-08,-2.229832540834309e-09,-6.851917921935069e-10,False
zero-signal,narrower-float32,10,6.000000039991415,0.5000000013179765,-0.20000000025922987,3.999141462429634e-08,1.3179765057103054e-09,-2.59229859800314e-10,False
zero-signal,narrower-float32,11,7.00000000014858,0.4500000003828995,0.19999999748643857,1.4857981511795515e-10,3.8289948989245204e-10,-2.5135614423188457e-09,False
zero-signal,narrower-float32,12,7.999999995257218,0.39999999823017457,-0.19999999799622123,-4.742782166999859e-09,-1.769825452857532e-09,2.003778781789478e-09,False
zero-signal,wider-float32,1,5.9999999878035934,0.5000000006856552,0.19999999988680497,-1.2196406551368e-08,6.856551992839854e-10,-1.131950366772827e-10,False
zero-signal,wider-float32,2,6.999999903923147,0.44999999760258225,-0.1999999992927755,-9.607685313994807e-08,-2.397417764310461e-09,7.072245011841005e-10,False
zero-signal,wider-float32,3,7.999999991517149,0.4000000012649782,0.19999999946632566,-8.482850866187164e-09,1.264978177761833e-09,-5.336743547079692e-10,False
zero-signal,wider-float32,4,6.000000009411914,0.4999999997514493,-0.19999999997020187,9.411913914902925e-09,-2.4855068003759584e-10,2.979813618075866e-11,False
zero-signal,wider-float32,5,7.000000008006707,0.4500000003743906,0.19999999900831708,8.006707297170124e-09,3.7439057409827114e-10,-9.916829302181185e-10,False
zero-signal,wider-float32,6,3.681693080817602e-08,0.6259070937111921,3.0562344517703657e-10,3.681693080817602e-08,0.2259070937111921,3.0562344517703657e-10,False
zero-signal,wider-float32,7,6.0000000156194595,0.5000000019417559,0.19999999723305356,1.5619459503568578e-08,1.941755867207462e-09,-2.7669464497392937e-09,False
zero-signal,wider-float32,8,6.999999992297105,0.4499999994629326,-0.19999999677193311,-7.70289521057066e-09,-5.37067390560253e-10,3.2280668971207405e-09,False
zero-signal,wider-float32,9,7.9999999761334335,0.3999999977701686,0.19999999931474863,-2.3866566500885256e-08,-2.2298314306112843e-09,-6.852513834143537e-10,False
zero-signal,wider-float32,10,6.000000039991199,0.5000000013179685,-0.2000000002592414,3.999119879694035e-08,1.3179685121045281e-09,-2.592413783641945e-10,False
zero-signal,wider-float32,11,7.000000000148357,0.45000000038289045,0.1999999974863854,1.4835688233461042e-10,3.8289044157480134e-10,-2.5136146220017253e-09,False
zero-signal,wider-float32,12,7.999999995258232,0.39999999823018306,-0.199999997996091,-4.741767867244562e-09,-1.7698169596513935e-09,2.0039090109502666e-09,False
zero-signal,mixed-float32,1,5.999999987803865,0.5000000006856646,0.1999999998868185,-1.2196134768771572e-08,6.856646361796948e-10,-1.1318151971195789e-10,False
zero-signal,mixed-float32,2,6.999999903923368,0.44999999760259274,-0.19999999929271328,-9.607663198352157e-08,-2.3974072727028783e-09,7.072867291846308e-10,False
zero-signal,mixed-float32,3,7.999999991515961,0.40000000126496854,0.1999999994661745,-8.484039248912723e-09,1.2649685188215187e-09,-5.338255115727719e-10,False
zero-signal,mixed-float32,4,6.000000009413309,0.4999999997514874,-0.19999999997012852,9.413309243200274e-09,-2.485125993878512e-10,2.987149416711077e-11,False
zero-signal,mixed-float32,5,7.000000008004914,0.4500000003743699,0.19999999900804274,8.004914064940749e-09,3.743698684388619e-10,-9.919572663275034e-10,False
zero-signal,mixed-float32,6,3.6839224461901176e-08,0.6260685653849096,3.053017619246335e-10,3.6839224461901176e-08,0.2260685653849096,3.053017619246335e-10,False
zero-signal,mixed-float32,7,6.000000015618925,0.5000000019417377,0.1999999972329529,1.561892482015992e-08,1.941737659549858e-09,-2.7670471192120516e-09,False
zero-signal,mixed-float32,8,6.999999992297086,0.44999999946293173,-0.19999999677178604,-7.702913862317473e-09,-5.370682787386727e-10,3.2282139739159277e-09,False
zero-signal,mixed-float32,9,7.999999976133253,0.3999999977701672,0.19999999931481735,-2.3866746801104455e-08,-2.229832818390065e-09,-6.851826606091294e-10,False
zero-signal,mixed-float32,10,6.000000039991448,0.5000000013179778,-0.20000000025922815,3.999144837507629e-08,1.317977837977935e-09,-2.592281389546258e-10,False
zero-signal,mixed-float32,11,7.000000000148603,0.4500000003829009,0.19999999748644742,1.4860290775686735e-10,3.829008776712328e-10,-2.5135525882902243e-09,False
zero-signal,mixed-float32,12,7.999999995257056,0.39999999823017324,-0.1999999979962418,-4.742943815472245e-09,-1.7698267851251615e-09,2.003758214907947e-09,False
near-0.10,first-stage-double,1,5.99999999999999,0.5,0.20000000000000046,-9.769962616701378e-15,0.0,4.440892098500626e-16,True
near-0.10,first-stage-double,2,6.999999999999998,0.45,-0.19999999999999996,-1.7763568394002505e-15,0.0,5.551115123125783e-17,True
near-0.10,first-stage-double,3,7.999999999999999,0.4,0.19999999999999987,-8.881784197001252e-16,0.0,-1.3877787807814457e-16,True
near-0.10,first-stage-double,4,6.000000000000005,0.49999999999999994,-0.20000000000000012,5.329070518200751e-15,-5.551115123125783e-17,-1.1102230246251565e-16,True
near-0.10,first-stage-double,5,6.999999999999999,0.45000000000000007,0.20000000000000032,-8.881784197001252e-16,5.551115123125783e-17,3.0531133177191805e-16,True
near-0.10,first-stage-double,6,8.000000000000002,0.4000000000000001,-0.20000000000000004,1.7763568394002505e-15,5.551115123125783e-17,-2.7755575615628914e-17,True
near-0.10,first-stage-double,7,5.9999999999999964,0.49999999999999994,0.20000000000000037,-3.552713678800501e-15,-5.551115123125783e-17,3.608224830031759e-16,True
near-0.10,first-stage-double,8,6.9999999999999964,0.45000000000000007,-0.1999999999999999,-3.552713678800501e-15,5.551115123125783e-17,1.1102230246251565e-16,True
near-0.10,first-stage-double,9,8.000000000000009,0.4,0.19999999999999965,8.881784197001252e-15,0.0,-3.608224830031759e-16,True
near-0.10,first-stage-double,10,5.999999999999994,0.5,-0.20000000000000007,-6.217248937900877e-15,0.0,-5.551115123125783e-17,True
near-0.10,first-stage-double,11,7.000000000000003,0.45000000000000007,0.19999999999999998,2.6645352591003757e-15,5.551115123125783e-17,-2.7755575615628914e-17,True
near-0.10,first-stage-double,12,7.999999999999999,0.4000000000000001,-0.20000000000000007,-8.881784197001252e-16,5.551115123125783e-17,-5.551115123125783e-17,True
near-0.10,narrower-double,1,5.999999999999996,0.5000000000000001,0.2000000000000001,-4.440892098500626e-15,1.1102230246251565e-16,8.326672684688674e-17,True
near-0.10,narrower-double,2,6.999999999999994,0.45000000000000007,-0.19999999999999968,-6.217248937900877e-15,5.551115123125783e-17,3.3306690738754696e-16,True
near-0.10,narrower-double,3,7.999999999999999,0.4,0.19999999999999996,-8.881784197001252e-16,0.0,-5.551115123125783e-17,True
near-0.10,narrower-double,4,6.000000000000006,0.4999999999999999,-0.19999999999999987,6.217248937900877e-15,-1.1102230246251565e-16,1.3877787807814457e-16,True
near-0.10,narrower-double,5,6.9999999999999964,0.45,0.20000000000000048,-3.552713678800501e-15,0.0,4.718447854656915e-16,True
near-0.10,narrower-double,6,8.000000000000002,0.40000000000000013,-0.19999999999999993,1.7763568394002505e-15,1.1102230246251565e-16,8.326672684688674e-17,True
near-0.10,narrower-double,7,5.9999999999999964,0.49999999999999994,0.20000000000000034,-3.552713678800501e-15,-5.551115123125783e-17,3.3306690738754696e-16,True
near-0.10,narrower-double,8,6.999999999999996,0.45000000000000007,-0.19999999999999987,-4.440892098500626e-15,5.551115123125783e-17,1.3877787807814457e-16,True
near-0.10,narrower-double,9,8.000000000000007,0.4,0.1999999999999996,7.105427357601002e-15,0.0,-4.163336342344337e-16,True
near-0.10,narrower-double,10,5.999999999999994,0.5,-0.20000000000000015,-6.217248937900877e-15,0.0,-1.3877787807814457e-16,True
near-0.10,narrower-double,11,6.999999999999997,0.45,0.2000000000000001,-2.6645352591003757e-15,0.0,8.326672684688674e-17,True
near-0.10,narrower-double,12,7.999999999999995,0.4,-0.20000000000000012,-5.329070518200751e-15,0.0,-1.1102230246251565e-16,True
near-0.10,wider-double,1,5.999999999999985,0.4999999999999999,0.20000000000000032,-1.509903313490213e-14,-1.1102230246251565e-16,3.0531133177191805e-16,True
near-0.10,wider-double,2,6.9999999999999964,0.45,-0.19999999999999982,-3.552713678800501e-15,0.0,1.942890293094024e-16,True
near-0.10,wider-double,3,8.000000000000002,0.4,0.19999999999999996,1.7763568394002505e-15,0.0,-5.551115123125783e-17,True
near-0.10,wider-double,4,6.000000000000014,0.5000000000000001,-0.19999999999999993,1.4210854715202004e-14,1.1102230246251565e-16,8.326672684688674e-17,True
near-0.10,wider-double,5,6.999999999999998,0.45,0.2000000000000001,-1.7763568394002505e-15,0.0,8.326672684688674e-17,True
near-0.10,wider-double,6,7.999999999999999,0.4,-0.19999999999999976,-8.881784197001252e-16,0.0,2.498001805406602e-16,True
near-0.10,wider-double,7,6.000000000000001,0.5,0.1999999999999997,8.881784197001252e-16,0.0,-3.0531133177191805e-16,True
near-0.10,wider-double,8,6.999999999999995,0.45,-0.1999999999999997,-5.329070518200751e-15,0.0,3.0531133177191805e-16,True
near-0.10,wider-double,9,8.000000000000005,0.4,0.1999999999999997,5.329070518200751e-15,0.0,-3.0531133177191805e-16,True
near-0.10,wider-double,10,5.999999999999994,0.5,-0.20000000000000015,-6.217248937900877e-15,0.0,-1.3877787807814457e-16,True
near-0.10,wider-double,11,6.999999999999999,0.45,0.20000000000000032,-8.881784197001252e-16,0.0,3.0531133177191805e-16,True
near-0.10,wider-double,12,7.999999999999997,0.4,-0.20000000000000012,-2.6645352591003757e-15,0.0,-1.1102230246251565e-16,True
near-0.10,mixed-double,1,5.999999999999989,0.49999999999999994,0.20000000000000054,-1.0658141036401503e-14,-5.551115123125783e-17,5.273559366969494e-16,True
near-0.10,mixed-double,2,6.999999999999999,0.45000000000000007,-0.20000000000000046,-8.881784197001252e-16,5.551115123125783e-17,-4.440892098500626e-16,True
near-0.10,mixed-double,3,8.000000000000002,0.4,0.2,1.7763568394002505e-15,0.0,0.0,True
near-0.10,mixed-double,4,6.000000000000005,0.5,-0.2000000000000002,5.329070518200751e-15,0.0,-1.942890293094024e-16,True
near-0.10,mixed-double,5,7.0,0.45,0.2000000000000003,0.0,0.0,2.7755575615628914e-16,True
near-0.10,mixed-double,6,8.0,0.4000000000000001,-0.19999999999999993,0.0,5.551115123125783e-17,8.326672684688674e-17,True
near-0.10,mixed-double,7,6.000000000000003,0.5,0.19999999999999998,2.6645352591003757e-15,0.0,-2.7755575615628914e-17,True
near-0.10,mixed-double,8,6.999999999999994,0.45000000000000007,-0.19999999999999984,-6.217248937900877e-15,5.551115123125783e-17,1.6653345369377348e-16,True
near-0.10,mixed-double,9,8.000000000000007,0.4,0.1999999999999997,7.105427357601002e-15,0.0,-3.0531133177191805e-16,True
near-0.10,mixed-double,10,5.999999999999994,0.5,-0.20000000000000007,-6.217248937900877e-15,0.0,-5.551115123125783e-17,True
near-0.10,mixed-double,11,7.000000000000001,0.45000000000000007,0.19999999999999993,8.881784197001252e-16,5.551115123125783e-17,-8.326672684688674e-17,True
near-0.10,mixed-double,12,7.999999999999997,0.4,-0.2,-2.6645352591003757e-15,0.0,0.0,True
near-0.10,first-stage-float32,1,6.00000020963389,0.5000000154132486,0.20000000140346774,2.0963388980277387e-07,1.5413248566353843e-08,1.4034677309204824e-09,True
near-0.10,first-stage-float32,2,6.999999974824175,0.4499999992113811,-0.1999999986959616,-2.5175824980294692e-08,-7.886188924111082e-10,1.3040384050366782e-09,True
near-0.10,first-stage-float32,3,8.00000012750303,0.4000000023131283,0.19999999894960435,1.2750303035602428e-07,2.3131283000132896e-09,-1.0503956593410635e-09,True
near-0.10,first-stage-float32,4,5.9999998653305155,0.4999999868796232,-0.2000000052381526,-1.3466948445284288e-07,-1.31203767850252e-08,-5.238152578357358e-09,True
near-0.10,first-stage-float32,5,7.000000022321187,0.45000000051737743,0.20000000047182712,2.232118667677696e-08,5.173774186850721e-10,4.718271051640244e-10,True
near-0.10,first-stage-float32,6,7.999999968303421,0.3999999983788294,-0.19999999953760092,-3.1696578695061817e-08,-1.6211706421742633e-09,4.6239909123890754e-10,True
near-0.10,first-stage-float32,7,6.000000150150506,0.5000000059133454,0.1999999973700936,1.5015050625066806e-07,5.913345368924183e-09,-2.629906403761595e-09,True
near-0.10,first-stage-float32,8,6.999999924285757,0.4499999996904064,-0.20000000048946326,-7.571424287533546e-08,-3.0959362851135097e-10,-4.894632477103755e-10,True
near-0.10,first-stage-float32,9,8.000000027074195,0.4000000010855919,0.19999999905206076,2.7074195330101247e-08,1.085591894156579e-09,-9.479392548694676e-10,True
near-0.10,first-stage-float32,10,5.999999946011352,0.4999999992223106,-0.19999999828635584,-5.398864821870575e-08,-7.776894128674883e-10,1.7136441710086103e-09,True
near-0.10,first-stage-float32,11,6.999999998588282,0.44999999824758025,0.2000000010995878,-1.4117178537276232e-09,-1.7524197648555173e-09,1.099587781938638e-09,True
near-0.10,first-stage-float32,12,8.000000034595724,0.3999999997225011,-0.20000000049312247,3.459572361919072e-08,-2.7749891273742833e-10,-4.931224595328132e-10,True
near-0.10,narrower-float32,1,6.000000209633901,0.5000000154132487,0.20000000140346816,2.0963390134909332e-07,1.5413248677376146e-08,1.4034681472541166e-09,True
near-0.10,narrower-float32,2,6.999999974824184,0.4499999992113812,-0.1999999986959629,-2.5175816098510495e-08,-7.886188368999569e-10,1.3040371005246243e-09,True
near-0.10,narrower-float32,3,8.000000127503032,0.4000000023131283,0.1999999989496046,1.2750303213238112e-07,2.3131283000132896e-09,-1.050395409540883e-09,True
near-0.10,narrower-float32,4,5.999999865330505,0.499999986879623,-0.2000000052381527,-1.3466949511098392e-07,-1.3120377007069806e-08,-5.23815268937966e-09,True
near-0.10,narrower-float32,5,7.000000022321188,0.45000000051737743,0.2000000004718273,2.232118756495538e-08,5.173774186850721e-10,4.718272994530537e-10,True
near-0.10,narrower-float32,6,7.999999968303422,0.3999999983788294,-0.1999999995376013,-3.16965778068834e-08,-1.6211706421742633e-09,4.6239870266084893e-10,True
near-0.10,narrower-float32,7,6.000000150150511,0.5000000059133454,0.19999999737009386,1.5015051069156016e-07,5.913345368924183e-09,-2.6299061539614144e-09,True
near-0.10,narrower-float32,8,6.999999924285758,0.4499999996904064,-0.2000000004894636,-7.571424198715704e-08,-3.0959362851135097e-10,-4.894635807772829e-10,True
near-0.10,narrower-float32,9,8.0000000270742,0.40000000108559197,0.1999999990520609,2.7074200659171765e-08,1.0855919496677302e-09,-9.479391160915895e-10,True
near-0.10,narrower-float32,10,5.999999946011352,0.4999999992223106,-0.1999999982863558,-5.398864821870575e-08,-7.776894128674883e-10,1.713644198764186e-09,True
near-0.10,narrower-float32,11,6.999999998588288,0.44999999824758025,0.20000000109958768,-1.4117116364786853e-09,-1.7524197648555173e-09,1.0995876709163355e-09,True
near-0.10,narrower-float32,12,8.000000034595725,0.3999999997225011,-0.20000000049312247,3.459572539554756e-08,-2.7749891273742833e-10,-4.931224595328132e-10,True
near-0.10,wider-float32,1,6.0000002096338845,0.5000000154132483,0.20000000140346869,2.0963388447370335e-07,1.5413248344309238e-08,1.4034686746100533e-09,True
near-0.10,wider-float32,2,6.99999997482418,0.4499999992113812,-0.19999999869596302,-2.5175819651224174e-08,-7.886188368999569e-10,1.3040369895023218e-09,True
near-0.10,wider-float32,3,8.000000127503032,0.4000000023131283,0.19999999894960424,1.2750303213238112e-07,2.3131283000132896e-09,-1.050395770363366e-09,True
near-0.10,wider-float32,4,5.999999865330514,0.4999999868796233,-0.20000000523815267,-1.3466948622919972e-07,-1.3120376674002898e-08,-5.238152661624085e-09,True
near-0.10,wider-float32,5,7.000000022321188,0.4500000005173774,0.20000000047182734,2.232118756495538e-08,5.173773631739209e-10,4.718273272086293e-10,True
near-0.10,wider-float32,6,7.999999968303422,0.3999999983788294,-0.19999999953760117,-3.16965778068834e-08,-1.6211706421742633e-09,4.62398841438727e-10,True
near-0.10,wider-float32,7,6.000000150150509,0.5000000059133454,0.1999999973700935,1.5015050891520332e-07,5.913345368924183e-09,-2.6299065147838974e-09,True
near-0.10,wider-float32,8,6.999999924285758,0.4499999996904064,-0.20000000048946343,-7.571424198715704e-08,-3.0959362851135097e-10,-4.894634142438292e-10,True
near-0.10,wider-float32,9,8.0000000270742,0.40000000108559197,0.19999999905206095,2.7074200659171765e-08,1.0855919496677302e-09,-9.479390605804383e-10,True
near-0.10,wider-float32,10,5.999999946011354,0.4999999992223106,-0.1999999982863557,-5.398864644234891e-08,-7.776894128674883e-10,1.7136443097864884e-09,True
near-0.10,wider-float32,11,6.999999998588282,0.44999999824758025,0.20000000109958765,-1.4117178537276232e-09,-1.7524197648555173e-09,1.0995876431607599e-09,True
near-0.10,wider-float32,12,8.000000034595724,0.3999999997225011,-0.20000000049312233,3.459572361919072e-08,-2.7749891273742833e-10,-4.931223207549351e-10,True
near-0.10,mixed-float32,1,6.000000209633889,0.5000000154132486,0.20000000140346874,2.0963388891459545e-07,1.5413248566353843e-08,1.4034687301212045e-09,True
near-0.10,mixed-float32,2,6.999999974824179,0.4499999992113812,-0.19999999869596224,-2.5175821427581013e-08,-7.886188368999569e-10,1.304037766658439e-09,True
near-0.10,mixed-float32,3,8.000000127503032,0.4000000023131284,0.19999999894960416,1.2750303213238112e-07,2.313128355524441e-09,-1.0503958536300928e-09,True
near-0.10,mixed-float32,4,5.999999865330513,0.4999999868796231,-0.20000000523815264,-1.3466948711737814e-07,-1.3120376896047503e-08,-5.238152633868509e-09,True
near-0.10,mixed-float32,5,7.000000022321191,0.45000000051737743,0.20000000047182714,2.232119111766906e-08,5.173774186850721e-10,4.718271329196e-10,True
near-0.10,mixed-float32,6,7.99999996830342,0.3999999983788294,-0.19999999953760106,-3.1696579583240236e-08,-1.6211706421742633e-09,4.6239895246102947e-10,True
near-0.10,mixed-float32,7,6.0000001501505045,0.5000000059133454,0.19999999737009372,1.5015050447431122e-07,5.913345368924183e-09,-2.6299062927392924e-09,True
near-0.10,mixed-float32,8,6.999999924285759,0.4499999996904064,-0.2000000004894636,-7.571424109897862e-08,-3.0959362851135097e-10,-4.894635807772829e-10,True
near-0.10,mixed-float32,9,8.000000027074202,0.400000001085592,0.19999999905206095,2.7074202435528605e-08,1.0855920051788814e-09,-9.479390605804383e-10,True
near-0.10,mixed-float32,10,5.99999994601135,0.4999999992223106,-0.19999999828635578,-5.398864999506259e-08,-7.776894128674883e-10,1.7136442265197616e-09,True
near-0.10,mixed-float32,11,6.999999998588285,0.44999999824758025,0.20000000109958774,-1.411715189192364e-09,-1.7524197648555173e-09,1.0995877264274867e-09,True
near-0.10,mixed-float32,12,8.000000034595724,0.3999999997225011,-0.20000000049312244,3.459572361919072e-08,-2.7749891273742833e-10,-4.931224317772376e-10,True
near-0.02,first-stage-double,1,5.999999999999986,0.5000000000000001,0.20000000000000048,-1.4210854715202004e-14,1.1102230246251565e-16,4.718447854656915e-16,True
near-0.02,first-stage-double,2,6.999999999999999,0.45,-0.20000000000000023,-8.881784197001252e-16,0.0,-2.220446049250313e-16,True
near-0.02,first-stage-double,3,8.000000000000002,0.4,0.19999999999999982,1.7763568394002505e-15,0.0,-1.942890293094024e-16,True
near-0.02,first-stage-double,4,6.000000000000012,0.49999999999999983,-0.19999999999999996,1.2434497875801753e-14,-1.6653345369377348e-16,5.551115123125783e-17,True
near-0.02,first-stage-double,5,6.999999999999999,0.45,0.20000000000000004,-8.881784197001252e-16,0.0,2.7755575615628914e-17,True
near-0.02,first-stage-double,6,8.0,0.4,-0.19999999999999982,0.0,0.0,1.942890293094024e-16,True
near-0.02,first-stage-double,7,5.999999999999994,0.49999999999999994,0.20000000000000018,-6.217248937900877e-15,-5.551115123125783e-17,1.6653345369377348e-16,True
near-0.02,first-stage-double,8,6.999999999999999,0.45,-0.1999999999999999,-8.881784197001252e-16,0.0,1.1102230246251565e-16,True
near-0.02,first-stage-double,9,8.000000000000007,0.4,0.19999999999999984,7.105427357601002e-15,0.0,-1.6653345369377348e-16,True
near-0.02,first-stage-double,10,5.999999999999999,0.5,-0.2,-8.881784197001252e-16,0.0,0.0,True
near-0.02,first-stage-double,11,6.999999999999996,0.44999999999999996,0.20000000000000015,-4.440892098500626e-15,-5.551115123125783e-17,1.3877787807814457e-16,True
near-0.02,first-stage-double,12,7.999999999999998,0.4,-0.19999999999999993,-1.7763568394002505e-15,0.0,8.326672684688674e-17,True
near-0.02,narrower-double,1,3.84766482238277e+18,5852.090280821143,-8940571634.292475,3.84766482238277e+18,5851.590280821143,-8940571634.492476,True
near-0.02,narrower-double,2,6.8648057380191565,0.4472047970123876,-0.19894589951747305,-0.1351942619808435,-0.002795202987612433,0.001054100482526965,True
near-0.02,narrower-double,3,8.052622318586646,0.40093443600918766,0.19729568706091136,0.052622318586646344,0.0009344360091876336,-0.0027043129390886544,True
near-0.02,narrower-double,4,12.372577656196624,0.5010643240533127,-0.15693895709997147,6.372577656196624,0.001064324053312693,0.043061042900028546,True
near-0.02,narrower-double,5,6.9871617778925845,0.449542910628045,0.2008213705992245,-0.012838222107415476,-0.00045708937195498844,0.0008213705992244913,True
near-0.02,narrower-double,6,8.006662243549918,0.4001365193163414,-0.20035346216697367,0.006662243549918401,0.00013651931634139913,-0.00035346216697365596,True
near-0.02,narrower-double,7,5.994987738728167,0.4999287369281602,0.2012680328336321,-0.005012261271833296,-7.126307183979996e-05,0.0012680328336320823,True
near-0.02,narrower-double,8,6.990214725085356,0.44958199468764537,-0.20002165375680642,-0.009785274914643871,-0.0004180053123546412,-2.165375680640569e-05,True
near-0.02,narrower-double,9,8.006463490721805,0.4001393105389838,0.19981198533366523,0.006463490721804632,0.00013931053898375012,-0.00018801466633477926,True
near-0.02,narrower-double,10,5.977250279785961,0.4996986221048017,-0.19880404070802415,-0.02274972021403876,-0.00030137789519829594,0.0011959592919758566,True
near-0.02,narrower-double,11,6.990828080453153,0.4496319407570182,0.19854763196058572,-0.00917191954684693,-0.000368059242981833,-0.0014523680394142868,True
near-0.02,narrower-double,12,7.997213519457793,0.39991510792890944,-0.19871524614753533,-0.0027864805422073147,-8.489207109058095e-05,0.0012847538524646818,True
near-0.02,wider-double,1,6.000000000000031,0.5000000000000004,0.20000000000000032,3.108624468950438e-14,4.440892098500626e-16,3.0531133177191805e-16,True
near-0.02,wider-double,2,6.9999999999999964,0.45000000000000007,-0.20000000000000043,-3.552713678800501e-15,5.551115123125783e-17,-4.163336342344337e-16,True
near-0.02,wider-double,3,8.000000000000002,0.4,0.19999999999999996,1.7763568394002505e-15,0.0,-5.551115123125783e-17,True
near-0.02,wider-double,4,5.999999999999969,0.49999999999999956,-0.19999999999999998,-3.108624468950438e-14,-4.440892098500626e-16,2.7755575615628914e-17,True
near-0.02,wider-double,5,6.999999999999998,0.45,0.20000000000000043,-1.7763568394002505e-15,0.0,4.163336342344337e-16,True
near-0.02,wider-double,6,7.999999999999997,0.4,-0.19999999999999987,-2.6645352591003757e-15,0.0,1.3877787807814457e-16,True
near-0.02,wider-double,7,5.9999999999999964,0.5,0.1999999999999999,-3.552713678800501e-15,0.0,-1.1102230246251565e-16,True
near-0.02,wider-double,8,6.999999999999997,0.45000000000000007,-0.19999999999999968,-2.6645352591003757e-15,5.551115123125783e-17,3.3306690738754696e-16,True
near-0.02,wider-double,9,8.000000000000005,0.4,0.19999999999999987,5.329070518200751e-15,0.0,-1.3877787807814457e-16,True
near-0.02,wider-double,10,5.999999999999999,0.5,-0.19999999999999984,-8.881784197001252e-16,0.0,1.6653345369377348e-16,True
near-0.02,wider-double,11,6.999999999999996,0.45,0.19999999999999987,-4.440892098500626e-15,0.0,-1.3877787807814457e-16,True
near-0.02,wider-double,12,7.999999999999999,0.4,-0.20000000000000007,-8.881784197001252e-16,0.0,-5.551115123125783e-17,True
near-0.02,mixed-double,1,5.999999999999997,0.5000000000000008,0.20000000000000032,-2.6645352591003757e-15,7.771561172376096e-16,3.0531133177191805e-16,True
near-0.02,mixed-double,2,6.999999999999997,0.45000000000000007,-0.2000000000000001,-2.6645352591003757e-15,5.551115123125783e-17,-8.326672684688674e-17,True
near-0.02,mixed-double,3,8.000000000000002,0.4,0.20000000000000023,1.7763568394002505e-15,0.0,2.220446049250313e-16,True
near-0.02,mixed-double,4,6.000000000000004,0.4999999999999993,-0.19999999999999993,4.440892098500626e-15,-7.216449660063518e-16,8.326672684688674e-17,True
near-0.02,mixed-double,5,6.999999999999995,0.45,0.20000000000000073,-5.329070518200751e-15,0.0,7.216449660063518e-16,True
near-0.02,mixed-double,6,7.999999999999997,0.4,-0.19999999999999998,-2.6645352591003757e-15,0.0,2.7755575615628914e-17,True
near-0.02,mixed-double,7,5.999999999999994,0.5,0.20000000000000015,-6.217248937900877e-15,0.0,1.3877787807814457e-16,True
near-0.02,mixed-double,8,6.999999999999998,0.45,-0.19999999999999996,-1.7763568394002505e-15,0.0,5.551115123125783e-17,True
near-0.02,mixed-double,9,8.000000000000009,0.4,0.19999999999999982,8.881784197001252e-15,0.0,-1.942890293094024e-16,True
near-0.02,mixed-double,10,6.0,0.5,-0.19999999999999998,0.0,0.0,2.7755575615628914e-17,True
near-0.02,mixed-double,11,6.999999999999999,0.45,0.19999999999999982,-8.881784197001252e-16,0.0,-1.942890293094024e-16,True
near-0.02,mixed-double,12,8.0,0.4,-0.2,0.0,0.0,0.0,True
near-0.02,first-stage-float32,1,6.000002052908329,0.5000000921214143,0.1999999928725094,2.052908328664671e-06,9.212141427461518e-08,-7.127490597724773e-09,True
near-0.02,first-stage-float32,2,6.999999925767896,0.44999999576083605,-0.1999999992307125,-7.423210401924507e-08,-4.239163964303572e-09,7.692875225728812e-10,True
near-0.02,first-stage-float32,3,8.00000006081729,0.4000000016972169,0.20000000150175365,6.081729075901876e-08,1.6972168670470467e-09,1.501753638111225e-09,True
near-0.02,first-stage-float32,4,5.999998209116306,0.49999990322057575,-0.19999999287625747,-1.790883693786327e-06,-9.677942425234676e-08,7.123742540304789e-09,True
near-0.02,first-stage-float32,5,7.000000031783505,0.44999999999228724,0.2000000013750651,3.178350471699787e-08,-7.712774863222194e-12,1.3750650895705263e-09,True
near-0.02,first-stage-float32,6,7.999999968320139,0.39999999877297154,-0.20000000132362367,-3.167986140084622e-08,-1.2270284788229446e-09,-1.3236236551250613e-09,True
near-0.02,first-stage-float32,7,6.000000053709479,0.5000000029565276,0.1999999996886186,5.3709478642360864e-08,2.956527578312773e-09,-3.1138142064790486e-10,True
near-0.02,first-stage-float32,8,7.0000000737838635,0.45000000061474904,-0.20000000054113504,7.378386346346133e-08,6.147490294594604e-10,-5.411350256778746e-10,True
near-0.02,first-stage-float32,9,8.000000032575239,0.3999999996361752,0.1999999972860603,3.2575238506638016e-08,-3.6382480361751846e-10,-2.7139397118514097e-09,True
near-0.02,first-stage-float32,10,5.999999983697568,0.5000000011012895,-0.20000000163495785,-1.6302432293002767e-08,1.1012895040352078e-09,-1.6349578357832684e-09,True
near-0.02,first-stage-float32,11,7.000000077340555,0.4500000024396458,0.19999999853072986,7.734055529340367e-08,2.4396457631858937e-09,-1.4692701499896543e-09,True
near-0.02,first-stage-float32,12,7.999999996983156,0.39999999922267193,-0.1999999984176467,-3.016843663772306e-09,-7.77328090784124e-10,1.5823533039416304e-09,True
near-0.02,narrower-float32,1,3.8476441627172905e+18,5852.083783910467,-8940543480.080015,3.8476441627172905e+18,5851.583783910467,-8940543480.280016,True
near-0.02,narrower-float32,2,6.864805664077317,0.44720479305653343,-0.19894590037606685,-0.13519433592268282,-0.002795206943466577,0.001054099623933158,True
near-0.02,narrower-float32,3,8.052622380525174,0.4009344376904861,0.197295688955556,0.05262238052517354,0.0009344376904860674,-0.002704311044444019,True
near-0.02,narrower-float32,4,12.372577677764252,0.5010643218053585,-0.15693896513811004,6.3725776777642515,0.0010643218053585368,0.043061034861889974,True
near-0.02,narrower-float32,5,6.987161800151399,0.44954291057348145,0.20082137105337028,-0.012838199848601128,-0.0004570894265185643,0.0008213710533702678,True
near-0.02,narrower-float32,6,8.006662214281235,0.40013651811999423,-0.20035346287093542,0.006662214281234924,0.00013651811999421115,-0.00035346287093540596,True
near-0.02,narrower-float32,7,5.994987790095508,0.49992873997679627,0.20126803149126501,-0.0050122099044918045,-7.126002320373415e-05,0.0012680314912650037,True
near-0.02,narrower-float32,8,6.990214789618691,0.44958199522688835,-0.20002165465108573,-0.009785210381308751,-0.0004180047731116576,-2.1654651085722953e-05,True
near-0.02,narrower-float32,9,8.006463526596573,0.4001393102218474,0.1998119830924355,0.006463526596572677,0.0001393102218473774,-0.00018801690756450884,True
near-0.02,narrower-float32,10,5.977250257894768,0.49969862318182034,-0.19880404193178866,-0.02274974210523162,-0.000301376818179655,0.0011959580682113502,True
near-0.02,narrower-float32,11,6.9908281596459165,0.4496319432068408,0.19854763131646544,-0.009171840354083471,-0.00036805679315921047,-0.0014523686835345717,True
near-0.02,narrower-float32,12,7.99721351724431,0.3999151071629041,-0.19871524500257523,-0.002786482755690045,-8.489283709589568e-05,0.0012847549974247807,True
near-0.02,wider-float32,1,6.000002052921487,0.5000000921217692,0.19999999287250603,2.052921487027959e-06,9.212176921291615e-08,-7.127493983904998e-09,True
near-0.02,wider-float32,2,6.999999925768015,0.4499999957608376,-0.19999999923071227,-7.423198500333683e-08,-4.239162409991337e-09,7.692877446174862e-10,True
near-0.02,wider-float32,3,8.000000060817252,0.40000000169721617,0.20000000150175637,6.08172516791683e-08,1.6972161454020807e-09,1.5017563581576354e-09,True
near-0.02,wider-float32,4,5.999998209103987,0.49999990322021926,-0.1999999928762592,-1.7908960128210083e-06,-9.677978074495996e-08,7.123740819459101e-09,True
near-0.02,wider-float32,5,7.000000031783534,0.4499999999922878,0.20000000137506765,3.178353402688572e-08,-7.712219751709881e-12,1.375067643083483e-09,True
near-0.02,wider-float32,6,7.999999968320134,0.39999999877297127,-0.200000001323625,-3.167986584173832e-08,-1.2270287563787008e-09,-1.3236249873926909e-09,True
near-0.02,wider-float32,7,6.000000053709484,0.5000000029565275,0.19999999968861604,5.370948397143138e-08,2.9565274672904707e-09,-3.113839741608615e-10,True
near-0.02,wider-float32,8,7.000000073783886,0.45000000061474954,-0.20000000054113093,7.378388566792182e-08,6.147495290598215e-10,-5.411309178526835e-10,True
near-0.02,wider-float32,9,8.00000003257523,0.39999999963617494,0.1999999972860585,3.257522962485382e-08,-3.638250811732746e-10,-2.7139415159638247e-09,True
near-0.02,wider-float32,10,5.999999983697588,0.5000000011012898,-0.20000000163496004,-1.6302411864899113e-08,1.1012898371021151e-09,-1.634960028473742e-09,True
near-0.02,wider-float32,11,7.000000077340546,0.4500000024396458,0.19999999853073097,7.734054641161947e-08,2.4396457631858937e-09,-1.4692690397666297e-09,True
near-0.02,wider-float32,12,7.99999999698315,0.3999999992226719,-0.1999999984176473,-3.016849881021244e-09,-7.773281462952752e-10,1.5823527210745425e-09,True
near-0.02,mixed-float32,1,6.000002052910024,0.5000000921214596,0.19999999287250997,2.052910024197274e-06,9.212145957171458e-08,-7.12749004261326e-09,True
near-0.02,mixed-float32,2,6.999999925767918,0.4499999957608362,-0.1999999992307131,-7.423208181478458e-08,-4.239163797770118e-09,7.692869119502177e-10,True
near-0.02,mixed-float32,3,8.000000060817284,0.4000000016972167,0.20000000150175423,6.08172836535914e-08,1.697216700513593e-09,1.501754220978313e-09,True
near-0.02,mixed-float32,4,5.999998209114704,0.4999999032205301,-0.19999999287625803,-1.7908852960601962e-06,-9.677946988251307e-08,7.123741985193277e-09,True
near-0.02,mixed-float32,5,7.000000031783512,0.4499999999922873,0.20000000137506577,3.1783511822425226e-08,-7.712719352070962e-12,1.375065755704341e-09,True
near-0.02,mixed-float32,6,7.9999999683201395,0.39999999877297154,-0.20000000132362394,-3.16798605126678e-08,-1.2270284788229446e-09,-1.3236239326808175e-09,True
near-0.02,mixed-float32,7,6.000000053709481,0.5000000029565276,0.19999999968861776,5.370948130689612e-08,2.956527578312773e-09,-3.1138225331517333e-10,True
near-0.02,mixed-float32,8,7.00000007378387,0.45000000061474915,-0.20000000054113481,7.378386968071027e-08,6.147491404817629e-10,-5.411348036332697e-10,True
near-0.02,mixed-float32,9,8.000000032575239,0.39999999963617516,0.19999999728605997,3.2575238506638016e-08,-3.638248591286697e-10,-2.713940044918317e-09,True
near-0.02,mixed-float32,10,5.999999983697573,0.5000000011012895,-0.20000000163495793,-1.6302426963932248e-08,1.1012895040352078e-09,-1.6349579190499952e-09,True
near-0.02,mixed-float32,11,7.00000007734055,0.4500000024396458,0.19999999853072972,7.734054996433315e-08,2.4396457631858937e-09,-1.4692702887675324e-09,True
near-0.02,mixed-float32,12,7.999999996983159,0.39999999922267193,-0.19999999841764668,-3.016840999237047e-09,-7.77328090784124e-10,1.582353331697206e-09,True
duplicate,mixed-double,1,12.000000000000066,0.5000000000000002,-5.3630163730850236e-14,6.000000000000066,2.220446049250313e-16,-0.20000000000005363,False
duplicate,mixed-double,2,6.999999999999999,0.45,-0.19999999999999954,-8.881784197001252e-16,0.0,4.718447854656915e-16,False
duplicate,mixed-double,3,7.999999999999999,0.4,0.19999999999999973,-8.881784197001252e-16,0.0,-2.7755575615628914e-16,False
duplicate,mixed-double,4,5.215393206855368e-14,0.7942730416689763,5.408482543766529e-14,-5.999999999999948,0.2942730416689763,0.2000000000000541,False
duplicate,mixed-double,5,6.999999999999996,0.45,0.19999999999999954,-4.440892098500626e-15,0.0,-4.718447854656915e-16,False
duplicate,mixed-double,6,8.000000000000004,0.4,-0.1999999999999996,3.552713678800501e-15,0.0,4.163336342344337e-16,False
duplicate,mixed-double,7,5.9999999999999964,0.5,0.2000000000000003,-3.552713678800501e-15,0.0,2.7755575615628914e-16,False
duplicate,mixed-double,8,7.000000000000003,0.45,-0.19999999999999973,2.6645352591003757e-15,0.0,2.7755575615628914e-16,False
duplicate,mixed-double,9,8.000000000000002,0.4,0.19999999999999962,1.7763568394002505e-15,0.0,-3.885780586188048e-16,False
duplicate,mixed-double,10,6.000000000000003,0.5,-0.19999999999999984,2.6645352591003757e-15,0.0,1.6653345369377348e-16,False
duplicate,mixed-double,11,6.999999999999999,0.45,0.2000000000000002,-8.881784197001252e-16,0.0,1.942890293094024e-16,False
duplicate,mixed-double,12,8.000000000000005,0.4000000000000001,-0.20000000000000023,5.329070518200751e-15,5.551115123125783e-17,-2.220446049250313e-16,False
duplicate,mixed-float32,1,12.000000080594067,0.500000001794878,-1.5754201454246784e-08,6.0000000805940665,1.7948780239862572e-09,-0.20000001575420145,False
duplicate,mixed-float32,2,6.999999982801887,0.4500000001597136,-0.19999999875589566,-1.71981131558141e-08,1.5971357569810607e-10,1.2441043473199187e-09,False
duplicate,mixed-float32,3,8.000000053055269,0.39999999910410866,0.1999999993358329,5.3055268622870244e-08,-8.958913610968011e-10,-6.641671101981217e-10,False
duplicate,mixed-float32,4,0.0,295.3833406716009,2.8521151820990702e-06,-6.0,294.8833406716009,0.20000285211518212,False
duplicate,mixed-float32,5,6.999999991528438,0.44999999998599594,0.19999999934300428,-8.471562118472775e-09,-1.4004075676865568e-11,-6.56995735592858e-10,False
duplicate,mixed-float32,6,7.999999950283296,0.39999999853560086,-0.19999999911246477,-4.971670364284364e-08,-1.464399157491414e-09,8.875352397463843e-10,False
duplicate,mixed-float32,7,5.999999965665902,0.49999999682931506,0.20000000008728916,-3.4334098231170174e-08,-3.1706849368262624e-09,8.728914813183053e-11,False
duplicate,mixed-float32,8,6.999999902679819,0.4499999968199235,-0.1999999996939224,-9.732018124708475e-08,-3.1800765354361715e-09,3.0607760770351433e-10,False
duplicate,mixed-float32,9,8.000000091013106,0.40000000066589136,0.1999999993270449,9.10131063847075e-08,6.658913420665158e-10,-6.729551083051177e-10,False
duplicate,mixed-float32,10,6.000000002927451,0.5000000020057811,-0.19999999964569176,2.9274511703647477e-09,2.005781096769965e-09,3.5430824940618777e-10,False
duplicate,mixed-float32,11,7.0000000366776085,0.4500000002683521,0.20000000091611522,3.66776085058973e-08,2.683520627932978e-10,9.161152114689486e-10,False
duplicate,mixed-float32,12,7.999999992823366,0.39999999920037943,-0.1999999992665282,-7.1766343978652e-09,-7.996205919624799e-10,7.334718110652005e-10,False
