dataset,variant,case,check,value,threshold,comparison,source,status
heterogeneous-168,legacy,first-stage-double,primary_feasible,True,True,==,fit.primary.feasible,pass
heterogeneous-168,legacy,first-stage-double,primary_projected_kkt,1.5681900222830336e-15,1e-10,<=,fit.primary.projected_kkt,pass
heterogeneous-168,legacy,first-stage-double,primary_b_gradient_inf,2.52525794820369e-16,1e-12,<=,fit.primary.b_gradient_inf,pass
heterogeneous-168,legacy,first-stage-double,reference_feasible,True,True,==,fit.reference.feasible,pass
heterogeneous-168,legacy,first-stage-double,reference_projected_kkt,2.5246731788497456e-15,1e-10,<=,fit.reference.projected_kkt,pass
heterogeneous-168,legacy,first-stage-double,reference_b_gradient_inf,1.9544618916245129e-16,1e-12,<=,fit.reference.b_gradient_inf,pass
heterogeneous-168,legacy,first-stage-double,coefficient_agreement,1.5606563660444857e-14,1e-10,<=,fit.scaled_reference_difference,pass
heterogeneous-168,legacy,first-stage-double,design_spectrum_rank,336,336,==,fit.design_spectrum.rank,pass
heterogeneous-168,legacy,first-stage-double,width_spectrum_rank,168,168,==,fit.width_spectrum.rank,pass
heterogeneous-168,legacy,first-stage-double,profile_jacobian_spectrum_rank,168,168,==,fit.profile_jacobian_spectrum.rank,pass
heterogeneous-168,legacy,first-stage-double,legacy_local_correction,1.0631046132350479e-16,1e-10,<=,fit.local_correction_inf,pass
heterogeneous-168,legacy,narrower-double,primary_feasible,True,True,==,fit.primary.feasible,pass
heterogeneous-168,legacy,narrower-double,primary_projected_kkt,1.4710455076283324e-15,1e-10,<=,fit.primary.projected_kkt,pass
heterogeneous-168,legacy,narrower-double,primary_b_gradient_inf,2.4402267560596773e-16,1e-12,<=,fit.primary.b_gradient_inf,pass
heterogeneous-168,legacy,narrower-double,reference_feasible,True,True,==,fit.reference.feasible,pass
heterogeneous-168,legacy,narrower-double,reference_projected_kkt,1.7763568394002505e-15,1e-10,<=,fit.reference.projected_kkt,pass
heterogeneous-168,legacy,narrower-double,reference_b_gradient_inf,1.7910775629177682e-16,1e-12,<=,fit.reference.b_gradient_inf,pass
heterogeneous-168,legacy,narrower-double,coefficient_agreement,2.144316470418838e-14,1e-10,<=,fit.scaled_reference_difference,pass
heterogeneous-168,legacy,narrower-double,design_spectrum_rank,336,336,==,fit.design_spectrum.rank,pass
heterogeneous-168,legacy,narrower-double,width_spectrum_rank,168,168,==,fit.width_spectrum.rank,pass
heterogeneous-168,legacy,narrower-double,profile_jacobian_spectrum_rank,168,168,==,fit.profile_jacobian_spectrum.rank,pass
heterogeneous-168,legacy,narrower-double,legacy_local_correction,1.4869234629390805e-16,1e-10,<=,fit.local_correction_inf,pass
heterogeneous-168,legacy,wider-double,primary_feasible,True,True,==,fit.primary.feasible,pass
heterogeneous-168,legacy,wider-double,primary_projected_kkt,1.5681900222830336e-15,1e-10,<=,fit.primary.projected_kkt,pass
heterogeneous-168,legacy,wider-double,primary_b_gradient_inf,2.52525794820369e-16,1e-12,<=,fit.primary.b_gradient_inf,pass
heterogeneous-168,legacy,wider-double,reference_feasible,True,True,==,fit.reference.feasible,pass
heterogeneous-168,legacy,wider-double,reference_projected_kkt,2.5246731788497456e-15,1e-10,<=,fit.reference.projected_kkt,pass
heterogeneous-168,legacy,wider-double,reference_b_gradient_inf,1.9544618916245129e-16,1e-12,<=,fit.reference.b_gradient_inf,pass
heterogeneous-168,legacy,wider-double,coefficient_agreement,1.5606563660444857e-14,1e-10,<=,fit.scaled_reference_difference,pass
heterogeneous-168,legacy,wider-double,design_spectrum_rank,336,336,==,fit.design_spectrum.rank,pass
heterogeneous-168,legacy,wider-double,width_spectrum_rank,168,168,==,fit.width_spectrum.rank,pass
heterogeneous-168,legacy,wider-double,profile_jacobian_spectrum_rank,168,168,==,fit.profile_jacobian_spectrum.rank,pass
heterogeneous-168,legacy,wider-double,legacy_local_correction,1.0631046132350479e-16,1e-10,<=,fit.local_correction_inf,pass
heterogeneous-168,legacy,mixed-double,primary_feasible,True,True,==,fit.primary.feasible,pass
heterogeneous-168,legacy,mixed-double,primary_projected_kkt,1.8041124150158794e-15,1e-10,<=,fit.primary.projected_kkt,pass
heterogeneous-168,legacy,mixed-double,primary_b_gradient_inf,4.4389781449594073e-16,1e-12,<=,fit.primary.b_gradient_inf,pass
heterogeneous-168,legacy,mixed-double,reference_feasible,True,True,==,fit.reference.feasible,pass
heterogeneous-168,legacy,mixed-double,reference_projected_kkt,1.949829186997931e-15,1e-10,<=,fit.reference.projected_kkt,pass
heterogeneous-168,legacy,mixed-double,reference_b_gradient_inf,2.512790251803794e-16,1e-12,<=,fit.reference.b_gradient_inf,pass
heterogeneous-168,legacy,mixed-double,coefficient_agreement,2.918300521871792e-14,1e-10,<=,fit.scaled_reference_difference,pass
heterogeneous-168,legacy,mixed-double,design_spectrum_rank,336,336,==,fit.design_spectrum.rank,pass
heterogeneous-168,legacy,mixed-double,width_spectrum_rank,168,168,==,fit.width_spectrum.rank,pass
heterogeneous-168,legacy,mixed-double,profile_jacobian_spectrum_rank,168,168,==,fit.profile_jacobian_spectrum.rank,pass
heterogeneous-168,legacy,mixed-double,legacy_local_correction,2.4763693500945595e-16,1e-10,<=,fit.local_correction_inf,pass
heterogeneous-168,legacy,first-stage-float32,primary_feasible,True,True,==,fit.primary.feasible,pass
heterogeneous-168,legacy,first-stage-float32,primary_projected_kkt,1.9012569296705806e-15,1e-10,<=,fit.primary.projected_kkt,pass
heterogeneous-168,legacy,first-stage-float32,primary_b_gradient_inf,3.0117404148902356e-16,1e-12,<=,fit.primary.b_gradient_inf,pass
heterogeneous-168,legacy,first-stage-float32,reference_feasible,True,True,==,fit.reference.feasible,pass
heterogeneous-168,legacy,first-stage-float32,reference_projected_kkt,1.6514567491299204e-15,1e-10,<=,fit.reference.projected_kkt,pass
heterogeneous-168,legacy,first-stage-float32,reference_b_gradient_inf,2.0500766994677179e-16,1e-12,<=,fit.reference.b_gradient_inf,pass
heterogeneous-168,legacy,first-stage-float32,coefficient_agreement,1.9413042693049114e-14,1e-10,<=,fit.scaled_reference_difference,pass
heterogeneous-168,legacy,first-stage-float32,design_spectrum_rank,336,336,==,fit.design_spectrum.rank,pass
heterogeneous-168,legacy,first-stage-float32,width_spectrum_rank,168,168,==,fit.width_spectrum.rank,pass
heterogeneous-168,legacy,first-stage-float32,profile_jacobian_spectrum_rank,168,168,==,fit.profile_jacobian_spectrum.rank,pass
heterogeneous-168,legacy,first-stage-float32,legacy_local_correction,2.169223700482347e-16,1e-10,<=,fit.local_correction_inf,pass
heterogeneous-168,legacy,narrower-float32,primary_feasible,True,True,==,fit.primary.feasible,pass
heterogeneous-168,legacy,narrower-float32,primary_projected_kkt,1.915134717478395e-15,1e-10,<=,fit.primary.projected_kkt,pass
heterogeneous-168,legacy,narrower-float32,primary_b_gradient_inf,2.8463343271762037e-16,1e-12,<=,fit.primary.b_gradient_inf,pass
heterogeneous-168,legacy,narrower-float32,reference_feasible,True,True,==,fit.reference.feasible,pass
heterogeneous-168,legacy,narrower-float32,reference_projected_kkt,1.6132928326584306e-15,1e-10,<=,fit.reference.projected_kkt,pass
heterogeneous-168,legacy,narrower-float32,reference_b_gradient_inf,3.0504578459566773e-16,1e-12,<=,fit.reference.b_gradient_inf,pass
heterogeneous-168,legacy,narrower-float32,coefficient_agreement,1.9428902889027946e-14,1e-10,<=,fit.scaled_reference_difference,pass
heterogeneous-168,legacy,narrower-float32,design_spectrum_rank,336,336,==,fit.design_spectrum.rank,pass
heterogeneous-168,legacy,narrower-float32,width_spectrum_rank,168,168,==,fit.width_spectrum.rank,pass
heterogeneous-168,legacy,narrower-float32,profile_jacobian_spectrum_rank,168,168,==,fit.profile_jacobian_spectrum.rank,pass
heterogeneous-168,legacy,narrower-float32,legacy_local_correction,2.0440268441334533e-16,1e-10,<=,fit.local_correction_inf,pass
heterogeneous-168,legacy,wider-float32,primary_feasible,True,True,==,fit.primary.feasible,pass
heterogeneous-168,legacy,wider-float32,primary_projected_kkt,1.609823385706477e-15,1e-10,<=,fit.primary.projected_kkt,pass
heterogeneous-168,legacy,wider-float32,primary_b_gradient_inf,3.736291194523873e-16,1e-12,<=,fit.primary.b_gradient_inf,pass
heterogeneous-168,legacy,wider-float32,reference_feasible,True,True,==,fit.reference.feasible,pass
heterogeneous-168,legacy,wider-float32,reference_projected_kkt,1.6514567491299204e-15,1e-10,<=,fit.reference.projected_kkt,pass
heterogeneous-168,legacy,wider-float32,reference_b_gradient_inf,2.33626083650972e-16,1e-12,<=,fit.reference.b_gradient_inf,pass
heterogeneous-168,legacy,wider-float32,coefficient_agreement,2.1570047325044574e-14,1e-10,<=,fit.scaled_reference_difference,pass
heterogeneous-168,legacy,wider-float32,design_spectrum_rank,336,336,==,fit.design_spectrum.rank,pass
heterogeneous-168,legacy,wider-float32,width_spectrum_rank,168,168,==,fit.width_spectrum.rank,pass
heterogeneous-168,legacy,wider-float32,profile_jacobian_spectrum_rank,168,168,==,fit.profile_jacobian_spectrum.rank,pass
heterogeneous-168,legacy,wider-float32,legacy_local_correction,2.347092481945805e-16,1e-10,<=,fit.local_correction_inf,pass
heterogeneous-168,legacy,mixed-float32,primary_feasible,True,True,==,fit.primary.feasible,pass
heterogeneous-168,legacy,mixed-float32,primary_projected_kkt,1.887379141862766e-15,1e-10,<=,fit.primary.projected_kkt,pass
heterogeneous-168,legacy,mixed-float32,primary_b_gradient_inf,3.468373851509973e-16,1e-12,<=,fit.primary.b_gradient_inf,pass
heterogeneous-168,legacy,mixed-float32,reference_feasible,True,True,==,fit.reference.feasible,pass
heterogeneous-168,legacy,mixed-float32,reference_projected_kkt,1.2906342661267445e-15,1e-10,<=,fit.reference.projected_kkt,pass
heterogeneous-168,legacy,mixed-float32,reference_b_gradient_inf,2.123603356525232e-16,1e-12,<=,fit.reference.b_gradient_inf,pass
heterogeneous-168,legacy,mixed-float32,coefficient_agreement,3.030908861854304e-14,1e-10,<=,fit.scaled_reference_difference,pass
heterogeneous-168,legacy,mixed-float32,design_spectrum_rank,336,336,==,fit.design_spectrum.rank,pass
heterogeneous-168,legacy,mixed-float32,width_spectrum_rank,168,168,==,fit.width_spectrum.rank,pass
heterogeneous-168,legacy,mixed-float32,profile_jacobian_spectrum_rank,168,168,==,fit.profile_jacobian_spectrum.rank,pass
heterogeneous-168,legacy,mixed-float32,legacy_local_correction,2.2671069355203705e-16,1e-10,<=,fit.local_correction_inf,pass
heterogeneous-168,guarded,first-stage-double,primary_feasible,True,True,==,fit.primary.feasible,pass
heterogeneous-168,guarded,first-stage-double,primary_projected_kkt,1.5681900222830336e-15,1e-10,<=,fit.primary.projected_kkt,pass
heterogeneous-168,guarded,first-stage-double,primary_b_gradient_inf,2.52525794820369e-16,1e-12,<=,fit.primary.b_gradient_inf,pass
heterogeneous-168,guarded,first-stage-double,reference_feasible,True,True,==,fit.reference.feasible,pass
heterogeneous-168,guarded,first-stage-double,reference_projected_kkt,2.5246731788497456e-15,1e-10,<=,fit.reference.projected_kkt,pass
heterogeneous-168,guarded,first-stage-double,reference_b_gradient_inf,1.9544618916245129e-16,1e-12,<=,fit.reference.b_gradient_inf,pass
heterogeneous-168,guarded,first-stage-double,coefficient_agreement,1.5606563660444857e-14,1e-10,<=,fit.scaled_reference_difference,pass
heterogeneous-168,guarded,first-stage-double,design_spectrum_rank,336,336,==,fit.design_spectrum.rank,pass
heterogeneous-168,guarded,first-stage-double,width_spectrum_rank,168,168,==,fit.width_spectrum.rank,pass
heterogeneous-168,guarded,first-stage-double,profile_jacobian_spectrum_rank,168,168,==,fit.profile_jacobian_spectrum.rank,pass
heterogeneous-168,guarded,first-stage-double,legacy_local_correction,1.0631046132350479e-16,1e-10,<=,fit.local_correction_inf,pass
heterogeneous-168,guarded,narrower-double,primary_feasible,True,True,==,fit.primary.feasible,pass
heterogeneous-168,guarded,narrower-double,primary_projected_kkt,1.4710455076283324e-15,1e-10,<=,fit.primary.projected_kkt,pass
heterogeneous-168,guarded,narrower-double,primary_b_gradient_inf,2.4402267560596773e-16,1e-12,<=,fit.primary.b_gradient_inf,pass
heterogeneous-168,guarded,narrower-double,reference_feasible,True,True,==,fit.reference.feasible,pass
heterogeneous-168,guarded,narrower-double,reference_projected_kkt,1.7763568394002505e-15,1e-10,<=,fit.reference.projected_kkt,pass
heterogeneous-168,guarded,narrower-double,reference_b_gradient_inf,1.7910775629177682e-16,1e-12,<=,fit.reference.b_gradient_inf,pass
heterogeneous-168,guarded,narrower-double,coefficient_agreement,2.144316470418838e-14,1e-10,<=,fit.scaled_reference_difference,pass
heterogeneous-168,guarded,narrower-double,design_spectrum_rank,336,336,==,fit.design_spectrum.rank,pass
heterogeneous-168,guarded,narrower-double,width_spectrum_rank,168,168,==,fit.width_spectrum.rank,pass
heterogeneous-168,guarded,narrower-double,profile_jacobian_spectrum_rank,168,168,==,fit.profile_jacobian_spectrum.rank,pass
heterogeneous-168,guarded,narrower-double,legacy_local_correction,1.4869234629390805e-16,1e-10,<=,fit.local_correction_inf,pass
heterogeneous-168,guarded,wider-double,primary_feasible,True,True,==,fit.primary.feasible,pass
heterogeneous-168,guarded,wider-double,primary_projected_kkt,1.5681900222830336e-15,1e-10,<=,fit.primary.projected_kkt,pass
heterogeneous-168,guarded,wider-double,primary_b_gradient_inf,2.52525794820369e-16,1e-12,<=,fit.primary.b_gradient_inf,pass
heterogeneous-168,guarded,wider-double,reference_feasible,True,True,==,fit.reference.feasible,pass
heterogeneous-168,guarded,wider-double,reference_projected_kkt,2.5246731788497456e-15,1e-10,<=,fit.reference.projected_kkt,pass
heterogeneous-168,guarded,wider-double,reference_b_gradient_inf,1.9544618916245129e-16,1e-12,<=,fit.reference.b_gradient_inf,pass
heterogeneous-168,guarded,wider-double,coefficient_agreement,1.5606563660444857e-14,1e-10,<=,fit.scaled_reference_difference,pass
heterogeneous-168,guarded,wider-double,design_spectrum_rank,336,336,==,fit.design_spectrum.rank,pass
heterogeneous-168,guarded,wider-double,width_spectrum_rank,168,168,==,fit.width_spectrum.rank,pass
heterogeneous-168,guarded,wider-double,profile_jacobian_spectrum_rank,168,168,==,fit.profile_jacobian_spectrum.rank,pass
heterogeneous-168,guarded,wider-double,legacy_local_correction,1.0631046132350479e-16,1e-10,<=,fit.local_correction_inf,pass
heterogeneous-168,guarded,mixed-double,primary_feasible,True,True,==,fit.primary.feasible,pass
heterogeneous-168,guarded,mixed-double,primary_projected_kkt,1.8041124150158794e-15,1e-10,<=,fit.primary.projected_kkt,pass
heterogeneous-168,guarded,mixed-double,primary_b_gradient_inf,4.4389781449594073e-16,1e-12,<=,fit.primary.b_gradient_inf,pass
heterogeneous-168,guarded,mixed-double,reference_feasible,True,True,==,fit.reference.feasible,pass
heterogeneous-168,guarded,mixed-double,reference_projected_kkt,1.949829186997931e-15,1e-10,<=,fit.reference.projected_kkt,pass
heterogeneous-168,guarded,mixed-double,reference_b_gradient_inf,2.512790251803794e-16,1e-12,<=,fit.reference.b_gradient_inf,pass
heterogeneous-168,guarded,mixed-double,coefficient_agreement,2.918300521871792e-14,1e-10,<=,fit.scaled_reference_difference,pass
heterogeneous-168,guarded,mixed-double,design_spectrum_rank,336,336,==,fit.design_spectrum.rank,pass
heterogeneous-168,guarded,mixed-double,width_spectrum_rank,168,168,==,fit.width_spectrum.rank,pass
heterogeneous-168,guarded,mixed-double,profile_jacobian_spectrum_rank,168,168,==,fit.profile_jacobian_spectrum.rank,pass
heterogeneous-168,guarded,mixed-double,legacy_local_correction,2.4763693500945595e-16,1e-10,<=,fit.local_correction_inf,pass
heterogeneous-168,guarded,first-stage-float32,primary_feasible,True,True,==,fit.primary.feasible,pass
heterogeneous-168,guarded,first-stage-float32,primary_projected_kkt,1.9012569296705806e-15,1e-10,<=,fit.primary.projected_kkt,pass
heterogeneous-168,guarded,first-stage-float32,primary_b_gradient_inf,3.0117404148902356e-16,1e-12,<=,fit.primary.b_gradient_inf,pass
heterogeneous-168,guarded,first-stage-float32,reference_feasible,True,True,==,fit.reference.feasible,pass
heterogeneous-168,guarded,first-stage-float32,reference_projected_kkt,1.6514567491299204e-15,1e-10,<=,fit.reference.projected_kkt,pass
heterogeneous-168,guarded,first-stage-float32,reference_b_gradient_inf,2.0500766994677179e-16,1e-12,<=,fit.reference.b_gradient_inf,pass
heterogeneous-168,guarded,first-stage-float32,coefficient_agreement,1.9413042693049114e-14,1e-10,<=,fit.scaled_reference_difference,pass
heterogeneous-168,guarded,first-stage-float32,design_spectrum_rank,336,336,==,fit.design_spectrum.rank,pass
heterogeneous-168,guarded,first-stage-float32,width_spectrum_rank,168,168,==,fit.width_spectrum.rank,pass
heterogeneous-168,guarded,first-stage-float32,profile_jacobian_spectrum_rank,168,168,==,fit.profile_jacobian_spectrum.rank,pass
heterogeneous-168,guarded,first-stage-float32,legacy_local_correction,2.169223700482347e-16,1e-10,<=,fit.local_correction_inf,pass
heterogeneous-168,guarded,narrower-float32,primary_feasible,True,True,==,fit.primary.feasible,pass
heterogeneous-168,guarded,narrower-float32,primary_projected_kkt,1.915134717478395e-15,1e-10,<=,fit.primary.projected_kkt,pass
heterogeneous-168,guarded,narrower-float32,primary_b_gradient_inf,2.8463343271762037e-16,1e-12,<=,fit.primary.b_gradient_inf,pass
heterogeneous-168,guarded,narrower-float32,reference_feasible,True,True,==,fit.reference.feasible,pass
heterogeneous-168,guarded,narrower-float32,reference_projected_kkt,1.6132928326584306e-15,1e-10,<=,fit.reference.projected_kkt,pass
heterogeneous-168,guarded,narrower-float32,reference_b_gradient_inf,3.0504578459566773e-16,1e-12,<=,fit.reference.b_gradient_inf,pass
heterogeneous-168,guarded,narrower-float32,coefficient_agreement,1.9428902889027946e-14,1e-10,<=,fit.scaled_reference_difference,pass
heterogeneous-168,guarded,narrower-float32,design_spectrum_rank,336,336,==,fit.design_spectrum.rank,pass
heterogeneous-168,guarded,narrower-float32,width_spectrum_rank,168,168,==,fit.width_spectrum.rank,pass
heterogeneous-168,guarded,narrower-float32,profile_jacobian_spectrum_rank,168,168,==,fit.profile_jacobian_spectrum.rank,pass
heterogeneous-168,guarded,narrower-float32,legacy_local_correction,2.0440268441334533e-16,1e-10,<=,fit.local_correction_inf,pass
heterogeneous-168,guarded,wider-float32,primary_feasible,True,True,==,fit.primary.feasible,pass
heterogeneous-168,guarded,wider-float32,primary_projected_kkt,1.609823385706477e-15,1e-10,<=,fit.primary.projected_kkt,pass
heterogeneous-168,guarded,wider-float32,primary_b_gradient_inf,3.736291194523873e-16,1e-12,<=,fit.primary.b_gradient_inf,pass
heterogeneous-168,guarded,wider-float32,reference_feasible,True,True,==,fit.reference.feasible,pass
heterogeneous-168,guarded,wider-float32,reference_projected_kkt,1.6514567491299204e-15,1e-10,<=,fit.reference.projected_kkt,pass
heterogeneous-168,guarded,wider-float32,reference_b_gradient_inf,2.33626083650972e-16,1e-12,<=,fit.reference.b_gradient_inf,pass
heterogeneous-168,guarded,wider-float32,coefficient_agreement,2.1570047325044574e-14,1e-10,<=,fit.scaled_reference_difference,pass
heterogeneous-168,guarded,wider-float32,design_spectrum_rank,336,336,==,fit.design_spectrum.rank,pass
heterogeneous-168,guarded,wider-float32,width_spectrum_rank,168,168,==,fit.width_spectrum.rank,pass
heterogeneous-168,guarded,wider-float32,profile_jacobian_spectrum_rank,168,168,==,fit.profile_jacobian_spectrum.rank,pass
heterogeneous-168,guarded,wider-float32,legacy_local_correction,2.347092481945805e-16,1e-10,<=,fit.local_correction_inf,pass
heterogeneous-168,guarded,mixed-float32,primary_feasible,True,True,==,fit.primary.feasible,pass
heterogeneous-168,guarded,mixed-float32,primary_projected_kkt,1.887379141862766e-15,1e-10,<=,fit.primary.projected_kkt,pass
heterogeneous-168,guarded,mixed-float32,primary_b_gradient_inf,3.468373851509973e-16,1e-12,<=,fit.primary.b_gradient_inf,pass
heterogeneous-168,guarded,mixed-float32,reference_feasible,True,True,==,fit.reference.feasible,pass
heterogeneous-168,guarded,mixed-float32,reference_projected_kkt,1.2906342661267445e-15,1e-10,<=,fit.reference.projected_kkt,pass
heterogeneous-168,guarded,mixed-float32,reference_b_gradient_inf,2.123603356525232e-16,1e-12,<=,fit.reference.b_gradient_inf,pass
heterogeneous-168,guarded,mixed-float32,coefficient_agreement,3.030908861854304e-14,1e-10,<=,fit.scaled_reference_difference,pass
heterogeneous-168,guarded,mixed-float32,design_spectrum_rank,336,336,==,fit.design_spectrum.rank,pass
heterogeneous-168,guarded,mixed-float32,width_spectrum_rank,168,168,==,fit.width_spectrum.rank,pass
heterogeneous-168,guarded,mixed-float32,profile_jacobian_spectrum_rank,168,168,==,fit.profile_jacobian_spectrum.rank,pass
heterogeneous-168,guarded,mixed-float32,legacy_local_correction,2.2671069355203705e-16,1e-10,<=,fit.local_correction_inf,pass
heterogeneous-168,guarded-log,first-stage-double,primary_feasible,True,True,==,fit.primary.feasible,pass
heterogeneous-168,guarded-log,first-stage-double,primary_projected_kkt,1.5681900222830336e-15,1e-10,<=,fit.primary.projected_kkt,pass
heterogeneous-168,guarded-log,first-stage-double,primary_b_gradient_inf,2.52525794820369e-16,1e-12,<=,fit.primary.b_gradient_inf,pass
heterogeneous-168,guarded-log,first-stage-double,reference_feasible,True,True,==,fit.reference.feasible,pass
heterogeneous-168,guarded-log,first-stage-double,reference_projected_kkt,2.5246731788497456e-15,1e-10,<=,fit.reference.projected_kkt,pass
heterogeneous-168,guarded-log,first-stage-double,reference_b_gradient_inf,1.9544618916245129e-16,1e-12,<=,fit.reference.b_gradient_inf,pass
heterogeneous-168,guarded-log,first-stage-double,coefficient_agreement,1.5606563660444857e-14,1e-10,<=,fit.scaled_reference_difference,pass
heterogeneous-168,guarded-log,first-stage-double,design_spectrum_rank,336,336,==,fit.design_spectrum.rank,pass
heterogeneous-168,guarded-log,first-stage-double,width_spectrum_rank,168,168,==,fit.width_spectrum.rank,pass
heterogeneous-168,guarded-log,first-stage-double,profile_jacobian_spectrum_rank,168,168,==,fit.profile_jacobian_spectrum.rank,pass
heterogeneous-168,guarded-log,first-stage-double,legacy_local_correction,1.0631046132350479e-16,1e-10,<=,fit.local_correction_inf,pass
heterogeneous-168,guarded-log,narrower-double,primary_feasible,True,True,==,fit.primary.feasible,pass
heterogeneous-168,guarded-log,narrower-double,primary_projected_kkt,1.5404344466674047e-15,1e-10,<=,fit.primary.projected_kkt,pass
heterogeneous-168,guarded-log,narrower-double,primary_b_gradient_inf,2.5834284999470157e-16,1e-12,<=,fit.primary.b_gradient_inf,pass
heterogeneous-168,guarded-log,narrower-double,reference_feasible,True,True,==,fit.reference.feasible,pass
heterogeneous-168,guarded-log,narrower-double,reference_projected_kkt,1.495982157595499e-15,1e-10,<=,fit.reference.projected_kkt,pass
heterogeneous-168,guarded-log,narrower-double,reference_b_gradient_inf,1.713936296349418e-16,1e-12,<=,fit.reference.b_gradient_inf,pass
heterogeneous-168,guarded-log,narrower-double,coefficient_agreement,1.712915523707382e-14,1e-10,<=,fit.scaled_reference_difference,pass
heterogeneous-168,guarded-log,narrower-double,design_spectrum_rank,336,336,==,fit.design_spectrum.rank,pass
heterogeneous-168,guarded-log,narrower-double,width_spectrum_rank,168,168,==,fit.width_spectrum.rank,pass
heterogeneous-168,guarded-log,narrower-double,profile_jacobian_spectrum_rank,168,168,==,fit.profile_jacobian_spectrum.rank,pass
heterogeneous-168,guarded-log,narrower-double,legacy_local_correction,8.508110924506656e-17,1e-10,<=,fit.local_correction_inf,pass
heterogeneous-168,guarded-log,wider-double,primary_feasible,True,True,==,fit.primary.feasible,pass
heterogeneous-168,guarded-log,wider-double,primary_projected_kkt,1.609823385706477e-15,1e-10,<=,fit.primary.projected_kkt,pass
heterogeneous-168,guarded-log,wider-double,primary_b_gradient_inf,2.5132652210862926e-16,1e-12,<=,fit.primary.b_gradient_inf,pass
heterogeneous-168,guarded-log,wider-double,reference_feasible,True,True,==,fit.reference.feasible,pass
heterogeneous-168,guarded-log,wider-double,reference_projected_kkt,2.5951463200613034e-15,1e-10,<=,fit.reference.projected_kkt,pass
heterogeneous-168,guarded-log,wider-double,reference_b_gradient_inf,2.2692867232069814e-16,1e-12,<=,fit.reference.b_gradient_inf,pass
heterogeneous-168,guarded-log,wider-double,coefficient_agreement,2.537652627714609e-14,1e-10,<=,fit.scaled_reference_difference,pass
heterogeneous-168,guarded-log,wider-double,design_spectrum_rank,336,336,==,fit.design_spectrum.rank,pass
heterogeneous-168,guarded-log,wider-double,width_spectrum_rank,168,168,==,fit.width_spectrum.rank,pass
heterogeneous-168,guarded-log,wider-double,profile_jacobian_spectrum_rank,168,168,==,fit.profile_jacobian_spectrum.rank,pass
heterogeneous-168,guarded-log,wider-double,legacy_local_correction,1.270693833205422e-16,1e-10,<=,fit.local_correction_inf,pass
heterogeneous-168,guarded-log,mixed-double,primary_feasible,True,True,==,fit.primary.feasible,pass
heterogeneous-168,guarded-log,mixed-double,primary_projected_kkt,1.5265566588595902e-15,1e-10,<=,fit.primary.projected_kkt,pass
heterogeneous-168,guarded-log,mixed-double,primary_b_gradient_inf,2.565472766670359e-16,1e-12,<=,fit.primary.b_gradient_inf,pass
heterogeneous-168,guarded-log,mixed-double,reference_feasible,True,True,==,fit.reference.feasible,pass
heterogeneous-168,guarded-log,mixed-double,reference_projected_kkt,1.925543058334256e-15,1e-10,<=,fit.reference.projected_kkt,pass
heterogeneous-168,guarded-log,mixed-double,reference_b_gradient_inf,1.9270204469313132e-16,1e-12,<=,fit.reference.b_gradient_inf,pass
heterogeneous-168,guarded-log,mixed-double,coefficient_agreement,1.953992523340268e-14,1e-10,<=,fit.scaled_reference_difference,pass
heterogeneous-168,guarded-log,mixed-double,design_spectrum_rank,336,336,==,fit.design_spectrum.rank,pass
heterogeneous-168,guarded-log,mixed-double,width_spectrum_rank,168,168,==,fit.width_spectrum.rank,pass
heterogeneous-168,guarded-log,mixed-double,profile_jacobian_spectrum_rank,168,168,==,fit.profile_jacobian_spectrum.rank,pass
heterogeneous-168,guarded-log,mixed-double,legacy_local_correction,5.951746326571641e-17,1e-10,<=,fit.local_correction_inf,pass
heterogeneous-168,guarded-log,first-stage-float32,primary_feasible,True,True,==,fit.primary.feasible,pass
heterogeneous-168,guarded-log,first-stage-float32,primary_projected_kkt,1.9012569296705806e-15,1e-10,<=,fit.primary.projected_kkt,pass
heterogeneous-168,guarded-log,first-stage-float32,primary_b_gradient_inf,3.0117404148902356e-16,1e-12,<=,fit.primary.b_gradient_inf,pass
heterogeneous-168,guarded-log,first-stage-float32,reference_feasible,True,True,==,fit.reference.feasible,pass
heterogeneous-168,guarded-log,first-stage-float32,reference_projected_kkt,1.6514567491299204e-15,1e-10,<=,fit.reference.projected_kkt,pass
heterogeneous-168,guarded-log,first-stage-float32,reference_b_gradient_inf,2.0500766994677179e-16,1e-12,<=,fit.reference.b_gradient_inf,pass
heterogeneous-168,guarded-log,first-stage-float32,coefficient_agreement,1.9413042693049114e-14,1e-10,<=,fit.scaled_reference_difference,pass
heterogeneous-168,guarded-log,first-stage-float32,design_spectrum_rank,336,336,==,fit.design_spectrum.rank,pass
heterogeneous-168,guarded-log,first-stage-float32,width_spectrum_rank,168,168,==,fit.width_spectrum.rank,pass
heterogeneous-168,guarded-log,first-stage-float32,profile_jacobian_spectrum_rank,168,168,==,fit.profile_jacobian_spectrum.rank,pass
heterogeneous-168,guarded-log,first-stage-float32,legacy_local_correction,2.169223700482347e-16,1e-10,<=,fit.local_correction_inf,pass
heterogeneous-168,guarded-log,narrower-float32,primary_feasible,True,True,==,fit.primary.feasible,pass
heterogeneous-168,guarded-log,narrower-float32,primary_projected_kkt,1.7069679003611782e-15,1e-10,<=,fit.primary.projected_kkt,pass
heterogeneous-168,guarded-log,narrower-float32,primary_b_gradient_inf,2.573870195750935e-16,1e-12,<=,fit.primary.b_gradient_inf,pass
heterogeneous-168,guarded-log,narrower-float32,reference_feasible,True,True,==,fit.reference.feasible,pass
heterogeneous-168,guarded-log,narrower-float32,reference_projected_kkt,1.7139067942650854e-15,1e-10,<=,fit.reference.projected_kkt,pass
heterogeneous-168,guarded-log,narrower-float32,reference_b_gradient_inf,2.2000590990159628e-16,1e-12,<=,fit.reference.b_gradient_inf,pass
heterogeneous-168,guarded-log,narrower-float32,coefficient_agreement,3.1720657708002774e-14,1e-10,<=,fit.scaled_reference_difference,pass
heterogeneous-168,guarded-log,narrower-float32,design_spectrum_rank,336,336,==,fit.design_spectrum.rank,pass
heterogeneous-168,guarded-log,narrower-float32,width_spectrum_rank,168,168,==,fit.width_spectrum.rank,pass
heterogeneous-168,guarded-log,narrower-float32,profile_jacobian_spectrum_rank,168,168,==,fit.profile_jacobian_spectrum.rank,pass
heterogeneous-168,guarded-log,narrower-float32,legacy_local_correction,2.24053501639937e-16,1e-10,<=,fit.local_correction_inf,pass
heterogeneous-168,guarded-log,wider-float32,primary_feasible,True,True,==,fit.primary.feasible,pass
heterogeneous-168,guarded-log,wider-float32,primary_projected_kkt,2.0261570199409107e-15,1e-10,<=,fit.primary.projected_kkt,pass
heterogeneous-168,guarded-log,wider-float32,primary_b_gradient_inf,3.5767535525447985e-16,1e-12,<=,fit.primary.b_gradient_inf,pass
heterogeneous-168,guarded-log,wider-float32,reference_feasible,True,True,==,fit.reference.feasible,pass
heterogeneous-168,guarded-log,wider-float32,reference_projected_kkt,1.2906342661267445e-15,1e-10,<=,fit.reference.projected_kkt,pass
heterogeneous-168,guarded-log,wider-float32,reference_b_gradient_inf,2.0658057034260477e-16,1e-12,<=,fit.reference.b_gradient_inf,pass
heterogeneous-168,guarded-log,wider-float32,coefficient_agreement,2.3980817435449286e-14,1e-10,<=,fit.scaled_reference_difference,pass
heterogeneous-168,guarded-log,wider-float32,design_spectrum_rank,336,336,==,fit.design_spectrum.rank,pass
heterogeneous-168,guarded-log,wider-float32,width_spectrum_rank,168,168,==,fit.width_spectrum.rank,pass
heterogeneous-168,guarded-log,wider-float32,profile_jacobian_spectrum_rank,168,168,==,fit.profile_jacobian_spectrum.rank,pass
heterogeneous-168,guarded-log,wider-float32,legacy_local_correction,2.191914687412629e-16,1e-10,<=,fit.local_correction_inf,pass
heterogeneous-168,guarded-log,mixed-float32,primary_feasible,True,True,==,fit.primary.feasible,pass
heterogeneous-168,guarded-log,mixed-float32,primary_projected_kkt,1.9290125052862095e-15,1e-10,<=,fit.primary.projected_kkt,pass
heterogeneous-168,guarded-log,mixed-float32,primary_b_gradient_inf,3.1663706852714195e-16,1e-12,<=,fit.primary.b_gradient_inf,pass
heterogeneous-168,guarded-log,mixed-float32,reference_feasible,True,True,==,fit.reference.feasible,pass
heterogeneous-168,guarded-log,mixed-float32,reference_projected_kkt,1.762479051592436e-15,1e-10,<=,fit.reference.projected_kkt,pass
heterogeneous-168,guarded-log,mixed-float32,reference_b_gradient_inf,1.9730236254656046e-16,1e-12,<=,fit.reference.b_gradient_inf,pass
heterogeneous-168,guarded-log,mixed-float32,coefficient_agreement,2.4488347901949044e-14,1e-10,<=,fit.scaled_reference_difference,pass
heterogeneous-168,guarded-log,mixed-float32,design_spectrum_rank,336,336,==,fit.design_spectrum.rank,pass
heterogeneous-168,guarded-log,mixed-float32,width_spectrum_rank,168,168,==,fit.width_spectrum.rank,pass
heterogeneous-168,guarded-log,mixed-float32,profile_jacobian_spectrum_rank,168,168,==,fit.profile_jacobian_spectrum.rank,pass
heterogeneous-168,guarded-log,mixed-float32,legacy_local_correction,2.1530621116690056e-16,1e-10,<=,fit.local_correction_inf,pass
baseline,legacy,first-stage-double,primary_feasible,True,True,==,fit.primary.feasible,pass
baseline,legacy,first-stage-double,primary_projected_kkt,1.5959455978986625e-16,1e-10,<=,fit.primary.projected_kkt,pass
baseline,legacy,first-stage-double,primary_b_gradient_inf,3.575308879074176e-17,1e-12,<=,fit.primary.b_gradient_inf,pass
baseline,legacy,first-stage-double,reference_feasible,True,True,==,fit.reference.feasible,pass
baseline,legacy,first-stage-double,reference_projected_kkt,1.0130785099704553e-15,1e-10,<=,fit.reference.projected_kkt,pass
baseline,legacy,first-stage-double,reference_b_gradient_inf,2.200064625941e-16,1e-12,<=,fit.reference.b_gradient_inf,pass
baseline,legacy,first-stage-double,coefficient_agreement,2.9183005218718324e-15,1e-10,<=,fit.scaled_reference_difference,pass
baseline,legacy,first-stage-double,design_spectrum_rank,24,24,==,fit.design_spectrum.rank,pass
baseline,legacy,first-stage-double,width_spectrum_rank,12,12,==,fit.width_spectrum.rank,pass
baseline,legacy,first-stage-double,profile_jacobian_spectrum_rank,12,12,==,fit.profile_jacobian_spectrum.rank,pass
baseline,legacy,first-stage-double,legacy_local_correction,9.100235554944738e-17,1e-10,<=,fit.local_correction_inf,pass
baseline,legacy,first-stage-double,precision_local_correction,1.294717749012035e-16,1e-10,<=,audit.precision.local_correction_inf,pass
baseline,legacy,first-stage-double,fixed_face_reference_valid50,True,True,==,audit.precision.valid50,pass
baseline,legacy,first-stage-double,fixed_face_reference_valid100,True,True,==,audit.precision.valid100,pass
baseline,legacy,first-stage-double,fixed_face_reference_agreement_passed,True,True,==,audit.precision.agreement_passed,pass
baseline,legacy,first-stage-double,fixed_face_reference_fixed_face_feasible,True,True,==,audit.precision.fixed_face_feasible,pass
baseline,legacy,first-stage-double,fixed_face_reference_derivative_passed,True,True,==,audit.precision.derivative_passed,pass
baseline,legacy,first-stage-double,precision_projected_kkt,2.343692362e-119,1e-10,<=,audit.precision.projected_kkt,pass
baseline,legacy,first-stage-double,precision_b_gradient_inf,1.170429823509842e-17,1e-12,<=,audit.precision.b_gradient,pass
baseline,legacy,first-stage-double,direction_0_estimated_relative_error,2.7603215351370832e-11,1e-07,<=,audit.ladders.0.estimated_relative_error,pass
baseline,legacy,first-stage-double,direction_0_first_relative_error,1.223499189043978e-11,1e-06,<=,audit.ladders.0.first_relative_error,pass
baseline,legacy,first-stage-double,direction_0_second_relative_error,4.8372762999433366e-12,1e-06,<=,audit.ladders.0.second_relative_error,pass
baseline,legacy,first-stage-double,direction_1_estimated_relative_error,2.49480784041867e-11,1e-07,<=,audit.ladders.1.estimated_relative_error,pass
baseline,legacy,first-stage-double,direction_1_first_relative_error,8.806661378539146e-12,1e-06,<=,audit.ladders.1.first_relative_error,pass
baseline,legacy,first-stage-double,direction_1_second_relative_error,5.185160548188694e-12,1e-06,<=,audit.ladders.1.second_relative_error,pass
baseline,legacy,first-stage-double,direction_2_estimated_relative_error,5.533298912121524e-11,1e-07,<=,audit.ladders.2.estimated_relative_error,pass
baseline,legacy,first-stage-double,direction_2_first_relative_error,1.053951228675326e-11,1e-06,<=,audit.ladders.2.first_relative_error,pass
baseline,legacy,first-stage-double,direction_2_second_relative_error,1.3854728503582158e-11,1e-06,<=,audit.ladders.2.second_relative_error,pass
baseline,legacy,narrower-double,primary_feasible,True,True,==,fit.primary.feasible,pass
baseline,legacy,narrower-double,primary_projected_kkt,9.71445146547012e-17,1e-10,<=,fit.primary.projected_kkt,pass
baseline,legacy,narrower-double,primary_b_gradient_inf,2.8652094516776165e-17,1e-12,<=,fit.primary.b_gradient_inf,pass
baseline,legacy,narrower-double,reference_feasible,True,True,==,fit.reference.feasible,pass
baseline,legacy,narrower-double,reference_projected_kkt,1.7139067942650854e-15,1e-10,<=,fit.reference.projected_kkt,pass
baseline,legacy,narrower-double,reference_b_gradient_inf,2.5700921917546045e-16,1e-12,<=,fit.reference.b_gradient_inf,pass
baseline,legacy,narrower-double,coefficient_agreement,4.314009467114877e-15,1e-10,<=,fit.scaled_reference_difference,pass
baseline,legacy,narrower-double,design_spectrum_rank,24,24,==,fit.design_spectrum.rank,pass
baseline,legacy,narrower-double,width_spectrum_rank,12,12,==,fit.width_spectrum.rank,pass
baseline,legacy,narrower-double,profile_jacobian_spectrum_rank,12,12,==,fit.profile_jacobian_spectrum.rank,pass
baseline,legacy,narrower-double,legacy_local_correction,1.5778384114310306e-16,1e-10,<=,fit.local_correction_inf,pass
baseline,legacy,wider-double,primary_feasible,True,True,==,fit.primary.feasible,pass
baseline,legacy,wider-double,primary_projected_kkt,1.3877787807814457e-16,1e-10,<=,fit.primary.projected_kkt,pass
baseline,legacy,wider-double,primary_b_gradient_inf,3.7346005375121754e-17,1e-12,<=,fit.primary.b_gradient_inf,pass
baseline,legacy,wider-double,reference_feasible,True,True,==,fit.reference.feasible,pass
baseline,legacy,wider-double,reference_projected_kkt,1.1102230246251565e-15,1e-10,<=,fit.reference.projected_kkt,pass
baseline,legacy,wider-double,reference_b_gradient_inf,1.6802514597283885e-16,1e-12,<=,fit.reference.b_gradient_inf,pass
baseline,legacy,wider-double,coefficient_agreement,3.1720657846432947e-15,1e-10,<=,fit.scaled_reference_difference,pass
baseline,legacy,wider-double,design_spectrum_rank,24,24,==,fit.design_spectrum.rank,pass
baseline,legacy,wider-double,width_spectrum_rank,12,12,==,fit.width_spectrum.rank,pass
baseline,legacy,wider-double,profile_jacobian_spectrum_rank,12,12,==,fit.profile_jacobian_spectrum.rank,pass
baseline,legacy,wider-double,legacy_local_correction,1.2220554436271897e-16,1e-10,<=,fit.local_correction_inf,pass
baseline,legacy,mixed-double,primary_feasible,True,True,==,fit.primary.feasible,pass
baseline,legacy,mixed-double,primary_projected_kkt,1.6653345369377348e-16,1e-10,<=,fit.primary.projected_kkt,pass
baseline,legacy,mixed-double,primary_b_gradient_inf,5.499194443517451e-17,1e-12,<=,fit.primary.b_gradient_inf,pass
baseline,legacy,mixed-double,reference_feasible,True,True,==,fit.reference.feasible,pass
baseline,legacy,mixed-double,reference_projected_kkt,1.4155343563970746e-15,1e-10,<=,fit.reference.projected_kkt,pass
baseline,legacy,mixed-double,reference_b_gradient_inf,1.4471146010020927e-16,1e-12,<=,fit.reference.b_gradient_inf,pass
baseline,legacy,mixed-double,coefficient_agreement,2.937465085987385e-15,1e-10,<=,fit.scaled_reference_difference,pass
baseline,legacy,mixed-double,design_spectrum_rank,24,24,==,fit.design_spectrum.rank,pass
baseline,legacy,mixed-double,width_spectrum_rank,12,12,==,fit.width_spectrum.rank,pass
baseline,legacy,mixed-double,profile_jacobian_spectrum_rank,12,12,==,fit.profile_jacobian_spectrum.rank,pass
baseline,legacy,mixed-double,legacy_local_correction,1.8031345470916378e-16,1e-10,<=,fit.local_correction_inf,pass
baseline,legacy,first-stage-float32,primary_feasible,True,True,==,fit.primary.feasible,pass
baseline,legacy,first-stage-float32,primary_projected_kkt,2.220446049250313e-16,1e-10,<=,fit.primary.projected_kkt,pass
baseline,legacy,first-stage-float32,primary_b_gradient_inf,7.372640445145439e-17,1e-12,<=,fit.primary.b_gradient_inf,pass
baseline,legacy,first-stage-float32,reference_feasible,True,True,==,fit.reference.feasible,pass
baseline,legacy,first-stage-float32,reference_projected_kkt,9.298117831235686e-16,1e-10,<=,fit.reference.projected_kkt,pass
baseline,legacy,first-stage-float32,reference_b_gradient_inf,2.1198118939816439e-16,1e-12,<=,fit.reference.b_gradient_inf,pass
baseline,legacy,first-stage-float32,coefficient_agreement,3.806478955808953e-15,1e-10,<=,fit.scaled_reference_difference,pass
baseline,legacy,first-stage-float32,design_spectrum_rank,24,24,==,fit.design_spectrum.rank,pass
baseline,legacy,first-stage-float32,width_spectrum_rank,12,12,==,fit.width_spectrum.rank,pass
baseline,legacy,first-stage-float32,profile_jacobian_spectrum_rank,12,12,==,fit.profile_jacobian_spectrum.rank,pass
baseline,legacy,first-stage-float32,legacy_local_correction,1.5313193841796367e-16,1e-10,<=,fit.local_correction_inf,pass
baseline,legacy,first-stage-float32,precision_local_correction,2.234744431012676e-16,1e-10,<=,audit.precision.local_correction_inf,pass
baseline,legacy,first-stage-float32,fixed_face_reference_valid50,True,True,==,audit.precision.valid50,pass
baseline,legacy,first-stage-float32,fixed_face_reference_valid100,True,True,==,audit.precision.valid100,pass
baseline,legacy,first-stage-float32,fixed_face_reference_agreement_passed,True,True,==,audit.precision.agreement_passed,pass
baseline,legacy,first-stage-float32,fixed_face_reference_fixed_face_feasible,True,True,==,audit.precision.fixed_face_feasible,pass
baseline,legacy,first-stage-float32,fixed_face_reference_derivative_passed,True,True,==,audit.precision.derivative_passed,pass
baseline,legacy,first-stage-float32,precision_projected_kkt,2.334959345e-119,1e-10,<=,audit.precision.projected_kkt,pass
baseline,legacy,first-stage-float32,precision_b_gradient_inf,7.565269669832047e-18,1e-12,<=,audit.precision.b_gradient,pass
baseline,legacy,first-stage-float32,direction_0_estimated_relative_error,2.5822397682291972e-11,1e-07,<=,audit.ladders.0.estimated_relative_error,pass
baseline,legacy,first-stage-float32,direction_0_first_relative_error,1.1950219757314185e-11,1e-06,<=,audit.ladders.0.first_relative_error,pass
baseline,legacy,first-stage-float32,direction_0_second_relative_error,5.631845568132383e-12,1e-06,<=,audit.ladders.0.second_relative_error,pass
baseline,legacy,first-stage-float32,direction_1_estimated_relative_error,2.4355887052601305e-11,1e-07,<=,audit.ladders.1.estimated_relative_error,pass
baseline,legacy,first-stage-float32,direction_1_first_relative_error,9.590286691365921e-12,1e-06,<=,audit.ladders.1.first_relative_error,pass
baseline,legacy,first-stage-float32,direction_1_second_relative_error,4.6713796948340075e-12,1e-06,<=,audit.ladders.1.second_relative_error,pass
baseline,legacy,first-stage-float32,direction_2_estimated_relative_error,7.687631422952803e-11,1e-07,<=,audit.ladders.2.estimated_relative_error,pass
baseline,legacy,first-stage-float32,direction_2_first_relative_error,5.746256863427757e-11,1e-06,<=,audit.ladders.2.first_relative_error,pass
baseline,legacy,first-stage-float32,direction_2_second_relative_error,9.741186751090809e-12,1e-06,<=,audit.ladders.2.second_relative_error,pass
baseline,legacy,narrower-float32,primary_feasible,True,True,==,fit.primary.feasible,pass
baseline,legacy,narrower-float32,primary_projected_kkt,2.220446049250313e-16,1e-10,<=,fit.primary.projected_kkt,pass
baseline,legacy,narrower-float32,primary_b_gradient_inf,1.224998063088524e-16,1e-12,<=,fit.primary.b_gradient_inf,pass
baseline,legacy,narrower-float32,reference_feasible,True,True,==,fit.reference.feasible,pass
baseline,legacy,narrower-float32,reference_projected_kkt,7.424616477180734e-16,1e-10,<=,fit.reference.projected_kkt,pass
baseline,legacy,narrower-float32,reference_b_gradient_inf,1.4032420566699485e-16,1e-12,<=,fit.reference.b_gradient_inf,pass
baseline,legacy,narrower-float32,coefficient_agreement,3.330669079412861e-15,1e-10,<=,fit.scaled_reference_difference,pass
baseline,legacy,narrower-float32,design_spectrum_rank,24,24,==,fit.design_spectrum.rank,pass
baseline,legacy,narrower-float32,width_spectrum_rank,12,12,==,fit.width_spectrum.rank,pass
baseline,legacy,narrower-float32,profile_jacobian_spectrum_rank,12,12,==,fit.profile_jacobian_spectrum.rank,pass
baseline,legacy,narrower-float32,legacy_local_correction,1.8763193436120832e-16,1e-10,<=,fit.local_correction_inf,pass
baseline,legacy,wider-float32,primary_feasible,True,True,==,fit.primary.feasible,pass
baseline,legacy,wider-float32,primary_projected_kkt,1.6653345369377348e-16,1e-10,<=,fit.primary.projected_kkt,pass
baseline,legacy,wider-float32,primary_b_gradient_inf,9.239714309177185e-17,1e-12,<=,fit.primary.b_gradient_inf,pass
baseline,legacy,wider-float32,reference_feasible,True,True,==,fit.reference.feasible,pass
baseline,legacy,wider-float32,reference_projected_kkt,8.881784197001252e-16,1e-10,<=,fit.reference.projected_kkt,pass
baseline,legacy,wider-float32,reference_b_gradient_inf,1.7733922163435547e-16,1e-12,<=,fit.reference.b_gradient_inf,pass
baseline,legacy,wider-float32,coefficient_agreement,3.552713692088359e-15,1e-10,<=,fit.scaled_reference_difference,pass
baseline,legacy,wider-float32,design_spectrum_rank,24,24,==,fit.design_spectrum.rank,pass
baseline,legacy,wider-float32,width_spectrum_rank,12,12,==,fit.width_spectrum.rank,pass
baseline,legacy,wider-float32,profile_jacobian_spectrum_rank,12,12,==,fit.profile_jacobian_spectrum.rank,pass
baseline,legacy,wider-float32,legacy_local_correction,1.5799850617039896e-16,1e-10,<=,fit.local_correction_inf,pass
baseline,legacy,mixed-float32,primary_feasible,True,True,==,fit.primary.feasible,pass
baseline,legacy,mixed-float32,primary_projected_kkt,2.220446049250313e-16,1e-10,<=,fit.primary.projected_kkt,pass
baseline,legacy,mixed-float32,primary_b_gradient_inf,9.593826350066024e-17,1e-12,<=,fit.primary.b_gradient_inf,pass
baseline,legacy,mixed-float32,reference_feasible,True,True,==,fit.reference.feasible,pass
baseline,legacy,mixed-float32,reference_projected_kkt,8.81239525796218e-16,1e-10,<=,fit.reference.projected_kkt,pass
baseline,legacy,mixed-float32,reference_b_gradient_inf,1.3299964744748435e-16,1e-12,<=,fit.reference.b_gradient_inf,pass
baseline,legacy,mixed-float32,coefficient_agreement,3.552713692088357e-15,1e-10,<=,fit.scaled_reference_difference,pass
baseline,legacy,mixed-float32,design_spectrum_rank,24,24,==,fit.design_spectrum.rank,pass
baseline,legacy,mixed-float32,width_spectrum_rank,12,12,==,fit.width_spectrum.rank,pass
baseline,legacy,mixed-float32,profile_jacobian_spectrum_rank,12,12,==,fit.profile_jacobian_spectrum.rank,pass
baseline,legacy,mixed-float32,legacy_local_correction,1.9792214495474756e-16,1e-10,<=,fit.local_correction_inf,pass
baseline,guarded,first-stage-double,primary_feasible,True,True,==,fit.primary.feasible,pass
baseline,guarded,first-stage-double,primary_projected_kkt,1.5959455978986625e-16,1e-10,<=,fit.primary.projected_kkt,pass
baseline,guarded,first-stage-double,primary_b_gradient_inf,3.575308879074176e-17,1e-12,<=,fit.primary.b_gradient_inf,pass
baseline,guarded,first-stage-double,reference_feasible,True,True,==,fit.reference.feasible,pass
baseline,guarded,first-stage-double,reference_projected_kkt,1.0130785099704553e-15,1e-10,<=,fit.reference.projected_kkt,pass
baseline,guarded,first-stage-double,reference_b_gradient_inf,2.200064625941e-16,1e-12,<=,fit.reference.b_gradient_inf,pass
baseline,guarded,first-stage-double,coefficient_agreement,2.9183005218718324e-15,1e-10,<=,fit.scaled_reference_difference,pass
baseline,guarded,first-stage-double,design_spectrum_rank,24,24,==,fit.design_spectrum.rank,pass
baseline,guarded,first-stage-double,width_spectrum_rank,12,12,==,fit.width_spectrum.rank,pass
baseline,guarded,first-stage-double,profile_jacobian_spectrum_rank,12,12,==,fit.profile_jacobian_spectrum.rank,pass
baseline,guarded,first-stage-double,legacy_local_correction,9.100235554944738e-17,1e-10,<=,fit.local_correction_inf,pass
baseline,guarded,first-stage-double,precision_local_correction,1.294717749012035e-16,1e-10,<=,audit.precision.local_correction_inf,pass
baseline,guarded,first-stage-double,fixed_face_reference_valid50,True,True,==,audit.precision.valid50,pass
baseline,guarded,first-stage-double,fixed_face_reference_valid100,True,True,==,audit.precision.valid100,pass
baseline,guarded,first-stage-double,fixed_face_reference_agreement_passed,True,True,==,audit.precision.agreement_passed,pass
baseline,guarded,first-stage-double,fixed_face_reference_fixed_face_feasible,True,True,==,audit.precision.fixed_face_feasible,pass
baseline,guarded,first-stage-double,fixed_face_reference_derivative_passed,True,True,==,audit.precision.derivative_passed,pass
baseline,guarded,first-stage-double,precision_projected_kkt,2.343692362e-119,1e-10,<=,audit.precision.projected_kkt,pass
baseline,guarded,first-stage-double,precision_b_gradient_inf,1.170429823509842e-17,1e-12,<=,audit.precision.b_gradient,pass
baseline,guarded,first-stage-double,direction_0_estimated_relative_error,2.7603215351370832e-11,1e-07,<=,audit.ladders.0.estimated_relative_error,pass
baseline,guarded,first-stage-double,direction_0_first_relative_error,1.223499189043978e-11,1e-06,<=,audit.ladders.0.first_relative_error,pass
baseline,guarded,first-stage-double,direction_0_second_relative_error,4.8372762999433366e-12,1e-06,<=,audit.ladders.0.second_relative_error,pass
baseline,guarded,first-stage-double,direction_1_estimated_relative_error,2.49480784041867e-11,1e-07,<=,audit.ladders.1.estimated_relative_error,pass
baseline,guarded,first-stage-double,direction_1_first_relative_error,8.806661378539146e-12,1e-06,<=,audit.ladders.1.first_relative_error,pass
baseline,guarded,first-stage-double,direction_1_second_relative_error,5.185160548188694e-12,1e-06,<=,audit.ladders.1.second_relative_error,pass
baseline,guarded,first-stage-double,direction_2_estimated_relative_error,5.533298912121524e-11,1e-07,<=,audit.ladders.2.estimated_relative_error,pass
baseline,guarded,first-stage-double,direction_2_first_relative_error,1.053951228675326e-11,1e-06,<=,audit.ladders.2.first_relative_error,pass
baseline,guarded,first-stage-double,direction_2_second_relative_error,1.3854728503582158e-11,1e-06,<=,audit.ladders.2.second_relative_error,pass
baseline,guarded,narrower-double,primary_feasible,True,True,==,fit.primary.feasible,pass
baseline,guarded,narrower-double,primary_projected_kkt,9.71445146547012e-17,1e-10,<=,fit.primary.projected_kkt,pass
baseline,guarded,narrower-double,primary_b_gradient_inf,2.8652094516776165e-17,1e-12,<=,fit.primary.b_gradient_inf,pass
baseline,guarded,narrower-double,reference_feasible,True,True,==,fit.reference.feasible,pass
baseline,guarded,narrower-double,reference_projected_kkt,1.7139067942650854e-15,1e-10,<=,fit.reference.projected_kkt,pass
baseline,guarded,narrower-double,reference_b_gradient_inf,2.5700921917546045e-16,1e-12,<=,fit.reference.b_gradient_inf,pass
baseline,guarded,narrower-double,coefficient_agreement,4.314009467114877e-15,1e-10,<=,fit.scaled_reference_difference,pass
baseline,guarded,narrower-double,design_spectrum_rank,24,24,==,fit.design_spectrum.rank,pass
baseline,guarded,narrower-double,width_spectrum_rank,12,12,==,fit.width_spectrum.rank,pass
baseline,guarded,narrower-double,profile_jacobian_spectrum_rank,12,12,==,fit.profile_jacobian_spectrum.rank,pass
baseline,guarded,narrower-double,legacy_local_correction,1.5778384114310306e-16,1e-10,<=,fit.local_correction_inf,pass
baseline,guarded,wider-double,primary_feasible,True,True,==,fit.primary.feasible,pass
baseline,guarded,wider-double,primary_projected_kkt,1.3877787807814457e-16,1e-10,<=,fit.primary.projected_kkt,pass
baseline,guarded,wider-double,primary_b_gradient_inf,3.7346005375121754e-17,1e-12,<=,fit.primary.b_gradient_inf,pass
baseline,guarded,wider-double,reference_feasible,True,True,==,fit.reference.feasible,pass
baseline,guarded,wider-double,reference_projected_kkt,1.1102230246251565e-15,1e-10,<=,fit.reference.projected_kkt,pass
baseline,guarded,wider-double,reference_b_gradient_inf,1.6802514597283885e-16,1e-12,<=,fit.reference.b_gradient_inf,pass
baseline,guarded,wider-double,coefficient_agreement,3.1720657846432947e-15,1e-10,<=,fit.scaled_reference_difference,pass
baseline,guarded,wider-double,design_spectrum_rank,24,24,==,fit.design_spectrum.rank,pass
baseline,guarded,wider-double,width_spectrum_rank,12,12,==,fit.width_spectrum.rank,pass
baseline,guarded,wider-double,profile_jacobian_spectrum_rank,12,12,==,fit.profile_jacobian_spectrum.rank,pass
baseline,guarded,wider-double,legacy_local_correction,1.2220554436271897e-16,1e-10,<=,fit.local_correction_inf,pass
baseline,guarded,mixed-double,primary_feasible,True,True,==,fit.primary.feasible,pass
baseline,guarded,mixed-double,primary_projected_kkt,1.6653345369377348e-16,1e-10,<=,fit.primary.projected_kkt,pass
baseline,guarded,mixed-double,primary_b_gradient_inf,5.499194443517451e-17,1e-12,<=,fit.primary.b_gradient_inf,pass
baseline,guarded,mixed-double,reference_feasible,True,True,==,fit.reference.feasible,pass
baseline,guarded,mixed-double,reference_projected_kkt,1.4155343563970746e-15,1e-10,<=,fit.reference.projected_kkt,pass
baseline,guarded,mixed-double,reference_b_gradient_inf,1.4471146010020927e-16,1e-12,<=,fit.reference.b_gradient_inf,pass
baseline,guarded,mixed-double,coefficient_agreement,2.937465085987385e-15,1e-10,<=,fit.scaled_reference_difference,pass
baseline,guarded,mixed-double,design_spectrum_rank,24,24,==,fit.design_spectrum.rank,pass
baseline,guarded,mixed-double,width_spectrum_rank,12,12,==,fit.width_spectrum.rank,pass
baseline,guarded,mixed-double,profile_jacobian_spectrum_rank,12,12,==,fit.profile_jacobian_spectrum.rank,pass
baseline,guarded,mixed-double,legacy_local_correction,1.8031345470916378e-16,1e-10,<=,fit.local_correction_inf,pass
baseline,guarded,first-stage-float32,primary_feasible,True,True,==,fit.primary.feasible,pass
baseline,guarded,first-stage-float32,primary_projected_kkt,2.220446049250313e-16,1e-10,<=,fit.primary.projected_kkt,pass
baseline,guarded,first-stage-float32,primary_b_gradient_inf,7.372640445145439e-17,1e-12,<=,fit.primary.b_gradient_inf,pass
baseline,guarded,first-stage-float32,reference_feasible,True,True,==,fit.reference.feasible,pass
baseline,guarded,first-stage-float32,reference_projected_kkt,9.298117831235686e-16,1e-10,<=,fit.reference.projected_kkt,pass
baseline,guarded,first-stage-float32,reference_b_gradient_inf,2.1198118939816439e-16,1e-12,<=,fit.reference.b_gradient_inf,pass
baseline,guarded,first-stage-float32,coefficient_agreement,3.806478955808953e-15,1e-10,<=,fit.scaled_reference_difference,pass
baseline,guarded,first-stage-float32,design_spectrum_rank,24,24,==,fit.design_spectrum.rank,pass
baseline,guarded,first-stage-float32,width_spectrum_rank,12,12,==,fit.width_spectrum.rank,pass
baseline,guarded,first-stage-float32,profile_jacobian_spectrum_rank,12,12,==,fit.profile_jacobian_spectrum.rank,pass
baseline,guarded,first-stage-float32,legacy_local_correction,1.5313193841796367e-16,1e-10,<=,fit.local_correction_inf,pass
baseline,guarded,first-stage-float32,precision_local_correction,2.234744431012676e-16,1e-10,<=,audit.precision.local_correction_inf,pass
baseline,guarded,first-stage-float32,fixed_face_reference_valid50,True,True,==,audit.precision.valid50,pass
baseline,guarded,first-stage-float32,fixed_face_reference_valid100,True,True,==,audit.precision.valid100,pass
baseline,guarded,first-stage-float32,fixed_face_reference_agreement_passed,True,True,==,audit.precision.agreement_passed,pass
baseline,guarded,first-stage-float32,fixed_face_reference_fixed_face_feasible,True,True,==,audit.precision.fixed_face_feasible,pass
baseline,guarded,first-stage-float32,fixed_face_reference_derivative_passed,True,True,==,audit.precision.derivative_passed,pass
baseline,guarded,first-stage-float32,precision_projected_kkt,2.334959345e-119,1e-10,<=,audit.precision.projected_kkt,pass
baseline,guarded,first-stage-float32,precision_b_gradient_inf,7.565269669832047e-18,1e-12,<=,audit.precision.b_gradient,pass
baseline,guarded,first-stage-float32,direction_0_estimated_relative_error,2.5822397682291972e-11,1e-07,<=,audit.ladders.0.estimated_relative_error,pass
baseline,guarded,first-stage-float32,direction_0_first_relative_error,1.1950219757314185e-11,1e-06,<=,audit.ladders.0.first_relative_error,pass
baseline,guarded,first-stage-float32,direction_0_second_relative_error,5.631845568132383e-12,1e-06,<=,audit.ladders.0.second_relative_error,pass
baseline,guarded,first-stage-float32,direction_1_estimated_relative_error,2.4355887052601305e-11,1e-07,<=,audit.ladders.1.estimated_relative_error,pass
baseline,guarded,first-stage-float32,direction_1_first_relative_error,9.590286691365921e-12,1e-06,<=,audit.ladders.1.first_relative_error,pass
baseline,guarded,first-stage-float32,direction_1_second_relative_error,4.6713796948340075e-12,1e-06,<=,audit.ladders.1.second_relative_error,pass
baseline,guarded,first-stage-float32,direction_2_estimated_relative_error,7.687631422952803e-11,1e-07,<=,audit.ladders.2.estimated_relative_error,pass
baseline,guarded,first-stage-float32,direction_2_first_relative_error,5.746256863427757e-11,1e-06,<=,audit.ladders.2.first_relative_error,pass
baseline,guarded,first-stage-float32,direction_2_second_relative_error,9.741186751090809e-12,1e-06,<=,audit.ladders.2.second_relative_error,pass
baseline,guarded,narrower-float32,primary_feasible,True,True,==,fit.primary.feasible,pass
baseline,guarded,narrower-float32,primary_projected_kkt,2.220446049250313e-16,1e-10,<=,fit.primary.projected_kkt,pass
baseline,guarded,narrower-float32,primary_b_gradient_inf,1.224998063088524e-16,1e-12,<=,fit.primary.b_gradient_inf,pass
baseline,guarded,narrower-float32,reference_feasible,True,True,==,fit.reference.feasible,pass
baseline,guarded,narrower-float32,reference_projected_kkt,7.424616477180734e-16,1e-10,<=,fit.reference.projected_kkt,pass
baseline,guarded,narrower-float32,reference_b_gradient_inf,1.4032420566699485e-16,1e-12,<=,fit.reference.b_gradient_inf,pass
baseline,guarded,narrower-float32,coefficient_agreement,3.330669079412861e-15,1e-10,<=,fit.scaled_reference_difference,pass
baseline,guarded,narrower-float32,design_spectrum_rank,24,24,==,fit.design_spectrum.rank,pass
baseline,guarded,narrower-float32,width_spectrum_rank,12,12,==,fit.width_spectrum.rank,pass
baseline,guarded,narrower-float32,profile_jacobian_spectrum_rank,12,12,==,fit.profile_jacobian_spectrum.rank,pass
baseline,guarded,narrower-float32,legacy_local_correction,1.8763193436120832e-16,1e-10,<=,fit.local_correction_inf,pass
baseline,guarded,wider-float32,primary_feasible,True,True,==,fit.primary.feasible,pass
baseline,guarded,wider-float32,primary_projected_kkt,1.6653345369377348e-16,1e-10,<=,fit.primary.projected_kkt,pass
baseline,guarded,wider-float32,primary_b_gradient_inf,9.239714309177185e-17,1e-12,<=,fit.primary.b_gradient_inf,pass
baseline,guarded,wider-float32,reference_feasible,True,True,==,fit.reference.feasible,pass
baseline,guarded,wider-float32,reference_projected_kkt,8.881784197001252e-16,1e-10,<=,fit.reference.projected_kkt,pass
baseline,guarded,wider-float32,reference_b_gradient_inf,1.7733922163435547e-16,1e-12,<=,fit.reference.b_gradient_inf,pass
baseline,guarded,wider-float32,coefficient_agreement,3.552713692088359e-15,1e-10,<=,fit.scaled_reference_difference,pass
baseline,guarded,wider-float32,design_spectrum_rank,24,24,==,fit.design_spectrum.rank,pass
baseline,guarded,wider-float32,width_spectrum_rank,12,12,==,fit.width_spectrum.rank,pass
baseline,guarded,wider-float32,profile_jacobian_spectrum_rank,12,12,==,fit.profile_jacobian_spectrum.rank,pass
baseline,guarded,wider-float32,legacy_local_correction,1.5799850617039896e-16,1e-10,<=,fit.local_correction_inf,pass
baseline,guarded,mixed-float32,primary_feasible,True,True,==,fit.primary.feasible,pass
baseline,guarded,mixed-float32,primary_projected_kkt,2.220446049250313e-16,1e-10,<=,fit.primary.projected_kkt,pass
baseline,guarded,mixed-float32,primary_b_gradient_inf,9.593826350066024e-17,1e-12,<=,fit.primary.b_gradient_inf,pass
baseline,guarded,mixed-float32,reference_feasible,True,True,==,fit.reference.feasible,pass
baseline,guarded,mixed-float32,reference_projected_kkt,8.81239525796218e-16,1e-10,<=,fit.reference.projected_kkt,pass
baseline,guarded,mixed-float32,reference_b_gradient_inf,1.3299964744748435e-16,1e-12,<=,fit.reference.b_gradient_inf,pass
baseline,guarded,mixed-float32,coefficient_agreement,3.552713692088357e-15,1e-10,<=,fit.scaled_reference_difference,pass
baseline,guarded,mixed-float32,design_spectrum_rank,24,24,==,fit.design_spectrum.rank,pass
baseline,guarded,mixed-float32,width_spectrum_rank,12,12,==,fit.width_spectrum.rank,pass
baseline,guarded,mixed-float32,profile_jacobian_spectrum_rank,12,12,==,fit.profile_jacobian_spectrum.rank,pass
baseline,guarded,mixed-float32,legacy_local_correction,1.9792214495474756e-16,1e-10,<=,fit.local_correction_inf,pass
baseline,guarded-log,first-stage-double,primary_feasible,True,True,==,fit.primary.feasible,pass
baseline,guarded-log,first-stage-double,primary_projected_kkt,1.5959455978986625e-16,1e-10,<=,fit.primary.projected_kkt,pass
baseline,guarded-log,first-stage-double,primary_b_gradient_inf,3.575308879074176e-17,1e-12,<=,fit.primary.b_gradient_inf,pass
baseline,guarded-log,first-stage-double,reference_feasible,True,True,==,fit.reference.feasible,pass
baseline,guarded-log,first-stage-double,reference_projected_kkt,1.0130785099704553e-15,1e-10,<=,fit.reference.projected_kkt,pass
baseline,guarded-log,first-stage-double,reference_b_gradient_inf,2.200064625941e-16,1e-12,<=,fit.reference.b_gradient_inf,pass
baseline,guarded-log,first-stage-double,coefficient_agreement,2.9183005218718324e-15,1e-10,<=,fit.scaled_reference_difference,pass
baseline,guarded-log,first-stage-double,design_spectrum_rank,24,24,==,fit.design_spectrum.rank,pass
baseline,guarded-log,first-stage-double,width_spectrum_rank,12,12,==,fit.width_spectrum.rank,pass
baseline,guarded-log,first-stage-double,profile_jacobian_spectrum_rank,12,12,==,fit.profile_jacobian_spectrum.rank,pass
baseline,guarded-log,first-stage-double,legacy_local_correction,9.100235554944738e-17,1e-10,<=,fit.local_correction_inf,pass
baseline,guarded-log,first-stage-double,precision_local_correction,1.294717749012035e-16,1e-10,<=,audit.precision.local_correction_inf,pass
baseline,guarded-log,first-stage-double,fixed_face_reference_valid50,True,True,==,audit.precision.valid50,pass
baseline,guarded-log,first-stage-double,fixed_face_reference_valid100,True,True,==,audit.precision.valid100,pass
baseline,guarded-log,first-stage-double,fixed_face_reference_agreement_passed,True,True,==,audit.precision.agreement_passed,pass
baseline,guarded-log,first-stage-double,fixed_face_reference_fixed_face_feasible,True,True,==,audit.precision.fixed_face_feasible,pass
baseline,guarded-log,first-stage-double,fixed_face_reference_derivative_passed,True,True,==,audit.precision.derivative_passed,pass
baseline,guarded-log,first-stage-double,precision_projected_kkt,2.343692362e-119,1e-10,<=,audit.precision.projected_kkt,pass
baseline,guarded-log,first-stage-double,precision_b_gradient_inf,1.170429823509842e-17,1e-12,<=,audit.precision.b_gradient,pass
baseline,guarded-log,first-stage-double,direction_0_estimated_relative_error,2.7603215351370832e-11,1e-07,<=,audit.ladders.0.estimated_relative_error,pass
baseline,guarded-log,first-stage-double,direction_0_first_relative_error,1.223499189043978e-11,1e-06,<=,audit.ladders.0.first_relative_error,pass
baseline,guarded-log,first-stage-double,direction_0_second_relative_error,4.8372762999433366e-12,1e-06,<=,audit.ladders.0.second_relative_error,pass
baseline,guarded-log,first-stage-double,direction_1_estimated_relative_error,2.49480784041867e-11,1e-07,<=,audit.ladders.1.estimated_relative_error,pass
baseline,guarded-log,first-stage-double,direction_1_first_relative_error,8.806661378539146e-12,1e-06,<=,audit.ladders.1.first_relative_error,pass
baseline,guarded-log,first-stage-double,direction_1_second_relative_error,5.185160548188694e-12,1e-06,<=,audit.ladders.1.second_relative_error,pass
baseline,guarded-log,first-stage-double,direction_2_estimated_relative_error,5.533298912121524e-11,1e-07,<=,audit.ladders.2.estimated_relative_error,pass
baseline,guarded-log,first-stage-double,direction_2_first_relative_error,1.053951228675326e-11,1e-06,<=,audit.ladders.2.first_relative_error,pass
baseline,guarded-log,first-stage-double,direction_2_second_relative_error,1.3854728503582158e-11,1e-06,<=,audit.ladders.2.second_relative_error,pass
baseline,guarded-log,narrower-double,primary_feasible,True,True,==,fit.primary.feasible,pass
baseline,guarded-log,narrower-double,primary_projected_kkt,1.3877787807814457e-16,1e-10,<=,fit.primary.projected_kkt,pass
baseline,guarded-log,narrower-double,primary_b_gradient_inf,3.8280543649552687e-17,1e-12,<=,fit.primary.b_gradient_inf,pass
baseline,guarded-log,narrower-double,reference_feasible,True,True,==,fit.reference.feasible,pass
baseline,guarded-log,narrower-double,reference_projected_kkt,2.130240428499519e-15,1e-10,<=,fit.reference.projected_kkt,pass
baseline,guarded-log,narrower-double,reference_b_gradient_inf,2.7467139125831147e-16,1e-12,<=,fit.reference.b_gradient_inf,pass
baseline,guarded-log,narrower-double,coefficient_agreement,5.7097184123579205e-15,1e-10,<=,fit.scaled_reference_difference,pass
baseline,guarded-log,narrower-double,design_spectrum_rank,24,24,==,fit.design_spectrum.rank,pass
baseline,guarded-log,narrower-double,width_spectrum_rank,12,12,==,fit.width_spectrum.rank,pass
baseline,guarded-log,narrower-double,profile_jacobian_spectrum_rank,12,12,==,fit.profile_jacobian_spectrum.rank,pass
baseline,guarded-log,narrower-double,legacy_local_correction,1.3434917228748909e-16,1e-10,<=,fit.local_correction_inf,pass
baseline,guarded-log,wider-double,primary_feasible,True,True,==,fit.primary.feasible,pass
baseline,guarded-log,wider-double,primary_projected_kkt,1.1796119636642288e-16,1e-10,<=,fit.primary.projected_kkt,pass
baseline,guarded-log,wider-double,primary_b_gradient_inf,4.0217285447148214e-17,1e-12,<=,fit.primary.b_gradient_inf,pass
baseline,guarded-log,wider-double,reference_feasible,True,True,==,fit.reference.feasible,pass
baseline,guarded-log,wider-double,reference_projected_kkt,1.457167719820518e-15,1e-10,<=,fit.reference.projected_kkt,pass
baseline,guarded-log,wider-double,reference_b_gradient_inf,1.6828480209936066e-16,1e-12,<=,fit.reference.b_gradient_inf,pass
baseline,guarded-log,wider-double,coefficient_agreement,3.2381504884900274e-15,1e-10,<=,fit.scaled_reference_difference,pass
baseline,guarded-log,wider-double,design_spectrum_rank,24,24,==,fit.design_spectrum.rank,pass
baseline,guarded-log,wider-double,width_spectrum_rank,12,12,==,fit.width_spectrum.rank,pass
baseline,guarded-log,wider-double,profile_jacobian_spectrum_rank,12,12,==,fit.profile_jacobian_spectrum.rank,pass
baseline,guarded-log,wider-double,legacy_local_correction,1.8411947164720588e-16,1e-10,<=,fit.local_correction_inf,pass
baseline,guarded-log,mixed-double,primary_feasible,True,True,==,fit.primary.feasible,pass
baseline,guarded-log,mixed-double,primary_projected_kkt,1.249000902703301e-16,1e-10,<=,fit.primary.projected_kkt,pass
baseline,guarded-log,mixed-double,primary_b_gradient_inf,8.596386915416346e-17,1e-12,<=,fit.primary.b_gradient_inf,pass
baseline,guarded-log,mixed-double,reference_feasible,True,True,==,fit.reference.feasible,pass
baseline,guarded-log,mixed-double,reference_projected_kkt,1.366962099069724e-15,1e-10,<=,fit.reference.projected_kkt,pass
baseline,guarded-log,mixed-double,reference_b_gradient_inf,2.2293533579023237e-16,1e-12,<=,fit.reference.b_gradient_inf,pass
baseline,guarded-log,mixed-double,coefficient_agreement,3.8064789415719486e-15,1e-10,<=,fit.scaled_reference_difference,pass
baseline,guarded-log,mixed-double,design_spectrum_rank,24,24,==,fit.design_spectrum.rank,pass
baseline,guarded-log,mixed-double,width_spectrum_rank,12,12,==,fit.width_spectrum.rank,pass
baseline,guarded-log,mixed-double,profile_jacobian_spectrum_rank,12,12,==,fit.profile_jacobian_spectrum.rank,pass
baseline,guarded-log,mixed-double,legacy_local_correction,9.511188815262207e-17,1e-10,<=,fit.local_correction_inf,pass
baseline,guarded-log,first-stage-float32,primary_feasible,True,True,==,fit.primary.feasible,pass
baseline,guarded-log,first-stage-float32,primary_projected_kkt,2.220446049250313e-16,1e-10,<=,fit.primary.projected_kkt,pass
baseline,guarded-log,first-stage-float32,primary_b_gradient_inf,7.372640445145439e-17,1e-12,<=,fit.primary.b_gradient_inf,pass
baseline,guarded-log,first-stage-float32,reference_feasible,True,True,==,fit.reference.feasible,pass
baseline,guarded-log,first-stage-float32,reference_projected_kkt,9.298117831235686e-16,1e-10,<=,fit.reference.projected_kkt,pass
baseline,guarded-log,first-stage-float32,reference_b_gradient_inf,2.1198118939816439e-16,1e-12,<=,fit.reference.b_gradient_inf,pass
baseline,guarded-log,first-stage-float32,coefficient_agreement,3.806478955808953e-15,1e-10,<=,fit.scaled_reference_difference,pass
baseline,guarded-log,first-stage-float32,design_spectrum_rank,24,24,==,fit.design_spectrum.rank,pass
baseline,guarded-log,first-stage-float32,width_spectrum_rank,12,12,==,fit.width_spectrum.rank,pass
baseline,guarded-log,first-stage-float32,profile_jacobian_spectrum_rank,12,12,==,fit.profile_jacobian_spectrum.rank,pass
baseline,guarded-log,first-stage-float32,legacy_local_correction,1.5313193841796367e-16,1e-10,<=,fit.local_correction_inf,pass
baseline,guarded-log,first-stage-float32,precision_local_correction,2.234744431012676e-16,1e-10,<=,audit.precision.local_correction_inf,pass
baseline,guarded-log,first-stage-float32,fixed_face_reference_valid50,True,True,==,audit.precision.valid50,pass
baseline,guarded-log,first-stage-float32,fixed_face_reference_valid100,True,True,==,audit.precision.valid100,pass
baseline,guarded-log,first-stage-float32,fixed_face_reference_agreement_passed,True,True,==,audit.precision.agreement_passed,pass
baseline,guarded-log,first-stage-float32,fixed_face_reference_fixed_face_feasible,True,True,==,audit.precision.fixed_face_feasible,pass
baseline,guarded-log,first-stage-float32,fixed_face_reference_derivative_passed,True,True,==,audit.precision.derivative_passed,pass
baseline,guarded-log,first-stage-float32,precision_projected_kkt,2.334959345e-119,1e-10,<=,audit.precision.projected_kkt,pass
baseline,guarded-log,first-stage-float32,precision_b_gradient_inf,7.565269669832047e-18,1e-12,<=,audit.precision.b_gradient,pass
baseline,guarded-log,first-stage-float32,direction_0_estimated_relative_error,2.5822397682291972e-11,1e-07,<=,audit.ladders.0.estimated_relative_error,pass
baseline,guarded-log,first-stage-float32,direction_0_first_relative_error,1.1950219757314185e-11,1e-06,<=,audit.ladders.0.first_relative_error,pass
baseline,guarded-log,first-stage-float32,direction_0_second_relative_error,5.631845568132383e-12,1e-06,<=,audit.ladders.0.second_relative_error,pass
baseline,guarded-log,first-stage-float32,direction_1_estimated_relative_error,2.4355887052601305e-11,1e-07,<=,audit.ladders.1.estimated_relative_error,pass
baseline,guarded-log,first-stage-float32,direction_1_first_relative_error,9.590286691365921e-12,1e-06,<=,audit.ladders.1.first_relative_error,pass
baseline,guarded-log,first-stage-float32,direction_1_second_relative_error,4.6713796948340075e-12,1e-06,<=,audit.ladders.1.second_relative_error,pass
baseline,guarded-log,first-stage-float32,direction_2_estimated_relative_error,7.687631422952803e-11,1e-07,<=,audit.ladders.2.estimated_relative_error,pass
baseline,guarded-log,first-stage-float32,direction_2_first_relative_error,5.746256863427757e-11,1e-06,<=,audit.ladders.2.first_relative_error,pass
baseline,guarded-log,first-stage-float32,direction_2_second_relative_error,9.741186751090809e-12,1e-06,<=,audit.ladders.2.second_relative_error,pass
baseline,guarded-log,narrower-float32,primary_feasible,True,True,==,fit.primary.feasible,pass
baseline,guarded-log,narrower-float32,primary_projected_kkt,1.6653345369377348e-16,1e-10,<=,fit.primary.projected_kkt,pass
baseline,guarded-log,narrower-float32,primary_b_gradient_inf,7.075298436996044e-17,1e-12,<=,fit.primary.b_gradient_inf,pass
baseline,guarded-log,narrower-float32,reference_feasible,True,True,==,fit.reference.feasible,pass
baseline,guarded-log,narrower-float32,reference_projected_kkt,9.992007221626409e-16,1e-10,<=,fit.reference.projected_kkt,pass
baseline,guarded-log,narrower-float32,reference_b_gradient_inf,2.1826495032854446e-16,1e-12,<=,fit.reference.b_gradient_inf,pass
baseline,guarded-log,narrower-float32,coefficient_agreement,4.440892115110441e-15,1e-10,<=,fit.scaled_reference_difference,pass
baseline,guarded-log,narrower-float32,design_spectrum_rank,24,24,==,fit.design_spectrum.rank,pass
baseline,guarded-log,narrower-float32,width_spectrum_rank,12,12,==,fit.width_spectrum.rank,pass
baseline,guarded-log,narrower-float32,profile_jacobian_spectrum_rank,12,12,==,fit.profile_jacobian_spectrum.rank,pass
baseline,guarded-log,narrower-float32,legacy_local_correction,1.5754740159042594e-16,1e-10,<=,fit.local_correction_inf,pass
baseline,guarded-log,wider-float32,primary_feasible,True,True,==,fit.primary.feasible,pass
baseline,guarded-log,wider-float32,primary_projected_kkt,2.7755575615628914e-16,1e-10,<=,fit.primary.projected_kkt,pass
baseline,guarded-log,wider-float32,primary_b_gradient_inf,1.2338302286741238e-16,1e-12,<=,fit.primary.b_gradient_inf,pass
baseline,guarded-log,wider-float32,reference_feasible,True,True,==,fit.reference.feasible,pass
baseline,guarded-log,wider-float32,reference_projected_kkt,1.0894063429134349e-15,1e-10,<=,fit.reference.projected_kkt,pass
baseline,guarded-log,wider-float32,reference_b_gradient_inf,1.523064717056877e-16,1e-12,<=,fit.reference.b_gradient_inf,pass
baseline,guarded-log,wider-float32,coefficient_agreement,5.202187906272229e-15,1e-10,<=,fit.scaled_reference_difference,pass
baseline,guarded-log,wider-float32,design_spectrum_rank,24,24,==,fit.design_spectrum.rank,pass
baseline,guarded-log,wider-float32,width_spectrum_rank,12,12,==,fit.width_spectrum.rank,pass
baseline,guarded-log,wider-float32,profile_jacobian_spectrum_rank,12,12,==,fit.profile_jacobian_spectrum.rank,pass
baseline,guarded-log,wider-float32,legacy_local_correction,2.1822473340006422e-16,1e-10,<=,fit.local_correction_inf,pass
baseline,guarded-log,mixed-float32,primary_feasible,True,True,==,fit.primary.feasible,pass
baseline,guarded-log,mixed-float32,primary_projected_kkt,2.220446049250313e-16,1e-10,<=,fit.primary.projected_kkt,pass
baseline,guarded-log,mixed-float32,primary_b_gradient_inf,1.2439522520642753e-16,1e-12,<=,fit.primary.b_gradient_inf,pass
baseline,guarded-log,mixed-float32,reference_feasible,True,True,==,fit.reference.feasible,pass
baseline,guarded-log,mixed-float32,reference_projected_kkt,3.885780586188048e-16,1e-10,<=,fit.reference.projected_kkt,pass
baseline,guarded-log,mixed-float32,reference_b_gradient_inf,1.5927962404207697e-16,1e-12,<=,fit.reference.b_gradient_inf,pass
baseline,guarded-log,mixed-float32,coefficient_agreement,2.283887373485376e-15,1e-10,<=,fit.scaled_reference_difference,pass
baseline,guarded-log,mixed-float32,design_spectrum_rank,24,24,==,fit.design_spectrum.rank,pass
baseline,guarded-log,mixed-float32,width_spectrum_rank,12,12,==,fit.width_spectrum.rank,pass
baseline,guarded-log,mixed-float32,profile_jacobian_spectrum_rank,12,12,==,fit.profile_jacobian_spectrum.rank,pass
baseline,guarded-log,mixed-float32,legacy_local_correction,1.8643302627354284e-16,1e-10,<=,fit.local_correction_inf,pass
weak-1e-2,legacy,first-stage-double,primary_feasible,True,True,==,fit.primary.feasible,pass
weak-1e-2,legacy,first-stage-double,primary_projected_kkt,1.1102230246251565e-16,1e-10,<=,fit.primary.projected_kkt,pass
weak-1e-2,legacy,first-stage-double,primary_b_gradient_inf,5.052518668430258e-17,1e-12,<=,fit.primary.b_gradient_inf,pass
weak-1e-2,legacy,first-stage-double,reference_feasible,True,True,==,fit.reference.feasible,pass
weak-1e-2,legacy,first-stage-double,reference_projected_kkt,1.6653345369377348e-15,1e-10,<=,fit.reference.projected_kkt,pass
weak-1e-2,legacy,first-stage-double,reference_b_gradient_inf,3.9649269748902277e-16,1e-12,<=,fit.reference.b_gradient_inf,pass
weak-1e-2,legacy,first-stage-double,coefficient_agreement,1.2699485069414963e-14,1e-10,<=,fit.scaled_reference_difference,pass
weak-1e-2,legacy,first-stage-double,design_spectrum_rank,24,24,==,fit.design_spectrum.rank,pass
weak-1e-2,legacy,first-stage-double,width_spectrum_rank,12,12,==,fit.width_spectrum.rank,pass
weak-1e-2,legacy,first-stage-double,profile_jacobian_spectrum_rank,12,12,==,fit.profile_jacobian_spectrum.rank,pass
weak-1e-2,legacy,first-stage-double,legacy_local_correction,2.7233258897244106e-15,1e-10,<=,fit.local_correction_inf,pass
weak-1e-2,legacy,narrower-double,primary_feasible,True,True,==,fit.primary.feasible,pass
weak-1e-2,legacy,narrower-double,primary_projected_kkt,1.1102230246251565e-16,1e-10,<=,fit.primary.projected_kkt,pass
weak-1e-2,legacy,narrower-double,primary_b_gradient_inf,5.3381228409646836e-17,1e-12,<=,fit.primary.b_gradient_inf,pass
weak-1e-2,legacy,narrower-double,reference_feasible,True,True,==,fit.reference.feasible,pass
weak-1e-2,legacy,narrower-double,reference_projected_kkt,1.457167719820518e-15,1e-10,<=,fit.reference.projected_kkt,pass
weak-1e-2,legacy,narrower-double,reference_b_gradient_inf,2.55727113341131e-16,1e-12,<=,fit.reference.b_gradient_inf,pass
weak-1e-2,legacy,narrower-double,coefficient_agreement,4.060244204343412e-15,1e-10,<=,fit.scaled_reference_difference,pass
weak-1e-2,legacy,narrower-double,design_spectrum_rank,24,24,==,fit.design_spectrum.rank,pass
weak-1e-2,legacy,narrower-double,width_spectrum_rank,12,12,==,fit.width_spectrum.rank,pass
weak-1e-2,legacy,narrower-double,profile_jacobian_spectrum_rank,12,12,==,fit.profile_jacobian_spectrum.rank,pass
weak-1e-2,legacy,narrower-double,legacy_local_correction,2.5278736707133787e-15,1e-10,<=,fit.local_correction_inf,pass
weak-1e-2,legacy,wider-double,primary_feasible,True,True,==,fit.primary.feasible,pass
weak-1e-2,legacy,wider-double,primary_projected_kkt,1.942890293094024e-16,1e-10,<=,fit.primary.projected_kkt,pass
weak-1e-2,legacy,wider-double,primary_b_gradient_inf,7.842745383336303e-17,1e-12,<=,fit.primary.b_gradient_inf,pass
weak-1e-2,legacy,wider-double,reference_feasible,True,True,==,fit.reference.feasible,pass
weak-1e-2,legacy,wider-double,reference_projected_kkt,1.4988010832439613e-15,1e-10,<=,fit.reference.projected_kkt,pass
weak-1e-2,legacy,wider-double,reference_b_gradient_inf,1.379561861181787e-16,1e-12,<=,fit.reference.b_gradient_inf,pass
weak-1e-2,legacy,wider-double,coefficient_agreement,1.6594430232457135e-14,1e-10,<=,fit.scaled_reference_difference,pass
weak-1e-2,legacy,wider-double,design_spectrum_rank,24,24,==,fit.design_spectrum.rank,pass
weak-1e-2,legacy,wider-double,width_spectrum_rank,12,12,==,fit.width_spectrum.rank,pass
weak-1e-2,legacy,wider-double,profile_jacobian_spectrum_rank,12,12,==,fit.profile_jacobian_spectrum.rank,pass
weak-1e-2,legacy,wider-double,legacy_local_correction,1.9066030075804545e-15,1e-10,<=,fit.local_correction_inf,pass
weak-1e-2,legacy,mixed-double,primary_feasible,True,True,==,fit.primary.feasible,pass
weak-1e-2,legacy,mixed-double,primary_projected_kkt,1.3877787807814457e-16,1e-10,<=,fit.primary.projected_kkt,pass
weak-1e-2,legacy,mixed-double,primary_b_gradient_inf,6.130401469968047e-17,1e-12,<=,fit.primary.b_gradient_inf,pass
weak-1e-2,legacy,mixed-double,reference_feasible,True,True,==,fit.reference.feasible,pass
weak-1e-2,legacy,mixed-double,reference_projected_kkt,1.734723475976807e-15,1e-10,<=,fit.reference.projected_kkt,pass
weak-1e-2,legacy,mixed-double,reference_b_gradient_inf,3.006406302251371e-16,1e-12,<=,fit.reference.b_gradient_inf,pass
weak-1e-2,legacy,mixed-double,coefficient_agreement,5.1527712138273804e-15,1e-10,<=,fit.scaled_reference_difference,pass
weak-1e-2,legacy,mixed-double,design_spectrum_rank,24,24,==,fit.design_spectrum.rank,pass
weak-1e-2,legacy,mixed-double,width_spectrum_rank,12,12,==,fit.width_spectrum.rank,pass
weak-1e-2,legacy,mixed-double,profile_jacobian_spectrum_rank,12,12,==,fit.profile_jacobian_spectrum.rank,pass
weak-1e-2,legacy,mixed-double,legacy_local_correction,1.4336474828356804e-15,1e-10,<=,fit.local_correction_inf,pass
weak-1e-2,legacy,first-stage-float32,primary_feasible,True,True,==,fit.primary.feasible,pass
weak-1e-2,legacy,first-stage-float32,primary_projected_kkt,1.249000902703301e-16,1e-10,<=,fit.primary.projected_kkt,pass
weak-1e-2,legacy,first-stage-float32,primary_b_gradient_inf,5.84988749552321e-17,1e-12,<=,fit.primary.b_gradient_inf,pass
weak-1e-2,legacy,first-stage-float32,reference_feasible,True,True,==,fit.reference.feasible,pass
weak-1e-2,legacy,first-stage-float32,reference_projected_kkt,1.4710455076283324e-15,1e-10,<=,fit.reference.projected_kkt,pass
weak-1e-2,legacy,first-stage-float32,reference_b_gradient_inf,4.2744576731869176e-16,1e-12,<=,fit.reference.b_gradient_inf,pass
weak-1e-2,legacy,first-stage-float32,coefficient_agreement,1.0946591689888288e-14,1e-10,<=,fit.scaled_reference_difference,pass
weak-1e-2,legacy,first-stage-float32,design_spectrum_rank,24,24,==,fit.design_spectrum.rank,pass
weak-1e-2,legacy,first-stage-float32,width_spectrum_rank,12,12,==,fit.width_spectrum.rank,pass
weak-1e-2,legacy,first-stage-float32,profile_jacobian_spectrum_rank,12,12,==,fit.profile_jacobian_spectrum.rank,pass
weak-1e-2,legacy,first-stage-float32,legacy_local_correction,1.2987718960966264e-14,1e-10,<=,fit.local_correction_inf,pass
weak-1e-2,legacy,narrower-float32,primary_feasible,True,True,==,fit.primary.feasible,pass
weak-1e-2,legacy,narrower-float32,primary_projected_kkt,1.6653345369377348e-16,1e-10,<=,fit.primary.projected_kkt,pass
weak-1e-2,legacy,narrower-float32,primary_b_gradient_inf,4.718319394864626e-17,1e-12,<=,fit.primary.b_gradient_inf,pass
weak-1e-2,legacy,narrower-float32,reference_feasible,True,True,==,fit.reference.feasible,pass
weak-1e-2,legacy,narrower-float32,reference_projected_kkt,8.881784197001252e-16,1e-10,<=,fit.reference.projected_kkt,pass
weak-1e-2,legacy,narrower-float32,reference_b_gradient_inf,3.3903007495727534e-16,1e-12,<=,fit.reference.b_gradient_inf,pass
weak-1e-2,legacy,narrower-float32,coefficient_agreement,5.875362601326345e-15,1e-10,<=,fit.scaled_reference_difference,pass
weak-1e-2,legacy,narrower-float32,design_spectrum_rank,24,24,==,fit.design_spectrum.rank,pass
weak-1e-2,legacy,narrower-float32,width_spectrum_rank,12,12,==,fit.width_spectrum.rank,pass
weak-1e-2,legacy,narrower-float32,profile_jacobian_spectrum_rank,12,12,==,fit.profile_jacobian_spectrum.rank,pass
weak-1e-2,legacy,narrower-float32,legacy_local_correction,2.1498160839655172e-15,1e-10,<=,fit.local_correction_inf,pass
weak-1e-2,legacy,wider-float32,primary_feasible,True,True,==,fit.primary.feasible,pass
weak-1e-2,legacy,wider-float32,primary_projected_kkt,1.6653345369377348e-16,1e-10,<=,fit.primary.projected_kkt,pass
weak-1e-2,legacy,wider-float32,primary_b_gradient_inf,1.0015159295098694e-16,1e-12,<=,fit.primary.b_gradient_inf,pass
weak-1e-2,legacy,wider-float32,reference_feasible,True,True,==,fit.reference.feasible,pass
weak-1e-2,legacy,wider-float32,reference_projected_kkt,9.43689570931383e-16,1e-10,<=,fit.reference.projected_kkt,pass
weak-1e-2,legacy,wider-float32,reference_b_gradient_inf,3.7458639407989196e-16,1e-12,<=,fit.reference.b_gradient_inf,pass
weak-1e-2,legacy,wider-float32,coefficient_agreement,8.840664748004633e-15,1e-10,<=,fit.scaled_reference_difference,pass
weak-1e-2,legacy,wider-float32,design_spectrum_rank,24,24,==,fit.design_spectrum.rank,pass
weak-1e-2,legacy,wider-float32,width_spectrum_rank,12,12,==,fit.width_spectrum.rank,pass
weak-1e-2,legacy,wider-float32,profile_jacobian_spectrum_rank,12,12,==,fit.profile_jacobian_spectrum.rank,pass
weak-1e-2,legacy,wider-float32,legacy_local_correction,2.0564892118186527e-15,1e-10,<=,fit.local_correction_inf,pass
weak-1e-2,legacy,mixed-float32,primary_feasible,True,True,==,fit.primary.feasible,pass
weak-1e-2,legacy,mixed-float32,primary_projected_kkt,1.1102230246251565e-16,1e-10,<=,fit.primary.projected_kkt,pass
weak-1e-2,legacy,mixed-float32,primary_b_gradient_inf,7.466655731520129e-17,1e-12,<=,fit.primary.b_gradient_inf,pass
weak-1e-2,legacy,mixed-float32,reference_feasible,True,True,==,fit.reference.feasible,pass
weak-1e-2,legacy,mixed-float32,reference_projected_kkt,1.1102230246251565e-15,1e-10,<=,fit.reference.projected_kkt,pass
weak-1e-2,legacy,mixed-float32,reference_b_gradient_inf,3.1893598336923325e-16,1e-12,<=,fit.reference.b_gradient_inf,pass
weak-1e-2,legacy,mixed-float32,coefficient_agreement,1.4224732377966763e-14,1e-10,<=,fit.scaled_reference_difference,pass
weak-1e-2,legacy,mixed-float32,design_spectrum_rank,24,24,==,fit.design_spectrum.rank,pass
weak-1e-2,legacy,mixed-float32,width_spectrum_rank,12,12,==,fit.width_spectrum.rank,pass
weak-1e-2,legacy,mixed-float32,profile_jacobian_spectrum_rank,12,12,==,fit.profile_jacobian_spectrum.rank,pass
weak-1e-2,legacy,mixed-float32,legacy_local_correction,4.695687099229287e-15,1e-10,<=,fit.local_correction_inf,pass
weak-1e-2,guarded,first-stage-double,primary_feasible,True,True,==,fit.primary.feasible,pass
weak-1e-2,guarded,first-stage-double,primary_projected_kkt,1.1102230246251565e-16,1e-10,<=,fit.primary.projected_kkt,pass
weak-1e-2,guarded,first-stage-double,primary_b_gradient_inf,5.052518668430258e-17,1e-12,<=,fit.primary.b_gradient_inf,pass
weak-1e-2,guarded,first-stage-double,reference_feasible,True,True,==,fit.reference.feasible,pass
weak-1e-2,guarded,first-stage-double,reference_projected_kkt,1.6653345369377348e-15,1e-10,<=,fit.reference.projected_kkt,pass
weak-1e-2,guarded,first-stage-double,reference_b_gradient_inf,3.9649269748902277e-16,1e-12,<=,fit.reference.b_gradient_inf,pass
weak-1e-2,guarded,first-stage-double,coefficient_agreement,1.2699485069414963e-14,1e-10,<=,fit.scaled_reference_difference,pass
weak-1e-2,guarded,first-stage-double,design_spectrum_rank,24,24,==,fit.design_spectrum.rank,pass
weak-1e-2,guarded,first-stage-double,width_spectrum_rank,12,12,==,fit.width_spectrum.rank,pass
weak-1e-2,guarded,first-stage-double,profile_jacobian_spectrum_rank,12,12,==,fit.profile_jacobian_spectrum.rank,pass
weak-1e-2,guarded,first-stage-double,legacy_local_correction,2.7233258897244106e-15,1e-10,<=,fit.local_correction_inf,pass
weak-1e-2,guarded,narrower-double,primary_feasible,True,True,==,fit.primary.feasible,pass
weak-1e-2,guarded,narrower-double,primary_projected_kkt,1.1102230246251565e-16,1e-10,<=,fit.primary.projected_kkt,pass
weak-1e-2,guarded,narrower-double,primary_b_gradient_inf,5.3381228409646836e-17,1e-12,<=,fit.primary.b_gradient_inf,pass
weak-1e-2,guarded,narrower-double,reference_feasible,True,True,==,fit.reference.feasible,pass
weak-1e-2,guarded,narrower-double,reference_projected_kkt,1.457167719820518e-15,1e-10,<=,fit.reference.projected_kkt,pass
weak-1e-2,guarded,narrower-double,reference_b_gradient_inf,2.55727113341131e-16,1e-12,<=,fit.reference.b_gradient_inf,pass
weak-1e-2,guarded,narrower-double,coefficient_agreement,4.060244204343412e-15,1e-10,<=,fit.scaled_reference_difference,pass
weak-1e-2,guarded,narrower-double,design_spectrum_rank,24,24,==,fit.design_spectrum.rank,pass
weak-1e-2,guarded,narrower-double,width_spectrum_rank,12,12,==,fit.width_spectrum.rank,pass
weak-1e-2,guarded,narrower-double,profile_jacobian_spectrum_rank,12,12,==,fit.profile_jacobian_spectrum.rank,pass
weak-1e-2,guarded,narrower-double,legacy_local_correction,2.5278736707133787e-15,1e-10,<=,fit.local_correction_inf,pass
weak-1e-2,guarded,wider-double,primary_feasible,True,True,==,fit.primary.feasible,pass
weak-1e-2,guarded,wider-double,primary_projected_kkt,1.942890293094024e-16,1e-10,<=,fit.primary.projected_kkt,pass
weak-1e-2,guarded,wider-double,primary_b_gradient_inf,7.842745383336303e-17,1e-12,<=,fit.primary.b_gradient_inf,pass
weak-1e-2,guarded,wider-double,reference_feasible,True,True,==,fit.reference.feasible,pass
weak-1e-2,guarded,wider-double,reference_projected_kkt,1.4988010832439613e-15,1e-10,<=,fit.reference.projected_kkt,pass
weak-1e-2,guarded,wider-double,reference_b_gradient_inf,1.379561861181787e-16,1e-12,<=,fit.reference.b_gradient_inf,pass
weak-1e-2,guarded,wider-double,coefficient_agreement,1.6594430232457135e-14,1e-10,<=,fit.scaled_reference_difference,pass
weak-1e-2,guarded,wider-double,design_spectrum_rank,24,24,==,fit.design_spectrum.rank,pass
weak-1e-2,guarded,wider-double,width_spectrum_rank,12,12,==,fit.width_spectrum.rank,pass
weak-1e-2,guarded,wider-double,profile_jacobian_spectrum_rank,12,12,==,fit.profile_jacobian_spectrum.rank,pass
weak-1e-2,guarded,wider-double,legacy_local_correction,1.9066030075804545e-15,1e-10,<=,fit.local_correction_inf,pass
weak-1e-2,guarded,mixed-double,primary_feasible,True,True,==,fit.primary.feasible,pass
weak-1e-2,guarded,mixed-double,primary_projected_kkt,1.3877787807814457e-16,1e-10,<=,fit.primary.projected_kkt,pass
weak-1e-2,guarded,mixed-double,primary_b_gradient_inf,6.130401469968047e-17,1e-12,<=,fit.primary.b_gradient_inf,pass
weak-1e-2,guarded,mixed-double,reference_feasible,True,True,==,fit.reference.feasible,pass
weak-1e-2,guarded,mixed-double,reference_projected_kkt,1.734723475976807e-15,1e-10,<=,fit.reference.projected_kkt,pass
weak-1e-2,guarded,mixed-double,reference_b_gradient_inf,3.006406302251371e-16,1e-12,<=,fit.reference.b_gradient_inf,pass
weak-1e-2,guarded,mixed-double,coefficient_agreement,5.1527712138273804e-15,1e-10,<=,fit.scaled_reference_difference,pass
weak-1e-2,guarded,mixed-double,design_spectrum_rank,24,24,==,fit.design_spectrum.rank,pass
weak-1e-2,guarded,mixed-double,width_spectrum_rank,12,12,==,fit.width_spectrum.rank,pass
weak-1e-2,guarded,mixed-double,profile_jacobian_spectrum_rank,12,12,==,fit.profile_jacobian_spectrum.rank,pass
weak-1e-2,guarded,mixed-double,legacy_local_correction,1.4336474828356804e-15,1e-10,<=,fit.local_correction_inf,pass
weak-1e-2,guarded,first-stage-float32,primary_feasible,True,True,==,fit.primary.feasible,pass
weak-1e-2,guarded,first-stage-float32,primary_projected_kkt,1.249000902703301e-16,1e-10,<=,fit.primary.projected_kkt,pass
weak-1e-2,guarded,first-stage-float32,primary_b_gradient_inf,5.84988749552321e-17,1e-12,<=,fit.primary.b_gradient_inf,pass
weak-1e-2,guarded,first-stage-float32,reference_feasible,True,True,==,fit.reference.feasible,pass
weak-1e-2,guarded,first-stage-float32,reference_projected_kkt,1.4710455076283324e-15,1e-10,<=,fit.reference.projected_kkt,pass
weak-1e-2,guarded,first-stage-float32,reference_b_gradient_inf,4.2744576731869176e-16,1e-12,<=,fit.reference.b_gradient_inf,pass
weak-1e-2,guarded,first-stage-float32,coefficient_agreement,1.0946591689888288e-14,1e-10,<=,fit.scaled_reference_difference,pass
weak-1e-2,guarded,first-stage-float32,design_spectrum_rank,24,24,==,fit.design_spectrum.rank,pass
weak-1e-2,guarded,first-stage-float32,width_spectrum_rank,12,12,==,fit.width_spectrum.rank,pass
weak-1e-2,guarded,first-stage-float32,profile_jacobian_spectrum_rank,12,12,==,fit.profile_jacobian_spectrum.rank,pass
weak-1e-2,guarded,first-stage-float32,legacy_local_correction,1.2987718960966264e-14,1e-10,<=,fit.local_correction_inf,pass
weak-1e-2,guarded,narrower-float32,primary_feasible,True,True,==,fit.primary.feasible,pass
weak-1e-2,guarded,narrower-float32,primary_projected_kkt,1.6653345369377348e-16,1e-10,<=,fit.primary.projected_kkt,pass
weak-1e-2,guarded,narrower-float32,primary_b_gradient_inf,4.718319394864626e-17,1e-12,<=,fit.primary.b_gradient_inf,pass
weak-1e-2,guarded,narrower-float32,reference_feasible,True,True,==,fit.reference.feasible,pass
weak-1e-2,guarded,narrower-float32,reference_projected_kkt,8.881784197001252e-16,1e-10,<=,fit.reference.projected_kkt,pass
weak-1e-2,guarded,narrower-float32,reference_b_gradient_inf,3.3903007495727534e-16,1e-12,<=,fit.reference.b_gradient_inf,pass
weak-1e-2,guarded,narrower-float32,coefficient_agreement,5.875362601326345e-15,1e-10,<=,fit.scaled_reference_difference,pass
weak-1e-2,guarded,narrower-float32,design_spectrum_rank,24,24,==,fit.design_spectrum.rank,pass
weak-1e-2,guarded,narrower-float32,width_spectrum_rank,12,12,==,fit.width_spectrum.rank,pass
weak-1e-2,guarded,narrower-float32,profile_jacobian_spectrum_rank,12,12,==,fit.profile_jacobian_spectrum.rank,pass
weak-1e-2,guarded,narrower-float32,legacy_local_correction,2.1498160839655172e-15,1e-10,<=,fit.local_correction_inf,pass
weak-1e-2,guarded,wider-float32,primary_feasible,True,True,==,fit.primary.feasible,pass
weak-1e-2,guarded,wider-float32,primary_projected_kkt,1.6653345369377348e-16,1e-10,<=,fit.primary.projected_kkt,pass
weak-1e-2,guarded,wider-float32,primary_b_gradient_inf,1.0015159295098694e-16,1e-12,<=,fit.primary.b_gradient_inf,pass
weak-1e-2,guarded,wider-float32,reference_feasible,True,True,==,fit.reference.feasible,pass
weak-1e-2,guarded,wider-float32,reference_projected_kkt,9.43689570931383e-16,1e-10,<=,fit.reference.projected_kkt,pass
weak-1e-2,guarded,wider-float32,reference_b_gradient_inf,3.7458639407989196e-16,1e-12,<=,fit.reference.b_gradient_inf,pass
weak-1e-2,guarded,wider-float32,coefficient_agreement,8.840664748004633e-15,1e-10,<=,fit.scaled_reference_difference,pass
weak-1e-2,guarded,wider-float32,design_spectrum_rank,24,24,==,fit.design_spectrum.rank,pass
weak-1e-2,guarded,wider-float32,width_spectrum_rank,12,12,==,fit.width_spectrum.rank,pass
weak-1e-2,guarded,wider-float32,profile_jacobian_spectrum_rank,12,12,==,fit.profile_jacobian_spectrum.rank,pass
weak-1e-2,guarded,wider-float32,legacy_local_correction,2.0564892118186527e-15,1e-10,<=,fit.local_correction_inf,pass
weak-1e-2,guarded,mixed-float32,primary_feasible,True,True,==,fit.primary.feasible,pass
weak-1e-2,guarded,mixed-float32,primary_projected_kkt,1.1102230246251565e-16,1e-10,<=,fit.primary.projected_kkt,pass
weak-1e-2,guarded,mixed-float32,primary_b_gradient_inf,7.466655731520129e-17,1e-12,<=,fit.primary.b_gradient_inf,pass
weak-1e-2,guarded,mixed-float32,reference_feasible,True,True,==,fit.reference.feasible,pass
weak-1e-2,guarded,mixed-float32,reference_projected_kkt,1.1102230246251565e-15,1e-10,<=,fit.reference.projected_kkt,pass
weak-1e-2,guarded,mixed-float32,reference_b_gradient_inf,3.1893598336923325e-16,1e-12,<=,fit.reference.b_gradient_inf,pass
weak-1e-2,guarded,mixed-float32,coefficient_agreement,1.4224732377966763e-14,1e-10,<=,fit.scaled_reference_difference,pass
weak-1e-2,guarded,mixed-float32,design_spectrum_rank,24,24,==,fit.design_spectrum.rank,pass
weak-1e-2,guarded,mixed-float32,width_spectrum_rank,12,12,==,fit.width_spectrum.rank,pass
weak-1e-2,guarded,mixed-float32,profile_jacobian_spectrum_rank,12,12,==,fit.profile_jacobian_spectrum.rank,pass
weak-1e-2,guarded,mixed-float32,legacy_local_correction,4.695687099229287e-15,1e-10,<=,fit.local_correction_inf,pass
weak-1e-2,guarded-log,first-stage-double,primary_feasible,True,True,==,fit.primary.feasible,pass
weak-1e-2,guarded-log,first-stage-double,primary_projected_kkt,1.1102230246251565e-16,1e-10,<=,fit.primary.projected_kkt,pass
weak-1e-2,guarded-log,first-stage-double,primary_b_gradient_inf,4.541436673192961e-17,1e-12,<=,fit.primary.b_gradient_inf,pass
weak-1e-2,guarded-log,first-stage-double,reference_feasible,True,True,==,fit.reference.feasible,pass
weak-1e-2,guarded-log,first-stage-double,reference_projected_kkt,1.6237011735142914e-15,1e-10,<=,fit.reference.projected_kkt,pass
weak-1e-2,guarded-log,first-stage-double,reference_b_gradient_inf,2.917593936358255e-16,1e-12,<=,fit.reference.b_gradient_inf,pass
weak-1e-2,guarded-log,first-stage-double,coefficient_agreement,3.933361572957679e-15,1e-10,<=,fit.scaled_reference_difference,pass
weak-1e-2,guarded-log,first-stage-double,design_spectrum_rank,24,24,==,fit.design_spectrum.rank,pass
weak-1e-2,guarded-log,first-stage-double,width_spectrum_rank,12,12,==,fit.width_spectrum.rank,pass
weak-1e-2,guarded-log,first-stage-double,profile_jacobian_spectrum_rank,12,12,==,fit.profile_jacobian_spectrum.rank,pass
weak-1e-2,guarded-log,first-stage-double,legacy_local_correction,2.9840468464058572e-15,1e-10,<=,fit.local_correction_inf,pass
weak-1e-2,guarded-log,narrower-double,primary_feasible,True,True,==,fit.primary.feasible,pass
weak-1e-2,guarded-log,narrower-double,primary_projected_kkt,1.3877787807814457e-16,1e-10,<=,fit.primary.projected_kkt,pass
weak-1e-2,guarded-log,narrower-double,primary_b_gradient_inf,5.1132735676722176e-17,1e-12,<=,fit.primary.b_gradient_inf,pass
weak-1e-2,guarded-log,narrower-double,reference_feasible,True,True,==,fit.reference.feasible,pass
weak-1e-2,guarded-log,narrower-double,reference_projected_kkt,2.040034807748725e-15,1e-10,<=,fit.reference.projected_kkt,pass
weak-1e-2,guarded-log,narrower-double,reference_b_gradient_inf,2.6660097527294977e-16,1e-12,<=,fit.reference.b_gradient_inf,pass
weak-1e-2,guarded-log,narrower-double,coefficient_agreement,7.318569230724762e-15,1e-10,<=,fit.scaled_reference_difference,pass
weak-1e-2,guarded-log,narrower-double,design_spectrum_rank,24,24,==,fit.design_spectrum.rank,pass
weak-1e-2,guarded-log,narrower-double,width_spectrum_rank,12,12,==,fit.width_spectrum.rank,pass
weak-1e-2,guarded-log,narrower-double,profile_jacobian_spectrum_rank,12,12,==,fit.profile_jacobian_spectrum.rank,pass
weak-1e-2,guarded-log,narrower-double,legacy_local_correction,3.3217790266933628e-15,1e-10,<=,fit.local_correction_inf,pass
weak-1e-2,guarded-log,wider-double,primary_feasible,True,True,==,fit.primary.feasible,pass
weak-1e-2,guarded-log,wider-double,primary_projected_kkt,1.942890293094024e-16,1e-10,<=,fit.primary.projected_kkt,pass
weak-1e-2,guarded-log,wider-double,primary_b_gradient_inf,6.620407593867486e-17,1e-12,<=,fit.primary.b_gradient_inf,pass
weak-1e-2,guarded-log,wider-double,reference_feasible,True,True,==,fit.reference.feasible,pass
weak-1e-2,guarded-log,wider-double,reference_projected_kkt,1.429412144204889e-15,1e-10,<=,fit.reference.projected_kkt,pass
weak-1e-2,guarded-log,wider-double,reference_b_gradient_inf,2.0621055967908833e-16,1e-12,<=,fit.reference.b_gradient_inf,pass
weak-1e-2,guarded-log,wider-double,coefficient_agreement,1.0552355634998562e-14,1e-10,<=,fit.scaled_reference_difference,pass
weak-1e-2,guarded-log,wider-double,design_spectrum_rank,24,24,==,fit.design_spectrum.rank,pass
weak-1e-2,guarded-log,wider-double,width_spectrum_rank,12,12,==,fit.width_spectrum.rank,pass
weak-1e-2,guarded-log,wider-double,profile_jacobian_spectrum_rank,12,12,==,fit.profile_jacobian_spectrum.rank,pass
weak-1e-2,guarded-log,wider-double,legacy_local_correction,1.4608665269509024e-15,1e-10,<=,fit.local_correction_inf,pass
weak-1e-2,guarded-log,mixed-double,primary_feasible,True,True,==,fit.primary.feasible,pass
weak-1e-2,guarded-log,mixed-double,primary_projected_kkt,1.3877787807814457e-16,1e-10,<=,fit.primary.projected_kkt,pass
weak-1e-2,guarded-log,mixed-double,primary_b_gradient_inf,4.8709930935417864e-17,1e-12,<=,fit.primary.b_gradient_inf,pass
weak-1e-2,guarded-log,mixed-double,reference_feasible,True,True,==,fit.reference.feasible,pass
weak-1e-2,guarded-log,mixed-double,reference_projected_kkt,1.7486012637846216e-15,1e-10,<=,fit.reference.projected_kkt,pass
weak-1e-2,guarded-log,mixed-double,reference_b_gradient_inf,2.299688526087124e-16,1e-12,<=,fit.reference.b_gradient_inf,pass
weak-1e-2,guarded-log,mixed-double,coefficient_agreement,5.165621017353134e-15,1e-10,<=,fit.scaled_reference_difference,pass
weak-1e-2,guarded-log,mixed-double,design_spectrum_rank,24,24,==,fit.design_spectrum.rank,pass
weak-1e-2,guarded-log,mixed-double,width_spectrum_rank,12,12,==,fit.width_spectrum.rank,pass
weak-1e-2,guarded-log,mixed-double,profile_jacobian_spectrum_rank,12,12,==,fit.profile_jacobian_spectrum.rank,pass
weak-1e-2,guarded-log,mixed-double,legacy_local_correction,1.5138601052353343e-15,1e-10,<=,fit.local_correction_inf,pass
weak-1e-2,guarded-log,first-stage-float32,primary_feasible,True,True,==,fit.primary.feasible,pass
weak-1e-2,guarded-log,first-stage-float32,primary_projected_kkt,1.1102230246251565e-16,1e-10,<=,fit.primary.projected_kkt,pass
weak-1e-2,guarded-log,first-stage-float32,primary_b_gradient_inf,7.543095541586054e-17,1e-12,<=,fit.primary.b_gradient_inf,pass
weak-1e-2,guarded-log,first-stage-float32,reference_feasible,True,True,==,fit.reference.feasible,pass
weak-1e-2,guarded-log,first-stage-float32,reference_projected_kkt,1.1102230246251565e-15,1e-10,<=,fit.reference.projected_kkt,pass
weak-1e-2,guarded-log,first-stage-float32,reference_b_gradient_inf,3.1835648002151145e-16,1e-12,<=,fit.reference.b_gradient_inf,pass
weak-1e-2,guarded-log,first-stage-float32,coefficient_agreement,1.281125400255905e-14,1e-10,<=,fit.scaled_reference_difference,pass
weak-1e-2,guarded-log,first-stage-float32,design_spectrum_rank,24,24,==,fit.design_spectrum.rank,pass
weak-1e-2,guarded-log,first-stage-float32,width_spectrum_rank,12,12,==,fit.width_spectrum.rank,pass
weak-1e-2,guarded-log,first-stage-float32,profile_jacobian_spectrum_rank,12,12,==,fit.profile_jacobian_spectrum.rank,pass
weak-1e-2,guarded-log,first-stage-float32,legacy_local_correction,1.3334998119851372e-15,1e-10,<=,fit.local_correction_inf,pass
weak-1e-2,guarded-log,narrower-float32,primary_feasible,True,True,==,fit.primary.feasible,pass
weak-1e-2,guarded-log,narrower-float32,primary_projected_kkt,1.6653345369377348e-16,1e-10,<=,fit.primary.projected_kkt,pass
weak-1e-2,guarded-log,narrower-float32,primary_b_gradient_inf,9.445894992385045e-17,1e-12,<=,fit.primary.b_gradient_inf,pass
weak-1e-2,guarded-log,narrower-float32,reference_feasible,True,True,==,fit.reference.feasible,pass
weak-1e-2,guarded-log,narrower-float32,reference_projected_kkt,1.0547118733938987e-15,1e-10,<=,fit.reference.projected_kkt,pass
weak-1e-2,guarded-log,narrower-float32,reference_b_gradient_inf,3.3212902544129783e-16,1e-12,<=,fit.reference.b_gradient_inf,pass
weak-1e-2,guarded-log,narrower-float32,coefficient_agreement,1.0081034656497381e-14,1e-10,<=,fit.scaled_reference_difference,pass
weak-1e-2,guarded-log,narrower-float32,design_spectrum_rank,24,24,==,fit.design_spectrum.rank,pass
weak-1e-2,guarded-log,narrower-float32,width_spectrum_rank,12,12,==,fit.width_spectrum.rank,pass
weak-1e-2,guarded-log,narrower-float32,profile_jacobian_spectrum_rank,12,12,==,fit.profile_jacobian_spectrum.rank,pass
weak-1e-2,guarded-log,narrower-float32,legacy_local_correction,3.892564524352841e-15,1e-10,<=,fit.local_correction_inf,pass
weak-1e-2,guarded-log,wider-float32,primary_feasible,True,True,==,fit.primary.feasible,pass
weak-1e-2,guarded-log,wider-float32,primary_projected_kkt,1.3877787807814457e-16,1e-10,<=,fit.primary.projected_kkt,pass
weak-1e-2,guarded-log,wider-float32,primary_b_gradient_inf,5.707914832926828e-17,1e-12,<=,fit.primary.b_gradient_inf,pass
weak-1e-2,guarded-log,wider-float32,reference_feasible,True,True,==,fit.reference.feasible,pass
weak-1e-2,guarded-log,wider-float32,reference_projected_kkt,1.3600232051658168e-15,1e-10,<=,fit.reference.projected_kkt,pass
weak-1e-2,guarded-log,wider-float32,reference_b_gradient_inf,4.705060577568993e-16,1e-12,<=,fit.reference.b_gradient_inf,pass
weak-1e-2,guarded-log,wider-float32,coefficient_agreement,1.9454602366975322e-14,1e-10,<=,fit.scaled_reference_difference,pass
weak-1e-2,guarded-log,wider-float32,design_spectrum_rank,24,24,==,fit.design_spectrum.rank,pass
weak-1e-2,guarded-log,wider-float32,width_spectrum_rank,12,12,==,fit.width_spectrum.rank,pass
weak-1e-2,guarded-log,wider-float32,profile_jacobian_spectrum_rank,12,12,==,fit.profile_jacobian_spectrum.rank,pass
weak-1e-2,guarded-log,wider-float32,legacy_local_correction,1.1739713086233537e-15,1e-10,<=,fit.local_correction_inf,pass
weak-1e-2,guarded-log,mixed-float32,primary_feasible,True,True,==,fit.primary.feasible,pass
weak-1e-2,guarded-log,mixed-float32,primary_projected_kkt,1.6653345369377348e-16,1e-10,<=,fit.primary.projected_kkt,pass
weak-1e-2,guarded-log,mixed-float32,primary_b_gradient_inf,9.072019154890907e-17,1e-12,<=,fit.primary.b_gradient_inf,pass
weak-1e-2,guarded-log,mixed-float32,reference_feasible,True,True,==,fit.reference.feasible,pass
weak-1e-2,guarded-log,mixed-float32,reference_projected_kkt,1.2212453270876722e-15,1e-10,<=,fit.reference.projected_kkt,pass
weak-1e-2,guarded-log,mixed-float32,reference_b_gradient_inf,6.088017892730031e-16,1e-12,<=,fit.reference.b_gradient_inf,pass
weak-1e-2,guarded-log,mixed-float32,coefficient_agreement,8.853514551417438e-15,1e-10,<=,fit.scaled_reference_difference,pass
weak-1e-2,guarded-log,mixed-float32,design_spectrum_rank,24,24,==,fit.design_spectrum.rank,pass
weak-1e-2,guarded-log,mixed-float32,width_spectrum_rank,12,12,==,fit.width_spectrum.rank,pass
weak-1e-2,guarded-log,mixed-float32,profile_jacobian_spectrum_rank,12,12,==,fit.profile_jacobian_spectrum.rank,pass
weak-1e-2,guarded-log,mixed-float32,legacy_local_correction,2.1670190795933687e-15,1e-10,<=,fit.local_correction_inf,pass
weak-1e-4,legacy,first-stage-double,primary_feasible,True,True,==,fit.primary.feasible,pass
weak-1e-4,legacy,first-stage-double,primary_projected_kkt,1.3877787807814457e-16,1e-10,<=,fit.primary.projected_kkt,pass
weak-1e-4,legacy,first-stage-double,primary_b_gradient_inf,5.35057038915696e-17,1e-12,<=,fit.primary.b_gradient_inf,pass
weak-1e-4,legacy,first-stage-double,reference_feasible,True,True,==,fit.reference.feasible,pass
weak-1e-4,legacy,first-stage-double,reference_projected_kkt,1.2490009027033011e-15,1e-10,<=,fit.reference.projected_kkt,pass
weak-1e-4,legacy,first-stage-double,reference_b_gradient_inf,3.8830921686503194e-16,1e-12,<=,fit.reference.b_gradient_inf,pass
weak-1e-4,legacy,first-stage-double,coefficient_agreement,1.5765731900592384e-14,1e-10,<=,fit.scaled_reference_difference,pass
weak-1e-4,legacy,first-stage-double,design_spectrum_rank,24,24,==,fit.design_spectrum.rank,pass
weak-1e-4,legacy,first-stage-double,width_spectrum_rank,12,12,==,fit.width_spectrum.rank,pass
weak-1e-4,legacy,first-stage-double,profile_jacobian_spectrum_rank,12,12,==,fit.profile_jacobian_spectrum.rank,pass
weak-1e-4,legacy,first-stage-double,legacy_local_correction,2.1858698273517952e-13,1e-10,<=,fit.local_correction_inf,pass
weak-1e-4,legacy,first-stage-double,precision_local_correction,1.23481412890281e-13,1e-10,<=,audit.precision.local_correction_inf,pass
weak-1e-4,legacy,first-stage-double,fixed_face_reference_valid50,True,True,==,audit.precision.valid50,pass
weak-1e-4,legacy,first-stage-double,fixed_face_reference_valid100,True,True,==,audit.precision.valid100,pass
weak-1e-4,legacy,first-stage-double,fixed_face_reference_agreement_passed,True,True,==,audit.precision.agreement_passed,pass
weak-1e-4,legacy,first-stage-double,fixed_face_reference_fixed_face_feasible,True,True,==,audit.precision.fixed_face_feasible,pass
weak-1e-4,legacy,first-stage-double,fixed_face_reference_derivative_passed,True,True,==,audit.precision.derivative_passed,pass
weak-1e-4,legacy,first-stage-double,precision_projected_kkt,2.82622694e-119,1e-10,<=,audit.precision.projected_kkt,pass
weak-1e-4,legacy,first-stage-double,precision_b_gradient_inf,3.7545963746935315e-18,1e-12,<=,audit.precision.b_gradient,pass
weak-1e-4,legacy,first-stage-double,direction_0_estimated_relative_error,1.4685279338144934e-10,1e-07,<=,audit.ladders.0.estimated_relative_error,pass
weak-1e-4,legacy,first-stage-double,direction_0_first_relative_error,1.6755910557246818e-11,1e-06,<=,audit.ladders.0.first_relative_error,pass
weak-1e-4,legacy,first-stage-double,direction_0_second_relative_error,4.2313953331636664e-11,1e-06,<=,audit.ladders.0.second_relative_error,pass
weak-1e-4,legacy,first-stage-double,direction_1_estimated_relative_error,1.3960296917057993e-10,1e-07,<=,audit.ladders.1.estimated_relative_error,pass
weak-1e-4,legacy,first-stage-double,direction_1_first_relative_error,2.1950845537865074e-11,1e-06,<=,audit.ladders.1.first_relative_error,pass
weak-1e-4,legacy,first-stage-double,direction_1_second_relative_error,3.800418695532123e-11,1e-06,<=,audit.ladders.1.second_relative_error,pass
weak-1e-4,legacy,first-stage-double,direction_2_estimated_relative_error,1.3292906992883581e-07,1e-07,<=,audit.ladders.2.estimated_relative_error,fail
weak-1e-4,legacy,first-stage-double,direction_2_first_relative_error,2.1185457967720303e-08,1e-06,<=,audit.ladders.2.first_relative_error,pass
weak-1e-4,legacy,first-stage-double,direction_2_second_relative_error,3.658316162928166e-08,1e-06,<=,audit.ladders.2.second_relative_error,pass
weak-1e-4,legacy,narrower-double,primary_feasible,True,True,==,fit.primary.feasible,pass
weak-1e-4,legacy,narrower-double,primary_projected_kkt,3.3306690738754696e-16,1e-10,<=,fit.primary.projected_kkt,pass
weak-1e-4,legacy,narrower-double,primary_b_gradient_inf,1.6655693641596595e-16,1e-12,<=,fit.primary.b_gradient_inf,pass
weak-1e-4,legacy,narrower-double,reference_feasible,True,True,==,fit.reference.feasible,pass
weak-1e-4,legacy,narrower-double,reference_projected_kkt,1.0269562977782698e-15,1e-10,<=,fit.reference.projected_kkt,pass
weak-1e-4,legacy,narrower-double,reference_b_gradient_inf,2.336413901961884e-16,1e-12,<=,fit.reference.b_gradient_inf,pass
weak-1e-4,legacy,narrower-double,coefficient_agreement,2.719270491247069e-14,1e-10,<=,fit.scaled_reference_difference,pass
weak-1e-4,legacy,narrower-double,design_spectrum_rank,24,24,==,fit.design_spectrum.rank,pass
weak-1e-4,legacy,narrower-double,width_spectrum_rank,12,12,==,fit.width_spectrum.rank,pass
weak-1e-4,legacy,narrower-double,profile_jacobian_spectrum_rank,12,12,==,fit.profile_jacobian_spectrum.rank,pass
weak-1e-4,legacy,narrower-double,legacy_local_correction,3.7163781246085066e-13,1e-10,<=,fit.local_correction_inf,pass
weak-1e-4,legacy,narrower-double,precision_local_correction,3.8460193694839574e-13,1e-10,<=,audit.precision.local_correction_inf,pass
weak-1e-4,legacy,narrower-double,fixed_face_reference_valid50,True,True,==,audit.precision.valid50,pass
weak-1e-4,legacy,narrower-double,fixed_face_reference_valid100,True,True,==,audit.precision.valid100,pass
weak-1e-4,legacy,narrower-double,fixed_face_reference_agreement_passed,True,True,==,audit.precision.agreement_passed,pass
weak-1e-4,legacy,narrower-double,fixed_face_reference_fixed_face_feasible,True,True,==,audit.precision.fixed_face_feasible,pass
weak-1e-4,legacy,narrower-double,fixed_face_reference_derivative_passed,True,True,==,audit.precision.derivative_passed,pass
weak-1e-4,legacy,narrower-double,precision_projected_kkt,2.871440796e-119,1e-10,<=,audit.precision.projected_kkt,pass
weak-1e-4,legacy,narrower-double,precision_b_gradient_inf,1.4002187204241345e-17,1e-12,<=,audit.precision.b_gradient,pass
weak-1e-4,legacy,narrower-double,direction_0_estimated_relative_error,1.7379233304578848e-10,1e-07,<=,audit.ladders.0.estimated_relative_error,pass
weak-1e-4,legacy,narrower-double,direction_0_first_relative_error,1.6092973050657904e-11,1e-06,<=,audit.ladders.0.first_relative_error,pass
weak-1e-4,legacy,narrower-double,direction_0_second_relative_error,4.517184541032364e-11,1e-06,<=,audit.ladders.0.second_relative_error,pass
weak-1e-4,legacy,narrower-double,direction_1_estimated_relative_error,1.5754921159444935e-10,1e-07,<=,audit.ladders.1.estimated_relative_error,pass
weak-1e-4,legacy,narrower-double,direction_1_first_relative_error,2.022028186708801e-11,1e-06,<=,audit.ladders.1.first_relative_error,pass
weak-1e-4,legacy,narrower-double,direction_1_second_relative_error,4.707232397599537e-11,1e-06,<=,audit.ladders.1.second_relative_error,pass
weak-1e-4,legacy,narrower-double,direction_2_estimated_relative_error,1.2681301386637066e-07,1e-07,<=,audit.ladders.2.estimated_relative_error,fail
weak-1e-4,legacy,narrower-double,direction_2_first_relative_error,2.2669652935331244e-08,1e-06,<=,audit.ladders.2.first_relative_error,pass
weak-1e-4,legacy,narrower-double,direction_2_second_relative_error,3.103468616018627e-08,1e-06,<=,audit.ladders.2.second_relative_error,pass
weak-1e-4,legacy,wider-double,primary_feasible,True,True,==,fit.primary.feasible,pass
weak-1e-4,legacy,wider-double,primary_projected_kkt,1.942890293094024e-16,1e-10,<=,fit.primary.projected_kkt,pass
weak-1e-4,legacy,wider-double,primary_b_gradient_inf,8.629210057988486e-17,1e-12,<=,fit.primary.b_gradient_inf,pass
weak-1e-4,legacy,wider-double,reference_feasible,True,True,==,fit.reference.feasible,pass
weak-1e-4,legacy,wider-double,reference_projected_kkt,1.3877787807814457e-15,1e-10,<=,fit.reference.projected_kkt,pass
weak-1e-4,legacy,wider-double,reference_b_gradient_inf,2.639635094024596e-16,1e-12,<=,fit.reference.b_gradient_inf,pass
weak-1e-4,legacy,wider-double,coefficient_agreement,4.440892098500607e-15,1e-10,<=,fit.scaled_reference_difference,pass
weak-1e-4,legacy,wider-double,design_spectrum_rank,24,24,==,fit.design_spectrum.rank,pass
weak-1e-4,legacy,wider-double,width_spectrum_rank,12,12,==,fit.width_spectrum.rank,pass
weak-1e-4,legacy,wider-double,profile_jacobian_spectrum_rank,12,12,==,fit.profile_jacobian_spectrum.rank,pass
weak-1e-4,legacy,wider-double,legacy_local_correction,1.9625717193096787e-13,1e-10,<=,fit.local_correction_inf,pass
weak-1e-4,legacy,wider-double,precision_local_correction,1.803248317510958e-13,1e-10,<=,audit.precision.local_correction_inf,pass
weak-1e-4,legacy,wider-double,fixed_face_reference_valid50,True,True,==,audit.precision.valid50,pass
weak-1e-4,legacy,wider-double,fixed_face_reference_valid100,True,True,==,audit.precision.valid100,pass
weak-1e-4,legacy,wider-double,fixed_face_reference_agreement_passed,True,True,==,audit.precision.agreement_passed,pass
weak-1e-4,legacy,wider-double,fixed_face_reference_fixed_face_feasible,True,True,==,audit.precision.fixed_face_feasible,pass
weak-1e-4,legacy,wider-double,fixed_face_reference_derivative_passed,True,True,==,audit.precision.derivative_passed,pass
weak-1e-4,legacy,wider-double,precision_projected_kkt,2.874248883e-119,1e-10,<=,audit.precision.projected_kkt,pass
weak-1e-4,legacy,wider-double,precision_b_gradient_inf,9.922757877279352e-18,1e-12,<=,audit.precision.b_gradient,pass
weak-1e-4,legacy,wider-double,direction_0_estimated_relative_error,1.5388337002685042e-10,1e-07,<=,audit.ladders.0.estimated_relative_error,pass
weak-1e-4,legacy,wider-double,direction_0_first_relative_error,1.954854687836671e-11,1e-06,<=,audit.ladders.0.first_relative_error,pass
weak-1e-4,legacy,wider-double,direction_0_second_relative_error,3.633512035895567e-11,1e-06,<=,audit.ladders.0.second_relative_error,pass
weak-1e-4,legacy,wider-double,direction_1_estimated_relative_error,1.7546034233232939e-10,1e-07,<=,audit.ladders.1.estimated_relative_error,pass
weak-1e-4,legacy,wider-double,direction_1_first_relative_error,2.1779639100415487e-11,1e-06,<=,audit.ladders.1.first_relative_error,pass
weak-1e-4,legacy,wider-double,direction_1_second_relative_error,5.1086838538380194e-11,1e-06,<=,audit.ladders.1.second_relative_error,pass
weak-1e-4,legacy,wider-double,direction_2_estimated_relative_error,1.3946332188256935e-07,1e-07,<=,audit.ladders.2.estimated_relative_error,fail
weak-1e-4,legacy,wider-double,direction_2_first_relative_error,2.7522388004965973e-08,1e-06,<=,audit.ladders.2.first_relative_error,pass
weak-1e-4,legacy,wider-double,direction_2_second_relative_error,3.4514028900459454e-08,1e-06,<=,audit.ladders.2.second_relative_error,pass
weak-1e-4,legacy,mixed-double,primary_feasible,True,True,==,fit.primary.feasible,pass
weak-1e-4,legacy,mixed-double,primary_projected_kkt,1.6653345369377348e-16,1e-10,<=,fit.primary.projected_kkt,pass
weak-1e-4,legacy,mixed-double,primary_b_gradient_inf,8.069624708984044e-17,1e-12,<=,fit.primary.b_gradient_inf,pass
weak-1e-4,legacy,mixed-double,reference_feasible,True,True,==,fit.reference.feasible,pass
weak-1e-4,legacy,mixed-double,reference_projected_kkt,1.5265566588595902e-15,1e-10,<=,fit.reference.projected_kkt,pass
weak-1e-4,legacy,mixed-double,reference_b_gradient_inf,3.183791664741256e-16,1e-12,<=,fit.reference.b_gradient_inf,pass
weak-1e-4,legacy,mixed-double,coefficient_agreement,5.475838595715309e-15,1e-10,<=,fit.scaled_reference_difference,pass
weak-1e-4,legacy,mixed-double,design_spectrum_rank,24,24,==,fit.design_spectrum.rank,pass
weak-1e-4,legacy,mixed-double,width_spectrum_rank,12,12,==,fit.width_spectrum.rank,pass
weak-1e-4,legacy,mixed-double,profile_jacobian_spectrum_rank,12,12,==,fit.profile_jacobian_spectrum.rank,pass
weak-1e-4,legacy,mixed-double,legacy_local_correction,1.3104490542915685e-13,1e-10,<=,fit.local_correction_inf,pass
weak-1e-4,legacy,mixed-double,precision_local_correction,2.026363832121737e-13,1e-10,<=,audit.precision.local_correction_inf,pass
weak-1e-4,legacy,mixed-double,fixed_face_reference_valid50,True,True,==,audit.precision.valid50,pass
weak-1e-4,legacy,mixed-double,fixed_face_reference_valid100,True,True,==,audit.precision.valid100,pass
weak-1e-4,legacy,mixed-double,fixed_face_reference_agreement_passed,True,True,==,audit.precision.agreement_passed,pass
weak-1e-4,legacy,mixed-double,fixed_face_reference_fixed_face_feasible,True,True,==,audit.precision.fixed_face_feasible,pass
weak-1e-4,legacy,mixed-double,fixed_face_reference_derivative_passed,True,True,==,audit.precision.derivative_passed,pass
weak-1e-4,legacy,mixed-double,precision_projected_kkt,2.912468446e-119,1e-10,<=,audit.precision.projected_kkt,pass
weak-1e-4,legacy,mixed-double,precision_b_gradient_inf,1.2446088572771737e-17,1e-12,<=,audit.precision.b_gradient,pass
weak-1e-4,legacy,mixed-double,direction_0_estimated_relative_error,1.5274062516719073e-10,1e-07,<=,audit.ladders.0.estimated_relative_error,pass
weak-1e-4,legacy,mixed-double,direction_0_first_relative_error,2.647507519113822e-11,1e-06,<=,audit.ladders.0.first_relative_error,pass
weak-1e-4,legacy,mixed-double,direction_0_second_relative_error,4.011941473670778e-11,1e-06,<=,audit.ladders.0.second_relative_error,pass
weak-1e-4,legacy,mixed-double,direction_1_estimated_relative_error,1.9939600995949735e-10,1e-07,<=,audit.ladders.1.estimated_relative_error,pass
weak-1e-4,legacy,mixed-double,direction_1_first_relative_error,3.725441827106457e-11,1e-06,<=,audit.ladders.1.first_relative_error,pass
weak-1e-4,legacy,mixed-double,direction_1_second_relative_error,5.4275823071197844e-11,1e-06,<=,audit.ladders.1.second_relative_error,pass
weak-1e-4,legacy,mixed-double,direction_2_estimated_relative_error,1.3621831180520678e-07,1e-07,<=,audit.ladders.2.estimated_relative_error,fail
weak-1e-4,legacy,mixed-double,direction_2_first_relative_error,2.6160116524416757e-08,1e-06,<=,audit.ladders.2.first_relative_error,pass
weak-1e-4,legacy,mixed-double,direction_2_second_relative_error,3.246541309174464e-08,1e-06,<=,audit.ladders.2.second_relative_error,pass
weak-1e-4,legacy,first-stage-float32,primary_feasible,True,True,==,fit.primary.feasible,pass
weak-1e-4,legacy,first-stage-float32,primary_projected_kkt,3.3306690738754696e-16,1e-10,<=,fit.primary.projected_kkt,pass
weak-1e-4,legacy,first-stage-float32,primary_b_gradient_inf,1.7443694339948702e-15,1e-12,<=,fit.primary.b_gradient_inf,pass
weak-1e-4,legacy,first-stage-float32,reference_feasible,True,True,==,fit.reference.feasible,pass
weak-1e-4,legacy,first-stage-float32,reference_projected_kkt,1.8735013540549517e-15,1e-10,<=,fit.reference.projected_kkt,pass
weak-1e-4,legacy,first-stage-float32,reference_b_gradient_inf,1.8690430089781825e-15,1e-12,<=,fit.reference.b_gradient_inf,pass
weak-1e-4,legacy,first-stage-float32,coefficient_agreement,2.1347776297243832e-14,1e-10,<=,fit.scaled_reference_difference,pass
weak-1e-4,legacy,first-stage-float32,design_spectrum_rank,24,24,==,fit.design_spectrum.rank,pass
weak-1e-4,legacy,first-stage-float32,width_spectrum_rank,12,12,==,fit.width_spectrum.rank,pass
weak-1e-4,legacy,first-stage-float32,profile_jacobian_spectrum_rank,12,12,==,fit.profile_jacobian_spectrum.rank,pass
weak-1e-4,legacy,first-stage-float32,legacy_local_correction,2.719811133977267e-09,1e-10,<=,fit.local_correction_inf,fail
weak-1e-4,legacy,first-stage-float32,precision_local_correction,2.719702023053884e-09,1e-10,<=,audit.precision.local_correction_inf,fail
weak-1e-4,legacy,first-stage-float32,fixed_face_reference_valid50,True,True,==,audit.precision.valid50,pass
weak-1e-4,legacy,first-stage-float32,fixed_face_reference_valid100,True,True,==,audit.precision.valid100,pass
weak-1e-4,legacy,first-stage-float32,fixed_face_reference_agreement_passed,True,True,==,audit.precision.agreement_passed,pass
weak-1e-4,legacy,first-stage-float32,fixed_face_reference_fixed_face_feasible,True,True,==,audit.precision.fixed_face_feasible,pass
weak-1e-4,legacy,first-stage-float32,fixed_face_reference_derivative_passed,True,True,==,audit.precision.derivative_passed,pass
weak-1e-4,legacy,first-stage-float32,precision_projected_kkt,2.895974236e-119,1e-10,<=,audit.precision.projected_kkt,pass
weak-1e-4,legacy,first-stage-float32,precision_b_gradient_inf,1.7483891207939916e-15,1e-12,<=,audit.precision.b_gradient,pass
weak-1e-4,legacy,first-stage-float32,direction_0_estimated_relative_error,1.472202359532632e-10,1e-07,<=,audit.ladders.0.estimated_relative_error,pass
weak-1e-4,legacy,first-stage-float32,direction_0_first_relative_error,1.904079255778782e-11,1e-06,<=,audit.ladders.0.first_relative_error,pass
weak-1e-4,legacy,first-stage-float32,direction_0_second_relative_error,3.868098316410546e-11,1e-06,<=,audit.ladders.0.second_relative_error,pass
weak-1e-4,legacy,first-stage-float32,direction_1_estimated_relative_error,1.6027113823818346e-10,1e-07,<=,audit.ladders.1.estimated_relative_error,pass
weak-1e-4,legacy,first-stage-float32,direction_1_first_relative_error,2.3275541688839153e-11,1e-06,<=,audit.ladders.1.first_relative_error,pass
weak-1e-4,legacy,first-stage-float32,direction_1_second_relative_error,4.782328618678378e-11,1e-06,<=,audit.ladders.1.second_relative_error,pass
weak-1e-4,legacy,first-stage-float32,direction_2_estimated_relative_error,1.2972219527857272e-07,1e-07,<=,audit.ladders.2.estimated_relative_error,fail
weak-1e-4,legacy,first-stage-float32,direction_2_first_relative_error,1.9899956088389945e-08,1e-06,<=,audit.ladders.2.first_relative_error,pass
weak-1e-4,legacy,first-stage-float32,direction_2_second_relative_error,2.577417714688849e-08,1e-06,<=,audit.ladders.2.second_relative_error,pass
weak-1e-4,legacy,narrower-float32,primary_feasible,True,True,==,fit.primary.feasible,pass
weak-1e-4,legacy,narrower-float32,primary_projected_kkt,1.3877787807814457e-16,1e-10,<=,fit.primary.projected_kkt,pass
weak-1e-4,legacy,narrower-float32,primary_b_gradient_inf,2.3530264252463496e-16,1e-12,<=,fit.primary.b_gradient_inf,pass
weak-1e-4,legacy,narrower-float32,reference_feasible,True,True,==,fit.reference.feasible,pass
weak-1e-4,legacy,narrower-float32,reference_projected_kkt,1.1796119636642288e-15,1e-10,<=,fit.reference.projected_kkt,pass
weak-1e-4,legacy,narrower-float32,reference_b_gradient_inf,3.619748312420608e-16,1e-12,<=,fit.reference.b_gradient_inf,pass
weak-1e-4,legacy,narrower-float32,coefficient_agreement,4.948422607250905e-15,1e-10,<=,fit.scaled_reference_difference,pass
weak-1e-4,legacy,narrower-float32,design_spectrum_rank,24,24,==,fit.design_spectrum.rank,pass
weak-1e-4,legacy,narrower-float32,width_spectrum_rank,12,12,==,fit.width_spectrum.rank,pass
weak-1e-4,legacy,narrower-float32,profile_jacobian_spectrum_rank,12,12,==,fit.profile_jacobian_spectrum.rank,pass
weak-1e-4,legacy,narrower-float32,legacy_local_correction,3.6256063609925445e-10,1e-10,<=,fit.local_correction_inf,fail
weak-1e-4,legacy,narrower-float32,precision_local_correction,3.626588631303501e-10,1e-10,<=,audit.precision.local_correction_inf,fail
weak-1e-4,legacy,narrower-float32,fixed_face_reference_valid50,True,True,==,audit.precision.valid50,pass
weak-1e-4,legacy,narrower-float32,fixed_face_reference_valid100,True,True,==,audit.precision.valid100,pass
weak-1e-4,legacy,narrower-float32,fixed_face_reference_agreement_passed,True,True,==,audit.precision.agreement_passed,pass
weak-1e-4,legacy,narrower-float32,fixed_face_reference_fixed_face_feasible,True,True,==,audit.precision.fixed_face_feasible,pass
weak-1e-4,legacy,narrower-float32,fixed_face_reference_derivative_passed,True,True,==,audit.precision.derivative_passed,pass
weak-1e-4,legacy,narrower-float32,precision_projected_kkt,2.888586066e-119,1e-10,<=,audit.precision.projected_kkt,pass
weak-1e-4,legacy,narrower-float32,precision_b_gradient_inf,2.614324294360408e-16,1e-12,<=,audit.precision.b_gradient,pass
weak-1e-4,legacy,narrower-float32,direction_0_estimated_relative_error,1.5618994099950854e-10,1e-07,<=,audit.ladders.0.estimated_relative_error,pass
weak-1e-4,legacy,narrower-float32,direction_0_first_relative_error,1.98805149772702e-11,1e-06,<=,audit.ladders.0.first_relative_error,pass
weak-1e-4,legacy,narrower-float32,direction_0_second_relative_error,4.2935172753412905e-11,1e-06,<=,audit.ladders.0.second_relative_error,pass
weak-1e-4,legacy,narrower-float32,direction_1_estimated_relative_error,1.5464256888018992e-10,1e-07,<=,audit.ladders.1.estimated_relative_error,pass
weak-1e-4,legacy,narrower-float32,direction_1_first_relative_error,1.6575641069769958e-11,1e-06,<=,audit.ladders.1.first_relative_error,pass
weak-1e-4,legacy,narrower-float32,direction_1_second_relative_error,4.388789684364326e-11,1e-06,<=,audit.ladders.1.second_relative_error,pass
weak-1e-4,legacy,narrower-float32,direction_2_estimated_relative_error,1.142531902056153e-07,1e-07,<=,audit.ladders.2.estimated_relative_error,fail
weak-1e-4,legacy,narrower-float32,direction_2_first_relative_error,2.0259540395197578e-08,1e-06,<=,audit.ladders.2.first_relative_error,pass
weak-1e-4,legacy,narrower-float32,direction_2_second_relative_error,2.682812189068534e-08,1e-06,<=,audit.ladders.2.second_relative_error,pass
weak-1e-4,legacy,wider-float32,primary_feasible,True,True,==,fit.primary.feasible,pass
weak-1e-4,legacy,wider-float32,primary_projected_kkt,1.1102230246251565e-16,1e-10,<=,fit.primary.projected_kkt,pass
weak-1e-4,legacy,wider-float32,primary_b_gradient_inf,5.722334171231681e-17,1e-12,<=,fit.primary.b_gradient_inf,pass
weak-1e-4,legacy,wider-float32,reference_feasible,True,True,==,fit.reference.feasible,pass
weak-1e-4,legacy,wider-float32,reference_projected_kkt,7.771561172376096e-16,1e-10,<=,fit.reference.projected_kkt,pass
weak-1e-4,legacy,wider-float32,reference_b_gradient_inf,4.927727524435207e-16,1e-12,<=,fit.reference.b_gradient_inf,pass
weak-1e-4,legacy,wider-float32,coefficient_agreement,2.4606166388098337e-14,1e-10,<=,fit.scaled_reference_difference,pass
weak-1e-4,legacy,wider-float32,design_spectrum_rank,24,24,==,fit.design_spectrum.rank,pass
weak-1e-4,legacy,wider-float32,width_spectrum_rank,12,12,==,fit.width_spectrum.rank,pass
weak-1e-4,legacy,wider-float32,profile_jacobian_spectrum_rank,12,12,==,fit.profile_jacobian_spectrum.rank,pass
weak-1e-4,legacy,wider-float32,legacy_local_correction,2.4833905317194105e-12,1e-10,<=,fit.local_correction_inf,pass
weak-1e-4,legacy,wider-float32,precision_local_correction,2.1383289866569184e-12,1e-10,<=,audit.precision.local_correction_inf,pass
weak-1e-4,legacy,wider-float32,fixed_face_reference_valid50,True,True,==,audit.precision.valid50,pass
weak-1e-4,legacy,wider-float32,fixed_face_reference_valid100,True,True,==,audit.precision.valid100,pass
weak-1e-4,legacy,wider-float32,fixed_face_reference_agreement_passed,True,True,==,audit.precision.agreement_passed,pass
weak-1e-4,legacy,wider-float32,fixed_face_reference_fixed_face_feasible,True,True,==,audit.precision.fixed_face_feasible,pass
weak-1e-4,legacy,wider-float32,fixed_face_reference_derivative_passed,True,True,==,audit.precision.derivative_passed,pass
weak-1e-4,legacy,wider-float32,precision_projected_kkt,2.897188405e-119,1e-10,<=,audit.precision.projected_kkt,pass
weak-1e-4,legacy,wider-float32,precision_b_gradient_inf,9.504209259619755e-18,1e-12,<=,audit.precision.b_gradient,pass
weak-1e-4,legacy,wider-float32,direction_0_estimated_relative_error,1.7397467816669253e-10,1e-07,<=,audit.ladders.0.estimated_relative_error,pass
weak-1e-4,legacy,wider-float32,direction_0_first_relative_error,2.2585833650193053e-11,1e-06,<=,audit.ladders.0.first_relative_error,pass
weak-1e-4,legacy,wider-float32,direction_0_second_relative_error,4.4360900807177445e-11,1e-06,<=,audit.ladders.0.second_relative_error,pass
weak-1e-4,legacy,wider-float32,direction_1_estimated_relative_error,1.848416815598698e-10,1e-07,<=,audit.ladders.1.estimated_relative_error,pass
weak-1e-4,legacy,wider-float32,direction_1_first_relative_error,2.424538323232247e-11,1e-06,<=,audit.ladders.1.first_relative_error,pass
weak-1e-4,legacy,wider-float32,direction_1_second_relative_error,5.930742193270361e-11,1e-06,<=,audit.ladders.1.second_relative_error,pass
weak-1e-4,legacy,wider-float32,direction_2_estimated_relative_error,1.5039790363901723e-07,1e-07,<=,audit.ladders.2.estimated_relative_error,fail
weak-1e-4,legacy,wider-float32,direction_2_first_relative_error,2.6204242999944244e-08,1e-06,<=,audit.ladders.2.first_relative_error,pass
weak-1e-4,legacy,wider-float32,direction_2_second_relative_error,4.3292333120476995e-08,1e-06,<=,audit.ladders.2.second_relative_error,pass
weak-1e-4,legacy,mixed-float32,primary_feasible,True,True,==,fit.primary.feasible,pass
weak-1e-4,legacy,mixed-float32,primary_projected_kkt,1.3877787807814457e-16,1e-10,<=,fit.primary.projected_kkt,pass
weak-1e-4,legacy,mixed-float32,primary_b_gradient_inf,9.684813835484889e-16,1e-12,<=,fit.primary.b_gradient_inf,pass
weak-1e-4,legacy,mixed-float32,reference_feasible,True,True,==,fit.reference.feasible,pass
weak-1e-4,legacy,mixed-float32,reference_projected_kkt,7.91033905045424e-16,1e-10,<=,fit.reference.projected_kkt,pass
weak-1e-4,legacy,mixed-float32,reference_b_gradient_inf,8.213075557360993e-16,1e-12,<=,fit.reference.b_gradient_inf,pass
weak-1e-4,legacy,mixed-float32,coefficient_agreement,9.451282600587655e-15,1e-10,<=,fit.scaled_reference_difference,pass
weak-1e-4,legacy,mixed-float32,design_spectrum_rank,24,24,==,fit.design_spectrum.rank,pass
weak-1e-4,legacy,mixed-float32,width_spectrum_rank,12,12,==,fit.width_spectrum.rank,pass
weak-1e-4,legacy,mixed-float32,profile_jacobian_spectrum_rank,12,12,==,fit.profile_jacobian_spectrum.rank,pass
weak-1e-4,legacy,mixed-float32,legacy_local_correction,6.149140577632592e-10,1e-10,<=,fit.local_correction_inf,fail
weak-1e-4,legacy,mixed-float32,precision_local_correction,6.148098186121648e-10,1e-10,<=,audit.precision.local_correction_inf,fail
weak-1e-4,legacy,mixed-float32,fixed_face_reference_valid50,True,True,==,audit.precision.valid50,pass
weak-1e-4,legacy,mixed-float32,fixed_face_reference_valid100,True,True,==,audit.precision.valid100,pass
weak-1e-4,legacy,mixed-float32,fixed_face_reference_agreement_passed,True,True,==,audit.precision.agreement_passed,pass
weak-1e-4,legacy,mixed-float32,fixed_face_reference_fixed_face_feasible,True,True,==,audit.precision.fixed_face_feasible,pass
weak-1e-4,legacy,mixed-float32,fixed_face_reference_derivative_passed,True,True,==,audit.precision.derivative_passed,pass
weak-1e-4,legacy,mixed-float32,precision_projected_kkt,2.858972097e-119,1e-10,<=,audit.precision.projected_kkt,pass
weak-1e-4,legacy,mixed-float32,precision_b_gradient_inf,1.0082372471157998e-15,1e-12,<=,audit.precision.b_gradient,pass
weak-1e-4,legacy,mixed-float32,direction_0_estimated_relative_error,1.786711633106754e-10,1e-07,<=,audit.ladders.0.estimated_relative_error,pass
weak-1e-4,legacy,mixed-float32,direction_0_first_relative_error,2.022891197492071e-11,1e-06,<=,audit.ladders.0.first_relative_error,pass
weak-1e-4,legacy,mixed-float32,direction_0_second_relative_error,4.7545014758190684e-11,1e-06,<=,audit.ladders.0.second_relative_error,pass
weak-1e-4,legacy,mixed-float32,direction_1_estimated_relative_error,2.020206555135137e-10,1e-07,<=,audit.ladders.1.estimated_relative_error,pass
weak-1e-4,legacy,mixed-float32,direction_1_first_relative_error,2.0217643513554097e-11,1e-06,<=,audit.ladders.1.first_relative_error,pass
weak-1e-4,legacy,mixed-float32,direction_1_second_relative_error,4.9517513880734405e-11,1e-06,<=,audit.ladders.1.second_relative_error,pass
weak-1e-4,legacy,mixed-float32,direction_2_estimated_relative_error,1.363336365382518e-07,1e-07,<=,audit.ladders.2.estimated_relative_error,fail
weak-1e-4,legacy,mixed-float32,direction_2_first_relative_error,2.5144469526267275e-08,1e-06,<=,audit.ladders.2.first_relative_error,pass
weak-1e-4,legacy,mixed-float32,direction_2_second_relative_error,3.7721068525664855e-08,1e-06,<=,audit.ladders.2.second_relative_error,pass
weak-1e-4,guarded,first-stage-double,primary_feasible,True,True,==,fit.primary.feasible,pass
weak-1e-4,guarded,first-stage-double,primary_projected_kkt,1.3877787807814457e-16,1e-10,<=,fit.primary.projected_kkt,pass
weak-1e-4,guarded,first-stage-double,primary_b_gradient_inf,5.35057038915696e-17,1e-12,<=,fit.primary.b_gradient_inf,pass
weak-1e-4,guarded,first-stage-double,reference_feasible,True,True,==,fit.reference.feasible,pass
weak-1e-4,guarded,first-stage-double,reference_projected_kkt,1.2490009027033011e-15,1e-10,<=,fit.reference.projected_kkt,pass
weak-1e-4,guarded,first-stage-double,reference_b_gradient_inf,3.8830921686503194e-16,1e-12,<=,fit.reference.b_gradient_inf,pass
weak-1e-4,guarded,first-stage-double,coefficient_agreement,1.5765731900592384e-14,1e-10,<=,fit.scaled_reference_difference,pass
weak-1e-4,guarded,first-stage-double,design_spectrum_rank,24,24,==,fit.design_spectrum.rank,pass
weak-1e-4,guarded,first-stage-double,width_spectrum_rank,12,12,==,fit.width_spectrum.rank,pass
weak-1e-4,guarded,first-stage-double,profile_jacobian_spectrum_rank,12,12,==,fit.profile_jacobian_spectrum.rank,pass
weak-1e-4,guarded,first-stage-double,legacy_local_correction,2.1858698273517952e-13,1e-10,<=,fit.local_correction_inf,pass
weak-1e-4,guarded,first-stage-double,precision_local_correction,1.23481412890281e-13,1e-10,<=,audit.precision.local_correction_inf,pass
weak-1e-4,guarded,first-stage-double,fixed_face_reference_valid50,True,True,==,audit.precision.valid50,pass
weak-1e-4,guarded,first-stage-double,fixed_face_reference_valid100,True,True,==,audit.precision.valid100,pass
weak-1e-4,guarded,first-stage-double,fixed_face_reference_agreement_passed,True,True,==,audit.precision.agreement_passed,pass
weak-1e-4,guarded,first-stage-double,fixed_face_reference_fixed_face_feasible,True,True,==,audit.precision.fixed_face_feasible,pass
weak-1e-4,guarded,first-stage-double,fixed_face_reference_derivative_passed,True,True,==,audit.precision.derivative_passed,pass
weak-1e-4,guarded,first-stage-double,precision_projected_kkt,2.82622694e-119,1e-10,<=,audit.precision.projected_kkt,pass
weak-1e-4,guarded,first-stage-double,precision_b_gradient_inf,3.7545963746935315e-18,1e-12,<=,audit.precision.b_gradient,pass
weak-1e-4,guarded,first-stage-double,direction_0_estimated_relative_error,1.4685279338144934e-10,1e-07,<=,audit.ladders.0.estimated_relative_error,pass
weak-1e-4,guarded,first-stage-double,direction_0_first_relative_error,1.6755910557246818e-11,1e-06,<=,audit.ladders.0.first_relative_error,pass
weak-1e-4,guarded,first-stage-double,direction_0_second_relative_error,4.2313953331636664e-11,1e-06,<=,audit.ladders.0.second_relative_error,pass
weak-1e-4,guarded,first-stage-double,direction_1_estimated_relative_error,1.3960296917057993e-10,1e-07,<=,audit.ladders.1.estimated_relative_error,pass
weak-1e-4,guarded,first-stage-double,direction_1_first_relative_error,2.1950845537865074e-11,1e-06,<=,audit.ladders.1.first_relative_error,pass
weak-1e-4,guarded,first-stage-double,direction_1_second_relative_error,3.800418695532123e-11,1e-06,<=,audit.ladders.1.second_relative_error,pass
weak-1e-4,guarded,first-stage-double,direction_2_estimated_relative_error,1.3292906992883581e-07,1e-07,<=,audit.ladders.2.estimated_relative_error,fail
weak-1e-4,guarded,first-stage-double,direction_2_first_relative_error,2.1185457967720303e-08,1e-06,<=,audit.ladders.2.first_relative_error,pass
weak-1e-4,guarded,first-stage-double,direction_2_second_relative_error,3.658316162928166e-08,1e-06,<=,audit.ladders.2.second_relative_error,pass
weak-1e-4,guarded,narrower-double,primary_feasible,True,True,==,fit.primary.feasible,pass
weak-1e-4,guarded,narrower-double,primary_projected_kkt,3.3306690738754696e-16,1e-10,<=,fit.primary.projected_kkt,pass
weak-1e-4,guarded,narrower-double,primary_b_gradient_inf,1.6655693641596595e-16,1e-12,<=,fit.primary.b_gradient_inf,pass
weak-1e-4,guarded,narrower-double,reference_feasible,True,True,==,fit.reference.feasible,pass
weak-1e-4,guarded,narrower-double,reference_projected_kkt,1.0269562977782698e-15,1e-10,<=,fit.reference.projected_kkt,pass
weak-1e-4,guarded,narrower-double,reference_b_gradient_inf,2.336413901961884e-16,1e-12,<=,fit.reference.b_gradient_inf,pass
weak-1e-4,guarded,narrower-double,coefficient_agreement,2.719270491247069e-14,1e-10,<=,fit.scaled_reference_difference,pass
weak-1e-4,guarded,narrower-double,design_spectrum_rank,24,24,==,fit.design_spectrum.rank,pass
weak-1e-4,guarded,narrower-double,width_spectrum_rank,12,12,==,fit.width_spectrum.rank,pass
weak-1e-4,guarded,narrower-double,profile_jacobian_spectrum_rank,12,12,==,fit.profile_jacobian_spectrum.rank,pass
weak-1e-4,guarded,narrower-double,legacy_local_correction,3.7163781246085066e-13,1e-10,<=,fit.local_correction_inf,pass
weak-1e-4,guarded,narrower-double,precision_local_correction,3.8460193694839574e-13,1e-10,<=,audit.precision.local_correction_inf,pass
weak-1e-4,guarded,narrower-double,fixed_face_reference_valid50,True,True,==,audit.precision.valid50,pass
weak-1e-4,guarded,narrower-double,fixed_face_reference_valid100,True,True,==,audit.precision.valid100,pass
weak-1e-4,guarded,narrower-double,fixed_face_reference_agreement_passed,True,True,==,audit.precision.agreement_passed,pass
weak-1e-4,guarded,narrower-double,fixed_face_reference_fixed_face_feasible,True,True,==,audit.precision.fixed_face_feasible,pass
weak-1e-4,guarded,narrower-double,fixed_face_reference_derivative_passed,True,True,==,audit.precision.derivative_passed,pass
weak-1e-4,guarded,narrower-double,precision_projected_kkt,2.871440796e-119,1e-10,<=,audit.precision.projected_kkt,pass
weak-1e-4,guarded,narrower-double,precision_b_gradient_inf,1.4002187204241345e-17,1e-12,<=,audit.precision.b_gradient,pass
weak-1e-4,guarded,narrower-double,direction_0_estimated_relative_error,1.7379233304578848e-10,1e-07,<=,audit.ladders.0.estimated_relative_error,pass
weak-1e-4,guarded,narrower-double,direction_0_first_relative_error,1.6092973050657904e-11,1e-06,<=,audit.ladders.0.first_relative_error,pass
weak-1e-4,guarded,narrower-double,direction_0_second_relative_error,4.517184541032364e-11,1e-06,<=,audit.ladders.0.second_relative_error,pass
weak-1e-4,guarded,narrower-double,direction_1_estimated_relative_error,1.5754921159444935e-10,1e-07,<=,audit.ladders.1.estimated_relative_error,pass
weak-1e-4,guarded,narrower-double,direction_1_first_relative_error,2.022028186708801e-11,1e-06,<=,audit.ladders.1.first_relative_error,pass
weak-1e-4,guarded,narrower-double,direction_1_second_relative_error,4.707232397599537e-11,1e-06,<=,audit.ladders.1.second_relative_error,pass
weak-1e-4,guarded,narrower-double,direction_2_estimated_relative_error,1.2681301386637066e-07,1e-07,<=,audit.ladders.2.estimated_relative_error,fail
weak-1e-4,guarded,narrower-double,direction_2_first_relative_error,2.2669652935331244e-08,1e-06,<=,audit.ladders.2.first_relative_error,pass
weak-1e-4,guarded,narrower-double,direction_2_second_relative_error,3.103468616018627e-08,1e-06,<=,audit.ladders.2.second_relative_error,pass
weak-1e-4,guarded,wider-double,primary_feasible,True,True,==,fit.primary.feasible,pass
weak-1e-4,guarded,wider-double,primary_projected_kkt,1.942890293094024e-16,1e-10,<=,fit.primary.projected_kkt,pass
weak-1e-4,guarded,wider-double,primary_b_gradient_inf,8.629210057988486e-17,1e-12,<=,fit.primary.b_gradient_inf,pass
weak-1e-4,guarded,wider-double,reference_feasible,True,True,==,fit.reference.feasible,pass
weak-1e-4,guarded,wider-double,reference_projected_kkt,1.3877787807814457e-15,1e-10,<=,fit.reference.projected_kkt,pass
weak-1e-4,guarded,wider-double,reference_b_gradient_inf,2.639635094024596e-16,1e-12,<=,fit.reference.b_gradient_inf,pass
weak-1e-4,guarded,wider-double,coefficient_agreement,4.440892098500607e-15,1e-10,<=,fit.scaled_reference_difference,pass
weak-1e-4,guarded,wider-double,design_spectrum_rank,24,24,==,fit.design_spectrum.rank,pass
weak-1e-4,guarded,wider-double,width_spectrum_rank,12,12,==,fit.width_spectrum.rank,pass
weak-1e-4,guarded,wider-double,profile_jacobian_spectrum_rank,12,12,==,fit.profile_jacobian_spectrum.rank,pass
weak-1e-4,guarded,wider-double,legacy_local_correction,1.9625717193096787e-13,1e-10,<=,fit.local_correction_inf,pass
weak-1e-4,guarded,wider-double,precision_local_correction,1.803248317510958e-13,1e-10,<=,audit.precision.local_correction_inf,pass
weak-1e-4,guarded,wider-double,fixed_face_reference_valid50,True,True,==,audit.precision.valid50,pass
weak-1e-4,guarded,wider-double,fixed_face_reference_valid100,True,True,==,audit.precision.valid100,pass
weak-1e-4,guarded,wider-double,fixed_face_reference_agreement_passed,True,True,==,audit.precision.agreement_passed,pass
weak-1e-4,guarded,wider-double,fixed_face_reference_fixed_face_feasible,True,True,==,audit.precision.fixed_face_feasible,pass
weak-1e-4,guarded,wider-double,fixed_face_reference_derivative_passed,True,True,==,audit.precision.derivative_passed,pass
weak-1e-4,guarded,wider-double,precision_projected_kkt,2.874248883e-119,1e-10,<=,audit.precision.projected_kkt,pass
weak-1e-4,guarded,wider-double,precision_b_gradient_inf,9.922757877279352e-18,1e-12,<=,audit.precision.b_gradient,pass
weak-1e-4,guarded,wider-double,direction_0_estimated_relative_error,1.5388337002685042e-10,1e-07,<=,audit.ladders.0.estimated_relative_error,pass
weak-1e-4,guarded,wider-double,direction_0_first_relative_error,1.954854687836671e-11,1e-06,<=,audit.ladders.0.first_relative_error,pass
weak-1e-4,guarded,wider-double,direction_0_second_relative_error,3.633512035895567e-11,1e-06,<=,audit.ladders.0.second_relative_error,pass
weak-1e-4,guarded,wider-double,direction_1_estimated_relative_error,1.7546034233232939e-10,1e-07,<=,audit.ladders.1.estimated_relative_error,pass
weak-1e-4,guarded,wider-double,direction_1_first_relative_error,2.1779639100415487e-11,1e-06,<=,audit.ladders.1.first_relative_error,pass
weak-1e-4,guarded,wider-double,direction_1_second_relative_error,5.1086838538380194e-11,1e-06,<=,audit.ladders.1.second_relative_error,pass
weak-1e-4,guarded,wider-double,direction_2_estimated_relative_error,1.3946332188256935e-07,1e-07,<=,audit.ladders.2.estimated_relative_error,fail
weak-1e-4,guarded,wider-double,direction_2_first_relative_error,2.7522388004965973e-08,1e-06,<=,audit.ladders.2.first_relative_error,pass
weak-1e-4,guarded,wider-double,direction_2_second_relative_error,3.4514028900459454e-08,1e-06,<=,audit.ladders.2.second_relative_error,pass
weak-1e-4,guarded,mixed-double,primary_feasible,True,True,==,fit.primary.feasible,pass
weak-1e-4,guarded,mixed-double,primary_projected_kkt,1.6653345369377348e-16,1e-10,<=,fit.primary.projected_kkt,pass
weak-1e-4,guarded,mixed-double,primary_b_gradient_inf,8.069624708984044e-17,1e-12,<=,fit.primary.b_gradient_inf,pass
weak-1e-4,guarded,mixed-double,reference_feasible,True,True,==,fit.reference.feasible,pass
weak-1e-4,guarded,mixed-double,reference_projected_kkt,1.5265566588595902e-15,1e-10,<=,fit.reference.projected_kkt,pass
weak-1e-4,guarded,mixed-double,reference_b_gradient_inf,3.183791664741256e-16,1e-12,<=,fit.reference.b_gradient_inf,pass
weak-1e-4,guarded,mixed-double,coefficient_agreement,5.475838595715309e-15,1e-10,<=,fit.scaled_reference_difference,pass
weak-1e-4,guarded,mixed-double,design_spectrum_rank,24,24,==,fit.design_spectrum.rank,pass
weak-1e-4,guarded,mixed-double,width_spectrum_rank,12,12,==,fit.width_spectrum.rank,pass
weak-1e-4,guarded,mixed-double,profile_jacobian_spectrum_rank,12,12,==,fit.profile_jacobian_spectrum.rank,pass
weak-1e-4,guarded,mixed-double,legacy_local_correction,1.3104490542915685e-13,1e-10,<=,fit.local_correction_inf,pass
weak-1e-4,guarded,mixed-double,precision_local_correction,2.026363832121737e-13,1e-10,<=,audit.precision.local_correction_inf,pass
weak-1e-4,guarded,mixed-double,fixed_face_reference_valid50,True,True,==,audit.precision.valid50,pass
weak-1e-4,guarded,mixed-double,fixed_face_reference_valid100,True,True,==,audit.precision.valid100,pass
weak-1e-4,guarded,mixed-double,fixed_face_reference_agreement_passed,True,True,==,audit.precision.agreement_passed,pass
weak-1e-4,guarded,mixed-double,fixed_face_reference_fixed_face_feasible,True,True,==,audit.precision.fixed_face_feasible,pass
weak-1e-4,guarded,mixed-double,fixed_face_reference_derivative_passed,True,True,==,audit.precision.derivative_passed,pass
weak-1e-4,guarded,mixed-double,precision_projected_kkt,2.912468446e-119,1e-10,<=,audit.precision.projected_kkt,pass
weak-1e-4,guarded,mixed-double,precision_b_gradient_inf,1.2446088572771737e-17,1e-12,<=,audit.precision.b_gradient,pass
weak-1e-4,guarded,mixed-double,direction_0_estimated_relative_error,1.5274062516719073e-10,1e-07,<=,audit.ladders.0.estimated_relative_error,pass
weak-1e-4,guarded,mixed-double,direction_0_first_relative_error,2.647507519113822e-11,1e-06,<=,audit.ladders.0.first_relative_error,pass
weak-1e-4,guarded,mixed-double,direction_0_second_relative_error,4.011941473670778e-11,1e-06,<=,audit.ladders.0.second_relative_error,pass
weak-1e-4,guarded,mixed-double,direction_1_estimated_relative_error,1.9939600995949735e-10,1e-07,<=,audit.ladders.1.estimated_relative_error,pass
weak-1e-4,guarded,mixed-double,direction_1_first_relative_error,3.725441827106457e-11,1e-06,<=,audit.ladders.1.first_relative_error,pass
weak-1e-4,guarded,mixed-double,direction_1_second_relative_error,5.4275823071197844e-11,1e-06,<=,audit.ladders.1.second_relative_error,pass
weak-1e-4,guarded,mixed-double,direction_2_estimated_relative_error,1.3621831180520678e-07,1e-07,<=,audit.ladders.2.estimated_relative_error,fail
weak-1e-4,guarded,mixed-double,direction_2_first_relative_error,2.6160116524416757e-08,1e-06,<=,audit.ladders.2.first_relative_error,pass
weak-1e-4,guarded,mixed-double,direction_2_second_relative_error,3.246541309174464e-08,1e-06,<=,audit.ladders.2.second_relative_error,pass
weak-1e-4,guarded,first-stage-float32,primary_feasible,True,True,==,fit.primary.feasible,pass
weak-1e-4,guarded,first-stage-float32,primary_projected_kkt,3.3306690738754696e-16,1e-10,<=,fit.primary.projected_kkt,pass
weak-1e-4,guarded,first-stage-float32,primary_b_gradient_inf,1.7443694339948702e-15,1e-12,<=,fit.primary.b_gradient_inf,pass
weak-1e-4,guarded,first-stage-float32,reference_feasible,True,True,==,fit.reference.feasible,pass
weak-1e-4,guarded,first-stage-float32,reference_projected_kkt,1.8735013540549517e-15,1e-10,<=,fit.reference.projected_kkt,pass
weak-1e-4,guarded,first-stage-float32,reference_b_gradient_inf,1.8690430089781825e-15,1e-12,<=,fit.reference.b_gradient_inf,pass
weak-1e-4,guarded,first-stage-float32,coefficient_agreement,2.1347776297243832e-14,1e-10,<=,fit.scaled_reference_difference,pass
weak-1e-4,guarded,first-stage-float32,design_spectrum_rank,24,24,==,fit.design_spectrum.rank,pass
weak-1e-4,guarded,first-stage-float32,width_spectrum_rank,12,12,==,fit.width_spectrum.rank,pass
weak-1e-4,guarded,first-stage-float32,profile_jacobian_spectrum_rank,12,12,==,fit.profile_jacobian_spectrum.rank,pass
weak-1e-4,guarded,first-stage-float32,legacy_local_correction,2.719811133977267e-09,1e-10,<=,fit.local_correction_inf,fail
weak-1e-4,guarded,first-stage-float32,precision_local_correction,2.719702023053884e-09,1e-10,<=,audit.precision.local_correction_inf,fail
weak-1e-4,guarded,first-stage-float32,fixed_face_reference_valid50,True,True,==,audit.precision.valid50,pass
weak-1e-4,guarded,first-stage-float32,fixed_face_reference_valid100,True,True,==,audit.precision.valid100,pass
weak-1e-4,guarded,first-stage-float32,fixed_face_reference_agreement_passed,True,True,==,audit.precision.agreement_passed,pass
weak-1e-4,guarded,first-stage-float32,fixed_face_reference_fixed_face_feasible,True,True,==,audit.precision.fixed_face_feasible,pass
weak-1e-4,guarded,first-stage-float32,fixed_face_reference_derivative_passed,True,True,==,audit.precision.derivative_passed,pass
weak-1e-4,guarded,first-stage-float32,precision_projected_kkt,2.895974236e-119,1e-10,<=,audit.precision.projected_kkt,pass
weak-1e-4,guarded,first-stage-float32,precision_b_gradient_inf,1.7483891207939916e-15,1e-12,<=,audit.precision.b_gradient,pass
weak-1e-4,guarded,first-stage-float32,direction_0_estimated_relative_error,1.472202359532632e-10,1e-07,<=,audit.ladders.0.estimated_relative_error,pass
weak-1e-4,guarded,first-stage-float32,direction_0_first_relative_error,1.904079255778782e-11,1e-06,<=,audit.ladders.0.first_relative_error,pass
weak-1e-4,guarded,first-stage-float32,direction_0_second_relative_error,3.868098316410546e-11,1e-06,<=,audit.ladders.0.second_relative_error,pass
weak-1e-4,guarded,first-stage-float32,direction_1_estimated_relative_error,1.6027113823818346e-10,1e-07,<=,audit.ladders.1.estimated_relative_error,pass
weak-1e-4,guarded,first-stage-float32,direction_1_first_relative_error,2.3275541688839153e-11,1e-06,<=,audit.ladders.1.first_relative_error,pass
weak-1e-4,guarded,first-stage-float32,direction_1_second_relative_error,4.782328618678378e-11,1e-06,<=,audit.ladders.1.second_relative_error,pass
weak-1e-4,guarded,first-stage-float32,direction_2_estimated_relative_error,1.2972219527857272e-07,1e-07,<=,audit.ladders.2.estimated_relative_error,fail
weak-1e-4,guarded,first-stage-float32,direction_2_first_relative_error,1.9899956088389945e-08,1e-06,<=,audit.ladders.2.first_relative_error,pass
weak-1e-4,guarded,first-stage-float32,direction_2_second_relative_error,2.577417714688849e-08,1e-06,<=,audit.ladders.2.second_relative_error,pass
weak-1e-4,guarded,narrower-float32,primary_feasible,True,True,==,fit.primary.feasible,pass
weak-1e-4,guarded,narrower-float32,primary_projected_kkt,1.3877787807814457e-16,1e-10,<=,fit.primary.projected_kkt,pass
weak-1e-4,guarded,narrower-float32,primary_b_gradient_inf,2.3530264252463496e-16,1e-12,<=,fit.primary.b_gradient_inf,pass
weak-1e-4,guarded,narrower-float32,reference_feasible,True,True,==,fit.reference.feasible,pass
weak-1e-4,guarded,narrower-float32,reference_projected_kkt,1.1796119636642288e-15,1e-10,<=,fit.reference.projected_kkt,pass
weak-1e-4,guarded,narrower-float32,reference_b_gradient_inf,3.619748312420608e-16,1e-12,<=,fit.reference.b_gradient_inf,pass
weak-1e-4,guarded,narrower-float32,coefficient_agreement,4.948422607250905e-15,1e-10,<=,fit.scaled_reference_difference,pass
weak-1e-4,guarded,narrower-float32,design_spectrum_rank,24,24,==,fit.design_spectrum.rank,pass
weak-1e-4,guarded,narrower-float32,width_spectrum_rank,12,12,==,fit.width_spectrum.rank,pass
weak-1e-4,guarded,narrower-float32,profile_jacobian_spectrum_rank,12,12,==,fit.profile_jacobian_spectrum.rank,pass
weak-1e-4,guarded,narrower-float32,legacy_local_correction,3.6256063609925445e-10,1e-10,<=,fit.local_correction_inf,fail
weak-1e-4,guarded,narrower-float32,precision_local_correction,3.626588631303501e-10,1e-10,<=,audit.precision.local_correction_inf,fail
weak-1e-4,guarded,narrower-float32,fixed_face_reference_valid50,True,True,==,audit.precision.valid50,pass
weak-1e-4,guarded,narrower-float32,fixed_face_reference_valid100,True,True,==,audit.precision.valid100,pass
weak-1e-4,guarded,narrower-float32,fixed_face_reference_agreement_passed,True,True,==,audit.precision.agreement_passed,pass
weak-1e-4,guarded,narrower-float32,fixed_face_reference_fixed_face_feasible,True,True,==,audit.precision.fixed_face_feasible,pass
weak-1e-4,guarded,narrower-float32,fixed_face_reference_derivative_passed,True,True,==,audit.precision.derivative_passed,pass
weak-1e-4,guarded,narrower-float32,precision_projected_kkt,2.888586066e-119,1e-10,<=,audit.precision.projected_kkt,pass
weak-1e-4,guarded,narrower-float32,precision_b_gradient_inf,2.614324294360408e-16,1e-12,<=,audit.precision.b_gradient,pass
weak-1e-4,guarded,narrower-float32,direction_0_estimated_relative_error,1.5618994099950854e-10,1e-07,<=,audit.ladders.0.estimated_relative_error,pass
weak-1e-4,guarded,narrower-float32,direction_0_first_relative_error,1.98805149772702e-11,1e-06,<=,audit.ladders.0.first_relative_error,pass
weak-1e-4,guarded,narrower-float32,direction_0_second_relative_error,4.2935172753412905e-11,1e-06,<=,audit.ladders.0.second_relative_error,pass
weak-1e-4,guarded,narrower-float32,direction_1_estimated_relative_error,1.5464256888018992e-10,1e-07,<=,audit.ladders.1.estimated_relative_error,pass
weak-1e-4,guarded,narrower-float32,direction_1_first_relative_error,1.6575641069769958e-11,1e-06,<=,audit.ladders.1.first_relative_error,pass
weak-1e-4,guarded,narrower-float32,direction_1_second_relative_error,4.388789684364326e-11,1e-06,<=,audit.ladders.1.second_relative_error,pass
weak-1e-4,guarded,narrower-float32,direction_2_estimated_relative_error,1.142531902056153e-07,1e-07,<=,audit.ladders.2.estimated_relative_error,fail
weak-1e-4,guarded,narrower-float32,direction_2_first_relative_error,2.0259540395197578e-08,1e-06,<=,audit.ladders.2.first_relative_error,pass
weak-1e-4,guarded,narrower-float32,direction_2_second_relative_error,2.682812189068534e-08,1e-06,<=,audit.ladders.2.second_relative_error,pass
weak-1e-4,guarded,wider-float32,primary_feasible,True,True,==,fit.primary.feasible,pass
weak-1e-4,guarded,wider-float32,primary_projected_kkt,1.1102230246251565e-16,1e-10,<=,fit.primary.projected_kkt,pass
weak-1e-4,guarded,wider-float32,primary_b_gradient_inf,5.722334171231681e-17,1e-12,<=,fit.primary.b_gradient_inf,pass
weak-1e-4,guarded,wider-float32,reference_feasible,True,True,==,fit.reference.feasible,pass
weak-1e-4,guarded,wider-float32,reference_projected_kkt,7.771561172376096e-16,1e-10,<=,fit.reference.projected_kkt,pass
weak-1e-4,guarded,wider-float32,reference_b_gradient_inf,4.927727524435207e-16,1e-12,<=,fit.reference.b_gradient_inf,pass
weak-1e-4,guarded,wider-float32,coefficient_agreement,2.4606166388098337e-14,1e-10,<=,fit.scaled_reference_difference,pass
weak-1e-4,guarded,wider-float32,design_spectrum_rank,24,24,==,fit.design_spectrum.rank,pass
weak-1e-4,guarded,wider-float32,width_spectrum_rank,12,12,==,fit.width_spectrum.rank,pass
weak-1e-4,guarded,wider-float32,profile_jacobian_spectrum_rank,12,12,==,fit.profile_jacobian_spectrum.rank,pass
weak-1e-4,guarded,wider-float32,legacy_local_correction,2.4833905317194105e-12,1e-10,<=,fit.local_correction_inf,pass
weak-1e-4,guarded,wider-float32,precision_local_correction,2.1383289866569184e-12,1e-10,<=,audit.precision.local_correction_inf,pass
weak-1e-4,guarded,wider-float32,fixed_face_reference_valid50,True,True,==,audit.precision.valid50,pass
weak-1e-4,guarded,wider-float32,fixed_face_reference_valid100,True,True,==,audit.precision.valid100,pass
weak-1e-4,guarded,wider-float32,fixed_face_reference_agreement_passed,True,True,==,audit.precision.agreement_passed,pass
weak-1e-4,guarded,wider-float32,fixed_face_reference_fixed_face_feasible,True,True,==,audit.precision.fixed_face_feasible,pass
weak-1e-4,guarded,wider-float32,fixed_face_reference_derivative_passed,True,True,==,audit.precision.derivative_passed,pass
weak-1e-4,guarded,wider-float32,precision_projected_kkt,2.897188405e-119,1e-10,<=,audit.precision.projected_kkt,pass
weak-1e-4,guarded,wider-float32,precision_b_gradient_inf,9.504209259619755e-18,1e-12,<=,audit.precision.b_gradient,pass
weak-1e-4,guarded,wider-float32,direction_0_estimated_relative_error,1.7397467816669253e-10,1e-07,<=,audit.ladders.0.estimated_relative_error,pass
weak-1e-4,guarded,wider-float32,direction_0_first_relative_error,2.2585833650193053e-11,1e-06,<=,audit.ladders.0.first_relative_error,pass
weak-1e-4,guarded,wider-float32,direction_0_second_relative_error,4.4360900807177445e-11,1e-06,<=,audit.ladders.0.second_relative_error,pass
weak-1e-4,guarded,wider-float32,direction_1_estimated_relative_error,1.848416815598698e-10,1e-07,<=,audit.ladders.1.estimated_relative_error,pass
weak-1e-4,guarded,wider-float32,direction_1_first_relative_error,2.424538323232247e-11,1e-06,<=,audit.ladders.1.first_relative_error,pass
weak-1e-4,guarded,wider-float32,direction_1_second_relative_error,5.930742193270361e-11,1e-06,<=,audit.ladders.1.second_relative_error,pass
weak-1e-4,guarded,wider-float32,direction_2_estimated_relative_error,1.5039790363901723e-07,1e-07,<=,audit.ladders.2.estimated_relative_error,fail
weak-1e-4,guarded,wider-float32,direction_2_first_relative_error,2.6204242999944244e-08,1e-06,<=,audit.ladders.2.first_relative_error,pass
weak-1e-4,guarded,wider-float32,direction_2_second_relative_error,4.3292333120476995e-08,1e-06,<=,audit.ladders.2.second_relative_error,pass
weak-1e-4,guarded,mixed-float32,primary_feasible,True,True,==,fit.primary.feasible,pass
weak-1e-4,guarded,mixed-float32,primary_projected_kkt,1.3877787807814457e-16,1e-10,<=,fit.primary.projected_kkt,pass
weak-1e-4,guarded,mixed-float32,primary_b_gradient_inf,9.684813835484889e-16,1e-12,<=,fit.primary.b_gradient_inf,pass
weak-1e-4,guarded,mixed-float32,reference_feasible,True,True,==,fit.reference.feasible,pass
weak-1e-4,guarded,mixed-float32,reference_projected_kkt,7.91033905045424e-16,1e-10,<=,fit.reference.projected_kkt,pass
weak-1e-4,guarded,mixed-float32,reference_b_gradient_inf,8.213075557360993e-16,1e-12,<=,fit.reference.b_gradient_inf,pass
weak-1e-4,guarded,mixed-float32,coefficient_agreement,9.451282600587655e-15,1e-10,<=,fit.scaled_reference_difference,pass
weak-1e-4,guarded,mixed-float32,design_spectrum_rank,24,24,==,fit.design_spectrum.rank,pass
weak-1e-4,guarded,mixed-float32,width_spectrum_rank,12,12,==,fit.width_spectrum.rank,pass
weak-1e-4,guarded,mixed-float32,profile_jacobian_spectrum_rank,12,12,==,fit.profile_jacobian_spectrum.rank,pass
weak-1e-4,guarded,mixed-float32,legacy_local_correction,6.149140577632592e-10,1e-10,<=,fit.local_correction_inf,fail
weak-1e-4,guarded,mixed-float32,precision_local_correction,6.148098186121648e-10,1e-10,<=,audit.precision.local_correction_inf,fail
weak-1e-4,guarded,mixed-float32,fixed_face_reference_valid50,True,True,==,audit.precision.valid50,pass
weak-1e-4,guarded,mixed-float32,fixed_face_reference_valid100,True,True,==,audit.precision.valid100,pass
weak-1e-4,guarded,mixed-float32,fixed_face_reference_agreement_passed,True,True,==,audit.precision.agreement_passed,pass
weak-1e-4,guarded,mixed-float32,fixed_face_reference_fixed_face_feasible,True,True,==,audit.precision.fixed_face_feasible,pass
weak-1e-4,guarded,mixed-float32,fixed_face_reference_derivative_passed,True,True,==,audit.precision.derivative_passed,pass
weak-1e-4,guarded,mixed-float32,precision_projected_kkt,2.858972097e-119,1e-10,<=,audit.precision.projected_kkt,pass
weak-1e-4,guarded,mixed-float32,precision_b_gradient_inf,1.0082372471157998e-15,1e-12,<=,audit.precision.b_gradient,pass
weak-1e-4,guarded,mixed-float32,direction_0_estimated_relative_error,1.786711633106754e-10,1e-07,<=,audit.ladders.0.estimated_relative_error,pass
weak-1e-4,guarded,mixed-float32,direction_0_first_relative_error,2.022891197492071e-11,1e-06,<=,audit.ladders.0.first_relative_error,pass
weak-1e-4,guarded,mixed-float32,direction_0_second_relative_error,4.7545014758190684e-11,1e-06,<=,audit.ladders.0.second_relative_error,pass
weak-1e-4,guarded,mixed-float32,direction_1_estimated_relative_error,2.020206555135137e-10,1e-07,<=,audit.ladders.1.estimated_relative_error,pass
weak-1e-4,guarded,mixed-float32,direction_1_first_relative_error,2.0217643513554097e-11,1e-06,<=,audit.ladders.1.first_relative_error,pass
weak-1e-4,guarded,mixed-float32,direction_1_second_relative_error,4.9517513880734405e-11,1e-06,<=,audit.ladders.1.second_relative_error,pass
weak-1e-4,guarded,mixed-float32,direction_2_estimated_relative_error,1.363336365382518e-07,1e-07,<=,audit.ladders.2.estimated_relative_error,fail
weak-1e-4,guarded,mixed-float32,direction_2_first_relative_error,2.5144469526267275e-08,1e-06,<=,audit.ladders.2.first_relative_error,pass
weak-1e-4,guarded,mixed-float32,direction_2_second_relative_error,3.7721068525664855e-08,1e-06,<=,audit.ladders.2.second_relative_error,pass
weak-1e-4,guarded-log,first-stage-double,primary_feasible,True,True,==,fit.primary.feasible,pass
weak-1e-4,guarded-log,first-stage-double,primary_projected_kkt,2.220446049250313e-16,1e-10,<=,fit.primary.projected_kkt,pass
weak-1e-4,guarded-log,first-stage-double,primary_b_gradient_inf,1.0625806686502198e-16,1e-12,<=,fit.primary.b_gradient_inf,pass
weak-1e-4,guarded-log,first-stage-double,reference_feasible,True,True,==,fit.reference.feasible,pass
weak-1e-4,guarded-log,first-stage-double,reference_projected_kkt,1.0269562977782698e-15,1e-10,<=,fit.reference.projected_kkt,pass
weak-1e-4,guarded-log,first-stage-double,reference_b_gradient_inf,2.395326889125134e-16,1e-12,<=,fit.reference.b_gradient_inf,pass
weak-1e-4,guarded-log,first-stage-double,coefficient_agreement,9.193618421843519e-15,1e-10,<=,fit.scaled_reference_difference,pass
weak-1e-4,guarded-log,first-stage-double,design_spectrum_rank,24,24,==,fit.design_spectrum.rank,pass
weak-1e-4,guarded-log,first-stage-double,width_spectrum_rank,12,12,==,fit.width_spectrum.rank,pass
weak-1e-4,guarded-log,first-stage-double,profile_jacobian_spectrum_rank,12,12,==,fit.profile_jacobian_spectrum.rank,pass
weak-1e-4,guarded-log,first-stage-double,legacy_local_correction,2.1226036071566648e-13,1e-10,<=,fit.local_correction_inf,pass
weak-1e-4,guarded-log,first-stage-double,precision_local_correction,4.906282357998657e-13,1e-10,<=,audit.precision.local_correction_inf,pass
weak-1e-4,guarded-log,first-stage-double,fixed_face_reference_valid50,True,True,==,audit.precision.valid50,pass
weak-1e-4,guarded-log,first-stage-double,fixed_face_reference_valid100,True,True,==,audit.precision.valid100,pass
weak-1e-4,guarded-log,first-stage-double,fixed_face_reference_agreement_passed,True,True,==,audit.precision.agreement_passed,pass
weak-1e-4,guarded-log,first-stage-double,fixed_face_reference_fixed_face_feasible,True,True,==,audit.precision.fixed_face_feasible,pass
weak-1e-4,guarded-log,first-stage-double,fixed_face_reference_derivative_passed,True,True,==,audit.precision.derivative_passed,pass
weak-1e-4,guarded-log,first-stage-double,precision_projected_kkt,2.895936661e-119,1e-10,<=,audit.precision.projected_kkt,pass
weak-1e-4,guarded-log,first-stage-double,precision_b_gradient_inf,1.6654421416393327e-17,1e-12,<=,audit.precision.b_gradient,pass
weak-1e-4,guarded-log,first-stage-double,direction_0_estimated_relative_error,1.7259800033520516e-10,1e-07,<=,audit.ladders.0.estimated_relative_error,pass
weak-1e-4,guarded-log,first-stage-double,direction_0_first_relative_error,2.1575468778733677e-11,1e-06,<=,audit.ladders.0.first_relative_error,pass
weak-1e-4,guarded-log,first-stage-double,direction_0_second_relative_error,4.360252322969915e-11,1e-06,<=,audit.ladders.0.second_relative_error,pass
weak-1e-4,guarded-log,first-stage-double,direction_1_estimated_relative_error,1.6491436178354997e-10,1e-07,<=,audit.ladders.1.estimated_relative_error,pass
weak-1e-4,guarded-log,first-stage-double,direction_1_first_relative_error,1.5189194125639928e-11,1e-06,<=,audit.ladders.1.first_relative_error,pass
weak-1e-4,guarded-log,first-stage-double,direction_1_second_relative_error,5.839119012234934e-11,1e-06,<=,audit.ladders.1.second_relative_error,pass
weak-1e-4,guarded-log,first-stage-double,direction_2_estimated_relative_error,1.4207226858817176e-07,1e-07,<=,audit.ladders.2.estimated_relative_error,fail
weak-1e-4,guarded-log,first-stage-double,direction_2_first_relative_error,2.9517024809723647e-08,1e-06,<=,audit.ladders.2.first_relative_error,pass
weak-1e-4,guarded-log,first-stage-double,direction_2_second_relative_error,3.550046718833803e-08,1e-06,<=,audit.ladders.2.second_relative_error,pass
weak-1e-4,guarded-log,narrower-double,primary_feasible,True,True,==,fit.primary.feasible,pass
weak-1e-4,guarded-log,narrower-double,primary_projected_kkt,1.3877787807814457e-16,1e-10,<=,fit.primary.projected_kkt,pass
weak-1e-4,guarded-log,narrower-double,primary_b_gradient_inf,5.69521131767182e-17,1e-12,<=,fit.primary.b_gradient_inf,pass
weak-1e-4,guarded-log,narrower-double,reference_feasible,True,True,==,fit.reference.feasible,pass
weak-1e-4,guarded-log,narrower-double,reference_projected_kkt,8.743006318923108e-16,1e-10,<=,fit.reference.projected_kkt,pass
weak-1e-4,guarded-log,narrower-double,reference_b_gradient_inf,1.9634369627779448e-16,1e-12,<=,fit.reference.b_gradient_inf,pass
weak-1e-4,guarded-log,narrower-double,coefficient_agreement,9.4089157950835e-15,1e-10,<=,fit.scaled_reference_difference,pass
weak-1e-4,guarded-log,narrower-double,design_spectrum_rank,24,24,==,fit.design_spectrum.rank,pass
weak-1e-4,guarded-log,narrower-double,width_spectrum_rank,12,12,==,fit.width_spectrum.rank,pass
weak-1e-4,guarded-log,narrower-double,profile_jacobian_spectrum_rank,12,12,==,fit.profile_jacobian_spectrum.rank,pass
weak-1e-4,guarded-log,narrower-double,legacy_local_correction,4.3481040479410484e-13,1e-10,<=,fit.local_correction_inf,pass
weak-1e-4,guarded-log,narrower-double,precision_local_correction,2.910101359721937e-13,1e-10,<=,audit.precision.local_correction_inf,pass
weak-1e-4,guarded-log,narrower-double,fixed_face_reference_valid50,True,True,==,audit.precision.valid50,pass
weak-1e-4,guarded-log,narrower-double,fixed_face_reference_valid100,True,True,==,audit.precision.valid100,pass
weak-1e-4,guarded-log,narrower-double,fixed_face_reference_agreement_passed,True,True,==,audit.precision.agreement_passed,pass
weak-1e-4,guarded-log,narrower-double,fixed_face_reference_fixed_face_feasible,True,True,==,audit.precision.fixed_face_feasible,pass
weak-1e-4,guarded-log,narrower-double,fixed_face_reference_derivative_passed,True,True,==,audit.precision.derivative_passed,pass
weak-1e-4,guarded-log,narrower-double,precision_projected_kkt,2.863622895e-119,1e-10,<=,audit.precision.projected_kkt,pass
weak-1e-4,guarded-log,narrower-double,precision_b_gradient_inf,1.2573825031689609e-17,1e-12,<=,audit.precision.b_gradient,pass
weak-1e-4,guarded-log,narrower-double,direction_0_estimated_relative_error,1.6286096284439762e-10,1e-07,<=,audit.ladders.0.estimated_relative_error,pass
weak-1e-4,guarded-log,narrower-double,direction_0_first_relative_error,1.745267354257749e-11,1e-06,<=,audit.ladders.0.first_relative_error,pass
weak-1e-4,guarded-log,narrower-double,direction_0_second_relative_error,4.0361177472355166e-11,1e-06,<=,audit.ladders.0.second_relative_error,pass
weak-1e-4,guarded-log,narrower-double,direction_1_estimated_relative_error,1.7273266132768609e-10,1e-07,<=,audit.ladders.1.estimated_relative_error,pass
weak-1e-4,guarded-log,narrower-double,direction_1_first_relative_error,1.5641795495244797e-11,1e-06,<=,audit.ladders.1.first_relative_error,pass
weak-1e-4,guarded-log,narrower-double,direction_1_second_relative_error,5.118021245825531e-11,1e-06,<=,audit.ladders.1.second_relative_error,pass
weak-1e-4,guarded-log,narrower-double,direction_2_estimated_relative_error,1.402964323669602e-07,1e-07,<=,audit.ladders.2.estimated_relative_error,fail
weak-1e-4,guarded-log,narrower-double,direction_2_first_relative_error,3.2708688686819324e-08,1e-06,<=,audit.ladders.2.first_relative_error,pass
weak-1e-4,guarded-log,narrower-double,direction_2_second_relative_error,3.058791130456625e-08,1e-06,<=,audit.ladders.2.second_relative_error,pass
weak-1e-4,guarded-log,wider-double,primary_feasible,True,True,==,fit.primary.feasible,pass
weak-1e-4,guarded-log,wider-double,primary_projected_kkt,2.220446049250313e-16,1e-10,<=,fit.primary.projected_kkt,pass
weak-1e-4,guarded-log,wider-double,primary_b_gradient_inf,7.071786677522715e-17,1e-12,<=,fit.primary.b_gradient_inf,pass
weak-1e-4,guarded-log,wider-double,reference_feasible,True,True,==,fit.reference.feasible,pass
weak-1e-4,guarded-log,wider-double,reference_projected_kkt,1.4155343563970746e-15,1e-10,<=,fit.reference.projected_kkt,pass
weak-1e-4,guarded-log,wider-double,reference_b_gradient_inf,2.1561859321404506e-16,1e-12,<=,fit.reference.b_gradient_inf,pass
weak-1e-4,guarded-log,wider-double,coefficient_agreement,9.432461390685322e-15,1e-10,<=,fit.scaled_reference_difference,pass
weak-1e-4,guarded-log,wider-double,design_spectrum_rank,24,24,==,fit.design_spectrum.rank,pass
weak-1e-4,guarded-log,wider-double,width_spectrum_rank,12,12,==,fit.width_spectrum.rank,pass
weak-1e-4,guarded-log,wider-double,profile_jacobian_spectrum_rank,12,12,==,fit.profile_jacobian_spectrum.rank,pass
weak-1e-4,guarded-log,wider-double,legacy_local_correction,4.498632757631535e-13,1e-10,<=,fit.local_correction_inf,pass
weak-1e-4,guarded-log,wider-double,precision_local_correction,6.919156014978528e-13,1e-10,<=,audit.precision.local_correction_inf,pass
weak-1e-4,guarded-log,wider-double,fixed_face_reference_valid50,True,True,==,audit.precision.valid50,pass
weak-1e-4,guarded-log,wider-double,fixed_face_reference_valid100,True,True,==,audit.precision.valid100,pass
weak-1e-4,guarded-log,wider-double,fixed_face_reference_agreement_passed,True,True,==,audit.precision.agreement_passed,pass
weak-1e-4,guarded-log,wider-double,fixed_face_reference_fixed_face_feasible,True,True,==,audit.precision.fixed_face_feasible,pass
weak-1e-4,guarded-log,wider-double,fixed_face_reference_derivative_passed,True,True,==,audit.precision.derivative_passed,pass
weak-1e-4,guarded-log,wider-double,precision_projected_kkt,2.846433486e-119,1e-10,<=,audit.precision.projected_kkt,pass
weak-1e-4,guarded-log,wider-double,precision_b_gradient_inf,1.286333267165945e-17,1e-12,<=,audit.precision.b_gradient,pass
weak-1e-4,guarded-log,wider-double,direction_0_estimated_relative_error,1.6774599169418063e-10,1e-07,<=,audit.ladders.0.estimated_relative_error,pass
weak-1e-4,guarded-log,wider-double,direction_0_first_relative_error,2.0399231052404878e-11,1e-06,<=,audit.ladders.0.first_relative_error,pass
weak-1e-4,guarded-log,wider-double,direction_0_second_relative_error,4.9480595874985565e-11,1e-06,<=,audit.ladders.0.second_relative_error,pass
weak-1e-4,guarded-log,wider-double,direction_1_estimated_relative_error,1.322761203184418e-10,1e-07,<=,audit.ladders.1.estimated_relative_error,pass
weak-1e-4,guarded-log,wider-double,direction_1_first_relative_error,1.893925082980393e-11,1e-06,<=,audit.ladders.1.first_relative_error,pass
weak-1e-4,guarded-log,wider-double,direction_1_second_relative_error,3.545434968573259e-11,1e-06,<=,audit.ladders.1.second_relative_error,pass
weak-1e-4,guarded-log,wider-double,direction_2_estimated_relative_error,1.3474080640943822e-07,1e-07,<=,audit.ladders.2.estimated_relative_error,fail
weak-1e-4,guarded-log,wider-double,direction_2_first_relative_error,2.2903409428724517e-08,1e-06,<=,audit.ladders.2.first_relative_error,pass
weak-1e-4,guarded-log,wider-double,direction_2_second_relative_error,3.147594277588723e-08,1e-06,<=,audit.ladders.2.second_relative_error,pass
weak-1e-4,guarded-log,mixed-double,primary_feasible,True,True,==,fit.primary.feasible,pass
weak-1e-4,guarded-log,mixed-double,primary_projected_kkt,1.6653345369377348e-16,1e-10,<=,fit.primary.projected_kkt,pass
weak-1e-4,guarded-log,mixed-double,primary_b_gradient_inf,7.231669957920733e-17,1e-12,<=,fit.primary.b_gradient_inf,pass
weak-1e-4,guarded-log,mixed-double,reference_feasible,True,True,==,fit.reference.feasible,pass
weak-1e-4,guarded-log,mixed-double,reference_projected_kkt,1.124100812432971e-15,1e-10,<=,fit.reference.projected_kkt,pass
weak-1e-4,guarded-log,mixed-double,reference_b_gradient_inf,1.8641770381719478e-16,1e-12,<=,fit.reference.b_gradient_inf,pass
weak-1e-4,guarded-log,mixed-double,coefficient_agreement,2.0019115420871784e-14,1e-10,<=,fit.scaled_reference_difference,pass
weak-1e-4,guarded-log,mixed-double,design_spectrum_rank,24,24,==,fit.design_spectrum.rank,pass
weak-1e-4,guarded-log,mixed-double,width_spectrum_rank,12,12,==,fit.width_spectrum.rank,pass
weak-1e-4,guarded-log,mixed-double,profile_jacobian_spectrum_rank,12,12,==,fit.profile_jacobian_spectrum.rank,pass
weak-1e-4,guarded-log,mixed-double,legacy_local_correction,2.400002888150448e-13,1e-10,<=,fit.local_correction_inf,pass
weak-1e-4,guarded-log,mixed-double,precision_local_correction,1.3791038087652938e-13,1e-10,<=,audit.precision.local_correction_inf,pass
weak-1e-4,guarded-log,mixed-double,fixed_face_reference_valid50,True,True,==,audit.precision.valid50,pass
weak-1e-4,guarded-log,mixed-double,fixed_face_reference_valid100,True,True,==,audit.precision.valid100,pass
weak-1e-4,guarded-log,mixed-double,fixed_face_reference_agreement_passed,True,True,==,audit.precision.agreement_passed,pass
weak-1e-4,guarded-log,mixed-double,fixed_face_reference_fixed_face_feasible,True,True,==,audit.precision.fixed_face_feasible,pass
weak-1e-4,guarded-log,mixed-double,fixed_face_reference_derivative_passed,True,True,==,audit.precision.derivative_passed,pass
weak-1e-4,guarded-log,mixed-double,precision_projected_kkt,2.872000006e-119,1e-10,<=,audit.precision.projected_kkt,pass
weak-1e-4,guarded-log,mixed-double,precision_b_gradient_inf,3.439796197346367e-18,1e-12,<=,audit.precision.b_gradient,pass
weak-1e-4,guarded-log,mixed-double,direction_0_estimated_relative_error,1.71987369893525e-10,1e-07,<=,audit.ladders.0.estimated_relative_error,pass
weak-1e-4,guarded-log,mixed-double,direction_0_first_relative_error,2.4917768685626655e-11,1e-06,<=,audit.ladders.0.first_relative_error,pass
weak-1e-4,guarded-log,mixed-double,direction_0_second_relative_error,4.3189680639221465e-11,1e-06,<=,audit.ladders.0.second_relative_error,pass
weak-1e-4,guarded-log,mixed-double,direction_1_estimated_relative_error,1.7727146307323335e-10,1e-07,<=,audit.ladders.1.estimated_relative_error,pass
weak-1e-4,guarded-log,mixed-double,direction_1_first_relative_error,2.372782101174011e-11,1e-06,<=,audit.ladders.1.first_relative_error,pass
weak-1e-4,guarded-log,mixed-double,direction_1_second_relative_error,4.3692691081418227e-11,1e-06,<=,audit.ladders.1.second_relative_error,pass
weak-1e-4,guarded-log,mixed-double,direction_2_estimated_relative_error,1.3727692104427303e-07,1e-07,<=,audit.ladders.2.estimated_relative_error,fail
weak-1e-4,guarded-log,mixed-double,direction_2_first_relative_error,2.5009788985817405e-08,1e-06,<=,audit.ladders.2.first_relative_error,pass
weak-1e-4,guarded-log,mixed-double,direction_2_second_relative_error,3.7029984071486096e-08,1e-06,<=,audit.ladders.2.second_relative_error,pass
weak-1e-4,guarded-log,first-stage-float32,primary_feasible,True,True,==,fit.primary.feasible,pass
weak-1e-4,guarded-log,first-stage-float32,primary_projected_kkt,2.7755575615628914e-16,1e-10,<=,fit.primary.projected_kkt,pass
weak-1e-4,guarded-log,first-stage-float32,primary_b_gradient_inf,1.43251550410173e-16,1e-12,<=,fit.primary.b_gradient_inf,pass
weak-1e-4,guarded-log,first-stage-float32,reference_feasible,True,True,==,fit.reference.feasible,pass
weak-1e-4,guarded-log,first-stage-float32,reference_projected_kkt,5.551115123125783e-16,1e-10,<=,fit.reference.projected_kkt,pass
weak-1e-4,guarded-log,first-stage-float32,reference_b_gradient_inf,3.4132911877509946e-16,1e-12,<=,fit.reference.b_gradient_inf,pass
weak-1e-4,guarded-log,first-stage-float32,coefficient_agreement,8.75952596246472e-15,1e-10,<=,fit.scaled_reference_difference,pass
weak-1e-4,guarded-log,first-stage-float32,design_spectrum_rank,24,24,==,fit.design_spectrum.rank,pass
weak-1e-4,guarded-log,first-stage-float32,width_spectrum_rank,12,12,==,fit.width_spectrum.rank,pass
weak-1e-4,guarded-log,first-stage-float32,profile_jacobian_spectrum_rank,12,12,==,fit.profile_jacobian_spectrum.rank,pass
weak-1e-4,guarded-log,first-stage-float32,legacy_local_correction,2.602999725497794e-10,1e-10,<=,fit.local_correction_inf,fail
weak-1e-4,guarded-log,first-stage-float32,precision_local_correction,2.604581462621793e-10,1e-10,<=,audit.precision.local_correction_inf,fail
weak-1e-4,guarded-log,first-stage-float32,fixed_face_reference_valid50,True,True,==,audit.precision.valid50,pass
weak-1e-4,guarded-log,first-stage-float32,fixed_face_reference_valid100,True,True,==,audit.precision.valid100,pass
weak-1e-4,guarded-log,first-stage-float32,fixed_face_reference_agreement_passed,True,True,==,audit.precision.agreement_passed,pass
weak-1e-4,guarded-log,first-stage-float32,fixed_face_reference_fixed_face_feasible,True,True,==,audit.precision.fixed_face_feasible,pass
weak-1e-4,guarded-log,first-stage-float32,fixed_face_reference_derivative_passed,True,True,==,audit.precision.derivative_passed,pass
weak-1e-4,guarded-log,first-stage-float32,precision_projected_kkt,2.914253187e-119,1e-10,<=,audit.precision.projected_kkt,pass
weak-1e-4,guarded-log,first-stage-float32,precision_b_gradient_inf,1.3517148675767156e-17,1e-12,<=,audit.precision.b_gradient,pass
weak-1e-4,guarded-log,first-stage-float32,direction_0_estimated_relative_error,1.4229729724802116e-10,1e-07,<=,audit.ladders.0.estimated_relative_error,pass
weak-1e-4,guarded-log,first-stage-float32,direction_0_first_relative_error,2.3665283180160307e-11,1e-06,<=,audit.ladders.0.first_relative_error,pass
weak-1e-4,guarded-log,first-stage-float32,direction_0_second_relative_error,3.1382521289642126e-11,1e-06,<=,audit.ladders.0.second_relative_error,pass
weak-1e-4,guarded-log,first-stage-float32,direction_1_estimated_relative_error,1.7790347743424323e-10,1e-07,<=,audit.ladders.1.estimated_relative_error,pass
weak-1e-4,guarded-log,first-stage-float32,direction_1_first_relative_error,3.0444988084726137e-11,1e-06,<=,audit.ladders.1.first_relative_error,pass
weak-1e-4,guarded-log,first-stage-float32,direction_1_second_relative_error,3.871428533860809e-11,1e-06,<=,audit.ladders.1.second_relative_error,pass
weak-1e-4,guarded-log,first-stage-float32,direction_2_estimated_relative_error,1.3704312779781745e-07,1e-07,<=,audit.ladders.2.estimated_relative_error,fail
weak-1e-4,guarded-log,first-stage-float32,direction_2_first_relative_error,2.501518976967712e-08,1e-06,<=,audit.ladders.2.first_relative_error,pass
weak-1e-4,guarded-log,first-stage-float32,direction_2_second_relative_error,3.594806101314486e-08,1e-06,<=,audit.ladders.2.second_relative_error,pass
weak-1e-4,guarded-log,narrower-float32,primary_feasible,True,True,==,fit.primary.feasible,pass
weak-1e-4,guarded-log,narrower-float32,primary_projected_kkt,3.885780586188048e-16,1e-10,<=,fit.primary.projected_kkt,pass
weak-1e-4,guarded-log,narrower-float32,primary_b_gradient_inf,1.940772598086635e-16,1e-12,<=,fit.primary.b_gradient_inf,pass
weak-1e-4,guarded-log,narrower-float32,reference_feasible,True,True,==,fit.reference.feasible,pass
weak-1e-4,guarded-log,narrower-float32,reference_projected_kkt,8.326672684688674e-16,1e-10,<=,fit.reference.projected_kkt,pass
weak-1e-4,guarded-log,narrower-float32,reference_b_gradient_inf,5.254992561367198e-16,1e-12,<=,fit.reference.b_gradient_inf,pass
weak-1e-4,guarded-log,narrower-float32,coefficient_agreement,2.114611341622174e-14,1e-10,<=,fit.scaled_reference_difference,pass
weak-1e-4,guarded-log,narrower-float32,design_spectrum_rank,24,24,==,fit.design_spectrum.rank,pass
weak-1e-4,guarded-log,narrower-float32,width_spectrum_rank,12,12,==,fit.width_spectrum.rank,pass
weak-1e-4,guarded-log,narrower-float32,profile_jacobian_spectrum_rank,12,12,==,fit.profile_jacobian_spectrum.rank,pass
weak-1e-4,guarded-log,narrower-float32,legacy_local_correction,3.2324101374818225e-13,1e-10,<=,fit.local_correction_inf,pass
weak-1e-4,guarded-log,narrower-float32,precision_local_correction,1.884383249570507e-13,1e-10,<=,audit.precision.local_correction_inf,pass
weak-1e-4,guarded-log,narrower-float32,fixed_face_reference_valid50,True,True,==,audit.precision.valid50,pass
weak-1e-4,guarded-log,narrower-float32,fixed_face_reference_valid100,True,True,==,audit.precision.valid100,pass
weak-1e-4,guarded-log,narrower-float32,fixed_face_reference_agreement_passed,True,True,==,audit.precision.agreement_passed,pass
weak-1e-4,guarded-log,narrower-float32,fixed_face_reference_fixed_face_feasible,True,True,==,audit.precision.fixed_face_feasible,pass
weak-1e-4,guarded-log,narrower-float32,fixed_face_reference_derivative_passed,True,True,==,audit.precision.derivative_passed,pass
weak-1e-4,guarded-log,narrower-float32,precision_projected_kkt,2.884534805e-119,1e-10,<=,audit.precision.projected_kkt,pass
weak-1e-4,guarded-log,narrower-float32,precision_b_gradient_inf,5.972919527885453e-18,1e-12,<=,audit.precision.b_gradient,pass
weak-1e-4,guarded-log,narrower-float32,direction_0_estimated_relative_error,1.8986100485321213e-10,1e-07,<=,audit.ladders.0.estimated_relative_error,pass
weak-1e-4,guarded-log,narrower-float32,direction_0_first_relative_error,3.249120324395796e-11,1e-06,<=,audit.ladders.0.first_relative_error,pass
weak-1e-4,guarded-log,narrower-float32,direction_0_second_relative_error,4.757856438564462e-11,1e-06,<=,audit.ladders.0.second_relative_error,pass
weak-1e-4,guarded-log,narrower-float32,direction_1_estimated_relative_error,1.558457403022325e-10,1e-07,<=,audit.ladders.1.estimated_relative_error,pass
weak-1e-4,guarded-log,narrower-float32,direction_1_first_relative_error,2.3122422771336375e-11,1e-06,<=,audit.ladders.1.first_relative_error,pass
weak-1e-4,guarded-log,narrower-float32,direction_1_second_relative_error,4.6545464329757725e-11,1e-06,<=,audit.ladders.1.second_relative_error,pass
weak-1e-4,guarded-log,narrower-float32,direction_2_estimated_relative_error,1.7427753581672645e-07,1e-07,<=,audit.ladders.2.estimated_relative_error,fail
weak-1e-4,guarded-log,narrower-float32,direction_2_first_relative_error,2.963601662495988e-08,1e-06,<=,audit.ladders.2.first_relative_error,pass
weak-1e-4,guarded-log,narrower-float32,direction_2_second_relative_error,4.9512557556758636e-08,1e-06,<=,audit.ladders.2.second_relative_error,pass
weak-1e-4,guarded-log,wider-float32,primary_feasible,True,True,==,fit.primary.feasible,pass
weak-1e-4,guarded-log,wider-float32,primary_projected_kkt,2.220446049250313e-16,1e-10,<=,fit.primary.projected_kkt,pass
weak-1e-4,guarded-log,wider-float32,primary_b_gradient_inf,8.774269070885534e-17,1e-12,<=,fit.primary.b_gradient_inf,pass
weak-1e-4,guarded-log,wider-float32,reference_feasible,True,True,==,fit.reference.feasible,pass
weak-1e-4,guarded-log,wider-float32,reference_projected_kkt,1.0547118733938987e-15,1e-10,<=,fit.reference.projected_kkt,pass
weak-1e-4,guarded-log,wider-float32,reference_b_gradient_inf,3.722849059920615e-16,1e-12,<=,fit.reference.b_gradient_inf,pass
weak-1e-4,guarded-log,wider-float32,coefficient_agreement,9.068926585154277e-15,1e-10,<=,fit.scaled_reference_difference,pass
weak-1e-4,guarded-log,wider-float32,design_spectrum_rank,24,24,==,fit.design_spectrum.rank,pass
weak-1e-4,guarded-log,wider-float32,width_spectrum_rank,12,12,==,fit.width_spectrum.rank,pass
weak-1e-4,guarded-log,wider-float32,profile_jacobian_spectrum_rank,12,12,==,fit.profile_jacobian_spectrum.rank,pass
weak-1e-4,guarded-log,wider-float32,legacy_local_correction,4.753071589734594e-13,1e-10,<=,fit.local_correction_inf,pass
weak-1e-4,guarded-log,wider-float32,precision_local_correction,4.246013932679224e-13,1e-10,<=,audit.precision.local_correction_inf,pass
weak-1e-4,guarded-log,wider-float32,fixed_face_reference_valid50,True,True,==,audit.precision.valid50,pass
weak-1e-4,guarded-log,wider-float32,fixed_face_reference_valid100,True,True,==,audit.precision.valid100,pass
weak-1e-4,guarded-log,wider-float32,fixed_face_reference_agreement_passed,True,True,==,audit.precision.agreement_passed,pass
weak-1e-4,guarded-log,wider-float32,fixed_face_reference_fixed_face_feasible,True,True,==,audit.precision.fixed_face_feasible,pass
weak-1e-4,guarded-log,wider-float32,fixed_face_reference_derivative_passed,True,True,==,audit.precision.derivative_passed,pass
weak-1e-4,guarded-log,wider-float32,precision_projected_kkt,2.923944557e-119,1e-10,<=,audit.precision.projected_kkt,pass
weak-1e-4,guarded-log,wider-float32,precision_b_gradient_inf,7.802740270385348e-18,1e-12,<=,audit.precision.b_gradient,pass
weak-1e-4,guarded-log,wider-float32,direction_0_estimated_relative_error,1.6139952357617247e-10,1e-07,<=,audit.ladders.0.estimated_relative_error,pass
weak-1e-4,guarded-log,wider-float32,direction_0_first_relative_error,2.959028687808718e-11,1e-06,<=,audit.ladders.0.first_relative_error,pass
weak-1e-4,guarded-log,wider-float32,direction_0_second_relative_error,2.9235797875311995e-11,1e-06,<=,audit.ladders.0.second_relative_error,pass
weak-1e-4,guarded-log,wider-float32,direction_1_estimated_relative_error,1.8777617754356856e-10,1e-07,<=,audit.ladders.1.estimated_relative_error,pass
weak-1e-4,guarded-log,wider-float32,direction_1_first_relative_error,3.503192138574006e-11,1e-06,<=,audit.ladders.1.first_relative_error,pass
weak-1e-4,guarded-log,wider-float32,direction_1_second_relative_error,5.130357498949103e-11,1e-06,<=,audit.ladders.1.second_relative_error,pass
weak-1e-4,guarded-log,wider-float32,direction_2_estimated_relative_error,1.4287822020974515e-07,1e-07,<=,audit.ladders.2.estimated_relative_error,fail
weak-1e-4,guarded-log,wider-float32,direction_2_first_relative_error,2.175846344587806e-08,1e-06,<=,audit.ladders.2.first_relative_error,pass
weak-1e-4,guarded-log,wider-float32,direction_2_second_relative_error,4.395572094613489e-08,1e-06,<=,audit.ladders.2.second_relative_error,pass
weak-1e-4,guarded-log,mixed-float32,primary_feasible,True,True,==,fit.primary.feasible,pass
weak-1e-4,guarded-log,mixed-float32,primary_projected_kkt,1.7689859586932435e-16,1e-10,<=,fit.primary.projected_kkt,pass
weak-1e-4,guarded-log,mixed-float32,primary_b_gradient_inf,7.409307851084057e-17,1e-12,<=,fit.primary.b_gradient_inf,pass
weak-1e-4,guarded-log,mixed-float32,reference_feasible,True,True,==,fit.reference.feasible,pass
weak-1e-4,guarded-log,mixed-float32,reference_projected_kkt,9.43689570931383e-16,1e-10,<=,fit.reference.projected_kkt,pass
weak-1e-4,guarded-log,mixed-float32,reference_b_gradient_inf,2.1584726367799652e-16,1e-12,<=,fit.reference.b_gradient_inf,pass
weak-1e-4,guarded-log,mixed-float32,coefficient_agreement,1.8448881965303445e-14,1e-10,<=,fit.scaled_reference_difference,pass
weak-1e-4,guarded-log,mixed-float32,design_spectrum_rank,24,24,==,fit.design_spectrum.rank,pass
weak-1e-4,guarded-log,mixed-float32,width_spectrum_rank,12,12,==,fit.width_spectrum.rank,pass
weak-1e-4,guarded-log,mixed-float32,profile_jacobian_spectrum_rank,12,12,==,fit.profile_jacobian_spectrum.rank,pass
weak-1e-4,guarded-log,mixed-float32,legacy_local_correction,2.0270638239304955e-11,1e-10,<=,fit.local_correction_inf,pass
weak-1e-4,guarded-log,mixed-float32,precision_local_correction,2.0620105053725224e-11,1e-10,<=,audit.precision.local_correction_inf,pass
weak-1e-4,guarded-log,mixed-float32,fixed_face_reference_valid50,True,True,==,audit.precision.valid50,pass
weak-1e-4,guarded-log,mixed-float32,fixed_face_reference_valid100,True,True,==,audit.precision.valid100,pass
weak-1e-4,guarded-log,mixed-float32,fixed_face_reference_agreement_passed,True,True,==,audit.precision.agreement_passed,pass
weak-1e-4,guarded-log,mixed-float32,fixed_face_reference_fixed_face_feasible,True,True,==,audit.precision.fixed_face_feasible,pass
weak-1e-4,guarded-log,mixed-float32,fixed_face_reference_derivative_passed,True,True,==,audit.precision.derivative_passed,pass
weak-1e-4,guarded-log,mixed-float32,precision_projected_kkt,2.927853597e-119,1e-10,<=,audit.precision.projected_kkt,pass
weak-1e-4,guarded-log,mixed-float32,precision_b_gradient_inf,1.300800778354633e-17,1e-12,<=,audit.precision.b_gradient,pass
weak-1e-4,guarded-log,mixed-float32,direction_0_estimated_relative_error,1.627855900284657e-10,1e-07,<=,audit.ladders.0.estimated_relative_error,pass
weak-1e-4,guarded-log,mixed-float32,direction_0_first_relative_error,2.9421454324593924e-11,1e-06,<=,audit.ladders.0.first_relative_error,pass
weak-1e-4,guarded-log,mixed-float32,direction_0_second_relative_error,3.9232908149250856e-11,1e-06,<=,audit.ladders.0.second_relative_error,pass
weak-1e-4,guarded-log,mixed-float32,direction_1_estimated_relative_error,2.0903697073686082e-10,1e-07,<=,audit.ladders.1.estimated_relative_error,pass
weak-1e-4,guarded-log,mixed-float32,direction_1_first_relative_error,3.281253391243326e-11,1e-06,<=,audit.ladders.1.first_relative_error,pass
weak-1e-4,guarded-log,mixed-float32,direction_1_second_relative_error,6.321968172109772e-11,1e-06,<=,audit.ladders.1.second_relative_error,pass
weak-1e-4,guarded-log,mixed-float32,direction_2_estimated_relative_error,1.2418764374309497e-07,1e-07,<=,audit.ladders.2.estimated_relative_error,fail
weak-1e-4,guarded-log,mixed-float32,direction_2_first_relative_error,1.709262784177488e-08,1e-06,<=,audit.ladders.2.first_relative_error,pass
weak-1e-4,guarded-log,mixed-float32,direction_2_second_relative_error,2.9472310446500088e-08,1e-06,<=,audit.ladders.2.second_relative_error,pass
active-a,legacy,first-stage-double,primary_feasible,True,True,==,fit.primary.feasible,pass
active-a,legacy,first-stage-double,primary_projected_kkt,2.220446049250313e-16,1e-10,<=,fit.primary.projected_kkt,pass
active-a,legacy,first-stage-double,primary_b_gradient_inf,1.0255395728881175e-16,1e-12,<=,fit.primary.b_gradient_inf,pass
active-a,legacy,first-stage-double,reference_feasible,True,True,==,fit.reference.feasible,pass
active-a,legacy,first-stage-double,reference_projected_kkt,1.2698175844150228e-15,1e-10,<=,fit.reference.projected_kkt,pass
active-a,legacy,first-stage-double,reference_b_gradient_inf,1.7033799860002027e-16,1e-12,<=,fit.reference.b_gradient_inf,pass
active-a,legacy,first-stage-double,coefficient_agreement,3.806478941571951e-15,1e-10,<=,fit.scaled_reference_difference,pass
active-a,legacy,first-stage-double,design_spectrum_rank,24,24,==,fit.design_spectrum.rank,pass
active-a,legacy,first-stage-double,width_spectrum_rank,12,12,==,fit.width_spectrum.rank,pass
active-a,legacy,first-stage-double,profile_jacobian_spectrum_rank,12,12,==,fit.profile_jacobian_spectrum.rank,pass
active-a,legacy,first-stage-double,legacy_local_correction,1.1923174925174082e-07,1e-10,<=,fit.local_correction_inf,fail
active-a,legacy,first-stage-double,precision_local_correction,1.1820414663893353e-07,1e-10,<=,audit.precision.local_correction_inf,fail
active-a,legacy,first-stage-double,fixed_face_reference_valid50,True,True,==,audit.precision.valid50,pass
active-a,legacy,first-stage-double,fixed_face_reference_valid100,True,True,==,audit.precision.valid100,pass
active-a,legacy,first-stage-double,fixed_face_reference_agreement_passed,True,True,==,audit.precision.agreement_passed,pass
active-a,legacy,first-stage-double,fixed_face_reference_fixed_face_feasible,True,True,==,audit.precision.fixed_face_feasible,pass
active-a,legacy,first-stage-double,fixed_face_reference_derivative_passed,True,True,==,audit.precision.derivative_passed,pass
active-a,legacy,first-stage-double,precision_projected_kkt,3.028484025e-119,1e-10,<=,audit.precision.projected_kkt,pass
active-a,legacy,first-stage-double,precision_b_gradient_inf,1.6896163995134993e-17,1e-12,<=,audit.precision.b_gradient,pass
active-a,legacy,first-stage-double,direction_0_estimated_relative_error,,1e-07,<=,audit.ladders.0.estimated_relative_error,unavailable
active-a,legacy,first-stage-double,direction_0_first_relative_error,,1e-06,<=,audit.ladders.0.first_relative_error,unavailable
active-a,legacy,first-stage-double,direction_0_second_relative_error,,1e-06,<=,audit.ladders.0.second_relative_error,unavailable
active-a,legacy,first-stage-double,direction_1_estimated_relative_error,,1e-07,<=,audit.ladders.1.estimated_relative_error,unavailable
active-a,legacy,first-stage-double,direction_1_first_relative_error,,1e-06,<=,audit.ladders.1.first_relative_error,unavailable
active-a,legacy,first-stage-double,direction_1_second_relative_error,,1e-06,<=,audit.ladders.1.second_relative_error,unavailable
active-a,legacy,first-stage-double,direction_2_estimated_relative_error,,1e-07,<=,audit.ladders.2.estimated_relative_error,unavailable
active-a,legacy,first-stage-double,direction_2_first_relative_error,,1e-06,<=,audit.ladders.2.first_relative_error,unavailable
active-a,legacy,first-stage-double,direction_2_second_relative_error,,1e-06,<=,audit.ladders.2.second_relative_error,unavailable
active-a,legacy,narrower-double,primary_feasible,True,True,==,fit.primary.feasible,pass
active-a,legacy,narrower-double,primary_projected_kkt,1.6653345369377348e-16,1e-10,<=,fit.primary.projected_kkt,pass
active-a,legacy,narrower-double,primary_b_gradient_inf,3.369433996508654e-17,1e-12,<=,fit.primary.b_gradient_inf,pass
active-a,legacy,narrower-double,reference_feasible,True,True,==,fit.reference.feasible,pass
active-a,legacy,narrower-double,reference_projected_kkt,7.771561172376096e-16,1e-10,<=,fit.reference.projected_kkt,pass
active-a,legacy,narrower-double,reference_b_gradient_inf,3.3306313282551015e-16,1e-12,<=,fit.reference.b_gradient_inf,pass
active-a,legacy,narrower-double,coefficient_agreement,1.3504358393060621e-14,1e-10,<=,fit.scaled_reference_difference,pass
active-a,legacy,narrower-double,design_spectrum_rank,24,24,==,fit.design_spectrum.rank,pass
active-a,legacy,narrower-double,width_spectrum_rank,12,12,==,fit.width_spectrum.rank,pass
active-a,legacy,narrower-double,profile_jacobian_spectrum_rank,12,12,==,fit.profile_jacobian_spectrum.rank,pass
active-a,legacy,narrower-double,legacy_local_correction,3.508816063625506e-08,1e-10,<=,fit.local_correction_inf,fail
active-a,legacy,narrower-double,precision_local_correction,3.180804343018305e-08,1e-10,<=,audit.precision.local_correction_inf,fail
active-a,legacy,narrower-double,fixed_face_reference_valid50,True,True,==,audit.precision.valid50,pass
active-a,legacy,narrower-double,fixed_face_reference_valid100,True,True,==,audit.precision.valid100,pass
active-a,legacy,narrower-double,fixed_face_reference_agreement_passed,True,True,==,audit.precision.agreement_passed,pass
active-a,legacy,narrower-double,fixed_face_reference_fixed_face_feasible,True,True,==,audit.precision.fixed_face_feasible,pass
active-a,legacy,narrower-double,fixed_face_reference_derivative_passed,True,True,==,audit.precision.derivative_passed,pass
active-a,legacy,narrower-double,precision_projected_kkt,3.057931849e-119,1e-10,<=,audit.precision.projected_kkt,pass
active-a,legacy,narrower-double,precision_b_gradient_inf,2.024935179753145e-18,1e-12,<=,audit.precision.b_gradient,pass
active-a,legacy,narrower-double,direction_0_estimated_relative_error,,1e-07,<=,audit.ladders.0.estimated_relative_error,unavailable
active-a,legacy,narrower-double,direction_0_first_relative_error,,1e-06,<=,audit.ladders.0.first_relative_error,unavailable
active-a,legacy,narrower-double,direction_0_second_relative_error,,1e-06,<=,audit.ladders.0.second_relative_error,unavailable
active-a,legacy,narrower-double,direction_1_estimated_relative_error,,1e-07,<=,audit.ladders.1.estimated_relative_error,unavailable
active-a,legacy,narrower-double,direction_1_first_relative_error,,1e-06,<=,audit.ladders.1.first_relative_error,unavailable
active-a,legacy,narrower-double,direction_1_second_relative_error,,1e-06,<=,audit.ladders.1.second_relative_error,unavailable
active-a,legacy,narrower-double,direction_2_estimated_relative_error,,1e-07,<=,audit.ladders.2.estimated_relative_error,unavailable
active-a,legacy,narrower-double,direction_2_first_relative_error,,1e-06,<=,audit.ladders.2.first_relative_error,unavailable
active-a,legacy,narrower-double,direction_2_second_relative_error,,1e-06,<=,audit.ladders.2.second_relative_error,unavailable
active-a,legacy,wider-double,primary_feasible,True,True,==,fit.primary.feasible,pass
active-a,legacy,wider-double,primary_projected_kkt,8.326672684688674e-17,1e-10,<=,fit.primary.projected_kkt,pass
active-a,legacy,wider-double,primary_b_gradient_inf,4.479383178236809e-17,1e-12,<=,fit.primary.b_gradient_inf,pass
active-a,legacy,wider-double,reference_feasible,True,True,==,fit.reference.feasible,pass
active-a,legacy,wider-double,reference_projected_kkt,9.43689570931383e-16,1e-10,<=,fit.reference.projected_kkt,pass
active-a,legacy,wider-double,reference_b_gradient_inf,2.096613126078105e-16,1e-12,<=,fit.reference.b_gradient_inf,pass
active-a,legacy,wider-double,coefficient_agreement,8.252186645035549e-15,1e-10,<=,fit.scaled_reference_difference,pass
active-a,legacy,wider-double,design_spectrum_rank,24,24,==,fit.design_spectrum.rank,pass
active-a,legacy,wider-double,width_spectrum_rank,12,12,==,fit.width_spectrum.rank,pass
active-a,legacy,wider-double,profile_jacobian_spectrum_rank,12,12,==,fit.profile_jacobian_spectrum.rank,pass
active-a,legacy,wider-double,legacy_local_correction,7.00885507749167e-08,1e-10,<=,fit.local_correction_inf,fail
active-a,legacy,wider-double,precision_local_correction,5.766016742075387e-08,1e-10,<=,audit.precision.local_correction_inf,fail
active-a,legacy,wider-double,fixed_face_reference_valid50,True,True,==,audit.precision.valid50,pass
active-a,legacy,wider-double,fixed_face_reference_valid100,True,True,==,audit.precision.valid100,pass
active-a,legacy,wider-double,fixed_face_reference_agreement_passed,True,True,==,audit.precision.agreement_passed,pass
active-a,legacy,wider-double,fixed_face_reference_fixed_face_feasible,True,True,==,audit.precision.fixed_face_feasible,pass
active-a,legacy,wider-double,fixed_face_reference_derivative_passed,False,True,==,audit.precision.derivative_passed,fail
active-a,legacy,wider-double,precision_projected_kkt,3.036318774e-119,1e-10,<=,audit.precision.projected_kkt,pass
active-a,legacy,wider-double,precision_b_gradient_inf,1.1310190027939438e-17,1e-12,<=,audit.precision.b_gradient,pass
active-a,legacy,wider-double,direction_0_estimated_relative_error,,1e-07,<=,audit.ladders.0.estimated_relative_error,unavailable
active-a,legacy,wider-double,direction_0_first_relative_error,,1e-06,<=,audit.ladders.0.first_relative_error,unavailable
active-a,legacy,wider-double,direction_0_second_relative_error,,1e-06,<=,audit.ladders.0.second_relative_error,unavailable
active-a,legacy,wider-double,direction_1_estimated_relative_error,,1e-07,<=,audit.ladders.1.estimated_relative_error,unavailable
active-a,legacy,wider-double,direction_1_first_relative_error,,1e-06,<=,audit.ladders.1.first_relative_error,unavailable
active-a,legacy,wider-double,direction_1_second_relative_error,,1e-06,<=,audit.ladders.1.second_relative_error,unavailable
active-a,legacy,wider-double,direction_2_estimated_relative_error,,1e-07,<=,audit.ladders.2.estimated_relative_error,unavailable
active-a,legacy,wider-double,direction_2_first_relative_error,,1e-06,<=,audit.ladders.2.first_relative_error,unavailable
active-a,legacy,wider-double,direction_2_second_relative_error,,1e-06,<=,audit.ladders.2.second_relative_error,unavailable
active-a,legacy,mixed-double,primary_feasible,True,True,==,fit.primary.feasible,pass
active-a,legacy,mixed-double,primary_projected_kkt,8.326672684688674e-17,1e-10,<=,fit.primary.projected_kkt,pass
active-a,legacy,mixed-double,primary_b_gradient_inf,4.666759117857508e-17,1e-12,<=,fit.primary.b_gradient_inf,pass
active-a,legacy,mixed-double,reference_feasible,True,True,==,fit.reference.feasible,pass
active-a,legacy,mixed-double,reference_projected_kkt,1.186550857568136e-15,1e-10,<=,fit.reference.projected_kkt,pass
active-a,legacy,mixed-double,reference_b_gradient_inf,1.8173946178037517e-16,1e-12,<=,fit.reference.b_gradient_inf,pass
active-a,legacy,mixed-double,coefficient_agreement,1.7467643273444104e-14,1e-10,<=,fit.scaled_reference_difference,pass
active-a,legacy,mixed-double,design_spectrum_rank,24,24,==,fit.design_spectrum.rank,pass
active-a,legacy,mixed-double,width_spectrum_rank,12,12,==,fit.width_spectrum.rank,pass
active-a,legacy,mixed-double,profile_jacobian_spectrum_rank,12,12,==,fit.profile_jacobian_spectrum.rank,pass
active-a,legacy,mixed-double,legacy_local_correction,3.170788837699122e-08,1e-10,<=,fit.local_correction_inf,fail
active-a,legacy,mixed-double,precision_local_correction,2.5679953770236514e-08,1e-10,<=,audit.precision.local_correction_inf,fail
active-a,legacy,mixed-double,fixed_face_reference_valid50,True,True,==,audit.precision.valid50,pass
active-a,legacy,mixed-double,fixed_face_reference_valid100,True,True,==,audit.precision.valid100,pass
active-a,legacy,mixed-double,fixed_face_reference_agreement_passed,True,True,==,audit.precision.agreement_passed,pass
active-a,legacy,mixed-double,fixed_face_reference_fixed_face_feasible,True,True,==,audit.precision.fixed_face_feasible,pass
active-a,legacy,mixed-double,fixed_face_reference_derivative_passed,True,True,==,audit.precision.derivative_passed,pass
active-a,legacy,mixed-double,precision_projected_kkt,3.026176911e-119,1e-10,<=,audit.precision.projected_kkt,pass
active-a,legacy,mixed-double,precision_b_gradient_inf,9.860470999432223e-18,1e-12,<=,audit.precision.b_gradient,pass
active-a,legacy,mixed-double,direction_0_estimated_relative_error,,1e-07,<=,audit.ladders.0.estimated_relative_error,unavailable
active-a,legacy,mixed-double,direction_0_first_relative_error,,1e-06,<=,audit.ladders.0.first_relative_error,unavailable
active-a,legacy,mixed-double,direction_0_second_relative_error,,1e-06,<=,audit.ladders.0.second_relative_error,unavailable
active-a,legacy,mixed-double,direction_1_estimated_relative_error,,1e-07,<=,audit.ladders.1.estimated_relative_error,unavailable
active-a,legacy,mixed-double,direction_1_first_relative_error,,1e-06,<=,audit.ladders.1.first_relative_error,unavailable
active-a,legacy,mixed-double,direction_1_second_relative_error,,1e-06,<=,audit.ladders.1.second_relative_error,unavailable
active-a,legacy,mixed-double,direction_2_estimated_relative_error,,1e-07,<=,audit.ladders.2.estimated_relative_error,unavailable
active-a,legacy,mixed-double,direction_2_first_relative_error,,1e-06,<=,audit.ladders.2.first_relative_error,unavailable
active-a,legacy,mixed-double,direction_2_second_relative_error,,1e-06,<=,audit.ladders.2.second_relative_error,unavailable
active-a,legacy,first-stage-float32,primary_feasible,True,True,==,fit.primary.feasible,pass
active-a,legacy,first-stage-float32,primary_projected_kkt,1.1102230246251565e-16,1e-10,<=,fit.primary.projected_kkt,pass
active-a,legacy,first-stage-float32,primary_b_gradient_inf,3.78294180232343e-17,1e-12,<=,fit.primary.b_gradient_inf,pass
active-a,legacy,first-stage-float32,reference_feasible,True,True,==,fit.reference.feasible,pass
active-a,legacy,first-stage-float32,reference_projected_kkt,6.453171330633722e-16,1e-10,<=,fit.reference.projected_kkt,pass
active-a,legacy,first-stage-float32,reference_b_gradient_inf,3.0150829481225185e-16,1e-12,<=,fit.reference.b_gradient_inf,pass
active-a,legacy,first-stage-float32,coefficient_agreement,1.7934995529883356e-14,1e-10,<=,fit.scaled_reference_difference,pass
active-a,legacy,first-stage-float32,design_spectrum_rank,24,24,==,fit.design_spectrum.rank,pass
active-a,legacy,first-stage-float32,width_spectrum_rank,12,12,==,fit.width_spectrum.rank,pass
active-a,legacy,first-stage-float32,profile_jacobian_spectrum_rank,12,12,==,fit.profile_jacobian_spectrum.rank,pass
active-a,legacy,first-stage-float32,legacy_local_correction,0.3746687085657202,1e-10,<=,fit.local_correction_inf,fail
active-a,legacy,first-stage-float32,precision_local_correction,0.3746687665357151,1e-10,<=,audit.precision.local_correction_inf,fail
active-a,legacy,first-stage-float32,fixed_face_reference_valid50,True,True,==,audit.precision.valid50,pass
active-a,legacy,first-stage-float32,fixed_face_reference_valid100,True,True,==,audit.precision.valid100,pass
active-a,legacy,first-stage-float32,fixed_face_reference_agreement_passed,True,True,==,audit.precision.agreement_passed,pass
active-a,legacy,first-stage-float32,fixed_face_reference_fixed_face_feasible,True,True,==,audit.precision.fixed_face_feasible,pass
active-a,legacy,first-stage-float32,fixed_face_reference_derivative_passed,True,True,==,audit.precision.derivative_passed,pass
active-a,legacy,first-stage-float32,precision_projected_kkt,3.037256921e-119,1e-10,<=,audit.precision.projected_kkt,pass
active-a,legacy,first-stage-float32,precision_b_gradient_inf,7.702101740437864e-18,1e-12,<=,audit.precision.b_gradient,pass
active-a,legacy,first-stage-float32,direction_0_estimated_relative_error,,1e-07,<=,audit.ladders.0.estimated_relative_error,unavailable
active-a,legacy,first-stage-float32,direction_0_first_relative_error,,1e-06,<=,audit.ladders.0.first_relative_error,unavailable
active-a,legacy,first-stage-float32,direction_0_second_relative_error,,1e-06,<=,audit.ladders.0.second_relative_error,unavailable
active-a,legacy,first-stage-float32,direction_1_estimated_relative_error,,1e-07,<=,audit.ladders.1.estimated_relative_error,unavailable
active-a,legacy,first-stage-float32,direction_1_first_relative_error,,1e-06,<=,audit.ladders.1.first_relative_error,unavailable
active-a,legacy,first-stage-float32,direction_1_second_relative_error,,1e-06,<=,audit.ladders.1.second_relative_error,unavailable
active-a,legacy,first-stage-float32,direction_2_estimated_relative_error,,1e-07,<=,audit.ladders.2.estimated_relative_error,unavailable
active-a,legacy,first-stage-float32,direction_2_first_relative_error,,1e-06,<=,audit.ladders.2.first_relative_error,unavailable
active-a,legacy,first-stage-float32,direction_2_second_relative_error,,1e-06,<=,audit.ladders.2.second_relative_error,unavailable
active-a,legacy,narrower-float32,primary_feasible,True,True,==,fit.primary.feasible,pass
active-a,legacy,narrower-float32,primary_projected_kkt,2.42861286636753e-16,1e-10,<=,fit.primary.projected_kkt,pass
active-a,legacy,narrower-float32,primary_b_gradient_inf,7.715601971245118e-17,1e-12,<=,fit.primary.b_gradient_inf,pass
active-a,legacy,narrower-float32,reference_feasible,True,True,==,fit.reference.feasible,pass
active-a,legacy,narrower-float32,reference_projected_kkt,2.1649348980190553e-15,1e-10,<=,fit.reference.projected_kkt,pass
active-a,legacy,narrower-float32,reference_b_gradient_inf,2.4037609426454546e-16,1e-12,<=,fit.reference.b_gradient_inf,pass
active-a,legacy,narrower-float32,coefficient_agreement,2.160157644747291e-14,1e-10,<=,fit.scaled_reference_difference,pass
active-a,legacy,narrower-float32,design_spectrum_rank,24,24,==,fit.design_spectrum.rank,pass
active-a,legacy,narrower-float32,width_spectrum_rank,12,12,==,fit.width_spectrum.rank,pass
active-a,legacy,narrower-float32,profile_jacobian_spectrum_rank,12,12,==,fit.profile_jacobian_spectrum.rank,pass
active-a,legacy,narrower-float32,legacy_local_correction,1.9702209784199344e-12,1e-10,<=,fit.local_correction_inf,pass
active-a,legacy,narrower-float32,precision_local_correction,2.7097256837824827e-12,1e-10,<=,audit.precision.local_correction_inf,pass
active-a,legacy,narrower-float32,fixed_face_reference_valid50,True,True,==,audit.precision.valid50,pass
active-a,legacy,narrower-float32,fixed_face_reference_valid100,True,True,==,audit.precision.valid100,pass
active-a,legacy,narrower-float32,fixed_face_reference_agreement_passed,True,True,==,audit.precision.agreement_passed,pass
active-a,legacy,narrower-float32,fixed_face_reference_fixed_face_feasible,True,True,==,audit.precision.fixed_face_feasible,pass
active-a,legacy,narrower-float32,fixed_face_reference_derivative_passed,True,True,==,audit.precision.derivative_passed,pass
active-a,legacy,narrower-float32,precision_projected_kkt,6.429893795632342e-18,1e-10,<=,audit.precision.projected_kkt,pass
active-a,legacy,narrower-float32,precision_b_gradient_inf,8.841830320118698e-18,1e-12,<=,audit.precision.b_gradient,pass
active-a,legacy,narrower-float32,direction_0_estimated_relative_error,,1e-07,<=,audit.ladders.0.estimated_relative_error,unavailable
active-a,legacy,narrower-float32,direction_0_first_relative_error,,1e-06,<=,audit.ladders.0.first_relative_error,unavailable
active-a,legacy,narrower-float32,direction_0_second_relative_error,,1e-06,<=,audit.ladders.0.second_relative_error,unavailable
active-a,legacy,narrower-float32,direction_1_estimated_relative_error,,1e-07,<=,audit.ladders.1.estimated_relative_error,unavailable
active-a,legacy,narrower-float32,direction_1_first_relative_error,,1e-06,<=,audit.ladders.1.first_relative_error,unavailable
active-a,legacy,narrower-float32,direction_1_second_relative_error,,1e-06,<=,audit.ladders.1.second_relative_error,unavailable
active-a,legacy,narrower-float32,direction_2_estimated_relative_error,3.257573472142908e-05,1e-07,<=,audit.ladders.2.estimated_relative_error,fail
active-a,legacy,narrower-float32,direction_2_first_relative_error,5.901976928228788e-06,1e-06,<=,audit.ladders.2.first_relative_error,fail
active-a,legacy,narrower-float32,direction_2_second_relative_error,6.4616611424840024e-06,1e-06,<=,audit.ladders.2.second_relative_error,fail
active-a,legacy,wider-float32,primary_feasible,True,True,==,fit.primary.feasible,pass
active-a,legacy,wider-float32,primary_projected_kkt,8.326672684688674e-17,1e-10,<=,fit.primary.projected_kkt,pass
active-a,legacy,wider-float32,primary_b_gradient_inf,3.9032164941613836e-17,1e-12,<=,fit.primary.b_gradient_inf,pass
active-a,legacy,wider-float32,reference_feasible,True,True,==,fit.reference.feasible,pass
active-a,legacy,wider-float32,reference_projected_kkt,5.828670879282072e-16,1e-10,<=,fit.reference.projected_kkt,pass
active-a,legacy,wider-float32,reference_b_gradient_inf,2.1994113142743644e-16,1e-12,<=,fit.reference.b_gradient_inf,pass
active-a,legacy,wider-float32,coefficient_agreement,3.862650940551066e-15,1e-10,<=,fit.scaled_reference_difference,pass
active-a,legacy,wider-float32,design_spectrum_rank,24,24,==,fit.design_spectrum.rank,pass
active-a,legacy,wider-float32,width_spectrum_rank,12,12,==,fit.width_spectrum.rank,pass
active-a,legacy,wider-float32,profile_jacobian_spectrum_rank,12,12,==,fit.profile_jacobian_spectrum.rank,pass
active-a,legacy,wider-float32,legacy_local_correction,0.09412909694914011,1e-10,<=,fit.local_correction_inf,fail
active-a,legacy,wider-float32,precision_local_correction,0.09412909623681222,1e-10,<=,audit.precision.local_correction_inf,fail
active-a,legacy,wider-float32,fixed_face_reference_valid50,True,True,==,audit.precision.valid50,pass
active-a,legacy,wider-float32,fixed_face_reference_valid100,True,True,==,audit.precision.valid100,pass
active-a,legacy,wider-float32,fixed_face_reference_agreement_passed,True,True,==,audit.precision.agreement_passed,pass
active-a,legacy,wider-float32,fixed_face_reference_fixed_face_feasible,True,True,==,audit.precision.fixed_face_feasible,pass
active-a,legacy,wider-float32,fixed_face_reference_derivative_passed,True,True,==,audit.precision.derivative_passed,pass
active-a,legacy,wider-float32,precision_projected_kkt,3.014531448e-119,1e-10,<=,audit.precision.projected_kkt,pass
active-a,legacy,wider-float32,precision_b_gradient_inf,8.124737592879023e-18,1e-12,<=,audit.precision.b_gradient,pass
active-a,legacy,wider-float32,direction_0_estimated_relative_error,,1e-07,<=,audit.ladders.0.estimated_relative_error,unavailable
active-a,legacy,wider-float32,direction_0_first_relative_error,,1e-06,<=,audit.ladders.0.first_relative_error,unavailable
active-a,legacy,wider-float32,direction_0_second_relative_error,,1e-06,<=,audit.ladders.0.second_relative_error,unavailable
active-a,legacy,wider-float32,direction_1_estimated_relative_error,,1e-07,<=,audit.ladders.1.estimated_relative_error,unavailable
active-a,legacy,wider-float32,direction_1_first_relative_error,,1e-06,<=,audit.ladders.1.first_relative_error,unavailable
active-a,legacy,wider-float32,direction_1_second_relative_error,,1e-06,<=,audit.ladders.1.second_relative_error,unavailable
active-a,legacy,wider-float32,direction_2_estimated_relative_error,,1e-07,<=,audit.ladders.2.estimated_relative_error,unavailable
active-a,legacy,wider-float32,direction_2_first_relative_error,,1e-06,<=,audit.ladders.2.first_relative_error,unavailable
active-a,legacy,wider-float32,direction_2_second_relative_error,,1e-06,<=,audit.ladders.2.second_relative_error,unavailable
active-a,legacy,mixed-float32,primary_feasible,True,True,==,fit.primary.feasible,pass
active-a,legacy,mixed-float32,primary_projected_kkt,2.220446049250313e-16,1e-10,<=,fit.primary.projected_kkt,pass
active-a,legacy,mixed-float32,primary_b_gradient_inf,1.1606846160202192e-16,1e-12,<=,fit.primary.b_gradient_inf,pass
active-a,legacy,mixed-float32,reference_feasible,True,True,==,fit.reference.feasible,pass
active-a,legacy,mixed-float32,reference_projected_kkt,1.1102230246251565e-15,1e-10,<=,fit.reference.projected_kkt,pass
active-a,legacy,mixed-float32,reference_b_gradient_inf,1.2027264791254235e-16,1e-12,<=,fit.reference.b_gradient_inf,pass
active-a,legacy,mixed-float32,coefficient_agreement,1.0655105362572773e-14,1e-10,<=,fit.scaled_reference_difference,pass
active-a,legacy,mixed-float32,design_spectrum_rank,24,24,==,fit.design_spectrum.rank,pass
active-a,legacy,mixed-float32,width_spectrum_rank,12,12,==,fit.width_spectrum.rank,pass
active-a,legacy,mixed-float32,profile_jacobian_spectrum_rank,12,12,==,fit.profile_jacobian_spectrum.rank,pass
active-a,legacy,mixed-float32,legacy_local_correction,0.40352415038647704,1e-10,<=,fit.local_correction_inf,fail
active-a,legacy,mixed-float32,precision_local_correction,0.4035241027274145,1e-10,<=,audit.precision.local_correction_inf,fail
active-a,legacy,mixed-float32,fixed_face_reference_valid50,True,True,==,audit.precision.valid50,pass
active-a,legacy,mixed-float32,fixed_face_reference_valid100,True,True,==,audit.precision.valid100,pass
active-a,legacy,mixed-float32,fixed_face_reference_agreement_passed,True,True,==,audit.precision.agreement_passed,pass
active-a,legacy,mixed-float32,fixed_face_reference_fixed_face_feasible,True,True,==,audit.precision.fixed_face_feasible,pass
active-a,legacy,mixed-float32,fixed_face_reference_derivative_passed,True,True,==,audit.precision.derivative_passed,pass
active-a,legacy,mixed-float32,precision_projected_kkt,2.998884352e-119,1e-10,<=,audit.precision.projected_kkt,pass
active-a,legacy,mixed-float32,precision_b_gradient_inf,1.2667307838829859e-17,1e-12,<=,audit.precision.b_gradient,pass
active-a,legacy,mixed-float32,direction_0_estimated_relative_error,,1e-07,<=,audit.ladders.0.estimated_relative_error,unavailable
active-a,legacy,mixed-float32,direction_0_first_relative_error,,1e-06,<=,audit.ladders.0.first_relative_error,unavailable
active-a,legacy,mixed-float32,direction_0_second_relative_error,,1e-06,<=,audit.ladders.0.second_relative_error,unavailable
active-a,legacy,mixed-float32,direction_1_estimated_relative_error,,1e-07,<=,audit.ladders.1.estimated_relative_error,unavailable
active-a,legacy,mixed-float32,direction_1_first_relative_error,,1e-06,<=,audit.ladders.1.first_relative_error,unavailable
active-a,legacy,mixed-float32,direction_1_second_relative_error,,1e-06,<=,audit.ladders.1.second_relative_error,unavailable
active-a,legacy,mixed-float32,direction_2_estimated_relative_error,,1e-07,<=,audit.ladders.2.estimated_relative_error,unavailable
active-a,legacy,mixed-float32,direction_2_first_relative_error,,1e-06,<=,audit.ladders.2.first_relative_error,unavailable
active-a,legacy,mixed-float32,direction_2_second_relative_error,,1e-06,<=,audit.ladders.2.second_relative_error,unavailable
active-a,guarded,first-stage-double,primary_feasible,True,True,==,fit.primary.feasible,pass
active-a,guarded,first-stage-double,primary_projected_kkt,2.220446049250313e-16,1e-10,<=,fit.primary.projected_kkt,pass
active-a,guarded,first-stage-double,primary_b_gradient_inf,1.0255395728881175e-16,1e-12,<=,fit.primary.b_gradient_inf,pass
active-a,guarded,first-stage-double,reference_feasible,True,True,==,fit.reference.feasible,pass
active-a,guarded,first-stage-double,reference_projected_kkt,1.2698175844150228e-15,1e-10,<=,fit.reference.projected_kkt,pass
active-a,guarded,first-stage-double,reference_b_gradient_inf,1.7033799860002027e-16,1e-12,<=,fit.reference.b_gradient_inf,pass
active-a,guarded,first-stage-double,coefficient_agreement,3.806478941571951e-15,1e-10,<=,fit.scaled_reference_difference,pass
active-a,guarded,first-stage-double,design_spectrum_rank,24,24,==,fit.design_spectrum.rank,pass
active-a,guarded,first-stage-double,width_spectrum_rank,12,12,==,fit.width_spectrum.rank,pass
active-a,guarded,first-stage-double,profile_jacobian_spectrum_rank,12,12,==,fit.profile_jacobian_spectrum.rank,pass
active-a,guarded,first-stage-double,legacy_local_correction,1.1923174925174082e-07,1e-10,<=,fit.local_correction_inf,fail
active-a,guarded,first-stage-double,precision_local_correction,1.1820414663893353e-07,1e-10,<=,audit.precision.local_correction_inf,fail
active-a,guarded,first-stage-double,fixed_face_reference_valid50,True,True,==,audit.precision.valid50,pass
active-a,guarded,first-stage-double,fixed_face_reference_valid100,True,True,==,audit.precision.valid100,pass
active-a,guarded,first-stage-double,fixed_face_reference_agreement_passed,True,True,==,audit.precision.agreement_passed,pass
active-a,guarded,first-stage-double,fixed_face_reference_fixed_face_feasible,True,True,==,audit.precision.fixed_face_feasible,pass
active-a,guarded,first-stage-double,fixed_face_reference_derivative_passed,True,True,==,audit.precision.derivative_passed,pass
active-a,guarded,first-stage-double,precision_projected_kkt,3.028484025e-119,1e-10,<=,audit.precision.projected_kkt,pass
active-a,guarded,first-stage-double,precision_b_gradient_inf,1.6896163995134993e-17,1e-12,<=,audit.precision.b_gradient,pass
active-a,guarded,first-stage-double,direction_0_estimated_relative_error,,1e-07,<=,audit.ladders.0.estimated_relative_error,unavailable
active-a,guarded,first-stage-double,direction_0_first_relative_error,,1e-06,<=,audit.ladders.0.first_relative_error,unavailable
active-a,guarded,first-stage-double,direction_0_second_relative_error,,1e-06,<=,audit.ladders.0.second_relative_error,unavailable
active-a,guarded,first-stage-double,direction_1_estimated_relative_error,,1e-07,<=,audit.ladders.1.estimated_relative_error,unavailable
active-a,guarded,first-stage-double,direction_1_first_relative_error,,1e-06,<=,audit.ladders.1.first_relative_error,unavailable
active-a,guarded,first-stage-double,direction_1_second_relative_error,,1e-06,<=,audit.ladders.1.second_relative_error,unavailable
active-a,guarded,first-stage-double,direction_2_estimated_relative_error,,1e-07,<=,audit.ladders.2.estimated_relative_error,unavailable
active-a,guarded,first-stage-double,direction_2_first_relative_error,,1e-06,<=,audit.ladders.2.first_relative_error,unavailable
active-a,guarded,first-stage-double,direction_2_second_relative_error,,1e-06,<=,audit.ladders.2.second_relative_error,unavailable
active-a,guarded,narrower-double,primary_feasible,True,True,==,fit.primary.feasible,pass
active-a,guarded,narrower-double,primary_projected_kkt,1.6653345369377348e-16,1e-10,<=,fit.primary.projected_kkt,pass
active-a,guarded,narrower-double,primary_b_gradient_inf,3.369433996508654e-17,1e-12,<=,fit.primary.b_gradient_inf,pass
active-a,guarded,narrower-double,reference_feasible,True,True,==,fit.reference.feasible,pass
active-a,guarded,narrower-double,reference_projected_kkt,7.771561172376096e-16,1e-10,<=,fit.reference.projected_kkt,pass
active-a,guarded,narrower-double,reference_b_gradient_inf,3.3306313282551015e-16,1e-12,<=,fit.reference.b_gradient_inf,pass
active-a,guarded,narrower-double,coefficient_agreement,1.3504358393060621e-14,1e-10,<=,fit.scaled_reference_difference,pass
active-a,guarded,narrower-double,design_spectrum_rank,24,24,==,fit.design_spectrum.rank,pass
active-a,guarded,narrower-double,width_spectrum_rank,12,12,==,fit.width_spectrum.rank,pass
active-a,guarded,narrower-double,profile_jacobian_spectrum_rank,12,12,==,fit.profile_jacobian_spectrum.rank,pass
active-a,guarded,narrower-double,legacy_local_correction,3.508816063625506e-08,1e-10,<=,fit.local_correction_inf,fail
active-a,guarded,narrower-double,precision_local_correction,3.180804343018305e-08,1e-10,<=,audit.precision.local_correction_inf,fail
active-a,guarded,narrower-double,fixed_face_reference_valid50,True,True,==,audit.precision.valid50,pass
active-a,guarded,narrower-double,fixed_face_reference_valid100,True,True,==,audit.precision.valid100,pass
active-a,guarded,narrower-double,fixed_face_reference_agreement_passed,True,True,==,audit.precision.agreement_passed,pass
active-a,guarded,narrower-double,fixed_face_reference_fixed_face_feasible,True,True,==,audit.precision.fixed_face_feasible,pass
active-a,guarded,narrower-double,fixed_face_reference_derivative_passed,True,True,==,audit.precision.derivative_passed,pass
active-a,guarded,narrower-double,precision_projected_kkt,3.057931849e-119,1e-10,<=,audit.precision.projected_kkt,pass
active-a,guarded,narrower-double,precision_b_gradient_inf,2.024935179753145e-18,1e-12,<=,audit.precision.b_gradient,pass
active-a,guarded,narrower-double,direction_0_estimated_relative_error,,1e-07,<=,audit.ladders.0.estimated_relative_error,unavailable
active-a,guarded,narrower-double,direction_0_first_relative_error,,1e-06,<=,audit.ladders.0.first_relative_error,unavailable
active-a,guarded,narrower-double,direction_0_second_relative_error,,1e-06,<=,audit.ladders.0.second_relative_error,unavailable
active-a,guarded,narrower-double,direction_1_estimated_relative_error,,1e-07,<=,audit.ladders.1.estimated_relative_error,unavailable
active-a,guarded,narrower-double,direction_1_first_relative_error,,1e-06,<=,audit.ladders.1.first_relative_error,unavailable
active-a,guarded,narrower-double,direction_1_second_relative_error,,1e-06,<=,audit.ladders.1.second_relative_error,unavailable
active-a,guarded,narrower-double,direction_2_estimated_relative_error,,1e-07,<=,audit.ladders.2.estimated_relative_error,unavailable
active-a,guarded,narrower-double,direction_2_first_relative_error,,1e-06,<=,audit.ladders.2.first_relative_error,unavailable
active-a,guarded,narrower-double,direction_2_second_relative_error,,1e-06,<=,audit.ladders.2.second_relative_error,unavailable
active-a,guarded,wider-double,primary_feasible,True,True,==,fit.primary.feasible,pass
active-a,guarded,wider-double,primary_projected_kkt,8.326672684688674e-17,1e-10,<=,fit.primary.projected_kkt,pass
active-a,guarded,wider-double,primary_b_gradient_inf,4.479383178236809e-17,1e-12,<=,fit.primary.b_gradient_inf,pass
active-a,guarded,wider-double,reference_feasible,True,True,==,fit.reference.feasible,pass
active-a,guarded,wider-double,reference_projected_kkt,9.43689570931383e-16,1e-10,<=,fit.reference.projected_kkt,pass
active-a,guarded,wider-double,reference_b_gradient_inf,2.096613126078105e-16,1e-12,<=,fit.reference.b_gradient_inf,pass
active-a,guarded,wider-double,coefficient_agreement,8.252186645035549e-15,1e-10,<=,fit.scaled_reference_difference,pass
active-a,guarded,wider-double,design_spectrum_rank,24,24,==,fit.design_spectrum.rank,pass
active-a,guarded,wider-double,width_spectrum_rank,12,12,==,fit.width_spectrum.rank,pass
active-a,guarded,wider-double,profile_jacobian_spectrum_rank,12,12,==,fit.profile_jacobian_spectrum.rank,pass
active-a,guarded,wider-double,legacy_local_correction,7.00885507749167e-08,1e-10,<=,fit.local_correction_inf,fail
active-a,guarded,wider-double,precision_local_correction,5.766016742075387e-08,1e-10,<=,audit.precision.local_correction_inf,fail
active-a,guarded,wider-double,fixed_face_reference_valid50,True,True,==,audit.precision.valid50,pass
active-a,guarded,wider-double,fixed_face_reference_valid100,True,True,==,audit.precision.valid100,pass
active-a,guarded,wider-double,fixed_face_reference_agreement_passed,True,True,==,audit.precision.agreement_passed,pass
active-a,guarded,wider-double,fixed_face_reference_fixed_face_feasible,True,True,==,audit.precision.fixed_face_feasible,pass
active-a,guarded,wider-double,fixed_face_reference_derivative_passed,False,True,==,audit.precision.derivative_passed,fail
active-a,guarded,wider-double,precision_projected_kkt,3.036318774e-119,1e-10,<=,audit.precision.projected_kkt,pass
active-a,guarded,wider-double,precision_b_gradient_inf,1.1310190027939438e-17,1e-12,<=,audit.precision.b_gradient,pass
active-a,guarded,wider-double,direction_0_estimated_relative_error,,1e-07,<=,audit.ladders.0.estimated_relative_error,unavailable
active-a,guarded,wider-double,direction_0_first_relative_error,,1e-06,<=,audit.ladders.0.first_relative_error,unavailable
active-a,guarded,wider-double,direction_0_second_relative_error,,1e-06,<=,audit.ladders.0.second_relative_error,unavailable
active-a,guarded,wider-double,direction_1_estimated_relative_error,,1e-07,<=,audit.ladders.1.estimated_relative_error,unavailable
active-a,guarded,wider-double,direction_1_first_relative_error,,1e-06,<=,audit.ladders.1.first_relative_error,unavailable
active-a,guarded,wider-double,direction_1_second_relative_error,,1e-06,<=,audit.ladders.1.second_relative_error,unavailable
active-a,guarded,wider-double,direction_2_estimated_relative_error,,1e-07,<=,audit.ladders.2.estimated_relative_error,unavailable
active-a,guarded,wider-double,direction_2_first_relative_error,,1e-06,<=,audit.ladders.2.first_relative_error,unavailable
active-a,guarded,wider-double,direction_2_second_relative_error,,1e-06,<=,audit.ladders.2.second_relative_error,unavailable
active-a,guarded,mixed-double,primary_feasible,True,True,==,fit.primary.feasible,pass
active-a,guarded,mixed-double,primary_projected_kkt,8.326672684688674e-17,1e-10,<=,fit.primary.projected_kkt,pass
active-a,guarded,mixed-double,primary_b_gradient_inf,4.666759117857508e-17,1e-12,<=,fit.primary.b_gradient_inf,pass
active-a,guarded,mixed-double,reference_feasible,True,True,==,fit.reference.feasible,pass
active-a,guarded,mixed-double,reference_projected_kkt,1.186550857568136e-15,1e-10,<=,fit.reference.projected_kkt,pass
active-a,guarded,mixed-double,reference_b_gradient_inf,1.8173946178037517e-16,1e-12,<=,fit.reference.b_gradient_inf,pass
active-a,guarded,mixed-double,coefficient_agreement,1.7467643273444104e-14,1e-10,<=,fit.scaled_reference_difference,pass
active-a,guarded,mixed-double,design_spectrum_rank,24,24,==,fit.design_spectrum.rank,pass
active-a,guarded,mixed-double,width_spectrum_rank,12,12,==,fit.width_spectrum.rank,pass
active-a,guarded,mixed-double,profile_jacobian_spectrum_rank,12,12,==,fit.profile_jacobian_spectrum.rank,pass
active-a,guarded,mixed-double,legacy_local_correction,3.170788837699122e-08,1e-10,<=,fit.local_correction_inf,fail
active-a,guarded,mixed-double,precision_local_correction,2.5679953770236514e-08,1e-10,<=,audit.precision.local_correction_inf,fail
active-a,guarded,mixed-double,fixed_face_reference_valid50,True,True,==,audit.precision.valid50,pass
active-a,guarded,mixed-double,fixed_face_reference_valid100,True,True,==,audit.precision.valid100,pass
active-a,guarded,mixed-double,fixed_face_reference_agreement_passed,True,True,==,audit.precision.agreement_passed,pass
active-a,guarded,mixed-double,fixed_face_reference_fixed_face_feasible,True,True,==,audit.precision.fixed_face_feasible,pass
active-a,guarded,mixed-double,fixed_face_reference_derivative_passed,True,True,==,audit.precision.derivative_passed,pass
active-a,guarded,mixed-double,precision_projected_kkt,3.026176911e-119,1e-10,<=,audit.precision.projected_kkt,pass
active-a,guarded,mixed-double,precision_b_gradient_inf,9.860470999432223e-18,1e-12,<=,audit.precision.b_gradient,pass
active-a,guarded,mixed-double,direction_0_estimated_relative_error,,1e-07,<=,audit.ladders.0.estimated_relative_error,unavailable
active-a,guarded,mixed-double,direction_0_first_relative_error,,1e-06,<=,audit.ladders.0.first_relative_error,unavailable
active-a,guarded,mixed-double,direction_0_second_relative_error,,1e-06,<=,audit.ladders.0.second_relative_error,unavailable
active-a,guarded,mixed-double,direction_1_estimated_relative_error,,1e-07,<=,audit.ladders.1.estimated_relative_error,unavailable
active-a,guarded,mixed-double,direction_1_first_relative_error,,1e-06,<=,audit.ladders.1.first_relative_error,unavailable
active-a,guarded,mixed-double,direction_1_second_relative_error,,1e-06,<=,audit.ladders.1.second_relative_error,unavailable
active-a,guarded,mixed-double,direction_2_estimated_relative_error,,1e-07,<=,audit.ladders.2.estimated_relative_error,unavailable
active-a,guarded,mixed-double,direction_2_first_relative_error,,1e-06,<=,audit.ladders.2.first_relative_error,unavailable
active-a,guarded,mixed-double,direction_2_second_relative_error,,1e-06,<=,audit.ladders.2.second_relative_error,unavailable
active-a,guarded,first-stage-float32,primary_feasible,True,True,==,fit.primary.feasible,pass
active-a,guarded,first-stage-float32,primary_projected_kkt,1.1102230246251565e-16,1e-10,<=,fit.primary.projected_kkt,pass
active-a,guarded,first-stage-float32,primary_b_gradient_inf,3.78294180232343e-17,1e-12,<=,fit.primary.b_gradient_inf,pass
active-a,guarded,first-stage-float32,reference_feasible,True,True,==,fit.reference.feasible,pass
active-a,guarded,first-stage-float32,reference_projected_kkt,6.453171330633722e-16,1e-10,<=,fit.reference.projected_kkt,pass
active-a,guarded,first-stage-float32,reference_b_gradient_inf,3.0150829481225185e-16,1e-12,<=,fit.reference.b_gradient_inf,pass
active-a,guarded,first-stage-float32,coefficient_agreement,1.7934995529883356e-14,1e-10,<=,fit.scaled_reference_difference,pass
active-a,guarded,first-stage-float32,design_spectrum_rank,24,24,==,fit.design_spectrum.rank,pass
active-a,guarded,first-stage-float32,width_spectrum_rank,12,12,==,fit.width_spectrum.rank,pass
active-a,guarded,first-stage-float32,profile_jacobian_spectrum_rank,12,12,==,fit.profile_jacobian_spectrum.rank,pass
active-a,guarded,first-stage-float32,legacy_local_correction,0.3746687085657202,1e-10,<=,fit.local_correction_inf,fail
active-a,guarded,first-stage-float32,precision_local_correction,0.3746687665357151,1e-10,<=,audit.precision.local_correction_inf,fail
active-a,guarded,first-stage-float32,fixed_face_reference_valid50,True,True,==,audit.precision.valid50,pass
active-a,guarded,first-stage-float32,fixed_face_reference_valid100,True,True,==,audit.precision.valid100,pass
active-a,guarded,first-stage-float32,fixed_face_reference_agreement_passed,True,True,==,audit.precision.agreement_passed,pass
active-a,guarded,first-stage-float32,fixed_face_reference_fixed_face_feasible,True,True,==,audit.precision.fixed_face_feasible,pass
active-a,guarded,first-stage-float32,fixed_face_reference_derivative_passed,True,True,==,audit.precision.derivative_passed,pass
active-a,guarded,first-stage-float32,precision_projected_kkt,3.037256921e-119,1e-10,<=,audit.precision.projected_kkt,pass
active-a,guarded,first-stage-float32,precision_b_gradient_inf,7.702101740437864e-18,1e-12,<=,audit.precision.b_gradient,pass
active-a,guarded,first-stage-float32,direction_0_estimated_relative_error,,1e-07,<=,audit.ladders.0.estimated_relative_error,unavailable
active-a,guarded,first-stage-float32,direction_0_first_relative_error,,1e-06,<=,audit.ladders.0.first_relative_error,unavailable
active-a,guarded,first-stage-float32,direction_0_second_relative_error,,1e-06,<=,audit.ladders.0.second_relative_error,unavailable
active-a,guarded,first-stage-float32,direction_1_estimated_relative_error,,1e-07,<=,audit.ladders.1.estimated_relative_error,unavailable
active-a,guarded,first-stage-float32,direction_1_first_relative_error,,1e-06,<=,audit.ladders.1.first_relative_error,unavailable
active-a,guarded,first-stage-float32,direction_1_second_relative_error,,1e-06,<=,audit.ladders.1.second_relative_error,unavailable
active-a,guarded,first-stage-float32,direction_2_estimated_relative_error,,1e-07,<=,audit.ladders.2.estimated_relative_error,unavailable
active-a,guarded,first-stage-float32,direction_2_first_relative_error,,1e-06,<=,audit.ladders.2.first_relative_error,unavailable
active-a,guarded,first-stage-float32,direction_2_second_relative_error,,1e-06,<=,audit.ladders.2.second_relative_error,unavailable
active-a,guarded,narrower-float32,primary_feasible,True,True,==,fit.primary.feasible,pass
active-a,guarded,narrower-float32,primary_projected_kkt,2.42861286636753e-16,1e-10,<=,fit.primary.projected_kkt,pass
active-a,guarded,narrower-float32,primary_b_gradient_inf,7.715601971245118e-17,1e-12,<=,fit.primary.b_gradient_inf,pass
active-a,guarded,narrower-float32,reference_feasible,True,True,==,fit.reference.feasible,pass
active-a,guarded,narrower-float32,reference_projected_kkt,2.1649348980190553e-15,1e-10,<=,fit.reference.projected_kkt,pass
active-a,guarded,narrower-float32,reference_b_gradient_inf,2.4037609426454546e-16,1e-12,<=,fit.reference.b_gradient_inf,pass
active-a,guarded,narrower-float32,coefficient_agreement,2.160157644747291e-14,1e-10,<=,fit.scaled_reference_difference,pass
active-a,guarded,narrower-float32,design_spectrum_rank,24,24,==,fit.design_spectrum.rank,pass
active-a,guarded,narrower-float32,width_spectrum_rank,12,12,==,fit.width_spectrum.rank,pass
active-a,guarded,narrower-float32,profile_jacobian_spectrum_rank,12,12,==,fit.profile_jacobian_spectrum.rank,pass
active-a,guarded,narrower-float32,legacy_local_correction,1.9702209784199344e-12,1e-10,<=,fit.local_correction_inf,pass
active-a,guarded,narrower-float32,precision_local_correction,2.7097256837824827e-12,1e-10,<=,audit.precision.local_correction_inf,pass
active-a,guarded,narrower-float32,fixed_face_reference_valid50,True,True,==,audit.precision.valid50,pass
active-a,guarded,narrower-float32,fixed_face_reference_valid100,True,True,==,audit.precision.valid100,pass
active-a,guarded,narrower-float32,fixed_face_reference_agreement_passed,True,True,==,audit.precision.agreement_passed,pass
active-a,guarded,narrower-float32,fixed_face_reference_fixed_face_feasible,True,True,==,audit.precision.fixed_face_feasible,pass
active-a,guarded,narrower-float32,fixed_face_reference_derivative_passed,True,True,==,audit.precision.derivative_passed,pass
active-a,guarded,narrower-float32,precision_projected_kkt,6.429893795632342e-18,1e-10,<=,audit.precision.projected_kkt,pass
active-a,guarded,narrower-float32,precision_b_gradient_inf,8.841830320118698e-18,1e-12,<=,audit.precision.b_gradient,pass
active-a,guarded,narrower-float32,direction_0_estimated_relative_error,,1e-07,<=,audit.ladders.0.estimated_relative_error,unavailable
active-a,guarded,narrower-float32,direction_0_first_relative_error,,1e-06,<=,audit.ladders.0.first_relative_error,unavailable
active-a,guarded,narrower-float32,direction_0_second_relative_error,,1e-06,<=,audit.ladders.0.second_relative_error,unavailable
active-a,guarded,narrower-float32,direction_1_estimated_relative_error,,1e-07,<=,audit.ladders.1.estimated_relative_error,unavailable
active-a,guarded,narrower-float32,direction_1_first_relative_error,,1e-06,<=,audit.ladders.1.first_relative_error,unavailable
active-a,guarded,narrower-float32,direction_1_second_relative_error,,1e-06,<=,audit.ladders.1.second_relative_error,unavailable
active-a,guarded,narrower-float32,direction_2_estimated_relative_error,3.257573472142908e-05,1e-07,<=,audit.ladders.2.estimated_relative_error,fail
active-a,guarded,narrower-float32,direction_2_first_relative_error,5.901976928228788e-06,1e-06,<=,audit.ladders.2.first_relative_error,fail
active-a,guarded,narrower-float32,direction_2_second_relative_error,6.4616611424840024e-06,1e-06,<=,audit.ladders.2.second_relative_error,fail
active-a,guarded,wider-float32,primary_feasible,True,True,==,fit.primary.feasible,pass
active-a,guarded,wider-float32,primary_projected_kkt,8.326672684688674e-17,1e-10,<=,fit.primary.projected_kkt,pass
active-a,guarded,wider-float32,primary_b_gradient_inf,3.9032164941613836e-17,1e-12,<=,fit.primary.b_gradient_inf,pass
active-a,guarded,wider-float32,reference_feasible,True,True,==,fit.reference.feasible,pass
active-a,guarded,wider-float32,reference_projected_kkt,5.828670879282072e-16,1e-10,<=,fit.reference.projected_kkt,pass
active-a,guarded,wider-float32,reference_b_gradient_inf,2.1994113142743644e-16,1e-12,<=,fit.reference.b_gradient_inf,pass
active-a,guarded,wider-float32,coefficient_agreement,3.862650940551066e-15,1e-10,<=,fit.scaled_reference_difference,pass
active-a,guarded,wider-float32,design_spectrum_rank,24,24,==,fit.design_spectrum.rank,pass
active-a,guarded,wider-float32,width_spectrum_rank,12,12,==,fit.width_spectrum.rank,pass
active-a,guarded,wider-float32,profile_jacobian_spectrum_rank,12,12,==,fit.profile_jacobian_spectrum.rank,pass
active-a,guarded,wider-float32,legacy_local_correction,0.09412909694914011,1e-10,<=,fit.local_correction_inf,fail
active-a,guarded,wider-float32,precision_local_correction,0.09412909623681222,1e-10,<=,audit.precision.local_correction_inf,fail
active-a,guarded,wider-float32,fixed_face_reference_valid50,True,True,==,audit.precision.valid50,pass
active-a,guarded,wider-float32,fixed_face_reference_valid100,True,True,==,audit.precision.valid100,pass
active-a,guarded,wider-float32,fixed_face_reference_agreement_passed,True,True,==,audit.precision.agreement_passed,pass
active-a,guarded,wider-float32,fixed_face_reference_fixed_face_feasible,True,True,==,audit.precision.fixed_face_feasible,pass
active-a,guarded,wider-float32,fixed_face_reference_derivative_passed,True,True,==,audit.precision.derivative_passed,pass
active-a,guarded,wider-float32,precision_projected_kkt,3.014531448e-119,1e-10,<=,audit.precision.projected_kkt,pass
active-a,guarded,wider-float32,precision_b_gradient_inf,8.124737592879023e-18,1e-12,<=,audit.precision.b_gradient,pass
active-a,guarded,wider-float32,direction_0_estimated_relative_error,,1e-07,<=,audit.ladders.0.estimated_relative_error,unavailable
active-a,guarded,wider-float32,direction_0_first_relative_error,,1e-06,<=,audit.ladders.0.first_relative_error,unavailable
active-a,guarded,wider-float32,direction_0_second_relative_error,,1e-06,<=,audit.ladders.0.second_relative_error,unavailable
active-a,guarded,wider-float32,direction_1_estimated_relative_error,,1e-07,<=,audit.ladders.1.estimated_relative_error,unavailable
active-a,guarded,wider-float32,direction_1_first_relative_error,,1e-06,<=,audit.ladders.1.first_relative_error,unavailable
active-a,guarded,wider-float32,direction_1_second_relative_error,,1e-06,<=,audit.ladders.1.second_relative_error,unavailable
active-a,guarded,wider-float32,direction_2_estimated_relative_error,,1e-07,<=,audit.ladders.2.estimated_relative_error,unavailable
active-a,guarded,wider-float32,direction_2_first_relative_error,,1e-06,<=,audit.ladders.2.first_relative_error,unavailable
active-a,guarded,wider-float32,direction_2_second_relative_error,,1e-06,<=,audit.ladders.2.second_relative_error,unavailable
active-a,guarded,mixed-float32,primary_feasible,True,True,==,fit.primary.feasible,pass
active-a,guarded,mixed-float32,primary_projected_kkt,2.220446049250313e-16,1e-10,<=,fit.primary.projected_kkt,pass
active-a,guarded,mixed-float32,primary_b_gradient_inf,1.1606846160202192e-16,1e-12,<=,fit.primary.b_gradient_inf,pass
active-a,guarded,mixed-float32,reference_feasible,True,True,==,fit.reference.feasible,pass
active-a,guarded,mixed-float32,reference_projected_kkt,1.1102230246251565e-15,1e-10,<=,fit.reference.projected_kkt,pass
active-a,guarded,mixed-float32,reference_b_gradient_inf,1.2027264791254235e-16,1e-12,<=,fit.reference.b_gradient_inf,pass
active-a,guarded,mixed-float32,coefficient_agreement,1.0655105362572773e-14,1e-10,<=,fit.scaled_reference_difference,pass
active-a,guarded,mixed-float32,design_spectrum_rank,24,24,==,fit.design_spectrum.rank,pass
active-a,guarded,mixed-float32,width_spectrum_rank,12,12,==,fit.width_spectrum.rank,pass
active-a,guarded,mixed-float32,profile_jacobian_spectrum_rank,12,12,==,fit.profile_jacobian_spectrum.rank,pass
active-a,guarded,mixed-float32,legacy_local_correction,0.40352415038647704,1e-10,<=,fit.local_correction_inf,fail
active-a,guarded,mixed-float32,precision_local_correction,0.4035241027274145,1e-10,<=,audit.precision.local_correction_inf,fail
active-a,guarded,mixed-float32,fixed_face_reference_valid50,True,True,==,audit.precision.valid50,pass
active-a,guarded,mixed-float32,fixed_face_reference_valid100,True,True,==,audit.precision.valid100,pass
active-a,guarded,mixed-float32,fixed_face_reference_agreement_passed,True,True,==,audit.precision.agreement_passed,pass
active-a,guarded,mixed-float32,fixed_face_reference_fixed_face_feasible,True,True,==,audit.precision.fixed_face_feasible,pass
active-a,guarded,mixed-float32,fixed_face_reference_derivative_passed,True,True,==,audit.precision.derivative_passed,pass
active-a,guarded,mixed-float32,precision_projected_kkt,2.998884352e-119,1e-10,<=,audit.precision.projected_kkt,pass
active-a,guarded,mixed-float32,precision_b_gradient_inf,1.2667307838829859e-17,1e-12,<=,audit.precision.b_gradient,pass
active-a,guarded,mixed-float32,direction_0_estimated_relative_error,,1e-07,<=,audit.ladders.0.estimated_relative_error,unavailable
active-a,guarded,mixed-float32,direction_0_first_relative_error,,1e-06,<=,audit.ladders.0.first_relative_error,unavailable
active-a,guarded,mixed-float32,direction_0_second_relative_error,,1e-06,<=,audit.ladders.0.second_relative_error,unavailable
active-a,guarded,mixed-float32,direction_1_estimated_relative_error,,1e-07,<=,audit.ladders.1.estimated_relative_error,unavailable
active-a,guarded,mixed-float32,direction_1_first_relative_error,,1e-06,<=,audit.ladders.1.first_relative_error,unavailable
active-a,guarded,mixed-float32,direction_1_second_relative_error,,1e-06,<=,audit.ladders.1.second_relative_error,unavailable
active-a,guarded,mixed-float32,direction_2_estimated_relative_error,,1e-07,<=,audit.ladders.2.estimated_relative_error,unavailable
active-a,guarded,mixed-float32,direction_2_first_relative_error,,1e-06,<=,audit.ladders.2.first_relative_error,unavailable
active-a,guarded,mixed-float32,direction_2_second_relative_error,,1e-06,<=,audit.ladders.2.second_relative_error,unavailable
active-a,guarded-log,first-stage-double,primary_feasible,True,True,==,fit.primary.feasible,pass
active-a,guarded-log,first-stage-double,primary_projected_kkt,9.020562075079397e-17,1e-10,<=,fit.primary.projected_kkt,pass
active-a,guarded-log,first-stage-double,primary_b_gradient_inf,4.029127422847007e-17,1e-12,<=,fit.primary.b_gradient_inf,pass
active-a,guarded-log,first-stage-double,reference_feasible,True,True,==,fit.reference.feasible,pass
active-a,guarded-log,first-stage-double,reference_projected_kkt,1.0269562977782698e-15,1e-10,<=,fit.reference.projected_kkt,pass
active-a,guarded-log,first-stage-double,reference_b_gradient_inf,4.30450753118374e-16,1e-12,<=,fit.reference.b_gradient_inf,pass
active-a,guarded-log,first-stage-double,coefficient_agreement,1.819713803359876e-14,1e-10,<=,fit.scaled_reference_difference,pass
active-a,guarded-log,first-stage-double,design_spectrum_rank,24,24,==,fit.design_spectrum.rank,pass
active-a,guarded-log,first-stage-double,width_spectrum_rank,12,12,==,fit.width_spectrum.rank,pass
active-a,guarded-log,first-stage-double,profile_jacobian_spectrum_rank,12,12,==,fit.profile_jacobian_spectrum.rank,pass
active-a,guarded-log,first-stage-double,legacy_local_correction,5.4423209216449027e-08,1e-10,<=,fit.local_correction_inf,fail
active-a,guarded-log,first-stage-double,precision_local_correction,5.521575504695324e-08,1e-10,<=,audit.precision.local_correction_inf,fail
active-a,guarded-log,first-stage-double,fixed_face_reference_valid50,True,True,==,audit.precision.valid50,pass
active-a,guarded-log,first-stage-double,fixed_face_reference_valid100,True,True,==,audit.precision.valid100,pass
active-a,guarded-log,first-stage-double,fixed_face_reference_agreement_passed,True,True,==,audit.precision.agreement_passed,pass
active-a,guarded-log,first-stage-double,fixed_face_reference_fixed_face_feasible,True,True,==,audit.precision.fixed_face_feasible,pass
active-a,guarded-log,first-stage-double,fixed_face_reference_derivative_passed,True,True,==,audit.precision.derivative_passed,pass
active-a,guarded-log,first-stage-double,precision_projected_kkt,3.010217139e-119,1e-10,<=,audit.precision.projected_kkt,pass
active-a,guarded-log,first-stage-double,precision_b_gradient_inf,1.1270364406315926e-17,1e-12,<=,audit.precision.b_gradient,pass
active-a,guarded-log,first-stage-double,direction_0_estimated_relative_error,,1e-07,<=,audit.ladders.0.estimated_relative_error,unavailable
active-a,guarded-log,first-stage-double,direction_0_first_relative_error,,1e-06,<=,audit.ladders.0.first_relative_error,unavailable
active-a,guarded-log,first-stage-double,direction_0_second_relative_error,,1e-06,<=,audit.ladders.0.second_relative_error,unavailable
active-a,guarded-log,first-stage-double,direction_1_estimated_relative_error,,1e-07,<=,audit.ladders.1.estimated_relative_error,unavailable
active-a,guarded-log,first-stage-double,direction_1_first_relative_error,,1e-06,<=,audit.ladders.1.first_relative_error,unavailable
active-a,guarded-log,first-stage-double,direction_1_second_relative_error,,1e-06,<=,audit.ladders.1.second_relative_error,unavailable
active-a,guarded-log,first-stage-double,direction_2_estimated_relative_error,,1e-07,<=,audit.ladders.2.estimated_relative_error,unavailable
active-a,guarded-log,first-stage-double,direction_2_first_relative_error,,1e-06,<=,audit.ladders.2.first_relative_error,unavailable
active-a,guarded-log,first-stage-double,direction_2_second_relative_error,,1e-06,<=,audit.ladders.2.second_relative_error,unavailable
active-a,guarded-log,narrower-double,primary_feasible,True,True,==,fit.primary.feasible,pass
active-a,guarded-log,narrower-double,primary_projected_kkt,1.1102230246251565e-16,1e-10,<=,fit.primary.projected_kkt,pass
active-a,guarded-log,narrower-double,primary_b_gradient_inf,1.849400166170529e-17,1e-12,<=,fit.primary.b_gradient_inf,pass
active-a,guarded-log,narrower-double,reference_feasible,True,True,==,fit.reference.feasible,pass
active-a,guarded-log,narrower-double,reference_projected_kkt,1.033895191682177e-15,1e-10,<=,fit.reference.projected_kkt,pass
active-a,guarded-log,narrower-double,reference_b_gradient_inf,2.5558676129403394e-16,1e-12,<=,fit.reference.b_gradient_inf,pass
active-a,guarded-log,narrower-double,coefficient_agreement,1.0462125503409597e-14,1e-10,<=,fit.scaled_reference_difference,pass
active-a,guarded-log,narrower-double,design_spectrum_rank,24,24,==,fit.design_spectrum.rank,pass
active-a,guarded-log,narrower-double,width_spectrum_rank,12,12,==,fit.width_spectrum.rank,pass
active-a,guarded-log,narrower-double,profile_jacobian_spectrum_rank,12,12,==,fit.profile_jacobian_spectrum.rank,pass
active-a,guarded-log,narrower-double,legacy_local_correction,7.566485267218438e-08,1e-10,<=,fit.local_correction_inf,fail
active-a,guarded-log,narrower-double,precision_local_correction,7.619667251158121e-08,1e-10,<=,audit.precision.local_correction_inf,fail
active-a,guarded-log,narrower-double,fixed_face_reference_valid50,True,True,==,audit.precision.valid50,pass
active-a,guarded-log,narrower-double,fixed_face_reference_valid100,True,True,==,audit.precision.valid100,pass
active-a,guarded-log,narrower-double,fixed_face_reference_agreement_passed,True,True,==,audit.precision.agreement_passed,pass
active-a,guarded-log,narrower-double,fixed_face_reference_fixed_face_feasible,True,True,==,audit.precision.fixed_face_feasible,pass
active-a,guarded-log,narrower-double,fixed_face_reference_derivative_passed,True,True,==,audit.precision.derivative_passed,pass
active-a,guarded-log,narrower-double,precision_projected_kkt,2.992622021e-119,1e-10,<=,audit.precision.projected_kkt,pass
active-a,guarded-log,narrower-double,precision_b_gradient_inf,6.162098189117259e-18,1e-12,<=,audit.precision.b_gradient,pass
active-a,guarded-log,narrower-double,direction_0_estimated_relative_error,,1e-07,<=,audit.ladders.0.estimated_relative_error,unavailable
active-a,guarded-log,narrower-double,direction_0_first_relative_error,,1e-06,<=,audit.ladders.0.first_relative_error,unavailable
active-a,guarded-log,narrower-double,direction_0_second_relative_error,,1e-06,<=,audit.ladders.0.second_relative_error,unavailable
active-a,guarded-log,narrower-double,direction_1_estimated_relative_error,,1e-07,<=,audit.ladders.1.estimated_relative_error,unavailable
active-a,guarded-log,narrower-double,direction_1_first_relative_error,,1e-06,<=,audit.ladders.1.first_relative_error,unavailable
active-a,guarded-log,narrower-double,direction_1_second_relative_error,,1e-06,<=,audit.ladders.1.second_relative_error,unavailable
active-a,guarded-log,narrower-double,direction_2_estimated_relative_error,,1e-07,<=,audit.ladders.2.estimated_relative_error,unavailable
active-a,guarded-log,narrower-double,direction_2_first_relative_error,,1e-06,<=,audit.ladders.2.first_relative_error,unavailable
active-a,guarded-log,narrower-double,direction_2_second_relative_error,,1e-06,<=,audit.ladders.2.second_relative_error,unavailable
active-a,guarded-log,wider-double,primary_feasible,True,True,==,fit.primary.feasible,pass
active-a,guarded-log,wider-double,primary_projected_kkt,1.3877787807814457e-16,1e-10,<=,fit.primary.projected_kkt,pass
active-a,guarded-log,wider-double,primary_b_gradient_inf,4.588573860052535e-17,1e-12,<=,fit.primary.b_gradient_inf,pass
active-a,guarded-log,wider-double,reference_feasible,True,True,==,fit.reference.feasible,pass
active-a,guarded-log,wider-double,reference_projected_kkt,1.0529675598960927e-15,1e-10,<=,fit.reference.projected_kkt,pass
active-a,guarded-log,wider-double,reference_b_gradient_inf,1.9892434409328058e-16,1e-12,<=,fit.reference.b_gradient_inf,pass
active-a,guarded-log,wider-double,coefficient_agreement,4.0356684170423555e-14,1e-10,<=,fit.scaled_reference_difference,pass
active-a,guarded-log,wider-double,design_spectrum_rank,24,24,==,fit.design_spectrum.rank,pass
active-a,guarded-log,wider-double,width_spectrum_rank,12,12,==,fit.width_spectrum.rank,pass
active-a,guarded-log,wider-double,profile_jacobian_spectrum_rank,12,12,==,fit.profile_jacobian_spectrum.rank,pass
active-a,guarded-log,wider-double,legacy_local_correction,6.700600206549639e-08,1e-10,<=,fit.local_correction_inf,fail
active-a,guarded-log,wider-double,precision_local_correction,6.918535946512656e-08,1e-10,<=,audit.precision.local_correction_inf,fail
active-a,guarded-log,wider-double,fixed_face_reference_valid50,True,True,==,audit.precision.valid50,pass
active-a,guarded-log,wider-double,fixed_face_reference_valid100,True,True,==,audit.precision.valid100,pass
active-a,guarded-log,wider-double,fixed_face_reference_agreement_passed,True,True,==,audit.precision.agreement_passed,pass
active-a,guarded-log,wider-double,fixed_face_reference_fixed_face_feasible,True,True,==,audit.precision.fixed_face_feasible,pass
active-a,guarded-log,wider-double,fixed_face_reference_derivative_passed,True,True,==,audit.precision.derivative_passed,pass
active-a,guarded-log,wider-double,precision_projected_kkt,3.017074931e-119,1e-10,<=,audit.precision.projected_kkt,pass
active-a,guarded-log,wider-double,precision_b_gradient_inf,5.2345001810343835e-18,1e-12,<=,audit.precision.b_gradient,pass
active-a,guarded-log,wider-double,direction_0_estimated_relative_error,,1e-07,<=,audit.ladders.0.estimated_relative_error,unavailable
active-a,guarded-log,wider-double,direction_0_first_relative_error,,1e-06,<=,audit.ladders.0.first_relative_error,unavailable
active-a,guarded-log,wider-double,direction_0_second_relative_error,,1e-06,<=,audit.ladders.0.second_relative_error,unavailable
active-a,guarded-log,wider-double,direction_1_estimated_relative_error,,1e-07,<=,audit.ladders.1.estimated_relative_error,unavailable
active-a,guarded-log,wider-double,direction_1_first_relative_error,,1e-06,<=,audit.ladders.1.first_relative_error,unavailable
active-a,guarded-log,wider-double,direction_1_second_relative_error,,1e-06,<=,audit.ladders.1.second_relative_error,unavailable
active-a,guarded-log,wider-double,direction_2_estimated_relative_error,,1e-07,<=,audit.ladders.2.estimated_relative_error,unavailable
active-a,guarded-log,wider-double,direction_2_first_relative_error,,1e-06,<=,audit.ladders.2.first_relative_error,unavailable
active-a,guarded-log,wider-double,direction_2_second_relative_error,,1e-06,<=,audit.ladders.2.second_relative_error,unavailable
active-a,guarded-log,mixed-double,primary_feasible,True,True,==,fit.primary.feasible,pass
active-a,guarded-log,mixed-double,primary_projected_kkt,1.3877787807814457e-16,1e-10,<=,fit.primary.projected_kkt,pass
active-a,guarded-log,mixed-double,primary_b_gradient_inf,6.503917852679624e-17,1e-12,<=,fit.primary.b_gradient_inf,pass
active-a,guarded-log,mixed-double,reference_feasible,True,True,==,fit.reference.feasible,pass
active-a,guarded-log,mixed-double,reference_projected_kkt,7.771561172376096e-16,1e-10,<=,fit.reference.projected_kkt,pass
active-a,guarded-log,mixed-double,reference_b_gradient_inf,1.6083378867552561e-16,1e-12,<=,fit.reference.b_gradient_inf,pass
active-a,guarded-log,mixed-double,coefficient_agreement,1.148463201258026e-14,1e-10,<=,fit.scaled_reference_difference,pass
active-a,guarded-log,mixed-double,design_spectrum_rank,24,24,==,fit.design_spectrum.rank,pass
active-a,guarded-log,mixed-double,width_spectrum_rank,12,12,==,fit.width_spectrum.rank,pass
active-a,guarded-log,mixed-double,profile_jacobian_spectrum_rank,12,12,==,fit.profile_jacobian_spectrum.rank,pass
active-a,guarded-log,mixed-double,legacy_local_correction,5.750096262490127e-08,1e-10,<=,fit.local_correction_inf,fail
active-a,guarded-log,mixed-double,precision_local_correction,3.28814072278136e-08,1e-10,<=,audit.precision.local_correction_inf,fail
active-a,guarded-log,mixed-double,fixed_face_reference_valid50,True,True,==,audit.precision.valid50,pass
active-a,guarded-log,mixed-double,fixed_face_reference_valid100,True,True,==,audit.precision.valid100,pass
active-a,guarded-log,mixed-double,fixed_face_reference_agreement_passed,True,True,==,audit.precision.agreement_passed,pass
active-a,guarded-log,mixed-double,fixed_face_reference_fixed_face_feasible,True,True,==,audit.precision.fixed_face_feasible,pass
active-a,guarded-log,mixed-double,fixed_face_reference_derivative_passed,True,True,==,audit.precision.derivative_passed,pass
active-a,guarded-log,mixed-double,precision_projected_kkt,2.982292663e-119,1e-10,<=,audit.precision.projected_kkt,pass
active-a,guarded-log,mixed-double,precision_b_gradient_inf,2.5155141357237467e-18,1e-12,<=,audit.precision.b_gradient,pass
active-a,guarded-log,mixed-double,direction_0_estimated_relative_error,,1e-07,<=,audit.ladders.0.estimated_relative_error,unavailable
active-a,guarded-log,mixed-double,direction_0_first_relative_error,,1e-06,<=,audit.ladders.0.first_relative_error,unavailable
active-a,guarded-log,mixed-double,direction_0_second_relative_error,,1e-06,<=,audit.ladders.0.second_relative_error,unavailable
active-a,guarded-log,mixed-double,direction_1_estimated_relative_error,,1e-07,<=,audit.ladders.1.estimated_relative_error,unavailable
active-a,guarded-log,mixed-double,direction_1_first_relative_error,,1e-06,<=,audit.ladders.1.first_relative_error,unavailable
active-a,guarded-log,mixed-double,direction_1_second_relative_error,,1e-06,<=,audit.ladders.1.second_relative_error,unavailable
active-a,guarded-log,mixed-double,direction_2_estimated_relative_error,,1e-07,<=,audit.ladders.2.estimated_relative_error,unavailable
active-a,guarded-log,mixed-double,direction_2_first_relative_error,,1e-06,<=,audit.ladders.2.first_relative_error,unavailable
active-a,guarded-log,mixed-double,direction_2_second_relative_error,,1e-06,<=,audit.ladders.2.second_relative_error,unavailable
active-a,guarded-log,first-stage-float32,primary_feasible,True,True,==,fit.primary.feasible,pass
active-a,guarded-log,first-stage-float32,primary_projected_kkt,2.220446049250313e-16,1e-10,<=,fit.primary.projected_kkt,pass
active-a,guarded-log,first-stage-float32,primary_b_gradient_inf,8.81455183437356e-17,1e-12,<=,fit.primary.b_gradient_inf,pass
active-a,guarded-log,first-stage-float32,reference_feasible,True,True,==,fit.reference.feasible,pass
active-a,guarded-log,first-stage-float32,reference_projected_kkt,1.1518563880486e-15,1e-10,<=,fit.reference.projected_kkt,pass
active-a,guarded-log,first-stage-float32,reference_b_gradient_inf,2.913546677981157e-16,1e-12,<=,fit.reference.b_gradient_inf,pass
active-a,guarded-log,first-stage-float32,coefficient_agreement,1.88702306455565e-14,1e-10,<=,fit.scaled_reference_difference,pass
active-a,guarded-log,first-stage-float32,design_spectrum_rank,24,24,==,fit.design_spectrum.rank,pass
active-a,guarded-log,first-stage-float32,width_spectrum_rank,12,12,==,fit.width_spectrum.rank,pass
active-a,guarded-log,first-stage-float32,profile_jacobian_spectrum_rank,12,12,==,fit.profile_jacobian_spectrum.rank,pass
active-a,guarded-log,first-stage-float32,legacy_local_correction,0.052561270312853396,1e-10,<=,fit.local_correction_inf,fail
active-a,guarded-log,first-stage-float32,precision_local_correction,0.052561269421015015,1e-10,<=,audit.precision.local_correction_inf,fail
active-a,guarded-log,first-stage-float32,fixed_face_reference_valid50,True,True,==,audit.precision.valid50,pass
active-a,guarded-log,first-stage-float32,fixed_face_reference_valid100,True,True,==,audit.precision.valid100,pass
active-a,guarded-log,first-stage-float32,fixed_face_reference_agreement_passed,True,True,==,audit.precision.agreement_passed,pass
active-a,guarded-log,first-stage-float32,fixed_face_reference_fixed_face_feasible,True,True,==,audit.precision.fixed_face_feasible,pass
active-a,guarded-log,first-stage-float32,fixed_face_reference_derivative_passed,True,True,==,audit.precision.derivative_passed,pass
active-a,guarded-log,first-stage-float32,precision_projected_kkt,2.971196278e-119,1e-10,<=,audit.precision.projected_kkt,pass
active-a,guarded-log,first-stage-float32,precision_b_gradient_inf,7.532011470778297e-18,1e-12,<=,audit.precision.b_gradient,pass
active-a,guarded-log,first-stage-float32,direction_0_estimated_relative_error,1.3835668611354905e-07,1e-07,<=,audit.ladders.0.estimated_relative_error,fail
active-a,guarded-log,first-stage-float32,direction_0_first_relative_error,1.55443900940466e-08,1e-06,<=,audit.ladders.0.first_relative_error,pass
active-a,guarded-log,first-stage-float32,direction_0_second_relative_error,3.2705687425516634e-08,1e-06,<=,audit.ladders.0.second_relative_error,pass
active-a,guarded-log,first-stage-float32,direction_1_estimated_relative_error,,1e-07,<=,audit.ladders.1.estimated_relative_error,unavailable
active-a,guarded-log,first-stage-float32,direction_1_first_relative_error,,1e-06,<=,audit.ladders.1.first_relative_error,unavailable
active-a,guarded-log,first-stage-float32,direction_1_second_relative_error,,1e-06,<=,audit.ladders.1.second_relative_error,unavailable
active-a,guarded-log,first-stage-float32,direction_2_estimated_relative_error,,1e-07,<=,audit.ladders.2.estimated_relative_error,unavailable
active-a,guarded-log,first-stage-float32,direction_2_first_relative_error,,1e-06,<=,audit.ladders.2.first_relative_error,unavailable
active-a,guarded-log,first-stage-float32,direction_2_second_relative_error,,1e-06,<=,audit.ladders.2.second_relative_error,unavailable
active-a,guarded-log,narrower-float32,primary_feasible,True,True,==,fit.primary.feasible,pass
active-a,guarded-log,narrower-float32,primary_projected_kkt,1.942890293094024e-16,1e-10,<=,fit.primary.projected_kkt,pass
active-a,guarded-log,narrower-float32,primary_b_gradient_inf,6.572978958270033e-17,1e-12,<=,fit.primary.b_gradient_inf,pass
active-a,guarded-log,narrower-float32,reference_feasible,True,True,==,fit.reference.feasible,pass
active-a,guarded-log,narrower-float32,reference_projected_kkt,1.6653345369377348e-15,1e-10,<=,fit.reference.projected_kkt,pass
active-a,guarded-log,narrower-float32,reference_b_gradient_inf,1.622086753479499e-16,1e-12,<=,fit.reference.b_gradient_inf,pass
active-a,guarded-log,narrower-float32,coefficient_agreement,7.90713904247284e-15,1e-10,<=,fit.scaled_reference_difference,pass
active-a,guarded-log,narrower-float32,design_spectrum_rank,24,24,==,fit.design_spectrum.rank,pass
active-a,guarded-log,narrower-float32,width_spectrum_rank,12,12,==,fit.width_spectrum.rank,pass
active-a,guarded-log,narrower-float32,profile_jacobian_spectrum_rank,12,12,==,fit.profile_jacobian_spectrum.rank,pass
active-a,guarded-log,narrower-float32,legacy_local_correction,0.22757921846628723,1e-10,<=,fit.local_correction_inf,fail
active-a,guarded-log,narrower-float32,precision_local_correction,0.22757920423340197,1e-10,<=,audit.precision.local_correction_inf,fail
active-a,guarded-log,narrower-float32,fixed_face_reference_valid50,True,True,==,audit.precision.valid50,pass
active-a,guarded-log,narrower-float32,fixed_face_reference_valid100,True,True,==,audit.precision.valid100,pass
active-a,guarded-log,narrower-float32,fixed_face_reference_agreement_passed,True,True,==,audit.precision.agreement_passed,pass
active-a,guarded-log,narrower-float32,fixed_face_reference_fixed_face_feasible,True,True,==,audit.precision.fixed_face_feasible,pass
active-a,guarded-log,narrower-float32,fixed_face_reference_derivative_passed,True,True,==,audit.precision.derivative_passed,pass
active-a,guarded-log,narrower-float32,precision_projected_kkt,3.010859889e-119,1e-10,<=,audit.precision.projected_kkt,pass
active-a,guarded-log,narrower-float32,precision_b_gradient_inf,7.765700996604388e-18,1e-12,<=,audit.precision.b_gradient,pass
active-a,guarded-log,narrower-float32,direction_0_estimated_relative_error,,1e-07,<=,audit.ladders.0.estimated_relative_error,unavailable
active-a,guarded-log,narrower-float32,direction_0_first_relative_error,,1e-06,<=,audit.ladders.0.first_relative_error,unavailable
active-a,guarded-log,narrower-float32,direction_0_second_relative_error,,1e-06,<=,audit.ladders.0.second_relative_error,unavailable
active-a,guarded-log,narrower-float32,direction_1_estimated_relative_error,,1e-07,<=,audit.ladders.1.estimated_relative_error,unavailable
active-a,guarded-log,narrower-float32,direction_1_first_relative_error,,1e-06,<=,audit.ladders.1.first_relative_error,unavailable
active-a,guarded-log,narrower-float32,direction_1_second_relative_error,,1e-06,<=,audit.ladders.1.second_relative_error,unavailable
active-a,guarded-log,narrower-float32,direction_2_estimated_relative_error,,1e-07,<=,audit.ladders.2.estimated_relative_error,unavailable
active-a,guarded-log,narrower-float32,direction_2_first_relative_error,,1e-06,<=,audit.ladders.2.first_relative_error,unavailable
active-a,guarded-log,narrower-float32,direction_2_second_relative_error,,1e-06,<=,audit.ladders.2.second_relative_error,unavailable
active-a,guarded-log,wider-float32,primary_feasible,True,True,==,fit.primary.feasible,pass
active-a,guarded-log,wider-float32,primary_projected_kkt,2.220446049250313e-16,1e-10,<=,fit.primary.projected_kkt,pass
active-a,guarded-log,wider-float32,primary_b_gradient_inf,8.800247953215279e-17,1e-12,<=,fit.primary.b_gradient_inf,pass
active-a,guarded-log,wider-float32,reference_feasible,True,True,==,fit.reference.feasible,pass
active-a,guarded-log,wider-float32,reference_projected_kkt,6.106226635438361e-16,1e-10,<=,fit.reference.projected_kkt,pass
active-a,guarded-log,wider-float32,reference_b_gradient_inf,3.3305956091290787e-16,1e-12,<=,fit.reference.b_gradient_inf,pass
active-a,guarded-log,wider-float32,coefficient_agreement,8.2372451891319e-15,1e-10,<=,fit.scaled_reference_difference,pass
active-a,guarded-log,wider-float32,design_spectrum_rank,24,24,==,fit.design_spectrum.rank,pass
active-a,guarded-log,wider-float32,width_spectrum_rank,12,12,==,fit.width_spectrum.rank,pass
active-a,guarded-log,wider-float32,profile_jacobian_spectrum_rank,12,12,==,fit.profile_jacobian_spectrum.rank,pass
active-a,guarded-log,wider-float32,legacy_local_correction,0.11561598694309762,1e-10,<=,fit.local_correction_inf,fail
active-a,guarded-log,wider-float32,precision_local_correction,0.11561598874655818,1e-10,<=,audit.precision.local_correction_inf,fail
active-a,guarded-log,wider-float32,fixed_face_reference_valid50,True,True,==,audit.precision.valid50,pass
active-a,guarded-log,wider-float32,fixed_face_reference_valid100,True,True,==,audit.precision.valid100,pass
active-a,guarded-log,wider-float32,fixed_face_reference_agreement_passed,True,True,==,audit.precision.agreement_passed,pass
active-a,guarded-log,wider-float32,fixed_face_reference_fixed_face_feasible,True,True,==,audit.precision.fixed_face_feasible,pass
active-a,guarded-log,wider-float32,fixed_face_reference_derivative_passed,True,True,==,audit.precision.derivative_passed,pass
active-a,guarded-log,wider-float32,precision_projected_kkt,2.990589196e-119,1e-10,<=,audit.precision.projected_kkt,pass
active-a,guarded-log,wider-float32,precision_b_gradient_inf,7.797977098369989e-18,1e-12,<=,audit.precision.b_gradient,pass
active-a,guarded-log,wider-float32,direction_0_estimated_relative_error,,1e-07,<=,audit.ladders.0.estimated_relative_error,unavailable
active-a,guarded-log,wider-float32,direction_0_first_relative_error,,1e-06,<=,audit.ladders.0.first_relative_error,unavailable
active-a,guarded-log,wider-float32,direction_0_second_relative_error,,1e-06,<=,audit.ladders.0.second_relative_error,unavailable
active-a,guarded-log,wider-float32,direction_1_estimated_relative_error,,1e-07,<=,audit.ladders.1.estimated_relative_error,unavailable
active-a,guarded-log,wider-float32,direction_1_first_relative_error,,1e-06,<=,audit.ladders.1.first_relative_error,unavailable
active-a,guarded-log,wider-float32,direction_1_second_relative_error,,1e-06,<=,audit.ladders.1.second_relative_error,unavailable
active-a,guarded-log,wider-float32,direction_2_estimated_relative_error,,1e-07,<=,audit.ladders.2.estimated_relative_error,unavailable
active-a,guarded-log,wider-float32,direction_2_first_relative_error,,1e-06,<=,audit.ladders.2.first_relative_error,unavailable
active-a,guarded-log,wider-float32,direction_2_second_relative_error,,1e-06,<=,audit.ladders.2.second_relative_error,unavailable
active-a,guarded-log,mixed-float32,primary_feasible,True,True,==,fit.primary.feasible,pass
active-a,guarded-log,mixed-float32,primary_projected_kkt,2.220446049250313e-16,1e-10,<=,fit.primary.projected_kkt,pass
active-a,guarded-log,mixed-float32,primary_b_gradient_inf,9.223430581097736e-17,1e-12,<=,fit.primary.b_gradient_inf,pass
active-a,guarded-log,mixed-float32,reference_feasible,True,True,==,fit.reference.feasible,pass
active-a,guarded-log,mixed-float32,reference_projected_kkt,1.3253287356462806e-15,1e-10,<=,fit.reference.projected_kkt,pass
active-a,guarded-log,mixed-float32,reference_b_gradient_inf,2.4464979111259323e-16,1e-12,<=,fit.reference.b_gradient_inf,pass
active-a,guarded-log,mixed-float32,coefficient_agreement,1.2103691066314131e-14,1e-10,<=,fit.scaled_reference_difference,pass
active-a,guarded-log,mixed-float32,design_spectrum_rank,24,24,==,fit.design_spectrum.rank,pass
active-a,guarded-log,mixed-float32,width_spectrum_rank,12,12,==,fit.width_spectrum.rank,pass
active-a,guarded-log,mixed-float32,profile_jacobian_spectrum_rank,12,12,==,fit.profile_jacobian_spectrum.rank,pass
active-a,guarded-log,mixed-float32,legacy_local_correction,0.1746680270426127,1e-10,<=,fit.local_correction_inf,fail
active-a,guarded-log,mixed-float32,precision_local_correction,0.1746680332205501,1e-10,<=,audit.precision.local_correction_inf,fail
active-a,guarded-log,mixed-float32,fixed_face_reference_valid50,True,True,==,audit.precision.valid50,pass
active-a,guarded-log,mixed-float32,fixed_face_reference_valid100,True,True,==,audit.precision.valid100,pass
active-a,guarded-log,mixed-float32,fixed_face_reference_agreement_passed,True,True,==,audit.precision.agreement_passed,pass
active-a,guarded-log,mixed-float32,fixed_face_reference_fixed_face_feasible,True,True,==,audit.precision.fixed_face_feasible,pass
active-a,guarded-log,mixed-float32,fixed_face_reference_derivative_passed,True,True,==,audit.precision.derivative_passed,pass
active-a,guarded-log,mixed-float32,precision_projected_kkt,3.011535805e-119,1e-10,<=,audit.precision.projected_kkt,pass
active-a,guarded-log,mixed-float32,precision_b_gradient_inf,9.74911927080028e-18,1e-12,<=,audit.precision.b_gradient,pass
active-a,guarded-log,mixed-float32,direction_0_estimated_relative_error,,1e-07,<=,audit.ladders.0.estimated_relative_error,unavailable
active-a,guarded-log,mixed-float32,direction_0_first_relative_error,,1e-06,<=,audit.ladders.0.first_relative_error,unavailable
active-a,guarded-log,mixed-float32,direction_0_second_relative_error,,1e-06,<=,audit.ladders.0.second_relative_error,unavailable
active-a,guarded-log,mixed-float32,direction_1_estimated_relative_error,,1e-07,<=,audit.ladders.1.estimated_relative_error,unavailable
active-a,guarded-log,mixed-float32,direction_1_first_relative_error,,1e-06,<=,audit.ladders.1.first_relative_error,unavailable
active-a,guarded-log,mixed-float32,direction_1_second_relative_error,,1e-06,<=,audit.ladders.1.second_relative_error,unavailable
active-a,guarded-log,mixed-float32,direction_2_estimated_relative_error,,1e-07,<=,audit.ladders.2.estimated_relative_error,unavailable
active-a,guarded-log,mixed-float32,direction_2_first_relative_error,,1e-06,<=,audit.ladders.2.first_relative_error,unavailable
active-a,guarded-log,mixed-float32,direction_2_second_relative_error,,1e-06,<=,audit.ladders.2.second_relative_error,unavailable
zero-signal,legacy,first-stage-double,primary_feasible,True,True,==,fit.primary.feasible,pass
zero-signal,legacy,first-stage-double,primary_projected_kkt,2.498001805406602e-16,1e-10,<=,fit.primary.projected_kkt,pass
zero-signal,legacy,first-stage-double,primary_b_gradient_inf,7.048806696829339e-17,1e-12,<=,fit.primary.b_gradient_inf,pass
zero-signal,legacy,first-stage-double,reference_feasible,True,True,==,fit.reference.feasible,pass
zero-signal,legacy,first-stage-double,reference_projected_kkt,1.4432899320127035e-15,1e-10,<=,fit.reference.projected_kkt,pass
zero-signal,legacy,first-stage-double,reference_b_gradient_inf,2.989639144365884e-16,1e-12,<=,fit.reference.b_gradient_inf,pass
zero-signal,legacy,first-stage-double,coefficient_agreement,3.933361572957685e-15,1e-10,<=,fit.scaled_reference_difference,pass
zero-signal,legacy,first-stage-double,design_spectrum_rank,24,24,==,fit.design_spectrum.rank,pass
zero-signal,legacy,first-stage-double,width_spectrum_rank,11,12,==,fit.width_spectrum.rank,fail
zero-signal,legacy,first-stage-double,profile_jacobian_spectrum_rank,11,12,==,fit.profile_jacobian_spectrum.rank,fail
zero-signal,legacy,first-stage-double,legacy_local_correction,1.9376179864607319e-16,1e-10,<=,fit.local_correction_inf,pass
zero-signal,legacy,first-stage-double,direction_0_estimated_relative_error,,1e-07,<=,audit.ladders.0.estimated_relative_error,unavailable
zero-signal,legacy,first-stage-double,direction_0_first_relative_error,,1e-06,<=,audit.ladders.0.first_relative_error,unavailable
zero-signal,legacy,first-stage-double,direction_0_second_relative_error,,1e-06,<=,audit.ladders.0.second_relative_error,unavailable
zero-signal,legacy,first-stage-double,direction_1_estimated_relative_error,,1e-07,<=,audit.ladders.1.estimated_relative_error,unavailable
zero-signal,legacy,first-stage-double,direction_1_first_relative_error,,1e-06,<=,audit.ladders.1.first_relative_error,unavailable
zero-signal,legacy,first-stage-double,direction_1_second_relative_error,,1e-06,<=,audit.ladders.1.second_relative_error,unavailable
zero-signal,legacy,first-stage-double,direction_2_estimated_relative_error,,1e-07,<=,audit.ladders.2.estimated_relative_error,unavailable
zero-signal,legacy,first-stage-double,direction_2_first_relative_error,,1e-06,<=,audit.ladders.2.first_relative_error,unavailable
zero-signal,legacy,first-stage-double,direction_2_second_relative_error,,1e-06,<=,audit.ladders.2.second_relative_error,unavailable
zero-signal,legacy,narrower-double,primary_feasible,True,True,==,fit.primary.feasible,pass
zero-signal,legacy,narrower-double,primary_projected_kkt,2.636779683484747e-16,1e-10,<=,fit.primary.projected_kkt,pass
zero-signal,legacy,narrower-double,primary_b_gradient_inf,7.12846604152211e-17,1e-12,<=,fit.primary.b_gradient_inf,pass
zero-signal,legacy,narrower-double,reference_feasible,True,True,==,fit.reference.feasible,pass
zero-signal,legacy,narrower-double,reference_projected_kkt,1.304512053934559e-15,1e-10,<=,fit.reference.projected_kkt,pass
zero-signal,legacy,narrower-double,reference_b_gradient_inf,2.7941420730395926e-16,1e-12,<=,fit.reference.b_gradient_inf,pass
zero-signal,legacy,narrower-double,coefficient_agreement,8.266361968541866e-15,1e-10,<=,fit.scaled_reference_difference,pass
zero-signal,legacy,narrower-double,design_spectrum_rank,24,24,==,fit.design_spectrum.rank,pass
zero-signal,legacy,narrower-double,width_spectrum_rank,11,12,==,fit.width_spectrum.rank,fail
zero-signal,legacy,narrower-double,profile_jacobian_spectrum_rank,11,12,==,fit.profile_jacobian_spectrum.rank,fail
zero-signal,legacy,narrower-double,legacy_local_correction,1.365247592688921e-16,1e-10,<=,fit.local_correction_inf,pass
zero-signal,legacy,narrower-double,direction_0_estimated_relative_error,,1e-07,<=,audit.ladders.0.estimated_relative_error,unavailable
zero-signal,legacy,narrower-double,direction_0_first_relative_error,,1e-06,<=,audit.ladders.0.first_relative_error,unavailable
zero-signal,legacy,narrower-double,direction_0_second_relative_error,,1e-06,<=,audit.ladders.0.second_relative_error,unavailable
zero-signal,legacy,narrower-double,direction_1_estimated_relative_error,,1e-07,<=,audit.ladders.1.estimated_relative_error,unavailable
zero-signal,legacy,narrower-double,direction_1_first_relative_error,,1e-06,<=,audit.ladders.1.first_relative_error,unavailable
zero-signal,legacy,narrower-double,direction_1_second_relative_error,,1e-06,<=,audit.ladders.1.second_relative_error,unavailable
zero-signal,legacy,narrower-double,direction_2_estimated_relative_error,,1e-07,<=,audit.ladders.2.estimated_relative_error,unavailable
zero-signal,legacy,narrower-double,direction_2_first_relative_error,,1e-06,<=,audit.ladders.2.first_relative_error,unavailable
zero-signal,legacy,narrower-double,direction_2_second_relative_error,,1e-06,<=,audit.ladders.2.second_relative_error,unavailable
zero-signal,legacy,wider-double,primary_feasible,True,True,==,fit.primary.feasible,pass
zero-signal,legacy,wider-double,primary_projected_kkt,2.498001805406602e-16,1e-10,<=,fit.primary.projected_kkt,pass
zero-signal,legacy,wider-double,primary_b_gradient_inf,8.016399476260217e-17,1e-12,<=,fit.primary.b_gradient_inf,pass
zero-signal,legacy,wider-double,reference_feasible,True,True,==,fit.reference.feasible,pass
zero-signal,legacy,wider-double,reference_projected_kkt,1.1102230246251565e-15,1e-10,<=,fit.reference.projected_kkt,pass
zero-signal,legacy,wider-double,reference_b_gradient_inf,2.8189369197973815e-16,1e-12,<=,fit.reference.b_gradient_inf,pass
zero-signal,legacy,wider-double,coefficient_agreement,1.8016574439504012e-14,1e-10,<=,fit.scaled_reference_difference,pass
zero-signal,legacy,wider-double,design_spectrum_rank,24,24,==,fit.design_spectrum.rank,pass
zero-signal,legacy,wider-double,width_spectrum_rank,11,12,==,fit.width_spectrum.rank,fail
zero-signal,legacy,wider-double,profile_jacobian_spectrum_rank,11,12,==,fit.profile_jacobian_spectrum.rank,fail
zero-signal,legacy,wider-double,legacy_local_correction,1.5828459512339739e-16,1e-10,<=,fit.local_correction_inf,pass
zero-signal,legacy,wider-double,direction_0_estimated_relative_error,,1e-07,<=,audit.ladders.0.estimated_relative_error,unavailable
zero-signal,legacy,wider-double,direction_0_first_relative_error,,1e-06,<=,audit.ladders.0.first_relative_error,unavailable
zero-signal,legacy,wider-double,direction_0_second_relative_error,,1e-06,<=,audit.ladders.0.second_relative_error,unavailable
zero-signal,legacy,wider-double,direction_1_estimated_relative_error,,1e-07,<=,audit.ladders.1.estimated_relative_error,unavailable
zero-signal,legacy,wider-double,direction_1_first_relative_error,,1e-06,<=,audit.ladders.1.first_relative_error,unavailable
zero-signal,legacy,wider-double,direction_1_second_relative_error,,1e-06,<=,audit.ladders.1.second_relative_error,unavailable
zero-signal,legacy,wider-double,direction_2_estimated_relative_error,,1e-07,<=,audit.ladders.2.estimated_relative_error,unavailable
zero-signal,legacy,wider-double,direction_2_first_relative_error,,1e-06,<=,audit.ladders.2.first_relative_error,unavailable
zero-signal,legacy,wider-double,direction_2_second_relative_error,,1e-06,<=,audit.ladders.2.second_relative_error,unavailable
zero-signal,legacy,mixed-double,primary_feasible,True,True,==,fit.primary.feasible,pass
zero-signal,legacy,mixed-double,primary_projected_kkt,1.942890293094024e-16,1e-10,<=,fit.primary.projected_kkt,pass
zero-signal,legacy,mixed-double,primary_b_gradient_inf,6.073936826269395e-17,1e-12,<=,fit.primary.b_gradient_inf,pass
zero-signal,legacy,mixed-double,reference_feasible,True,True,==,fit.reference.feasible,pass
zero-signal,legacy,mixed-double,reference_projected_kkt,8.326672684688674e-16,1e-10,<=,fit.reference.projected_kkt,pass
zero-signal,legacy,mixed-double,reference_b_gradient_inf,2.177236823837784e-16,1e-12,<=,fit.reference.b_gradient_inf,pass
zero-signal,legacy,mixed-double,coefficient_agreement,3.4829994224170726e-14,1e-10,<=,fit.scaled_reference_difference,pass
zero-signal,legacy,mixed-double,design_spectrum_rank,24,24,==,fit.design_spectrum.rank,pass
zero-signal,legacy,mixed-double,width_spectrum_rank,11,12,==,fit.width_spectrum.rank,fail
zero-signal,legacy,mixed-double,profile_jacobian_spectrum_rank,11,12,==,fit.profile_jacobian_spectrum.rank,fail
zero-signal,legacy,mixed-double,legacy_local_correction,1.562989912896318e-16,1e-10,<=,fit.local_correction_inf,pass
zero-signal,legacy,mixed-double,direction_0_estimated_relative_error,,1e-07,<=,audit.ladders.0.estimated_relative_error,unavailable
zero-signal,legacy,mixed-double,direction_0_first_relative_error,,1e-06,<=,audit.ladders.0.first_relative_error,unavailable
zero-signal,legacy,mixed-double,direction_0_second_relative_error,,1e-06,<=,audit.ladders.0.second_relative_error,unavailable
zero-signal,legacy,mixed-double,direction_1_estimated_relative_error,,1e-07,<=,audit.ladders.1.estimated_relative_error,unavailable
zero-signal,legacy,mixed-double,direction_1_first_relative_error,,1e-06,<=,audit.ladders.1.first_relative_error,unavailable
zero-signal,legacy,mixed-double,direction_1_second_relative_error,,1e-06,<=,audit.ladders.1.second_relative_error,unavailable
zero-signal,legacy,mixed-double,direction_2_estimated_relative_error,,1e-07,<=,audit.ladders.2.estimated_relative_error,unavailable
zero-signal,legacy,mixed-double,direction_2_first_relative_error,,1e-06,<=,audit.ladders.2.first_relative_error,unavailable
zero-signal,legacy,mixed-double,direction_2_second_relative_error,,1e-06,<=,audit.ladders.2.second_relative_error,unavailable
zero-signal,legacy,first-stage-float32,primary_feasible,True,True,==,fit.primary.feasible,pass
zero-signal,legacy,first-stage-float32,primary_projected_kkt,2.220446049250313e-16,1e-10,<=,fit.primary.projected_kkt,pass
zero-signal,legacy,first-stage-float32,primary_b_gradient_inf,4.6694389761879296e-17,1e-12,<=,fit.primary.b_gradient_inf,pass
zero-signal,legacy,first-stage-float32,reference_feasible,True,True,==,fit.reference.feasible,pass
zero-signal,legacy,first-stage-float32,reference_projected_kkt,8.881784197001252e-16,1e-10,<=,fit.reference.projected_kkt,pass
zero-signal,legacy,first-stage-float32,reference_b_gradient_inf,2.6428466207892126e-16,1e-12,<=,fit.reference.b_gradient_inf,pass
zero-signal,legacy,first-stage-float32,coefficient_agreement,1.308750436094461e-14,1e-10,<=,fit.scaled_reference_difference,pass
zero-signal,legacy,first-stage-float32,design_spectrum_rank,24,24,==,fit.design_spectrum.rank,pass
zero-signal,legacy,first-stage-float32,width_spectrum_rank,12,12,==,fit.width_spectrum.rank,pass
zero-signal,legacy,first-stage-float32,profile_jacobian_spectrum_rank,12,12,==,fit.profile_jacobian_spectrum.rank,pass
zero-signal,legacy,first-stage-float32,legacy_local_correction,0.002775463420941696,1e-10,<=,fit.local_correction_inf,fail
zero-signal,legacy,first-stage-float32,direction_0_estimated_relative_error,,1e-07,<=,audit.ladders.0.estimated_relative_error,unavailable
zero-signal,legacy,first-stage-float32,direction_0_first_relative_error,,1e-06,<=,audit.ladders.0.first_relative_error,unavailable
zero-signal,legacy,first-stage-float32,direction_0_second_relative_error,,1e-06,<=,audit.ladders.0.second_relative_error,unavailable
zero-signal,legacy,first-stage-float32,direction_1_estimated_relative_error,,1e-07,<=,audit.ladders.1.estimated_relative_error,unavailable
zero-signal,legacy,first-stage-float32,direction_1_first_relative_error,,1e-06,<=,audit.ladders.1.first_relative_error,unavailable
zero-signal,legacy,first-stage-float32,direction_1_second_relative_error,,1e-06,<=,audit.ladders.1.second_relative_error,unavailable
zero-signal,legacy,first-stage-float32,direction_2_estimated_relative_error,0.004094517895132236,1e-07,<=,audit.ladders.2.estimated_relative_error,fail
zero-signal,legacy,first-stage-float32,direction_2_first_relative_error,0.0004455037703323105,1e-06,<=,audit.ladders.2.first_relative_error,fail
zero-signal,legacy,first-stage-float32,direction_2_second_relative_error,0.001088483485493332,1e-06,<=,audit.ladders.2.second_relative_error,fail
zero-signal,legacy,narrower-float32,primary_feasible,True,True,==,fit.primary.feasible,pass
zero-signal,legacy,narrower-float32,primary_projected_kkt,1.6653345369377348e-16,1e-10,<=,fit.primary.projected_kkt,pass
zero-signal,legacy,narrower-float32,primary_b_gradient_inf,7.674518337112987e-17,1e-12,<=,fit.primary.b_gradient_inf,pass
zero-signal,legacy,narrower-float32,reference_feasible,True,True,==,fit.reference.feasible,pass
zero-signal,legacy,narrower-float32,reference_projected_kkt,4.996003610813204e-16,1e-10,<=,fit.reference.projected_kkt,pass
zero-signal,legacy,narrower-float32,reference_b_gradient_inf,2.16002198039254e-16,1e-12,<=,fit.reference.b_gradient_inf,pass
zero-signal,legacy,narrower-float32,coefficient_agreement,2.0300908381441227e-14,1e-10,<=,fit.scaled_reference_difference,pass
zero-signal,legacy,narrower-float32,design_spectrum_rank,24,24,==,fit.design_spectrum.rank,pass
zero-signal,legacy,narrower-float32,width_spectrum_rank,12,12,==,fit.width_spectrum.rank,pass
zero-signal,legacy,narrower-float32,profile_jacobian_spectrum_rank,12,12,==,fit.profile_jacobian_spectrum.rank,pass
zero-signal,legacy,narrower-float32,legacy_local_correction,6.36490181243803e-05,1e-10,<=,fit.local_correction_inf,fail
zero-signal,legacy,narrower-float32,direction_0_estimated_relative_error,,1e-07,<=,audit.ladders.0.estimated_relative_error,unavailable
zero-signal,legacy,narrower-float32,direction_0_first_relative_error,,1e-06,<=,audit.ladders.0.first_relative_error,unavailable
zero-signal,legacy,narrower-float32,direction_0_second_relative_error,,1e-06,<=,audit.ladders.0.second_relative_error,unavailable
zero-signal,legacy,narrower-float32,direction_1_estimated_relative_error,,1e-07,<=,audit.ladders.1.estimated_relative_error,unavailable
zero-signal,legacy,narrower-float32,direction_1_first_relative_error,,1e-06,<=,audit.ladders.1.first_relative_error,unavailable
zero-signal,legacy,narrower-float32,direction_1_second_relative_error,,1e-06,<=,audit.ladders.1.second_relative_error,unavailable
zero-signal,legacy,narrower-float32,direction_2_estimated_relative_error,0.003179451320274662,1e-07,<=,audit.ladders.2.estimated_relative_error,fail
zero-signal,legacy,narrower-float32,direction_2_first_relative_error,0.0003275014213367994,1e-06,<=,audit.ladders.2.first_relative_error,fail
zero-signal,legacy,narrower-float32,direction_2_second_relative_error,0.0008781621966760221,1e-06,<=,audit.ladders.2.second_relative_error,fail
zero-signal,legacy,wider-float32,primary_feasible,True,True,==,fit.primary.feasible,pass
zero-signal,legacy,wider-float32,primary_projected_kkt,1.3877787807814457e-16,1e-10,<=,fit.primary.projected_kkt,pass
zero-signal,legacy,wider-float32,primary_b_gradient_inf,5.093196164477726e-17,1e-12,<=,fit.primary.b_gradient_inf,pass
zero-signal,legacy,wider-float32,reference_feasible,True,True,==,fit.reference.feasible,pass
zero-signal,legacy,wider-float32,reference_projected_kkt,8.326672684688674e-16,1e-10,<=,fit.reference.projected_kkt,pass
zero-signal,legacy,wider-float32,reference_b_gradient_inf,2.580335677480183e-16,1e-12,<=,fit.reference.b_gradient_inf,pass
zero-signal,legacy,wider-float32,coefficient_agreement,1.5709762078560993e-14,1e-10,<=,fit.scaled_reference_difference,pass
zero-signal,legacy,wider-float32,design_spectrum_rank,24,24,==,fit.design_spectrum.rank,pass
zero-signal,legacy,wider-float32,width_spectrum_rank,12,12,==,fit.width_spectrum.rank,pass
zero-signal,legacy,wider-float32,profile_jacobian_spectrum_rank,12,12,==,fit.profile_jacobian_spectrum.rank,pass
zero-signal,legacy,wider-float32,legacy_local_correction,0.0008364070869402124,1e-10,<=,fit.local_correction_inf,fail
zero-signal,legacy,wider-float32,direction_0_estimated_relative_error,,1e-07,<=,audit.ladders.0.estimated_relative_error,unavailable
zero-signal,legacy,wider-float32,direction_0_first_relative_error,,1e-06,<=,audit.ladders.0.first_relative_error,unavailable
zero-signal,legacy,wider-float32,direction_0_second_relative_error,,1e-06,<=,audit.ladders.0.second_relative_error,unavailable
zero-signal,legacy,wider-float32,direction_1_estimated_relative_error,,1e-07,<=,audit.ladders.1.estimated_relative_error,unavailable
zero-signal,legacy,wider-float32,direction_1_first_relative_error,,1e-06,<=,audit.ladders.1.first_relative_error,unavailable
zero-signal,legacy,wider-float32,direction_1_second_relative_error,,1e-06,<=,audit.ladders.1.second_relative_error,unavailable
zero-signal,legacy,wider-float32,direction_2_estimated_relative_error,0.0034528396647037257,1e-07,<=,audit.ladders.2.estimated_relative_error,fail
zero-signal,legacy,wider-float32,direction_2_first_relative_error,0.0005503233524171448,1e-06,<=,audit.ladders.2.first_relative_error,fail
zero-signal,legacy,wider-float32,direction_2_second_relative_error,0.0007832468227535154,1e-06,<=,audit.ladders.2.second_relative_error,fail
zero-signal,legacy,mixed-float32,primary_feasible,True,True,==,fit.primary.feasible,pass
zero-signal,legacy,mixed-float32,primary_projected_kkt,3.3306690738754696e-16,1e-10,<=,fit.primary.projected_kkt,pass
zero-signal,legacy,mixed-float32,primary_b_gradient_inf,1.8017024259302066e-16,1e-12,<=,fit.primary.b_gradient_inf,pass
zero-signal,legacy,mixed-float32,reference_feasible,True,True,==,fit.reference.feasible,pass
zero-signal,legacy,mixed-float32,reference_projected_kkt,4.163336342344337e-16,1e-10,<=,fit.reference.projected_kkt,pass
zero-signal,legacy,mixed-float32,reference_b_gradient_inf,2.0204366948375981e-16,1e-12,<=,fit.reference.b_gradient_inf,pass
zero-signal,legacy,mixed-float32,coefficient_agreement,1.7691279025640177e-14,1e-10,<=,fit.scaled_reference_difference,pass
zero-signal,legacy,mixed-float32,design_spectrum_rank,24,24,==,fit.design_spectrum.rank,pass
zero-signal,legacy,mixed-float32,width_spectrum_rank,12,12,==,fit.width_spectrum.rank,pass
zero-signal,legacy,mixed-float32,profile_jacobian_spectrum_rank,12,12,==,fit.profile_jacobian_spectrum.rank,pass
zero-signal,legacy,mixed-float32,legacy_local_correction,0.0002052238165803878,1e-10,<=,fit.local_correction_inf,fail
zero-signal,legacy,mixed-float32,direction_0_estimated_relative_error,,1e-07,<=,audit.ladders.0.estimated_relative_error,unavailable
zero-signal,legacy,mixed-float32,direction_0_first_relative_error,,1e-06,<=,audit.ladders.0.first_relative_error,unavailable
zero-signal,legacy,mixed-float32,direction_0_second_relative_error,,1e-06,<=,audit.ladders.0.second_relative_error,unavailable
zero-signal,legacy,mixed-float32,direction_1_estimated_relative_error,,1e-07,<=,audit.ladders.1.estimated_relative_error,unavailable
zero-signal,legacy,mixed-float32,direction_1_first_relative_error,,1e-06,<=,audit.ladders.1.first_relative_error,unavailable
zero-signal,legacy,mixed-float32,direction_1_second_relative_error,,1e-06,<=,audit.ladders.1.second_relative_error,unavailable
zero-signal,legacy,mixed-float32,direction_2_estimated_relative_error,0.003676384683082223,1e-07,<=,audit.ladders.2.estimated_relative_error,fail
zero-signal,legacy,mixed-float32,direction_2_first_relative_error,0.00060243255555507,1e-06,<=,audit.ladders.2.first_relative_error,fail
zero-signal,legacy,mixed-float32,direction_2_second_relative_error,0.0009323940110358537,1e-06,<=,audit.ladders.2.second_relative_error,fail
zero-signal,guarded,first-stage-double,primary_feasible,True,True,==,fit.primary.feasible,pass
zero-signal,guarded,first-stage-double,primary_projected_kkt,2.498001805406602e-16,1e-10,<=,fit.primary.projected_kkt,pass
zero-signal,guarded,first-stage-double,primary_b_gradient_inf,7.048806696829339e-17,1e-12,<=,fit.primary.b_gradient_inf,pass
zero-signal,guarded,first-stage-double,reference_feasible,True,True,==,fit.reference.feasible,pass
zero-signal,guarded,first-stage-double,reference_projected_kkt,1.4432899320127035e-15,1e-10,<=,fit.reference.projected_kkt,pass
zero-signal,guarded,first-stage-double,reference_b_gradient_inf,2.989639144365884e-16,1e-12,<=,fit.reference.b_gradient_inf,pass
zero-signal,guarded,first-stage-double,coefficient_agreement,3.933361572957685e-15,1e-10,<=,fit.scaled_reference_difference,pass
zero-signal,guarded,first-stage-double,design_spectrum_rank,24,24,==,fit.design_spectrum.rank,pass
zero-signal,guarded,first-stage-double,width_spectrum_rank,11,12,==,fit.width_spectrum.rank,fail
zero-signal,guarded,first-stage-double,profile_jacobian_spectrum_rank,11,12,==,fit.profile_jacobian_spectrum.rank,fail
zero-signal,guarded,first-stage-double,legacy_local_correction,1.9376179864607319e-16,1e-10,<=,fit.local_correction_inf,pass
zero-signal,guarded,first-stage-double,direction_0_estimated_relative_error,,1e-07,<=,audit.ladders.0.estimated_relative_error,unavailable
zero-signal,guarded,first-stage-double,direction_0_first_relative_error,,1e-06,<=,audit.ladders.0.first_relative_error,unavailable
zero-signal,guarded,first-stage-double,direction_0_second_relative_error,,1e-06,<=,audit.ladders.0.second_relative_error,unavailable
zero-signal,guarded,first-stage-double,direction_1_estimated_relative_error,,1e-07,<=,audit.ladders.1.estimated_relative_error,unavailable
zero-signal,guarded,first-stage-double,direction_1_first_relative_error,,1e-06,<=,audit.ladders.1.first_relative_error,unavailable
zero-signal,guarded,first-stage-double,direction_1_second_relative_error,,1e-06,<=,audit.ladders.1.second_relative_error,unavailable
zero-signal,guarded,first-stage-double,direction_2_estimated_relative_error,,1e-07,<=,audit.ladders.2.estimated_relative_error,unavailable
zero-signal,guarded,first-stage-double,direction_2_first_relative_error,,1e-06,<=,audit.ladders.2.first_relative_error,unavailable
zero-signal,guarded,first-stage-double,direction_2_second_relative_error,,1e-06,<=,audit.ladders.2.second_relative_error,unavailable
zero-signal,guarded,narrower-double,primary_feasible,True,True,==,fit.primary.feasible,pass
zero-signal,guarded,narrower-double,primary_projected_kkt,2.636779683484747e-16,1e-10,<=,fit.primary.projected_kkt,pass
zero-signal,guarded,narrower-double,primary_b_gradient_inf,7.12846604152211e-17,1e-12,<=,fit.primary.b_gradient_inf,pass
zero-signal,guarded,narrower-double,reference_feasible,True,True,==,fit.reference.feasible,pass
zero-signal,guarded,narrower-double,reference_projected_kkt,1.304512053934559e-15,1e-10,<=,fit.reference.projected_kkt,pass
zero-signal,guarded,narrower-double,reference_b_gradient_inf,2.7941420730395926e-16,1e-12,<=,fit.reference.b_gradient_inf,pass
zero-signal,guarded,narrower-double,coefficient_agreement,8.266361968541866e-15,1e-10,<=,fit.scaled_reference_difference,pass
zero-signal,guarded,narrower-double,design_spectrum_rank,24,24,==,fit.design_spectrum.rank,pass
zero-signal,guarded,narrower-double,width_spectrum_rank,11,12,==,fit.width_spectrum.rank,fail
zero-signal,guarded,narrower-double,profile_jacobian_spectrum_rank,11,12,==,fit.profile_jacobian_spectrum.rank,fail
zero-signal,guarded,narrower-double,legacy_local_correction,1.365247592688921e-16,1e-10,<=,fit.local_correction_inf,pass
zero-signal,guarded,narrower-double,direction_0_estimated_relative_error,,1e-07,<=,audit.ladders.0.estimated_relative_error,unavailable
zero-signal,guarded,narrower-double,direction_0_first_relative_error,,1e-06,<=,audit.ladders.0.first_relative_error,unavailable
zero-signal,guarded,narrower-double,direction_0_second_relative_error,,1e-06,<=,audit.ladders.0.second_relative_error,unavailable
zero-signal,guarded,narrower-double,direction_1_estimated_relative_error,,1e-07,<=,audit.ladders.1.estimated_relative_error,unavailable
zero-signal,guarded,narrower-double,direction_1_first_relative_error,,1e-06,<=,audit.ladders.1.first_relative_error,unavailable
zero-signal,guarded,narrower-double,direction_1_second_relative_error,,1e-06,<=,audit.ladders.1.second_relative_error,unavailable
zero-signal,guarded,narrower-double,direction_2_estimated_relative_error,,1e-07,<=,audit.ladders.2.estimated_relative_error,unavailable
zero-signal,guarded,narrower-double,direction_2_first_relative_error,,1e-06,<=,audit.ladders.2.first_relative_error,unavailable
zero-signal,guarded,narrower-double,direction_2_second_relative_error,,1e-06,<=,audit.ladders.2.second_relative_error,unavailable
zero-signal,guarded,wider-double,primary_feasible,True,True,==,fit.primary.feasible,pass
zero-signal,guarded,wider-double,primary_projected_kkt,2.498001805406602e-16,1e-10,<=,fit.primary.projected_kkt,pass
zero-signal,guarded,wider-double,primary_b_gradient_inf,8.016399476260217e-17,1e-12,<=,fit.primary.b_gradient_inf,pass
zero-signal,guarded,wider-double,reference_feasible,True,True,==,fit.reference.feasible,pass
zero-signal,guarded,wider-double,reference_projected_kkt,1.1102230246251565e-15,1e-10,<=,fit.reference.projected_kkt,pass
zero-signal,guarded,wider-double,reference_b_gradient_inf,2.8189369197973815e-16,1e-12,<=,fit.reference.b_gradient_inf,pass
zero-signal,guarded,wider-double,coefficient_agreement,1.8016574439504012e-14,1e-10,<=,fit.scaled_reference_difference,pass
zero-signal,guarded,wider-double,design_spectrum_rank,24,24,==,fit.design_spectrum.rank,pass
zero-signal,guarded,wider-double,width_spectrum_rank,11,12,==,fit.width_spectrum.rank,fail
zero-signal,guarded,wider-double,profile_jacobian_spectrum_rank,11,12,==,fit.profile_jacobian_spectrum.rank,fail
zero-signal,guarded,wider-double,legacy_local_correction,1.5828459512339739e-16,1e-10,<=,fit.local_correction_inf,pass
zero-signal,guarded,wider-double,direction_0_estimated_relative_error,,1e-07,<=,audit.ladders.0.estimated_relative_error,unavailable
zero-signal,guarded,wider-double,direction_0_first_relative_error,,1e-06,<=,audit.ladders.0.first_relative_error,unavailable
zero-signal,guarded,wider-double,direction_0_second_relative_error,,1e-06,<=,audit.ladders.0.second_relative_error,unavailable
zero-signal,guarded,wider-double,direction_1_estimated_relative_error,,1e-07,<=,audit.ladders.1.estimated_relative_error,unavailable
zero-signal,guarded,wider-double,direction_1_first_relative_error,,1e-06,<=,audit.ladders.1.first_relative_error,unavailable
zero-signal,guarded,wider-double,direction_1_second_relative_error,,1e-06,<=,audit.ladders.1.second_relative_error,unavailable
zero-signal,guarded,wider-double,direction_2_estimated_relative_error,,1e-07,<=,audit.ladders.2.estimated_relative_error,unavailable
zero-signal,guarded,wider-double,direction_2_first_relative_error,,1e-06,<=,audit.ladders.2.first_relative_error,unavailable
zero-signal,guarded,wider-double,direction_2_second_relative_error,,1e-06,<=,audit.ladders.2.second_relative_error,unavailable
zero-signal,guarded,mixed-double,primary_feasible,True,True,==,fit.primary.feasible,pass
zero-signal,guarded,mixed-double,primary_projected_kkt,1.942890293094024e-16,1e-10,<=,fit.primary.projected_kkt,pass
zero-signal,guarded,mixed-double,primary_b_gradient_inf,6.073936826269395e-17,1e-12,<=,fit.primary.b_gradient_inf,pass
zero-signal,guarded,mixed-double,reference_feasible,True,True,==,fit.reference.feasible,pass
zero-signal,guarded,mixed-double,reference_projected_kkt,8.326672684688674e-16,1e-10,<=,fit.reference.projected_kkt,pass
zero-signal,guarded,mixed-double,reference_b_gradient_inf,2.177236823837784e-16,1e-12,<=,fit.reference.b_gradient_inf,pass
zero-signal,guarded,mixed-double,coefficient_agreement,3.4829994224170726e-14,1e-10,<=,fit.scaled_reference_difference,pass
zero-signal,guarded,mixed-double,design_spectrum_rank,24,24,==,fit.design_spectrum.rank,pass
zero-signal,guarded,mixed-double,width_spectrum_rank,11,12,==,fit.width_spectrum.rank,fail
zero-signal,guarded,mixed-double,profile_jacobian_spectrum_rank,11,12,==,fit.profile_jacobian_spectrum.rank,fail
zero-signal,guarded,mixed-double,legacy_local_correction,1.562989912896318e-16,1e-10,<=,fit.local_correction_inf,pass
zero-signal,guarded,mixed-double,direction_0_estimated_relative_error,,1e-07,<=,audit.ladders.0.estimated_relative_error,unavailable
zero-signal,guarded,mixed-double,direction_0_first_relative_error,,1e-06,<=,audit.ladders.0.first_relative_error,unavailable
zero-signal,guarded,mixed-double,direction_0_second_relative_error,,1e-06,<=,audit.ladders.0.second_relative_error,unavailable
zero-signal,guarded,mixed-double,direction_1_estimated_relative_error,,1e-07,<=,audit.ladders.1.estimated_relative_error,unavailable
zero-signal,guarded,mixed-double,direction_1_first_relative_error,,1e-06,<=,audit.ladders.1.first_relative_error,unavailable
zero-signal,guarded,mixed-double,direction_1_second_relative_error,,1e-06,<=,audit.ladders.1.second_relative_error,unavailable
zero-signal,guarded,mixed-double,direction_2_estimated_relative_error,,1e-07,<=,audit.ladders.2.estimated_relative_error,unavailable
zero-signal,guarded,mixed-double,direction_2_first_relative_error,,1e-06,<=,audit.ladders.2.first_relative_error,unavailable
zero-signal,guarded,mixed-double,direction_2_second_relative_error,,1e-06,<=,audit.ladders.2.second_relative_error,unavailable
zero-signal,guarded,first-stage-float32,primary_feasible,True,True,==,fit.primary.feasible,pass
zero-signal,guarded,first-stage-float32,primary_projected_kkt,2.220446049250313e-16,1e-10,<=,fit.primary.projected_kkt,pass
zero-signal,guarded,first-stage-float32,primary_b_gradient_inf,4.6694389761879296e-17,1e-12,<=,fit.primary.b_gradient_inf,pass
zero-signal,guarded,first-stage-float32,reference_feasible,True,True,==,fit.reference.feasible,pass
zero-signal,guarded,first-stage-float32,reference_projected_kkt,8.881784197001252e-16,1e-10,<=,fit.reference.projected_kkt,pass
zero-signal,guarded,first-stage-float32,reference_b_gradient_inf,2.6428466207892126e-16,1e-12,<=,fit.reference.b_gradient_inf,pass
zero-signal,guarded,first-stage-float32,coefficient_agreement,1.308750436094461e-14,1e-10,<=,fit.scaled_reference_difference,pass
zero-signal,guarded,first-stage-float32,design_spectrum_rank,24,24,==,fit.design_spectrum.rank,pass
zero-signal,guarded,first-stage-float32,width_spectrum_rank,12,12,==,fit.width_spectrum.rank,pass
zero-signal,guarded,first-stage-float32,profile_jacobian_spectrum_rank,12,12,==,fit.profile_jacobian_spectrum.rank,pass
zero-signal,guarded,first-stage-float32,legacy_local_correction,0.002775463420941696,1e-10,<=,fit.local_correction_inf,fail
zero-signal,guarded,first-stage-float32,direction_0_estimated_relative_error,,1e-07,<=,audit.ladders.0.estimated_relative_error,unavailable
zero-signal,guarded,first-stage-float32,direction_0_first_relative_error,,1e-06,<=,audit.ladders.0.first_relative_error,unavailable
zero-signal,guarded,first-stage-float32,direction_0_second_relative_error,,1e-06,<=,audit.ladders.0.second_relative_error,unavailable
zero-signal,guarded,first-stage-float32,direction_1_estimated_relative_error,,1e-07,<=,audit.ladders.1.estimated_relative_error,unavailable
zero-signal,guarded,first-stage-float32,direction_1_first_relative_error,,1e-06,<=,audit.ladders.1.first_relative_error,unavailable
zero-signal,guarded,first-stage-float32,direction_1_second_relative_error,,1e-06,<=,audit.ladders.1.second_relative_error,unavailable
zero-signal,guarded,first-stage-float32,direction_2_estimated_relative_error,0.004094517895132236,1e-07,<=,audit.ladders.2.estimated_relative_error,fail
zero-signal,guarded,first-stage-float32,direction_2_first_relative_error,0.0004455037703323105,1e-06,<=,audit.ladders.2.first_relative_error,fail
zero-signal,guarded,first-stage-float32,direction_2_second_relative_error,0.001088483485493332,1e-06,<=,audit.ladders.2.second_relative_error,fail
zero-signal,guarded,narrower-float32,primary_feasible,True,True,==,fit.primary.feasible,pass
zero-signal,guarded,narrower-float32,primary_projected_kkt,1.6653345369377348e-16,1e-10,<=,fit.primary.projected_kkt,pass
zero-signal,guarded,narrower-float32,primary_b_gradient_inf,7.674518337112987e-17,1e-12,<=,fit.primary.b_gradient_inf,pass
zero-signal,guarded,narrower-float32,reference_feasible,True,True,==,fit.reference.feasible,pass
zero-signal,guarded,narrower-float32,reference_projected_kkt,4.996003610813204e-16,1e-10,<=,fit.reference.projected_kkt,pass
zero-signal,guarded,narrower-float32,reference_b_gradient_inf,2.16002198039254e-16,1e-12,<=,fit.reference.b_gradient_inf,pass
zero-signal,guarded,narrower-float32,coefficient_agreement,2.0300908381441227e-14,1e-10,<=,fit.scaled_reference_difference,pass
zero-signal,guarded,narrower-float32,design_spectrum_rank,24,24,==,fit.design_spectrum.rank,pass
zero-signal,guarded,narrower-float32,width_spectrum_rank,12,12,==,fit.width_spectrum.rank,pass
zero-signal,guarded,narrower-float32,profile_jacobian_spectrum_rank,12,12,==,fit.profile_jacobian_spectrum.rank,pass
zero-signal,guarded,narrower-float32,legacy_local_correction,6.36490181243803e-05,1e-10,<=,fit.local_correction_inf,fail
zero-signal,guarded,narrower-float32,direction_0_estimated_relative_error,,1e-07,<=,audit.ladders.0.estimated_relative_error,unavailable
zero-signal,guarded,narrower-float32,direction_0_first_relative_error,,1e-06,<=,audit.ladders.0.first_relative_error,unavailable
zero-signal,guarded,narrower-float32,direction_0_second_relative_error,,1e-06,<=,audit.ladders.0.second_relative_error,unavailable
zero-signal,guarded,narrower-float32,direction_1_estimated_relative_error,,1e-07,<=,audit.ladders.1.estimated_relative_error,unavailable
zero-signal,guarded,narrower-float32,direction_1_first_relative_error,,1e-06,<=,audit.ladders.1.first_relative_error,unavailable
zero-signal,guarded,narrower-float32,direction_1_second_relative_error,,1e-06,<=,audit.ladders.1.second_relative_error,unavailable
zero-signal,guarded,narrower-float32,direction_2_estimated_relative_error,0.003179451320274662,1e-07,<=,audit.ladders.2.estimated_relative_error,fail
zero-signal,guarded,narrower-float32,direction_2_first_relative_error,0.0003275014213367994,1e-06,<=,audit.ladders.2.first_relative_error,fail
zero-signal,guarded,narrower-float32,direction_2_second_relative_error,0.0008781621966760221,1e-06,<=,audit.ladders.2.second_relative_error,fail
zero-signal,guarded,wider-float32,primary_feasible,True,True,==,fit.primary.feasible,pass
zero-signal,guarded,wider-float32,primary_projected_kkt,1.3877787807814457e-16,1e-10,<=,fit.primary.projected_kkt,pass
zero-signal,guarded,wider-float32,primary_b_gradient_inf,5.093196164477726e-17,1e-12,<=,fit.primary.b_gradient_inf,pass
zero-signal,guarded,wider-float32,reference_feasible,True,True,==,fit.reference.feasible,pass
zero-signal,guarded,wider-float32,reference_projected_kkt,8.326672684688674e-16,1e-10,<=,fit.reference.projected_kkt,pass
zero-signal,guarded,wider-float32,reference_b_gradient_inf,2.580335677480183e-16,1e-12,<=,fit.reference.b_gradient_inf,pass
zero-signal,guarded,wider-float32,coefficient_agreement,1.5709762078560993e-14,1e-10,<=,fit.scaled_reference_difference,pass
zero-signal,guarded,wider-float32,design_spectrum_rank,24,24,==,fit.design_spectrum.rank,pass
zero-signal,guarded,wider-float32,width_spectrum_rank,12,12,==,fit.width_spectrum.rank,pass
zero-signal,guarded,wider-float32,profile_jacobian_spectrum_rank,12,12,==,fit.profile_jacobian_spectrum.rank,pass
zero-signal,guarded,wider-float32,legacy_local_correction,0.0008364070869402124,1e-10,<=,fit.local_correction_inf,fail
zero-signal,guarded,wider-float32,direction_0_estimated_relative_error,,1e-07,<=,audit.ladders.0.estimated_relative_error,unavailable
zero-signal,guarded,wider-float32,direction_0_first_relative_error,,1e-06,<=,audit.ladders.0.first_relative_error,unavailable
zero-signal,guarded,wider-float32,direction_0_second_relative_error,,1e-06,<=,audit.ladders.0.second_relative_error,unavailable
zero-signal,guarded,wider-float32,direction_1_estimated_relative_error,,1e-07,<=,audit.ladders.1.estimated_relative_error,unavailable
zero-signal,guarded,wider-float32,direction_1_first_relative_error,,1e-06,<=,audit.ladders.1.first_relative_error,unavailable
zero-signal,guarded,wider-float32,direction_1_second_relative_error,,1e-06,<=,audit.ladders.1.second_relative_error,unavailable
zero-signal,guarded,wider-float32,direction_2_estimated_relative_error,0.0034528396647037257,1e-07,<=,audit.ladders.2.estimated_relative_error,fail
zero-signal,guarded,wider-float32,direction_2_first_relative_error,0.0005503233524171448,1e-06,<=,audit.ladders.2.first_relative_error,fail
zero-signal,guarded,wider-float32,direction_2_second_relative_error,0.0007832468227535154,1e-06,<=,audit.ladders.2.second_relative_error,fail
zero-signal,guarded,mixed-float32,primary_feasible,True,True,==,fit.primary.feasible,pass
zero-signal,guarded,mixed-float32,primary_projected_kkt,3.3306690738754696e-16,1e-10,<=,fit.primary.projected_kkt,pass
zero-signal,guarded,mixed-float32,primary_b_gradient_inf,1.8017024259302066e-16,1e-12,<=,fit.primary.b_gradient_inf,pass
zero-signal,guarded,mixed-float32,reference_feasible,True,True,==,fit.reference.feasible,pass
zero-signal,guarded,mixed-float32,reference_projected_kkt,4.163336342344337e-16,1e-10,<=,fit.reference.projected_kkt,pass
zero-signal,guarded,mixed-float32,reference_b_gradient_inf,2.0204366948375981e-16,1e-12,<=,fit.reference.b_gradient_inf,pass
zero-signal,guarded,mixed-float32,coefficient_agreement,1.7691279025640177e-14,1e-10,<=,fit.scaled_reference_difference,pass
zero-signal,guarded,mixed-float32,design_spectrum_rank,24,24,==,fit.design_spectrum.rank,pass
zero-signal,guarded,mixed-float32,width_spectrum_rank,12,12,==,fit.width_spectrum.rank,pass
zero-signal,guarded,mixed-float32,profile_jacobian_spectrum_rank,12,12,==,fit.profile_jacobian_spectrum.rank,pass
zero-signal,guarded,mixed-float32,legacy_local_correction,0.0002052238165803878,1e-10,<=,fit.local_correction_inf,fail
zero-signal,guarded,mixed-float32,direction_0_estimated_relative_error,,1e-07,<=,audit.ladders.0.estimated_relative_error,unavailable
zero-signal,guarded,mixed-float32,direction_0_first_relative_error,,1e-06,<=,audit.ladders.0.first_relative_error,unavailable
zero-signal,guarded,mixed-float32,direction_0_second_relative_error,,1e-06,<=,audit.ladders.0.second_relative_error,unavailable
zero-signal,guarded,mixed-float32,direction_1_estimated_relative_error,,1e-07,<=,audit.ladders.1.estimated_relative_error,unavailable
zero-signal,guarded,mixed-float32,direction_1_first_relative_error,,1e-06,<=,audit.ladders.1.first_relative_error,unavailable
zero-signal,guarded,mixed-float32,direction_1_second_relative_error,,1e-06,<=,audit.ladders.1.second_relative_error,unavailable
zero-signal,guarded,mixed-float32,direction_2_estimated_relative_error,0.003676384683082223,1e-07,<=,audit.ladders.2.estimated_relative_error,fail
zero-signal,guarded,mixed-float32,direction_2_first_relative_error,0.00060243255555507,1e-06,<=,audit.ladders.2.first_relative_error,fail
zero-signal,guarded,mixed-float32,direction_2_second_relative_error,0.0009323940110358537,1e-06,<=,audit.ladders.2.second_relative_error,fail
zero-signal,guarded-log,first-stage-double,primary_feasible,True,True,==,fit.primary.feasible,pass
zero-signal,guarded-log,first-stage-double,primary_projected_kkt,2.220446049250313e-16,1e-10,<=,fit.primary.projected_kkt,pass
zero-signal,guarded-log,first-stage-double,primary_b_gradient_inf,8.11277760080612e-17,1e-12,<=,fit.primary.b_gradient_inf,pass
zero-signal,guarded-log,first-stage-double,reference_feasible,True,True,==,fit.reference.feasible,pass
zero-signal,guarded-log,first-stage-double,reference_projected_kkt,1.4432899320127035e-15,1e-10,<=,fit.reference.projected_kkt,pass
zero-signal,guarded-log,first-stage-double,reference_b_gradient_inf,5.354649580522024e-16,1e-12,<=,fit.reference.b_gradient_inf,pass
zero-signal,guarded-log,first-stage-double,coefficient_agreement,4.479361867554754e-14,1e-10,<=,fit.scaled_reference_difference,pass
zero-signal,guarded-log,first-stage-double,design_spectrum_rank,24,24,==,fit.design_spectrum.rank,pass
zero-signal,guarded-log,first-stage-double,width_spectrum_rank,11,12,==,fit.width_spectrum.rank,fail
zero-signal,guarded-log,first-stage-double,profile_jacobian_spectrum_rank,11,12,==,fit.profile_jacobian_spectrum.rank,fail
zero-signal,guarded-log,first-stage-double,legacy_local_correction,1.139683251751246e-16,1e-10,<=,fit.local_correction_inf,pass
zero-signal,guarded-log,first-stage-double,direction_0_estimated_relative_error,,1e-07,<=,audit.ladders.0.estimated_relative_error,unavailable
zero-signal,guarded-log,first-stage-double,direction_0_first_relative_error,,1e-06,<=,audit.ladders.0.first_relative_error,unavailable
zero-signal,guarded-log,first-stage-double,direction_0_second_relative_error,,1e-06,<=,audit.ladders.0.second_relative_error,unavailable
zero-signal,guarded-log,first-stage-double,direction_1_estimated_relative_error,,1e-07,<=,audit.ladders.1.estimated_relative_error,unavailable
zero-signal,guarded-log,first-stage-double,direction_1_first_relative_error,,1e-06,<=,audit.ladders.1.first_relative_error,unavailable
zero-signal,guarded-log,first-stage-double,direction_1_second_relative_error,,1e-06,<=,audit.ladders.1.second_relative_error,unavailable
zero-signal,guarded-log,first-stage-double,direction_2_estimated_relative_error,,1e-07,<=,audit.ladders.2.estimated_relative_error,unavailable
zero-signal,guarded-log,first-stage-double,direction_2_first_relative_error,,1e-06,<=,audit.ladders.2.first_relative_error,unavailable
zero-signal,guarded-log,first-stage-double,direction_2_second_relative_error,,1e-06,<=,audit.ladders.2.second_relative_error,unavailable
zero-signal,guarded-log,narrower-double,primary_feasible,True,True,==,fit.primary.feasible,pass
zero-signal,guarded-log,narrower-double,primary_projected_kkt,2.0816681711721685e-16,1e-10,<=,fit.primary.projected_kkt,pass
zero-signal,guarded-log,narrower-double,primary_b_gradient_inf,4.7634618187547706e-17,1e-12,<=,fit.primary.b_gradient_inf,pass
zero-signal,guarded-log,narrower-double,reference_feasible,True,True,==,fit.reference.feasible,pass
zero-signal,guarded-log,narrower-double,reference_projected_kkt,1.304512053934559e-15,1e-10,<=,fit.reference.projected_kkt,pass
zero-signal,guarded-log,narrower-double,reference_b_gradient_inf,2.245125615164803e-16,1e-12,<=,fit.reference.b_gradient_inf,pass
zero-signal,guarded-log,narrower-double,coefficient_agreement,5.709718412357917e-15,1e-10,<=,fit.scaled_reference_difference,pass
zero-signal,guarded-log,narrower-double,design_spectrum_rank,24,24,==,fit.design_spectrum.rank,pass
zero-signal,guarded-log,narrower-double,width_spectrum_rank,11,12,==,fit.width_spectrum.rank,fail
zero-signal,guarded-log,narrower-double,profile_jacobian_spectrum_rank,11,12,==,fit.profile_jacobian_spectrum.rank,fail
zero-signal,guarded-log,narrower-double,legacy_local_correction,1.9968910644564821e-16,1e-10,<=,fit.local_correction_inf,pass
zero-signal,guarded-log,narrower-double,direction_0_estimated_relative_error,,1e-07,<=,audit.ladders.0.estimated_relative_error,unavailable
zero-signal,guarded-log,narrower-double,direction_0_first_relative_error,,1e-06,<=,audit.ladders.0.first_relative_error,unavailable
zero-signal,guarded-log,narrower-double,direction_0_second_relative_error,,1e-06,<=,audit.ladders.0.second_relative_error,unavailable
zero-signal,guarded-log,narrower-double,direction_1_estimated_relative_error,,1e-07,<=,audit.ladders.1.estimated_relative_error,unavailable
zero-signal,guarded-log,narrower-double,direction_1_first_relative_error,,1e-06,<=,audit.ladders.1.first_relative_error,unavailable
zero-signal,guarded-log,narrower-double,direction_1_second_relative_error,,1e-06,<=,audit.ladders.1.second_relative_error,unavailable
zero-signal,guarded-log,narrower-double,direction_2_estimated_relative_error,,1e-07,<=,audit.ladders.2.estimated_relative_error,unavailable
zero-signal,guarded-log,narrower-double,direction_2_first_relative_error,,1e-06,<=,audit.ladders.2.first_relative_error,unavailable
zero-signal,guarded-log,narrower-double,direction_2_second_relative_error,,1e-06,<=,audit.ladders.2.second_relative_error,unavailable
zero-signal,guarded-log,wider-double,primary_feasible,True,True,==,fit.primary.feasible,pass
zero-signal,guarded-log,wider-double,primary_projected_kkt,2.220446049250313e-16,1e-10,<=,fit.primary.projected_kkt,pass
zero-signal,guarded-log,wider-double,primary_b_gradient_inf,6.13456053607001e-17,1e-12,<=,fit.primary.b_gradient_inf,pass
zero-signal,guarded-log,wider-double,reference_feasible,True,True,==,fit.reference.feasible,pass
zero-signal,guarded-log,wider-double,reference_projected_kkt,8.161386690561439e-16,1e-10,<=,fit.reference.projected_kkt,pass
zero-signal,guarded-log,wider-double,reference_b_gradient_inf,1.8320482644579e-16,1e-12,<=,fit.reference.b_gradient_inf,pass
zero-signal,guarded-log,wider-double,coefficient_agreement,3.0755508728950725e-15,1e-10,<=,fit.scaled_reference_difference,pass
zero-signal,guarded-log,wider-double,design_spectrum_rank,24,24,==,fit.design_spectrum.rank,pass
zero-signal,guarded-log,wider-double,width_spectrum_rank,11,12,==,fit.width_spectrum.rank,fail
zero-signal,guarded-log,wider-double,profile_jacobian_spectrum_rank,11,12,==,fit.profile_jacobian_spectrum.rank,fail
zero-signal,guarded-log,wider-double,legacy_local_correction,1.2723323468042203e-16,1e-10,<=,fit.local_correction_inf,pass
zero-signal,guarded-log,wider-double,direction_0_estimated_relative_error,,1e-07,<=,audit.ladders.0.estimated_relative_error,unavailable
zero-signal,guarded-log,wider-double,direction_0_first_relative_error,,1e-06,<=,audit.ladders.0.first_relative_error,unavailable
zero-signal,guarded-log,wider-double,direction_0_second_relative_error,,1e-06,<=,audit.ladders.0.second_relative_error,unavailable
zero-signal,guarded-log,wider-double,direction_1_estimated_relative_error,,1e-07,<=,audit.ladders.1.estimated_relative_error,unavailable
zero-signal,guarded-log,wider-double,direction_1_first_relative_error,,1e-06,<=,audit.ladders.1.first_relative_error,unavailable
zero-signal,guarded-log,wider-double,direction_1_second_relative_error,,1e-06,<=,audit.ladders.1.second_relative_error,unavailable
zero-signal,guarded-log,wider-double,direction_2_estimated_relative_error,,1e-07,<=,audit.ladders.2.estimated_relative_error,unavailable
zero-signal,guarded-log,wider-double,direction_2_first_relative_error,,1e-06,<=,audit.ladders.2.first_relative_error,unavailable
zero-signal,guarded-log,wider-double,direction_2_second_relative_error,,1e-06,<=,audit.ladders.2.second_relative_error,unavailable
zero-signal,guarded-log,mixed-double,primary_feasible,True,True,==,fit.primary.feasible,pass
zero-signal,guarded-log,mixed-double,primary_projected_kkt,2.220446049250313e-16,1e-10,<=,fit.primary.projected_kkt,pass
zero-signal,guarded-log,mixed-double,primary_b_gradient_inf,4.37257769025923e-17,1e-12,<=,fit.primary.b_gradient_inf,pass
zero-signal,guarded-log,mixed-double,reference_feasible,True,True,==,fit.reference.feasible,pass
zero-signal,guarded-log,mixed-double,reference_projected_kkt,1.0547118733938987e-15,1e-10,<=,fit.reference.projected_kkt,pass
zero-signal,guarded-log,mixed-double,reference_b_gradient_inf,2.8026386800205735e-16,1e-12,<=,fit.reference.b_gradient_inf,pass
zero-signal,guarded-log,mixed-double,coefficient_agreement,3.785779315535516e-15,1e-10,<=,fit.scaled_reference_difference,pass
zero-signal,guarded-log,mixed-double,design_spectrum_rank,24,24,==,fit.design_spectrum.rank,pass
zero-signal,guarded-log,mixed-double,width_spectrum_rank,11,12,==,fit.width_spectrum.rank,fail
zero-signal,guarded-log,mixed-double,profile_jacobian_spectrum_rank,11,12,==,fit.profile_jacobian_spectrum.rank,fail
zero-signal,guarded-log,mixed-double,legacy_local_correction,1.0951109089066229e-16,1e-10,<=,fit.local_correction_inf,pass
zero-signal,guarded-log,mixed-double,direction_0_estimated_relative_error,,1e-07,<=,audit.ladders.0.estimated_relative_error,unavailable
zero-signal,guarded-log,mixed-double,direction_0_first_relative_error,,1e-06,<=,audit.ladders.0.first_relative_error,unavailable
zero-signal,guarded-log,mixed-double,direction_0_second_relative_error,,1e-06,<=,audit.ladders.0.second_relative_error,unavailable
zero-signal,guarded-log,mixed-double,direction_1_estimated_relative_error,,1e-07,<=,audit.ladders.1.estimated_relative_error,unavailable
zero-signal,guarded-log,mixed-double,direction_1_first_relative_error,,1e-06,<=,audit.ladders.1.first_relative_error,unavailable
zero-signal,guarded-log,mixed-double,direction_1_second_relative_error,,1e-06,<=,audit.ladders.1.second_relative_error,unavailable
zero-signal,guarded-log,mixed-double,direction_2_estimated_relative_error,,1e-07,<=,audit.ladders.2.estimated_relative_error,unavailable
zero-signal,guarded-log,mixed-double,direction_2_first_relative_error,,1e-06,<=,audit.ladders.2.first_relative_error,unavailable
zero-signal,guarded-log,mixed-double,direction_2_second_relative_error,,1e-06,<=,audit.ladders.2.second_relative_error,unavailable
zero-signal,guarded-log,first-stage-float32,primary_feasible,True,True,==,fit.primary.feasible,pass
zero-signal,guarded-log,first-stage-float32,primary_projected_kkt,1.942890293094024e-16,1e-10,<=,fit.primary.projected_kkt,pass
zero-signal,guarded-log,first-stage-float32,primary_b_gradient_inf,6.553026214270277e-17,1e-12,<=,fit.primary.b_gradient_inf,pass
zero-signal,guarded-log,first-stage-float32,reference_feasible,True,True,==,fit.reference.feasible,pass
zero-signal,guarded-log,first-stage-float32,reference_projected_kkt,1.1657341758564144e-15,1e-10,<=,fit.reference.projected_kkt,pass
zero-signal,guarded-log,first-stage-float32,reference_b_gradient_inf,3.835749414846026e-16,1e-12,<=,fit.reference.b_gradient_inf,pass
zero-signal,guarded-log,first-stage-float32,coefficient_agreement,6.978544738373994e-15,1e-10,<=,fit.scaled_reference_difference,pass
zero-signal,guarded-log,first-stage-float32,design_spectrum_rank,24,24,==,fit.design_spectrum.rank,pass
zero-signal,guarded-log,first-stage-float32,width_spectrum_rank,12,12,==,fit.width_spectrum.rank,pass
zero-signal,guarded-log,first-stage-float32,profile_jacobian_spectrum_rank,12,12,==,fit.profile_jacobian_spectrum.rank,pass
zero-signal,guarded-log,first-stage-float32,legacy_local_correction,0.0001338522827074087,1e-10,<=,fit.local_correction_inf,fail
zero-signal,guarded-log,first-stage-float32,direction_0_estimated_relative_error,,1e-07,<=,audit.ladders.0.estimated_relative_error,unavailable
zero-signal,guarded-log,first-stage-float32,direction_0_first_relative_error,,1e-06,<=,audit.ladders.0.first_relative_error,unavailable
zero-signal,guarded-log,first-stage-float32,direction_0_second_relative_error,,1e-06,<=,audit.ladders.0.second_relative_error,unavailable
zero-signal,guarded-log,first-stage-float32,direction_1_estimated_relative_error,,1e-07,<=,audit.ladders.1.estimated_relative_error,unavailable
zero-signal,guarded-log,first-stage-float32,direction_1_first_relative_error,,1e-06,<=,audit.ladders.1.first_relative_error,unavailable
zero-signal,guarded-log,first-stage-float32,direction_1_second_relative_error,,1e-06,<=,audit.ladders.1.second_relative_error,unavailable
zero-signal,guarded-log,first-stage-float32,direction_2_estimated_relative_error,0.004812201255961696,1e-07,<=,audit.ladders.2.estimated_relative_error,fail
zero-signal,guarded-log,first-stage-float32,direction_2_first_relative_error,0.0003744954869462139,1e-06,<=,audit.ladders.2.first_relative_error,fail
zero-signal,guarded-log,first-stage-float32,direction_2_second_relative_error,0.0017108783653688193,1e-06,<=,audit.ladders.2.second_relative_error,fail
zero-signal,guarded-log,narrower-float32,primary_feasible,True,True,==,fit.primary.feasible,pass
zero-signal,guarded-log,narrower-float32,primary_projected_kkt,1.1102230246251565e-16,1e-10,<=,fit.primary.projected_kkt,pass
zero-signal,guarded-log,narrower-float32,primary_b_gradient_inf,4.154785269010086e-17,1e-12,<=,fit.primary.b_gradient_inf,pass
zero-signal,guarded-log,narrower-float32,reference_feasible,True,True,==,fit.reference.feasible,pass
zero-signal,guarded-log,narrower-float32,reference_projected_kkt,1.1379786002407855e-15,1e-10,<=,fit.reference.projected_kkt,pass
zero-signal,guarded-log,narrower-float32,reference_b_gradient_inf,3.002557768611461e-16,1e-12,<=,fit.reference.b_gradient_inf,pass
zero-signal,guarded-log,narrower-float32,coefficient_agreement,2.7464912256893185e-14,1e-10,<=,fit.scaled_reference_difference,pass
zero-signal,guarded-log,narrower-float32,design_spectrum_rank,24,24,==,fit.design_spectrum.rank,pass
zero-signal,guarded-log,narrower-float32,width_spectrum_rank,12,12,==,fit.width_spectrum.rank,pass
zero-signal,guarded-log,narrower-float32,profile_jacobian_spectrum_rank,12,12,==,fit.profile_jacobian_spectrum.rank,pass
zero-signal,guarded-log,narrower-float32,legacy_local_correction,0.0002294064013803023,1e-10,<=,fit.local_correction_inf,fail
zero-signal,guarded-log,narrower-float32,direction_0_estimated_relative_error,,1e-07,<=,audit.ladders.0.estimated_relative_error,unavailable
zero-signal,guarded-log,narrower-float32,direction_0_first_relative_error,,1e-06,<=,audit.ladders.0.first_relative_error,unavailable
zero-signal,guarded-log,narrower-float32,direction_0_second_relative_error,,1e-06,<=,audit.ladders.0.second_relative_error,unavailable
zero-signal,guarded-log,narrower-float32,direction_1_estimated_relative_error,,1e-07,<=,audit.ladders.1.estimated_relative_error,unavailable
zero-signal,guarded-log,narrower-float32,direction_1_first_relative_error,,1e-06,<=,audit.ladders.1.first_relative_error,unavailable
zero-signal,guarded-log,narrower-float32,direction_1_second_relative_error,,1e-06,<=,audit.ladders.1.second_relative_error,unavailable
zero-signal,guarded-log,narrower-float32,direction_2_estimated_relative_error,0.0045019441247954395,1e-07,<=,audit.ladders.2.estimated_relative_error,fail
zero-signal,guarded-log,narrower-float32,direction_2_first_relative_error,0.00043685983103597067,1e-06,<=,audit.ladders.2.first_relative_error,fail
zero-signal,guarded-log,narrower-float32,direction_2_second_relative_error,0.0015059872952721694,1e-06,<=,audit.ladders.2.second_relative_error,fail
zero-signal,guarded-log,wider-float32,primary_feasible,True,True,==,fit.primary.feasible,pass
zero-signal,guarded-log,wider-float32,primary_projected_kkt,1.942890293094024e-16,1e-10,<=,fit.primary.projected_kkt,pass
zero-signal,guarded-log,wider-float32,primary_b_gradient_inf,7.87716618971928e-17,1e-12,<=,fit.primary.b_gradient_inf,pass
zero-signal,guarded-log,wider-float32,reference_feasible,True,True,==,fit.reference.feasible,pass
zero-signal,guarded-log,wider-float32,reference_projected_kkt,9.159339953157541e-16,1e-10,<=,fit.reference.projected_kkt,pass
zero-signal,guarded-log,wider-float32,reference_b_gradient_inf,2.305393821661841e-16,1e-12,<=,fit.reference.b_gradient_inf,pass
zero-signal,guarded-log,wider-float32,coefficient_agreement,4.50401827409157e-15,1e-10,<=,fit.scaled_reference_difference,pass
zero-signal,guarded-log,wider-float32,design_spectrum_rank,24,24,==,fit.design_spectrum.rank,pass
zero-signal,guarded-log,wider-float32,width_spectrum_rank,12,12,==,fit.width_spectrum.rank,pass
zero-signal,guarded-log,wider-float32,profile_jacobian_spectrum_rank,12,12,==,fit.profile_jacobian_spectrum.rank,pass
zero-signal,guarded-log,wider-float32,legacy_local_correction,0.0011325782758864473,1e-10,<=,fit.local_correction_inf,fail
zero-signal,guarded-log,wider-float32,direction_0_estimated_relative_error,,1e-07,<=,audit.ladders.0.estimated_relative_error,unavailable
zero-signal,guarded-log,wider-float32,direction_0_first_relative_error,,1e-06,<=,audit.ladders.0.first_relative_error,unavailable
zero-signal,guarded-log,wider-float32,direction_0_second_relative_error,,1e-06,<=,audit.ladders.0.second_relative_error,unavailable
zero-signal,guarded-log,wider-float32,direction_1_estimated_relative_error,,1e-07,<=,audit.ladders.1.estimated_relative_error,unavailable
zero-signal,guarded-log,wider-float32,direction_1_first_relative_error,,1e-06,<=,audit.ladders.1.first_relative_error,unavailable
zero-signal,guarded-log,wider-float32,direction_1_second_relative_error,,1e-06,<=,audit.ladders.1.second_relative_error,unavailable
zero-signal,guarded-log,wider-float32,direction_2_estimated_relative_error,0.003366699723141969,1e-07,<=,audit.ladders.2.estimated_relative_error,fail
zero-signal,guarded-log,wider-float32,direction_2_first_relative_error,0.0004316457068711293,1e-06,<=,audit.ladders.2.first_relative_error,fail
zero-signal,guarded-log,wider-float32,direction_2_second_relative_error,0.0006414183137384403,1e-06,<=,audit.ladders.2.second_relative_error,fail
zero-signal,guarded-log,mixed-float32,primary_feasible,True,True,==,fit.primary.feasible,pass
zero-signal,guarded-log,mixed-float32,primary_projected_kkt,2.220446049250313e-16,1e-10,<=,fit.primary.projected_kkt,pass
zero-signal,guarded-log,mixed-float32,primary_b_gradient_inf,1.7328211234254515e-14,1e-12,<=,fit.primary.b_gradient_inf,pass
zero-signal,guarded-log,mixed-float32,reference_feasible,True,True,==,fit.reference.feasible,pass
zero-signal,guarded-log,mixed-float32,reference_projected_kkt,4.996003610813204e-16,1e-10,<=,fit.reference.projected_kkt,pass
zero-signal,guarded-log,mixed-float32,reference_b_gradient_inf,1.7407598970925195e-14,1e-12,<=,fit.reference.b_gradient_inf,pass
zero-signal,guarded-log,mixed-float32,coefficient_agreement,3.039658367939603e-14,1e-10,<=,fit.scaled_reference_difference,pass
zero-signal,guarded-log,mixed-float32,design_spectrum_rank,24,24,==,fit.design_spectrum.rank,pass
zero-signal,guarded-log,mixed-float32,width_spectrum_rank,12,12,==,fit.width_spectrum.rank,pass
zero-signal,guarded-log,mixed-float32,profile_jacobian_spectrum_rank,12,12,==,fit.profile_jacobian_spectrum.rank,pass
zero-signal,guarded-log,mixed-float32,legacy_local_correction,0.0005780135129184517,1e-10,<=,fit.local_correction_inf,fail
zero-signal,guarded-log,mixed-float32,direction_0_estimated_relative_error,,1e-07,<=,audit.ladders.0.estimated_relative_error,unavailable
zero-signal,guarded-log,mixed-float32,direction_0_first_relative_error,,1e-06,<=,audit.ladders.0.first_relative_error,unavailable
zero-signal,guarded-log,mixed-float32,direction_0_second_relative_error,,1e-06,<=,audit.ladders.0.second_relative_error,unavailable
zero-signal,guarded-log,mixed-float32,direction_1_estimated_relative_error,,1e-07,<=,audit.ladders.1.estimated_relative_error,unavailable
zero-signal,guarded-log,mixed-float32,direction_1_first_relative_error,,1e-06,<=,audit.ladders.1.first_relative_error,unavailable
zero-signal,guarded-log,mixed-float32,direction_1_second_relative_error,,1e-06,<=,audit.ladders.1.second_relative_error,unavailable
zero-signal,guarded-log,mixed-float32,direction_2_estimated_relative_error,0.003325590911995014,1e-07,<=,audit.ladders.2.estimated_relative_error,fail
zero-signal,guarded-log,mixed-float32,direction_2_first_relative_error,0.00046910079596766094,1e-06,<=,audit.ladders.2.first_relative_error,fail
zero-signal,guarded-log,mixed-float32,direction_2_second_relative_error,0.0008252286588747979,1e-06,<=,audit.ladders.2.second_relative_error,fail
near-0.10,legacy,first-stage-double,primary_feasible,True,True,==,fit.primary.feasible,pass
near-0.10,legacy,first-stage-double,primary_projected_kkt,2.7755575615628914e-16,1e-10,<=,fit.primary.projected_kkt,pass
near-0.10,legacy,first-stage-double,primary_b_gradient_inf,1.2910086086814908e-16,1e-12,<=,fit.primary.b_gradient_inf,pass
near-0.10,legacy,first-stage-double,reference_feasible,True,True,==,fit.reference.feasible,pass
near-0.10,legacy,first-stage-double,reference_projected_kkt,8.604228440844963e-16,1e-10,<=,fit.reference.projected_kkt,pass
near-0.10,legacy,first-stage-double,reference_b_gradient_inf,1.7900071502024535e-16,1e-12,<=,fit.reference.b_gradient_inf,pass
near-0.10,legacy,first-stage-double,coefficient_agreement,3.0451831532575673e-15,1e-10,<=,fit.scaled_reference_difference,pass
near-0.10,legacy,first-stage-double,design_spectrum_rank,24,24,==,fit.design_spectrum.rank,pass
near-0.10,legacy,first-stage-double,width_spectrum_rank,12,12,==,fit.width_spectrum.rank,pass
near-0.10,legacy,first-stage-double,profile_jacobian_spectrum_rank,12,12,==,fit.profile_jacobian_spectrum.rank,pass
near-0.10,legacy,first-stage-double,legacy_local_correction,1.648201753523544e-16,1e-10,<=,fit.local_correction_inf,pass
near-0.10,legacy,narrower-double,primary_feasible,True,True,==,fit.primary.feasible,pass
near-0.10,legacy,narrower-double,primary_projected_kkt,2.220446049250313e-16,1e-10,<=,fit.primary.projected_kkt,pass
near-0.10,legacy,narrower-double,primary_b_gradient_inf,1.104576982621688e-16,1e-12,<=,fit.primary.b_gradient_inf,pass
near-0.10,legacy,narrower-double,reference_feasible,True,True,==,fit.reference.feasible,pass
near-0.10,legacy,narrower-double,reference_projected_kkt,9.159339953157541e-16,1e-10,<=,fit.reference.projected_kkt,pass
near-0.10,legacy,narrower-double,reference_b_gradient_inf,2.564694152688044e-16,1e-12,<=,fit.reference.b_gradient_inf,pass
near-0.10,legacy,narrower-double,coefficient_agreement,4.5519144009631245e-15,1e-10,<=,fit.scaled_reference_difference,pass
near-0.10,legacy,narrower-double,design_spectrum_rank,24,24,==,fit.design_spectrum.rank,pass
near-0.10,legacy,narrower-double,width_spectrum_rank,12,12,==,fit.width_spectrum.rank,pass
near-0.10,legacy,narrower-double,profile_jacobian_spectrum_rank,12,12,==,fit.profile_jacobian_spectrum.rank,pass
near-0.10,legacy,narrower-double,legacy_local_correction,3.085885464604211e-16,1e-10,<=,fit.local_correction_inf,pass
near-0.10,legacy,wider-double,primary_feasible,True,True,==,fit.primary.feasible,pass
near-0.10,legacy,wider-double,primary_projected_kkt,1.6653345369377348e-16,1e-10,<=,fit.primary.projected_kkt,pass
near-0.10,legacy,wider-double,primary_b_gradient_inf,6.870438884527342e-17,1e-12,<=,fit.primary.b_gradient_inf,pass
near-0.10,legacy,wider-double,reference_feasible,True,True,==,fit.reference.feasible,pass
near-0.10,legacy,wider-double,reference_projected_kkt,1.2212453270876722e-15,1e-10,<=,fit.reference.projected_kkt,pass
near-0.10,legacy,wider-double,reference_b_gradient_inf,2.8498241544472907e-16,1e-12,<=,fit.reference.b_gradient_inf,pass
near-0.10,legacy,wider-double,coefficient_agreement,3.806478941571959e-15,1e-10,<=,fit.scaled_reference_difference,pass
near-0.10,legacy,wider-double,design_spectrum_rank,24,24,==,fit.design_spectrum.rank,pass
near-0.10,legacy,wider-double,width_spectrum_rank,12,12,==,fit.width_spectrum.rank,pass
near-0.10,legacy,wider-double,profile_jacobian_spectrum_rank,12,12,==,fit.profile_jacobian_spectrum.rank,pass
near-0.10,legacy,wider-double,legacy_local_correction,2.4432727384216914e-16,1e-10,<=,fit.local_correction_inf,pass
near-0.10,legacy,mixed-double,primary_feasible,True,True,==,fit.primary.feasible,pass
near-0.10,legacy,mixed-double,primary_projected_kkt,1.6653345369377348e-16,1e-10,<=,fit.primary.projected_kkt,pass
near-0.10,legacy,mixed-double,primary_b_gradient_inf,9.820086652373215e-17,1e-12,<=,fit.primary.b_gradient_inf,pass
near-0.10,legacy,mixed-double,reference_feasible,True,True,==,fit.reference.feasible,pass
near-0.10,legacy,mixed-double,reference_projected_kkt,8.604228440844963e-16,1e-10,<=,fit.reference.projected_kkt,pass
near-0.10,legacy,mixed-double,reference_b_gradient_inf,2.7213737139113496e-16,1e-12,<=,fit.reference.b_gradient_inf,pass
near-0.10,legacy,mixed-double,coefficient_agreement,4.773959005888151e-15,1e-10,<=,fit.scaled_reference_difference,pass
near-0.10,legacy,mixed-double,design_spectrum_rank,24,24,==,fit.design_spectrum.rank,pass
near-0.10,legacy,mixed-double,width_spectrum_rank,12,12,==,fit.width_spectrum.rank,pass
near-0.10,legacy,mixed-double,profile_jacobian_spectrum_rank,12,12,==,fit.profile_jacobian_spectrum.rank,pass
near-0.10,legacy,mixed-double,legacy_local_correction,1.9884102426380338e-16,1e-10,<=,fit.local_correction_inf,pass
near-0.10,legacy,first-stage-float32,primary_feasible,True,True,==,fit.primary.feasible,pass
near-0.10,legacy,first-stage-float32,primary_projected_kkt,2.7755575615628914e-16,1e-10,<=,fit.primary.projected_kkt,pass
near-0.10,legacy,first-stage-float32,primary_b_gradient_inf,1.047697821050464e-16,1e-12,<=,fit.primary.b_gradient_inf,pass
near-0.10,legacy,first-stage-float32,reference_feasible,True,True,==,fit.reference.feasible,pass
near-0.10,legacy,first-stage-float32,reference_projected_kkt,6.938893903907228e-16,1e-10,<=,fit.reference.projected_kkt,pass
near-0.10,legacy,first-stage-float32,reference_b_gradient_inf,2.6468885604959115e-16,1e-12,<=,fit.reference.b_gradient_inf,pass
near-0.10,legacy,first-stage-float32,coefficient_agreement,4.0602441172508836e-15,1e-10,<=,fit.scaled_reference_difference,pass
near-0.10,legacy,first-stage-float32,design_spectrum_rank,24,24,==,fit.design_spectrum.rank,pass
near-0.10,legacy,first-stage-float32,width_spectrum_rank,12,12,==,fit.width_spectrum.rank,pass
near-0.10,legacy,first-stage-float32,profile_jacobian_spectrum_rank,12,12,==,fit.profile_jacobian_spectrum.rank,pass
near-0.10,legacy,first-stage-float32,legacy_local_correction,1.7763702903761403e-16,1e-10,<=,fit.local_correction_inf,pass
near-0.10,legacy,narrower-float32,primary_feasible,True,True,==,fit.primary.feasible,pass
near-0.10,legacy,narrower-float32,primary_projected_kkt,2.220446049250313e-16,1e-10,<=,fit.primary.projected_kkt,pass
near-0.10,legacy,narrower-float32,primary_b_gradient_inf,9.188615531470266e-17,1e-12,<=,fit.primary.b_gradient_inf,pass
near-0.10,legacy,narrower-float32,reference_feasible,True,True,==,fit.reference.feasible,pass
near-0.10,legacy,narrower-float32,reference_projected_kkt,8.326672684688674e-16,1e-10,<=,fit.reference.projected_kkt,pass
near-0.10,legacy,narrower-float32,reference_b_gradient_inf,3.7844474506721664e-16,1e-12,<=,fit.reference.b_gradient_inf,pass
near-0.10,legacy,narrower-float32,coefficient_agreement,5.075305146563596e-15,1e-10,<=,fit.scaled_reference_difference,pass
near-0.10,legacy,narrower-float32,design_spectrum_rank,24,24,==,fit.design_spectrum.rank,pass
near-0.10,legacy,narrower-float32,width_spectrum_rank,12,12,==,fit.width_spectrum.rank,pass
near-0.10,legacy,narrower-float32,profile_jacobian_spectrum_rank,12,12,==,fit.profile_jacobian_spectrum.rank,pass
near-0.10,legacy,narrower-float32,legacy_local_correction,2.225341128361921e-16,1e-10,<=,fit.local_correction_inf,pass
near-0.10,legacy,wider-float32,primary_feasible,True,True,==,fit.primary.feasible,pass
near-0.10,legacy,wider-float32,primary_projected_kkt,2.914335439641036e-16,1e-10,<=,fit.primary.projected_kkt,pass
near-0.10,legacy,wider-float32,primary_b_gradient_inf,1.049989075541092e-16,1e-12,<=,fit.primary.b_gradient_inf,pass
near-0.10,legacy,wider-float32,reference_feasible,True,True,==,fit.reference.feasible,pass
near-0.10,legacy,wider-float32,reference_projected_kkt,9.506284648352903e-16,1e-10,<=,fit.reference.projected_kkt,pass
near-0.10,legacy,wider-float32,reference_b_gradient_inf,2.1033286136564002e-16,1e-12,<=,fit.reference.b_gradient_inf,pass
near-0.10,legacy,wider-float32,coefficient_agreement,4.9484225178995076e-15,1e-10,<=,fit.scaled_reference_difference,pass
near-0.10,legacy,wider-float32,design_spectrum_rank,24,24,==,fit.design_spectrum.rank,pass
near-0.10,legacy,wider-float32,width_spectrum_rank,12,12,==,fit.width_spectrum.rank,pass
near-0.10,legacy,wider-float32,profile_jacobian_spectrum_rank,12,12,==,fit.profile_jacobian_spectrum.rank,pass
near-0.10,legacy,wider-float32,legacy_local_correction,3.3267488213644507e-16,1e-10,<=,fit.local_correction_inf,pass
near-0.10,legacy,mixed-float32,primary_feasible,True,True,==,fit.primary.feasible,pass
near-0.10,legacy,mixed-float32,primary_projected_kkt,2.7755575615628914e-16,1e-10,<=,fit.primary.projected_kkt,pass
near-0.10,legacy,mixed-float32,primary_b_gradient_inf,1.1348058730365751e-16,1e-12,<=,fit.primary.b_gradient_inf,pass
near-0.10,legacy,mixed-float32,reference_feasible,True,True,==,fit.reference.feasible,pass
near-0.10,legacy,mixed-float32,reference_projected_kkt,8.326672684688674e-16,1e-10,<=,fit.reference.projected_kkt,pass
near-0.10,legacy,mixed-float32,reference_b_gradient_inf,2.9730394095796123e-16,1e-12,<=,fit.reference.b_gradient_inf,pass
near-0.10,legacy,mixed-float32,coefficient_agreement,3.9333614885867945e-15,1e-10,<=,fit.scaled_reference_difference,pass
near-0.10,legacy,mixed-float32,design_spectrum_rank,24,24,==,fit.design_spectrum.rank,pass
near-0.10,legacy,mixed-float32,width_spectrum_rank,12,12,==,fit.width_spectrum.rank,pass
near-0.10,legacy,mixed-float32,profile_jacobian_spectrum_rank,12,12,==,fit.profile_jacobian_spectrum.rank,pass
near-0.10,legacy,mixed-float32,legacy_local_correction,3.348205962062713e-16,1e-10,<=,fit.local_correction_inf,pass
near-0.10,guarded,first-stage-double,primary_feasible,True,True,==,fit.primary.feasible,pass
near-0.10,guarded,first-stage-double,primary_projected_kkt,2.7755575615628914e-16,1e-10,<=,fit.primary.projected_kkt,pass
near-0.10,guarded,first-stage-double,primary_b_gradient_inf,1.2910086086814908e-16,1e-12,<=,fit.primary.b_gradient_inf,pass
near-0.10,guarded,first-stage-double,reference_feasible,True,True,==,fit.reference.feasible,pass
near-0.10,guarded,first-stage-double,reference_projected_kkt,8.604228440844963e-16,1e-10,<=,fit.reference.projected_kkt,pass
near-0.10,guarded,first-stage-double,reference_b_gradient_inf,1.7900071502024535e-16,1e-12,<=,fit.reference.b_gradient_inf,pass
near-0.10,guarded,first-stage-double,coefficient_agreement,3.0451831532575673e-15,1e-10,<=,fit.scaled_reference_difference,pass
near-0.10,guarded,first-stage-double,design_spectrum_rank,24,24,==,fit.design_spectrum.rank,pass
near-0.10,guarded,first-stage-double,width_spectrum_rank,12,12,==,fit.width_spectrum.rank,pass
near-0.10,guarded,first-stage-double,profile_jacobian_spectrum_rank,12,12,==,fit.profile_jacobian_spectrum.rank,pass
near-0.10,guarded,first-stage-double,legacy_local_correction,1.648201753523544e-16,1e-10,<=,fit.local_correction_inf,pass
near-0.10,guarded,narrower-double,primary_feasible,True,True,==,fit.primary.feasible,pass
near-0.10,guarded,narrower-double,primary_projected_kkt,2.220446049250313e-16,1e-10,<=,fit.primary.projected_kkt,pass
near-0.10,guarded,narrower-double,primary_b_gradient_inf,1.104576982621688e-16,1e-12,<=,fit.primary.b_gradient_inf,pass
near-0.10,guarded,narrower-double,reference_feasible,True,True,==,fit.reference.feasible,pass
near-0.10,guarded,narrower-double,reference_projected_kkt,9.159339953157541e-16,1e-10,<=,fit.reference.projected_kkt,pass
near-0.10,guarded,narrower-double,reference_b_gradient_inf,2.564694152688044e-16,1e-12,<=,fit.reference.b_gradient_inf,pass
near-0.10,guarded,narrower-double,coefficient_agreement,4.5519144009631245e-15,1e-10,<=,fit.scaled_reference_difference,pass
near-0.10,guarded,narrower-double,design_spectrum_rank,24,24,==,fit.design_spectrum.rank,pass
near-0.10,guarded,narrower-double,width_spectrum_rank,12,12,==,fit.width_spectrum.rank,pass
near-0.10,guarded,narrower-double,profile_jacobian_spectrum_rank,12,12,==,fit.profile_jacobian_spectrum.rank,pass
near-0.10,guarded,narrower-double,legacy_local_correction,3.085885464604211e-16,1e-10,<=,fit.local_correction_inf,pass
near-0.10,guarded,wider-double,primary_feasible,True,True,==,fit.primary.feasible,pass
near-0.10,guarded,wider-double,primary_projected_kkt,1.6653345369377348e-16,1e-10,<=,fit.primary.projected_kkt,pass
near-0.10,guarded,wider-double,primary_b_gradient_inf,6.870438884527342e-17,1e-12,<=,fit.primary.b_gradient_inf,pass
near-0.10,guarded,wider-double,reference_feasible,True,True,==,fit.reference.feasible,pass
near-0.10,guarded,wider-double,reference_projected_kkt,1.2212453270876722e-15,1e-10,<=,fit.reference.projected_kkt,pass
near-0.10,guarded,wider-double,reference_b_gradient_inf,2.8498241544472907e-16,1e-12,<=,fit.reference.b_gradient_inf,pass
near-0.10,guarded,wider-double,coefficient_agreement,3.806478941571959e-15,1e-10,<=,fit.scaled_reference_difference,pass
near-0.10,guarded,wider-double,design_spectrum_rank,24,24,==,fit.design_spectrum.rank,pass
near-0.10,guarded,wider-double,width_spectrum_rank,12,12,==,fit.width_spectrum.rank,pass
near-0.10,guarded,wider-double,profile_jacobian_spectrum_rank,12,12,==,fit.profile_jacobian_spectrum.rank,pass
near-0.10,guarded,wider-double,legacy_local_correction,2.4432727384216914e-16,1e-10,<=,fit.local_correction_inf,pass
near-0.10,guarded,mixed-double,primary_feasible,True,True,==,fit.primary.feasible,pass
near-0.10,guarded,mixed-double,primary_projected_kkt,1.6653345369377348e-16,1e-10,<=,fit.primary.projected_kkt,pass
near-0.10,guarded,mixed-double,primary_b_gradient_inf,9.820086652373215e-17,1e-12,<=,fit.primary.b_gradient_inf,pass
near-0.10,guarded,mixed-double,reference_feasible,True,True,==,fit.reference.feasible,pass
near-0.10,guarded,mixed-double,reference_projected_kkt,8.604228440844963e-16,1e-10,<=,fit.reference.projected_kkt,pass
near-0.10,guarded,mixed-double,reference_b_gradient_inf,2.7213737139113496e-16,1e-12,<=,fit.reference.b_gradient_inf,pass
near-0.10,guarded,mixed-double,coefficient_agreement,4.773959005888151e-15,1e-10,<=,fit.scaled_reference_difference,pass
near-0.10,guarded,mixed-double,design_spectrum_rank,24,24,==,fit.design_spectrum.rank,pass
near-0.10,guarded,mixed-double,width_spectrum_rank,12,12,==,fit.width_spectrum.rank,pass
near-0.10,guarded,mixed-double,profile_jacobian_spectrum_rank,12,12,==,fit.profile_jacobian_spectrum.rank,pass
near-0.10,guarded,mixed-double,legacy_local_correction,1.9884102426380338e-16,1e-10,<=,fit.local_correction_inf,pass
near-0.10,guarded,first-stage-float32,primary_feasible,True,True,==,fit.primary.feasible,pass
near-0.10,guarded,first-stage-float32,primary_projected_kkt,2.7755575615628914e-16,1e-10,<=,fit.primary.projected_kkt,pass
near-0.10,guarded,first-stage-float32,primary_b_gradient_inf,1.047697821050464e-16,1e-12,<=,fit.primary.b_gradient_inf,pass
near-0.10,guarded,first-stage-float32,reference_feasible,True,True,==,fit.reference.feasible,pass
near-0.10,guarded,first-stage-float32,reference_projected_kkt,6.938893903907228e-16,1e-10,<=,fit.reference.projected_kkt,pass
near-0.10,guarded,first-stage-float32,reference_b_gradient_inf,2.6468885604959115e-16,1e-12,<=,fit.reference.b_gradient_inf,pass
near-0.10,guarded,first-stage-float32,coefficient_agreement,4.0602441172508836e-15,1e-10,<=,fit.scaled_reference_difference,pass
near-0.10,guarded,first-stage-float32,design_spectrum_rank,24,24,==,fit.design_spectrum.rank,pass
near-0.10,guarded,first-stage-float32,width_spectrum_rank,12,12,==,fit.width_spectrum.rank,pass
near-0.10,guarded,first-stage-float32,profile_jacobian_spectrum_rank,12,12,==,fit.profile_jacobian_spectrum.rank,pass
near-0.10,guarded,first-stage-float32,legacy_local_correction,1.7763702903761403e-16,1e-10,<=,fit.local_correction_inf,pass
near-0.10,guarded,narrower-float32,primary_feasible,True,True,==,fit.primary.feasible,pass
near-0.10,guarded,narrower-float32,primary_projected_kkt,2.220446049250313e-16,1e-10,<=,fit.primary.projected_kkt,pass
near-0.10,guarded,narrower-float32,primary_b_gradient_inf,9.188615531470266e-17,1e-12,<=,fit.primary.b_gradient_inf,pass
near-0.10,guarded,narrower-float32,reference_feasible,True,True,==,fit.reference.feasible,pass
near-0.10,guarded,narrower-float32,reference_projected_kkt,8.326672684688674e-16,1e-10,<=,fit.reference.projected_kkt,pass
near-0.10,guarded,narrower-float32,reference_b_gradient_inf,3.7844474506721664e-16,1e-12,<=,fit.reference.b_gradient_inf,pass
near-0.10,guarded,narrower-float32,coefficient_agreement,5.075305146563596e-15,1e-10,<=,fit.scaled_reference_difference,pass
near-0.10,guarded,narrower-float32,design_spectrum_rank,24,24,==,fit.design_spectrum.rank,pass
near-0.10,guarded,narrower-float32,width_spectrum_rank,12,12,==,fit.width_spectrum.rank,pass
near-0.10,guarded,narrower-float32,profile_jacobian_spectrum_rank,12,12,==,fit.profile_jacobian_spectrum.rank,pass
near-0.10,guarded,narrower-float32,legacy_local_correction,2.225341128361921e-16,1e-10,<=,fit.local_correction_inf,pass
near-0.10,guarded,wider-float32,primary_feasible,True,True,==,fit.primary.feasible,pass
near-0.10,guarded,wider-float32,primary_projected_kkt,2.914335439641036e-16,1e-10,<=,fit.primary.projected_kkt,pass
near-0.10,guarded,wider-float32,primary_b_gradient_inf,1.049989075541092e-16,1e-12,<=,fit.primary.b_gradient_inf,pass
near-0.10,guarded,wider-float32,reference_feasible,True,True,==,fit.reference.feasible,pass
near-0.10,guarded,wider-float32,reference_projected_kkt,9.506284648352903e-16,1e-10,<=,fit.reference.projected_kkt,pass
near-0.10,guarded,wider-float32,reference_b_gradient_inf,2.1033286136564002e-16,1e-12,<=,fit.reference.b_gradient_inf,pass
near-0.10,guarded,wider-float32,coefficient_agreement,4.9484225178995076e-15,1e-10,<=,fit.scaled_reference_difference,pass
near-0.10,guarded,wider-float32,design_spectrum_rank,24,24,==,fit.design_spectrum.rank,pass
near-0.10,guarded,wider-float32,width_spectrum_rank,12,12,==,fit.width_spectrum.rank,pass
near-0.10,guarded,wider-float32,profile_jacobian_spectrum_rank,12,12,==,fit.profile_jacobian_spectrum.rank,pass
near-0.10,guarded,wider-float32,legacy_local_correction,3.3267488213644507e-16,1e-10,<=,fit.local_correction_inf,pass
near-0.10,guarded,mixed-float32,primary_feasible,True,True,==,fit.primary.feasible,pass
near-0.10,guarded,mixed-float32,primary_projected_kkt,2.7755575615628914e-16,1e-10,<=,fit.primary.projected_kkt,pass
near-0.10,guarded,mixed-float32,primary_b_gradient_inf,1.1348058730365751e-16,1e-12,<=,fit.primary.b_gradient_inf,pass
near-0.10,guarded,mixed-float32,reference_feasible,True,True,==,fit.reference.feasible,pass
near-0.10,guarded,mixed-float32,reference_projected_kkt,8.326672684688674e-16,1e-10,<=,fit.reference.projected_kkt,pass
near-0.10,guarded,mixed-float32,reference_b_gradient_inf,2.9730394095796123e-16,1e-12,<=,fit.reference.b_gradient_inf,pass
near-0.10,guarded,mixed-float32,coefficient_agreement,3.9333614885867945e-15,1e-10,<=,fit.scaled_reference_difference,pass
near-0.10,guarded,mixed-float32,design_spectrum_rank,24,24,==,fit.design_spectrum.rank,pass
near-0.10,guarded,mixed-float32,width_spectrum_rank,12,12,==,fit.width_spectrum.rank,pass
near-0.10,guarded,mixed-float32,profile_jacobian_spectrum_rank,12,12,==,fit.profile_jacobian_spectrum.rank,pass
near-0.10,guarded,mixed-float32,legacy_local_correction,3.348205962062713e-16,1e-10,<=,fit.local_correction_inf,pass
near-0.10,guarded-log,first-stage-double,primary_feasible,True,True,==,fit.primary.feasible,pass
near-0.10,guarded-log,first-stage-double,primary_projected_kkt,2.7755575615628914e-16,1e-10,<=,fit.primary.projected_kkt,pass
near-0.10,guarded-log,first-stage-double,primary_b_gradient_inf,1.2910086086814908e-16,1e-12,<=,fit.primary.b_gradient_inf,pass
near-0.10,guarded-log,first-stage-double,reference_feasible,True,True,==,fit.reference.feasible,pass
near-0.10,guarded-log,first-stage-double,reference_projected_kkt,8.604228440844963e-16,1e-10,<=,fit.reference.projected_kkt,pass
near-0.10,guarded-log,first-stage-double,reference_b_gradient_inf,1.7900071502024535e-16,1e-12,<=,fit.reference.b_gradient_inf,pass
near-0.10,guarded-log,first-stage-double,coefficient_agreement,3.0451831532575673e-15,1e-10,<=,fit.scaled_reference_difference,pass
near-0.10,guarded-log,first-stage-double,design_spectrum_rank,24,24,==,fit.design_spectrum.rank,pass
near-0.10,guarded-log,first-stage-double,width_spectrum_rank,12,12,==,fit.width_spectrum.rank,pass
near-0.10,guarded-log,first-stage-double,profile_jacobian_spectrum_rank,12,12,==,fit.profile_jacobian_spectrum.rank,pass
near-0.10,guarded-log,first-stage-double,legacy_local_correction,1.648201753523544e-16,1e-10,<=,fit.local_correction_inf,pass
near-0.10,guarded-log,narrower-double,primary_feasible,True,True,==,fit.primary.feasible,pass
near-0.10,guarded-log,narrower-double,primary_projected_kkt,2.7755575615628914e-16,1e-10,<=,fit.primary.projected_kkt,pass
near-0.10,guarded-log,narrower-double,primary_b_gradient_inf,1.2913258606666108e-16,1e-12,<=,fit.primary.b_gradient_inf,pass
near-0.10,guarded-log,narrower-double,reference_feasible,True,True,==,fit.reference.feasible,pass
near-0.10,guarded-log,narrower-double,reference_projected_kkt,8.881784197001252e-16,1e-10,<=,fit.reference.projected_kkt,pass
near-0.10,guarded-log,narrower-double,reference_b_gradient_inf,1.7336017731352488e-16,1e-12,<=,fit.reference.b_gradient_inf,pass
near-0.10,guarded-log,narrower-double,coefficient_agreement,4.567774729886339e-15,1e-10,<=,fit.scaled_reference_difference,pass
near-0.10,guarded-log,narrower-double,design_spectrum_rank,24,24,==,fit.design_spectrum.rank,pass
near-0.10,guarded-log,narrower-double,width_spectrum_rank,12,12,==,fit.width_spectrum.rank,pass
near-0.10,guarded-log,narrower-double,profile_jacobian_spectrum_rank,12,12,==,fit.profile_jacobian_spectrum.rank,pass
near-0.10,guarded-log,narrower-double,legacy_local_correction,3.509586073447433e-16,1e-10,<=,fit.local_correction_inf,pass
near-0.10,guarded-log,wider-double,primary_feasible,True,True,==,fit.primary.feasible,pass
near-0.10,guarded-log,wider-double,primary_projected_kkt,2.7755575615628914e-16,1e-10,<=,fit.primary.projected_kkt,pass
near-0.10,guarded-log,wider-double,primary_b_gradient_inf,1.310787086038464e-16,1e-12,<=,fit.primary.b_gradient_inf,pass
near-0.10,guarded-log,wider-double,reference_feasible,True,True,==,fit.reference.feasible,pass
near-0.10,guarded-log,wider-double,reference_projected_kkt,5.967448757360216e-16,1e-10,<=,fit.reference.projected_kkt,pass
near-0.10,guarded-log,wider-double,reference_b_gradient_inf,1.4916953833676372e-16,1e-12,<=,fit.reference.b_gradient_inf,pass
near-0.10,guarded-log,wider-double,coefficient_agreement,3.4258310474147617e-15,1e-10,<=,fit.scaled_reference_difference,pass
near-0.10,guarded-log,wider-double,design_spectrum_rank,24,24,==,fit.design_spectrum.rank,pass
near-0.10,guarded-log,wider-double,width_spectrum_rank,12,12,==,fit.width_spectrum.rank,pass
near-0.10,guarded-log,wider-double,profile_jacobian_spectrum_rank,12,12,==,fit.profile_jacobian_spectrum.rank,pass
near-0.10,guarded-log,wider-double,legacy_local_correction,3.340832999200978e-16,1e-10,<=,fit.local_correction_inf,pass
near-0.10,guarded-log,mixed-double,primary_feasible,True,True,==,fit.primary.feasible,pass
near-0.10,guarded-log,mixed-double,primary_projected_kkt,2.220446049250313e-16,1e-10,<=,fit.primary.projected_kkt,pass
near-0.10,guarded-log,mixed-double,primary_b_gradient_inf,1.1632318572334438e-16,1e-12,<=,fit.primary.b_gradient_inf,pass
near-0.10,guarded-log,mixed-double,reference_feasible,True,True,==,fit.reference.feasible,pass
near-0.10,guarded-log,mixed-double,reference_projected_kkt,1.0269562977782698e-15,1e-10,<=,fit.reference.projected_kkt,pass
near-0.10,guarded-log,mixed-double,reference_b_gradient_inf,2.85971986996021e-16,1e-12,<=,fit.reference.b_gradient_inf,pass
near-0.10,guarded-log,mixed-double,coefficient_agreement,6.344131569286571e-15,1e-10,<=,fit.scaled_reference_difference,pass
near-0.10,guarded-log,mixed-double,design_spectrum_rank,24,24,==,fit.design_spectrum.rank,pass
near-0.10,guarded-log,mixed-double,width_spectrum_rank,12,12,==,fit.width_spectrum.rank,pass
near-0.10,guarded-log,mixed-double,profile_jacobian_spectrum_rank,12,12,==,fit.profile_jacobian_spectrum.rank,pass
near-0.10,guarded-log,mixed-double,legacy_local_correction,1.9867870653724545e-16,1e-10,<=,fit.local_correction_inf,pass
near-0.10,guarded-log,first-stage-float32,primary_feasible,True,True,==,fit.primary.feasible,pass
near-0.10,guarded-log,first-stage-float32,primary_projected_kkt,2.7755575615628914e-16,1e-10,<=,fit.primary.projected_kkt,pass
near-0.10,guarded-log,first-stage-float32,primary_b_gradient_inf,1.047697821050464e-16,1e-12,<=,fit.primary.b_gradient_inf,pass
near-0.10,guarded-log,first-stage-float32,reference_feasible,True,True,==,fit.reference.feasible,pass
near-0.10,guarded-log,first-stage-float32,reference_projected_kkt,6.938893903907228e-16,1e-10,<=,fit.reference.projected_kkt,pass
near-0.10,guarded-log,first-stage-float32,reference_b_gradient_inf,2.6468885604959115e-16,1e-12,<=,fit.reference.b_gradient_inf,pass
near-0.10,guarded-log,first-stage-float32,coefficient_agreement,4.0602441172508836e-15,1e-10,<=,fit.scaled_reference_difference,pass
near-0.10,guarded-log,first-stage-float32,design_spectrum_rank,24,24,==,fit.design_spectrum.rank,pass
near-0.10,guarded-log,first-stage-float32,width_spectrum_rank,12,12,==,fit.width_spectrum.rank,pass
near-0.10,guarded-log,first-stage-float32,profile_jacobian_spectrum_rank,12,12,==,fit.profile_jacobian_spectrum.rank,pass
near-0.10,guarded-log,first-stage-float32,legacy_local_correction,1.7763702903761403e-16,1e-10,<=,fit.local_correction_inf,pass
near-0.10,guarded-log,narrower-float32,primary_feasible,True,True,==,fit.primary.feasible,pass
near-0.10,guarded-log,narrower-float32,primary_projected_kkt,2.7755575615628914e-16,1e-10,<=,fit.primary.projected_kkt,pass
near-0.10,guarded-log,narrower-float32,primary_b_gradient_inf,1.0608246123689568e-16,1e-12,<=,fit.primary.b_gradient_inf,pass
near-0.10,guarded-log,narrower-float32,reference_feasible,True,True,==,fit.reference.feasible,pass
near-0.10,guarded-log,narrower-float32,reference_projected_kkt,1.124100812432971e-15,1e-10,<=,fit.reference.projected_kkt,pass
near-0.10,guarded-log,narrower-float32,reference_b_gradient_inf,1.933839987761639e-16,1e-12,<=,fit.reference.b_gradient_inf,pass
near-0.10,guarded-log,narrower-float32,coefficient_agreement,3.1918911985912716e-15,1e-10,<=,fit.scaled_reference_difference,pass
near-0.10,guarded-log,narrower-float32,design_spectrum_rank,24,24,==,fit.design_spectrum.rank,pass
near-0.10,guarded-log,narrower-float32,width_spectrum_rank,12,12,==,fit.width_spectrum.rank,pass
near-0.10,guarded-log,narrower-float32,profile_jacobian_spectrum_rank,12,12,==,fit.profile_jacobian_spectrum.rank,pass
near-0.10,guarded-log,narrower-float32,legacy_local_correction,8.567257411393581e-16,1e-10,<=,fit.local_correction_inf,pass
near-0.10,guarded-log,wider-float32,primary_feasible,True,True,==,fit.primary.feasible,pass
near-0.10,guarded-log,wider-float32,primary_projected_kkt,2.7755575615628914e-16,1e-10,<=,fit.primary.projected_kkt,pass
near-0.10,guarded-log,wider-float32,primary_b_gradient_inf,1.0872841734033187e-16,1e-12,<=,fit.primary.b_gradient_inf,pass
near-0.10,guarded-log,wider-float32,reference_feasible,True,True,==,fit.reference.feasible,pass
near-0.10,guarded-log,wider-float32,reference_projected_kkt,5.551115123125783e-16,1e-10,<=,fit.reference.projected_kkt,pass
near-0.10,guarded-log,wider-float32,reference_b_gradient_inf,2.7829453858891175e-16,1e-12,<=,fit.reference.b_gradient_inf,pass
near-0.10,guarded-log,wider-float32,coefficient_agreement,4.187126745914972e-15,1e-10,<=,fit.scaled_reference_difference,pass
near-0.10,guarded-log,wider-float32,design_spectrum_rank,24,24,==,fit.design_spectrum.rank,pass
near-0.10,guarded-log,wider-float32,width_spectrum_rank,12,12,==,fit.width_spectrum.rank,pass
near-0.10,guarded-log,wider-float32,profile_jacobian_spectrum_rank,12,12,==,fit.profile_jacobian_spectrum.rank,pass
near-0.10,guarded-log,wider-float32,legacy_local_correction,2.517512653965254e-16,1e-10,<=,fit.local_correction_inf,pass
near-0.10,guarded-log,mixed-float32,primary_feasible,True,True,==,fit.primary.feasible,pass
near-0.10,guarded-log,mixed-float32,primary_projected_kkt,3.3306690738754696e-16,1e-10,<=,fit.primary.projected_kkt,pass
near-0.10,guarded-log,mixed-float32,primary_b_gradient_inf,1.3772314682009392e-16,1e-12,<=,fit.primary.b_gradient_inf,pass
near-0.10,guarded-log,mixed-float32,reference_feasible,True,True,==,fit.reference.feasible,pass
near-0.10,guarded-log,mixed-float32,reference_projected_kkt,9.506284648352903e-16,1e-10,<=,fit.reference.projected_kkt,pass
near-0.10,guarded-log,mixed-float32,reference_b_gradient_inf,3.079637665626025e-16,1e-12,<=,fit.reference.b_gradient_inf,pass
near-0.10,guarded-log,mixed-float32,coefficient_agreement,5.582835661219955e-15,1e-10,<=,fit.scaled_reference_difference,pass
near-0.10,guarded-log,mixed-float32,design_spectrum_rank,24,24,==,fit.design_spectrum.rank,pass
near-0.10,guarded-log,mixed-float32,width_spectrum_rank,12,12,==,fit.width_spectrum.rank,pass
near-0.10,guarded-log,mixed-float32,profile_jacobian_spectrum_rank,12,12,==,fit.profile_jacobian_spectrum.rank,pass
near-0.10,guarded-log,mixed-float32,legacy_local_correction,3.4580441136734746e-16,1e-10,<=,fit.local_correction_inf,pass
near-0.02,legacy,first-stage-double,primary_feasible,True,True,==,fit.primary.feasible,pass
near-0.02,legacy,first-stage-double,primary_projected_kkt,2.220446049250313e-16,1e-10,<=,fit.primary.projected_kkt,pass
near-0.02,legacy,first-stage-double,primary_b_gradient_inf,1.0165445514708834e-16,1e-12,<=,fit.primary.b_gradient_inf,pass
near-0.02,legacy,first-stage-double,reference_feasible,True,True,==,fit.reference.feasible,pass
near-0.02,legacy,first-stage-double,reference_projected_kkt,8.049116928532385e-16,1e-10,<=,fit.reference.projected_kkt,pass
near-0.02,legacy,first-stage-double,reference_b_gradient_inf,2.0185221602437748e-16,1e-12,<=,fit.reference.b_gradient_inf,pass
near-0.02,legacy,first-stage-double,coefficient_agreement,7.232309988986226e-14,1e-10,<=,fit.scaled_reference_difference,pass
near-0.02,legacy,first-stage-double,design_spectrum_rank,24,24,==,fit.design_spectrum.rank,pass
near-0.02,legacy,first-stage-double,width_spectrum_rank,12,12,==,fit.width_spectrum.rank,pass
near-0.02,legacy,first-stage-double,profile_jacobian_spectrum_rank,12,12,==,fit.profile_jacobian_spectrum.rank,pass
near-0.02,legacy,first-stage-double,legacy_local_correction,1.263484832234875e-15,1e-10,<=,fit.local_correction_inf,pass
near-0.02,legacy,first-stage-double,precision_local_correction,4.03270005086935e-16,1e-10,<=,audit.precision.local_correction_inf,pass
near-0.02,legacy,first-stage-double,fixed_face_reference_valid50,True,True,==,audit.precision.valid50,pass
near-0.02,legacy,first-stage-double,fixed_face_reference_valid100,True,True,==,audit.precision.valid100,pass
near-0.02,legacy,first-stage-double,fixed_face_reference_agreement_passed,True,True,==,audit.precision.agreement_passed,pass
near-0.02,legacy,first-stage-double,fixed_face_reference_fixed_face_feasible,True,True,==,audit.precision.fixed_face_feasible,pass
near-0.02,legacy,first-stage-double,fixed_face_reference_derivative_passed,True,True,==,audit.precision.derivative_passed,pass
near-0.02,legacy,first-stage-double,precision_projected_kkt,2.364144331e-119,1e-10,<=,audit.precision.projected_kkt,pass
near-0.02,legacy,first-stage-double,precision_b_gradient_inf,1.0639969214546442e-17,1e-12,<=,audit.precision.b_gradient,pass
near-0.02,legacy,first-stage-double,direction_0_estimated_relative_error,2.4211421604131334e-11,1e-07,<=,audit.ladders.0.estimated_relative_error,pass
near-0.02,legacy,first-stage-double,direction_0_first_relative_error,1.1432098157822048e-11,1e-06,<=,audit.ladders.0.first_relative_error,pass
near-0.02,legacy,first-stage-double,direction_0_second_relative_error,4.978290286578225e-12,1e-06,<=,audit.ladders.0.second_relative_error,pass
near-0.02,legacy,first-stage-double,direction_1_estimated_relative_error,3.667512566160549e-10,1e-07,<=,audit.ladders.1.estimated_relative_error,pass
near-0.02,legacy,first-stage-double,direction_1_first_relative_error,1.0032005405563548e-10,1e-06,<=,audit.ladders.1.first_relative_error,pass
near-0.02,legacy,first-stage-double,direction_1_second_relative_error,8.252630288358291e-11,1e-06,<=,audit.ladders.1.second_relative_error,pass
near-0.02,legacy,first-stage-double,direction_2_estimated_relative_error,2.9045722907111705e-08,1e-07,<=,audit.ladders.2.estimated_relative_error,pass
near-0.02,legacy,first-stage-double,direction_2_first_relative_error,1.4684204518946832e-08,1e-06,<=,audit.ladders.2.first_relative_error,pass
near-0.02,legacy,first-stage-double,direction_2_second_relative_error,4.39075324078946e-09,1e-06,<=,audit.ladders.2.second_relative_error,pass
near-0.02,legacy,narrower-double,primary_feasible,True,True,==,fit.primary.feasible,pass
near-0.02,legacy,narrower-double,primary_projected_kkt,1.6893306198362268e-11,1e-10,<=,fit.primary.projected_kkt,pass
near-0.02,legacy,narrower-double,primary_b_gradient_inf,0.0004981693334079944,1e-12,<=,fit.primary.b_gradient_inf,fail
near-0.02,legacy,narrower-double,reference_feasible,True,True,==,fit.reference.feasible,pass
near-0.02,legacy,narrower-double,reference_projected_kkt,1.280568540096283e-09,1e-10,<=,fit.reference.projected_kkt,fail
near-0.02,legacy,narrower-double,reference_b_gradient_inf,,1e-12,<=,fit.reference.b_gradient_inf,unavailable
near-0.02,legacy,narrower-double,coefficient_agreement,,1e-10,<=,fit.scaled_reference_difference,unavailable
near-0.02,legacy,narrower-double,design_spectrum_rank,,24,==,fit.design_spectrum.rank,unavailable
near-0.02,legacy,narrower-double,width_spectrum_rank,,12,==,fit.width_spectrum.rank,unavailable
near-0.02,legacy,narrower-double,profile_jacobian_spectrum_rank,,12,==,fit.profile_jacobian_spectrum.rank,unavailable
near-0.02,legacy,narrower-double,legacy_local_correction,,1e-10,<=,fit.local_correction_inf,unavailable
near-0.02,legacy,wider-double,primary_feasible,True,True,==,fit.primary.feasible,pass
near-0.02,legacy,wider-double,primary_projected_kkt,1.6653345369377348e-16,1e-10,<=,fit.primary.projected_kkt,pass
near-0.02,legacy,wider-double,primary_b_gradient_inf,7.813647014866623e-17,1e-12,<=,fit.primary.b_gradient_inf,pass
near-0.02,legacy,wider-double,reference_feasible,True,True,==,fit.reference.feasible,pass
near-0.02,legacy,wider-double,reference_projected_kkt,1.3600232051658168e-15,1e-10,<=,fit.reference.projected_kkt,pass
near-0.02,legacy,wider-double,reference_b_gradient_inf,3.1365864089345045e-16,1e-12,<=,fit.reference.b_gradient_inf,pass
near-0.02,legacy,wider-double,coefficient_agreement,6.293378516731892e-14,1e-10,<=,fit.scaled_reference_difference,pass
near-0.02,legacy,wider-double,design_spectrum_rank,24,24,==,fit.design_spectrum.rank,pass
near-0.02,legacy,wider-double,width_spectrum_rank,12,12,==,fit.width_spectrum.rank,pass
near-0.02,legacy,wider-double,profile_jacobian_spectrum_rank,12,12,==,fit.profile_jacobian_spectrum.rank,pass
near-0.02,legacy,wider-double,legacy_local_correction,1.1479383538657294e-16,1e-10,<=,fit.local_correction_inf,pass
near-0.02,legacy,wider-double,precision_local_correction,2.6286380968823206e-16,1e-10,<=,audit.precision.local_correction_inf,pass
near-0.02,legacy,wider-double,fixed_face_reference_valid50,True,True,==,audit.precision.valid50,pass
near-0.02,legacy,wider-double,fixed_face_reference_valid100,True,True,==,audit.precision.valid100,pass
near-0.02,legacy,wider-double,fixed_face_reference_agreement_passed,True,True,==,audit.precision.agreement_passed,pass
near-0.02,legacy,wider-double,fixed_face_reference_fixed_face_feasible,True,True,==,audit.precision.fixed_face_feasible,pass
near-0.02,legacy,wider-double,fixed_face_reference_derivative_passed,True,True,==,audit.precision.derivative_passed,pass
near-0.02,legacy,wider-double,precision_projected_kkt,2.387741488e-119,1e-10,<=,audit.precision.projected_kkt,pass
near-0.02,legacy,wider-double,precision_b_gradient_inf,1.3293878983424235e-17,1e-12,<=,audit.precision.b_gradient,pass
near-0.02,legacy,wider-double,direction_0_estimated_relative_error,2.547230854364427e-11,1e-07,<=,audit.ladders.0.estimated_relative_error,pass
near-0.02,legacy,wider-double,direction_0_first_relative_error,1.1406209437349604e-11,1e-06,<=,audit.ladders.0.first_relative_error,pass
near-0.02,legacy,wider-double,direction_0_second_relative_error,5.086298667329879e-12,1e-06,<=,audit.ladders.0.second_relative_error,pass
near-0.02,legacy,wider-double,direction_1_estimated_relative_error,4.069656151376717e-10,1e-07,<=,audit.ladders.1.estimated_relative_error,pass
near-0.02,legacy,wider-double,direction_1_first_relative_error,1.0599974779165285e-10,1e-06,<=,audit.ladders.1.first_relative_error,pass
near-0.02,legacy,wider-double,direction_1_second_relative_error,1.0118743418336652e-10,1e-06,<=,audit.ladders.1.second_relative_error,pass
near-0.02,legacy,wider-double,direction_2_estimated_relative_error,3.1064084828108444e-08,1e-07,<=,audit.ladders.2.estimated_relative_error,pass
near-0.02,legacy,wider-double,direction_2_first_relative_error,1.4719060043664784e-08,1e-06,<=,audit.ladders.2.first_relative_error,pass
near-0.02,legacy,wider-double,direction_2_second_relative_error,5.537414445549704e-09,1e-06,<=,audit.ladders.2.second_relative_error,pass
near-0.02,legacy,mixed-double,primary_feasible,True,True,==,fit.primary.feasible,pass
near-0.02,legacy,mixed-double,primary_projected_kkt,3.3306690738754696e-16,1e-10,<=,fit.primary.projected_kkt,pass
near-0.02,legacy,mixed-double,primary_b_gradient_inf,1.387407869748036e-16,1e-12,<=,fit.primary.b_gradient_inf,pass
near-0.02,legacy,mixed-double,reference_feasible,True,True,==,fit.reference.feasible,pass
near-0.02,legacy,mixed-double,reference_projected_kkt,7.771561172376096e-16,1e-10,<=,fit.reference.projected_kkt,pass
near-0.02,legacy,mixed-double,reference_b_gradient_inf,3.3705672143253926e-16,1e-12,<=,fit.reference.b_gradient_inf,pass
near-0.02,legacy,mixed-double,coefficient_agreement,7.308439567817643e-14,1e-10,<=,fit.scaled_reference_difference,pass
near-0.02,legacy,mixed-double,design_spectrum_rank,24,24,==,fit.design_spectrum.rank,pass
near-0.02,legacy,mixed-double,width_spectrum_rank,12,12,==,fit.width_spectrum.rank,pass
near-0.02,legacy,mixed-double,profile_jacobian_spectrum_rank,12,12,==,fit.profile_jacobian_spectrum.rank,pass
near-0.02,legacy,mixed-double,legacy_local_correction,1.1773420058017893e-15,1e-10,<=,fit.local_correction_inf,pass
near-0.02,legacy,mixed-double,precision_local_correction,8.179753220008731e-16,1e-10,<=,audit.precision.local_correction_inf,pass
near-0.02,legacy,mixed-double,fixed_face_reference_valid50,True,True,==,audit.precision.valid50,pass
near-0.02,legacy,mixed-double,fixed_face_reference_valid100,True,True,==,audit.precision.valid100,pass
near-0.02,legacy,mixed-double,fixed_face_reference_agreement_passed,True,True,==,audit.precision.agreement_passed,pass
near-0.02,legacy,mixed-double,fixed_face_reference_fixed_face_feasible,True,True,==,audit.precision.fixed_face_feasible,pass
near-0.02,legacy,mixed-double,fixed_face_reference_derivative_passed,True,True,==,audit.precision.derivative_passed,pass
near-0.02,legacy,mixed-double,precision_projected_kkt,2.35744326e-119,1e-10,<=,audit.precision.projected_kkt,pass
near-0.02,legacy,mixed-double,precision_b_gradient_inf,1.0472074490527655e-17,1e-12,<=,audit.precision.b_gradient,pass
near-0.02,legacy,mixed-double,direction_0_estimated_relative_error,2.5593779610055673e-11,1e-07,<=,audit.ladders.0.estimated_relative_error,pass
near-0.02,legacy,mixed-double,direction_0_first_relative_error,1.1542797518788684e-11,1e-06,<=,audit.ladders.0.first_relative_error,pass
near-0.02,legacy,mixed-double,direction_0_second_relative_error,4.79904076893624e-12,1e-06,<=,audit.ladders.0.second_relative_error,pass
near-0.02,legacy,mixed-double,direction_1_estimated_relative_error,3.814165906379206e-10,1e-07,<=,audit.ladders.1.estimated_relative_error,pass
near-0.02,legacy,mixed-double,direction_1_first_relative_error,1.1167147030858713e-10,1e-06,<=,audit.ladders.1.first_relative_error,pass
near-0.02,legacy,mixed-double,direction_1_second_relative_error,9.007037135451194e-11,1e-06,<=,audit.ladders.1.second_relative_error,pass
near-0.02,legacy,mixed-double,direction_2_estimated_relative_error,2.9388217106926883e-08,1e-07,<=,audit.ladders.2.estimated_relative_error,pass
near-0.02,legacy,mixed-double,direction_2_first_relative_error,1.473558766715302e-08,1e-06,<=,audit.ladders.2.first_relative_error,pass
near-0.02,legacy,mixed-double,direction_2_second_relative_error,5.204233939547369e-09,1e-06,<=,audit.ladders.2.second_relative_error,pass
near-0.02,legacy,first-stage-float32,primary_feasible,True,True,==,fit.primary.feasible,pass
near-0.02,legacy,first-stage-float32,primary_projected_kkt,3.608224830031759e-16,1e-10,<=,fit.primary.projected_kkt,pass
near-0.02,legacy,first-stage-float32,primary_b_gradient_inf,7.309019908176646e-17,1e-12,<=,fit.primary.b_gradient_inf,pass
near-0.02,legacy,first-stage-float32,reference_feasible,True,True,==,fit.reference.feasible,pass
near-0.02,legacy,first-stage-float32,reference_projected_kkt,7.216449660063518e-16,1e-10,<=,fit.reference.projected_kkt,pass
near-0.02,legacy,first-stage-float32,reference_b_gradient_inf,4.702142652931457e-16,1e-12,<=,fit.reference.b_gradient_inf,pass
near-0.02,legacy,first-stage-float32,coefficient_agreement,1.1330615659786561e-13,1e-10,<=,fit.scaled_reference_difference,pass
near-0.02,legacy,first-stage-float32,design_spectrum_rank,24,24,==,fit.design_spectrum.rank,pass
near-0.02,legacy,first-stage-float32,width_spectrum_rank,12,12,==,fit.width_spectrum.rank,pass
near-0.02,legacy,first-stage-float32,profile_jacobian_spectrum_rank,12,12,==,fit.profile_jacobian_spectrum.rank,pass
near-0.02,legacy,first-stage-float32,legacy_local_correction,1.197372186666958e-15,1e-10,<=,fit.local_correction_inf,pass
near-0.02,legacy,first-stage-float32,precision_local_correction,1.783851378781834e-15,1e-10,<=,audit.precision.local_correction_inf,pass
near-0.02,legacy,first-stage-float32,fixed_face_reference_valid50,True,True,==,audit.precision.valid50,pass
near-0.02,legacy,first-stage-float32,fixed_face_reference_valid100,True,True,==,audit.precision.valid100,pass
near-0.02,legacy,first-stage-float32,fixed_face_reference_agreement_passed,True,True,==,audit.precision.agreement_passed,pass
near-0.02,legacy,first-stage-float32,fixed_face_reference_fixed_face_feasible,True,True,==,audit.precision.fixed_face_feasible,pass
near-0.02,legacy,first-stage-float32,fixed_face_reference_derivative_passed,True,True,==,audit.precision.derivative_passed,pass
near-0.02,legacy,first-stage-float32,precision_projected_kkt,2.375976938e-119,1e-10,<=,audit.precision.projected_kkt,pass
near-0.02,legacy,first-stage-float32,precision_b_gradient_inf,1.1774453959948416e-17,1e-12,<=,audit.precision.b_gradient,pass
near-0.02,legacy,first-stage-float32,direction_0_estimated_relative_error,2.5608328365708495e-11,1e-07,<=,audit.ladders.0.estimated_relative_error,pass
near-0.02,legacy,first-stage-float32,direction_0_first_relative_error,1.1675640425841582e-11,1e-06,<=,audit.ladders.0.first_relative_error,pass
near-0.02,legacy,first-stage-float32,direction_0_second_relative_error,5.043322365068096e-12,1e-06,<=,audit.ladders.0.second_relative_error,pass
near-0.02,legacy,first-stage-float32,direction_1_estimated_relative_error,3.8894045661855936e-10,1e-07,<=,audit.ladders.1.estimated_relative_error,pass
near-0.02,legacy,first-stage-float32,direction_1_first_relative_error,9.429976315786234e-11,1e-06,<=,audit.ladders.1.first_relative_error,pass
near-0.02,legacy,first-stage-float32,direction_1_second_relative_error,8.710860593111591e-11,1e-06,<=,audit.ladders.1.second_relative_error,pass
near-0.02,legacy,first-stage-float32,direction_2_estimated_relative_error,2.5541766999689744e-08,1e-07,<=,audit.ladders.2.estimated_relative_error,pass
near-0.02,legacy,first-stage-float32,direction_2_first_relative_error,1.4098976524490739e-08,1e-06,<=,audit.ladders.2.first_relative_error,pass
near-0.02,legacy,first-stage-float32,direction_2_second_relative_error,4.290965530976005e-09,1e-06,<=,audit.ladders.2.second_relative_error,pass
near-0.02,legacy,narrower-float32,primary_feasible,True,True,==,fit.primary.feasible,pass
near-0.02,legacy,narrower-float32,primary_projected_kkt,5.6421409211360185e-11,1e-10,<=,fit.primary.projected_kkt,pass
near-0.02,legacy,narrower-float32,primary_b_gradient_inf,0.0004981691991391053,1e-12,<=,fit.primary.b_gradient_inf,fail
near-0.02,legacy,narrower-float32,reference_feasible,True,True,==,fit.reference.feasible,pass
near-0.02,legacy,narrower-float32,reference_projected_kkt,1.205400293469161e-10,1e-10,<=,fit.reference.projected_kkt,fail
near-0.02,legacy,narrower-float32,reference_b_gradient_inf,,1e-12,<=,fit.reference.b_gradient_inf,unavailable
near-0.02,legacy,narrower-float32,coefficient_agreement,,1e-10,<=,fit.scaled_reference_difference,unavailable
near-0.02,legacy,narrower-float32,design_spectrum_rank,,24,==,fit.design_spectrum.rank,unavailable
near-0.02,legacy,narrower-float32,width_spectrum_rank,,12,==,fit.width_spectrum.rank,unavailable
near-0.02,legacy,narrower-float32,profile_jacobian_spectrum_rank,,12,==,fit.profile_jacobian_spectrum.rank,unavailable
near-0.02,legacy,narrower-float32,legacy_local_correction,,1e-10,<=,fit.local_correction_inf,unavailable
near-0.02,legacy,wider-float32,primary_feasible,True,True,==,fit.primary.feasible,pass
near-0.02,legacy,wider-float32,primary_projected_kkt,2.7755575615628914e-16,1e-10,<=,fit.primary.projected_kkt,pass
near-0.02,legacy,wider-float32,primary_b_gradient_inf,1.2358587795591605e-16,1e-12,<=,fit.primary.b_gradient_inf,pass
near-0.02,legacy,wider-float32,reference_feasible,True,True,==,fit.reference.feasible,pass
near-0.02,legacy,wider-float32,reference_projected_kkt,1.339206523454095e-15,1e-10,<=,fit.reference.projected_kkt,pass
near-0.02,legacy,wider-float32,reference_b_gradient_inf,4.01724732684298e-16,1e-12,<=,fit.reference.b_gradient_inf,pass
near-0.02,legacy,wider-float32,coefficient_agreement,1.0873844291745263e-13,1e-10,<=,fit.scaled_reference_difference,pass
near-0.02,legacy,wider-float32,design_spectrum_rank,24,24,==,fit.design_spectrum.rank,pass
near-0.02,legacy,wider-float32,width_spectrum_rank,12,12,==,fit.width_spectrum.rank,pass
near-0.02,legacy,wider-float32,profile_jacobian_spectrum_rank,12,12,==,fit.profile_jacobian_spectrum.rank,pass
near-0.02,legacy,wider-float32,legacy_local_correction,7.084769477792825e-13,1e-10,<=,fit.local_correction_inf,pass
near-0.02,legacy,wider-float32,precision_local_correction,7.111908781972089e-13,1e-10,<=,audit.precision.local_correction_inf,pass
near-0.02,legacy,wider-float32,fixed_face_reference_valid50,True,True,==,audit.precision.valid50,pass
near-0.02,legacy,wider-float32,fixed_face_reference_valid100,True,True,==,audit.precision.valid100,pass
near-0.02,legacy,wider-float32,fixed_face_reference_agreement_passed,True,True,==,audit.precision.agreement_passed,pass
near-0.02,legacy,wider-float32,fixed_face_reference_fixed_face_feasible,True,True,==,audit.precision.fixed_face_feasible,pass
near-0.02,legacy,wider-float32,fixed_face_reference_derivative_passed,True,True,==,audit.precision.derivative_passed,pass
near-0.02,legacy,wider-float32,precision_projected_kkt,2.367826022e-119,1e-10,<=,audit.precision.projected_kkt,pass
near-0.02,legacy,wider-float32,precision_b_gradient_inf,2.440180840559149e-17,1e-12,<=,audit.precision.b_gradient,pass
near-0.02,legacy,wider-float32,direction_0_estimated_relative_error,2.6382673812635645e-11,1e-07,<=,audit.ladders.0.estimated_relative_error,pass
near-0.02,legacy,wider-float32,direction_0_first_relative_error,1.1724331886403213e-11,1e-06,<=,audit.ladders.0.first_relative_error,pass
near-0.02,legacy,wider-float32,direction_0_second_relative_error,5.056059429019688e-12,1e-06,<=,audit.ladders.0.second_relative_error,pass
near-0.02,legacy,wider-float32,direction_1_estimated_relative_error,4.1140795450649047e-10,1e-07,<=,audit.ladders.1.estimated_relative_error,pass
near-0.02,legacy,wider-float32,direction_1_first_relative_error,9.536608901467612e-11,1e-06,<=,audit.ladders.1.first_relative_error,pass
near-0.02,legacy,wider-float32,direction_1_second_relative_error,7.233655613000587e-11,1e-06,<=,audit.ladders.1.second_relative_error,pass
near-0.02,legacy,wider-float32,direction_2_estimated_relative_error,3.057115671737474e-08,1e-07,<=,audit.ladders.2.estimated_relative_error,pass
near-0.02,legacy,wider-float32,direction_2_first_relative_error,1.4993102517060258e-08,1e-06,<=,audit.ladders.2.first_relative_error,pass
near-0.02,legacy,wider-float32,direction_2_second_relative_error,7.330493224210756e-09,1e-06,<=,audit.ladders.2.second_relative_error,pass
near-0.02,legacy,mixed-float32,primary_feasible,True,True,==,fit.primary.feasible,pass
near-0.02,legacy,mixed-float32,primary_projected_kkt,1.942890293094024e-16,1e-10,<=,fit.primary.projected_kkt,pass
near-0.02,legacy,mixed-float32,primary_b_gradient_inf,6.679935943415535e-17,1e-12,<=,fit.primary.b_gradient_inf,pass
near-0.02,legacy,mixed-float32,reference_feasible,True,True,==,fit.reference.feasible,pass
near-0.02,legacy,mixed-float32,reference_projected_kkt,8.465450562766819e-16,1e-10,<=,fit.reference.projected_kkt,pass
near-0.02,legacy,mixed-float32,reference_b_gradient_inf,2.9109550159357225e-16,1e-12,<=,fit.reference.b_gradient_inf,pass
near-0.02,legacy,mixed-float32,coefficient_agreement,1.1355992178618719e-13,1e-10,<=,fit.scaled_reference_difference,pass
near-0.02,legacy,mixed-float32,design_spectrum_rank,24,24,==,fit.design_spectrum.rank,pass
near-0.02,legacy,mixed-float32,width_spectrum_rank,12,12,==,fit.width_spectrum.rank,pass
near-0.02,legacy,mixed-float32,profile_jacobian_spectrum_rank,12,12,==,fit.profile_jacobian_spectrum.rank,pass
near-0.02,legacy,mixed-float32,legacy_local_correction,8.887627361131984e-14,1e-10,<=,fit.local_correction_inf,pass
near-0.02,legacy,mixed-float32,precision_local_correction,8.947513890473974e-14,1e-10,<=,audit.precision.local_correction_inf,pass
near-0.02,legacy,mixed-float32,fixed_face_reference_valid50,True,True,==,audit.precision.valid50,pass
near-0.02,legacy,mixed-float32,fixed_face_reference_valid100,True,True,==,audit.precision.valid100,pass
near-0.02,legacy,mixed-float32,fixed_face_reference_agreement_passed,True,True,==,audit.precision.agreement_passed,pass
near-0.02,legacy,mixed-float32,fixed_face_reference_fixed_face_feasible,True,True,==,audit.precision.fixed_face_feasible,pass
near-0.02,legacy,mixed-float32,fixed_face_reference_derivative_passed,True,True,==,audit.precision.derivative_passed,pass
near-0.02,legacy,mixed-float32,precision_projected_kkt,2.369076873e-119,1e-10,<=,audit.precision.projected_kkt,pass
near-0.02,legacy,mixed-float32,precision_b_gradient_inf,5.696375413850833e-18,1e-12,<=,audit.precision.b_gradient,pass
near-0.02,legacy,mixed-float32,direction_0_estimated_relative_error,2.5343806352068603e-11,1e-07,<=,audit.ladders.0.estimated_relative_error,pass
near-0.02,legacy,mixed-float32,direction_0_first_relative_error,1.1693720930300322e-11,1e-06,<=,audit.ladders.0.first_relative_error,pass
near-0.02,legacy,mixed-float32,direction_0_second_relative_error,4.6369932234093735e-12,1e-06,<=,audit.ladders.0.second_relative_error,pass
near-0.02,legacy,mixed-float32,direction_1_estimated_relative_error,3.8610586607521874e-10,1e-07,<=,audit.ladders.1.estimated_relative_error,pass
near-0.02,legacy,mixed-float32,direction_1_first_relative_error,9.41292338339406e-11,1e-06,<=,audit.ladders.1.first_relative_error,pass
near-0.02,legacy,mixed-float32,direction_1_second_relative_error,9.335515263003645e-11,1e-06,<=,audit.ladders.1.second_relative_error,pass
near-0.02,legacy,mixed-float32,direction_2_estimated_relative_error,2.862899008699253e-08,1e-07,<=,audit.ladders.2.estimated_relative_error,pass
near-0.02,legacy,mixed-float32,direction_2_first_relative_error,1.5018929596278714e-08,1e-06,<=,audit.ladders.2.first_relative_error,pass
near-0.02,legacy,mixed-float32,direction_2_second_relative_error,3.439707442733092e-09,1e-06,<=,audit.ladders.2.second_relative_error,pass
near-0.02,guarded,first-stage-double,primary_feasible,True,True,==,fit.primary.feasible,pass
near-0.02,guarded,first-stage-double,primary_projected_kkt,2.220446049250313e-16,1e-10,<=,fit.primary.projected_kkt,pass
near-0.02,guarded,first-stage-double,primary_b_gradient_inf,1.0165445514708834e-16,1e-12,<=,fit.primary.b_gradient_inf,pass
near-0.02,guarded,first-stage-double,reference_feasible,True,True,==,fit.reference.feasible,pass
near-0.02,guarded,first-stage-double,reference_projected_kkt,8.049116928532385e-16,1e-10,<=,fit.reference.projected_kkt,pass
near-0.02,guarded,first-stage-double,reference_b_gradient_inf,2.0185221602437748e-16,1e-12,<=,fit.reference.b_gradient_inf,pass
near-0.02,guarded,first-stage-double,coefficient_agreement,7.232309988986226e-14,1e-10,<=,fit.scaled_reference_difference,pass
near-0.02,guarded,first-stage-double,design_spectrum_rank,24,24,==,fit.design_spectrum.rank,pass
near-0.02,guarded,first-stage-double,width_spectrum_rank,12,12,==,fit.width_spectrum.rank,pass
near-0.02,guarded,first-stage-double,profile_jacobian_spectrum_rank,12,12,==,fit.profile_jacobian_spectrum.rank,pass
near-0.02,guarded,first-stage-double,legacy_local_correction,1.263484832234875e-15,1e-10,<=,fit.local_correction_inf,pass
near-0.02,guarded,first-stage-double,precision_local_correction,4.03270005086935e-16,1e-10,<=,audit.precision.local_correction_inf,pass
near-0.02,guarded,first-stage-double,fixed_face_reference_valid50,True,True,==,audit.precision.valid50,pass
near-0.02,guarded,first-stage-double,fixed_face_reference_valid100,True,True,==,audit.precision.valid100,pass
near-0.02,guarded,first-stage-double,fixed_face_reference_agreement_passed,True,True,==,audit.precision.agreement_passed,pass
near-0.02,guarded,first-stage-double,fixed_face_reference_fixed_face_feasible,True,True,==,audit.precision.fixed_face_feasible,pass
near-0.02,guarded,first-stage-double,fixed_face_reference_derivative_passed,True,True,==,audit.precision.derivative_passed,pass
near-0.02,guarded,first-stage-double,precision_projected_kkt,2.364144331e-119,1e-10,<=,audit.precision.projected_kkt,pass
near-0.02,guarded,first-stage-double,precision_b_gradient_inf,1.0639969214546442e-17,1e-12,<=,audit.precision.b_gradient,pass
near-0.02,guarded,first-stage-double,direction_0_estimated_relative_error,2.4211421604131334e-11,1e-07,<=,audit.ladders.0.estimated_relative_error,pass
near-0.02,guarded,first-stage-double,direction_0_first_relative_error,1.1432098157822048e-11,1e-06,<=,audit.ladders.0.first_relative_error,pass
near-0.02,guarded,first-stage-double,direction_0_second_relative_error,4.978290286578225e-12,1e-06,<=,audit.ladders.0.second_relative_error,pass
near-0.02,guarded,first-stage-double,direction_1_estimated_relative_error,3.667512566160549e-10,1e-07,<=,audit.ladders.1.estimated_relative_error,pass
near-0.02,guarded,first-stage-double,direction_1_first_relative_error,1.0032005405563548e-10,1e-06,<=,audit.ladders.1.first_relative_error,pass
near-0.02,guarded,first-stage-double,direction_1_second_relative_error,8.252630288358291e-11,1e-06,<=,audit.ladders.1.second_relative_error,pass
near-0.02,guarded,first-stage-double,direction_2_estimated_relative_error,2.9045722907111705e-08,1e-07,<=,audit.ladders.2.estimated_relative_error,pass
near-0.02,guarded,first-stage-double,direction_2_first_relative_error,1.4684204518946832e-08,1e-06,<=,audit.ladders.2.first_relative_error,pass
near-0.02,guarded,first-stage-double,direction_2_second_relative_error,4.39075324078946e-09,1e-06,<=,audit.ladders.2.second_relative_error,pass
near-0.02,guarded,narrower-double,primary_feasible,True,True,==,fit.primary.feasible,pass
near-0.02,guarded,narrower-double,primary_projected_kkt,2.7755575615628914e-16,1e-10,<=,fit.primary.projected_kkt,pass
near-0.02,guarded,narrower-double,primary_b_gradient_inf,1.209933018981716e-16,1e-12,<=,fit.primary.b_gradient_inf,pass
near-0.02,guarded,narrower-double,reference_feasible,True,True,==,fit.reference.feasible,pass
near-0.02,guarded,narrower-double,reference_projected_kkt,1.2490009027033011e-15,1e-10,<=,fit.reference.projected_kkt,pass
near-0.02,guarded,narrower-double,reference_b_gradient_inf,2.5143721294124783e-16,1e-12,<=,fit.reference.b_gradient_inf,pass
near-0.02,guarded,narrower-double,coefficient_agreement,7.156180410154772e-14,1e-10,<=,fit.scaled_reference_difference,pass
near-0.02,guarded,narrower-double,design_spectrum_rank,24,24,==,fit.design_spectrum.rank,pass
near-0.02,guarded,narrower-double,width_spectrum_rank,12,12,==,fit.width_spectrum.rank,pass
near-0.02,guarded,narrower-double,profile_jacobian_spectrum_rank,12,12,==,fit.profile_jacobian_spectrum.rank,pass
near-0.02,guarded,narrower-double,legacy_local_correction,2.124988905579762e-15,1e-10,<=,fit.local_correction_inf,pass
near-0.02,guarded,narrower-double,precision_local_correction,8.179753220008674e-16,1e-10,<=,audit.precision.local_correction_inf,pass
near-0.02,guarded,narrower-double,fixed_face_reference_valid50,True,True,==,audit.precision.valid50,pass
near-0.02,guarded,narrower-double,fixed_face_reference_valid100,True,True,==,audit.precision.valid100,pass
near-0.02,guarded,narrower-double,fixed_face_reference_agreement_passed,True,True,==,audit.precision.agreement_passed,pass
near-0.02,guarded,narrower-double,fixed_face_reference_fixed_face_feasible,True,True,==,audit.precision.fixed_face_feasible,pass
near-0.02,guarded,narrower-double,fixed_face_reference_derivative_passed,True,True,==,audit.precision.derivative_passed,pass
near-0.02,guarded,narrower-double,precision_projected_kkt,2.369978022e-119,1e-10,<=,audit.precision.projected_kkt,pass
near-0.02,guarded,narrower-double,precision_b_gradient_inf,2.9160865011201458e-18,1e-12,<=,audit.precision.b_gradient,pass
near-0.02,guarded,narrower-double,direction_0_estimated_relative_error,2.4471593353203064e-11,1e-07,<=,audit.ladders.0.estimated_relative_error,pass
near-0.02,guarded,narrower-double,direction_0_first_relative_error,1.1322461120053965e-11,1e-06,<=,audit.ladders.0.first_relative_error,pass
near-0.02,guarded,narrower-double,direction_0_second_relative_error,4.684338462201837e-12,1e-06,<=,audit.ladders.0.second_relative_error,pass
near-0.02,guarded,narrower-double,direction_1_estimated_relative_error,4.1065724546475524e-10,1e-07,<=,audit.ladders.1.estimated_relative_error,pass
near-0.02,guarded,narrower-double,direction_1_first_relative_error,1.1021669698447905e-10,1e-06,<=,audit.ladders.1.first_relative_error,pass
near-0.02,guarded,narrower-double,direction_1_second_relative_error,9.111449240221022e-11,1e-06,<=,audit.ladders.1.second_relative_error,pass
near-0.02,guarded,narrower-double,direction_2_estimated_relative_error,2.888847669015178e-08,1e-07,<=,audit.ladders.2.estimated_relative_error,pass
near-0.02,guarded,narrower-double,direction_2_first_relative_error,1.4799639276126667e-08,1e-06,<=,audit.ladders.2.first_relative_error,pass
near-0.02,guarded,narrower-double,direction_2_second_relative_error,4.3036445965573505e-09,1e-06,<=,audit.ladders.2.second_relative_error,pass
near-0.02,guarded,wider-double,primary_feasible,True,True,==,fit.primary.feasible,pass
near-0.02,guarded,wider-double,primary_projected_kkt,1.6653345369377348e-16,1e-10,<=,fit.primary.projected_kkt,pass
near-0.02,guarded,wider-double,primary_b_gradient_inf,7.813647014866623e-17,1e-12,<=,fit.primary.b_gradient_inf,pass
near-0.02,guarded,wider-double,reference_feasible,True,True,==,fit.reference.feasible,pass
near-0.02,guarded,wider-double,reference_projected_kkt,1.3600232051658168e-15,1e-10,<=,fit.reference.projected_kkt,pass
near-0.02,guarded,wider-double,reference_b_gradient_inf,3.1365864089345045e-16,1e-12,<=,fit.reference.b_gradient_inf,pass
near-0.02,guarded,wider-double,coefficient_agreement,6.293378516731892e-14,1e-10,<=,fit.scaled_reference_difference,pass
near-0.02,guarded,wider-double,design_spectrum_rank,24,24,==,fit.design_spectrum.rank,pass
near-0.02,guarded,wider-double,width_spectrum_rank,12,12,==,fit.width_spectrum.rank,pass
near-0.02,guarded,wider-double,profile_jacobian_spectrum_rank,12,12,==,fit.profile_jacobian_spectrum.rank,pass
near-0.02,guarded,wider-double,legacy_local_correction,1.1479383538657294e-16,1e-10,<=,fit.local_correction_inf,pass
near-0.02,guarded,wider-double,precision_local_correction,2.6286380968823206e-16,1e-10,<=,audit.precision.local_correction_inf,pass
near-0.02,guarded,wider-double,fixed_face_reference_valid50,True,True,==,audit.precision.valid50,pass
near-0.02,guarded,wider-double,fixed_face_reference_valid100,True,True,==,audit.precision.valid100,pass
near-0.02,guarded,wider-double,fixed_face_reference_agreement_passed,True,True,==,audit.precision.agreement_passed,pass
near-0.02,guarded,wider-double,fixed_face_reference_fixed_face_feasible,True,True,==,audit.precision.fixed_face_feasible,pass
near-0.02,guarded,wider-double,fixed_face_reference_derivative_passed,True,True,==,audit.precision.derivative_passed,pass
near-0.02,guarded,wider-double,precision_projected_kkt,2.387741488e-119,1e-10,<=,audit.precision.projected_kkt,pass
near-0.02,guarded,wider-double,precision_b_gradient_inf,1.3293878983424235e-17,1e-12,<=,audit.precision.b_gradient,pass
near-0.02,guarded,wider-double,direction_0_estimated_relative_error,2.547230854364427e-11,1e-07,<=,audit.ladders.0.estimated_relative_error,pass
near-0.02,guarded,wider-double,direction_0_first_relative_error,1.1406209437349604e-11,1e-06,<=,audit.ladders.0.first_relative_error,pass
near-0.02,guarded,wider-double,direction_0_second_relative_error,5.086298667329879e-12,1e-06,<=,audit.ladders.0.second_relative_error,pass
near-0.02,guarded,wider-double,direction_1_estimated_relative_error,4.069656151376717e-10,1e-07,<=,audit.ladders.1.estimated_relative_error,pass
near-0.02,guarded,wider-double,direction_1_first_relative_error,1.0599974779165285e-10,1e-06,<=,audit.ladders.1.first_relative_error,pass
near-0.02,guarded,wider-double,direction_1_second_relative_error,1.0118743418336652e-10,1e-06,<=,audit.ladders.1.second_relative_error,pass
near-0.02,guarded,wider-double,direction_2_estimated_relative_error,3.1064084828108444e-08,1e-07,<=,audit.ladders.2.estimated_relative_error,pass
near-0.02,guarded,wider-double,direction_2_first_relative_error,1.4719060043664784e-08,1e-06,<=,audit.ladders.2.first_relative_error,pass
near-0.02,guarded,wider-double,direction_2_second_relative_error,5.537414445549704e-09,1e-06,<=,audit.ladders.2.second_relative_error,pass
near-0.02,guarded,mixed-double,primary_feasible,True,True,==,fit.primary.feasible,pass
near-0.02,guarded,mixed-double,primary_projected_kkt,3.3306690738754696e-16,1e-10,<=,fit.primary.projected_kkt,pass
near-0.02,guarded,mixed-double,primary_b_gradient_inf,1.387407869748036e-16,1e-12,<=,fit.primary.b_gradient_inf,pass
near-0.02,guarded,mixed-double,reference_feasible,True,True,==,fit.reference.feasible,pass
near-0.02,guarded,mixed-double,reference_projected_kkt,7.771561172376096e-16,1e-10,<=,fit.reference.projected_kkt,pass
near-0.02,guarded,mixed-double,reference_b_gradient_inf,3.3705672143253926e-16,1e-12,<=,fit.reference.b_gradient_inf,pass
near-0.02,guarded,mixed-double,coefficient_agreement,7.308439567817643e-14,1e-10,<=,fit.scaled_reference_difference,pass
near-0.02,guarded,mixed-double,design_spectrum_rank,24,24,==,fit.design_spectrum.rank,pass
near-0.02,guarded,mixed-double,width_spectrum_rank,12,12,==,fit.width_spectrum.rank,pass
near-0.02,guarded,mixed-double,profile_jacobian_spectrum_rank,12,12,==,fit.profile_jacobian_spectrum.rank,pass
near-0.02,guarded,mixed-double,legacy_local_correction,1.1773420058017893e-15,1e-10,<=,fit.local_correction_inf,pass
near-0.02,guarded,mixed-double,precision_local_correction,8.179753220008731e-16,1e-10,<=,audit.precision.local_correction_inf,pass
near-0.02,guarded,mixed-double,fixed_face_reference_valid50,True,True,==,audit.precision.valid50,pass
near-0.02,guarded,mixed-double,fixed_face_reference_valid100,True,True,==,audit.precision.valid100,pass
near-0.02,guarded,mixed-double,fixed_face_reference_agreement_passed,True,True,==,audit.precision.agreement_passed,pass
near-0.02,guarded,mixed-double,fixed_face_reference_fixed_face_feasible,True,True,==,audit.precision.fixed_face_feasible,pass
near-0.02,guarded,mixed-double,fixed_face_reference_derivative_passed,True,True,==,audit.precision.derivative_passed,pass
near-0.02,guarded,mixed-double,precision_projected_kkt,2.35744326e-119,1e-10,<=,audit.precision.projected_kkt,pass
near-0.02,guarded,mixed-double,precision_b_gradient_inf,1.0472074490527655e-17,1e-12,<=,audit.precision.b_gradient,pass
near-0.02,guarded,mixed-double,direction_0_estimated_relative_error,2.5593779610055673e-11,1e-07,<=,audit.ladders.0.estimated_relative_error,pass
near-0.02,guarded,mixed-double,direction_0_first_relative_error,1.1542797518788684e-11,1e-06,<=,audit.ladders.0.first_relative_error,pass
near-0.02,guarded,mixed-double,direction_0_second_relative_error,4.79904076893624e-12,1e-06,<=,audit.ladders.0.second_relative_error,pass
near-0.02,guarded,mixed-double,direction_1_estimated_relative_error,3.814165906379206e-10,1e-07,<=,audit.ladders.1.estimated_relative_error,pass
near-0.02,guarded,mixed-double,direction_1_first_relative_error,1.1167147030858713e-10,1e-06,<=,audit.ladders.1.first_relative_error,pass
near-0.02,guarded,mixed-double,direction_1_second_relative_error,9.007037135451194e-11,1e-06,<=,audit.ladders.1.second_relative_error,pass
near-0.02,guarded,mixed-double,direction_2_estimated_relative_error,2.9388217106926883e-08,1e-07,<=,audit.ladders.2.estimated_relative_error,pass
near-0.02,guarded,mixed-double,direction_2_first_relative_error,1.473558766715302e-08,1e-06,<=,audit.ladders.2.first_relative_error,pass
near-0.02,guarded,mixed-double,direction_2_second_relative_error,5.204233939547369e-09,1e-06,<=,audit.ladders.2.second_relative_error,pass
near-0.02,guarded,first-stage-float32,primary_feasible,True,True,==,fit.primary.feasible,pass
near-0.02,guarded,first-stage-float32,primary_projected_kkt,3.608224830031759e-16,1e-10,<=,fit.primary.projected_kkt,pass
near-0.02,guarded,first-stage-float32,primary_b_gradient_inf,7.309019908176646e-17,1e-12,<=,fit.primary.b_gradient_inf,pass
near-0.02,guarded,first-stage-float32,reference_feasible,True,True,==,fit.reference.feasible,pass
near-0.02,guarded,first-stage-float32,reference_projected_kkt,7.216449660063518e-16,1e-10,<=,fit.reference.projected_kkt,pass
near-0.02,guarded,first-stage-float32,reference_b_gradient_inf,4.702142652931457e-16,1e-12,<=,fit.reference.b_gradient_inf,pass
near-0.02,guarded,first-stage-float32,coefficient_agreement,1.1330615659786561e-13,1e-10,<=,fit.scaled_reference_difference,pass
near-0.02,guarded,first-stage-float32,design_spectrum_rank,24,24,==,fit.design_spectrum.rank,pass
near-0.02,guarded,first-stage-float32,width_spectrum_rank,12,12,==,fit.width_spectrum.rank,pass
near-0.02,guarded,first-stage-float32,profile_jacobian_spectrum_rank,12,12,==,fit.profile_jacobian_spectrum.rank,pass
near-0.02,guarded,first-stage-float32,legacy_local_correction,1.197372186666958e-15,1e-10,<=,fit.local_correction_inf,pass
near-0.02,guarded,first-stage-float32,precision_local_correction,1.783851378781834e-15,1e-10,<=,audit.precision.local_correction_inf,pass
near-0.02,guarded,first-stage-float32,fixed_face_reference_valid50,True,True,==,audit.precision.valid50,pass
near-0.02,guarded,first-stage-float32,fixed_face_reference_valid100,True,True,==,audit.precision.valid100,pass
near-0.02,guarded,first-stage-float32,fixed_face_reference_agreement_passed,True,True,==,audit.precision.agreement_passed,pass
near-0.02,guarded,first-stage-float32,fixed_face_reference_fixed_face_feasible,True,True,==,audit.precision.fixed_face_feasible,pass
near-0.02,guarded,first-stage-float32,fixed_face_reference_derivative_passed,True,True,==,audit.precision.derivative_passed,pass
near-0.02,guarded,first-stage-float32,precision_projected_kkt,2.375976938e-119,1e-10,<=,audit.precision.projected_kkt,pass
near-0.02,guarded,first-stage-float32,precision_b_gradient_inf,1.1774453959948416e-17,1e-12,<=,audit.precision.b_gradient,pass
near-0.02,guarded,first-stage-float32,direction_0_estimated_relative_error,2.5608328365708495e-11,1e-07,<=,audit.ladders.0.estimated_relative_error,pass
near-0.02,guarded,first-stage-float32,direction_0_first_relative_error,1.1675640425841582e-11,1e-06,<=,audit.ladders.0.first_relative_error,pass
near-0.02,guarded,first-stage-float32,direction_0_second_relative_error,5.043322365068096e-12,1e-06,<=,audit.ladders.0.second_relative_error,pass
near-0.02,guarded,first-stage-float32,direction_1_estimated_relative_error,3.8894045661855936e-10,1e-07,<=,audit.ladders.1.estimated_relative_error,pass
near-0.02,guarded,first-stage-float32,direction_1_first_relative_error,9.429976315786234e-11,1e-06,<=,audit.ladders.1.first_relative_error,pass
near-0.02,guarded,first-stage-float32,direction_1_second_relative_error,8.710860593111591e-11,1e-06,<=,audit.ladders.1.second_relative_error,pass
near-0.02,guarded,first-stage-float32,direction_2_estimated_relative_error,2.5541766999689744e-08,1e-07,<=,audit.ladders.2.estimated_relative_error,pass
near-0.02,guarded,first-stage-float32,direction_2_first_relative_error,1.4098976524490739e-08,1e-06,<=,audit.ladders.2.first_relative_error,pass
near-0.02,guarded,first-stage-float32,direction_2_second_relative_error,4.290965530976005e-09,1e-06,<=,audit.ladders.2.second_relative_error,pass
near-0.02,guarded,narrower-float32,primary_feasible,True,True,==,fit.primary.feasible,pass
near-0.02,guarded,narrower-float32,primary_projected_kkt,2.220446049250313e-16,1e-10,<=,fit.primary.projected_kkt,pass
near-0.02,guarded,narrower-float32,primary_b_gradient_inf,2.4490478522891356e-14,1e-12,<=,fit.primary.b_gradient_inf,pass
near-0.02,guarded,narrower-float32,reference_feasible,True,True,==,fit.reference.feasible,pass
near-0.02,guarded,narrower-float32,reference_projected_kkt,1.0547118733938987e-15,1e-10,<=,fit.reference.projected_kkt,pass
near-0.02,guarded,narrower-float32,reference_b_gradient_inf,2.4418103035631237e-14,1e-12,<=,fit.reference.b_gradient_inf,pass
near-0.02,guarded,narrower-float32,coefficient_agreement,1.162244562613184e-13,1e-10,<=,fit.scaled_reference_difference,pass
near-0.02,guarded,narrower-float32,design_spectrum_rank,24,24,==,fit.design_spectrum.rank,pass
near-0.02,guarded,narrower-float32,width_spectrum_rank,12,12,==,fit.width_spectrum.rank,pass
near-0.02,guarded,narrower-float32,profile_jacobian_spectrum_rank,12,12,==,fit.profile_jacobian_spectrum.rank,pass
near-0.02,guarded,narrower-float32,legacy_local_correction,7.956484318661455e-12,1e-10,<=,fit.local_correction_inf,pass
near-0.02,guarded,narrower-float32,precision_local_correction,7.955519110404075e-12,1e-10,<=,audit.precision.local_correction_inf,pass
near-0.02,guarded,narrower-float32,fixed_face_reference_valid50,True,True,==,audit.precision.valid50,pass
near-0.02,guarded,narrower-float32,fixed_face_reference_valid100,True,True,==,audit.precision.valid100,pass
near-0.02,guarded,narrower-float32,fixed_face_reference_agreement_passed,True,True,==,audit.precision.agreement_passed,pass
near-0.02,guarded,narrower-float32,fixed_face_reference_fixed_face_feasible,True,True,==,audit.precision.fixed_face_feasible,pass
near-0.02,guarded,narrower-float32,fixed_face_reference_derivative_passed,True,True,==,audit.precision.derivative_passed,pass
near-0.02,guarded,narrower-float32,precision_projected_kkt,2.393024222e-119,1e-10,<=,audit.precision.projected_kkt,pass
near-0.02,guarded,narrower-float32,precision_b_gradient_inf,2.4462681364684345e-14,1e-12,<=,audit.precision.b_gradient,pass
near-0.02,guarded,narrower-float32,direction_0_estimated_relative_error,2.4185830969686477e-11,1e-07,<=,audit.ladders.0.estimated_relative_error,pass
near-0.02,guarded,narrower-float32,direction_0_first_relative_error,1.2055597065692517e-11,1e-06,<=,audit.ladders.0.first_relative_error,pass
near-0.02,guarded,narrower-float32,direction_0_second_relative_error,4.570851991201645e-12,1e-06,<=,audit.ladders.0.second_relative_error,pass
near-0.02,guarded,narrower-float32,direction_1_estimated_relative_error,4.1178407890911196e-10,1e-07,<=,audit.ladders.1.estimated_relative_error,pass
near-0.02,guarded,narrower-float32,direction_1_first_relative_error,9.012036044718062e-11,1e-06,<=,audit.ladders.1.first_relative_error,pass
near-0.02,guarded,narrower-float32,direction_1_second_relative_error,1.3200477415050775e-10,1e-06,<=,audit.ladders.1.second_relative_error,pass
near-0.02,guarded,narrower-float32,direction_2_estimated_relative_error,2.6930406128394565e-08,1e-07,<=,audit.ladders.2.estimated_relative_error,pass
near-0.02,guarded,narrower-float32,direction_2_first_relative_error,1.4971084117831818e-08,1e-06,<=,audit.ladders.2.first_relative_error,pass
near-0.02,guarded,narrower-float32,direction_2_second_relative_error,3.2548576569235714e-09,1e-06,<=,audit.ladders.2.second_relative_error,pass
near-0.02,guarded,wider-float32,primary_feasible,True,True,==,fit.primary.feasible,pass
near-0.02,guarded,wider-float32,primary_projected_kkt,2.7755575615628914e-16,1e-10,<=,fit.primary.projected_kkt,pass
near-0.02,guarded,wider-float32,primary_b_gradient_inf,1.2358587795591605e-16,1e-12,<=,fit.primary.b_gradient_inf,pass
near-0.02,guarded,wider-float32,reference_feasible,True,True,==,fit.reference.feasible,pass
near-0.02,guarded,wider-float32,reference_projected_kkt,1.339206523454095e-15,1e-10,<=,fit.reference.projected_kkt,pass
near-0.02,guarded,wider-float32,reference_b_gradient_inf,4.01724732684298e-16,1e-12,<=,fit.reference.b_gradient_inf,pass
near-0.02,guarded,wider-float32,coefficient_agreement,1.0873844291745263e-13,1e-10,<=,fit.scaled_reference_difference,pass
near-0.02,guarded,wider-float32,design_spectrum_rank,24,24,==,fit.design_spectrum.rank,pass
near-0.02,guarded,wider-float32,width_spectrum_rank,12,12,==,fit.width_spectrum.rank,pass
near-0.02,guarded,wider-float32,profile_jacobian_spectrum_rank,12,12,==,fit.profile_jacobian_spectrum.rank,pass
near-0.02,guarded,wider-float32,legacy_local_correction,7.084769477792825e-13,1e-10,<=,fit.local_correction_inf,pass
near-0.02,guarded,wider-float32,precision_local_correction,7.111908781972089e-13,1e-10,<=,audit.precision.local_correction_inf,pass
near-0.02,guarded,wider-float32,fixed_face_reference_valid50,True,True,==,audit.precision.valid50,pass
near-0.02,guarded,wider-float32,fixed_face_reference_valid100,True,True,==,audit.precision.valid100,pass
near-0.02,guarded,wider-float32,fixed_face_reference_agreement_passed,True,True,==,audit.precision.agreement_passed,pass
near-0.02,guarded,wider-float32,fixed_face_reference_fixed_face_feasible,True,True,==,audit.precision.fixed_face_feasible,pass
near-0.02,guarded,wider-float32,fixed_face_reference_derivative_passed,True,True,==,audit.precision.derivative_passed,pass
near-0.02,guarded,wider-float32,precision_projected_kkt,2.367826022e-119,1e-10,<=,audit.precision.projected_kkt,pass
near-0.02,guarded,wider-float32,precision_b_gradient_inf,2.440180840559149e-17,1e-12,<=,audit.precision.b_gradient,pass
near-0.02,guarded,wider-float32,direction_0_estimated_relative_error,2.6382673812635645e-11,1e-07,<=,audit.ladders.0.estimated_relative_error,pass
near-0.02,guarded,wider-float32,direction_0_first_relative_error,1.1724331886403213e-11,1e-06,<=,audit.ladders.0.first_relative_error,pass
near-0.02,guarded,wider-float32,direction_0_second_relative_error,5.056059429019688e-12,1e-06,<=,audit.ladders.0.second_relative_error,pass
near-0.02,guarded,wider-float32,direction_1_estimated_relative_error,4.1140795450649047e-10,1e-07,<=,audit.ladders.1.estimated_relative_error,pass
near-0.02,guarded,wider-float32,direction_1_first_relative_error,9.536608901467612e-11,1e-06,<=,audit.ladders.1.first_relative_error,pass
near-0.02,guarded,wider-float32,direction_1_second_relative_error,7.233655613000587e-11,1e-06,<=,audit.ladders.1.second_relative_error,pass
near-0.02,guarded,wider-float32,direction_2_estimated_relative_error,3.057115671737474e-08,1e-07,<=,audit.ladders.2.estimated_relative_error,pass
near-0.02,guarded,wider-float32,direction_2_first_relative_error,1.4993102517060258e-08,1e-06,<=,audit.ladders.2.first_relative_error,pass
near-0.02,guarded,wider-float32,direction_2_second_relative_error,7.330493224210756e-09,1e-06,<=,audit.ladders.2.second_relative_error,pass
near-0.02,guarded,mixed-float32,primary_feasible,True,True,==,fit.primary.feasible,pass
near-0.02,guarded,mixed-float32,primary_projected_kkt,1.942890293094024e-16,1e-10,<=,fit.primary.projected_kkt,pass
near-0.02,guarded,mixed-float32,primary_b_gradient_inf,6.679935943415535e-17,1e-12,<=,fit.primary.b_gradient_inf,pass
near-0.02,guarded,mixed-float32,reference_feasible,True,True,==,fit.reference.feasible,pass
near-0.02,guarded,mixed-float32,reference_projected_kkt,8.465450562766819e-16,1e-10,<=,fit.reference.projected_kkt,pass
near-0.02,guarded,mixed-float32,reference_b_gradient_inf,2.9109550159357225e-16,1e-12,<=,fit.reference.b_gradient_inf,pass
near-0.02,guarded,mixed-float32,coefficient_agreement,1.1355992178618719e-13,1e-10,<=,fit.scaled_reference_difference,pass
near-0.02,guarded,mixed-float32,design_spectrum_rank,24,24,==,fit.design_spectrum.rank,pass
near-0.02,guarded,mixed-float32,width_spectrum_rank,12,12,==,fit.width_spectrum.rank,pass
near-0.02,guarded,mixed-float32,profile_jacobian_spectrum_rank,12,12,==,fit.profile_jacobian_spectrum.rank,pass
near-0.02,guarded,mixed-float32,legacy_local_correction,8.887627361131984e-14,1e-10,<=,fit.local_correction_inf,pass
near-0.02,guarded,mixed-float32,precision_local_correction,8.947513890473974e-14,1e-10,<=,audit.precision.local_correction_inf,pass
near-0.02,guarded,mixed-float32,fixed_face_reference_valid50,True,True,==,audit.precision.valid50,pass
near-0.02,guarded,mixed-float32,fixed_face_reference_valid100,True,True,==,audit.precision.valid100,pass
near-0.02,guarded,mixed-float32,fixed_face_reference_agreement_passed,True,True,==,audit.precision.agreement_passed,pass
near-0.02,guarded,mixed-float32,fixed_face_reference_fixed_face_feasible,True,True,==,audit.precision.fixed_face_feasible,pass
near-0.02,guarded,mixed-float32,fixed_face_reference_derivative_passed,True,True,==,audit.precision.derivative_passed,pass
near-0.02,guarded,mixed-float32,precision_projected_kkt,2.369076873e-119,1e-10,<=,audit.precision.projected_kkt,pass
near-0.02,guarded,mixed-float32,precision_b_gradient_inf,5.696375413850833e-18,1e-12,<=,audit.precision.b_gradient,pass
near-0.02,guarded,mixed-float32,direction_0_estimated_relative_error,2.5343806352068603e-11,1e-07,<=,audit.ladders.0.estimated_relative_error,pass
near-0.02,guarded,mixed-float32,direction_0_first_relative_error,1.1693720930300322e-11,1e-06,<=,audit.ladders.0.first_relative_error,pass
near-0.02,guarded,mixed-float32,direction_0_second_relative_error,4.6369932234093735e-12,1e-06,<=,audit.ladders.0.second_relative_error,pass
near-0.02,guarded,mixed-float32,direction_1_estimated_relative_error,3.8610586607521874e-10,1e-07,<=,audit.ladders.1.estimated_relative_error,pass
near-0.02,guarded,mixed-float32,direction_1_first_relative_error,9.41292338339406e-11,1e-06,<=,audit.ladders.1.first_relative_error,pass
near-0.02,guarded,mixed-float32,direction_1_second_relative_error,9.335515263003645e-11,1e-06,<=,audit.ladders.1.second_relative_error,pass
near-0.02,guarded,mixed-float32,direction_2_estimated_relative_error,2.862899008699253e-08,1e-07,<=,audit.ladders.2.estimated_relative_error,pass
near-0.02,guarded,mixed-float32,direction_2_first_relative_error,1.5018929596278714e-08,1e-06,<=,audit.ladders.2.first_relative_error,pass
near-0.02,guarded,mixed-float32,direction_2_second_relative_error,3.439707442733092e-09,1e-06,<=,audit.ladders.2.second_relative_error,pass
near-0.02,guarded-log,first-stage-double,primary_feasible,True,True,==,fit.primary.feasible,pass
near-0.02,guarded-log,first-stage-double,primary_projected_kkt,2.220446049250313e-16,1e-10,<=,fit.primary.projected_kkt,pass
near-0.02,guarded-log,first-stage-double,primary_b_gradient_inf,1.0165445514708834e-16,1e-12,<=,fit.primary.b_gradient_inf,pass
near-0.02,guarded-log,first-stage-double,reference_feasible,True,True,==,fit.reference.feasible,pass
near-0.02,guarded-log,first-stage-double,reference_projected_kkt,8.049116928532385e-16,1e-10,<=,fit.reference.projected_kkt,pass
near-0.02,guarded-log,first-stage-double,reference_b_gradient_inf,2.0185221602437748e-16,1e-12,<=,fit.reference.b_gradient_inf,pass
near-0.02,guarded-log,first-stage-double,coefficient_agreement,7.232309988986226e-14,1e-10,<=,fit.scaled_reference_difference,pass
near-0.02,guarded-log,first-stage-double,design_spectrum_rank,24,24,==,fit.design_spectrum.rank,pass
near-0.02,guarded-log,first-stage-double,width_spectrum_rank,12,12,==,fit.width_spectrum.rank,pass
near-0.02,guarded-log,first-stage-double,profile_jacobian_spectrum_rank,12,12,==,fit.profile_jacobian_spectrum.rank,pass
near-0.02,guarded-log,first-stage-double,legacy_local_correction,1.263484832234875e-15,1e-10,<=,fit.local_correction_inf,pass
near-0.02,guarded-log,first-stage-double,precision_local_correction,4.03270005086935e-16,1e-10,<=,audit.precision.local_correction_inf,pass
near-0.02,guarded-log,first-stage-double,fixed_face_reference_valid50,True,True,==,audit.precision.valid50,pass
near-0.02,guarded-log,first-stage-double,fixed_face_reference_valid100,True,True,==,audit.precision.valid100,pass
near-0.02,guarded-log,first-stage-double,fixed_face_reference_agreement_passed,True,True,==,audit.precision.agreement_passed,pass
near-0.02,guarded-log,first-stage-double,fixed_face_reference_fixed_face_feasible,True,True,==,audit.precision.fixed_face_feasible,pass
near-0.02,guarded-log,first-stage-double,fixed_face_reference_derivative_passed,True,True,==,audit.precision.derivative_passed,pass
near-0.02,guarded-log,first-stage-double,precision_projected_kkt,2.364144331e-119,1e-10,<=,audit.precision.projected_kkt,pass
near-0.02,guarded-log,first-stage-double,precision_b_gradient_inf,1.0639969214546442e-17,1e-12,<=,audit.precision.b_gradient,pass
near-0.02,guarded-log,first-stage-double,direction_0_estimated_relative_error,2.4211421604131334e-11,1e-07,<=,audit.ladders.0.estimated_relative_error,pass
near-0.02,guarded-log,first-stage-double,direction_0_first_relative_error,1.1432098157822048e-11,1e-06,<=,audit.ladders.0.first_relative_error,pass
near-0.02,guarded-log,first-stage-double,direction_0_second_relative_error,4.978290286578225e-12,1e-06,<=,audit.ladders.0.second_relative_error,pass
near-0.02,guarded-log,first-stage-double,direction_1_estimated_relative_error,3.667512566160549e-10,1e-07,<=,audit.ladders.1.estimated_relative_error,pass
near-0.02,guarded-log,first-stage-double,direction_1_first_relative_error,1.0032005405563548e-10,1e-06,<=,audit.ladders.1.first_relative_error,pass
near-0.02,guarded-log,first-stage-double,direction_1_second_relative_error,8.252630288358291e-11,1e-06,<=,audit.ladders.1.second_relative_error,pass
near-0.02,guarded-log,first-stage-double,direction_2_estimated_relative_error,2.9045722907111705e-08,1e-07,<=,audit.ladders.2.estimated_relative_error,pass
near-0.02,guarded-log,first-stage-double,direction_2_first_relative_error,1.4684204518946832e-08,1e-06,<=,audit.ladders.2.first_relative_error,pass
near-0.02,guarded-log,first-stage-double,direction_2_second_relative_error,4.39075324078946e-09,1e-06,<=,audit.ladders.2.second_relative_error,pass
near-0.02,guarded-log,narrower-double,primary_feasible,True,True,==,fit.primary.feasible,pass
near-0.02,guarded-log,narrower-double,primary_projected_kkt,2.7755575615628914e-16,1e-10,<=,fit.primary.projected_kkt,pass
near-0.02,guarded-log,narrower-double,primary_b_gradient_inf,1.2625575193441738e-16,1e-12,<=,fit.primary.b_gradient_inf,pass
near-0.02,guarded-log,narrower-double,reference_feasible,True,True,==,fit.reference.feasible,pass
near-0.02,guarded-log,narrower-double,reference_projected_kkt,8.049116928532385e-16,1e-10,<=,fit.reference.projected_kkt,pass
near-0.02,guarded-log,narrower-double,reference_b_gradient_inf,4.1427915910288105e-16,1e-12,<=,fit.reference.b_gradient_inf,pass
near-0.02,guarded-log,narrower-double,coefficient_agreement,6.052301517099013e-14,1e-10,<=,fit.scaled_reference_difference,pass
near-0.02,guarded-log,narrower-double,design_spectrum_rank,24,24,==,fit.design_spectrum.rank,pass
near-0.02,guarded-log,narrower-double,width_spectrum_rank,12,12,==,fit.width_spectrum.rank,pass
near-0.02,guarded-log,narrower-double,profile_jacobian_spectrum_rank,12,12,==,fit.profile_jacobian_spectrum.rank,pass
near-0.02,guarded-log,narrower-double,legacy_local_correction,9.40914827680242e-16,1e-10,<=,fit.local_correction_inf,pass
near-0.02,guarded-log,narrower-double,precision_local_correction,2.210861509440132e-16,1e-10,<=,audit.precision.local_correction_inf,pass
near-0.02,guarded-log,narrower-double,fixed_face_reference_valid50,True,True,==,audit.precision.valid50,pass
near-0.02,guarded-log,narrower-double,fixed_face_reference_valid100,True,True,==,audit.precision.valid100,pass
near-0.02,guarded-log,narrower-double,fixed_face_reference_agreement_passed,True,True,==,audit.precision.agreement_passed,pass
near-0.02,guarded-log,narrower-double,fixed_face_reference_fixed_face_feasible,True,True,==,audit.precision.fixed_face_feasible,pass
near-0.02,guarded-log,narrower-double,fixed_face_reference_derivative_passed,True,True,==,audit.precision.derivative_passed,pass
near-0.02,guarded-log,narrower-double,precision_projected_kkt,2.382362624e-119,1e-10,<=,audit.precision.projected_kkt,pass
near-0.02,guarded-log,narrower-double,precision_b_gradient_inf,1.9943970345228613e-17,1e-12,<=,audit.precision.b_gradient,pass
near-0.02,guarded-log,narrower-double,direction_0_estimated_relative_error,2.681604928756778e-11,1e-07,<=,audit.ladders.0.estimated_relative_error,pass
near-0.02,guarded-log,narrower-double,direction_0_first_relative_error,1.1456455466542387e-11,1e-06,<=,audit.ladders.0.first_relative_error,pass
near-0.02,guarded-log,narrower-double,direction_0_second_relative_error,5.852707623645026e-12,1e-06,<=,audit.ladders.0.second_relative_error,pass
near-0.02,guarded-log,narrower-double,direction_1_estimated_relative_error,3.6428372349169996e-10,1e-07,<=,audit.ladders.1.estimated_relative_error,pass
near-0.02,guarded-log,narrower-double,direction_1_first_relative_error,1.0518487534118594e-10,1e-06,<=,audit.ladders.1.first_relative_error,pass
near-0.02,guarded-log,narrower-double,direction_1_second_relative_error,8.587482589108834e-11,1e-06,<=,audit.ladders.1.second_relative_error,pass
near-0.02,guarded-log,narrower-double,direction_2_estimated_relative_error,2.9745352613988404e-08,1e-07,<=,audit.ladders.2.estimated_relative_error,pass
near-0.02,guarded-log,narrower-double,direction_2_first_relative_error,1.4854316656527925e-08,1e-06,<=,audit.ladders.2.first_relative_error,pass
near-0.02,guarded-log,narrower-double,direction_2_second_relative_error,5.5080828204945895e-09,1e-06,<=,audit.ladders.2.second_relative_error,pass
near-0.02,guarded-log,wider-double,primary_feasible,True,True,==,fit.primary.feasible,pass
near-0.02,guarded-log,wider-double,primary_projected_kkt,2.7755575615628914e-16,1e-10,<=,fit.primary.projected_kkt,pass
near-0.02,guarded-log,wider-double,primary_b_gradient_inf,1.0551889736785418e-16,1e-12,<=,fit.primary.b_gradient_inf,pass
near-0.02,guarded-log,wider-double,reference_feasible,True,True,==,fit.reference.feasible,pass
near-0.02,guarded-log,wider-double,reference_projected_kkt,1.0269562977782698e-15,1e-10,<=,fit.reference.projected_kkt,pass
near-0.02,guarded-log,wider-double,reference_b_gradient_inf,2.3509476089444266e-16,1e-12,<=,fit.reference.b_gradient_inf,pass
near-0.02,guarded-log,wider-double,coefficient_agreement,6.927791673660512e-14,1e-10,<=,fit.scaled_reference_difference,pass
near-0.02,guarded-log,wider-double,design_spectrum_rank,24,24,==,fit.design_spectrum.rank,pass
near-0.02,guarded-log,wider-double,width_spectrum_rank,12,12,==,fit.width_spectrum.rank,pass
near-0.02,guarded-log,wider-double,profile_jacobian_spectrum_rank,12,12,==,fit.profile_jacobian_spectrum.rank,pass
near-0.02,guarded-log,wider-double,legacy_local_correction,3.4469812401985325e-16,1e-10,<=,fit.local_correction_inf,pass
near-0.02,guarded-log,wider-double,precision_local_correction,5.142923075494649e-16,1e-10,<=,audit.precision.local_correction_inf,pass
near-0.02,guarded-log,wider-double,fixed_face_reference_valid50,True,True,==,audit.precision.valid50,pass
near-0.02,guarded-log,wider-double,fixed_face_reference_valid100,True,True,==,audit.precision.valid100,pass
near-0.02,guarded-log,wider-double,fixed_face_reference_agreement_passed,True,True,==,audit.precision.agreement_passed,pass
near-0.02,guarded-log,wider-double,fixed_face_reference_fixed_face_feasible,True,True,==,audit.precision.fixed_face_feasible,pass
near-0.02,guarded-log,wider-double,fixed_face_reference_derivative_passed,True,True,==,audit.precision.derivative_passed,pass
near-0.02,guarded-log,wider-double,precision_projected_kkt,2.367136974e-119,1e-10,<=,audit.precision.projected_kkt,pass
near-0.02,guarded-log,wider-double,precision_b_gradient_inf,1.2499859818314031e-17,1e-12,<=,audit.precision.b_gradient,pass
near-0.02,guarded-log,wider-double,direction_0_estimated_relative_error,2.4856589403940363e-11,1e-07,<=,audit.ladders.0.estimated_relative_error,pass
near-0.02,guarded-log,wider-double,direction_0_first_relative_error,1.1474872811175716e-11,1e-06,<=,audit.ladders.0.first_relative_error,pass
near-0.02,guarded-log,wider-double,direction_0_second_relative_error,4.538449118316542e-12,1e-06,<=,audit.ladders.0.second_relative_error,pass
near-0.02,guarded-log,wider-double,direction_1_estimated_relative_error,4.3548891087956406e-10,1e-07,<=,audit.ladders.1.estimated_relative_error,pass
near-0.02,guarded-log,wider-double,direction_1_first_relative_error,1.0394359524012543e-10,1e-06,<=,audit.ladders.1.first_relative_error,pass
near-0.02,guarded-log,wider-double,direction_1_second_relative_error,1.1297647676020054e-10,1e-06,<=,audit.ladders.1.second_relative_error,pass
near-0.02,guarded-log,wider-double,direction_2_estimated_relative_error,2.952407667192098e-08,1e-07,<=,audit.ladders.2.estimated_relative_error,pass
near-0.02,guarded-log,wider-double,direction_2_first_relative_error,1.476499314700015e-08,1e-06,<=,audit.ladders.2.first_relative_error,pass
near-0.02,guarded-log,wider-double,direction_2_second_relative_error,5.3432016006823024e-09,1e-06,<=,audit.ladders.2.second_relative_error,pass
near-0.02,guarded-log,mixed-double,primary_feasible,True,True,==,fit.primary.feasible,pass
near-0.02,guarded-log,mixed-double,primary_projected_kkt,1.6653345369377348e-16,1e-10,<=,fit.primary.projected_kkt,pass
near-0.02,guarded-log,mixed-double,primary_b_gradient_inf,8.410148867385867e-17,1e-12,<=,fit.primary.b_gradient_inf,pass
near-0.02,guarded-log,mixed-double,reference_feasible,True,True,==,fit.reference.feasible,pass
near-0.02,guarded-log,mixed-double,reference_projected_kkt,8.049116928532385e-16,1e-10,<=,fit.reference.projected_kkt,pass
near-0.02,guarded-log,mixed-double,reference_b_gradient_inf,2.2083908717155443e-16,1e-12,<=,fit.reference.b_gradient_inf,pass
near-0.02,guarded-log,mixed-double,coefficient_agreement,6.547143779503348e-14,1e-10,<=,fit.scaled_reference_difference,pass
near-0.02,guarded-log,mixed-double,design_spectrum_rank,24,24,==,fit.design_spectrum.rank,pass
near-0.02,guarded-log,mixed-double,width_spectrum_rank,12,12,==,fit.width_spectrum.rank,pass
near-0.02,guarded-log,mixed-double,profile_jacobian_spectrum_rank,12,12,==,fit.profile_jacobian_spectrum.rank,pass
near-0.02,guarded-log,mixed-double,legacy_local_correction,1.048044268986806e-15,1e-10,<=,fit.local_correction_inf,pass
near-0.02,guarded-log,mixed-double,precision_local_correction,3.621516669932989e-16,1e-10,<=,audit.precision.local_correction_inf,pass
near-0.02,guarded-log,mixed-double,fixed_face_reference_valid50,True,True,==,audit.precision.valid50,pass
near-0.02,guarded-log,mixed-double,fixed_face_reference_valid100,True,True,==,audit.precision.valid100,pass
near-0.02,guarded-log,mixed-double,fixed_face_reference_agreement_passed,True,True,==,audit.precision.agreement_passed,pass
near-0.02,guarded-log,mixed-double,fixed_face_reference_fixed_face_feasible,True,True,==,audit.precision.fixed_face_feasible,pass
near-0.02,guarded-log,mixed-double,fixed_face_reference_derivative_passed,True,True,==,audit.precision.derivative_passed,pass
near-0.02,guarded-log,mixed-double,precision_projected_kkt,2.362702783e-119,1e-10,<=,audit.precision.projected_kkt,pass
near-0.02,guarded-log,mixed-double,precision_b_gradient_inf,1.9472446510809183e-17,1e-12,<=,audit.precision.b_gradient,pass
near-0.02,guarded-log,mixed-double,direction_0_estimated_relative_error,2.544004319400311e-11,1e-07,<=,audit.ladders.0.estimated_relative_error,pass
near-0.02,guarded-log,mixed-double,direction_0_first_relative_error,1.1372620373849972e-11,1e-06,<=,audit.ladders.0.first_relative_error,pass
near-0.02,guarded-log,mixed-double,direction_0_second_relative_error,5.527253614453472e-12,1e-06,<=,audit.ladders.0.second_relative_error,pass
near-0.02,guarded-log,mixed-double,direction_1_estimated_relative_error,4.4848865386500664e-10,1e-07,<=,audit.ladders.1.estimated_relative_error,pass
near-0.02,guarded-log,mixed-double,direction_1_first_relative_error,1.1087001881802735e-10,1e-06,<=,audit.ladders.1.first_relative_error,pass
near-0.02,guarded-log,mixed-double,direction_1_second_relative_error,1.1343734646110999e-10,1e-06,<=,audit.ladders.1.second_relative_error,pass
near-0.02,guarded-log,mixed-double,direction_2_estimated_relative_error,2.938337063457116e-08,1e-07,<=,audit.ladders.2.estimated_relative_error,pass
near-0.02,guarded-log,mixed-double,direction_2_first_relative_error,1.4735961711036607e-08,1e-06,<=,audit.ladders.2.first_relative_error,pass
near-0.02,guarded-log,mixed-double,direction_2_second_relative_error,5.2129434724316065e-09,1e-06,<=,audit.ladders.2.second_relative_error,pass
near-0.02,guarded-log,first-stage-float32,primary_feasible,True,True,==,fit.primary.feasible,pass
near-0.02,guarded-log,first-stage-float32,primary_projected_kkt,3.608224830031759e-16,1e-10,<=,fit.primary.projected_kkt,pass
near-0.02,guarded-log,first-stage-float32,primary_b_gradient_inf,7.309019908176646e-17,1e-12,<=,fit.primary.b_gradient_inf,pass
near-0.02,guarded-log,first-stage-float32,reference_feasible,True,True,==,fit.reference.feasible,pass
near-0.02,guarded-log,first-stage-float32,reference_projected_kkt,7.216449660063518e-16,1e-10,<=,fit.reference.projected_kkt,pass
near-0.02,guarded-log,first-stage-float32,reference_b_gradient_inf,4.702142652931457e-16,1e-12,<=,fit.reference.b_gradient_inf,pass
near-0.02,guarded-log,first-stage-float32,coefficient_agreement,1.1330615659786561e-13,1e-10,<=,fit.scaled_reference_difference,pass
near-0.02,guarded-log,first-stage-float32,design_spectrum_rank,24,24,==,fit.design_spectrum.rank,pass
near-0.02,guarded-log,first-stage-float32,width_spectrum_rank,12,12,==,fit.width_spectrum.rank,pass
near-0.02,guarded-log,first-stage-float32,profile_jacobian_spectrum_rank,12,12,==,fit.profile_jacobian_spectrum.rank,pass
near-0.02,guarded-log,first-stage-float32,legacy_local_correction,1.197372186666958e-15,1e-10,<=,fit.local_correction_inf,pass
near-0.02,guarded-log,first-stage-float32,precision_local_correction,1.783851378781834e-15,1e-10,<=,audit.precision.local_correction_inf,pass
near-0.02,guarded-log,first-stage-float32,fixed_face_reference_valid50,True,True,==,audit.precision.valid50,pass
near-0.02,guarded-log,first-stage-float32,fixed_face_reference_valid100,True,True,==,audit.precision.valid100,pass
near-0.02,guarded-log,first-stage-float32,fixed_face_reference_agreement_passed,True,True,==,audit.precision.agreement_passed,pass
near-0.02,guarded-log,first-stage-float32,fixed_face_reference_fixed_face_feasible,True,True,==,audit.precision.fixed_face_feasible,pass
near-0.02,guarded-log,first-stage-float32,fixed_face_reference_derivative_passed,True,True,==,audit.precision.derivative_passed,pass
near-0.02,guarded-log,first-stage-float32,precision_projected_kkt,2.375976938e-119,1e-10,<=,audit.precision.projected_kkt,pass
near-0.02,guarded-log,first-stage-float32,precision_b_gradient_inf,1.1774453959948416e-17,1e-12,<=,audit.precision.b_gradient,pass
near-0.02,guarded-log,first-stage-float32,direction_0_estimated_relative_error,2.5608328365708495e-11,1e-07,<=,audit.ladders.0.estimated_relative_error,pass
near-0.02,guarded-log,first-stage-float32,direction_0_first_relative_error,1.1675640425841582e-11,1e-06,<=,audit.ladders.0.first_relative_error,pass
near-0.02,guarded-log,first-stage-float32,direction_0_second_relative_error,5.043322365068096e-12,1e-06,<=,audit.ladders.0.second_relative_error,pass
near-0.02,guarded-log,first-stage-float32,direction_1_estimated_relative_error,3.8894045661855936e-10,1e-07,<=,audit.ladders.1.estimated_relative_error,pass
near-0.02,guarded-log,first-stage-float32,direction_1_first_relative_error,9.429976315786234e-11,1e-06,<=,audit.ladders.1.first_relative_error,pass
near-0.02,guarded-log,first-stage-float32,direction_1_second_relative_error,8.710860593111591e-11,1e-06,<=,audit.ladders.1.second_relative_error,pass
near-0.02,guarded-log,first-stage-float32,direction_2_estimated_relative_error,2.5541766999689744e-08,1e-07,<=,audit.ladders.2.estimated_relative_error,pass
near-0.02,guarded-log,first-stage-float32,direction_2_first_relative_error,1.4098976524490739e-08,1e-06,<=,audit.ladders.2.first_relative_error,pass
near-0.02,guarded-log,first-stage-float32,direction_2_second_relative_error,4.290965530976005e-09,1e-06,<=,audit.ladders.2.second_relative_error,pass
near-0.02,guarded-log,narrower-float32,primary_feasible,True,True,==,fit.primary.feasible,pass
near-0.02,guarded-log,narrower-float32,primary_projected_kkt,2.7755575615628914e-16,1e-10,<=,fit.primary.projected_kkt,pass
near-0.02,guarded-log,narrower-float32,primary_b_gradient_inf,5.151000565402089e-17,1e-12,<=,fit.primary.b_gradient_inf,pass
near-0.02,guarded-log,narrower-float32,reference_feasible,True,True,==,fit.reference.feasible,pass
near-0.02,guarded-log,narrower-float32,reference_projected_kkt,6.106226635438361e-16,1e-10,<=,fit.reference.projected_kkt,pass
near-0.02,guarded-log,narrower-float32,reference_b_gradient_inf,3.484368713033018e-16,1e-12,<=,fit.reference.b_gradient_inf,pass
near-0.02,guarded-log,narrower-float32,coefficient_agreement,1.0911903099010555e-13,1e-10,<=,fit.scaled_reference_difference,pass
near-0.02,guarded-log,narrower-float32,design_spectrum_rank,24,24,==,fit.design_spectrum.rank,pass
near-0.02,guarded-log,narrower-float32,width_spectrum_rank,12,12,==,fit.width_spectrum.rank,pass
near-0.02,guarded-log,narrower-float32,profile_jacobian_spectrum_rank,12,12,==,fit.profile_jacobian_spectrum.rank,pass
near-0.02,guarded-log,narrower-float32,legacy_local_correction,7.577749622509871e-16,1e-10,<=,fit.local_correction_inf,pass
near-0.02,guarded-log,narrower-float32,precision_local_correction,1.0067059284224033e-15,1e-10,<=,audit.precision.local_correction_inf,pass
near-0.02,guarded-log,narrower-float32,fixed_face_reference_valid50,True,True,==,audit.precision.valid50,pass
near-0.02,guarded-log,narrower-float32,fixed_face_reference_valid100,True,True,==,audit.precision.valid100,pass
near-0.02,guarded-log,narrower-float32,fixed_face_reference_agreement_passed,True,True,==,audit.precision.agreement_passed,pass
near-0.02,guarded-log,narrower-float32,fixed_face_reference_fixed_face_feasible,True,True,==,audit.precision.fixed_face_feasible,pass
near-0.02,guarded-log,narrower-float32,fixed_face_reference_derivative_passed,True,True,==,audit.precision.derivative_passed,pass
near-0.02,guarded-log,narrower-float32,precision_projected_kkt,2.379597015e-119,1e-10,<=,audit.precision.projected_kkt,pass
near-0.02,guarded-log,narrower-float32,precision_b_gradient_inf,1.1985531166610436e-17,1e-12,<=,audit.precision.b_gradient,pass
near-0.02,guarded-log,narrower-float32,direction_0_estimated_relative_error,2.7301839670292113e-11,1e-07,<=,audit.ladders.0.estimated_relative_error,pass
near-0.02,guarded-log,narrower-float32,direction_0_first_relative_error,1.1727637473583826e-11,1e-06,<=,audit.ladders.0.first_relative_error,pass
near-0.02,guarded-log,narrower-float32,direction_0_second_relative_error,5.351995548783908e-12,1e-06,<=,audit.ladders.0.second_relative_error,pass
near-0.02,guarded-log,narrower-float32,direction_1_estimated_relative_error,3.7707142028828143e-10,1e-07,<=,audit.ladders.1.estimated_relative_error,pass
near-0.02,guarded-log,narrower-float32,direction_1_first_relative_error,9.83747431699757e-11,1e-06,<=,audit.ladders.1.first_relative_error,pass
near-0.02,guarded-log,narrower-float32,direction_1_second_relative_error,8.937861007146464e-11,1e-06,<=,audit.ladders.1.second_relative_error,pass
near-0.02,guarded-log,narrower-float32,direction_2_estimated_relative_error,2.6312263099077823e-08,1e-07,<=,audit.ladders.2.estimated_relative_error,pass
near-0.02,guarded-log,narrower-float32,direction_2_first_relative_error,1.4194826474989951e-08,1e-06,<=,audit.ladders.2.first_relative_error,pass
near-0.02,guarded-log,narrower-float32,direction_2_second_relative_error,4.884628688194637e-09,1e-06,<=,audit.ladders.2.second_relative_error,pass
near-0.02,guarded-log,wider-float32,primary_feasible,True,True,==,fit.primary.feasible,pass
near-0.02,guarded-log,wider-float32,primary_projected_kkt,1.6653345369377348e-16,1e-10,<=,fit.primary.projected_kkt,pass
near-0.02,guarded-log,wider-float32,primary_b_gradient_inf,1.830095959583717e-14,1e-12,<=,fit.primary.b_gradient_inf,pass
near-0.02,guarded-log,wider-float32,reference_feasible,True,True,==,fit.reference.feasible,pass
near-0.02,guarded-log,wider-float32,reference_projected_kkt,6.869504964868156e-16,1e-10,<=,fit.reference.projected_kkt,pass
near-0.02,guarded-log,wider-float32,reference_b_gradient_inf,1.8349936171560022e-14,1e-12,<=,fit.reference.b_gradient_inf,pass
near-0.02,guarded-log,wider-float32,coefficient_agreement,1.1254492283436927e-13,1e-10,<=,fit.scaled_reference_difference,pass
near-0.02,guarded-log,wider-float32,design_spectrum_rank,24,24,==,fit.design_spectrum.rank,pass
near-0.02,guarded-log,wider-float32,width_spectrum_rank,12,12,==,fit.width_spectrum.rank,pass
near-0.02,guarded-log,wider-float32,profile_jacobian_spectrum_rank,12,12,==,fit.profile_jacobian_spectrum.rank,pass
near-0.02,guarded-log,wider-float32,legacy_local_correction,4.982472806746521e-12,1e-10,<=,fit.local_correction_inf,pass
near-0.02,guarded-log,wider-float32,precision_local_correction,4.984271115779447e-12,1e-10,<=,audit.precision.local_correction_inf,pass
near-0.02,guarded-log,wider-float32,fixed_face_reference_valid50,True,True,==,audit.precision.valid50,pass
near-0.02,guarded-log,wider-float32,fixed_face_reference_valid100,True,True,==,audit.precision.valid100,pass
near-0.02,guarded-log,wider-float32,fixed_face_reference_agreement_passed,True,True,==,audit.precision.agreement_passed,pass
near-0.02,guarded-log,wider-float32,fixed_face_reference_fixed_face_feasible,True,True,==,audit.precision.fixed_face_feasible,pass
near-0.02,guarded-log,wider-float32,fixed_face_reference_derivative_passed,True,True,==,audit.precision.derivative_passed,pass
near-0.02,guarded-log,wider-float32,precision_projected_kkt,2.366250706e-119,1e-10,<=,audit.precision.projected_kkt,pass
near-0.02,guarded-log,wider-float32,precision_b_gradient_inf,1.8307690524459423e-14,1e-12,<=,audit.precision.b_gradient,pass
near-0.02,guarded-log,wider-float32,direction_0_estimated_relative_error,2.5457271013999224e-11,1e-07,<=,audit.ladders.0.estimated_relative_error,pass
near-0.02,guarded-log,wider-float32,direction_0_first_relative_error,1.1639408961623326e-11,1e-06,<=,audit.ladders.0.first_relative_error,pass
near-0.02,guarded-log,wider-float32,direction_0_second_relative_error,5.101483348910492e-12,1e-06,<=,audit.ladders.0.second_relative_error,pass
near-0.02,guarded-log,wider-float32,direction_1_estimated_relative_error,4.200776822832315e-10,1e-07,<=,audit.ladders.1.estimated_relative_error,pass
near-0.02,guarded-log,wider-float32,direction_1_first_relative_error,8.893533593433911e-11,1e-06,<=,audit.ladders.1.first_relative_error,pass
near-0.02,guarded-log,wider-float32,direction_1_second_relative_error,1.2527239887941192e-10,1e-06,<=,audit.ladders.1.second_relative_error,pass
near-0.02,guarded-log,wider-float32,direction_2_estimated_relative_error,2.8588210266743356e-08,1e-07,<=,audit.ladders.2.estimated_relative_error,pass
near-0.02,guarded-log,wider-float32,direction_2_first_relative_error,1.5583898422702498e-08,1e-06,<=,audit.ladders.2.first_relative_error,pass
near-0.02,guarded-log,wider-float32,direction_2_second_relative_error,4.970399993561631e-09,1e-06,<=,audit.ladders.2.second_relative_error,pass
near-0.02,guarded-log,mixed-float32,primary_feasible,True,True,==,fit.primary.feasible,pass
near-0.02,guarded-log,mixed-float32,primary_projected_kkt,2.7755575615628914e-16,1e-10,<=,fit.primary.projected_kkt,pass
near-0.02,guarded-log,mixed-float32,primary_b_gradient_inf,6.68837479012393e-17,1e-12,<=,fit.primary.b_gradient_inf,pass
near-0.02,guarded-log,mixed-float32,reference_feasible,True,True,==,fit.reference.feasible,pass
near-0.02,guarded-log,mixed-float32,reference_projected_kkt,1.3600232051658168e-15,1e-10,<=,fit.reference.projected_kkt,pass
near-0.02,guarded-log,mixed-float32,reference_b_gradient_inf,2.9667626137458313e-16,1e-12,<=,fit.reference.b_gradient_inf,pass
near-0.02,guarded-log,mixed-float32,coefficient_agreement,1.2345676413182841e-13,1e-10,<=,fit.scaled_reference_difference,pass
near-0.02,guarded-log,mixed-float32,design_spectrum_rank,24,24,==,fit.design_spectrum.rank,pass
near-0.02,guarded-log,mixed-float32,width_spectrum_rank,12,12,==,fit.width_spectrum.rank,pass
near-0.02,guarded-log,mixed-float32,profile_jacobian_spectrum_rank,12,12,==,fit.profile_jacobian_spectrum.rank,pass
near-0.02,guarded-log,mixed-float32,legacy_local_correction,1.8144062433840517e-15,1e-10,<=,fit.local_correction_inf,pass
near-0.02,guarded-log,mixed-float32,precision_local_correction,6.736439383016434e-16,1e-10,<=,audit.precision.local_correction_inf,pass
near-0.02,guarded-log,mixed-float32,fixed_face_reference_valid50,True,True,==,audit.precision.valid50,pass
near-0.02,guarded-log,mixed-float32,fixed_face_reference_valid100,True,True,==,audit.precision.valid100,pass
near-0.02,guarded-log,mixed-float32,fixed_face_reference_agreement_passed,True,True,==,audit.precision.agreement_passed,pass
near-0.02,guarded-log,mixed-float32,fixed_face_reference_fixed_face_feasible,True,True,==,audit.precision.fixed_face_feasible,pass
near-0.02,guarded-log,mixed-float32,fixed_face_reference_derivative_passed,True,True,==,audit.precision.derivative_passed,pass
near-0.02,guarded-log,mixed-float32,precision_projected_kkt,2.372289204e-119,1e-10,<=,audit.precision.projected_kkt,pass
near-0.02,guarded-log,mixed-float32,precision_b_gradient_inf,7.718387078795232e-18,1e-12,<=,audit.precision.b_gradient,pass
near-0.02,guarded-log,mixed-float32,direction_0_estimated_relative_error,2.6871337307887997e-11,1e-07,<=,audit.ladders.0.estimated_relative_error,pass
near-0.02,guarded-log,mixed-float32,direction_0_first_relative_error,1.1728069717658406e-11,1e-06,<=,audit.ladders.0.first_relative_error,pass
near-0.02,guarded-log,mixed-float32,direction_0_second_relative_error,5.314463504524383e-12,1e-06,<=,audit.ladders.0.second_relative_error,pass
near-0.02,guarded-log,mixed-float32,direction_1_estimated_relative_error,3.985887290836219e-10,1e-07,<=,audit.ladders.1.estimated_relative_error,pass
near-0.02,guarded-log,mixed-float32,direction_1_first_relative_error,9.926993298141239e-11,1e-06,<=,audit.ladders.1.first_relative_error,pass
near-0.02,guarded-log,mixed-float32,direction_1_second_relative_error,8.803733390103376e-11,1e-06,<=,audit.ladders.1.second_relative_error,pass
near-0.02,guarded-log,mixed-float32,direction_2_estimated_relative_error,2.5228515530165844e-08,1e-07,<=,audit.ladders.2.estimated_relative_error,pass
near-0.02,guarded-log,mixed-float32,direction_2_first_relative_error,1.408202007554482e-08,1e-06,<=,audit.ladders.2.first_relative_error,pass
near-0.02,guarded-log,mixed-float32,direction_2_second_relative_error,5.127892088059913e-09,1e-06,<=,audit.ladders.2.second_relative_error,pass
duplicate,legacy,first-stage-double,primary_feasible,True,True,==,fit.primary.feasible,pass
duplicate,legacy,first-stage-double,primary_projected_kkt,0.690592017449787,1e-10,<=,fit.primary.projected_kkt,fail
duplicate,legacy,first-stage-double,primary_b_gradient_inf,,1e-12,<=,fit.primary.b_gradient_inf,unavailable
duplicate,legacy,first-stage-double,reference_feasible,True,True,==,fit.reference.feasible,pass
duplicate,legacy,first-stage-double,reference_projected_kkt,0.690592017449787,1e-10,<=,fit.reference.projected_kkt,fail
duplicate,legacy,first-stage-double,reference_b_gradient_inf,,1e-12,<=,fit.reference.b_gradient_inf,unavailable
duplicate,legacy,first-stage-double,coefficient_agreement,,1e-10,<=,fit.scaled_reference_difference,unavailable
duplicate,legacy,first-stage-double,design_spectrum_rank,,24,==,fit.design_spectrum.rank,unavailable
duplicate,legacy,first-stage-double,width_spectrum_rank,,12,==,fit.width_spectrum.rank,unavailable
duplicate,legacy,first-stage-double,profile_jacobian_spectrum_rank,,12,==,fit.profile_jacobian_spectrum.rank,unavailable
duplicate,legacy,first-stage-double,legacy_local_correction,,1e-10,<=,fit.local_correction_inf,unavailable
duplicate,legacy,narrower-double,primary_feasible,True,True,==,fit.primary.feasible,pass
duplicate,legacy,narrower-double,primary_projected_kkt,0.6939484460682802,1e-10,<=,fit.primary.projected_kkt,fail
duplicate,legacy,narrower-double,primary_b_gradient_inf,,1e-12,<=,fit.primary.b_gradient_inf,unavailable
duplicate,legacy,narrower-double,reference_feasible,True,True,==,fit.reference.feasible,pass
duplicate,legacy,narrower-double,reference_projected_kkt,0.6939484460682802,1e-10,<=,fit.reference.projected_kkt,fail
duplicate,legacy,narrower-double,reference_b_gradient_inf,,1e-12,<=,fit.reference.b_gradient_inf,unavailable
duplicate,legacy,narrower-double,coefficient_agreement,,1e-10,<=,fit.scaled_reference_difference,unavailable
duplicate,legacy,narrower-double,design_spectrum_rank,,24,==,fit.design_spectrum.rank,unavailable
duplicate,legacy,narrower-double,width_spectrum_rank,,12,==,fit.width_spectrum.rank,unavailable
duplicate,legacy,narrower-double,profile_jacobian_spectrum_rank,,12,==,fit.profile_jacobian_spectrum.rank,unavailable
duplicate,legacy,narrower-double,legacy_local_correction,,1e-10,<=,fit.local_correction_inf,unavailable
duplicate,legacy,wider-double,primary_feasible,True,True,==,fit.primary.feasible,pass
duplicate,legacy,wider-double,primary_projected_kkt,0.6852169523674284,1e-10,<=,fit.primary.projected_kkt,fail
duplicate,legacy,wider-double,primary_b_gradient_inf,,1e-12,<=,fit.primary.b_gradient_inf,unavailable
duplicate,legacy,wider-double,reference_feasible,True,True,==,fit.reference.feasible,pass
duplicate,legacy,wider-double,reference_projected_kkt,0.6852169523674284,1e-10,<=,fit.reference.projected_kkt,fail
duplicate,legacy,wider-double,reference_b_gradient_inf,,1e-12,<=,fit.reference.b_gradient_inf,unavailable
duplicate,legacy,wider-double,coefficient_agreement,,1e-10,<=,fit.scaled_reference_difference,unavailable
duplicate,legacy,wider-double,design_spectrum_rank,,24,==,fit.design_spectrum.rank,unavailable
duplicate,legacy,wider-double,width_spectrum_rank,,12,==,fit.width_spectrum.rank,unavailable
duplicate,legacy,wider-double,profile_jacobian_spectrum_rank,,12,==,fit.profile_jacobian_spectrum.rank,unavailable
duplicate,legacy,wider-double,legacy_local_correction,,1e-10,<=,fit.local_correction_inf,unavailable
duplicate,legacy,mixed-double,primary_feasible,True,True,==,fit.primary.feasible,pass
duplicate,legacy,mixed-double,primary_projected_kkt,1.8735013540549517e-16,1e-10,<=,fit.primary.projected_kkt,pass
duplicate,legacy,mixed-double,primary_b_gradient_inf,6.421315401127136e-17,1e-12,<=,fit.primary.b_gradient_inf,pass
duplicate,legacy,mixed-double,reference_feasible,True,True,==,fit.reference.feasible,pass
duplicate,legacy,mixed-double,reference_projected_kkt,1.7208456881689926e-15,1e-10,<=,fit.reference.projected_kkt,pass
duplicate,legacy,mixed-double,reference_b_gradient_inf,7.385977297766756e-16,1e-12,<=,fit.reference.b_gradient_inf,pass
duplicate,legacy,mixed-double,coefficient_agreement,5.215393206855096e-14,1e-10,<=,fit.scaled_reference_difference,pass
duplicate,legacy,mixed-double,design_spectrum_rank,24,24,==,fit.design_spectrum.rank,pass
duplicate,legacy,mixed-double,width_spectrum_rank,11,12,==,fit.width_spectrum.rank,fail
duplicate,legacy,mixed-double,profile_jacobian_spectrum_rank,11,12,==,fit.profile_jacobian_spectrum.rank,fail
duplicate,legacy,mixed-double,legacy_local_correction,3.7911072245103997e-16,1e-10,<=,fit.local_correction_inf,pass
duplicate,legacy,mixed-double,direction_0_estimated_relative_error,,1e-07,<=,audit.ladders.0.estimated_relative_error,unavailable
duplicate,legacy,mixed-double,direction_0_first_relative_error,,1e-06,<=,audit.ladders.0.first_relative_error,unavailable
duplicate,legacy,mixed-double,direction_0_second_relative_error,,1e-06,<=,audit.ladders.0.second_relative_error,unavailable
duplicate,legacy,mixed-double,direction_1_estimated_relative_error,,1e-07,<=,audit.ladders.1.estimated_relative_error,unavailable
duplicate,legacy,mixed-double,direction_1_first_relative_error,,1e-06,<=,audit.ladders.1.first_relative_error,unavailable
duplicate,legacy,mixed-double,direction_1_second_relative_error,,1e-06,<=,audit.ladders.1.second_relative_error,unavailable
duplicate,legacy,mixed-double,direction_2_estimated_relative_error,,1e-07,<=,audit.ladders.2.estimated_relative_error,unavailable
duplicate,legacy,mixed-double,direction_2_first_relative_error,,1e-06,<=,audit.ladders.2.first_relative_error,unavailable
duplicate,legacy,mixed-double,direction_2_second_relative_error,,1e-06,<=,audit.ladders.2.second_relative_error,unavailable
duplicate,legacy,first-stage-float32,primary_feasible,True,True,==,fit.primary.feasible,pass
duplicate,legacy,first-stage-float32,primary_projected_kkt,0.6905920167030685,1e-10,<=,fit.primary.projected_kkt,fail
duplicate,legacy,first-stage-float32,primary_b_gradient_inf,,1e-12,<=,fit.primary.b_gradient_inf,unavailable
duplicate,legacy,first-stage-float32,reference_feasible,True,True,==,fit.reference.feasible,pass
duplicate,legacy,first-stage-float32,reference_projected_kkt,0.6905920167030685,1e-10,<=,fit.reference.projected_kkt,fail
duplicate,legacy,first-stage-float32,reference_b_gradient_inf,,1e-12,<=,fit.reference.b_gradient_inf,unavailable
duplicate,legacy,first-stage-float32,coefficient_agreement,,1e-10,<=,fit.scaled_reference_difference,unavailable
duplicate,legacy,first-stage-float32,design_spectrum_rank,,24,==,fit.design_spectrum.rank,unavailable
duplicate,legacy,first-stage-float32,width_spectrum_rank,,12,==,fit.width_spectrum.rank,unavailable
duplicate,legacy,first-stage-float32,profile_jacobian_spectrum_rank,,12,==,fit.profile_jacobian_spectrum.rank,unavailable
duplicate,legacy,first-stage-float32,legacy_local_correction,,1e-10,<=,fit.local_correction_inf,unavailable
duplicate,legacy,narrower-float32,primary_feasible,True,True,==,fit.primary.feasible,pass
duplicate,legacy,narrower-float32,primary_projected_kkt,0.6939484452656175,1e-10,<=,fit.primary.projected_kkt,fail
duplicate,legacy,narrower-float32,primary_b_gradient_inf,,1e-12,<=,fit.primary.b_gradient_inf,unavailable
duplicate,legacy,narrower-float32,reference_feasible,True,True,==,fit.reference.feasible,pass
duplicate,legacy,narrower-float32,reference_projected_kkt,0.6939484452656175,1e-10,<=,fit.reference.projected_kkt,fail
duplicate,legacy,narrower-float32,reference_b_gradient_inf,,1e-12,<=,fit.reference.b_gradient_inf,unavailable
duplicate,legacy,narrower-float32,coefficient_agreement,,1e-10,<=,fit.scaled_reference_difference,unavailable
duplicate,legacy,narrower-float32,design_spectrum_rank,,24,==,fit.design_spectrum.rank,unavailable
duplicate,legacy,narrower-float32,width_spectrum_rank,,12,==,fit.width_spectrum.rank,unavailable
duplicate,legacy,narrower-float32,profile_jacobian_spectrum_rank,,12,==,fit.profile_jacobian_spectrum.rank,unavailable
duplicate,legacy,narrower-float32,legacy_local_correction,,1e-10,<=,fit.local_correction_inf,unavailable
duplicate,legacy,wider-float32,primary_feasible,True,True,==,fit.primary.feasible,pass
duplicate,legacy,wider-float32,primary_projected_kkt,0.6852169516722786,1e-10,<=,fit.primary.projected_kkt,fail
duplicate,legacy,wider-float32,primary_b_gradient_inf,,1e-12,<=,fit.primary.b_gradient_inf,unavailable
duplicate,legacy,wider-float32,reference_feasible,True,True,==,fit.reference.feasible,pass
duplicate,legacy,wider-float32,reference_projected_kkt,0.6852169516722786,1e-10,<=,fit.reference.projected_kkt,fail
duplicate,legacy,wider-float32,reference_b_gradient_inf,,1e-12,<=,fit.reference.b_gradient_inf,unavailable
duplicate,legacy,wider-float32,coefficient_agreement,,1e-10,<=,fit.scaled_reference_difference,unavailable
duplicate,legacy,wider-float32,design_spectrum_rank,,24,==,fit.design_spectrum.rank,unavailable
duplicate,legacy,wider-float32,width_spectrum_rank,,12,==,fit.width_spectrum.rank,unavailable
duplicate,legacy,wider-float32,profile_jacobian_spectrum_rank,,12,==,fit.profile_jacobian_spectrum.rank,unavailable
duplicate,legacy,wider-float32,legacy_local_correction,,1e-10,<=,fit.local_correction_inf,unavailable
duplicate,legacy,mixed-float32,primary_feasible,True,True,==,fit.primary.feasible,pass
duplicate,legacy,mixed-float32,primary_projected_kkt,1.942890293094024e-16,1e-10,<=,fit.primary.projected_kkt,pass
duplicate,legacy,mixed-float32,primary_b_gradient_inf,3.0069889305090442e-15,1e-12,<=,fit.primary.b_gradient_inf,pass
duplicate,legacy,mixed-float32,reference_feasible,True,True,==,fit.reference.feasible,pass
duplicate,legacy,mixed-float32,reference_projected_kkt,1.304512053934559e-15,1e-10,<=,fit.reference.projected_kkt,pass
duplicate,legacy,mixed-float32,reference_b_gradient_inf,3.4189533886995043e-15,1e-12,<=,fit.reference.b_gradient_inf,pass
duplicate,legacy,mixed-float32,coefficient_agreement,4.4909128103514896e-13,1e-10,<=,fit.scaled_reference_difference,pass
duplicate,legacy,mixed-float32,design_spectrum_rank,24,24,==,fit.design_spectrum.rank,pass
duplicate,legacy,mixed-float32,width_spectrum_rank,11,12,==,fit.width_spectrum.rank,fail
duplicate,legacy,mixed-float32,profile_jacobian_spectrum_rank,11,12,==,fit.profile_jacobian_spectrum.rank,fail
duplicate,legacy,mixed-float32,legacy_local_correction,7.372166739249822e-14,1e-10,<=,fit.local_correction_inf,pass
duplicate,legacy,mixed-float32,direction_0_estimated_relative_error,,1e-07,<=,audit.ladders.0.estimated_relative_error,unavailable
duplicate,legacy,mixed-float32,direction_0_first_relative_error,,1e-06,<=,audit.ladders.0.first_relative_error,unavailable
duplicate,legacy,mixed-float32,direction_0_second_relative_error,,1e-06,<=,audit.ladders.0.second_relative_error,unavailable
duplicate,legacy,mixed-float32,direction_1_estimated_relative_error,,1e-07,<=,audit.ladders.1.estimated_relative_error,unavailable
duplicate,legacy,mixed-float32,direction_1_first_relative_error,,1e-06,<=,audit.ladders.1.first_relative_error,unavailable
duplicate,legacy,mixed-float32,direction_1_second_relative_error,,1e-06,<=,audit.ladders.1.second_relative_error,unavailable
duplicate,legacy,mixed-float32,direction_2_estimated_relative_error,2.3186961967089736,1e-07,<=,audit.ladders.2.estimated_relative_error,fail
duplicate,legacy,mixed-float32,direction_2_first_relative_error,0.2536283644016285,1e-06,<=,audit.ladders.2.first_relative_error,fail
duplicate,legacy,mixed-float32,direction_2_second_relative_error,0.5696300783952385,1e-06,<=,audit.ladders.2.second_relative_error,fail
duplicate,guarded,first-stage-double,primary_feasible,True,True,==,fit.primary.feasible,pass
duplicate,guarded,first-stage-double,primary_projected_kkt,0.690592017449787,1e-10,<=,fit.primary.projected_kkt,fail
duplicate,guarded,first-stage-double,primary_b_gradient_inf,,1e-12,<=,fit.primary.b_gradient_inf,unavailable
duplicate,guarded,first-stage-double,reference_feasible,True,True,==,fit.reference.feasible,pass
duplicate,guarded,first-stage-double,reference_projected_kkt,0.690592017449787,1e-10,<=,fit.reference.projected_kkt,fail
duplicate,guarded,first-stage-double,reference_b_gradient_inf,,1e-12,<=,fit.reference.b_gradient_inf,unavailable
duplicate,guarded,first-stage-double,coefficient_agreement,,1e-10,<=,fit.scaled_reference_difference,unavailable
duplicate,guarded,first-stage-double,design_spectrum_rank,,24,==,fit.design_spectrum.rank,unavailable
duplicate,guarded,first-stage-double,width_spectrum_rank,,12,==,fit.width_spectrum.rank,unavailable
duplicate,guarded,first-stage-double,profile_jacobian_spectrum_rank,,12,==,fit.profile_jacobian_spectrum.rank,unavailable
duplicate,guarded,first-stage-double,legacy_local_correction,,1e-10,<=,fit.local_correction_inf,unavailable
duplicate,guarded,narrower-double,primary_feasible,True,True,==,fit.primary.feasible,pass
duplicate,guarded,narrower-double,primary_projected_kkt,0.6939484460682802,1e-10,<=,fit.primary.projected_kkt,fail
duplicate,guarded,narrower-double,primary_b_gradient_inf,,1e-12,<=,fit.primary.b_gradient_inf,unavailable
duplicate,guarded,narrower-double,reference_feasible,True,True,==,fit.reference.feasible,pass
duplicate,guarded,narrower-double,reference_projected_kkt,0.6939484460682802,1e-10,<=,fit.reference.projected_kkt,fail
duplicate,guarded,narrower-double,reference_b_gradient_inf,,1e-12,<=,fit.reference.b_gradient_inf,unavailable
duplicate,guarded,narrower-double,coefficient_agreement,,1e-10,<=,fit.scaled_reference_difference,unavailable
duplicate,guarded,narrower-double,design_spectrum_rank,,24,==,fit.design_spectrum.rank,unavailable
duplicate,guarded,narrower-double,width_spectrum_rank,,12,==,fit.width_spectrum.rank,unavailable
duplicate,guarded,narrower-double,profile_jacobian_spectrum_rank,,12,==,fit.profile_jacobian_spectrum.rank,unavailable
duplicate,guarded,narrower-double,legacy_local_correction,,1e-10,<=,fit.local_correction_inf,unavailable
duplicate,guarded,wider-double,primary_feasible,True,True,==,fit.primary.feasible,pass
duplicate,guarded,wider-double,primary_projected_kkt,0.6852169523674284,1e-10,<=,fit.primary.projected_kkt,fail
duplicate,guarded,wider-double,primary_b_gradient_inf,,1e-12,<=,fit.primary.b_gradient_inf,unavailable
duplicate,guarded,wider-double,reference_feasible,True,True,==,fit.reference.feasible,pass
duplicate,guarded,wider-double,reference_projected_kkt,0.6852169523674284,1e-10,<=,fit.reference.projected_kkt,fail
duplicate,guarded,wider-double,reference_b_gradient_inf,,1e-12,<=,fit.reference.b_gradient_inf,unavailable
duplicate,guarded,wider-double,coefficient_agreement,,1e-10,<=,fit.scaled_reference_difference,unavailable
duplicate,guarded,wider-double,design_spectrum_rank,,24,==,fit.design_spectrum.rank,unavailable
duplicate,guarded,wider-double,width_spectrum_rank,,12,==,fit.width_spectrum.rank,unavailable
duplicate,guarded,wider-double,profile_jacobian_spectrum_rank,,12,==,fit.profile_jacobian_spectrum.rank,unavailable
duplicate,guarded,wider-double,legacy_local_correction,,1e-10,<=,fit.local_correction_inf,unavailable
duplicate,guarded,mixed-double,primary_feasible,True,True,==,fit.primary.feasible,pass
duplicate,guarded,mixed-double,primary_projected_kkt,1.8735013540549517e-16,1e-10,<=,fit.primary.projected_kkt,pass
duplicate,guarded,mixed-double,primary_b_gradient_inf,6.421315401127136e-17,1e-12,<=,fit.primary.b_gradient_inf,pass
duplicate,guarded,mixed-double,reference_feasible,True,True,==,fit.reference.feasible,pass
duplicate,guarded,mixed-double,reference_projected_kkt,1.7208456881689926e-15,1e-10,<=,fit.reference.projected_kkt,pass
duplicate,guarded,mixed-double,reference_b_gradient_inf,7.385977297766756e-16,1e-12,<=,fit.reference.b_gradient_inf,pass
duplicate,guarded,mixed-double,coefficient_agreement,5.215393206855096e-14,1e-10,<=,fit.scaled_reference_difference,pass
duplicate,guarded,mixed-double,design_spectrum_rank,24,24,==,fit.design_spectrum.rank,pass
duplicate,guarded,mixed-double,width_spectrum_rank,11,12,==,fit.width_spectrum.rank,fail
duplicate,guarded,mixed-double,profile_jacobian_spectrum_rank,11,12,==,fit.profile_jacobian_spectrum.rank,fail
duplicate,guarded,mixed-double,legacy_local_correction,3.7911072245103997e-16,1e-10,<=,fit.local_correction_inf,pass
duplicate,guarded,mixed-double,direction_0_estimated_relative_error,,1e-07,<=,audit.ladders.0.estimated_relative_error,unavailable
duplicate,guarded,mixed-double,direction_0_first_relative_error,,1e-06,<=,audit.ladders.0.first_relative_error,unavailable
duplicate,guarded,mixed-double,direction_0_second_relative_error,,1e-06,<=,audit.ladders.0.second_relative_error,unavailable
duplicate,guarded,mixed-double,direction_1_estimated_relative_error,,1e-07,<=,audit.ladders.1.estimated_relative_error,unavailable
duplicate,guarded,mixed-double,direction_1_first_relative_error,,1e-06,<=,audit.ladders.1.first_relative_error,unavailable
duplicate,guarded,mixed-double,direction_1_second_relative_error,,1e-06,<=,audit.ladders.1.second_relative_error,unavailable
duplicate,guarded,mixed-double,direction_2_estimated_relative_error,,1e-07,<=,audit.ladders.2.estimated_relative_error,unavailable
duplicate,guarded,mixed-double,direction_2_first_relative_error,,1e-06,<=,audit.ladders.2.first_relative_error,unavailable
duplicate,guarded,mixed-double,direction_2_second_relative_error,,1e-06,<=,audit.ladders.2.second_relative_error,unavailable
duplicate,guarded,first-stage-float32,primary_feasible,True,True,==,fit.primary.feasible,pass
duplicate,guarded,first-stage-float32,primary_projected_kkt,0.6905920167030685,1e-10,<=,fit.primary.projected_kkt,fail
duplicate,guarded,first-stage-float32,primary_b_gradient_inf,,1e-12,<=,fit.primary.b_gradient_inf,unavailable
duplicate,guarded,first-stage-float32,reference_feasible,True,True,==,fit.reference.feasible,pass
duplicate,guarded,first-stage-float32,reference_projected_kkt,0.6905920167030685,1e-10,<=,fit.reference.projected_kkt,fail
duplicate,guarded,first-stage-float32,reference_b_gradient_inf,,1e-12,<=,fit.reference.b_gradient_inf,unavailable
duplicate,guarded,first-stage-float32,coefficient_agreement,,1e-10,<=,fit.scaled_reference_difference,unavailable
duplicate,guarded,first-stage-float32,design_spectrum_rank,,24,==,fit.design_spectrum.rank,unavailable
duplicate,guarded,first-stage-float32,width_spectrum_rank,,12,==,fit.width_spectrum.rank,unavailable
duplicate,guarded,first-stage-float32,profile_jacobian_spectrum_rank,,12,==,fit.profile_jacobian_spectrum.rank,unavailable
duplicate,guarded,first-stage-float32,legacy_local_correction,,1e-10,<=,fit.local_correction_inf,unavailable
duplicate,guarded,narrower-float32,primary_feasible,True,True,==,fit.primary.feasible,pass
duplicate,guarded,narrower-float32,primary_projected_kkt,0.6939484452656175,1e-10,<=,fit.primary.projected_kkt,fail
duplicate,guarded,narrower-float32,primary_b_gradient_inf,,1e-12,<=,fit.primary.b_gradient_inf,unavailable
duplicate,guarded,narrower-float32,reference_feasible,True,True,==,fit.reference.feasible,pass
duplicate,guarded,narrower-float32,reference_projected_kkt,0.6939484452656175,1e-10,<=,fit.reference.projected_kkt,fail
duplicate,guarded,narrower-float32,reference_b_gradient_inf,,1e-12,<=,fit.reference.b_gradient_inf,unavailable
duplicate,guarded,narrower-float32,coefficient_agreement,,1e-10,<=,fit.scaled_reference_difference,unavailable
duplicate,guarded,narrower-float32,design_spectrum_rank,,24,==,fit.design_spectrum.rank,unavailable
duplicate,guarded,narrower-float32,width_spectrum_rank,,12,==,fit.width_spectrum.rank,unavailable
duplicate,guarded,narrower-float32,profile_jacobian_spectrum_rank,,12,==,fit.profile_jacobian_spectrum.rank,unavailable
duplicate,guarded,narrower-float32,legacy_local_correction,,1e-10,<=,fit.local_correction_inf,unavailable
duplicate,guarded,wider-float32,primary_feasible,True,True,==,fit.primary.feasible,pass
duplicate,guarded,wider-float32,primary_projected_kkt,0.6852169516722786,1e-10,<=,fit.primary.projected_kkt,fail
duplicate,guarded,wider-float32,primary_b_gradient_inf,,1e-12,<=,fit.primary.b_gradient_inf,unavailable
duplicate,guarded,wider-float32,reference_feasible,True,True,==,fit.reference.feasible,pass
duplicate,guarded,wider-float32,reference_projected_kkt,0.6852169516722786,1e-10,<=,fit.reference.projected_kkt,fail
duplicate,guarded,wider-float32,reference_b_gradient_inf,,1e-12,<=,fit.reference.b_gradient_inf,unavailable
duplicate,guarded,wider-float32,coefficient_agreement,,1e-10,<=,fit.scaled_reference_difference,unavailable
duplicate,guarded,wider-float32,design_spectrum_rank,,24,==,fit.design_spectrum.rank,unavailable
duplicate,guarded,wider-float32,width_spectrum_rank,,12,==,fit.width_spectrum.rank,unavailable
duplicate,guarded,wider-float32,profile_jacobian_spectrum_rank,,12,==,fit.profile_jacobian_spectrum.rank,unavailable
duplicate,guarded,wider-float32,legacy_local_correction,,1e-10,<=,fit.local_correction_inf,unavailable
duplicate,guarded,mixed-float32,primary_feasible,True,True,==,fit.primary.feasible,pass
duplicate,guarded,mixed-float32,primary_projected_kkt,1.942890293094024e-16,1e-10,<=,fit.primary.projected_kkt,pass
duplicate,guarded,mixed-float32,primary_b_gradient_inf,3.0069889305090442e-15,1e-12,<=,fit.primary.b_gradient_inf,pass
duplicate,guarded,mixed-float32,reference_feasible,True,True,==,fit.reference.feasible,pass
duplicate,guarded,mixed-float32,reference_projected_kkt,1.304512053934559e-15,1e-10,<=,fit.reference.projected_kkt,pass
duplicate,guarded,mixed-float32,reference_b_gradient_inf,3.4189533886995043e-15,1e-12,<=,fit.reference.b_gradient_inf,pass
duplicate,guarded,mixed-float32,coefficient_agreement,4.4909128103514896e-13,1e-10,<=,fit.scaled_reference_difference,pass
duplicate,guarded,mixed-float32,design_spectrum_rank,24,24,==,fit.design_spectrum.rank,pass
duplicate,guarded,mixed-float32,width_spectrum_rank,11,12,==,fit.width_spectrum.rank,fail
duplicate,guarded,mixed-float32,profile_jacobian_spectrum_rank,11,12,==,fit.profile_jacobian_spectrum.rank,fail
duplicate,guarded,mixed-float32,legacy_local_correction,7.372166739249822e-14,1e-10,<=,fit.local_correction_inf,pass
duplicate,guarded,mixed-float32,direction_0_estimated_relative_error,,1e-07,<=,audit.ladders.0.estimated_relative_error,unavailable
duplicate,guarded,mixed-float32,direction_0_first_relative_error,,1e-06,<=,audit.ladders.0.first_relative_error,unavailable
duplicate,guarded,mixed-float32,direction_0_second_relative_error,,1e-06,<=,audit.ladders.0.second_relative_error,unavailable
duplicate,guarded,mixed-float32,direction_1_estimated_relative_error,,1e-07,<=,audit.ladders.1.estimated_relative_error,unavailable
duplicate,guarded,mixed-float32,direction_1_first_relative_error,,1e-06,<=,audit.ladders.1.first_relative_error,unavailable
duplicate,guarded,mixed-float32,direction_1_second_relative_error,,1e-06,<=,audit.ladders.1.second_relative_error,unavailable
duplicate,guarded,mixed-float32,direction_2_estimated_relative_error,2.3186961967089736,1e-07,<=,audit.ladders.2.estimated_relative_error,fail
duplicate,guarded,mixed-float32,direction_2_first_relative_error,0.2536283644016285,1e-06,<=,audit.ladders.2.first_relative_error,fail
duplicate,guarded,mixed-float32,direction_2_second_relative_error,0.5696300783952385,1e-06,<=,audit.ladders.2.second_relative_error,fail
duplicate,guarded-log,first-stage-double,primary_feasible,True,True,==,fit.primary.feasible,pass
duplicate,guarded-log,first-stage-double,primary_projected_kkt,0.690592017449787,1e-10,<=,fit.primary.projected_kkt,fail
duplicate,guarded-log,first-stage-double,primary_b_gradient_inf,,1e-12,<=,fit.primary.b_gradient_inf,unavailable
duplicate,guarded-log,first-stage-double,reference_feasible,True,True,==,fit.reference.feasible,pass
duplicate,guarded-log,first-stage-double,reference_projected_kkt,0.690592017449787,1e-10,<=,fit.reference.projected_kkt,fail
duplicate,guarded-log,first-stage-double,reference_b_gradient_inf,,1e-12,<=,fit.reference.b_gradient_inf,unavailable
duplicate,guarded-log,first-stage-double,coefficient_agreement,,1e-10,<=,fit.scaled_reference_difference,unavailable
duplicate,guarded-log,first-stage-double,design_spectrum_rank,,24,==,fit.design_spectrum.rank,unavailable
duplicate,guarded-log,first-stage-double,width_spectrum_rank,,12,==,fit.width_spectrum.rank,unavailable
duplicate,guarded-log,first-stage-double,profile_jacobian_spectrum_rank,,12,==,fit.profile_jacobian_spectrum.rank,unavailable
duplicate,guarded-log,first-stage-double,legacy_local_correction,,1e-10,<=,fit.local_correction_inf,unavailable
duplicate,guarded-log,narrower-double,primary_feasible,True,True,==,fit.primary.feasible,pass
duplicate,guarded-log,narrower-double,primary_projected_kkt,0.6939484460682802,1e-10,<=,fit.primary.projected_kkt,fail
duplicate,guarded-log,narrower-double,primary_b_gradient_inf,,1e-12,<=,fit.primary.b_gradient_inf,unavailable
duplicate,guarded-log,narrower-double,reference_feasible,True,True,==,fit.reference.feasible,pass
duplicate,guarded-log,narrower-double,reference_projected_kkt,0.6939484460682802,1e-10,<=,fit.reference.projected_kkt,fail
duplicate,guarded-log,narrower-double,reference_b_gradient_inf,,1e-12,<=,fit.reference.b_gradient_inf,unavailable
duplicate,guarded-log,narrower-double,coefficient_agreement,,1e-10,<=,fit.scaled_reference_difference,unavailable
duplicate,guarded-log,narrower-double,design_spectrum_rank,,24,==,fit.design_spectrum.rank,unavailable
duplicate,guarded-log,narrower-double,width_spectrum_rank,,12,==,fit.width_spectrum.rank,unavailable
duplicate,guarded-log,narrower-double,profile_jacobian_spectrum_rank,,12,==,fit.profile_jacobian_spectrum.rank,unavailable
duplicate,guarded-log,narrower-double,legacy_local_correction,,1e-10,<=,fit.local_correction_inf,unavailable
duplicate,guarded-log,wider-double,primary_feasible,True,True,==,fit.primary.feasible,pass
duplicate,guarded-log,wider-double,primary_projected_kkt,0.6852169523674284,1e-10,<=,fit.primary.projected_kkt,fail
duplicate,guarded-log,wider-double,primary_b_gradient_inf,,1e-12,<=,fit.primary.b_gradient_inf,unavailable
duplicate,guarded-log,wider-double,reference_feasible,True,True,==,fit.reference.feasible,pass
duplicate,guarded-log,wider-double,reference_projected_kkt,0.6852169523674284,1e-10,<=,fit.reference.projected_kkt,fail
duplicate,guarded-log,wider-double,reference_b_gradient_inf,,1e-12,<=,fit.reference.b_gradient_inf,unavailable
duplicate,guarded-log,wider-double,coefficient_agreement,,1e-10,<=,fit.scaled_reference_difference,unavailable
duplicate,guarded-log,wider-double,design_spectrum_rank,,24,==,fit.design_spectrum.rank,unavailable
duplicate,guarded-log,wider-double,width_spectrum_rank,,12,==,fit.width_spectrum.rank,unavailable
duplicate,guarded-log,wider-double,profile_jacobian_spectrum_rank,,12,==,fit.profile_jacobian_spectrum.rank,unavailable
duplicate,guarded-log,wider-double,legacy_local_correction,,1e-10,<=,fit.local_correction_inf,unavailable
duplicate,guarded-log,mixed-double,primary_feasible,True,True,==,fit.primary.feasible,pass
duplicate,guarded-log,mixed-double,primary_projected_kkt,1.980384787997468e-16,1e-10,<=,fit.primary.projected_kkt,pass
duplicate,guarded-log,mixed-double,primary_b_gradient_inf,1.1514402394233928e-16,1e-12,<=,fit.primary.b_gradient_inf,pass
duplicate,guarded-log,mixed-double,reference_feasible,True,True,==,fit.reference.feasible,pass
duplicate,guarded-log,mixed-double,reference_projected_kkt,9.575673587391975e-16,1e-10,<=,fit.reference.projected_kkt,pass
duplicate,guarded-log,mixed-double,reference_b_gradient_inf,3.344648514465926e-16,1e-12,<=,fit.reference.b_gradient_inf,pass
duplicate,guarded-log,mixed-double,coefficient_agreement,4.227078120408356e-13,1e-10,<=,fit.scaled_reference_difference,pass
duplicate,guarded-log,mixed-double,design_spectrum_rank,24,24,==,fit.design_spectrum.rank,pass
duplicate,guarded-log,mixed-double,width_spectrum_rank,11,12,==,fit.width_spectrum.rank,fail
duplicate,guarded-log,mixed-double,profile_jacobian_spectrum_rank,11,12,==,fit.profile_jacobian_spectrum.rank,fail
duplicate,guarded-log,mixed-double,legacy_local_correction,3.1083682805354125e-16,1e-10,<=,fit.local_correction_inf,pass
duplicate,guarded-log,mixed-double,direction_0_estimated_relative_error,,1e-07,<=,audit.ladders.0.estimated_relative_error,unavailable
duplicate,guarded-log,mixed-double,direction_0_first_relative_error,,1e-06,<=,audit.ladders.0.first_relative_error,unavailable
duplicate,guarded-log,mixed-double,direction_0_second_relative_error,,1e-06,<=,audit.ladders.0.second_relative_error,unavailable
duplicate,guarded-log,mixed-double,direction_1_estimated_relative_error,,1e-07,<=,audit.ladders.1.estimated_relative_error,unavailable
duplicate,guarded-log,mixed-double,direction_1_first_relative_error,,1e-06,<=,audit.ladders.1.first_relative_error,unavailable
duplicate,guarded-log,mixed-double,direction_1_second_relative_error,,1e-06,<=,audit.ladders.1.second_relative_error,unavailable
duplicate,guarded-log,mixed-double,direction_2_estimated_relative_error,,1e-07,<=,audit.ladders.2.estimated_relative_error,unavailable
duplicate,guarded-log,mixed-double,direction_2_first_relative_error,,1e-06,<=,audit.ladders.2.first_relative_error,unavailable
duplicate,guarded-log,mixed-double,direction_2_second_relative_error,,1e-06,<=,audit.ladders.2.second_relative_error,unavailable
duplicate,guarded-log,first-stage-float32,primary_feasible,True,True,==,fit.primary.feasible,pass
duplicate,guarded-log,first-stage-float32,primary_projected_kkt,0.6905920167030685,1e-10,<=,fit.primary.projected_kkt,fail
duplicate,guarded-log,first-stage-float32,primary_b_gradient_inf,,1e-12,<=,fit.primary.b_gradient_inf,unavailable
duplicate,guarded-log,first-stage-float32,reference_feasible,True,True,==,fit.reference.feasible,pass
duplicate,guarded-log,first-stage-float32,reference_projected_kkt,0.6905920167030685,1e-10,<=,fit.reference.projected_kkt,fail
duplicate,guarded-log,first-stage-float32,reference_b_gradient_inf,,1e-12,<=,fit.reference.b_gradient_inf,unavailable
duplicate,guarded-log,first-stage-float32,coefficient_agreement,,1e-10,<=,fit.scaled_reference_difference,unavailable
duplicate,guarded-log,first-stage-float32,design_spectrum_rank,,24,==,fit.design_spectrum.rank,unavailable
duplicate,guarded-log,first-stage-float32,width_spectrum_rank,,12,==,fit.width_spectrum.rank,unavailable
duplicate,guarded-log,first-stage-float32,profile_jacobian_spectrum_rank,,12,==,fit.profile_jacobian_spectrum.rank,unavailable
duplicate,guarded-log,first-stage-float32,legacy_local_correction,,1e-10,<=,fit.local_correction_inf,unavailable
duplicate,guarded-log,narrower-float32,primary_feasible,True,True,==,fit.primary.feasible,pass
duplicate,guarded-log,narrower-float32,primary_projected_kkt,0.6939484452656175,1e-10,<=,fit.primary.projected_kkt,fail
duplicate,guarded-log,narrower-float32,primary_b_gradient_inf,,1e-12,<=,fit.primary.b_gradient_inf,unavailable
duplicate,guarded-log,narrower-float32,reference_feasible,True,True,==,fit.reference.feasible,pass
duplicate,guarded-log,narrower-float32,reference_projected_kkt,0.6939484452656175,1e-10,<=,fit.reference.projected_kkt,fail
duplicate,guarded-log,narrower-float32,reference_b_gradient_inf,,1e-12,<=,fit.reference.b_gradient_inf,unavailable
duplicate,guarded-log,narrower-float32,coefficient_agreement,,1e-10,<=,fit.scaled_reference_difference,unavailable
duplicate,guarded-log,narrower-float32,design_spectrum_rank,,24,==,fit.design_spectrum.rank,unavailable
duplicate,guarded-log,narrower-float32,width_spectrum_rank,,12,==,fit.width_spectrum.rank,unavailable
duplicate,guarded-log,narrower-float32,profile_jacobian_spectrum_rank,,12,==,fit.profile_jacobian_spectrum.rank,unavailable
duplicate,guarded-log,narrower-float32,legacy_local_correction,,1e-10,<=,fit.local_correction_inf,unavailable
duplicate,guarded-log,wider-float32,primary_feasible,True,True,==,fit.primary.feasible,pass
duplicate,guarded-log,wider-float32,primary_projected_kkt,0.6852169516722786,1e-10,<=,fit.primary.projected_kkt,fail
duplicate,guarded-log,wider-float32,primary_b_gradient_inf,,1e-12,<=,fit.primary.b_gradient_inf,unavailable
duplicate,guarded-log,wider-float32,reference_feasible,True,True,==,fit.reference.feasible,pass
duplicate,guarded-log,wider-float32,reference_projected_kkt,0.6852169516722786,1e-10,<=,fit.reference.projected_kkt,fail
duplicate,guarded-log,wider-float32,reference_b_gradient_inf,,1e-12,<=,fit.reference.b_gradient_inf,unavailable
duplicate,guarded-log,wider-float32,coefficient_agreement,,1e-10,<=,fit.scaled_reference_difference,unavailable
duplicate,guarded-log,wider-float32,design_spectrum_rank,,24,==,fit.design_spectrum.rank,unavailable
duplicate,guarded-log,wider-float32,width_spectrum_rank,,12,==,fit.width_spectrum.rank,unavailable
duplicate,guarded-log,wider-float32,profile_jacobian_spectrum_rank,,12,==,fit.profile_jacobian_spectrum.rank,unavailable
duplicate,guarded-log,wider-float32,legacy_local_correction,,1e-10,<=,fit.local_correction_inf,unavailable
duplicate,guarded-log,mixed-float32,primary_feasible,True,True,==,fit.primary.feasible,pass
duplicate,guarded-log,mixed-float32,primary_projected_kkt,2.7755575615628914e-16,1e-10,<=,fit.primary.projected_kkt,pass
duplicate,guarded-log,mixed-float32,primary_b_gradient_inf,1.2793702578128625e-16,1e-12,<=,fit.primary.b_gradient_inf,pass
duplicate,guarded-log,mixed-float32,reference_feasible,True,True,==,fit.reference.feasible,pass
duplicate,guarded-log,mixed-float32,reference_projected_kkt,8.326672684688674e-16,1e-10,<=,fit.reference.projected_kkt,pass
duplicate,guarded-log,mixed-float32,reference_b_gradient_inf,3.667866865754922e-16,1e-12,<=,fit.reference.b_gradient_inf,pass
duplicate,guarded-log,mixed-float32,coefficient_agreement,3.4160708483000183e-15,1e-10,<=,fit.scaled_reference_difference,pass
duplicate,guarded-log,mixed-float32,design_spectrum_rank,24,24,==,fit.design_spectrum.rank,pass
duplicate,guarded-log,mixed-float32,width_spectrum_rank,12,12,==,fit.width_spectrum.rank,pass
duplicate,guarded-log,mixed-float32,profile_jacobian_spectrum_rank,12,12,==,fit.profile_jacobian_spectrum.rank,pass
duplicate,guarded-log,mixed-float32,legacy_local_correction,3.384857914993394e-07,1e-10,<=,fit.local_correction_inf,fail
duplicate,guarded-log,mixed-float32,direction_0_estimated_relative_error,,1e-07,<=,audit.ladders.0.estimated_relative_error,unavailable
duplicate,guarded-log,mixed-float32,direction_0_first_relative_error,,1e-06,<=,audit.ladders.0.first_relative_error,unavailable
duplicate,guarded-log,mixed-float32,direction_0_second_relative_error,,1e-06,<=,audit.ladders.0.second_relative_error,unavailable
duplicate,guarded-log,mixed-float32,direction_1_estimated_relative_error,,1e-07,<=,audit.ladders.1.estimated_relative_error,unavailable
duplicate,guarded-log,mixed-float32,direction_1_first_relative_error,,1e-06,<=,audit.ladders.1.first_relative_error,unavailable
duplicate,guarded-log,mixed-float32,direction_1_second_relative_error,,1e-06,<=,audit.ladders.1.second_relative_error,unavailable
duplicate,guarded-log,mixed-float32,direction_2_estimated_relative_error,,1e-07,<=,audit.ladders.2.estimated_relative_error,unavailable
duplicate,guarded-log,mixed-float32,direction_2_first_relative_error,,1e-06,<=,audit.ladders.2.first_relative_error,unavailable
duplicate,guarded-log,mixed-float32,direction_2_second_relative_error,,1e-06,<=,audit.ladders.2.second_relative_error,unavailable
