dataset,variant,case,phase,seconds,process_peak_rss_bytes,included_in
heterogeneous-168,legacy,first-stage-double,search,33.300968583,1167966208,fit total
heterogeneous-168,legacy,first-stage-double,endpoint_audit,27.755298917,1167966208,fit total
heterogeneous-168,legacy,first-stage-double,search reference,9.790607918,1167966208,search; RSS is search-process high-water mark
heterogeneous-168,legacy,first-stage-double,new endpoint audit,12.122517208,883261440,audit process
heterogeneous-168,legacy,first-stage-double,high precision,0,,new endpoint audit
heterogeneous-168,legacy,narrower-double,search,40.728996792,1184825344,fit total
heterogeneous-168,legacy,narrower-double,endpoint_audit,28.466625083,1184825344,fit total
heterogeneous-168,legacy,narrower-double,search reference,11.945088916000001,1184825344,search; RSS is search-process high-water mark
heterogeneous-168,legacy,narrower-double,new endpoint audit,10.6289925,975765504,audit process
heterogeneous-168,legacy,narrower-double,high precision,0,,new endpoint audit
heterogeneous-168,legacy,wider-double,search,40.720274625,1197408256,fit total
heterogeneous-168,legacy,wider-double,endpoint_audit,28.236092083,1197408256,fit total
heterogeneous-168,legacy,wider-double,search reference,11.84539904,1197408256,search; RSS is search-process high-water mark
heterogeneous-168,legacy,wider-double,new endpoint audit,11.287344083,998047744,audit process
heterogeneous-168,legacy,wider-double,high precision,0,,new endpoint audit
heterogeneous-168,legacy,mixed-double,search,38.574274667,1197408256,fit total
heterogeneous-168,legacy,mixed-double,endpoint_audit,27.77383275,1197408256,fit total
heterogeneous-168,legacy,mixed-double,search reference,10.096998249999999,1197408256,search; RSS is search-process high-water mark
heterogeneous-168,legacy,mixed-double,new endpoint audit,12.325796958,975765504,audit process
heterogeneous-168,legacy,mixed-double,high precision,0,,new endpoint audit
heterogeneous-168,legacy,first-stage-float32,search,34.189410125,1197408256,fit total
heterogeneous-168,legacy,first-stage-float32,endpoint_audit,27.812061,1197408256,fit total
heterogeneous-168,legacy,first-stage-float32,search reference,10.104979375,1197408256,search; RSS is search-process high-water mark
heterogeneous-168,legacy,first-stage-float32,new endpoint audit,11.422000417,975765504,audit process
heterogeneous-168,legacy,first-stage-float32,high precision,0,,new endpoint audit
heterogeneous-168,legacy,narrower-float32,search,40.576019709,1197408256,fit total
heterogeneous-168,legacy,narrower-float32,endpoint_audit,27.606073541,1197408256,fit total
heterogeneous-168,legacy,narrower-float32,search reference,11.7544625,1197408256,search; RSS is search-process high-water mark
heterogeneous-168,legacy,narrower-float32,new endpoint audit,11.089155875,975765504,audit process
heterogeneous-168,legacy,narrower-float32,high precision,0,,new endpoint audit
heterogeneous-168,legacy,wider-float32,search,38.064388167,1201995776,fit total
heterogeneous-168,legacy,wider-float32,endpoint_audit,26.698595375,1201995776,fit total
heterogeneous-168,legacy,wider-float32,search reference,10.046199293,1201995776,search; RSS is search-process high-water mark
heterogeneous-168,legacy,wider-float32,new endpoint audit,10.710660375,998047744,audit process
heterogeneous-168,legacy,wider-float32,high precision,0,,new endpoint audit
heterogeneous-168,legacy,mixed-float32,search,39.693419417,1201995776,fit total
heterogeneous-168,legacy,mixed-float32,endpoint_audit,27.863223958,1201995776,fit total
heterogeneous-168,legacy,mixed-float32,search reference,10.465217543,1201995776,search; RSS is search-process high-water mark
heterogeneous-168,legacy,mixed-float32,new endpoint audit,12.427353791,975765504,audit process
heterogeneous-168,legacy,mixed-float32,high precision,0,,new endpoint audit
heterogeneous-168,guarded,first-stage-double,search,34.381971125,1201995776,fit total
heterogeneous-168,guarded,first-stage-double,endpoint_audit,28.111786917,1201995776,fit total
heterogeneous-168,guarded,first-stage-double,search reference,10.328673541,1201995776,search; RSS is search-process high-water mark
heterogeneous-168,guarded,first-stage-double,new endpoint audit,0,883261440,audit process
heterogeneous-168,guarded,first-stage-double,high precision,0,,new endpoint audit
heterogeneous-168,guarded,narrower-double,search,40.7965655,1201995776,fit total
heterogeneous-168,guarded,narrower-double,endpoint_audit,28.056454375,1201995776,fit total
heterogeneous-168,guarded,narrower-double,search reference,11.886294498999998,1201995776,search; RSS is search-process high-water mark
heterogeneous-168,guarded,narrower-double,new endpoint audit,0,975765504,audit process
heterogeneous-168,guarded,narrower-double,high precision,0,,new endpoint audit
heterogeneous-168,guarded,wider-double,search,40.409886667,1201995776,fit total
heterogeneous-168,guarded,wider-double,endpoint_audit,27.963283667,1201995776,fit total
heterogeneous-168,guarded,wider-double,search reference,11.802033706,1201995776,search; RSS is search-process high-water mark
heterogeneous-168,guarded,wider-double,new endpoint audit,0,998047744,audit process
heterogeneous-168,guarded,wider-double,high precision,0,,new endpoint audit
heterogeneous-168,guarded,mixed-double,search,38.651508375,1201995776,fit total
heterogeneous-168,guarded,mixed-double,endpoint_audit,27.74436125,1201995776,fit total
heterogeneous-168,guarded,mixed-double,search reference,10.124074874,1201995776,search; RSS is search-process high-water mark
heterogeneous-168,guarded,mixed-double,new endpoint audit,0,975765504,audit process
heterogeneous-168,guarded,mixed-double,high precision,0,,new endpoint audit
heterogeneous-168,guarded,first-stage-float32,search,33.954020459,1201995776,fit total
heterogeneous-168,guarded,first-stage-float32,endpoint_audit,27.797511291,1201995776,fit total
heterogeneous-168,guarded,first-stage-float32,search reference,10.241337751,1201995776,search; RSS is search-process high-water mark
heterogeneous-168,guarded,first-stage-float32,new endpoint audit,0,975765504,audit process
heterogeneous-168,guarded,first-stage-float32,high precision,0,,new endpoint audit
heterogeneous-168,guarded,narrower-float32,search,40.353071459,1201995776,fit total
heterogeneous-168,guarded,narrower-float32,endpoint_audit,28.653510541,1201995776,fit total
heterogeneous-168,guarded,narrower-float32,search reference,11.816296126,1201995776,search; RSS is search-process high-water mark
heterogeneous-168,guarded,narrower-float32,new endpoint audit,0,975765504,audit process
heterogeneous-168,guarded,narrower-float32,high precision,0,,new endpoint audit
heterogeneous-168,guarded,wider-float32,search,40.400873375,1201995776,fit total
heterogeneous-168,guarded,wider-float32,endpoint_audit,28.014819542,1201995776,fit total
heterogeneous-168,guarded,wider-float32,search reference,10.954197751,1201995776,search; RSS is search-process high-water mark
heterogeneous-168,guarded,wider-float32,new endpoint audit,0,998047744,audit process
heterogeneous-168,guarded,wider-float32,high precision,0,,new endpoint audit
heterogeneous-168,guarded,mixed-float32,search,38.538292458,1201995776,fit total
heterogeneous-168,guarded,mixed-float32,endpoint_audit,27.859755,1201995776,fit total
heterogeneous-168,guarded,mixed-float32,search reference,10.103074791000001,1201995776,search; RSS is search-process high-water mark
heterogeneous-168,guarded,mixed-float32,new endpoint audit,0,975765504,audit process
heterogeneous-168,guarded,mixed-float32,high precision,0,,new endpoint audit
heterogeneous-168,guarded-log,first-stage-double,search,33.694569917,1201995776,fit total
heterogeneous-168,guarded-log,first-stage-double,endpoint_audit,28.289278416,1201995776,fit total
heterogeneous-168,guarded-log,first-stage-double,search reference,10.163779124,1201995776,search; RSS is search-process high-water mark
heterogeneous-168,guarded-log,first-stage-double,new endpoint audit,0,883261440,audit process
heterogeneous-168,guarded-log,first-stage-double,high precision,0,,new endpoint audit
heterogeneous-168,guarded-log,narrower-double,search,40.892880583,1201995776,fit total
heterogeneous-168,guarded-log,narrower-double,endpoint_audit,27.334771541,1201995776,fit total
heterogeneous-168,guarded-log,narrower-double,search reference,12.10191375,1201995776,search; RSS is search-process high-water mark
heterogeneous-168,guarded-log,narrower-double,new endpoint audit,10.634454083,998047744,audit process
heterogeneous-168,guarded-log,narrower-double,high precision,0,,new endpoint audit
heterogeneous-168,guarded-log,wider-double,search,39.385018667,1201995776,fit total
heterogeneous-168,guarded-log,wider-double,endpoint_audit,27.366964041,1201995776,fit total
heterogeneous-168,guarded-log,wider-double,search reference,11.584382627,1201995776,search; RSS is search-process high-water mark
heterogeneous-168,guarded-log,wider-double,new endpoint audit,10.913891291,998047744,audit process
heterogeneous-168,guarded-log,wider-double,high precision,0,,new endpoint audit
heterogeneous-168,guarded-log,mixed-double,search,39.403722458,1201995776,fit total
heterogeneous-168,guarded-log,mixed-double,endpoint_audit,28.153032417,1201995776,fit total
heterogeneous-168,guarded-log,mixed-double,search reference,11.618811834999999,1201995776,search; RSS is search-process high-water mark
heterogeneous-168,guarded-log,mixed-double,new endpoint audit,10.821109459,998047744,audit process
heterogeneous-168,guarded-log,mixed-double,high precision,0,,new endpoint audit
heterogeneous-168,guarded-log,first-stage-float32,search,34.657351167,1201995776,fit total
heterogeneous-168,guarded-log,first-stage-float32,endpoint_audit,27.629965875,1201995776,fit total
heterogeneous-168,guarded-log,first-stage-float32,search reference,10.339699417000002,1201995776,search; RSS is search-process high-water mark
heterogeneous-168,guarded-log,first-stage-float32,new endpoint audit,0,975765504,audit process
heterogeneous-168,guarded-log,first-stage-float32,high precision,0,,new endpoint audit
heterogeneous-168,guarded-log,narrower-float32,search,39.7016835,1206157312,fit total
heterogeneous-168,guarded-log,narrower-float32,endpoint_audit,27.247879417,1206157312,fit total
heterogeneous-168,guarded-log,narrower-float32,search reference,11.721790083999998,1206157312,search; RSS is search-process high-water mark
heterogeneous-168,guarded-log,narrower-float32,new endpoint audit,10.765723292,998047744,audit process
heterogeneous-168,guarded-log,narrower-float32,high precision,0,,new endpoint audit
heterogeneous-168,guarded-log,wider-float32,search,38.978474792,1206157312,fit total
heterogeneous-168,guarded-log,wider-float32,endpoint_audit,27.082235917,1206157312,fit total
heterogeneous-168,guarded-log,wider-float32,search reference,11.511932834,1206157312,search; RSS is search-process high-water mark
heterogeneous-168,guarded-log,wider-float32,new endpoint audit,11.118221042,998047744,audit process
heterogeneous-168,guarded-log,wider-float32,high precision,0,,new endpoint audit
heterogeneous-168,guarded-log,mixed-float32,search,37.346887417,1206157312,fit total
heterogeneous-168,guarded-log,mixed-float32,endpoint_audit,27.405935084,1206157312,fit total
heterogeneous-168,guarded-log,mixed-float32,search reference,9.854930042,1206157312,search; RSS is search-process high-water mark
heterogeneous-168,guarded-log,mixed-float32,new endpoint audit,11.28449825,998047744,audit process
heterogeneous-168,guarded-log,mixed-float32,high precision,0,,new endpoint audit
baseline,legacy,first-stage-double,search,0.084779958,1206157312,fit total
baseline,legacy,first-stage-double,endpoint_audit,0.061745583,1206157312,fit total
baseline,legacy,first-stage-double,search reference,0.038078456000000004,1206157312,search; RSS is search-process high-water mark
baseline,legacy,first-stage-double,new endpoint audit,20.054611709,134283264,audit process
baseline,legacy,first-stage-double,high precision,19.222211917,129974272,new endpoint audit
baseline,legacy,narrower-double,search,0.096375709,1206157312,fit total
baseline,legacy,narrower-double,endpoint_audit,0.056937042,1206157312,fit total
baseline,legacy,narrower-double,search reference,0.042844292,1206157312,search; RSS is search-process high-water mark
baseline,legacy,narrower-double,new endpoint audit,0.030364083,135004160,audit process
baseline,legacy,narrower-double,high precision,0,,new endpoint audit
baseline,legacy,wider-double,search,0.108973375,1206157312,fit total
baseline,legacy,wider-double,endpoint_audit,0.056773583,1206157312,fit total
baseline,legacy,wider-double,search reference,0.04806271000000001,1206157312,search; RSS is search-process high-water mark
baseline,legacy,wider-double,new endpoint audit,0.025054917,135004160,audit process
baseline,legacy,wider-double,high precision,0,,new endpoint audit
baseline,legacy,mixed-double,search,0.093463042,1206157312,fit total
baseline,legacy,mixed-double,endpoint_audit,0.057526542,1206157312,fit total
baseline,legacy,mixed-double,search reference,0.0414615,1206157312,search; RSS is search-process high-water mark
baseline,legacy,mixed-double,new endpoint audit,0.015292083,135004160,audit process
baseline,legacy,mixed-double,high precision,0,,new endpoint audit
baseline,legacy,first-stage-float32,search,0.079582625,1206157312,fit total
baseline,legacy,first-stage-float32,endpoint_audit,0.056629542,1206157312,fit total
baseline,legacy,first-stage-float32,search reference,0.035554167,1206157312,search; RSS is search-process high-water mark
baseline,legacy,first-stage-float32,new endpoint audit,20.191256458,135151616,audit process
baseline,legacy,first-stage-float32,high precision,19.36261975,135151616,new endpoint audit
baseline,legacy,narrower-float32,search,0.093361791,1206157312,fit total
baseline,legacy,narrower-float32,endpoint_audit,0.05839275,1206157312,fit total
baseline,legacy,narrower-float32,search reference,0.041497917999999995,1206157312,search; RSS is search-process high-water mark
baseline,legacy,narrower-float32,new endpoint audit,0.034650042,135004160,audit process
baseline,legacy,narrower-float32,high precision,0,,new endpoint audit
baseline,legacy,wider-float32,search,0.107098959,1206157312,fit total
baseline,legacy,wider-float32,endpoint_audit,0.056311125,1206157312,fit total
baseline,legacy,wider-float32,search reference,0.047120959,1206157312,search; RSS is search-process high-water mark
baseline,legacy,wider-float32,new endpoint audit,0.028400542,135004160,audit process
baseline,legacy,wider-float32,high precision,0,,new endpoint audit
baseline,legacy,mixed-float32,search,0.093420416,1206157312,fit total
baseline,legacy,mixed-float32,endpoint_audit,0.056139834,1206157312,fit total
baseline,legacy,mixed-float32,search reference,0.041505,1206157312,search; RSS is search-process high-water mark
baseline,legacy,mixed-float32,new endpoint audit,0.0426385,135004160,audit process
baseline,legacy,mixed-float32,high precision,0,,new endpoint audit
baseline,guarded,first-stage-double,search,0.080894125,1206157312,fit total
baseline,guarded,first-stage-double,endpoint_audit,0.05565225,1206157312,fit total
baseline,guarded,first-stage-double,search reference,0.036921709,1206157312,search; RSS is search-process high-water mark
baseline,guarded,first-stage-double,new endpoint audit,0,134283264,audit process
baseline,guarded,first-stage-double,high precision,0,129974272,new endpoint audit
baseline,guarded,narrower-double,search,0.0935675,1206157312,fit total
baseline,guarded,narrower-double,endpoint_audit,0.058418625,1206157312,fit total
baseline,guarded,narrower-double,search reference,0.041841707,1206157312,search; RSS is search-process high-water mark
baseline,guarded,narrower-double,new endpoint audit,0,135004160,audit process
baseline,guarded,narrower-double,high precision,0,,new endpoint audit
baseline,guarded,wider-double,search,0.107757,1206157312,fit total
baseline,guarded,wider-double,endpoint_audit,0.055790584,1206157312,fit total
baseline,guarded,wider-double,search reference,0.04768162499999999,1206157312,search; RSS is search-process high-water mark
baseline,guarded,wider-double,new endpoint audit,0,135004160,audit process
baseline,guarded,wider-double,high precision,0,,new endpoint audit
baseline,guarded,mixed-double,search,0.092047791,1206157312,fit total
baseline,guarded,mixed-double,endpoint_audit,0.055903958,1206157312,fit total
baseline,guarded,mixed-double,search reference,0.040753249,1206157312,search; RSS is search-process high-water mark
baseline,guarded,mixed-double,new endpoint audit,0,135004160,audit process
baseline,guarded,mixed-double,high precision,0,,new endpoint audit
baseline,guarded,first-stage-float32,search,0.07880925,1206157312,fit total
baseline,guarded,first-stage-float32,endpoint_audit,0.056106042,1206157312,fit total
baseline,guarded,first-stage-float32,search reference,0.035389083,1206157312,search; RSS is search-process high-water mark
baseline,guarded,first-stage-float32,new endpoint audit,0,135151616,audit process
baseline,guarded,first-stage-float32,high precision,0,135151616,new endpoint audit
baseline,guarded,narrower-float32,search,0.094521875,1206157312,fit total
baseline,guarded,narrower-float32,endpoint_audit,0.056272958,1206157312,fit total
baseline,guarded,narrower-float32,search reference,0.042428456999999996,1206157312,search; RSS is search-process high-water mark
baseline,guarded,narrower-float32,new endpoint audit,0,135004160,audit process
baseline,guarded,narrower-float32,high precision,0,,new endpoint audit
baseline,guarded,wider-float32,search,0.107315792,1206157312,fit total
baseline,guarded,wider-float32,endpoint_audit,0.055335833,1206157312,fit total
baseline,guarded,wider-float32,search reference,0.046815582999999994,1206157312,search; RSS is search-process high-water mark
baseline,guarded,wider-float32,new endpoint audit,0,135004160,audit process
baseline,guarded,wider-float32,high precision,0,,new endpoint audit
baseline,guarded,mixed-float32,search,0.092255167,1206157312,fit total
baseline,guarded,mixed-float32,endpoint_audit,0.056488917,1206157312,fit total
baseline,guarded,mixed-float32,search reference,0.040825542,1206157312,search; RSS is search-process high-water mark
baseline,guarded,mixed-float32,new endpoint audit,0,135004160,audit process
baseline,guarded,mixed-float32,high precision,0,,new endpoint audit
baseline,guarded-log,first-stage-double,search,0.078938709,1206157312,fit total
baseline,guarded-log,first-stage-double,endpoint_audit,0.057223917,1206157312,fit total
baseline,guarded-log,first-stage-double,search reference,0.035186126,1206157312,search; RSS is search-process high-water mark
baseline,guarded-log,first-stage-double,new endpoint audit,0,134283264,audit process
baseline,guarded-log,first-stage-double,high precision,0,129974272,new endpoint audit
baseline,guarded-log,narrower-double,search,0.094706,1206157312,fit total
baseline,guarded-log,narrower-double,endpoint_audit,0.057607458,1206157312,fit total
baseline,guarded-log,narrower-double,search reference,0.042705208999999994,1206157312,search; RSS is search-process high-water mark
baseline,guarded-log,narrower-double,new endpoint audit,0.03857575,135004160,audit process
baseline,guarded-log,narrower-double,high precision,0,,new endpoint audit
baseline,guarded-log,wider-double,search,0.107381083,1206157312,fit total
baseline,guarded-log,wider-double,endpoint_audit,0.06032725,1206157312,fit total
baseline,guarded-log,wider-double,search reference,0.046981125,1206157312,search; RSS is search-process high-water mark
baseline,guarded-log,wider-double,new endpoint audit,0.021996334,135004160,audit process
baseline,guarded-log,wider-double,high precision,0,,new endpoint audit
baseline,guarded-log,mixed-double,search,0.103053792,1206157312,fit total
baseline,guarded-log,mixed-double,endpoint_audit,0.056180958,1206157312,fit total
baseline,guarded-log,mixed-double,search reference,0.044187167000000006,1206157312,search; RSS is search-process high-water mark
baseline,guarded-log,mixed-double,new endpoint audit,0.028342417,135004160,audit process
baseline,guarded-log,mixed-double,high precision,0,,new endpoint audit
baseline,guarded-log,first-stage-float32,search,0.078667708,1206157312,fit total
baseline,guarded-log,first-stage-float32,endpoint_audit,0.0549865,1206157312,fit total
baseline,guarded-log,first-stage-float32,search reference,0.035243626,1206157312,search; RSS is search-process high-water mark
baseline,guarded-log,first-stage-float32,new endpoint audit,0,135151616,audit process
baseline,guarded-log,first-stage-float32,high precision,0,135151616,new endpoint audit
baseline,guarded-log,narrower-float32,search,0.092381125,1206157312,fit total
baseline,guarded-log,narrower-float32,endpoint_audit,0.057491917,1206157312,fit total
baseline,guarded-log,narrower-float32,search reference,0.040782041000000005,1206157312,search; RSS is search-process high-water mark
baseline,guarded-log,narrower-float32,new endpoint audit,0.025337708,135004160,audit process
baseline,guarded-log,narrower-float32,high precision,0,,new endpoint audit
baseline,guarded-log,wider-float32,search,0.105971167,1206157312,fit total
baseline,guarded-log,wider-float32,endpoint_audit,0.056690625,1206157312,fit total
baseline,guarded-log,wider-float32,search reference,0.046881957,1206157312,search; RSS is search-process high-water mark
baseline,guarded-log,wider-float32,new endpoint audit,0.027639958,135004160,audit process
baseline,guarded-log,wider-float32,high precision,0,,new endpoint audit
baseline,guarded-log,mixed-float32,search,0.093301708,1206157312,fit total
baseline,guarded-log,mixed-float32,endpoint_audit,0.055999167,1206157312,fit total
baseline,guarded-log,mixed-float32,search reference,0.041273624,1206157312,search; RSS is search-process high-water mark
baseline,guarded-log,mixed-float32,new endpoint audit,0.050662416,135004160,audit process
baseline,guarded-log,mixed-float32,high precision,0,,new endpoint audit
weak-1e-2,legacy,first-stage-double,search,0.243602792,1206157312,fit total
weak-1e-2,legacy,first-stage-double,endpoint_audit,0.055801166,1206157312,fit total
weak-1e-2,legacy,first-stage-double,search reference,0.102217751,1206157312,search; RSS is search-process high-water mark
weak-1e-2,legacy,first-stage-double,new endpoint audit,0.019906167,998047744,audit process
weak-1e-2,legacy,first-stage-double,high precision,0,,new endpoint audit
weak-1e-2,legacy,narrower-double,search,0.106237542,1206157312,fit total
weak-1e-2,legacy,narrower-double,endpoint_audit,0.055689292,1206157312,fit total
weak-1e-2,legacy,narrower-double,search reference,0.046682001,1206157312,search; RSS is search-process high-water mark
weak-1e-2,legacy,narrower-double,new endpoint audit,0.015096625,998047744,audit process
weak-1e-2,legacy,narrower-double,high precision,0,,new endpoint audit
weak-1e-2,legacy,wider-double,search,0.148556833,1206157312,fit total
weak-1e-2,legacy,wider-double,endpoint_audit,0.056813416,1206157312,fit total
weak-1e-2,legacy,wider-double,search reference,0.059511833,1206157312,search; RSS is search-process high-water mark
weak-1e-2,legacy,wider-double,new endpoint audit,0.017560917,998047744,audit process
weak-1e-2,legacy,wider-double,high precision,0,,new endpoint audit
weak-1e-2,legacy,mixed-double,search,0.121250916,1206157312,fit total
weak-1e-2,legacy,mixed-double,endpoint_audit,0.056381792,1206157312,fit total
weak-1e-2,legacy,mixed-double,search reference,0.052638374999999994,1206157312,search; RSS is search-process high-water mark
weak-1e-2,legacy,mixed-double,new endpoint audit,0.017057417,998047744,audit process
weak-1e-2,legacy,mixed-double,high precision,0,,new endpoint audit
weak-1e-2,legacy,first-stage-float32,search,0.239220916,1206157312,fit total
weak-1e-2,legacy,first-stage-float32,endpoint_audit,0.055883959,1206157312,fit total
weak-1e-2,legacy,first-stage-float32,search reference,0.10054295700000002,1206157312,search; RSS is search-process high-water mark
weak-1e-2,legacy,first-stage-float32,new endpoint audit,0.0197355,998047744,audit process
weak-1e-2,legacy,first-stage-float32,high precision,0,,new endpoint audit
weak-1e-2,legacy,narrower-float32,search,0.105910417,1206157312,fit total
weak-1e-2,legacy,narrower-float32,endpoint_audit,0.055825541,1206157312,fit total
weak-1e-2,legacy,narrower-float32,search reference,0.046823917,1206157312,search; RSS is search-process high-water mark
weak-1e-2,legacy,narrower-float32,new endpoint audit,0.024634625,998047744,audit process
weak-1e-2,legacy,narrower-float32,high precision,0,,new endpoint audit
weak-1e-2,legacy,wider-float32,search,0.146255625,1206157312,fit total
weak-1e-2,legacy,wider-float32,endpoint_audit,0.055327834,1206157312,fit total
weak-1e-2,legacy,wider-float32,search reference,0.059802958,1206157312,search; RSS is search-process high-water mark
weak-1e-2,legacy,wider-float32,new endpoint audit,0.017497208,998047744,audit process
weak-1e-2,legacy,wider-float32,high precision,0,,new endpoint audit
weak-1e-2,legacy,mixed-float32,search,0.119953208,1206157312,fit total
weak-1e-2,legacy,mixed-float32,endpoint_audit,0.055310709,1206157312,fit total
weak-1e-2,legacy,mixed-float32,search reference,0.052811335,1206157312,search; RSS is search-process high-water mark
weak-1e-2,legacy,mixed-float32,new endpoint audit,0.018274125,998047744,audit process
weak-1e-2,legacy,mixed-float32,high precision,0,,new endpoint audit
weak-1e-2,guarded,first-stage-double,search,0.240212375,1206157312,fit total
weak-1e-2,guarded,first-stage-double,endpoint_audit,0.056013584,1206157312,fit total
weak-1e-2,guarded,first-stage-double,search reference,0.10140154399999998,1206157312,search; RSS is search-process high-water mark
weak-1e-2,guarded,first-stage-double,new endpoint audit,0,998047744,audit process
weak-1e-2,guarded,first-stage-double,high precision,0,,new endpoint audit
weak-1e-2,guarded,narrower-double,search,0.106459333,1206157312,fit total
weak-1e-2,guarded,narrower-double,endpoint_audit,0.055498375,1206157312,fit total
weak-1e-2,guarded,narrower-double,search reference,0.04753462700000001,1206157312,search; RSS is search-process high-water mark
weak-1e-2,guarded,narrower-double,new endpoint audit,0,998047744,audit process
weak-1e-2,guarded,narrower-double,high precision,0,,new endpoint audit
weak-1e-2,guarded,wider-double,search,0.145402833,1206157312,fit total
weak-1e-2,guarded,wider-double,endpoint_audit,0.055481667,1206157312,fit total
weak-1e-2,guarded,wider-double,search reference,0.059660958,1206157312,search; RSS is search-process high-water mark
weak-1e-2,guarded,wider-double,new endpoint audit,0,998047744,audit process
weak-1e-2,guarded,wider-double,high precision,0,,new endpoint audit
weak-1e-2,guarded,mixed-double,search,0.11955,1206157312,fit total
weak-1e-2,guarded,mixed-double,endpoint_audit,0.055148416,1206157312,fit total
weak-1e-2,guarded,mixed-double,search reference,0.052340416,1206157312,search; RSS is search-process high-water mark
weak-1e-2,guarded,mixed-double,new endpoint audit,0,998047744,audit process
weak-1e-2,guarded,mixed-double,high precision,0,,new endpoint audit
weak-1e-2,guarded,first-stage-float32,search,0.240275667,1206157312,fit total
weak-1e-2,guarded,first-stage-float32,endpoint_audit,0.056682,1206157312,fit total
weak-1e-2,guarded,first-stage-float32,search reference,0.10169029100000002,1206157312,search; RSS is search-process high-water mark
weak-1e-2,guarded,first-stage-float32,new endpoint audit,0,998047744,audit process
weak-1e-2,guarded,first-stage-float32,high precision,0,,new endpoint audit
weak-1e-2,guarded,narrower-float32,search,0.106928292,1206157312,fit total
weak-1e-2,guarded,narrower-float32,endpoint_audit,0.0566615,1206157312,fit total
weak-1e-2,guarded,narrower-float32,search reference,0.047330623999999995,1206157312,search; RSS is search-process high-water mark
weak-1e-2,guarded,narrower-float32,new endpoint audit,0,998047744,audit process
weak-1e-2,guarded,narrower-float32,high precision,0,,new endpoint audit
weak-1e-2,guarded,wider-float32,search,0.146405125,1206157312,fit total
weak-1e-2,guarded,wider-float32,endpoint_audit,0.055854209,1206157312,fit total
weak-1e-2,guarded,wider-float32,search reference,0.05970812500000001,1206157312,search; RSS is search-process high-water mark
weak-1e-2,guarded,wider-float32,new endpoint audit,0,998047744,audit process
weak-1e-2,guarded,wider-float32,high precision,0,,new endpoint audit
weak-1e-2,guarded,mixed-float32,search,0.119550792,1206157312,fit total
weak-1e-2,guarded,mixed-float32,endpoint_audit,0.055381,1206157312,fit total
weak-1e-2,guarded,mixed-float32,search reference,0.05231304,1206157312,search; RSS is search-process high-water mark
weak-1e-2,guarded,mixed-float32,new endpoint audit,0,998047744,audit process
weak-1e-2,guarded,mixed-float32,high precision,0,,new endpoint audit
weak-1e-2,guarded-log,first-stage-double,search,0.127430541,1206157312,fit total
weak-1e-2,guarded-log,first-stage-double,endpoint_audit,0.055511625,1206157312,fit total
weak-1e-2,guarded-log,first-stage-double,search reference,0.053379082999999994,1206157312,search; RSS is search-process high-water mark
weak-1e-2,guarded-log,first-stage-double,new endpoint audit,0.021052167,998047744,audit process
weak-1e-2,guarded-log,first-stage-double,high precision,0,,new endpoint audit
weak-1e-2,guarded-log,narrower-double,search,0.109116667,1206157312,fit total
weak-1e-2,guarded-log,narrower-double,endpoint_audit,0.05587825,1206157312,fit total
weak-1e-2,guarded-log,narrower-double,search reference,0.048085458,1206157312,search; RSS is search-process high-water mark
weak-1e-2,guarded-log,narrower-double,new endpoint audit,0.016694958,998047744,audit process
weak-1e-2,guarded-log,narrower-double,high precision,0,,new endpoint audit
weak-1e-2,guarded-log,wider-double,search,0.14657425,1206157312,fit total
weak-1e-2,guarded-log,wider-double,endpoint_audit,0.055655208,1206157312,fit total
weak-1e-2,guarded-log,wider-double,search reference,0.059554500999999996,1206157312,search; RSS is search-process high-water mark
weak-1e-2,guarded-log,wider-double,new endpoint audit,0.017167792,998047744,audit process
weak-1e-2,guarded-log,wider-double,high precision,0,,new endpoint audit
weak-1e-2,guarded-log,mixed-double,search,0.12094725,1206157312,fit total
weak-1e-2,guarded-log,mixed-double,endpoint_audit,0.055725708,1206157312,fit total
weak-1e-2,guarded-log,mixed-double,search reference,0.053349582,1206157312,search; RSS is search-process high-water mark
weak-1e-2,guarded-log,mixed-double,new endpoint audit,0.027186041,998047744,audit process
weak-1e-2,guarded-log,mixed-double,high precision,0,,new endpoint audit
weak-1e-2,guarded-log,first-stage-float32,search,0.1276295,1206157312,fit total
weak-1e-2,guarded-log,first-stage-float32,endpoint_audit,0.055609375,1206157312,fit total
weak-1e-2,guarded-log,first-stage-float32,search reference,0.054372375,1206157312,search; RSS is search-process high-water mark
weak-1e-2,guarded-log,first-stage-float32,new endpoint audit,0.019050792,998047744,audit process
weak-1e-2,guarded-log,first-stage-float32,high precision,0,,new endpoint audit
weak-1e-2,guarded-log,narrower-float32,search,0.107858875,1206157312,fit total
weak-1e-2,guarded-log,narrower-float32,endpoint_audit,0.056148042,1206157312,fit total
weak-1e-2,guarded-log,narrower-float32,search reference,0.047136415,1206157312,search; RSS is search-process high-water mark
weak-1e-2,guarded-log,narrower-float32,new endpoint audit,0.017205792,998047744,audit process
weak-1e-2,guarded-log,narrower-float32,high precision,0,,new endpoint audit
weak-1e-2,guarded-log,wider-float32,search,0.145899791,1206157312,fit total
weak-1e-2,guarded-log,wider-float32,endpoint_audit,0.055706458,1206157312,fit total
weak-1e-2,guarded-log,wider-float32,search reference,0.060411334,1206157312,search; RSS is search-process high-water mark
weak-1e-2,guarded-log,wider-float32,new endpoint audit,0.018145083,998047744,audit process
weak-1e-2,guarded-log,wider-float32,high precision,0,,new endpoint audit
weak-1e-2,guarded-log,mixed-float32,search,0.121408375,1206157312,fit total
weak-1e-2,guarded-log,mixed-float32,endpoint_audit,0.055913541,1206157312,fit total
weak-1e-2,guarded-log,mixed-float32,search reference,0.05347224899999999,1206157312,search; RSS is search-process high-water mark
weak-1e-2,guarded-log,mixed-float32,new endpoint audit,0.018362,998047744,audit process
weak-1e-2,guarded-log,mixed-float32,high precision,0,,new endpoint audit
weak-1e-4,legacy,first-stage-double,search,0.127653209,1206157312,fit total
weak-1e-4,legacy,first-stage-double,endpoint_audit,0.05801425,1206157312,fit total
weak-1e-4,legacy,first-stage-double,search reference,0.052940667999999996,1206157312,search; RSS is search-process high-water mark
weak-1e-4,legacy,first-stage-double,new endpoint audit,22.354646334,998047744,audit process
weak-1e-4,legacy,first-stage-double,high precision,21.35175575,998047744,new endpoint audit
weak-1e-4,legacy,narrower-double,search,0.122583,1206157312,fit total
weak-1e-4,legacy,narrower-double,endpoint_audit,0.055574916,1206157312,fit total
weak-1e-4,legacy,narrower-double,search reference,0.05354037500000001,1206157312,search; RSS is search-process high-water mark
weak-1e-4,legacy,narrower-double,new endpoint audit,20.962229042,998047744,audit process
weak-1e-4,legacy,narrower-double,high precision,20.006310625,998047744,new endpoint audit
weak-1e-4,legacy,wider-double,search,0.16264425,1206157312,fit total
weak-1e-4,legacy,wider-double,endpoint_audit,0.056542084,1206157312,fit total
weak-1e-4,legacy,wider-double,search reference,0.06658495800000001,1206157312,search; RSS is search-process high-water mark
weak-1e-4,legacy,wider-double,new endpoint audit,20.876033125,998047744,audit process
weak-1e-4,legacy,wider-double,high precision,19.998176791,998047744,new endpoint audit
weak-1e-4,legacy,mixed-double,search,0.150735542,1206157312,fit total
weak-1e-4,legacy,mixed-double,endpoint_audit,0.055194833,1206157312,fit total
weak-1e-4,legacy,mixed-double,search reference,0.064294665,1206157312,search; RSS is search-process high-water mark
weak-1e-4,legacy,mixed-double,new endpoint audit,21.438000417,998047744,audit process
weak-1e-4,legacy,mixed-double,high precision,20.561153,998047744,new endpoint audit
weak-1e-4,legacy,first-stage-float32,search,0.119700042,1206157312,fit total
weak-1e-4,legacy,first-stage-float32,endpoint_audit,0.055602166,1206157312,fit total
weak-1e-4,legacy,first-stage-float32,search reference,0.052839750000000005,1206157312,search; RSS is search-process high-water mark
weak-1e-4,legacy,first-stage-float32,new endpoint audit,21.117324459,998047744,audit process
weak-1e-4,legacy,first-stage-float32,high precision,20.232403958,998047744,new endpoint audit
weak-1e-4,legacy,narrower-float32,search,0.136602542,1206157312,fit total
weak-1e-4,legacy,narrower-float32,endpoint_audit,0.055364375,1206157312,fit total
weak-1e-4,legacy,narrower-float32,search reference,0.064253166,1206157312,search; RSS is search-process high-water mark
weak-1e-4,legacy,narrower-float32,new endpoint audit,20.80270575,998047744,audit process
weak-1e-4,legacy,narrower-float32,high precision,19.930226875,998047744,new endpoint audit
weak-1e-4,legacy,wider-float32,search,0.162221042,1206157312,fit total
weak-1e-4,legacy,wider-float32,endpoint_audit,0.05575875,1206157312,fit total
weak-1e-4,legacy,wider-float32,search reference,0.065621416,1206157312,search; RSS is search-process high-water mark
weak-1e-4,legacy,wider-float32,new endpoint audit,20.654543125,998047744,audit process
weak-1e-4,legacy,wider-float32,high precision,19.782525958,998047744,new endpoint audit
weak-1e-4,legacy,mixed-float32,search,0.152069416,1206157312,fit total
weak-1e-4,legacy,mixed-float32,endpoint_audit,0.055435416,1206157312,fit total
weak-1e-4,legacy,mixed-float32,search reference,0.070192711,1206157312,search; RSS is search-process high-water mark
weak-1e-4,legacy,mixed-float32,new endpoint audit,20.651299458,998047744,audit process
weak-1e-4,legacy,mixed-float32,high precision,19.771238708,998047744,new endpoint audit
weak-1e-4,guarded,first-stage-double,search,0.128317209,1206157312,fit total
weak-1e-4,guarded,first-stage-double,endpoint_audit,0.057231791,1206157312,fit total
weak-1e-4,guarded,first-stage-double,search reference,0.053789291,1206157312,search; RSS is search-process high-water mark
weak-1e-4,guarded,first-stage-double,new endpoint audit,0,998047744,audit process
weak-1e-4,guarded,first-stage-double,high precision,0,998047744,new endpoint audit
weak-1e-4,guarded,narrower-double,search,0.122480875,1206157312,fit total
weak-1e-4,guarded,narrower-double,endpoint_audit,0.056801375,1206157312,fit total
weak-1e-4,guarded,narrower-double,search reference,0.052870792,1206157312,search; RSS is search-process high-water mark
weak-1e-4,guarded,narrower-double,new endpoint audit,0,998047744,audit process
weak-1e-4,guarded,narrower-double,high precision,0,998047744,new endpoint audit
weak-1e-4,guarded,wider-double,search,0.162498958,1206157312,fit total
weak-1e-4,guarded,wider-double,endpoint_audit,0.0556765,1206157312,fit total
weak-1e-4,guarded,wider-double,search reference,0.06585929,1206157312,search; RSS is search-process high-water mark
weak-1e-4,guarded,wider-double,new endpoint audit,0,998047744,audit process
weak-1e-4,guarded,wider-double,high precision,0,998047744,new endpoint audit
weak-1e-4,guarded,mixed-double,search,0.151519542,1206157312,fit total
weak-1e-4,guarded,mixed-double,endpoint_audit,0.055310292,1206157312,fit total
weak-1e-4,guarded,mixed-double,search reference,0.065053208,1206157312,search; RSS is search-process high-water mark
weak-1e-4,guarded,mixed-double,new endpoint audit,0,998047744,audit process
weak-1e-4,guarded,mixed-double,high precision,0,998047744,new endpoint audit
weak-1e-4,guarded,first-stage-float32,search,0.120089666,1206157312,fit total
weak-1e-4,guarded,first-stage-float32,endpoint_audit,0.056039667,1206157312,fit total
weak-1e-4,guarded,first-stage-float32,search reference,0.053468209,1206157312,search; RSS is search-process high-water mark
weak-1e-4,guarded,first-stage-float32,new endpoint audit,0,998047744,audit process
weak-1e-4,guarded,first-stage-float32,high precision,0,998047744,new endpoint audit
weak-1e-4,guarded,narrower-float32,search,0.138301833,1206157312,fit total
weak-1e-4,guarded,narrower-float32,endpoint_audit,0.055694709,1206157312,fit total
weak-1e-4,guarded,narrower-float32,search reference,0.065302249,1206157312,search; RSS is search-process high-water mark
weak-1e-4,guarded,narrower-float32,new endpoint audit,0,998047744,audit process
weak-1e-4,guarded,narrower-float32,high precision,0,998047744,new endpoint audit
weak-1e-4,guarded,wider-float32,search,0.163076042,1206157312,fit total
weak-1e-4,guarded,wider-float32,endpoint_audit,0.056063917,1206157312,fit total
weak-1e-4,guarded,wider-float32,search reference,0.06663824900000001,1206157312,search; RSS is search-process high-water mark
weak-1e-4,guarded,wider-float32,new endpoint audit,0,998047744,audit process
weak-1e-4,guarded,wider-float32,high precision,0,998047744,new endpoint audit
weak-1e-4,guarded,mixed-float32,search,0.153243417,1206157312,fit total
weak-1e-4,guarded,mixed-float32,endpoint_audit,0.056049333,1206157312,fit total
weak-1e-4,guarded,mixed-float32,search reference,0.07056283399999999,1206157312,search; RSS is search-process high-water mark
weak-1e-4,guarded,mixed-float32,new endpoint audit,0,998047744,audit process
weak-1e-4,guarded,mixed-float32,high precision,0,998047744,new endpoint audit
weak-1e-4,guarded-log,first-stage-double,search,0.155147041,1206157312,fit total
weak-1e-4,guarded-log,first-stage-double,endpoint_audit,0.055902875,1206157312,fit total
weak-1e-4,guarded-log,first-stage-double,search reference,0.065469125,1206157312,search; RSS is search-process high-water mark
weak-1e-4,guarded-log,first-stage-double,new endpoint audit,21.02326925,998047744,audit process
weak-1e-4,guarded-log,first-stage-double,high precision,20.145988542,998047744,new endpoint audit
weak-1e-4,guarded-log,narrower-double,search,0.121117042,1206157312,fit total
weak-1e-4,guarded-log,narrower-double,endpoint_audit,0.0558015,1206157312,fit total
weak-1e-4,guarded-log,narrower-double,search reference,0.053466124999999996,1206157312,search; RSS is search-process high-water mark
weak-1e-4,guarded-log,narrower-double,new endpoint audit,20.416398125,998047744,audit process
weak-1e-4,guarded-log,narrower-double,high precision,19.5547115,998047744,new endpoint audit
weak-1e-4,guarded-log,wider-double,search,0.17569375,1206157312,fit total
weak-1e-4,guarded-log,wider-double,endpoint_audit,0.056052,1206157312,fit total
weak-1e-4,guarded-log,wider-double,search reference,0.07198775,1206157312,search; RSS is search-process high-water mark
weak-1e-4,guarded-log,wider-double,new endpoint audit,20.415662542,998047744,audit process
weak-1e-4,guarded-log,wider-double,high precision,19.524505709,998047744,new endpoint audit
weak-1e-4,guarded-log,mixed-double,search,0.165127542,1206157312,fit total
weak-1e-4,guarded-log,mixed-double,endpoint_audit,0.055374166,1206157312,fit total
weak-1e-4,guarded-log,mixed-double,search reference,0.070642418,1206157312,search; RSS is search-process high-water mark
weak-1e-4,guarded-log,mixed-double,new endpoint audit,21.253171583,998047744,audit process
weak-1e-4,guarded-log,mixed-double,high precision,20.362954416,998047744,new endpoint audit
weak-1e-4,guarded-log,first-stage-float32,search,0.194117708,1206157312,fit total
weak-1e-4,guarded-log,first-stage-float32,endpoint_audit,0.055908542,1206157312,fit total
weak-1e-4,guarded-log,first-stage-float32,search reference,0.089170126,1206157312,search; RSS is search-process high-water mark
weak-1e-4,guarded-log,first-stage-float32,new endpoint audit,20.758103125,998047744,audit process
weak-1e-4,guarded-log,first-stage-float32,high precision,19.883715208,998047744,new endpoint audit
weak-1e-4,guarded-log,narrower-float32,search,0.133847625,1206157312,fit total
weak-1e-4,guarded-log,narrower-float32,endpoint_audit,0.056136958,1206157312,fit total
weak-1e-4,guarded-log,narrower-float32,search reference,0.058186668,1206157312,search; RSS is search-process high-water mark
weak-1e-4,guarded-log,narrower-float32,new endpoint audit,20.573427291,998047744,audit process
weak-1e-4,guarded-log,narrower-float32,high precision,19.6871815,998047744,new endpoint audit
weak-1e-4,guarded-log,wider-float32,search,0.189456167,1206157312,fit total
weak-1e-4,guarded-log,wider-float32,endpoint_audit,0.055552459,1206157312,fit total
weak-1e-4,guarded-log,wider-float32,search reference,0.0776375,1206157312,search; RSS is search-process high-water mark
weak-1e-4,guarded-log,wider-float32,new endpoint audit,20.65943775,998047744,audit process
weak-1e-4,guarded-log,wider-float32,high precision,19.777899042,998047744,new endpoint audit
weak-1e-4,guarded-log,mixed-float32,search,0.169710167,1206157312,fit total
weak-1e-4,guarded-log,mixed-float32,endpoint_audit,0.055201875,1206157312,fit total
weak-1e-4,guarded-log,mixed-float32,search reference,0.07600737600000002,1206157312,search; RSS is search-process high-water mark
weak-1e-4,guarded-log,mixed-float32,new endpoint audit,20.172587167,135151616,audit process
weak-1e-4,guarded-log,mixed-float32,high precision,19.271634333,135151616,new endpoint audit
active-a,legacy,first-stage-double,search,1.054133917,1206157312,fit total
active-a,legacy,first-stage-double,endpoint_audit,0.058043,1206157312,fit total
active-a,legacy,first-stage-double,search reference,0.481562995,1206157312,search; RSS is search-process high-water mark
active-a,legacy,first-stage-double,new endpoint audit,19.685335666,134414336,audit process
active-a,legacy,first-stage-double,high precision,18.714117334,130056192,new endpoint audit
active-a,legacy,first-stage-double,boundary scan,109.960283625,135004160,audit process
active-a,legacy,narrower-double,search,0.411545958,1206157312,fit total
active-a,legacy,narrower-double,endpoint_audit,0.058337416,1206157312,fit total
active-a,legacy,narrower-double,search reference,0.184093789,1206157312,search; RSS is search-process high-water mark
active-a,legacy,narrower-double,new endpoint audit,20.263636125,135004160,audit process
active-a,legacy,narrower-double,high precision,19.207083625,135004160,new endpoint audit
active-a,legacy,narrower-double,boundary scan,109.7771075,135004160,audit process
active-a,legacy,wider-double,search,0.582132625,1206157312,fit total
active-a,legacy,wider-double,endpoint_audit,0.057325541,1206157312,fit total
active-a,legacy,wider-double,search reference,0.254594749,1206157312,search; RSS is search-process high-water mark
active-a,legacy,wider-double,new endpoint audit,20.253318792,135004160,audit process
active-a,legacy,wider-double,high precision,19.2054785,135004160,new endpoint audit
active-a,legacy,wider-double,boundary scan,111.088062792,135004160,audit process
active-a,legacy,mixed-double,search,0.421697584,1206157312,fit total
active-a,legacy,mixed-double,endpoint_audit,0.0576745,1206157312,fit total
active-a,legacy,mixed-double,search reference,0.18654349799999997,1206157312,search; RSS is search-process high-water mark
active-a,legacy,mixed-double,new endpoint audit,20.924074209,135004160,audit process
active-a,legacy,mixed-double,high precision,19.800070916,135004160,new endpoint audit
active-a,legacy,mixed-double,boundary scan,114.016723125,135004160,audit process
active-a,legacy,first-stage-float32,search,0.699071875,1206157312,fit total
active-a,legacy,first-stage-float32,endpoint_audit,0.056722417,1206157312,fit total
active-a,legacy,first-stage-float32,search reference,0.3133317919999999,1206157312,search; RSS is search-process high-water mark
active-a,legacy,first-stage-float32,new endpoint audit,21.315891708,135004160,audit process
active-a,legacy,first-stage-float32,high precision,20.274450542,135004160,new endpoint audit
active-a,legacy,first-stage-float32,boundary scan,124.354150208,135004160,audit process
active-a,legacy,narrower-float32,search,0.53444125,1206157312,fit total
active-a,legacy,narrower-float32,endpoint_audit,0.05814925,1206157312,fit total
active-a,legacy,narrower-float32,search reference,0.23643529400000002,1206157312,search; RSS is search-process high-water mark
active-a,legacy,narrower-float32,new endpoint audit,19.813362417,135004160,audit process
active-a,legacy,narrower-float32,high precision,18.822525917,135004160,new endpoint audit
active-a,legacy,narrower-float32,boundary scan,110.698688333,135004160,audit process
active-a,legacy,wider-float32,search,0.494132791,1206157312,fit total
active-a,legacy,wider-float32,endpoint_audit,0.05621025,1206157312,fit total
active-a,legacy,wider-float32,search reference,0.21852950200000001,1206157312,search; RSS is search-process high-water mark
active-a,legacy,wider-float32,new endpoint audit,20.010039375,135004160,audit process
active-a,legacy,wider-float32,high precision,19.05284025,135004160,new endpoint audit
active-a,legacy,wider-float32,boundary scan,110.217578791,135004160,audit process
active-a,legacy,mixed-float32,search,0.417689416,1206157312,fit total
active-a,legacy,mixed-float32,endpoint_audit,0.056501583,1206157312,fit total
active-a,legacy,mixed-float32,search reference,0.18965816599999996,1206157312,search; RSS is search-process high-water mark
active-a,legacy,mixed-float32,new endpoint audit,20.936177084,135004160,audit process
active-a,legacy,mixed-float32,high precision,19.972948875,135004160,new endpoint audit
active-a,legacy,mixed-float32,boundary scan,110.351703584,135004160,audit process
active-a,guarded,first-stage-double,search,1.040378458,1206157312,fit total
active-a,guarded,first-stage-double,endpoint_audit,0.0580545,1206157312,fit total
active-a,guarded,first-stage-double,search reference,0.4763622920000001,1206157312,search; RSS is search-process high-water mark
active-a,guarded,first-stage-double,new endpoint audit,0,134414336,audit process
active-a,guarded,first-stage-double,high precision,0,130056192,new endpoint audit
active-a,guarded,first-stage-double,boundary scan,0,135004160,audit process
active-a,guarded,narrower-double,search,0.408512292,1206157312,fit total
active-a,guarded,narrower-double,endpoint_audit,0.057842708,1206157312,fit total
active-a,guarded,narrower-double,search reference,0.181726626,1206157312,search; RSS is search-process high-water mark
active-a,guarded,narrower-double,new endpoint audit,0,135004160,audit process
active-a,guarded,narrower-double,high precision,0,135004160,new endpoint audit
active-a,guarded,narrower-double,boundary scan,0,135004160,audit process
active-a,guarded,wider-double,search,0.583068625,1206157312,fit total
active-a,guarded,wider-double,endpoint_audit,0.057369875,1206157312,fit total
active-a,guarded,wider-double,search reference,0.25423316700000004,1206157312,search; RSS is search-process high-water mark
active-a,guarded,wider-double,new endpoint audit,0,135004160,audit process
active-a,guarded,wider-double,high precision,0,135004160,new endpoint audit
active-a,guarded,wider-double,boundary scan,0,135004160,audit process
active-a,guarded,mixed-double,search,0.421881083,1206157312,fit total
active-a,guarded,mixed-double,endpoint_audit,0.057694666,1206157312,fit total
active-a,guarded,mixed-double,search reference,0.18754320800000002,1206157312,search; RSS is search-process high-water mark
active-a,guarded,mixed-double,new endpoint audit,0,135004160,audit process
active-a,guarded,mixed-double,high precision,0,135004160,new endpoint audit
active-a,guarded,mixed-double,boundary scan,0,135004160,audit process
active-a,guarded,first-stage-float32,search,0.702805875,1206157312,fit total
active-a,guarded,first-stage-float32,endpoint_audit,0.05641175,1206157312,fit total
active-a,guarded,first-stage-float32,search reference,0.31430350100000004,1206157312,search; RSS is search-process high-water mark
active-a,guarded,first-stage-float32,new endpoint audit,0,135004160,audit process
active-a,guarded,first-stage-float32,high precision,0,135004160,new endpoint audit
active-a,guarded,first-stage-float32,boundary scan,0,135004160,audit process
active-a,guarded,narrower-float32,search,0.535242416,1206157312,fit total
active-a,guarded,narrower-float32,endpoint_audit,0.059601792,1206157312,fit total
active-a,guarded,narrower-float32,search reference,0.23711141599999996,1206157312,search; RSS is search-process high-water mark
active-a,guarded,narrower-float32,new endpoint audit,0,135004160,audit process
active-a,guarded,narrower-float32,high precision,0,135004160,new endpoint audit
active-a,guarded,narrower-float32,boundary scan,0,135004160,audit process
active-a,guarded,wider-float32,search,0.494846875,1206157312,fit total
active-a,guarded,wider-float32,endpoint_audit,0.056471292,1206157312,fit total
active-a,guarded,wider-float32,search reference,0.21941171100000004,1206157312,search; RSS is search-process high-water mark
active-a,guarded,wider-float32,new endpoint audit,0,135004160,audit process
active-a,guarded,wider-float32,high precision,0,135004160,new endpoint audit
active-a,guarded,wider-float32,boundary scan,0,135004160,audit process
active-a,guarded,mixed-float32,search,0.416655125,1206157312,fit total
active-a,guarded,mixed-float32,endpoint_audit,0.056230208,1206157312,fit total
active-a,guarded,mixed-float32,search reference,0.188749248,1206157312,search; RSS is search-process high-water mark
active-a,guarded,mixed-float32,new endpoint audit,0,135004160,audit process
active-a,guarded,mixed-float32,high precision,0,135004160,new endpoint audit
active-a,guarded,mixed-float32,boundary scan,0,135004160,audit process
active-a,guarded-log,first-stage-double,search,0.425044958,1206157312,fit total
active-a,guarded-log,first-stage-double,endpoint_audit,0.057616708,1206157312,fit total
active-a,guarded-log,first-stage-double,search reference,0.18943712699999996,1206157312,search; RSS is search-process high-water mark
active-a,guarded-log,first-stage-double,new endpoint audit,20.125954958,135004160,audit process
active-a,guarded-log,first-stage-double,high precision,19.094963875,135004160,new endpoint audit
active-a,guarded-log,first-stage-double,boundary scan,112.316419708,135004160,audit process
active-a,guarded-log,narrower-double,search,0.433341333,1206157312,fit total
active-a,guarded-log,narrower-double,endpoint_audit,0.05756175,1206157312,fit total
active-a,guarded-log,narrower-double,search reference,0.19953995600000002,1206157312,search; RSS is search-process high-water mark
active-a,guarded-log,narrower-double,new endpoint audit,20.826609583,135004160,audit process
active-a,guarded-log,narrower-double,high precision,19.764208208,135004160,new endpoint audit
active-a,guarded-log,narrower-double,boundary scan,113.503551167,135004160,audit process
active-a,guarded-log,wider-double,search,0.446614666,1206157312,fit total
active-a,guarded-log,wider-double,endpoint_audit,0.057599375,1206157312,fit total
active-a,guarded-log,wider-double,search reference,0.20081537599999993,1206157312,search; RSS is search-process high-water mark
active-a,guarded-log,wider-double,new endpoint audit,20.016005625,135004160,audit process
active-a,guarded-log,wider-double,high precision,19.008376041,135004160,new endpoint audit
active-a,guarded-log,wider-double,boundary scan,110.284929334,135004160,audit process
active-a,guarded-log,mixed-double,search,0.43620175,1206157312,fit total
active-a,guarded-log,mixed-double,endpoint_audit,0.058009166,1206157312,fit total
active-a,guarded-log,mixed-double,search reference,0.193887747,1206157312,search; RSS is search-process high-water mark
active-a,guarded-log,mixed-double,new endpoint audit,20.374306625,135004160,audit process
active-a,guarded-log,mixed-double,high precision,19.303341667,135004160,new endpoint audit
active-a,guarded-log,mixed-double,boundary scan,111.016407875,135004160,audit process
active-a,guarded-log,first-stage-float32,search,0.543305916,1206157312,fit total
active-a,guarded-log,first-stage-float32,endpoint_audit,0.058006667,1206157312,fit total
active-a,guarded-log,first-stage-float32,search reference,0.24737499599999999,1206157312,search; RSS is search-process high-water mark
active-a,guarded-log,first-stage-float32,new endpoint audit,19.976317583,135004160,audit process
active-a,guarded-log,first-stage-float32,high precision,19.039279167,135004160,new endpoint audit
active-a,guarded-log,first-stage-float32,boundary scan,111.341168417,135004160,audit process
active-a,guarded-log,narrower-float32,search,0.5166995,1206157312,fit total
active-a,guarded-log,narrower-float32,endpoint_audit,0.056158542,1206157312,fit total
active-a,guarded-log,narrower-float32,search reference,0.23723708300000004,1206157312,search; RSS is search-process high-water mark
active-a,guarded-log,narrower-float32,new endpoint audit,20.585061167,135004160,audit process
active-a,guarded-log,narrower-float32,high precision,19.621947459,135004160,new endpoint audit
active-a,guarded-log,narrower-float32,boundary scan,113.071761625,135004160,audit process
active-a,guarded-log,wider-float32,search,0.6355595,1206157312,fit total
active-a,guarded-log,wider-float32,endpoint_audit,0.05670725,1206157312,fit total
active-a,guarded-log,wider-float32,search reference,0.284280919,1206157312,search; RSS is search-process high-water mark
active-a,guarded-log,wider-float32,new endpoint audit,20.350909792,135004160,audit process
active-a,guarded-log,wider-float32,high precision,19.419138417,135004160,new endpoint audit
active-a,guarded-log,wider-float32,boundary scan,110.166218291,135004160,audit process
active-a,guarded-log,mixed-float32,search,0.579357833,1206157312,fit total
active-a,guarded-log,mixed-float32,endpoint_audit,0.056345958,1206157312,fit total
active-a,guarded-log,mixed-float32,search reference,0.265149208,1206157312,search; RSS is search-process high-water mark
active-a,guarded-log,mixed-float32,new endpoint audit,23.497187167,135004160,audit process
active-a,guarded-log,mixed-float32,high precision,22.2599445,135004160,new endpoint audit
active-a,guarded-log,mixed-float32,boundary scan,114.384394209,135004160,audit process
zero-signal,legacy,first-stage-double,search,0.083301292,1206157312,fit total
zero-signal,legacy,first-stage-double,endpoint_audit,0.05750325,1206157312,fit total
zero-signal,legacy,first-stage-double,search reference,0.035987793,1206157312,search; RSS is search-process high-water mark
zero-signal,legacy,first-stage-double,new endpoint audit,0.926575459,998047744,audit process
zero-signal,legacy,first-stage-double,high precision,0,,new endpoint audit
zero-signal,legacy,narrower-double,search,0.096332875,1206157312,fit total
zero-signal,legacy,narrower-double,endpoint_audit,0.057982291,1206157312,fit total
zero-signal,legacy,narrower-double,search reference,0.04163262599999999,1206157312,search; RSS is search-process high-water mark
zero-signal,legacy,narrower-double,new endpoint audit,0.929260666,998047744,audit process
zero-signal,legacy,narrower-double,high precision,0,,new endpoint audit
zero-signal,legacy,wider-double,search,0.116148042,1206157312,fit total
zero-signal,legacy,wider-double,endpoint_audit,0.055833584,1206157312,fit total
zero-signal,legacy,wider-double,search reference,0.04749095899999999,1206157312,search; RSS is search-process high-water mark
zero-signal,legacy,wider-double,new endpoint audit,0.9260055,998047744,audit process
zero-signal,legacy,wider-double,high precision,0,,new endpoint audit
zero-signal,legacy,mixed-double,search,0.100746083,1206157312,fit total
zero-signal,legacy,mixed-double,endpoint_audit,0.057674583,1206157312,fit total
zero-signal,legacy,mixed-double,search reference,0.041377668,1206157312,search; RSS is search-process high-water mark
zero-signal,legacy,mixed-double,new endpoint audit,0.957584625,998047744,audit process
zero-signal,legacy,mixed-double,high precision,0,,new endpoint audit
zero-signal,legacy,first-stage-float32,search,0.24410225,1206157312,fit total
zero-signal,legacy,first-stage-float32,endpoint_audit,0.057405542,1206157312,fit total
zero-signal,legacy,first-stage-float32,search reference,0.12255745900000001,1206157312,search; RSS is search-process high-water mark
zero-signal,legacy,first-stage-float32,new endpoint audit,0.914509,998047744,audit process
zero-signal,legacy,first-stage-float32,high precision,0,,new endpoint audit
zero-signal,legacy,narrower-float32,search,0.312807166,1206157312,fit total
zero-signal,legacy,narrower-float32,endpoint_audit,0.056549542,1206157312,fit total
zero-signal,legacy,narrower-float32,search reference,0.15737003899999996,1206157312,search; RSS is search-process high-water mark
zero-signal,legacy,narrower-float32,new endpoint audit,0.90866875,998047744,audit process
zero-signal,legacy,narrower-float32,high precision,0,,new endpoint audit
zero-signal,legacy,wider-float32,search,0.363203291,1206157312,fit total
zero-signal,legacy,wider-float32,endpoint_audit,0.056091375,1206157312,fit total
zero-signal,legacy,wider-float32,search reference,0.17000746,1206157312,search; RSS is search-process high-water mark
zero-signal,legacy,wider-float32,new endpoint audit,0.909497708,998047744,audit process
zero-signal,legacy,wider-float32,high precision,0,,new endpoint audit
zero-signal,legacy,mixed-float32,search,0.393518333,1206157312,fit total
zero-signal,legacy,mixed-float32,endpoint_audit,0.056315334,1206157312,fit total
zero-signal,legacy,mixed-float32,search reference,0.18848933400000004,1206157312,search; RSS is search-process high-water mark
zero-signal,legacy,mixed-float32,new endpoint audit,0.900718958,998047744,audit process
zero-signal,legacy,mixed-float32,high precision,0,,new endpoint audit
zero-signal,guarded,first-stage-double,search,0.08450725,1206157312,fit total
zero-signal,guarded,first-stage-double,endpoint_audit,0.058277417,1206157312,fit total
zero-signal,guarded,first-stage-double,search reference,0.036089041,1206157312,search; RSS is search-process high-water mark
zero-signal,guarded,first-stage-double,new endpoint audit,0,998047744,audit process
zero-signal,guarded,first-stage-double,high precision,0,,new endpoint audit
zero-signal,guarded,narrower-double,search,0.096510167,1206157312,fit total
zero-signal,guarded,narrower-double,endpoint_audit,0.05703425,1206157312,fit total
zero-signal,guarded,narrower-double,search reference,0.041802792000000005,1206157312,search; RSS is search-process high-water mark
zero-signal,guarded,narrower-double,new endpoint audit,0,998047744,audit process
zero-signal,guarded,narrower-double,high precision,0,,new endpoint audit
zero-signal,guarded,wider-double,search,0.117559584,1206157312,fit total
zero-signal,guarded,wider-double,endpoint_audit,0.055771125,1206157312,fit total
zero-signal,guarded,wider-double,search reference,0.048313374,1206157312,search; RSS is search-process high-water mark
zero-signal,guarded,wider-double,new endpoint audit,0,998047744,audit process
zero-signal,guarded,wider-double,high precision,0,,new endpoint audit
zero-signal,guarded,mixed-double,search,0.10023875,1206157312,fit total
zero-signal,guarded,mixed-double,endpoint_audit,0.057776417,1206157312,fit total
zero-signal,guarded,mixed-double,search reference,0.04126075,1206157312,search; RSS is search-process high-water mark
zero-signal,guarded,mixed-double,new endpoint audit,0,998047744,audit process
zero-signal,guarded,mixed-double,high precision,0,,new endpoint audit
zero-signal,guarded,first-stage-float32,search,0.251549458,1206157312,fit total
zero-signal,guarded,first-stage-float32,endpoint_audit,0.06052575,1206157312,fit total
zero-signal,guarded,first-stage-float32,search reference,0.12800362299999998,1206157312,search; RSS is search-process high-water mark
zero-signal,guarded,first-stage-float32,new endpoint audit,0,998047744,audit process
zero-signal,guarded,first-stage-float32,high precision,0,,new endpoint audit
zero-signal,guarded,narrower-float32,search,0.315238334,1206157312,fit total
zero-signal,guarded,narrower-float32,endpoint_audit,0.0560405,1206157312,fit total
zero-signal,guarded,narrower-float32,search reference,0.15867283399999998,1206157312,search; RSS is search-process high-water mark
zero-signal,guarded,narrower-float32,new endpoint audit,0,998047744,audit process
zero-signal,guarded,narrower-float32,high precision,0,,new endpoint audit
zero-signal,guarded,wider-float32,search,0.363308583,1206157312,fit total
zero-signal,guarded,wider-float32,endpoint_audit,0.056386916,1206157312,fit total
zero-signal,guarded,wider-float32,search reference,0.17042599799999997,1206157312,search; RSS is search-process high-water mark
zero-signal,guarded,wider-float32,new endpoint audit,0,998047744,audit process
zero-signal,guarded,wider-float32,high precision,0,,new endpoint audit
zero-signal,guarded,mixed-float32,search,0.393361084,1206157312,fit total
zero-signal,guarded,mixed-float32,endpoint_audit,0.055892167,1206157312,fit total
zero-signal,guarded,mixed-float32,search reference,0.18779596299999998,1206157312,search; RSS is search-process high-water mark
zero-signal,guarded,mixed-float32,new endpoint audit,0,998047744,audit process
zero-signal,guarded,mixed-float32,high precision,0,,new endpoint audit
zero-signal,guarded-log,first-stage-double,search,0.085647541,1206157312,fit total
zero-signal,guarded-log,first-stage-double,endpoint_audit,0.057531666,1206157312,fit total
zero-signal,guarded-log,first-stage-double,search reference,0.034999584,1206157312,search; RSS is search-process high-water mark
zero-signal,guarded-log,first-stage-double,new endpoint audit,0.925279125,998047744,audit process
zero-signal,guarded-log,first-stage-double,high precision,0,,new endpoint audit
zero-signal,guarded-log,narrower-double,search,0.098981958,1206157312,fit total
zero-signal,guarded-log,narrower-double,endpoint_audit,0.056556917,1206157312,fit total
zero-signal,guarded-log,narrower-double,search reference,0.042780082999999997,1206157312,search; RSS is search-process high-water mark
zero-signal,guarded-log,narrower-double,new endpoint audit,0.939700959,998047744,audit process
zero-signal,guarded-log,narrower-double,high precision,0,,new endpoint audit
zero-signal,guarded-log,wider-double,search,0.116858291,1206157312,fit total
zero-signal,guarded-log,wider-double,endpoint_audit,0.058594916,1206157312,fit total
zero-signal,guarded-log,wider-double,search reference,0.047964916,1206157312,search; RSS is search-process high-water mark
zero-signal,guarded-log,wider-double,new endpoint audit,0.953356083,998047744,audit process
zero-signal,guarded-log,wider-double,high precision,0,,new endpoint audit
zero-signal,guarded-log,mixed-double,search,0.09802875,1206157312,fit total
zero-signal,guarded-log,mixed-double,endpoint_audit,0.055322834,1206157312,fit total
zero-signal,guarded-log,mixed-double,search reference,0.041147167,1206157312,search; RSS is search-process high-water mark
zero-signal,guarded-log,mixed-double,new endpoint audit,0.937847,998047744,audit process
zero-signal,guarded-log,mixed-double,high precision,0,,new endpoint audit
zero-signal,guarded-log,first-stage-float32,search,0.357735083,1206157312,fit total
zero-signal,guarded-log,first-stage-float32,endpoint_audit,0.055941125,1206157312,fit total
zero-signal,guarded-log,first-stage-float32,search reference,0.176790915,1206157312,search; RSS is search-process high-water mark
zero-signal,guarded-log,first-stage-float32,new endpoint audit,0.910653708,998047744,audit process
zero-signal,guarded-log,first-stage-float32,high precision,0,,new endpoint audit
zero-signal,guarded-log,narrower-float32,search,0.349005,1206157312,fit total
zero-signal,guarded-log,narrower-float32,endpoint_audit,0.056419208,1206157312,fit total
zero-signal,guarded-log,narrower-float32,search reference,0.17102967000000002,1206157312,search; RSS is search-process high-water mark
zero-signal,guarded-log,narrower-float32,new endpoint audit,0.918684875,998047744,audit process
zero-signal,guarded-log,narrower-float32,high precision,0,,new endpoint audit
zero-signal,guarded-log,wider-float32,search,0.441902167,1206157312,fit total
zero-signal,guarded-log,wider-float32,endpoint_audit,0.056521417,1206157312,fit total
zero-signal,guarded-log,wider-float32,search reference,0.21943537500000002,1206157312,search; RSS is search-process high-water mark
zero-signal,guarded-log,wider-float32,new endpoint audit,0.907435083,998047744,audit process
zero-signal,guarded-log,wider-float32,high precision,0,,new endpoint audit
zero-signal,guarded-log,mixed-float32,search,0.394459667,1206157312,fit total
zero-signal,guarded-log,mixed-float32,endpoint_audit,0.056297083,1206157312,fit total
zero-signal,guarded-log,mixed-float32,search reference,0.19375708,1206157312,search; RSS is search-process high-water mark
zero-signal,guarded-log,mixed-float32,new endpoint audit,0.907268333,998047744,audit process
zero-signal,guarded-log,mixed-float32,high precision,0,,new endpoint audit
near-0.10,legacy,first-stage-double,search,0.092772375,1206157312,fit total
near-0.10,legacy,first-stage-double,endpoint_audit,0.057400791,1206157312,fit total
near-0.10,legacy,first-stage-double,search reference,0.04136987599999999,1206157312,search; RSS is search-process high-water mark
near-0.10,legacy,first-stage-double,new endpoint audit,0.02127625,998047744,audit process
near-0.10,legacy,first-stage-double,high precision,0,,new endpoint audit
near-0.10,legacy,narrower-double,search,0.165609875,1206157312,fit total
near-0.10,legacy,narrower-double,endpoint_audit,0.055172041,1206157312,fit total
near-0.10,legacy,narrower-double,search reference,0.07080037500000001,1206157312,search; RSS is search-process high-water mark
near-0.10,legacy,narrower-double,new endpoint audit,0.015548416,998047744,audit process
near-0.10,legacy,narrower-double,high precision,0,,new endpoint audit
near-0.10,legacy,wider-double,search,0.134387917,1206157312,fit total
near-0.10,legacy,wider-double,endpoint_audit,0.056532042,1206157312,fit total
near-0.10,legacy,wider-double,search reference,0.058199165000000004,1206157312,search; RSS is search-process high-water mark
near-0.10,legacy,wider-double,new endpoint audit,0.016220541,998047744,audit process
near-0.10,legacy,wider-double,high precision,0,,new endpoint audit
near-0.10,legacy,mixed-double,search,0.1328095,1206157312,fit total
near-0.10,legacy,mixed-double,endpoint_audit,0.056724333,1206157312,fit total
near-0.10,legacy,mixed-double,search reference,0.058103502,1206157312,search; RSS is search-process high-water mark
near-0.10,legacy,mixed-double,new endpoint audit,0.020502458,998047744,audit process
near-0.10,legacy,mixed-double,high precision,0,,new endpoint audit
near-0.10,legacy,first-stage-float32,search,0.092504583,1206157312,fit total
near-0.10,legacy,first-stage-float32,endpoint_audit,0.057400916,1206157312,fit total
near-0.10,legacy,first-stage-float32,search reference,0.040990916,1206157312,search; RSS is search-process high-water mark
near-0.10,legacy,first-stage-float32,new endpoint audit,0.025181167,998047744,audit process
near-0.10,legacy,first-stage-float32,high precision,0,,new endpoint audit
near-0.10,legacy,narrower-float32,search,0.165909125,1206157312,fit total
near-0.10,legacy,narrower-float32,endpoint_audit,0.055463917,1206157312,fit total
near-0.10,legacy,narrower-float32,search reference,0.071120165,1206157312,search; RSS is search-process high-water mark
near-0.10,legacy,narrower-float32,new endpoint audit,0.015793708,998047744,audit process
near-0.10,legacy,narrower-float32,high precision,0,,new endpoint audit
near-0.10,legacy,wider-float32,search,0.134978542,1206157312,fit total
near-0.10,legacy,wider-float32,endpoint_audit,0.077494791,1206157312,fit total
near-0.10,legacy,wider-float32,search reference,0.058102416999999996,1206157312,search; RSS is search-process high-water mark
near-0.10,legacy,wider-float32,new endpoint audit,0.016388292,998047744,audit process
near-0.10,legacy,wider-float32,high precision,0,,new endpoint audit
near-0.10,legacy,mixed-float32,search,0.134749417,1206157312,fit total
near-0.10,legacy,mixed-float32,endpoint_audit,0.0558945,1206157312,fit total
near-0.10,legacy,mixed-float32,search reference,0.058614251,1206157312,search; RSS is search-process high-water mark
near-0.10,legacy,mixed-float32,new endpoint audit,0.021038,998047744,audit process
near-0.10,legacy,mixed-float32,high precision,0,,new endpoint audit
near-0.10,guarded,first-stage-double,search,0.092550709,1206157312,fit total
near-0.10,guarded,first-stage-double,endpoint_audit,0.055341416,1206157312,fit total
near-0.10,guarded,first-stage-double,search reference,0.041310747999999994,1206157312,search; RSS is search-process high-water mark
near-0.10,guarded,first-stage-double,new endpoint audit,0,998047744,audit process
near-0.10,guarded,first-stage-double,high precision,0,,new endpoint audit
near-0.10,guarded,narrower-double,search,0.167495792,1206157312,fit total
near-0.10,guarded,narrower-double,endpoint_audit,0.055445208,1206157312,fit total
near-0.10,guarded,narrower-double,search reference,0.07178870700000001,1206157312,search; RSS is search-process high-water mark
near-0.10,guarded,narrower-double,new endpoint audit,0,998047744,audit process
near-0.10,guarded,narrower-double,high precision,0,,new endpoint audit
near-0.10,guarded,wider-double,search,0.134265667,1206157312,fit total
near-0.10,guarded,wider-double,endpoint_audit,0.055304292,1206157312,fit total
near-0.10,guarded,wider-double,search reference,0.058068457999999996,1206157312,search; RSS is search-process high-water mark
near-0.10,guarded,wider-double,new endpoint audit,0,998047744,audit process
near-0.10,guarded,wider-double,high precision,0,,new endpoint audit
near-0.10,guarded,mixed-double,search,0.133474458,1206157312,fit total
near-0.10,guarded,mixed-double,endpoint_audit,0.055038166,1206157312,fit total
near-0.10,guarded,mixed-double,search reference,0.058390333,1206157312,search; RSS is search-process high-water mark
near-0.10,guarded,mixed-double,new endpoint audit,0,998047744,audit process
near-0.10,guarded,mixed-double,high precision,0,,new endpoint audit
near-0.10,guarded,first-stage-float32,search,0.092647667,1206157312,fit total
near-0.10,guarded,first-stage-float32,endpoint_audit,0.055866,1206157312,fit total
near-0.10,guarded,first-stage-float32,search reference,0.041035248,1206157312,search; RSS is search-process high-water mark
near-0.10,guarded,first-stage-float32,new endpoint audit,0,998047744,audit process
near-0.10,guarded,first-stage-float32,high precision,0,,new endpoint audit
near-0.10,guarded,narrower-float32,search,0.164400542,1206157312,fit total
near-0.10,guarded,narrower-float32,endpoint_audit,0.056072417,1206157312,fit total
near-0.10,guarded,narrower-float32,search reference,0.070700627,1206157312,search; RSS is search-process high-water mark
near-0.10,guarded,narrower-float32,new endpoint audit,0,998047744,audit process
near-0.10,guarded,narrower-float32,high precision,0,,new endpoint audit
near-0.10,guarded,wider-float32,search,0.135423542,1206157312,fit total
near-0.10,guarded,wider-float32,endpoint_audit,0.055241125,1206157312,fit total
near-0.10,guarded,wider-float32,search reference,0.058606625999999995,1206157312,search; RSS is search-process high-water mark
near-0.10,guarded,wider-float32,new endpoint audit,0,998047744,audit process
near-0.10,guarded,wider-float32,high precision,0,,new endpoint audit
near-0.10,guarded,mixed-float32,search,0.133828792,1206157312,fit total
near-0.10,guarded,mixed-float32,endpoint_audit,0.055586084,1206157312,fit total
near-0.10,guarded,mixed-float32,search reference,0.05836925199999999,1206157312,search; RSS is search-process high-water mark
near-0.10,guarded,mixed-float32,new endpoint audit,0,998047744,audit process
near-0.10,guarded,mixed-float32,high precision,0,,new endpoint audit
near-0.10,guarded-log,first-stage-double,search,0.09203375,1206157312,fit total
near-0.10,guarded-log,first-stage-double,endpoint_audit,0.057295125,1206157312,fit total
near-0.10,guarded-log,first-stage-double,search reference,0.040732418000000006,1206157312,search; RSS is search-process high-water mark
near-0.10,guarded-log,first-stage-double,new endpoint audit,0,998047744,audit process
near-0.10,guarded-log,first-stage-double,high precision,0,,new endpoint audit
near-0.10,guarded-log,narrower-double,search,0.135792791,1206157312,fit total
near-0.10,guarded-log,narrower-double,endpoint_audit,0.055290583,1206157312,fit total
near-0.10,guarded-log,narrower-double,search reference,0.058811084000000007,1206157312,search; RSS is search-process high-water mark
near-0.10,guarded-log,narrower-double,new endpoint audit,0.016654958,998047744,audit process
near-0.10,guarded-log,narrower-double,high precision,0,,new endpoint audit
near-0.10,guarded-log,wider-double,search,0.166171167,1206157312,fit total
near-0.10,guarded-log,wider-double,endpoint_audit,0.056142541,1206157312,fit total
near-0.10,guarded-log,wider-double,search reference,0.07000441700000001,1206157312,search; RSS is search-process high-water mark
near-0.10,guarded-log,wider-double,new endpoint audit,0.014591,998047744,audit process
near-0.10,guarded-log,wider-double,high precision,0,,new endpoint audit
near-0.10,guarded-log,mixed-double,search,0.134730375,1206157312,fit total
near-0.10,guarded-log,mixed-double,endpoint_audit,0.055380542,1206157312,fit total
near-0.10,guarded-log,mixed-double,search reference,0.058842501000000005,1206157312,search; RSS is search-process high-water mark
near-0.10,guarded-log,mixed-double,new endpoint audit,0.016210334,998047744,audit process
near-0.10,guarded-log,mixed-double,high precision,0,,new endpoint audit
near-0.10,guarded-log,first-stage-float32,search,0.092776625,1206157312,fit total
near-0.10,guarded-log,first-stage-float32,endpoint_audit,0.055685,1206157312,fit total
near-0.10,guarded-log,first-stage-float32,search reference,0.040740666999999994,1206157312,search; RSS is search-process high-water mark
near-0.10,guarded-log,first-stage-float32,new endpoint audit,0,998047744,audit process
near-0.10,guarded-log,first-stage-float32,high precision,0,,new endpoint audit
near-0.10,guarded-log,narrower-float32,search,0.134269083,1206157312,fit total
near-0.10,guarded-log,narrower-float32,endpoint_audit,0.055302291,1206157312,fit total
near-0.10,guarded-log,narrower-float32,search reference,0.05815908499999999,1206157312,search; RSS is search-process high-water mark
near-0.10,guarded-log,narrower-float32,new endpoint audit,0.01729725,998047744,audit process
near-0.10,guarded-log,narrower-float32,high precision,0,,new endpoint audit
near-0.10,guarded-log,wider-float32,search,0.167127375,1206157312,fit total
near-0.10,guarded-log,wider-float32,endpoint_audit,0.055306833,1206157312,fit total
near-0.10,guarded-log,wider-float32,search reference,0.070678416,1206157312,search; RSS is search-process high-water mark
near-0.10,guarded-log,wider-float32,new endpoint audit,0.019010958,998047744,audit process
near-0.10,guarded-log,wider-float32,high precision,0,,new endpoint audit
near-0.10,guarded-log,mixed-float32,search,0.13388325,1206157312,fit total
near-0.10,guarded-log,mixed-float32,endpoint_audit,0.055727834,1206157312,fit total
near-0.10,guarded-log,mixed-float32,search reference,0.058923375,1206157312,search; RSS is search-process high-water mark
near-0.10,guarded-log,mixed-float32,new endpoint audit,0.018395167,998047744,audit process
near-0.10,guarded-log,mixed-float32,high precision,0,,new endpoint audit
near-0.02,legacy,first-stage-double,search,0.133652125,1206157312,fit total
near-0.02,legacy,first-stage-double,endpoint_audit,0.058475042,1206157312,fit total
near-0.02,legacy,first-stage-double,search reference,0.05848504300000001,1206157312,search; RSS is search-process high-water mark
near-0.02,legacy,first-stage-double,new endpoint audit,41.264661792,998047744,audit process
near-0.02,legacy,first-stage-double,high precision,39.556825084,998047744,new endpoint audit
near-0.02,legacy,narrower-double,search,0.068036417,1206157312,fit total
near-0.02,legacy,narrower-double,endpoint_audit,0.007553208,1206157312,fit total
near-0.02,legacy,narrower-double,search reference,0.02826946,1206157312,search; RSS is search-process high-water mark
near-0.02,legacy,narrower-double,new endpoint audit,0,,audit process
near-0.02,legacy,narrower-double,high precision,0,,new endpoint audit
near-0.02,legacy,wider-double,search,0.27639525,1206157312,fit total
near-0.02,legacy,wider-double,endpoint_audit,0.055609542,1206157312,fit total
near-0.02,legacy,wider-double,search reference,0.116999832,1206157312,search; RSS is search-process high-water mark
near-0.02,legacy,wider-double,new endpoint audit,38.124401792,998047744,audit process
near-0.02,legacy,wider-double,high precision,36.460555583,998047744,new endpoint audit
near-0.02,legacy,mixed-double,search,0.16020775,1206157312,fit total
near-0.02,legacy,mixed-double,endpoint_audit,0.055695833,1206157312,fit total
near-0.02,legacy,mixed-double,search reference,0.069532125,1206157312,search; RSS is search-process high-water mark
near-0.02,legacy,mixed-double,new endpoint audit,38.041761291,998047744,audit process
near-0.02,legacy,mixed-double,high precision,36.389111791,998047744,new endpoint audit
near-0.02,legacy,first-stage-float32,search,0.133202541,1206157312,fit total
near-0.02,legacy,first-stage-float32,endpoint_audit,0.055347042,1206157312,fit total
near-0.02,legacy,first-stage-float32,search reference,0.057978416,1206157312,search; RSS is search-process high-water mark
near-0.02,legacy,first-stage-float32,new endpoint audit,39.2911065,998047744,audit process
near-0.02,legacy,first-stage-float32,high precision,37.595759791,998047744,new endpoint audit
near-0.02,legacy,narrower-float32,search,0.069083833,1206157312,fit total
near-0.02,legacy,narrower-float32,endpoint_audit,0.007612791,1206157312,fit total
near-0.02,legacy,narrower-float32,search reference,0.028916165,1206157312,search; RSS is search-process high-water mark
near-0.02,legacy,narrower-float32,new endpoint audit,0,,audit process
near-0.02,legacy,narrower-float32,high precision,0,,new endpoint audit
near-0.02,legacy,wider-float32,search,0.27560025,1206157312,fit total
near-0.02,legacy,wider-float32,endpoint_audit,0.055758166,1206157312,fit total
near-0.02,legacy,wider-float32,search reference,0.11716566799999999,1206157312,search; RSS is search-process high-water mark
near-0.02,legacy,wider-float32,new endpoint audit,37.688818958,998047744,audit process
near-0.02,legacy,wider-float32,high precision,36.084595958,998047744,new endpoint audit
near-0.02,legacy,mixed-float32,search,0.161612083,1206157312,fit total
near-0.02,legacy,mixed-float32,endpoint_audit,0.055592958,1206157312,fit total
near-0.02,legacy,mixed-float32,search reference,0.07098391700000001,1206157312,search; RSS is search-process high-water mark
near-0.02,legacy,mixed-float32,new endpoint audit,38.408473,998047744,audit process
near-0.02,legacy,mixed-float32,high precision,36.85457375,998047744,new endpoint audit
near-0.02,guarded,first-stage-double,search,0.132972209,1206157312,fit total
near-0.02,guarded,first-stage-double,endpoint_audit,0.057545833,1206157312,fit total
near-0.02,guarded,first-stage-double,search reference,0.058203167,1206157312,search; RSS is search-process high-water mark
near-0.02,guarded,first-stage-double,new endpoint audit,0,998047744,audit process
near-0.02,guarded,first-stage-double,high precision,0,998047744,new endpoint audit
near-0.02,guarded,narrower-double,search,0.248477584,1206157312,fit total
near-0.02,guarded,narrower-double,endpoint_audit,0.055178334,1206157312,fit total
near-0.02,guarded,narrower-double,search reference,0.10569571000000001,1206157312,search; RSS is search-process high-water mark
near-0.02,guarded,narrower-double,new endpoint audit,38.013236125,998047744,audit process
near-0.02,guarded,narrower-double,high precision,36.440012917,998047744,new endpoint audit
near-0.02,guarded,wider-double,search,0.277193417,1206157312,fit total
near-0.02,guarded,wider-double,endpoint_audit,0.055653292,1206157312,fit total
near-0.02,guarded,wider-double,search reference,0.117568123,1206157312,search; RSS is search-process high-water mark
near-0.02,guarded,wider-double,new endpoint audit,0,998047744,audit process
near-0.02,guarded,wider-double,high precision,0,998047744,new endpoint audit
near-0.02,guarded,mixed-double,search,0.160519375,1206157312,fit total
near-0.02,guarded,mixed-double,endpoint_audit,0.055505333,1206157312,fit total
near-0.02,guarded,mixed-double,search reference,0.070016708,1206157312,search; RSS is search-process high-water mark
near-0.02,guarded,mixed-double,new endpoint audit,0,998047744,audit process
near-0.02,guarded,mixed-double,high precision,0,998047744,new endpoint audit
near-0.02,guarded,first-stage-float32,search,0.133544708,1206157312,fit total
near-0.02,guarded,first-stage-float32,endpoint_audit,0.055212959,1206157312,fit total
near-0.02,guarded,first-stage-float32,search reference,0.058317709999999995,1206157312,search; RSS is search-process high-water mark
near-0.02,guarded,first-stage-float32,new endpoint audit,0,998047744,audit process
near-0.02,guarded,first-stage-float32,high precision,0,998047744,new endpoint audit
near-0.02,guarded,narrower-float32,search,0.241239458,1206157312,fit total
near-0.02,guarded,narrower-float32,endpoint_audit,0.055459959,1206157312,fit total
near-0.02,guarded,narrower-float32,search reference,0.10538362600000001,1206157312,search; RSS is search-process high-water mark
near-0.02,guarded,narrower-float32,new endpoint audit,38.361352709,998047744,audit process
near-0.02,guarded,narrower-float32,high precision,36.519565917,998047744,new endpoint audit
near-0.02,guarded,wider-float32,search,0.287826791,1206157312,fit total
near-0.02,guarded,wider-float32,endpoint_audit,0.055625375,1206157312,fit total
near-0.02,guarded,wider-float32,search reference,0.12296383099999998,1206157312,search; RSS is search-process high-water mark
near-0.02,guarded,wider-float32,new endpoint audit,0,998047744,audit process
near-0.02,guarded,wider-float32,high precision,0,998047744,new endpoint audit
near-0.02,guarded,mixed-float32,search,0.160024041,1206157312,fit total
near-0.02,guarded,mixed-float32,endpoint_audit,0.055254166,1206157312,fit total
near-0.02,guarded,mixed-float32,search reference,0.069767167,1206157312,search; RSS is search-process high-water mark
near-0.02,guarded,mixed-float32,new endpoint audit,0,998047744,audit process
near-0.02,guarded,mixed-float32,high precision,0,998047744,new endpoint audit
near-0.02,guarded-log,first-stage-double,search,0.133771167,1206157312,fit total
near-0.02,guarded-log,first-stage-double,endpoint_audit,0.055378584,1206157312,fit total
near-0.02,guarded-log,first-stage-double,search reference,0.058695917,1206157312,search; RSS is search-process high-water mark
near-0.02,guarded-log,first-stage-double,new endpoint audit,0,998047744,audit process
near-0.02,guarded-log,first-stage-double,high precision,0,998047744,new endpoint audit
near-0.02,guarded-log,narrower-double,search,0.228005917,1206157312,fit total
near-0.02,guarded-log,narrower-double,endpoint_audit,0.055108041,1206157312,fit total
near-0.02,guarded-log,narrower-double,search reference,0.09979279099999996,1206157312,search; RSS is search-process high-water mark
near-0.02,guarded-log,narrower-double,new endpoint audit,38.248085084,998047744,audit process
near-0.02,guarded-log,narrower-double,high precision,36.543274291,998047744,new endpoint audit
near-0.02,guarded-log,wider-double,search,0.194515834,1206157312,fit total
near-0.02,guarded-log,wider-double,endpoint_audit,0.146559708,1206157312,fit total
near-0.02,guarded-log,wider-double,search reference,0.08263329300000001,1206157312,search; RSS is search-process high-water mark
near-0.02,guarded-log,wider-double,new endpoint audit,27.529135833,998047744,audit process
near-0.02,guarded-log,wider-double,high precision,26.384326291,998047744,new endpoint audit
near-0.02,guarded-log,mixed-double,search,0.161435709,1206157312,fit total
near-0.02,guarded-log,mixed-double,endpoint_audit,0.055550375,1206157312,fit total
near-0.02,guarded-log,mixed-double,search reference,0.070375584,1206157312,search; RSS is search-process high-water mark
near-0.02,guarded-log,mixed-double,new endpoint audit,38.326620333,998047744,audit process
near-0.02,guarded-log,mixed-double,high precision,36.793282792,998047744,new endpoint audit
near-0.02,guarded-log,first-stage-float32,search,0.136390083,1206157312,fit total
near-0.02,guarded-log,first-stage-float32,endpoint_audit,0.055834625,1206157312,fit total
near-0.02,guarded-log,first-stage-float32,search reference,0.05953804,1206157312,search; RSS is search-process high-water mark
near-0.02,guarded-log,first-stage-float32,new endpoint audit,0,998047744,audit process
near-0.02,guarded-log,first-stage-float32,high precision,0,998047744,new endpoint audit
near-0.02,guarded-log,narrower-float32,search,0.230266083,1206157312,fit total
near-0.02,guarded-log,narrower-float32,endpoint_audit,0.055541541,1206157312,fit total
near-0.02,guarded-log,narrower-float32,search reference,0.10129225,1206157312,search; RSS is search-process high-water mark
near-0.02,guarded-log,narrower-float32,new endpoint audit,34.799936709,998047744,audit process
near-0.02,guarded-log,narrower-float32,high precision,33.544218458,998047744,new endpoint audit
near-0.02,guarded-log,wider-float32,search,0.1849485,1206157312,fit total
near-0.02,guarded-log,wider-float32,endpoint_audit,0.056239625,1206157312,fit total
near-0.02,guarded-log,wider-float32,search reference,0.08210370600000001,1206157312,search; RSS is search-process high-water mark
near-0.02,guarded-log,wider-float32,new endpoint audit,25.523695042,998047744,audit process
near-0.02,guarded-log,wider-float32,high precision,24.506666792,998047744,new endpoint audit
near-0.02,guarded-log,mixed-float32,search,0.176873583,1206157312,fit total
near-0.02,guarded-log,mixed-float32,endpoint_audit,0.055467375,1206157312,fit total
near-0.02,guarded-log,mixed-float32,search reference,0.07701058300000001,1206157312,search; RSS is search-process high-water mark
near-0.02,guarded-log,mixed-float32,new endpoint audit,38.97370025,998047744,audit process
near-0.02,guarded-log,mixed-float32,high precision,37.297110959,998047744,new endpoint audit
duplicate,legacy,first-stage-double,search,0.004089791,1206157312,fit total
duplicate,legacy,first-stage-double,endpoint_audit,0.007465584,1206157312,fit total
duplicate,legacy,first-stage-double,search reference,0.0,1206157312,search; RSS is search-process high-water mark
duplicate,legacy,first-stage-double,new endpoint audit,0,,audit process
duplicate,legacy,first-stage-double,high precision,0,,new endpoint audit
duplicate,legacy,narrower-double,search,0.004092416,1206157312,fit total
duplicate,legacy,narrower-double,endpoint_audit,0.007639708,1206157312,fit total
duplicate,legacy,narrower-double,search reference,0.0,1206157312,search; RSS is search-process high-water mark
duplicate,legacy,narrower-double,new endpoint audit,0,,audit process
duplicate,legacy,narrower-double,high precision,0,,new endpoint audit
duplicate,legacy,wider-double,search,0.003862666,1206157312,fit total
duplicate,legacy,wider-double,endpoint_audit,0.007433833,1206157312,fit total
duplicate,legacy,wider-double,search reference,0.0,1206157312,search; RSS is search-process high-water mark
duplicate,legacy,wider-double,new endpoint audit,0,,audit process
duplicate,legacy,wider-double,high precision,0,,new endpoint audit
duplicate,legacy,mixed-double,search,0.210767917,1206157312,fit total
duplicate,legacy,mixed-double,endpoint_audit,0.056555917,1206157312,fit total
duplicate,legacy,mixed-double,search reference,0.09692996100000001,1206157312,search; RSS is search-process high-water mark
duplicate,legacy,mixed-double,new endpoint audit,1.855922667,135004160,audit process
duplicate,legacy,mixed-double,high precision,0,,new endpoint audit
duplicate,legacy,first-stage-float32,search,0.003901167,1206157312,fit total
duplicate,legacy,first-stage-float32,endpoint_audit,0.007525,1206157312,fit total
duplicate,legacy,first-stage-float32,search reference,0.0,1206157312,search; RSS is search-process high-water mark
duplicate,legacy,first-stage-float32,new endpoint audit,0,,audit process
duplicate,legacy,first-stage-float32,high precision,0,,new endpoint audit
duplicate,legacy,narrower-float32,search,0.0041005,1206157312,fit total
duplicate,legacy,narrower-float32,endpoint_audit,0.007276917,1206157312,fit total
duplicate,legacy,narrower-float32,search reference,0.0,1206157312,search; RSS is search-process high-water mark
duplicate,legacy,narrower-float32,new endpoint audit,0,,audit process
duplicate,legacy,narrower-float32,high precision,0,,new endpoint audit
duplicate,legacy,wider-float32,search,0.003943625,1206157312,fit total
duplicate,legacy,wider-float32,endpoint_audit,0.0073835,1206157312,fit total
duplicate,legacy,wider-float32,search reference,0.0,1206157312,search; RSS is search-process high-water mark
duplicate,legacy,wider-float32,new endpoint audit,0,,audit process
duplicate,legacy,wider-float32,high precision,0,,new endpoint audit
duplicate,legacy,mixed-float32,search,0.443978833,1206157312,fit total
duplicate,legacy,mixed-float32,endpoint_audit,0.057682917,1206157312,fit total
duplicate,legacy,mixed-float32,search reference,0.19053199899999998,1206157312,search; RSS is search-process high-water mark
duplicate,legacy,mixed-float32,new endpoint audit,2.2650255,135004160,audit process
duplicate,legacy,mixed-float32,high precision,0,,new endpoint audit
duplicate,guarded,first-stage-double,search,0.003995958,1206157312,fit total
duplicate,guarded,first-stage-double,endpoint_audit,0.007166625,1206157312,fit total
duplicate,guarded,first-stage-double,search reference,0.0,1206157312,search; RSS is search-process high-water mark
duplicate,guarded,first-stage-double,new endpoint audit,0,,audit process
duplicate,guarded,first-stage-double,high precision,0,,new endpoint audit
duplicate,guarded,narrower-double,search,0.0040725,1206157312,fit total
duplicate,guarded,narrower-double,endpoint_audit,0.007423333,1206157312,fit total
duplicate,guarded,narrower-double,search reference,0.0,1206157312,search; RSS is search-process high-water mark
duplicate,guarded,narrower-double,new endpoint audit,0,,audit process
duplicate,guarded,narrower-double,high precision,0,,new endpoint audit
duplicate,guarded,wider-double,search,0.003801458,1206157312,fit total
duplicate,guarded,wider-double,endpoint_audit,0.007589292,1206157312,fit total
duplicate,guarded,wider-double,search reference,0.0,1206157312,search; RSS is search-process high-water mark
duplicate,guarded,wider-double,new endpoint audit,0,,audit process
duplicate,guarded,wider-double,high precision,0,,new endpoint audit
duplicate,guarded,mixed-double,search,0.207141542,1206157312,fit total
duplicate,guarded,mixed-double,endpoint_audit,0.058767125,1206157312,fit total
duplicate,guarded,mixed-double,search reference,0.09587729099999999,1206157312,search; RSS is search-process high-water mark
duplicate,guarded,mixed-double,new endpoint audit,0,135004160,audit process
duplicate,guarded,mixed-double,high precision,0,,new endpoint audit
duplicate,guarded,first-stage-float32,search,0.003973833,1206157312,fit total
duplicate,guarded,first-stage-float32,endpoint_audit,0.007465458,1206157312,fit total
duplicate,guarded,first-stage-float32,search reference,0.0,1206157312,search; RSS is search-process high-water mark
duplicate,guarded,first-stage-float32,new endpoint audit,0,,audit process
duplicate,guarded,first-stage-float32,high precision,0,,new endpoint audit
duplicate,guarded,narrower-float32,search,0.003981833,1206157312,fit total
duplicate,guarded,narrower-float32,endpoint_audit,0.007222292,1206157312,fit total
duplicate,guarded,narrower-float32,search reference,0.0,1206157312,search; RSS is search-process high-water mark
duplicate,guarded,narrower-float32,new endpoint audit,0,,audit process
duplicate,guarded,narrower-float32,high precision,0,,new endpoint audit
duplicate,guarded,wider-float32,search,0.003942542,1206157312,fit total
duplicate,guarded,wider-float32,endpoint_audit,0.007303125,1206157312,fit total
duplicate,guarded,wider-float32,search reference,0.0,1206157312,search; RSS is search-process high-water mark
duplicate,guarded,wider-float32,new endpoint audit,0,,audit process
duplicate,guarded,wider-float32,high precision,0,,new endpoint audit
duplicate,guarded,mixed-float32,search,0.444164666,1206157312,fit total
duplicate,guarded,mixed-float32,endpoint_audit,0.05765425,1206157312,fit total
duplicate,guarded,mixed-float32,search reference,0.191294043,1206157312,search; RSS is search-process high-water mark
duplicate,guarded,mixed-float32,new endpoint audit,0,135004160,audit process
duplicate,guarded,mixed-float32,high precision,0,,new endpoint audit
duplicate,guarded-log,first-stage-double,search,0.003958,1206157312,fit total
duplicate,guarded-log,first-stage-double,endpoint_audit,0.007188042,1206157312,fit total
duplicate,guarded-log,first-stage-double,search reference,0.0,1206157312,search; RSS is search-process high-water mark
duplicate,guarded-log,first-stage-double,new endpoint audit,0,,audit process
duplicate,guarded-log,first-stage-double,high precision,0,,new endpoint audit
duplicate,guarded-log,narrower-double,search,0.003987458,1206157312,fit total
duplicate,guarded-log,narrower-double,endpoint_audit,0.007455125,1206157312,fit total
duplicate,guarded-log,narrower-double,search reference,0.0,1206157312,search; RSS is search-process high-water mark
duplicate,guarded-log,narrower-double,new endpoint audit,0,,audit process
duplicate,guarded-log,narrower-double,high precision,0,,new endpoint audit
duplicate,guarded-log,wider-double,search,0.003845791,1206157312,fit total
duplicate,guarded-log,wider-double,endpoint_audit,0.007410625,1206157312,fit total
duplicate,guarded-log,wider-double,search reference,0.0,1206157312,search; RSS is search-process high-water mark
duplicate,guarded-log,wider-double,new endpoint audit,0,,audit process
duplicate,guarded-log,wider-double,high precision,0,,new endpoint audit
duplicate,guarded-log,mixed-double,search,0.226895958,1206157312,fit total
duplicate,guarded-log,mixed-double,endpoint_audit,0.057385625,1206157312,fit total
duplicate,guarded-log,mixed-double,search reference,0.102790997,1206157312,search; RSS is search-process high-water mark
duplicate,guarded-log,mixed-double,new endpoint audit,1.928973333,135004160,audit process
duplicate,guarded-log,mixed-double,high precision,0,,new endpoint audit
duplicate,guarded-log,first-stage-float32,search,0.003894083,1206157312,fit total
duplicate,guarded-log,first-stage-float32,endpoint_audit,0.007303667,1206157312,fit total
duplicate,guarded-log,first-stage-float32,search reference,0.0,1206157312,search; RSS is search-process high-water mark
duplicate,guarded-log,first-stage-float32,new endpoint audit,0,,audit process
duplicate,guarded-log,first-stage-float32,high precision,0,,new endpoint audit
duplicate,guarded-log,narrower-float32,search,0.00398525,1206157312,fit total
duplicate,guarded-log,narrower-float32,endpoint_audit,0.007211541,1206157312,fit total
duplicate,guarded-log,narrower-float32,search reference,0.0,1206157312,search; RSS is search-process high-water mark
duplicate,guarded-log,narrower-float32,new endpoint audit,0,,audit process
duplicate,guarded-log,narrower-float32,high precision,0,,new endpoint audit
duplicate,guarded-log,wider-float32,search,0.0039255,1206157312,fit total
duplicate,guarded-log,wider-float32,endpoint_audit,0.007301417,1206157312,fit total
duplicate,guarded-log,wider-float32,search reference,0.0,1206157312,search; RSS is search-process high-water mark
duplicate,guarded-log,wider-float32,new endpoint audit,0,,audit process
duplicate,guarded-log,wider-float32,high precision,0,,new endpoint audit
duplicate,guarded-log,mixed-float32,search,0.366849292,1206157312,fit total
duplicate,guarded-log,mixed-float32,endpoint_audit,0.057089792,1206157312,fit total
duplicate,guarded-log,mixed-float32,search reference,0.154290577,1206157312,search; RSS is search-process high-water mark
duplicate,guarded-log,mixed-float32,new endpoint audit,1.940337458,135004160,audit process
duplicate,guarded-log,mixed-float32,high precision,0,,new endpoint audit
active-a,shared,all,initialization,0.038309833,1206157312,preparation
active-a,generating-model,truth-boundary-double,boundary scan,133.8332565,135004160,audit process
active-a,generating-model,truth-boundary-float32,boundary scan,196.909769208,135004160,audit process
baseline,shared,all,initialization,0.064512667,1206157312,preparation
duplicate,shared,all,initialization,0.037194167,1206157312,preparation
heterogeneous-168,shared,all,initialization,0.6416915,63913984,preparation
near-0.02,shared,all,initialization,0.036101292,1206157312,preparation
near-0.10,shared,all,initialization,0.035576333,1206157312,preparation
weak-1e-2,shared,all,initialization,0.035712958,1206157312,preparation
weak-1e-4,shared,all,initialization,0.035784125,1206157312,preparation
zero-signal,shared,all,initialization,0.036641667,1206157312,preparation
